Division_ID,Rainfall_Daily_mm,Rainfall_Lag_7d,Labor_Total,Est_Field_Size_Ha,Kg_Per_Worker_Potential
0,-0.6942367999636423,-1.4354381267207705,0.5152292192913729,0.5152292192913729,-0.8727463341462462
2,-0.6942367999636423,-0.6391615501085758,-0.8597264348680782,-0.8597264348680784,-0.6227771523087134
3,-0.6942367999636423,2.0011239407634385,0.4497551405218752,0.4497551405218754,-0.7724185672862846
1,-0.2662267072331625,-0.052431441025905946,-0.7287782773290828,-0.7287782773290833,-1.5971468202876675
0,0.8751335400481172,-0.09434073453181094,0.5807032980608705,0.5807032980608703,-1.656663292153747
3,3.1578540346106765,-0.42961508257905084,1.2354440857558473,1.235444085755847,-0.7622157435378134
1,-0.40889673814332245,2.5878540498461087,-0.20498564717310147,-0.2049856471731014,0.9535591168300132
1,0.30445341640747736,-0.5553429630967658,-0.27045972594259915,-0.2704597259425994,-1.5512341134195493
3,-0.6942367999636423,1.2886659511630538,1.300918164525345,1.3009181645253451,-0.515647502949771
0,-0.6942367999636423,-1.4354381267207705,1.1699700069863497,1.1699700069863497,-0.8047275091564414
3,1.0178035709582771,0.07329643949180903,1.1699700069863497,1.1699700069863497,-0.4765366785806332
3,0.16178338549731738,1.0791194836335287,0.8425996131388612,0.8425996131388612,1.8956198429388098
0,-0.6942367999636423,-1.1001637786735308,-0.07403748963410614,-0.0740374896341065,-0.2673787917369833
1,1.4458136636887569,-0.010522147520000953,-1.056148671176571,-1.0561486711765713,-1.2264442240932314
0,0.16178338549731738,-0.2619779085554309,-0.7287782773290828,-0.7287782773290833,0.555648990639655
3,-0.12355667632300252,-1.4354381267207705,0.2533329042133822,0.2533329042133819,-0.6278785641829491
2,-0.6942367999636423,0.534298668056764,0.7116514555998659,0.7116514555998658,-1.0461943378702487
0,-0.6942367999636423,-1.3097102462030557,1.0390218494473542,1.0390218494473542,-0.054819963643843235
3,-0.6942367999636423,-0.2200686150495259,0.9735477706778566,0.9735477706778567,-0.4969423260775748
3,2.3018338491497166,0.9114823096099088,-0.008563410864608474,-0.008563410864608476,-1.541031289671079
1,-0.6942367999636423,-1.4354381267207705,-0.4014078834815945,-0.4014078834815949,-0.11773737675941286
1,0.7324635091379572,2.2944889953047736,-0.4014078834815945,-0.4014078834815949,1.54702336486606
1,0.5897934782277973,-0.5134336695908608,0.31880698298287985,0.3188069829828799,0.618566403755224
2,-0.6942367999636423,-0.47152437608495584,0.9735477706778566,0.9735477706778567,-0.20446137862141428
2,-0.6942367999636423,-0.9744358981558158,0.8425996131388612,0.8425996131388612,-0.260576909238003
1,-0.12355667632300252,1.1629380706453387,-0.7287782773290828,-0.7287782773290833,-0.5360531504467126
1,-0.6942367999636423,-1.4354381267207705,-0.5978301197900875,-0.5978301197900878,0.4893306362745952
0,0.5897934782277973,1.7496681797280087,0.5152292192913729,0.5152292192913729,1.7850892523303772
1,-0.6942367999636423,0.9533916031158138,-0.13951156840360382,-0.13951156840360396,-0.697597859797499
0,-0.6942367999636423,0.7438451355862888,-1.7763635376410456,-1.7763635376410458,-1.0172863372495817
1,0.8751335400481172,-1.3516195397089608,-0.6633041985595851,-0.6633041985595852,-0.7911237441584807
2,1.0178035709582771,1.1210287771394338,1.1699700069863497,1.1699700069863497,1.2681461824078601
0,-0.2662267072331625,2.0011239407634385,-0.27045972594259915,-0.2704597259425994,-0.00040490365199932803
3,-0.12355667632300252,2.043033234269344,0.6461773768303682,0.6461773768303684,-0.9169585703896194
2,-0.6942367999636423,-0.6391615501085758,0.4497551405218752,0.4497551405218754,-1.2451494009654278
2,1.0178035709582771,-1.1420730721794357,0.31880698298287985,0.3188069829828799,-1.556335525293785
1,1.8738237564192368,0.7019358420803838,-0.8597264348680782,-0.8597264348680784,1.5657285417382563
2,-0.6942367999636423,-1.4354381267207705,-0.5323560410205899,-0.5323560410205898,-0.9492675122597769
3,-0.6942367999636423,1.6658495927161987,2.0211330309898194,2.02113303098982,0.6066631093820087
0,-0.2662267072331625,1.1210287771394338,-0.13951156840360382,-0.13951156840360396,0.7171936999904414
1,-0.6942367999636423,-0.5134336695908608,-0.8597264348680782,-0.8597264348680784,-0.9730741010062084
2,-0.2662267072331625,0.6600265485744788,0.4497551405218752,0.4497551405218754,0.12713039320388472
3,-0.6942367999636423,-0.2619779085554309,0.6461773768303682,0.6461773768303684,0.8192219374751488
3,0.30445341640747736,-1.3516195397089608,0.9735477706778566,0.9735477706778567,-0.8778477460204819
2,0.5897934782277973,-0.38770578907314585,0.8425996131388612,0.8425996131388612,0.020000743844941684
0,0.30445341640747736,-0.9325266046499108,1.0390218494473542,1.0390218494473542,0.2155548656906309
2,-0.6942367999636423,-0.8067987241321958,-0.5323560410205899,-0.5323560410205898,-0.515647502949771
3,-0.40889673814332245,2.2106704082929634,-0.13951156840360382,-0.13951156840360396,0.6321701687531853
1,-0.6942367999636423,-0.3457964955672409,-1.1870968287155665,-1.1870968287155668,-0.3677065585969454
2,-0.6942367999636423,0.28284290702133397,-0.5978301197900875,-0.5978301197900878,0.3822009869156528
3,-0.6942367999636423,-1.2258916591912457,-0.20498564717310147,-0.2049856471731014,-1.0870056328641315
2,-0.6942367999636423,-0.2200686150495259,0.056910667904889196,0.056910667904888974,1.201827828042801
0,5.297904498263076,2.3363982888106785,-0.7942523560985805,-0.7942523560985807,0.513137225021027
1,-0.6942367999636423,-0.47152437608495584,-0.9252005136375758,-0.9252005136375762,1.6422497198517871
3,0.7324635091379572,2.7974005173756336,-0.6633041985595851,-0.6633041985595852,1.7850892523303772
2,-0.6942367999636423,-1.4354381267207705,-1.056148671176571,-1.0561486711765713,-0.37110749984643554
3,-0.6942367999636423,-1.0163451916617208,0.7116514555998659,0.7116514555998658,-0.45783150170843695
3,-0.6942367999636423,-0.7648894306262908,0.5152292192913729,0.5152292192913729,-1.5614369371680201
3,-0.6942367999636423,-1.2258916591912457,1.1699700069863497,1.1699700069863497,-0.24357220299055152
0,1.4458136636887569,0.9533916031158138,1.4318663220643402,1.4318663220643406,1.2120306517912713
0,-0.40889673814332245,-1.0163451916617208,0.5152292192913729,0.5152292192913729,0.1475360407008257
2,-0.6942367999636423,1.6239402992102936,1.9556589522203216,1.9556589522203214,0.3719981631671817
3,-0.6942367999636423,-0.3038872020613359,1.1699700069863497,1.1699700069863497,-0.3251947929783174
1,2.7298439418801967,1.2886659511630538,-0.27045972594259915,-0.2704597259425994,0.6304696981284399
3,-0.5515667690534823,0.534298668056764,1.9556589522203216,1.9556589522203214,-1.3845879921945274
1,-0.2662267072331625,-0.2200686150495259,-0.4014078834815945,-0.4014078834815949,0.31078122067635744
1,0.5897934782277973,0.240933613515429,-0.5323560410205899,-0.5323560410205898,0.7631064068585596
3,-0.6942367999636423,-1.1420730721794357,-0.33593380471209683,-0.3359338047120969,0.2835736906804355
0,0.16178338549731738,-0.8906173111440058,0.7771255343693636,0.7771255343693638,1.1882240630448397
3,-0.6942367999636423,0.157115026503619,0.38428106175237753,0.38428106175237736,0.5726536968871059
0,0.16178338549731738,1.4143938316807687,-0.46688196225109213,-0.46688196225109235,1.082794884310642
3,-0.6942367999636423,1.2886659511630538,0.7771255343693636,0.7771255343693638,1.0215779418198179
1,-0.2662267072331625,-1.1420730721794357,-1.1870968287155665,-1.1870968287155668,-0.9883783366289147
1,-0.6942367999636423,-0.8487080176381008,-0.27045972594259915,-0.2704597259425994,0.6423729925016558
1,0.30445341640747736,1.3724845381748638,-0.9252005136375758,-0.9252005136375762,1.7680845460829258
1,-0.6942367999636423,0.199024320009524,0.5152292192913729,0.5152292192913729,-1.219642341594251
3,-0.6942367999636423,-1.4354381267207705,1.9556589522203216,1.9556589522203214,-0.6346804466819294
3,0.5897934782277973,-0.1781593215436209,0.5152292192913729,0.5152292192913729,0.688285699369774
1,2.5871739109700367,-0.5972522566026708,-0.20498564717310147,-0.2049856471731014,-0.14154396550584464
3,-0.40889673814332245,1.7077588862221036,1.0390218494473542,1.0390218494473542,0.36349581004345594
3,-0.2662267072331625,1.1210287771394338,0.7116514555998659,0.7116514555998658,0.695087581868755
0,0.8751335400481172,0.9114823096099088,-0.13951156840360382,-0.13951156840360396,2.3156360872508546
3,-0.6942367999636423,0.7019358420803838,1.2354440857558473,1.235444085755847,-1.302965402206762
2,-0.6942367999636423,-1.4354381267207705,-0.13951156840360382,-0.13951156840360396,-1.047894808494994
3,-0.6942367999636423,-1.4354381267207705,0.31880698298287985,0.3188069829828799,-0.3728079704711809
0,0.30445341640747736,-0.010522147520000953,-0.33593380471209683,-0.3359338047120969,0.014899331970706732
0,1.4458136636887569,-1.1420730721794357,0.6461773768303682,0.6461773768303684,-0.8846496285194622
3,-0.6942367999636423,-0.8067987241321958,1.300918164525345,1.3009181645253451,0.8158209962256581
2,-0.12355667632300252,0.11520573299771401,1.300918164525345,1.3009181645253451,1.0215779418198179
0,-0.6942367999636423,0.07329643949180903,0.056910667904889196,0.056910667904888974,0.21045345381639535
1,-0.6942367999636423,-0.6810708436144808,-1.1870968287155665,-1.1870968287155668,-1.2672555190871142
1,1.303143632778597,-0.3457964955672409,-2.103733931488534,-2.1037339314885344,1.7085680742168463
0,1.7311537255090768,1.3724845381748638,-0.5323560410205899,-0.5323560410205898,-0.515647502949771
0,-0.6942367999636423,-0.7229801371203858,-0.13951156840360382,-0.13951156840360396,-1.6464604684052762
3,-0.6942367999636423,2.3363982888106785,1.9556589522203216,1.9556589522203214,2.759458920309331
0,-0.6942367999636423,-1.4354381267207705,-0.5978301197900875,-0.5978301197900878,-0.7299068016676565
0,-0.6942367999636423,0.11520573299771401,-0.6633041985595851,-0.6633041985595852,0.6627786399985974
2,0.5897934782277973,0.7019358420803838,-2.300156167797027,-2.3001561677970273,0.5522480493901648
0,-0.6942367999636423,-1.0582544851676257,0.2533329042133822,0.2533329042133819,-1.8216089427540236
1,-0.6942367999636423,-0.5972522566026708,0.31880698298287985,0.3188069829828799,0.08121768633576593
1,-0.6942367999636423,-0.3457964955672409,-0.7287782773290828,-0.7287782773290833,-1.4441044640606069
0,-0.12355667632300252,-0.6810708436144808,1.0390218494473542,1.0390218494473542,-1.3998922278172339
3,-0.6942367999636423,-1.2678009526971508,0.056910667904889196,0.056910667904888974,-0.5122465617002808
3,-0.6942367999636423,0.40857078753904896,0.5152292192913729,0.5152292192913729,-1.500219994677196
2,1.4458136636887569,0.199024320009524,-2.7584747191835106,-2.758474719183511,1.5640280711135115
1,-0.6942367999636423,-1.2258916591912457,-0.008563410864608474,-0.008563410864608476,0.07441580383678559
1,-0.6942367999636423,1.9592146472575336,-1.8418376164105432,-1.8418376164105437,2.512890679721289
3,-0.40889673814332245,0.36666149403314396,0.5807032980608705,0.5807032980608703,0.24446286631129763
1,-0.6942367999636423,-0.8067987241321958,-1.6454153801020501,-1.6454153801020504,-0.41361926546506356
1,0.01911335458715743,0.9953008966217188,-1.7763635376410456,-1.7763635376410458,2.329239852248815
1,-0.2662267072331625,1.9173053537516287,-1.5144672225630549,-1.5144672225630553,1.8242000766995146
0,-0.6942367999636423,-0.9744358981558158,-0.13951156840360382,-0.13951156840360396,0.15603839382455145
1,-0.5515667690534823,0.576207961562669,-1.6454153801020501,-1.6454153801020504,-0.3643056173474552
0,-0.2662267072331625,0.199024320009524,-0.5323560410205899,-0.5323560410205898,0.8906417037144435
3,-0.6942367999636423,-1.4354381267207705,0.056910667904889196,0.056910667904888974,-0.6873950360490285
2,1.0178035709582771,0.9953008966217188,0.5807032980608705,0.5807032980608703,0.2257576894391014
0,-0.6942367999636423,0.9953008966217188,-0.13951156840360382,-0.13951156840360396,1.0096746474466018
1,0.01911335458715743,-0.5134336695908608,-0.6633041985595851,-0.6633041985595852,0.6797833462460489
3,-0.6942367999636423,0.07329643949180903,0.5152292192913729,0.5152292192913729,-0.23847079111631656
1,-0.5515667690534823,0.8276637225980988,-0.9906745924070736,-0.9906745924070737,1.1491132386757017
3,0.7324635091379572,-0.9744358981558158,0.9080736919083588,0.9080736919083586,-0.4425272660857309
0,-0.6942367999636423,1.4563031251866738,-0.07403748963410614,-0.0740374896341065,2.116681024155675
1,1.588483694598917,-0.13625002803771594,-1.3180449862545618,-1.318044986254562,0.84302852622158
0,-0.6942367999636423,-0.3038872020613359,-0.27045972594259915,-0.2704597259425994,0.18834733569470896
0,-0.6942367999636423,0.36666149403314396,-0.008563410864608474,-0.008563410864608476,0.3260854562990635
3,1.588483694598917,-0.47152437608495584,0.7771255343693636,0.7771255343693638,0.11012568695643327
0,-0.6942367999636423,-0.5134336695908608,-0.46688196225109213,-0.46688196225109235,0.18664686506996356
1,-0.6942367999636423,1.8753960602457236,-0.5978301197900875,-0.5978301197900878,1.5130139523711577
3,-0.6942367999636423,1.6658495927161987,-0.27045972594259915,-0.2704597259425994,0.1951492181936893
0,-0.2662267072331625,-1.4354381267207705,-0.07403748963410614,-0.0740374896341065,-0.6210766816839687
2,0.7324635091379572,0.8695730161040038,-0.4014078834815945,-0.4014078834815949,1.0215779418198179
3,1.160473601868437,0.576207961562669,1.300918164525345,1.3009181645253451,-1.061498573492955
0,-0.5515667690534823,1.1629380706453387,-1.9073116951800408,-1.9073116951800413,2.2374144385125785
1,1.303143632778597,-0.010522147520000953,-0.4014078834815945,-0.4014078834815949,0.3294863975485537
1,1.160473601868437,2.043033234269344,-2.1692080102580316,-2.169208010258032,0.04550780321611885
0,-0.12355667632300252,-0.5972522566026708,-0.33593380471209683,-0.3359338047120969,-1.6447599977805312
2,-0.2662267072331625,1.6658495927161987,0.18785882544388455,0.18785882544388444,0.5267409900189877
3,-0.6942367999636423,1.3305752446689587,0.5807032980608705,0.5807032980608703,0.47062545940239897
2,-0.6942367999636423,0.576207961562669,1.300918164525345,1.3009181645253451,0.14073415820184537
0,0.7324635091379572,-1.4354381267207705,0.31880698298287985,0.3188069829828799,-1.061498573492955
3,3.3005240655208365,-0.2200686150495259,2.28302934606781,2.2830293460678095,-1.4151964634399399
2,-0.6942367999636423,-1.4354381267207705,-0.46688196225109213,-0.46688196225109235,-2.054573418344105
2,-0.6942367999636423,-0.42961508257905084,1.9556589522203216,1.9556589522203214,1.7085680742168463
1,-0.6942367999636423,1.0791194836335287,-0.9906745924070736,-0.9906745924070737,1.8582094891944174
2,-0.6942367999636423,0.240933613515429,0.12238474667438687,0.122384746674387,-0.4646333842074173
3,-0.6942367999636423,-0.13625002803771594,0.5807032980608705,0.5807032980608703,0.47572687127663393
2,-0.6942367999636423,1.1210287771394338,0.38428106175237753,0.38428106175237736,-1.1992366940973094
0,0.30445341640747736,-0.5972522566026708,-0.9252005136375758,-0.9252005136375762,0.2597671019340037
0,-0.5515667690534823,0.49238937455085896,-1.3835190650240596,-1.3835190650240599,0.7018894643677352
1,-0.6942367999636423,-0.9325266046499108,0.4497551405218752,0.4497551405218754,1.5130139523711577
0,-0.6942367999636423,-1.0582544851676257,-0.13951156840360382,-0.13951156840360396,-1.1601258697281718
3,-0.2662267072331625,0.36666149403314396,-0.20498564717310147,-0.2049856471731014,-0.04121619864588256
3,-0.12355667632300252,0.240933613515429,1.1044959282168518,1.1044959282168523,0.6423729925016558
1,0.16178338549731738,0.7857544290921938,-1.121622749946069,-1.1216227499460691,1.1236061793045253
1,0.30445341640747736,0.199024320009524,-1.3180449862545618,-1.318044986254562,1.0453845305662495
2,-0.6942367999636423,-0.3038872020613359,-1.1870968287155665,-1.1870968287155668,0.3022788675526317
0,1.588483694598917,0.28284290702133397,-0.27045972594259915,-0.2704597259425994,0.7410002887368731
3,0.4471234473176373,-1.0582544851676257,1.1044959282168518,1.1044959282168523,-0.27928208611019917
1,-0.6942367999636423,-0.9325266046499108,-0.9906745924070736,-0.9906745924070737,-0.49524185545282945
2,-0.6942367999636423,0.45048008104495396,0.6461773768303682,0.6461773768303684,-1.4219983459389203
2,-0.6942367999636423,-0.5553429630967658,-1.2525709074850642,-1.2525709074850646,-1.1312178691075048
1,0.16178338549731738,1.3305752446689587,-0.7287782773290828,-0.7287782773290833,1.028379824318798
3,-0.6942367999636423,-0.9744358981558158,0.7771255343693636,0.7771255343693638,0.5386442843922036
3,-0.12355667632300252,0.7438451355862888,1.6937626371423309,1.6937626371423309,-0.41872067733929913
1,1.588483694598917,-0.3038872020613359,0.2533329042133822,0.2533329042133819,0.6015616975077732
1,-0.6942367999636423,-0.5972522566026708,0.5807032980608705,0.5807032980608703,-0.9951802191278951
1,-0.6942367999636423,1.2886659511630538,-0.8597264348680782,-0.8597264348680784,0.44511840003122183
0,-0.12355667632300252,0.03138714598590404,-1.1870968287155665,-1.1870968287155668,0.5369438137674588
2,1.0178035709582771,1.6658495927161987,-0.9906745924070736,-0.9906745924070737,-0.9271613941380902
0,1.160473601868437,0.11520573299771401,0.7116514555998659,0.7116514555998658,-0.8319350391523633
1,-0.6942367999636423,2.0011239407634385,-0.13951156840360382,-0.13951156840360396,1.5810327773609623
0,-0.40889673814332245,0.36666149403314396,-0.27045972594259915,-0.2704597259425994,0.3515925156702407
3,-0.6942367999636423,0.576207961562669,1.1044959282168518,1.1044959282168523,-0.08882937613874613
1,0.5897934782277973,0.28284290702133397,-0.5323560410205899,-0.5323560410205898,0.06761392133780525
3,-0.6942367999636423,-0.42961508257905084,1.0390218494473542,1.0390218494473542,0.8583327618442861
2,-0.2662267072331625,1.6658495927161987,-0.7287782773290828,-0.7287782773290833,0.7835120543555011
0,-0.6942367999636423,-1.4354381267207705,-1.3180449862545618,-1.318044986254562,-0.7503124491645975
0,-0.6942367999636423,0.49238937455085896,0.6461773768303682,0.6461773768303684,0.20195110069266964
3,1.160473601868437,-0.7648894306262908,0.31880698298287985,0.3188069829828799,-0.04971855176960828
1,0.4471234473176373,1.8334867667398187,-1.3835190650240596,-1.3835190650240599,0.77330923060703
2,-0.6942367999636423,1.2048473641512438,-0.9252005136375758,-0.9252005136375762,1.164417474298408
0,-0.12355667632300252,2.043033234269344,-0.27045972594259915,-0.2704597259425994,1.4739031280020198
3,1.303143632778597,0.03138714598590404,0.4497551405218752,0.4497551405218754,-1.726382587768297
2,-0.5515667690534823,0.576207961562669,1.1699700069863497,1.1699700069863497,0.3294863975485537
1,-0.12355667632300252,-0.1781593215436209,0.8425996131388612,0.8425996131388612,1.487506892999981
3,-0.6942367999636423,0.40857078753904896,0.8425996131388612,0.8425996131388612,-1.2281446947179764
1,-0.6942367999636423,0.36666149403314396,-1.3835190650240596,-1.3835190650240599,-0.3302962048525529
3,-0.12355667632300252,0.32475220052723897,1.6937626371423309,1.6937626371423309,-1.1584253991034268
3,-0.6942367999636423,-1.2258916591912457,-1.121622749946069,-1.1216227499460691,-0.5904682104385566
0,-0.6942367999636423,0.28284290702133397,0.4497551405218752,0.4497551405218754,1.3480683017708812
0,0.16178338549731738,1.9173053537516287,0.2533329042133822,0.2533329042133819,0.7137927587409512
3,1.0178035709582771,-0.8067987241321958,0.6461773768303682,0.6461773768303684,0.5505475787654195
0,1.588483694598917,2.0849425277752487,1.6937626371423309,1.6937626371423309,1.274948064906841
1,1.4458136636887569,2.4202168758224887,-0.07403748963410614,-0.0740374896341065,0.9161487630856201
2,0.4471234473176373,-0.6391615501085758,-0.07403748963410614,-0.0740374896341065,1.1933254749190751
0,1.0178035709582771,1.3305752446689587,-0.7942523560985805,-0.7942523560985807,1.2154315930407615
3,0.01911335458715743,-0.010522147520000953,-0.9906745924070736,-0.9906745924070737,-0.8302345685276186
1,-0.6942367999636423,-0.010522147520000953,-1.056148671176571,-1.0561486711765713,0.5726536968871059
2,0.4471234473176373,0.49238937455085896,-0.4014078834815945,-0.4014078834815949,-0.08372796426451057
2,-0.6942367999636423,1.8334867667398187,1.7592367159118285,1.759236715911829,2.0061504335472424
1,0.7324635091379572,0.7438451355862888,-1.7763635376410456,-1.7763635376410458,0.9688633524527193
2,-0.6942367999636423,0.8276637225980988,2.413977503606805,2.4139775036068056,-0.05311949301909845
0,-0.6942367999636423,-1.4354381267207705,1.3663922432948425,1.3663922432948425,-0.4374258542114953
0,1.588483694598917,-0.47152437608495584,0.9735477706778566,0.9735477706778567,-0.23506984986682639
1,-0.6942367999636423,-1.1420730721794357,-0.8597264348680782,-0.8597264348680784,0.1832459238204734
1,-0.6942367999636423,-1.2258916591912457,-0.20498564717310147,-0.2049856471731014,-0.6737912710510672
1,-0.6942367999636423,-0.9744358981558158,-0.6633041985595851,-0.6633041985595852,-0.7299068016676565
2,-0.6942367999636423,-0.3457964955672409,0.8425996131388612,0.8425996131388612,0.598160756258283
2,-0.6942367999636423,0.6600265485744788,1.6282885583728333,1.6282885583728335,0.742700759361618
1,0.16178338549731738,-1.1839823656853408,0.12238474667438687,0.122384746674387,-0.23506984986682639
3,1.7311537255090768,0.49238937455085896,1.7592367159118285,1.759236715911829,0.07951721571102115
2,-0.6942367999636423,-1.4354381267207705,0.056910667904889196,0.056910667904888974,-0.5955696223127915
1,-0.6942367999636423,0.45048008104495396,-0.20498564717310147,-0.2049856471731014,0.5692527556376157
1,0.4471234473176373,0.7857544290921938,-1.7763635376410456,-1.7763635376410458,1.9279287848089668
1,-0.6942367999636423,-0.5972522566026708,-1.4489931437935573,-1.4489931437935575,-1.134618810356995
3,1.4458136636887569,0.157115026503619,-0.07403748963410614,-0.0740374896341065,-1.6906727046486494
1,-0.6942367999636423,-0.42961508257905084,-1.5799413013325525,-1.579941301332553,0.5471466375159293
0,-0.6942367999636423,-0.2200686150495259,0.6461773768303682,0.6461773768303684,-0.15684820112855072
2,-0.2662267072331625,0.7438451355862888,0.2533329042133822,0.2533329042133819,1.1389104149272313
1,-0.6942367999636423,-1.4354381267207705,-1.5144672225630549,-1.5144672225630553,0.5692527556376157
3,0.30445341640747736,0.240933613515429,1.497340400833838,1.497340400833838,-0.10583408238619697
1,-0.6942367999636423,-1.4354381267207705,-0.8597264348680782,-0.8597264348680784,-1.882825885244848
2,-0.6942367999636423,-0.5134336695908608,1.6937626371423309,1.6937626371423309,-1.6583637627784922
2,-0.6942367999636423,-0.9325266046499108,1.3663922432948425,1.3663922432948425,0.3345878094227892
3,-0.6942367999636423,-1.4354381267207705,0.9735477706778566,0.9735477706778567,-0.388112206093887
0,-0.6942367999636423,-1.4354381267207705,-0.33593380471209683,-0.3359338047120969,-0.40511691234133845
0,1.7311537255090768,1.8334867667398187,0.2533329042133822,0.2533329042133819,0.46552404752816345
1,-0.6942367999636423,0.7019358420803838,0.4497551405218752,0.4497551405218754,0.6542762868748717
0,-0.6942367999636423,-0.13625002803771594,-0.20498564717310147,-0.2049856471731014,0.7392998181121277
3,0.30445341640747736,1.5401217121984836,2.28302934606781,2.2830293460678095,1.4466955980060978
0,1.0178035709582771,-0.2200686150495259,-0.008563410864608474,-0.008563410864608476,0.2053520419421598
0,0.7324635091379572,1.2467566576571487,-1.1870968287155665,-1.1870968287155668,-1.387988933444018
2,0.01911335458715743,1.7077588862221036,0.31880698298287985,0.3188069829828799,0.752903583110089
2,-0.6942367999636423,0.534298668056764,-0.13951156840360382,-0.13951156840360396,-1.4662105821822935
2,-0.12355667632300252,1.1629380706453387,1.9556589522203216,1.9556589522203214,-0.1891571429987082
0,-0.2662267072331625,0.11520573299771401,0.2533329042133822,0.2533329042133819,-0.5479564448199286
1,0.01911335458715743,0.576207961562669,-0.9906745924070736,-0.9906745924070737,-0.2248670261183553
0,-0.6942367999636423,0.32475220052723897,-0.9252005136375758,-0.9252005136375762,0.7120922881162057
0,-0.5515667690534823,1.0791194836335287,-0.7942523560985805,-0.7942523560985807,0.7988162899782072
0,1.0178035709582771,-0.052431441025905946,-0.46688196225109213,-0.46688196225109235,0.8107195843514231
1,-0.12355667632300252,2.4621261693283936,-1.2525709074850642,-1.2525709074850646,-1.1414206928559754
3,-0.6942367999636423,-0.8067987241321958,-0.7287782773290828,-0.7287782773290833,-1.5393308190463335
0,-0.5515667690534823,0.49238937455085896,-0.5978301197900875,-0.5978301197900878,0.6474744043758913
3,-0.6942367999636423,-0.5553429630967658,1.300918164525345,1.3009181645253451,0.07441580383678559
3,-0.6942367999636423,-0.5134336695908608,1.1699700069863497,1.1699700069863497,0.3685972219176915
1,2.5871739109700367,-0.3038872020613359,-1.3180449862545618,-1.318044986254562,-1.4730124646812741
3,-0.6942367999636423,0.28284290702133397,0.38428106175237753,0.38428106175237736,0.13223180507811966
0,0.7324635091379572,-0.09434073453181094,-0.8597264348680782,-0.8597264348680784,0.667880051872833
1,1.8738237564192368,0.07329643949180903,-0.9252005136375758,-0.9252005136375762,-0.9713736303814633
3,-0.6942367999636423,-1.4354381267207705,0.4497551405218752,0.4497551405218754,-2.0783800070905367
1,-0.2662267072331625,-0.09434073453181094,-0.5978301197900875,-0.5978301197900878,0.44171745878173163
1,-0.5515667690534823,0.6600265485744788,-1.5799413013325525,-1.579941301332553,0.2495642781855332
0,0.7324635091379572,-0.7648894306262908,-0.46688196225109213,-0.46688196225109235,0.0046965082222356225
1,-0.2662267072331625,-0.3457964955672409,-0.5323560410205899,-0.5323560410205898,-1.614151526535119
2,0.16178338549731738,0.240933613515429,0.5152292192913729,0.5152292192913729,0.5267409900189877
1,-0.6942367999636423,2.2106704082929634,-0.13951156840360382,-0.13951156840360396,1.047085001190995
1,0.16178338549731738,1.3305752446689587,-0.8597264348680782,-0.8597264348680784,1.089596766809623
0,0.30445341640747736,-0.47152437608495584,-1.3180449862545618,-1.318044986254562,-1.670267057151708
0,0.5897934782277973,0.40857078753904896,-0.4014078834815945,-0.4014078834815949,1.3548701842698616
3,-0.6942367999636423,0.9533916031158138,1.6937626371423309,1.6937626371423309,1.286851359280057
1,0.5897934782277973,0.6600265485744788,0.8425996131388612,0.8425996131388612,-1.1975362234725644
2,3.3005240655208365,1.1210287771394338,1.4318663220643402,1.4318663220643406,0.5233400487694975
2,-0.5515667690534823,-0.09434073453181094,-1.1870968287155665,-1.1870968287155668,-1.503620935926686
3,-0.6942367999636423,1.0791194836335287,0.31880698298287985,0.3188069829828799,1.2392381817871934
1,-0.6942367999636423,-1.0582544851676257,-0.7287782773290828,-0.7287782773290833,-1.1380197516064852
2,-0.6942367999636423,-0.9744358981558158,-0.07403748963410614,-0.0740374896341065,-1.7178802346445714
1,-0.6942367999636423,-1.4354381267207705,-0.7942523560985805,-0.7942523560985807,-1.177130575975623
0,-0.6942367999636423,0.11520573299771401,-1.2525709074850642,-1.2525709074850646,0.20365157131741501
2,1.4458136636887569,0.8276637225980988,1.497340400833838,1.497340400833838,0.9161487630856201
0,1.0178035709582771,0.45048008104495396,-0.9906745924070736,-0.9906745924070737,0.5794555793860868
2,1.0178035709582771,1.3305752446689587,-1.710889458871548,-1.7108894588715482,0.885540291840208
1,1.0178035709582771,0.45048008104495396,-0.9906745924070736,-0.9906745924070737,-0.3166924398545923
3,-0.6942367999636423,-1.4354381267207705,0.056910667904889196,0.056910667904888974,0.011498390721216565
2,4.584554343712276,0.240933613515429,0.7116514555998659,0.7116514555998658,-0.6227771523087134
1,-0.6942367999636423,-1.1420730721794357,0.18785882544388455,0.18785882544388444,-0.5870672691890664
1,-0.6942367999636423,0.534298668056764,0.5152292192913729,0.5152292192913729,0.785212524980246
2,1.303143632778597,-0.010522147520000953,-1.3835190650240596,-1.3835190650240599,0.36689675129294674
3,-0.6942367999636423,-1.4354381267207705,0.7771255343693636,0.7771255343693638,-0.4374258542114953
0,1.303143632778597,0.7857544290921938,-1.121622749946069,-1.1216227499460691,-0.6142747991849884
1,-0.6942367999636423,-1.1839823656853408,-0.8597264348680782,-0.8597264348680784,-1.7927009421333566
1,-0.12355667632300252,-1.4354381267207705,-0.9906745924070736,-0.9906745924070737,-0.35750373484847486
2,-0.6942367999636423,-0.9325266046499108,-0.5978301197900875,-0.5978301197900878,-0.7061002129212247
2,-0.6942367999636423,-0.9325266046499108,0.5807032980608705,0.5807032980608703,0.9841675880754253
1,-0.6942367999636423,1.0372101901276238,-0.13951156840360382,-0.13951156840360396,2.329239852248815
0,-0.5515667690534823,0.40857078753904896,-0.13951156840360382,-0.13951156840360396,-0.4425272660857309
1,-0.6942367999636423,0.40857078753904896,-1.056148671176571,-1.0561486711765713,-0.20616184924615905
1,0.16178338549731738,-0.7648894306262908,-0.7942523560985805,-0.7942523560985807,1.4398937155071176
1,0.5897934782277973,-0.3457964955672409,-0.9252005136375758,-0.9252005136375762,1.1015000611828383
1,-0.2662267072331625,0.8276637225980988,0.5807032980608705,0.5807032980608703,1.5130139523711577
0,0.8751335400481172,1.1210287771394338,0.7116514555998659,0.7116514555998658,-0.6788926829253028
3,0.5897934782277973,0.32475220052723897,0.9080736919083588,0.9080736919083586,0.6763824049965581
1,-0.6942367999636423,0.7438451355862888,-0.5323560410205899,-0.5323560410205898,0.8719365268422473
3,-0.12355667632300252,0.534298668056764,0.18785882544388455,0.18785882544388444,-0.35750373484847486
2,2.7298439418801967,1.1629380706453387,-2.5620524828750177,-2.562052482875018,-0.5921686810633013
0,0.16178338549731738,0.07329643949180903,0.2533329042133822,0.2533329042133819,0.1288308638286295
3,0.16178338549731738,0.534298668056764,0.12238474667438687,0.122384746674387,0.19684968881843468
2,-0.6942367999636423,-0.6391615501085758,0.12238474667438687,0.122384746674387,-1.0819042209898961
0,-0.6942367999636423,2.5040354628342985,-0.6633041985595851,-0.6633041985595852,0.6423729925016558
3,-0.6942367999636423,-0.3038872020613359,1.2354440857558473,1.235444085755847,0.4162103994105551
1,-0.6942367999636423,3.970860735540973,-1.8418376164105432,-1.8418376164105437,2.419364795360307
0,-0.6942367999636423,-1.4354381267207705,-0.20498564717310147,-0.2049856471731014,-0.27077973298647345
1,1.0178035709582771,0.07329643949180903,-1.3180449862545618,-1.318044986254562,1.237537711162448
1,0.30445341640747736,0.618117255068574,-0.9906745924070736,-0.9906745924070737,0.34138969192176954
1,-0.6942367999636423,-1.4354381267207705,-0.9252005136375758,-0.9252005136375762,-1.6736679984011982
0,0.8751335400481172,0.11520573299771401,-0.27045972594259915,-0.2704597259425994,-0.5530578566941635
2,-0.6942367999636423,0.11520573299771401,0.2533329042133822,0.2533329042133819,-1.6668661159022176
2,-0.6942367999636423,-0.6391615501085758,-1.121622749946069,-1.1216227499460691,1.6830610148456697
0,0.16178338549731738,1.0372101901276238,-0.9906745924070736,-0.9906745924070737,1.1678184155478981
2,-0.6942367999636423,3.761314268011448,0.2533329042133822,0.2533329042133819,0.5114367543962816
1,1.160473601868437,-0.1781593215436209,0.18785882544388455,0.18785882544388444,0.20875298319164998
2,-0.6942367999636423,-0.3457964955672409,-0.9906745924070736,-0.9906745924070737,-0.16365008362753106
1,-0.6942367999636423,-0.13625002803771594,-1.056148671176571,-1.0561486711765713,-1.1941352822230742
2,0.7324635091379572,-0.9325266046499108,0.12238474667438687,0.122384746674387,-1.41859740468943
3,-0.6942367999636423,0.7019358420803838,0.2533329042133822,0.2533329042133819,0.7478021712358535
2,1.588483694598917,-1.4354381267207705,-0.7287782773290828,-0.7287782773290833,-1.6923731752733944
2,-0.6942367999636423,-0.47152437608495584,0.2533329042133822,0.2533329042133819,-0.11773737675941286
1,-0.6942367999636423,-0.5553429630967658,-1.5799413013325525,-1.579941301332553,0.5709532262623611
3,-0.40889673814332245,-0.7648894306262908,0.31880698298287985,0.3188069829828799,-0.7299068016676565
1,-0.6942367999636423,0.32475220052723897,-0.5323560410205899,-0.5323560410205898,-0.25377502673902264
1,-0.12355667632300252,-0.09434073453181094,-1.4489931437935573,-1.4489931437935575,-1.3148686965799778
1,-0.5515667690534823,0.28284290702133397,-1.1870968287155665,-1.1870968287155668,0.41791087003529986
1,-0.6942367999636423,-1.4354381267207705,-1.056148671176571,-1.0561486711765713,0.15773886444929683
0,3.8712041891614764,0.03138714598590404,-1.710889458871548,-1.7108894588715482,0.1390336875771006
2,1.0178035709582771,-0.2200686150495259,-0.27045972594259915,-0.2704597259425994,0.33288733879804383
2,-0.6942367999636423,0.32475220052723897,-0.7942523560985805,-0.7942523560985807,1.2545424174098994
3,-0.6942367999636423,-1.4354381267207705,0.5152292192913729,0.5152292192913729,-0.4119187948403188
0,0.7324635091379572,0.11520573299771401,-0.8597264348680782,-0.8597264348680784,1.4177875973854313
3,-0.2662267072331625,-1.0582544851676257,0.2533329042133822,0.2533329042133819,-0.4425272660857309
2,1.8738237564192368,0.07329643949180903,0.5152292192913729,0.5152292192913729,0.47572687127663393
1,0.8751335400481172,1.6658495927161987,-1.6454153801020501,-1.6454153801020504,0.9399553518320519
3,-0.6942367999636423,1.2467566576571487,-0.5323560410205899,-0.5323560410205898,0.2257576894391014
1,-0.6942367999636423,-0.47152437608495584,-0.20498564717310147,-0.2049856471731014,-0.1041336117614522
2,-0.6942367999636423,-1.4354381267207705,0.056910667904889196,0.056910667904888974,-1.768894353386925
0,-0.6942367999636423,-1.1839823656853408,0.12238474667438687,0.122384746674387,-0.9152580997648743
0,1.588483694598917,0.28284290702133397,-0.7287782773290828,-0.7287782773290833,0.09822239258321737
3,0.7324635091379572,1.2467566576571487,1.1699700069863497,1.1699700069863497,1.7850892523303772
0,0.01911335458715743,0.28284290702133397,0.056910667904889196,0.056910667904888974,0.710391817491461
2,-0.6942367999636423,0.49238937455085896,0.2533329042133822,0.2533329042133819,0.05571062696458936
3,-0.6942367999636423,0.07329643949180903,1.6937626371423309,1.6937626371423309,-0.34049902860102343
2,-0.6942367999636423,0.534298668056764,0.31880698298287985,0.3188069829828799,-0.190857613623453
0,-0.6942367999636423,0.157115026503619,1.0390218494473542,1.0390218494473542,0.2699699256824748
2,-0.6942367999636423,0.6600265485744788,-0.20498564717310147,-0.2049856471731014,-0.388112206093887
3,0.16178338549731738,-0.2200686150495259,1.4318663220643402,1.4318663220643406,-1.4934181121782153
1,-0.6942367999636423,-0.3457964955672409,-0.7287782773290828,-0.7287782773290833,-1.13291833973225
2,-0.6942367999636423,0.9533916031158138,1.3663922432948425,1.3663922432948425,1.1712193567973883
3,-0.6942367999636423,0.03138714598590404,0.5152292192913729,0.5152292192913729,-0.6839940947995383
0,-0.6942367999636423,0.11520573299771401,-1.056148671176571,-1.0561486711765713,1.12530664992927
3,0.30445341640747736,2.043033234269344,1.300918164525345,1.3009181645253451,2.257820086009521
1,0.30445341640747736,-0.42961508257905084,-1.1870968287155665,-1.1870968287155668,-1.442403993435862
3,-0.6942367999636423,-0.2200686150495259,1.2354440857558473,1.235444085755847,0.10162333383270754
1,-0.6942367999636423,-1.1420730721794357,-0.9252005136375758,-0.9252005136375762,-0.8132298622801671
3,-0.6942367999636423,-0.7648894306262908,0.18785882544388455,0.18785882544388444,-1.7025759990218652
0,0.30445341640747736,0.03138714598590404,0.4497551405218752,0.4497551405218754,-0.7520129197893429
2,-0.2662267072331625,-1.3516195397089608,0.9080736919083588,0.9080736919083586,-0.35240232297423935
0,-0.6942367999636423,-0.010522147520000953,-0.4014078834815945,-0.4014078834815949,0.6967880524934997
1,-0.6942367999636423,-0.13625002803771594,-0.20498564717310147,-0.2049856471731014,0.21895580694012107
1,-0.40889673814332245,0.40857078753904896,-1.3180449862545618,-1.318044986254562,0.2478638075607878
1,-0.6942367999636423,-0.13625002803771594,-0.7942523560985805,-0.7942523560985807,-0.22146608486886513
0,-0.6942367999636423,-0.3038872020613359,-0.20498564717310147,-0.2049856471731014,0.19004780631945373
1,-0.40889673814332245,-0.6391615501085758,-0.9906745924070736,-0.9906745924070737,0.5794555793860868
1,1.160473601868437,2.1268518212811536,-0.6633041985595851,-0.6633041985595852,-0.5479564448199286
0,-0.40889673814332245,-1.3097102462030557,-0.5323560410205899,-0.5323560410205898,-0.5394540916962028
0,-0.12355667632300252,1.0372101901276238,-0.7287782773290828,-0.7287782773290833,0.6253682862542049
1,-0.6942367999636423,-0.42961508257905084,-1.5799413013325525,-1.579941301332553,0.8022172312276974
2,-0.6942367999636423,1.4143938316807687,0.18785882544388455,0.18785882544388444,2.3258389109993254
1,0.16178338549731738,0.03138714598590404,-0.5323560410205899,-0.5323560410205898,-0.7520129197893429
3,-0.6942367999636423,-0.13625002803771594,1.5628144796033356,1.5628144796033354,-1.1567249284786814
0,-0.40889673814332245,0.40857078753904896,0.31880698298287985,0.3188069829828799,-1.0683004559919351
0,0.5897934782277973,1.3724845381748638,-0.33593380471209683,-0.3359338047120969,0.785212524980246
2,2.5871739109700367,0.7857544290921938,-0.13951156840360382,-0.13951156840360396,1.152514179925192
0,-0.6942367999636423,-1.4354381267207705,-0.6633041985595851,-0.6633041985595852,-0.43912632483624076
0,-0.6942367999636423,-1.4354381267207705,0.056910667904889196,0.056910667904888974,-0.473135737331143
0,-0.6942367999636423,1.2048473641512438,0.4497551405218752,0.4497551405218754,1.5708299536124917
0,-0.6942367999636423,-0.42961508257905084,2.086607109759317,2.0866071097593175,0.14923651132557111
2,-0.6942367999636423,-1.4354381267207705,-1.7763635376410456,-1.7763635376410458,-1.683870822149669
2,-0.12355667632300252,0.03138714598590404,-1.5144672225630549,-1.5144672225630553,0.2053520419421598
3,-0.6942367999636423,-1.2678009526971508,1.300918164525345,1.3009181645253451,-0.837036451026599
2,-0.6942367999636423,1.6239402992102936,-0.33593380471209683,-0.3359338047120969,-0.24867361486478706
2,-0.6942367999636423,-0.9325266046499108,0.056910667904889196,0.056910667904888974,1.1763207686716237
0,0.5897934782277973,-0.3457964955672409,0.12238474667438687,0.122384746674387,-0.49354138482808463
3,-0.6942367999636423,-0.1781593215436209,2.1520811885288147,2.1520811885288147,-0.2775816154854544
0,-0.6942367999636423,-0.9744358981558158,0.31880698298287985,0.3188069829828799,1.3463678311461358
3,-0.6942367999636423,-0.9325266046499108,0.38428106175237753,0.38428106175237736,-0.45783150170843695
3,-0.6942367999636423,0.49238937455085896,0.6461773768303682,0.6461773768303684,0.6372715806274208
2,-0.6942367999636423,-1.1420730721794357,0.12238474667438687,0.122384746674387,-0.28438349798443474
3,-0.40889673814332245,0.534298668056764,0.6461773768303682,0.6461773768303684,-0.9424656297607963
1,-0.6942367999636423,0.11520573299771401,-0.20498564717310147,-0.2049856471731014,-0.17725384862549232
3,-0.6942367999636423,-0.6391615501085758,0.18785882544388455,0.18785882544388444,-1.404993639691469
1,-0.6942367999636423,0.9953008966217188,-1.121622749946069,-1.1216227499460691,0.44001698815698687
0,-0.2662267072331625,0.9533916031158138,-1.3835190650240596,-1.3835190650240599,0.8923421743391889
3,-0.12355667632300252,-1.4354381267207705,-0.46688196225109213,-0.46688196225109235,-0.7163030366696952
3,0.5897934782277973,0.36666149403314396,1.1044959282168518,1.1044959282168523,-1.7467882352652384
2,0.16178338549731738,-0.13625002803771594,0.38428106175237753,0.38428106175237736,-1.2434489303406828
0,-0.6942367999636423,0.7438451355862888,-0.7942523560985805,-0.7942523560985807,1.322561242399704
0,-0.2662267072331625,0.7019358420803838,-1.3835190650240596,-1.3835190650240599,-1.1805315172251132
2,-0.6942367999636423,0.9533916031158138,-1.4489931437935573,-1.4489931437935575,2.0452612579163807
1,-0.6942367999636423,-0.8067987241321958,-0.5978301197900875,-0.5978301197900878,-1.13291833973225
1,1.8738237564192368,-0.6391615501085758,-0.9252005136375758,-0.9252005136375762,1.589535130484688
0,-0.6942367999636423,-1.4354381267207705,-0.008563410864608474,-0.008563410864608476,-0.8217322154038929
1,-0.6942367999636423,-0.2619779085554309,-1.2525709074850642,-1.2525709074850646,-1.3828875215697825
2,-0.40889673814332245,0.9533916031158138,0.6461773768303682,0.6461773768303684,-0.8319350391523633
2,1.588483694598917,1.7077588862221036,-0.07403748963410614,-0.0740374896341065,-0.00720678615098027
2,0.5897934782277973,-0.7229801371203858,-0.20498564717310147,-0.2049856471731014,1.2426391230366836
0,1.160473601868437,-0.42961508257905084,0.4497551405218752,0.4497551405218754,0.06081203883882491
1,-0.6942367999636423,2.7135819303638233,-1.1870968287155665,-1.1870968287155668,0.837927114347345
2,0.16178338549731738,-0.13625002803771594,-0.9252005136375758,-0.9252005136375762,0.0046965082222356225
3,-0.6942367999636423,0.9533916031158138,2.1520811885288147,2.1520811885288147,1.2885518299048018
0,1.0178035709582771,-0.42961508257905084,-0.13951156840360382,-0.13951156840360396,0.2614675725587491
0,-0.6942367999636423,-1.2258916591912457,0.12238474667438687,0.122384746674387,-0.5938691516880468
3,2.4445038800598766,1.5820310057043887,-0.6633041985595851,-0.6633041985595852,-0.43062397171251504
2,0.30445341640747736,1.1210287771394338,-0.27045972594259915,-0.2704597259425994,0.21215392444114073
2,-0.6942367999636423,-0.47152437608495584,-1.1870968287155665,-1.1870968287155668,0.42301228190953544
2,-0.2662267072331625,-0.6391615501085758,-0.5978301197900875,-0.5978301197900878,0.15603839382455145
3,-0.6942367999636423,0.9953008966217188,0.9080736919083588,0.9080736919083586,0.09312098070898182
2,-0.40889673814332245,-0.13625002803771594,-0.46688196225109213,-0.46688196225109235,0.46212310627867326
1,0.30445341640747736,0.240933613515429,-1.3835190650240596,-1.3835190650240599,0.822622878724639
2,-0.6942367999636423,-0.3038872020613359,-1.9727857739495385,-1.972785773949539,-0.2639778504874931
3,-0.2662267072331625,1.4982124186925787,-0.7942523560985805,-0.7942523560985807,1.0844953549353873
0,1.160473601868437,1.5401217121984836,0.5152292192913729,0.5152292192913729,1.3514692430203714
3,-0.6942367999636423,-0.8487080176381008,1.0390218494473542,1.0390218494473542,-0.6533856235541255
1,1.160473601868437,0.40857078753904896,-1.121622749946069,-1.1216227499460691,-0.30478914548137637
0,-0.6942367999636423,-0.13625002803771594,-0.9252005136375758,-0.9252005136375762,0.3992056931631036
3,-0.6942367999636423,-0.8067987241321958,0.4497551405218752,0.4497551405218754,-1.4390030521863715
0,0.30445341640747736,1.2886659511630538,-0.9906745924070736,-0.9906745924070737,1.0164765299455822
0,0.8751335400481172,0.07329643949180903,-0.5978301197900875,-0.5978301197900878,-0.07692608176553023
0,-0.6942367999636423,1.1210287771394338,-0.46688196225109213,-0.46688196225109235,1.9585372560543788
2,-0.6942367999636423,-0.3038872020613359,-0.46688196225109213,-0.46688196225109235,-0.966272218507228
0,-0.40889673814332245,0.28284290702133397,0.6461773768303682,0.6461773768303684,0.6219673450047148
1,0.30445341640747736,0.199024320009524,-1.121622749946069,-1.1216227499460691,0.4298141644085158
1,-0.6942367999636423,0.7019358420803838,-0.9252005136375758,-0.9252005136375762,1.1780212392963691
1,1.8738237564192368,-1.1839823656853408,0.18785882544388455,0.18785882544388444,-1.5750407021659811
0,0.7324635091379572,1.3724845381748638,0.9735477706778566,0.9735477706778567,1.3548701842698616
0,-0.6942367999636423,-1.4354381267207705,1.1044959282168518,1.1044959282168523,0.4264132231590256
1,1.588483694598917,-0.8067987241321958,0.38428106175237753,0.38428106175237736,1.2630447705336252
3,-0.6942367999636423,-0.9325266046499108,1.6937626371423309,1.6937626371423309,0.5641513437633807
0,0.8751335400481172,0.28284290702133397,-0.4014078834815945,-0.4014078834815949,0.8770379387164828
3,-0.6942367999636423,-1.4354381267207705,1.300918164525345,1.3009181645253451,-0.7843218616595004
3,-0.6942367999636423,0.199024320009524,0.5152292192913729,0.5152292192913729,-1.134618810356995
1,-0.6942367999636423,-0.6810708436144808,-0.07403748963410614,-0.0740374896341065,-1.683870822149669
3,-0.6942367999636423,0.9533916031158138,0.6461773768303682,0.6461773768303684,0.45362075315494754
2,-0.12355667632300252,1.6658495927161987,1.1044959282168518,1.1044959282168523,0.9144482924608753
2,-0.6942367999636423,1.6239402992102936,0.6461773768303682,0.6461773768303684,1.7000657210931212
2,1.7311537255090768,-0.2200686150495259,0.7771255343693636,0.7771255343693638,0.4349155762827513
1,-0.6942367999636423,-0.8067987241321958,-1.5144672225630549,-1.5144672225630553,-0.06502278739231435
1,1.588483694598917,-0.42961508257905084,-0.9252005136375758,-0.9252005136375762,0.5233400487694975
2,1.0178035709582771,-0.052431441025905946,1.1044959282168518,1.1044959282168523,0.6389720512521656
3,2.4445038800598766,1.1210287771394338,-0.33593380471209683,-0.3359338047120969,0.22915863068859157
0,-0.6942367999636423,0.199024320009524,0.5807032980608705,0.5807032980608703,-1.1023098684868378
2,1.588483694598917,-0.13625002803771594,-0.13951156840360382,-0.13951156840360396,1.6456506611012773
3,0.5897934782277973,-1.2258916591912457,0.9735477706778566,0.9735477706778567,-1.2502508128396632
2,-0.6942367999636423,0.28284290702133397,1.3663922432948425,1.3663922432948425,-0.45783150170843695
3,1.588483694598917,0.32475220052723897,1.6282885583728333,1.6282885583728335,-1.0870056328641315
0,1.0178035709582771,0.03138714598590404,-0.27045972594259915,-0.2704597259425994,-1.374385168446057
2,0.01911335458715743,1.2886659511630538,0.4497551405218752,0.4497551405218754,0.885540291840208
3,-0.6942367999636423,0.576207961562669,1.1044959282168518,1.1044959282168523,1.6184431311053553
0,0.01911335458715743,2.1268518212811536,0.7771255343693636,0.7771255343693638,1.116804296805545
1,1.0178035709582771,1.1210287771394338,-1.4489931437935573,-1.4489931437935575,1.2188325342902517
2,-0.6942367999636423,-0.3038872020613359,0.056910667904889196,0.056910667904888974,0.4604226356539279
2,-0.6942367999636423,-0.3038872020613359,-1.4489931437935573,-1.4489931437935575,0.5998612268830278
2,-0.2662267072331625,-0.3038872020613359,-0.5978301197900875,-0.5978301197900878,-1.6430595271557862
0,-0.6942367999636423,-1.0582544851676257,0.4497551405218752,0.4497551405218754,-0.4561310310836916
0,2.5871739109700367,0.7857544290921938,0.4497551405218752,0.4497551405218754,0.5454461668911839
2,-0.6942367999636423,-1.4354381267207705,-1.121622749946069,-1.1216227499460691,-0.9118571585153842
2,1.4458136636887569,1.7077588862221036,0.7771255343693636,0.7771255343693638,-0.9764750422556988
0,-0.6942367999636423,-1.4354381267207705,0.2533329042133822,0.2533329042133819,-0.570062562941615
3,-0.6942367999636423,-0.7648894306262908,0.9080736919083588,0.9080736919083586,0.20875298319164998
0,-0.6942367999636423,1.3305752446689587,-0.9252005136375758,-0.9252005136375762,0.4519202825302028
3,1.303143632778597,0.8276637225980988,0.9735477706778566,0.9735477706778567,1.365073008018332
3,-0.6942367999636423,-1.0163451916617208,-1.121622749946069,-1.1216227499460691,-0.19765949612243333
3,-0.6942367999636423,1.1210287771394338,2.1520811885288147,2.1520811885288147,-1.248550342214918
1,0.16178338549731738,1.0372101901276238,-0.7942523560985805,-0.7942523560985807,1.5521247767402955
0,-0.6942367999636423,-0.6810708436144808,-1.5799413013325525,-1.579941301332553,1.1729198274221335
1,1.4458136636887569,-1.0163451916617208,-0.27045972594259915,-0.2704597259425994,-0.14154396550584464
2,0.8751335400481172,3.5517678004819233,0.4497551405218752,0.4497551405218754,-0.6193762110592232
2,-0.6942367999636423,0.9953008966217188,0.7116514555998659,0.7116514555998658,0.9790661762011897
1,-0.2662267072331625,-0.3038872020613359,0.12238474667438687,0.122384746674387,0.4774273419013793
1,-0.40889673814332245,2.2106704082929634,-0.33593380471209683,-0.3359338047120969,-0.9407651591360512
3,-0.6942367999636423,-1.4354381267207705,1.7592367159118285,1.759236715911829,-0.5751639748158505
1,-0.6942367999636423,0.45048008104495396,-1.121622749946069,-1.1216227499460691,-1.7365854115167676
3,-0.2662267072331625,-0.3457964955672409,-0.4014078834815945,-0.4014078834815949,-0.7163030366696952
3,1.7311537255090768,0.11520573299771401,0.2533329042133822,0.2533329042133819,-0.28778443923392494
1,1.4458136636887569,-0.2619779085554309,-1.2525709074850642,-1.2525709074850646,-1.4968190534277055
1,1.4458136636887569,-0.8487080176381008,0.2533329042133822,0.2533329042133819,0.5743541675118512
3,-0.6942367999636423,-1.4354381267207705,1.2354440857558473,1.235444085755847,-0.9866778660041694
3,-0.6942367999636423,-0.09434073453181094,0.31880698298287985,0.3188069829828799,-0.30138820423188617
2,-0.12355667632300252,-0.8487080176381008,1.6282885583728333,1.6282885583728335,0.4825287537756149
3,1.303143632778597,0.32475220052723897,-0.07403748963410614,-0.0740374896341065,-1.3777861096955473
0,-0.6942367999636423,-1.3935288332148656,-0.7942523560985805,-0.7942523560985807,-0.190857613623453
3,-0.40889673814332245,1.9592146472575336,1.8247107946813264,1.8247107946813264,1.6218440723548455
0,3.8712041891614764,1.4982124186925787,-0.7287782773290828,-0.7287782773290833,-0.17555337800074694
3,-0.6942367999636423,1.0372101901276238,0.2533329042133822,0.2533329042133819,2.5366972684677207
1,-0.6942367999636423,1.7496681797280087,-1.4489931437935573,-1.4489931437935575,2.0690678466628127
0,-0.6942367999636423,-0.7229801371203858,0.056910667904889196,0.056910667904888974,0.23255957193808174
0,1.4458136636887569,0.9953008966217188,0.056910667904889196,0.056910667904888974,1.4977097167484517
2,0.7324635091379572,0.11520573299771401,-0.13951156840360382,-0.13951156840360396,0.2716703963072196
2,0.30445341640747736,-1.2678009526971508,-0.27045972594259915,-0.2704597259425994,-0.41702020671455436
2,0.16178338549731738,1.1629380706453387,-0.13951156840360382,-0.13951156840360396,2.5707066809626227
2,-0.6942367999636423,-1.1420730721794357,0.5807032980608705,0.5807032980608703,-0.5360531504467126
2,-0.6942367999636423,0.199024320009524,-1.2525709074850642,-1.2525709074850646,-1.2383475184664472
3,0.30445341640747736,0.6600265485744788,1.1044959282168518,1.1044959282168523,1.2239339461644874
2,-0.2662267072331625,0.618117255068574,-0.07403748963410614,-0.0740374896341065,-0.697597859797499
3,-0.6942367999636423,-0.9744358981558158,0.9735477706778566,0.9735477706778567,0.1305313344533749
2,-0.6942367999636423,-1.0163451916617208,0.7116514555998659,0.7116514555998658,0.17474357069674767
0,-0.6942367999636423,-1.2678009526971508,0.2533329042133822,0.2533329042133819,-0.6193762110592232
1,3.443194096430996,0.49238937455085896,-1.2525709074850642,-1.2525709074850646,-0.4510296192094566
2,-0.6942367999636423,-1.1420730721794357,0.38428106175237753,0.38428106175237736,-1.712778822770336
1,-0.6942367999636423,-1.1001637786735308,-0.7942523560985805,-0.7942523560985807,-1.9610475339831235
1,1.0178035709582771,0.07329643949180903,-1.121622749946069,-1.1216227499460691,-0.5122465617002808
0,-0.6942367999636423,-0.3038872020613359,-1.710889458871548,-1.7108894588715482,0.7478021712358535
3,-0.2662267072331625,0.7438451355862888,0.38428106175237753,0.38428106175237736,-1.1703286934766424
2,-0.6942367999636423,-0.42961508257905084,0.2533329042133822,0.2533329042133819,-0.06842372864180452
0,-0.6942367999636423,-1.3516195397089608,-0.27045972594259915,-0.2704597259425994,0.29717745567839676
0,-0.6942367999636423,-0.3038872020613359,0.7116514555998659,0.7116514555998658,0.42811369378377095
2,-0.2662267072331625,-0.8906173111440058,-0.008563410864608474,-0.008563410864608476,1.2256344167892321
0,1.160473601868437,2.043033234269344,-1.121622749946069,-1.1216227499460691,-0.49354138482808463
0,-0.6942367999636423,1.5401217121984836,-0.7942523560985805,-0.7942523560985807,1.2035282986675457
0,1.303143632778597,0.03138714598590404,-0.46688196225109213,-0.46688196225109235,1.5062120698721773
1,-0.2662267072331625,-0.2619779085554309,-0.9252005136375758,-0.9252005136375762,0.1475360407008257
2,2.4445038800598766,-1.2258916591912457,-0.4014078834815945,-0.4014078834815949,-0.4646333842074173
2,-0.6942367999636423,-1.1420730721794357,-2.6275265616445154,-2.627526561644516,-1.7603920002631994
1,1.303143632778597,0.157115026503619,-1.710889458871548,-1.7108894588715482,1.028379824318798
2,0.01911335458715743,-1.0582544851676257,1.2354440857558473,1.235444085755847,-0.345600440475259
0,0.16178338549731738,0.07329643949180903,-0.13951156840360382,-0.13951156840360396,-0.24187173236580672
1,-0.6942367999636423,-1.2258916591912457,-1.3180449862545618,-1.318044986254562,-0.5649611510673794
0,-0.6942367999636423,0.49238937455085896,-0.13951156840360382,-0.13951156840360396,-0.12283878863364842
2,-0.6942367999636423,1.2048473641512438,1.7592367159118285,1.759236715911829,0.41961134066004524
2,0.5897934782277973,-1.0163451916617208,-0.7942523560985805,-0.7942523560985807,-1.1958357528478192
2,-0.5515667690534823,-1.0163451916617208,-0.13951156840360382,-0.13951156840360396,-0.24867361486478706
2,-0.2662267072331625,-0.42961508257905084,0.5152292192913729,0.5152292192913729,0.03360450884290296
0,0.4471234473176373,-0.9744358981558158,-0.13951156840360382,-0.13951156840360396,-0.2010604373719235
0,-0.6942367999636423,1.2467566576571487,-1.6454153801020501,-1.6454153801020504,2.5707066809626227
2,1.588483694598917,1.0372101901276238,1.1699700069863497,1.1699700069863497,0.7120922881162057
3,-0.6942367999636423,-1.4354381267207705,1.4318663220643402,1.4318663220643406,-0.8931519816431879
3,-0.5515667690534823,0.9114823096099088,2.413977503606805,2.4139775036068056,0.05911156821407953
2,-0.6942367999636423,0.32475220052723897,0.4497551405218752,0.4497551405218754,-1.498519524052451
3,-0.6942367999636423,-1.4354381267207705,0.5807032980608705,0.5807032980608703,0.030203567593412792
3,1.0178035709582771,1.5401217121984836,-0.5323560410205899,-0.5323560410205898,0.19174827694419913
3,1.4458136636887569,-0.6391615501085758,1.6937626371423309,1.6937626371423309,0.251264748810278
3,1.588483694598917,-0.2200686150495259,1.5628144796033356,1.5628144796033354,0.5488471081406741
1,-0.6942367999636423,0.9533916031158138,-1.1870968287155665,-1.1870968287155668,-0.06162184614282418
0,-0.6942367999636423,1.0791194836335287,-0.7942523560985805,-0.7942523560985807,-0.7061002129212247
2,0.16178338549731738,0.8695730161040038,-0.5323560410205899,-0.5323560410205898,0.7665073481080497
3,-0.6942367999636423,-0.5134336695908608,0.9735477706778566,0.9735477706778567,0.5301419312684779
1,-0.12355667632300252,-0.8487080176381008,-1.3180449862545618,-1.318044986254562,-0.782621391034755
0,0.16178338549731738,1.7915774732339136,0.5152292192913729,0.5152292192913729,2.2952304397539134
0,-0.6942367999636423,-1.4354381267207705,1.2354440857558473,1.235444085755847,-0.6057724460612626
2,0.16178338549731738,-0.1781593215436209,0.9080736919083588,0.9080736919083586,0.8192219374751488
2,0.4471234473176373,0.9953008966217188,-0.7942523560985805,-0.7942523560985807,1.7034666623426113
3,0.16178338549731738,0.49238937455085896,1.300918164525345,1.3009181645253451,-0.2010604373719235
2,1.303143632778597,0.9114823096099088,0.5807032980608705,0.5807032980608703,1.956836785429634
3,-0.40889673814332245,2.5878540498461087,-0.7287782773290828,-0.7287782773290833,1.1729198274221335
2,-0.5515667690534823,2.2106704082929634,0.5152292192913729,0.5152292192913729,0.6712809931223231
0,0.01911335458715743,1.8753960602457236,1.1044959282168518,1.1044959282168523,2.630223152828702
2,-0.6942367999636423,1.7496681797280087,-0.5978301197900875,-0.5978301197900878,-1.076802809115661
0,-0.6942367999636423,-1.3935288332148656,-0.5323560410205899,-0.5323560410205898,0.2563661606845135
3,0.4471234473176373,1.8334867667398187,0.4497551405218752,0.4497551405218754,1.5589266592392759
3,-0.6942367999636423,-1.3935288332148656,0.38428106175237753,0.38428106175237736,-1.9151348271150053
3,2.159163818239557,0.8276637225980988,1.1699700069863497,1.1699700069863497,-0.9475670416350318
0,-0.6942367999636423,2.2525797017988687,0.7771255343693636,0.7771255343693638,0.7512031124853437
0,-0.5515667690534823,-0.5553429630967658,-1.056148671176571,-1.0561486711765713,-1.359080932823351
1,0.4471234473176373,0.28284290702133397,-0.46688196225109213,-0.46688196225109235,-1.2944630490830362
3,-0.6942367999636423,0.157115026503619,0.38428106175237753,0.38428106175237736,0.28697463192992567
2,-0.6942367999636423,0.576207961562669,0.6461773768303682,0.6461773768303684,-1.1533239872291912
1,-0.6942367999636423,0.618117255068574,-0.20498564717310147,-0.2049856471731014,0.2257576894391014
2,-0.6942367999636423,-0.5972522566026708,-0.13951156840360382,-0.13951156840360396,-1.3641823446975863
1,1.7311537255090768,-0.3038872020613359,-0.13951156840360382,-0.13951156840360396,0.030203567593412792
0,0.7324635091379572,-1.0582544851676257,1.2354440857558473,1.235444085755847,-0.7043997422964793
2,-0.6942367999636423,-0.9325266046499108,-0.07403748963410614,-0.0740374896341065,-0.22826796736784546
1,-0.6942367999636423,0.199024320009524,-0.7287782773290828,-0.7287782773290833,1.2426391230366836
3,0.8751335400481172,-0.09434073453181094,-0.33593380471209683,-0.3359338047120969,0.3124816913011028
0,-0.6942367999636423,0.9114823096099088,-0.20498564717310147,-0.2049856471731014,0.8923421743391889
3,-0.6942367999636423,-1.4354381267207705,0.9080736919083588,0.9080736919083586,-0.2690792623617287
0,1.7311537255090768,-0.47152437608495584,-0.9252005136375758,-0.9252005136375762,-0.058220904893333404
0,0.30445341640747736,0.240933613515429,-0.13951156840360382,-0.13951156840360396,0.34989204504549526
0,2.016493787329397,0.36666149403314396,0.7116514555998659,0.7116514555998658,-1.0002816310021303
3,0.5897934782277973,-0.3038872020613359,0.9080736919083588,0.9080736919083586,-0.2911853804834151
3,-0.6942367999636423,0.199024320009524,1.0390218494473542,1.0390218494473542,-0.5224493854487514
2,-0.6942367999636423,0.8695730161040038,1.8247107946813264,1.8247107946813264,1.1287075911787603
3,-0.40889673814332245,0.6600265485744788,1.7592367159118285,1.759236715911829,0.3396892212970248
0,3.3005240655208365,2.2106704082929634,-0.13951156840360382,-0.13951156840360396,1.152514179925192
2,-0.6942367999636423,-0.3038872020613359,0.5152292192913729,0.5152292192913729,-0.41361926546506356
2,-0.6942367999636423,0.9953008966217188,0.4497551405218752,0.4497551405218754,-0.7894232735337353
2,0.30445341640747736,-0.5553429630967658,-0.07403748963410614,-0.0740374896341065,0.2359605131875719
0,-0.6942367999636423,-1.4354381267207705,-1.1870968287155665,-1.1870968287155668,-0.25207455611427726
3,-0.6942367999636423,-0.42961508257905084,1.2354440857558473,1.235444085755847,1.0912972374343677
1,2.4445038800598766,-0.010522147520000953,-0.9252005136375758,-0.9252005136375762,-0.09393078801298108
3,-0.6942367999636423,-0.2619779085554309,0.5807032980608705,0.5807032980608703,0.1951492181936893
1,1.4458136636887569,0.28284290702133397,-0.7287782773290828,-0.7287782773290833,0.3566939275444756
3,-0.6942367999636423,4.096588616058688,0.38428106175237753,0.38428106175237736,2.7509565671856056
3,0.30445341640747736,0.199024320009524,0.8425996131388612,0.8425996131388612,-0.00720678615098027
2,0.5897934782277973,0.11520573299771401,0.056910667904889196,0.056910667904888974,1.0572878249394655
1,-0.6942367999636423,0.36666149403314396,-1.3180449862545618,-1.318044986254562,0.28017274943094533
3,-0.40889673814332245,-0.7648894306262908,1.9556589522203216,1.9556589522203214,-0.7452110372903625
0,-0.6942367999636423,-1.4354381267207705,-0.46688196225109213,-0.46688196225109235,0.06591345071305986
2,0.7324635091379572,0.45048008104495396,0.6461773768303682,0.6461773768303684,-1.6430595271557862
2,-0.6942367999636423,-0.9744358981558158,0.6461773768303682,0.6461773768303684,-0.1245392592583932
2,-0.2662267072331625,-1.4354381267207705,0.31880698298287985,0.3188069829828799,-1.9865545933543003
1,-0.6942367999636423,-0.47152437608495584,-0.7942523560985805,-0.7942523560985807,-0.27248020361121883
1,-0.6942367999636423,-0.13625002803771594,0.31880698298287985,0.3188069829828799,0.14583557007608094
0,1.588483694598917,1.3305752446689587,-0.13951156840360382,-0.13951156840360396,0.8634341737185216
3,-0.5515667690534823,0.6600265485744788,0.7771255343693636,0.7771255343693638,0.3141821619258476
1,-0.6942367999636423,-0.47152437608495584,-0.33593380471209683,-0.3359338047120969,0.8175214668504034
2,-0.6942367999636423,-1.4354381267207705,-0.8597264348680782,-0.8597264348680784,-1.8709225908716323
0,-0.6942367999636423,0.28284290702133397,-1.9727857739495385,-1.972785773949539,-1.0223877491238171
2,0.8751335400481172,0.11520573299771401,2.1520811885288147,2.1520811885288147,-0.6108738579354975
2,0.30445341640747736,0.03138714598590404,0.4497551405218752,0.4497551405218754,-1.5801421140402165
2,2.3018338491497166,1.3724845381748638,1.7592367159118285,1.759236715911829,0.9314529987083262
3,0.01911335458715743,-1.0582544851676257,0.9080736919083588,0.9080736919083586,-1.7212811758940614
3,-0.6942367999636423,1.4982124186925787,1.6937626371423309,1.6937626371423309,0.934853939957817
0,-0.6942367999636423,0.7019358420803838,-0.5978301197900875,-0.5978301197900878,2.2170087910156377
0,1.0178035709582771,0.240933613515429,-0.6633041985595851,-0.6633041985595852,1.6541530142250025
2,-0.6942367999636423,-0.2619779085554309,0.38428106175237753,0.38428106175237736,0.06251250946356969
0,-0.6942367999636423,-1.0163451916617208,-0.5978301197900875,-0.5978301197900878,-0.18745667237396282
1,0.16178338549731738,1.0372101901276238,-0.20498564717310147,-0.2049856471731014,1.062389236813701
2,0.4471234473176373,0.534298668056764,-1.121622749946069,-1.1216227499460691,-1.4117955221904495
1,-0.5515667690534823,2.2106704082929634,-0.27045972594259915,-0.2704597259425994,0.652575816250127
1,-0.6942367999636423,-0.2619779085554309,-0.5323560410205899,-0.5323560410205898,-1.1567249284786814
2,1.303143632778597,-0.6810708436144808,0.5152292192913729,0.5152292192913729,-0.2775816154854544
3,-0.6942367999636423,-0.3457964955672409,0.056910667904889196,0.056910667904888974,1.4109857148864502
3,-0.6942367999636423,0.534298668056764,0.12238474667438687,0.122384746674387,0.16454074694827717
1,1.0178035709582771,0.7857544290921938,-0.33593380471209683,-0.3359338047120969,-1.1720291641013874
1,-0.6942367999636423,0.9114823096099088,0.18785882544388455,0.18785882544388444,-1.1363192809817402
1,-0.6942367999636423,-0.7229801371203858,-2.0382598527190363,-2.0382598527190368,0.1849463944452188
2,-0.6942367999636423,0.32475220052723897,0.9735477706778566,0.9735477706778567,-0.30648961610612113
1,-0.6942367999636423,-0.2619779085554309,-0.9906745924070736,-0.9906745924070737,-1.556335525293785
1,0.7324635091379572,0.8695730161040038,-1.121622749946069,-1.1216227499460691,-0.697597859797499
1,-0.6942367999636423,-0.8487080176381008,-0.46688196225109213,-0.46688196225109235,-1.6090501146608835
2,-0.6942367999636423,0.36666149403314396,1.8247107946813264,1.8247107946813264,0.2835736906804355
1,-0.6942367999636423,-1.4354381267207705,-0.5978301197900875,-0.5978301197900878,-1.3658828153223312
0,-0.6942367999636423,-0.7648894306262908,0.5152292192913729,0.5152292192913729,0.3022788675526317
3,-0.6942367999636423,-1.0163451916617208,-0.7287782773290828,-0.7287782773290833,0.9739647643269542
3,-0.6942367999636423,-1.4354381267207705,1.0390218494473542,1.0390218494473542,-1.0870056328641315
0,-0.6942367999636423,-0.6391615501085758,0.4497551405218752,0.4497551405218754,1.0946981786838579
0,-0.6942367999636423,-0.42961508257905084,0.31880698298287985,0.3188069829828799,-0.31499196922984685
1,-0.12355667632300252,2.043033234269344,-0.07403748963410614,-0.0740374896341065,1.0062737061971117
0,-0.6942367999636423,-0.8906173111440058,0.18785882544388455,0.18785882544388444,1.7051671329673561
2,0.8751335400481172,0.7019358420803838,1.4318663220643402,1.4318663220643406,1.592936071734178
1,0.16178338549731738,-0.2619779085554309,0.12238474667438687,0.122384746674387,-1.0444938672455035
1,-0.6942367999636423,-1.3935288332148656,-0.7287782773290828,-0.7287782773290833,-1.0631990441177
1,-0.6942367999636423,0.9953008966217188,-1.4489931437935573,-1.4489931437935575,1.6949643092188857
2,-0.6942367999636423,0.07329643949180903,1.2354440857558473,1.235444085755847,-0.010607727400470437
2,-0.2662267072331625,0.36666149403314396,-0.4014078834815945,-0.4014078834815949,-0.37960985297016125
1,-0.6942367999636423,-0.8067987241321958,-0.7287782773290828,-0.7287782773290833,-0.9747745716309537
1,2.159163818239557,0.9533916031158138,-0.27045972594259915,-0.2704597259425994,1.9976480804235173
2,-0.6942367999636423,1.0791194836335287,0.38428106175237753,0.38428106175237736,2.759458920309331
0,1.160473601868437,0.07329643949180903,-0.7287782773290828,-0.7287782773290833,-0.051419022394353066
2,3.8712041891614764,0.36666149403314396,-0.5978301197900875,-0.5978301197900878,0.33118686817329906
3,0.16178338549731738,0.32475220052723897,0.8425996131388612,0.8425996131388612,-0.7163030366696952
1,-0.6942367999636423,-1.0163451916617208,-0.9252005136375758,-0.9252005136375762,0.8872407624649534
2,1.7311537255090768,0.49238937455085896,0.6461773768303682,0.6461773768303684,-0.10583408238619697
0,0.16178338549731738,-0.13625002803771594,-1.3180449862545618,-1.318044986254562,0.4553212237796929
2,-0.2662267072331625,2.0011239407634385,0.5807032980608705,0.5807032980608703,0.16624121757302196
3,-0.6942367999636423,-1.4354381267207705,-1.4489931437935573,-1.4489931437935575,-0.4595319723331823
2,0.7324635091379572,2.043033234269344,0.12238474667438687,0.122384746674387,0.6661795812480876
2,-0.6942367999636423,-1.3097102462030557,-1.5144672225630549,-1.5144672225630553,-1.712778822770336
3,-0.6942367999636423,0.157115026503619,0.7771255343693636,0.7771255343693638,-1.2162414003447608
2,-0.2662267072331625,-0.8067987241321958,0.12238474667438687,0.122384746674387,1.1355094736777411
3,0.30445341640747736,-0.1781593215436209,0.7771255343693636,0.7771255343693638,0.0404063913418833
2,0.01911335458715743,-0.8487080176381008,-0.5323560410205899,-0.5323560410205898,-1.5053214065514313
2,-0.6942367999636423,2.043033234269344,1.1044959282168518,1.1044959282168523,-0.46123244295792715
1,0.01911335458715743,-1.4354381267207705,-1.1870968287155665,-1.1870968287155668,-0.4867395023291043
2,-0.6942367999636423,2.3363982888106785,2.872296054993289,2.872296054993289,1.1695188861726433
1,-0.6942367999636423,-0.2619779085554309,-0.46688196225109213,-0.46688196225109235,0.21385439506588552
2,-0.6942367999636423,0.7857544290921938,2.1520811885288147,2.1520811885288147,0.8668351149680118
0,-0.12355667632300252,1.5401217121984836,-1.056148671176571,-1.0561486711765713,1.0453845305662495
2,-0.2662267072331625,-1.1420730721794357,-1.5799413013325525,-1.579941301332553,-2.0154625939749673
2,0.8751335400481172,-0.6391615501085758,-0.27045972594259915,-0.2704597259425994,0.36179533941871117
1,-0.6942367999636423,-0.42961508257905084,-1.121622749946069,-1.1216227499460691,1.3429668898966456
3,1.588483694598917,-0.052431441025905946,1.1044959282168518,1.1044959282168523,0.7444012299863633
1,-0.6942367999636423,-1.2678009526971508,-0.8597264348680782,-0.8597264348680784,-1.503620935926686
3,3.3005240655208365,2.1268518212811536,0.4497551405218752,0.4497551405218754,0.870236056217502
3,-0.6942367999636423,-0.8906173111440058,1.5628144796033356,1.5628144796033354,-1.5070218771761763
2,-0.6942367999636423,0.618117255068574,0.5807032980608705,0.5807032980608703,0.2835736906804355
3,-0.6942367999636423,1.3305752446689587,0.9735477706778566,0.9735477706778567,0.49783298939832094
3,-0.6942367999636423,-1.4354381267207705,1.5628144796033356,1.5628144796033354,-0.13814302425635447
3,0.01911335458715743,-0.47152437608495584,0.31880698298287985,0.3188069829828799,-0.8115293916554224
3,-0.6942367999636423,0.7438451355862888,0.5807032980608705,0.5807032980608703,0.4791278125261247
3,-0.6942367999636423,-0.9744358981558158,0.38428106175237753,0.38428106175237736,0.28697463192992567
2,0.4471234473176373,0.36666149403314396,0.18785882544388455,0.18785882544388444,-1.5359298777968433
2,0.5897934782277973,-0.2619779085554309,-0.27045972594259915,-0.2704597259425994,0.2053520419421598
1,1.0178035709582771,1.7496681797280087,-0.8597264348680782,-0.8597264348680784,2.4465723253562293
1,-0.6942367999636423,-0.8487080176381008,-2.0382598527190363,-2.0382598527190368,0.5012339306478111
3,0.16178338549731738,-0.8067987241321958,1.4318663220643402,1.4318663220643406,-0.48333856107961354
3,-0.6942367999636423,0.618117255068574,1.0390218494473542,1.0390218494473542,-1.5104228184256665
0,1.7311537255090768,0.240933613515429,-0.9252005136375758,-0.9252005136375762,-1.1720291641013874
2,-0.6942367999636423,-0.13625002803771594,-0.07403748963410614,-0.0740374896341065,1.1933254749190751
3,1.303143632778597,1.8753960602457236,0.4497551405218752,0.4497551405218754,1.147412768050957
2,1.4458136636887569,1.1210287771394338,0.4497551405218752,0.4497551405218754,2.0724687879123023
0,-0.6942367999636423,1.0372101901276238,-0.13951156840360382,-0.13951156840360396,0.4553212237796929
0,-0.6942367999636423,0.9533916031158138,-0.07403748963410614,-0.0740374896341065,0.5335428725179681
1,-0.6942367999636423,1.1210287771394338,-0.9906745924070736,-0.9906745924070737,0.9569600580795034
3,-0.6942367999636423,0.6600265485744788,0.9080736919083588,0.9080736919083586,-1.4730124646812741
2,-0.12355667632300252,-0.6810708436144808,0.9735477706778566,0.9735477706778567,0.5301419312684779
2,-0.6942367999636423,-1.1839823656853408,0.2533329042133822,0.2533329042133819,-0.3694070292216908
0,-0.6942367999636423,2.1268518212811536,-1.1870968287155665,-1.1870968287155668,1.3735753611420578
3,2.7298439418801967,2.2525797017988687,0.12238474667438687,0.122384746674387,0.9399553518320519
2,-0.6942367999636423,-1.1839823656853408,-0.20498564717310147,-0.2049856471731014,-0.5513573860694188
3,-0.6942367999636423,0.07329643949180903,1.6282885583728333,1.6282885583728335,-0.18235526049972728
0,0.5897934782277973,0.7019358420803838,-0.5323560410205899,-0.5323560410205898,0.5930593443840475
1,1.0178035709582771,-0.052431441025905946,-1.4489931437935573,-1.4489931437935575,1.6660563085982183
3,-0.6942367999636423,-1.3516195397089608,-0.008563410864608474,-0.008563410864608476,-1.7280830583930422
2,-0.6942367999636423,0.8276637225980988,1.1699700069863497,1.1699700069863497,1.5691294829877465
2,-0.6942367999636423,-0.9744358981558158,-0.5323560410205899,-0.5323560410205898,-1.4288002284379009
2,-0.5515667690534823,0.534298668056764,1.8247107946813264,1.8247107946813264,-0.2894849098586703
2,0.16178338549731738,-0.13625002803771594,0.7771255343693636,0.7771255343693638,-0.0701241992665493
1,-0.6942367999636423,-0.5972522566026708,-0.7287782773290828,-0.7287782773290833,-1.1584253991034268
0,1.160473601868437,-0.3457964955672409,0.8425996131388612,0.8425996131388612,1.007974176821857
0,-0.6942367999636423,-1.1839823656853408,-0.20498564717310147,-0.2049856471731014,-0.0905298467634909
3,0.8751335400481172,0.9953008966217188,1.0390218494473542,1.0390218494473542,0.41791087003529986
1,1.588483694598917,0.7019358420803838,-1.056148671176571,-1.0561486711765713,-0.08372796426451057
3,0.8751335400481172,1.2467566576571487,0.8425996131388612,0.8425996131388612,0.04210686196662868
3,-0.6942367999636423,-0.5553429630967658,-0.07403748963410614,-0.0740374896341065,-0.13814302425635447
2,-0.6942367999636423,-0.1781593215436209,1.6937626371423309,1.6937626371423309,-0.010607727400470437
1,-0.6942367999636423,-1.2678009526971508,-1.3180449862545618,-1.318044986254562,-1.7450877646404932
2,0.16178338549731738,0.07329643949180903,-0.20498564717310147,-0.2049856471731014,0.7086913468667156
0,3.1578540346106765,1.9173053537516287,-1.6454153801020501,-1.6454153801020504,0.32268451504957335
3,-0.6942367999636423,-0.13625002803771594,1.1044959282168518,1.1044959282168523,1.2273348874139776
0,-0.6942367999636423,1.7915774732339136,0.5152292192913729,0.5152292192913729,-1.0087839841258561
0,-0.6942367999636423,1.7077588862221036,-0.13951156840360382,-0.13951156840360396,-0.02761243364792128
1,-0.6942367999636423,0.534298668056764,-1.1870968287155665,-1.1870968287155668,1.2579433586593896
1,-0.2662267072331625,0.576207961562669,-1.3835190650240596,-1.3835190650240599,-0.4238220892135347
2,1.4458136636887569,0.28284290702133397,0.38428106175237753,0.38428106175237736,-0.09733172926247124
0,0.30445341640747736,-0.13625002803771594,-0.33593380471209683,-0.3359338047120969,-0.5785649160653407
0,-0.6942367999636423,-1.4354381267207705,-1.121622749946069,-1.1216227499460691,0.18154545319572862
2,0.30445341640747736,0.240933613515429,0.5152292192913729,0.5152292192913729,-0.00040490365199932803
1,0.01911335458715743,-0.1781593215436209,-0.20498564717310147,-0.2049856471731014,0.47572687127663393
1,-0.6942367999636423,-0.38770578907314585,-0.5978301197900875,-0.5978301197900878,0.15603839382455145
0,2.3018338491497166,0.36666149403314396,-0.5978301197900875,-0.5978301197900878,0.10162333383270754
0,1.4458136636887569,-1.1420730721794357,-0.6633041985595851,-0.6633041985595852,-1.1720291641013874
1,-0.12355667632300252,1.2048473641512438,-1.121622749946069,-1.1216227499460691,-1.0717013972414253
0,-0.6942367999636423,0.03138714598590404,-0.5323560410205899,-0.5323560410205898,0.47402640065188917
0,0.8751335400481172,-0.6391615501085758,0.5152292192913729,0.5152292192913729,-1.304665872831507
2,0.5897934782277973,0.7019358420803838,-0.07403748963410614,-0.0740374896341065,2.106478200407205
1,-0.6942367999636423,-1.4354381267207705,-0.9252005136375758,-0.9252005136375762,-1.569939290291746
3,-0.6942367999636423,-1.4354381267207705,1.1699700069863497,1.1699700069863497,-0.6652889179273415
1,-0.6942367999636423,-0.9325266046499108,-0.07403748963410614,-0.0740374896341065,0.05230968571509919
3,0.8751335400481172,-1.0163451916617208,0.18785882544388455,0.18785882544388444,-1.1023098684868378
0,-0.2662267072331625,0.618117255068574,0.056910667904889196,0.056910667904888974,0.05060921509035381
1,-0.6942367999636423,0.40857078753904896,-1.5799413013325525,-1.579941301332553,-1.018986807874327
2,0.4471234473176373,0.7019358420803838,0.4497551405218752,0.4497551405218754,0.4893306362745952
3,-0.6942367999636423,0.40857078753904896,1.3663922432948425,1.3663922432948425,-0.8217322154038929
1,-0.6942367999636423,1.3305752446689587,-1.4489931437935573,-1.4489931437935575,-0.6516851529293808
3,-0.6942367999636423,0.576207961562669,1.0390218494473542,1.0390218494473542,0.9824671174506799
2,-0.40889673814332245,-0.5972522566026708,-1.1870968287155665,-1.1870968287155668,0.3430901625465149
2,-0.6942367999636423,-1.4354381267207705,0.9080736919083588,0.9080736919083586,-1.69747458714763
1,0.5897934782277973,-1.1420730721794357,-1.4489931437935573,-1.4489931437935575,-0.2673787917369833
0,-0.6942367999636423,-0.42961508257905084,0.5152292192913729,0.5152292192913729,0.5097362837715368
3,1.160473601868437,-0.3457964955672409,0.9735477706778566,0.9735477706778567,0.7903139368544815
2,-0.6942367999636423,-0.42961508257905084,-0.6633041985595851,-0.6633041985595852,0.5539485200149096
0,-0.12355667632300252,-0.9744358981558158,-0.07403748963410614,-0.0740374896341065,0.822622878724639
0,-0.6942367999636423,-1.1420730721794357,0.5152292192913729,0.5152292192913729,-1.5512341134195493
1,-0.6942367999636423,-0.2200686150495259,-0.7942523560985805,-0.7942523560985807,-1.049595279119739
0,1.0178035709582771,3.6774956809996384,1.9556589522203216,1.9556589522203214,1.9126245491862612
0,1.4458136636887569,-0.8487080176381008,-1.2525709074850642,-1.2525709074850646,-0.20786231987090445
3,-0.6942367999636423,-0.6391615501085758,1.300918164525345,1.3009181645253451,0.29717745567839676
0,2.159163818239557,1.8753960602457236,-0.8597264348680782,-0.8597264348680784,2.1234829066546563
1,-0.6942367999636423,0.199024320009524,-0.6633041985595851,-0.6633041985595852,-0.11433643550992269
3,-0.6942367999636423,-1.2258916591912457,-0.13951156840360382,-0.13951156840360396,-1.3233710497037032
1,3.8712041891614764,-0.5134336695908608,-0.13951156840360382,-0.13951156840360396,-0.5479564448199286
3,0.16178338549731738,1.7915774732339136,0.4497551405218752,0.4497551405218754,0.1849463944452188
0,-0.6942367999636423,-0.9325266046499108,-0.07403748963410614,-0.0740374896341065,-0.10753455301094235
2,-0.6942367999636423,-0.47152437608495584,-0.33593380471209683,-0.3359338047120969,0.5318424018932232
3,-0.6942367999636423,0.28284290702133397,0.6461773768303682,0.6461773768303684,0.4383165175322415
2,0.01911335458715743,-1.4354381267207705,-0.8597264348680782,-0.8597264348680784,-0.8234326860286376
2,-0.6942367999636423,0.9114823096099088,-0.7942523560985805,-0.7942523560985807,0.6423729925016558
3,-0.6942367999636423,-1.2678009526971508,1.1044959282168518,1.1044959282168523,-1.1142131628600533
1,2.016493787329397,-0.5553429630967658,-1.7763635376410456,-1.7763635376410458,0.7239955824894216
1,2.3018338491497166,-0.3457964955672409,-1.9073116951800408,-1.9073116951800413,-0.5564587979436543
3,-0.6942367999636423,-1.4354381267207705,1.1699700069863497,1.1699700069863497,-0.13814302425635447
1,-0.2662267072331625,1.6239402992102936,-1.6454153801020501,-1.6454153801020504,0.35499345691973083
2,-0.2662267072331625,-1.1420730721794357,-1.2525709074850642,-1.2525709074850646,-0.3217938517288272
1,-0.6942367999636423,2.5040354628342985,-0.9252005136375758,-0.9252005136375762,1.2358372405377032
1,-0.5515667690534823,-0.6391615501085758,-0.5978301197900875,-0.5978301197900878,-0.3779093823454165
3,0.16178338549731738,1.0372101901276238,1.300918164525345,1.3009181645253451,1.5606271298640213
2,-0.6942367999636423,-1.1001637786735308,-0.13951156840360382,-0.13951156840360396,-0.3779093823454165
1,-0.6942367999636423,0.7438451355862888,-1.3835190650240596,-1.3835190650240599,0.9535591168300132
3,1.303143632778597,0.9953008966217188,-0.13951156840360382,-0.13951156840360396,0.4111089875363195
1,-0.6942367999636423,1.4143938316807687,-0.8597264348680782,-0.8597264348680784,0.1832459238204734
0,0.8751335400481172,0.11520573299771401,0.12238474667438687,0.122384746674387,-0.3728079704711809
2,-0.6942367999636423,-0.5972522566026708,-0.008563410864608474,-0.008563410864608476,-0.09563125863772647
3,-0.6942367999636423,1.4143938316807687,0.18785882544388455,0.18785882544388444,0.9654624112032291
2,-0.6942367999636423,0.157115026503619,0.8425996131388612,0.8425996131388612,-1.500219994677196
0,-0.6942367999636423,0.618117255068574,-0.8597264348680782,-0.8597264348680784,0.827724290598874
2,-0.40889673814332245,-0.13625002803771594,-0.13951156840360382,-0.13951156840360396,0.15943933507404162
3,-0.6942367999636423,-0.1781593215436209,1.4318663220643402,1.4318663220643406,0.0012955669727454542
2,-0.2662267072331625,0.32475220052723897,1.9556589522203216,1.9556589522203214,1.4245894798844114
2,-0.12355667632300252,0.9953008966217188,0.12238474667438687,0.122384746674387,-0.7418100960408723
0,-0.6942367999636423,0.07329643949180903,-0.13951156840360382,-0.13951156840360396,0.17644404132149305
3,-0.2662267072331625,-0.47152437608495584,-0.07403748963410614,-0.0740374896341065,-0.2809825567349446
1,0.7324635091379572,1.2467566576571487,-0.46688196225109213,-0.46688196225109235,-0.25207455611427726
0,-0.6942367999636423,-0.9744358981558158,-0.008563410864608474,-0.008563410864608476,-0.0038058449014901005
2,-0.6942367999636423,-0.6391615501085758,0.31880698298287985,0.3188069829828799,0.06081203883882491
3,2.5871739109700367,0.7019358420803838,2.5449256611458004,2.5449256611458004,0.6423729925016558
0,-0.5515667690534823,-0.1781593215436209,-0.33593380471209683,-0.3359338047120969,0.6559767574996171
2,-0.6942367999636423,0.6600265485744788,-0.33593380471209683,-0.3359338047120969,0.6780828756213035
3,-0.6942367999636423,0.32475220052723897,1.1699700069863497,1.1699700069863497,0.737599347487383
1,-0.6942367999636423,-0.1781593215436209,0.38428106175237753,0.38428106175237736,0.2699699256824748
0,0.4471234473176373,-0.09434073453181094,-0.008563410864608474,-0.008563410864608476,-0.6584870354283612
2,0.16178338549731738,-0.8067987241321958,-1.4489931437935573,-1.4489931437935575,-1.389689404068763
3,-0.6942367999636423,-1.4354381267207705,1.6282885583728333,1.6282885583728335,-0.6380813879314196
2,-0.6942367999636423,-0.8067987241321958,1.0390218494473542,1.0390218494473542,0.9977713530733859
3,-0.6942367999636423,-0.42961508257905084,-0.13951156840360382,-0.13951156840360396,1.5266177173691184
2,-0.6942367999636423,0.7019358420803838,0.5152292192913729,0.5152292192913729,-0.15684820112855072
2,0.8751335400481172,0.49238937455085896,0.18785882544388455,0.18785882544388444,-1.2825597547098204
3,-0.6942367999636423,-0.5553429630967658,1.1044959282168518,1.1044959282168523,-1.459408699683313
1,-0.40889673814332245,1.1210287771394338,-0.5323560410205899,-0.5323560410205898,1.5521247767402955
1,1.7311537255090768,-0.5134336695908608,-0.4014078834815945,-0.4014078834815949,-1.3080668140809972
0,-0.5515667690534823,-0.7229801371203858,0.31880698298287985,0.3188069829828799,1.4824054811257457
0,-0.6942367999636423,0.8695730161040038,-0.9252005136375758,-0.9252005136375762,1.2579433586593896
0,0.4471234473176373,1.4982124186925787,0.12238474667438687,0.122384746674387,1.5827332479857077
0,-0.6942367999636423,-1.4354381267207705,-0.5323560410205899,-0.5323560410205898,-0.5122465617002808
1,-0.6942367999636423,-1.1420730721794357,-1.2525709074850642,-1.2525709074850646,-0.4459282073352211
1,0.5897934782277973,2.1687611147870585,-0.5978301197900875,-0.5978301197900878,-0.24357220299055152
1,1.0178035709582771,1.2048473641512438,-1.5799413013325525,-1.579941301332553,1.3973819498884896
1,0.01911335458715743,-0.8067987241321958,-0.5978301197900875,-0.5978301197900878,0.5318424018932232
3,-0.6942367999636423,-0.42961508257905084,1.7592367159118285,1.759236715911829,0.3175831031753378
2,-0.6942367999636423,-0.1781593215436209,-0.13951156840360382,-0.13951156840360396,-1.4526068171843325
2,2.7298439418801967,1.5820310057043887,0.4497551405218752,0.4497551405218754,-0.18405573112447265
0,-0.5515667690534823,1.5820310057043887,0.6461773768303682,0.6461773768303684,2.4516737372304647
1,-0.5515667690534823,1.5820310057043887,0.31880698298287985,0.3188069829828799,0.7188941706151861
0,-0.5515667690534823,0.9114823096099088,0.5152292192913729,0.5152292192913729,0.837927114347345
3,-0.6942367999636423,-0.2619779085554309,0.38428106175237753,0.38428106175237736,-0.35240232297423935
1,-0.6942367999636423,-0.1781593215436209,-1.056148671176571,-1.0561486711765713,-1.457708229058568
1,-0.6942367999636423,-1.0163451916617208,-1.7763635376410456,-1.7763635376410458,0.3702976925424369
0,0.8751335400481172,1.0372101901276238,-0.5323560410205899,-0.5323560410205898,-1.3539795209491154
0,-0.12355667632300252,-0.1781593215436209,-1.3835190650240596,-1.3835190650240599,1.0419835893167593
0,-0.6942367999636423,0.03138714598590404,-1.6454153801020501,-1.6454153801020504,0.555648990639655
0,-0.6942367999636423,0.36666149403314396,0.8425996131388612,0.8425996131388612,0.46212310627867326
2,-0.2662267072331625,1.6239402992102936,-0.7287782773290828,-0.7287782773290833,2.227211614764109
1,-0.6942367999636423,-0.8906173111440058,0.8425996131388612,0.8425996131388612,-1.3352743440769193
0,3.5858641273411562,-0.2619779085554309,0.9080736919083588,0.9080736919083586,-0.20786231987090445
0,1.7311537255090768,-0.5972522566026708,-0.4014078834815945,-0.4014078834815949,1.0096746474466018
0,-0.6942367999636423,0.7019358420803838,-0.5323560410205899,-0.5323560410205898,1.0640897074384459
1,0.8751335400481172,-1.2678009526971508,-0.07403748963410614,-0.0740374896341065,-0.6108738579354975
2,7.580624992825635,-0.6810708436144808,0.9735477706778566,0.9735477706778567,-1.8216089427540236
0,-0.6942367999636423,-0.7648894306262908,-0.27045972594259915,-0.2704597259425994,0.2835736906804355
3,2.4445038800598766,2.2525797017988687,2.5449256611458004,2.5449256611458004,-0.0021053742767447145
2,-0.6942367999636423,-0.5972522566026708,0.38428106175237753,0.38428106175237736,0.56075040251389
1,0.01911335458715743,-1.4354381267207705,-0.4014078834815945,-0.4014078834815949,-0.47143526670639824
2,-0.6942367999636423,0.576207961562669,-2.0382598527190363,-2.0382598527190368,-0.34900138172474915
2,0.01911335458715743,0.9533916031158138,-0.4014078834815945,-0.4014078834815949,-0.7894232735337353
1,-0.6942367999636423,-0.5134336695908608,-0.5323560410205899,-0.5323560410205898,0.8753374680917375
3,-0.12355667632300252,-0.09434073453181094,-0.46688196225109213,-0.46688196225109235,-0.5734635041911051
3,2.016493787329397,-0.8487080176381008,1.8247107946813264,1.8247107946813264,-0.3336971461020431
1,0.30445341640747736,0.03138714598590404,-1.2525709074850642,-1.2525709074850646,0.652575816250127
3,-0.6942367999636423,-0.2619779085554309,0.9080736919083588,0.9080736919083586,1.3140588892759784
2,1.7311537255090768,-0.09434073453181094,-0.20498564717310147,-0.2049856471731014,-0.4867395023291043
1,-0.6942367999636423,1.8334867667398187,0.056910667904889196,0.056910667904888974,1.013075588696092
1,0.7324635091379572,-1.0582544851676257,-1.6454153801020501,-1.6454153801020504,-1.8505169433746906
2,0.30445341640747736,0.618117255068574,1.1044959282168518,1.1044959282168523,-0.17725384862549232
2,-0.12355667632300252,-1.3097102462030557,-1.056148671176571,-1.0561486711765713,-0.7163030366696952
1,-0.6942367999636423,-0.1781593215436209,-1.056148671176571,-1.0561486711765713,-1.4679110528070385
1,0.30445341640747736,0.576207961562669,-0.4014078834815945,-0.4014078834815949,1.4534974805050782
0,0.30445341640747736,1.0372101901276238,-0.4014078834815945,-0.4014078834815949,1.040283118692014
3,-0.6942367999636423,0.9114823096099088,1.0390218494473542,1.0390218494473542,0.5454461668911839
1,-0.5515667690534823,1.7077588862221036,0.31880698298287985,0.3188069829828799,0.9943704118238959
0,0.5897934782277973,-1.0582544851676257,-1.8418376164105432,-1.8418376164105437,-0.15174678925431515
0,-0.12355667632300252,0.9533916031158138,0.5152292192913729,0.5152292192913729,0.8719365268422473
0,0.7324635091379572,2.0011239407634385,0.12238474667438687,0.122384746674387,1.9279287848089668
3,2.3018338491497166,-0.3457964955672409,0.7116514555998659,0.7116514555998658,-1.3692837565718214
1,-0.2662267072331625,0.7438451355862888,-1.4489931437935573,-1.4489931437935575,-0.5445555035704384
3,0.8751335400481172,-1.3516195397089608,-0.13951156840360382,-0.13951156840360396,-1.9593470633583785
3,0.01911335458715743,0.45048008104495396,0.9080736919083588,0.9080736919083586,-0.6210766816839687
1,-0.12355667632300252,0.7019358420803838,-0.9906745924070736,-0.9906745924070737,0.6304696981284399
2,-0.6942367999636423,-1.4354381267207705,1.497340400833838,1.497340400833838,-1.5937458790381773
0,-0.6942367999636423,0.199024320009524,-0.07403748963410614,-0.0740374896341065,-1.4202978753141753
1,0.16178338549731738,0.8276637225980988,-1.4489931437935573,-1.4489931437935575,1.2630447705336252
3,-0.12355667632300252,0.45048008104495396,0.2533329042133822,0.2533329042133819,-1.3658828153223312
1,-0.6942367999636423,1.4982124186925787,-0.27045972594259915,-0.2704597259425994,-1.0240882197485621
2,3.3005240655208365,1.5820310057043887,-0.27045972594259915,-0.2704597259425994,-0.35750373484847486
0,-0.12355667632300252,0.240933613515429,-1.3835190650240596,-1.3835190650240599,1.0198774711950729
1,-0.6942367999636423,1.0372101901276238,-0.6633041985595851,-0.6633041985595852,0.6542762868748717
1,-0.6942367999636423,-1.3516195397089608,-0.6633041985595851,-0.6633041985595852,-0.7265058604181663
0,-0.2662267072331625,1.2048473641512438,-0.20498564717310147,-0.2049856471731014,1.4892073636247258
1,-0.6942367999636423,-0.38770578907314585,-0.07403748963410614,-0.0740374896341065,0.6253682862542049
3,-0.6942367999636423,-0.010522147520000953,1.1699700069863497,1.1699700069863497,-1.7331844702672774
1,-0.6942367999636423,1.4563031251866738,-0.6633041985595851,-0.6633041985595852,1.4364927742576274
1,-0.6942367999636423,-0.6391615501085758,-0.9906745924070736,-0.9906745924070737,0.8838398212154632
2,-0.6942367999636423,-0.5972522566026708,2.0211330309898194,2.02113303098982,0.5845569912603218
0,-0.6942367999636423,-0.5134336695908608,0.18785882544388455,0.18785882544388444,1.2715471236573503
1,-0.6942367999636423,-1.3097102462030557,-0.13951156840360382,-0.13951156840360396,0.23766098381231732
2,0.8751335400481172,0.49238937455085896,0.31880698298287985,0.3188069829828799,-0.3694070292216908
1,-0.6942367999636423,0.49238937455085896,-1.056148671176571,-1.0561486711765713,-0.5275507973229869
1,-0.6942367999636423,0.03138714598590404,-0.46688196225109213,-0.46688196225109235,0.12542992257913932
0,-0.6942367999636423,-0.9325266046499108,0.38428106175237753,0.38428106175237736,1.0929977080591131
3,-0.6942367999636423,-0.052431441025905946,1.1044959282168518,1.1044959282168523,1.3548701842698616
2,-0.6942367999636423,-0.2619779085554309,-2.6275265616445154,-2.627526561644516,-0.27248020361121883
2,-0.6942367999636423,-0.6810708436144808,-1.3835190650240596,-1.3835190650240599,0.5250405193942429
0,0.30445341640747736,1.7496681797280087,0.18785882544388455,0.18785882544388444,-1.233246106592212
3,-0.6942367999636423,-0.47152437608495584,0.31880698298287985,0.3188069829828799,0.7699082893575399
1,1.160473601868437,1.5820310057043887,-1.056148671176571,-1.0561486711765713,0.9739647643269542
0,-0.6942367999636423,1.8753960602457236,-0.13951156840360382,-0.13951156840360396,1.0878962961848775
0,-0.6942367999636423,-0.13625002803771594,-0.7287782773290828,-0.7287782773290833,0.07781674508627576
3,-0.6942367999636423,-0.6810708436144808,-0.13951156840360382,-0.13951156840360396,-0.2554754973637674
1,-0.6942367999636423,-1.1420730721794357,-0.33593380471209683,-0.3359338047120969,-1.739986352766258
2,0.30445341640747736,1.2467566576571487,0.9080736919083588,0.9080736919083586,0.11352662820592344
2,4.727224374622436,1.1210287771394338,1.1044959282168518,1.1044959282168523,-0.06502278739231435
0,0.16178338549731738,0.11520573299771401,-0.9252005136375758,-0.9252005136375762,0.46212310627867326
0,-0.6942367999636423,-0.13625002803771594,-1.056148671176571,-1.0561486711765713,-0.966272218507228
0,-0.6942367999636423,-1.4354381267207705,-1.3180449862545618,-1.318044986254562,-0.740109625416127
2,-0.12355667632300252,0.9533916031158138,1.7592367159118285,1.759236715911829,0.77330923060703
1,-0.12355667632300252,1.8334867667398187,-0.13951156840360382,-0.13951156840360396,-1.2519512834644082
0,-0.2662267072331625,-0.3457964955672409,-0.46688196225109213,-0.46688196225109235,0.3685972219176915
0,1.303143632778597,0.32475220052723897,-0.008563410864608474,-0.008563410864608476,0.443417929406477
2,-0.6942367999636423,1.5401217121984836,2.675873818684796,2.6758738186847966,0.4162103994105551
0,-0.12355667632300252,1.6239402992102936,-0.5978301197900875,-0.5978301197900878,0.3907033400393779
1,-0.6942367999636423,-0.9325266046499108,-0.6633041985595851,-0.6633041985595852,0.17644404132149305
2,-0.6942367999636423,-0.052431441025905946,0.056910667904889196,0.056910667904888974,1.1831226511706041
0,-0.6942367999636423,1.6239402992102936,0.38428106175237753,0.38428106175237736,1.5538252473650402
3,0.7324635091379572,1.0791194836335287,0.5152292192913729,0.5152292192913729,0.2495642781855332
2,2.8725139727903564,1.8334867667398187,0.8425996131388612,0.8425996131388612,0.6593776987491072
1,1.160473601868437,0.576207961562669,-0.5323560410205899,-0.5323560410205898,0.6593776987491072
3,-0.6942367999636423,2.5040354628342985,1.3663922432948425,1.3663922432948425,0.9467572343310329
3,-0.6942367999636423,-0.8487080176381008,0.12238474667438687,0.122384746674387,0.5709532262623611
0,-0.6942367999636423,-0.09434073453181094,-0.5323560410205899,-0.5323560410205898,-0.260576909238003
2,-0.6942367999636423,0.32475220052723897,0.9735477706778566,0.9735477706778567,-0.6754917416758126
1,0.01911335458715743,-0.5972522566026708,-0.8597264348680782,-0.8597264348680784,0.9586605287042481
1,5.297904498263076,-1.3097102462030557,-1.2525709074850642,-1.2525709074850646,-1.1669277522271522
3,-0.5515667690534823,-0.5553429630967658,0.18785882544388455,0.18785882544388444,-0.33199667547729833
0,-0.6942367999636423,0.28284290702133397,0.9080736919083588,0.9080736919083586,-0.7877228029089905
1,0.16178338549731738,1.3724845381748638,-0.9252005136375758,-0.9252005136375762,-0.8676449222720111
1,-0.6942367999636423,-1.1839823656853408,-0.9906745924070736,-0.9906745924070737,-1.925337650863476
2,0.01911335458715743,0.9533916031158138,0.056910667904889196,0.056910667904888974,1.8463061948212014
2,-0.6942367999636423,-0.6391615501085758,-0.9252005136375758,-0.9252005136375762,-1.3420762265758994
0,4.299214281891956,-0.7229801371203858,0.9735477706778566,0.9735477706778567,0.2699699256824748
3,-0.2662267072331625,0.11520573299771401,2.086607109759317,2.0866071097593175,-1.3369748147016642
3,-0.2662267072331625,0.9533916031158138,0.12238474667438687,0.122384746674387,0.8515308793453057
3,0.5897934782277973,1.5401217121984836,0.8425996131388612,0.8425996131388612,-1.061498573492955
0,-0.40889673814332245,1.3724845381748638,0.2533329042133822,0.2533329042133819,1.2970541830285274
0,-0.6942367999636423,0.7857544290921938,-0.5978301197900875,-0.5978301197900878,0.44851934128071197
3,-0.6942367999636423,0.40857078753904896,0.18785882544388455,0.18785882544388444,0.3600948687939658
1,-0.6942367999636423,0.36666149403314396,-1.1870968287155665,-1.1870968287155668,0.8923421743391889
2,-0.6942367999636423,-1.2678009526971508,-1.121622749946069,-1.1216227499460691,0.16794168819776734
0,-0.6942367999636423,-0.8067987241321958,-0.20498564717310147,-0.2049856471731014,0.12542992257913932
0,0.7324635091379572,1.0372101901276238,-0.008563410864608474,-0.008563410864608476,1.365073008018332
3,-0.6942367999636423,-1.4354381267207705,1.497340400833838,1.497340400833838,-0.15514773050380531
1,0.30445341640747736,-0.09434073453181094,-0.7287782773290828,-0.7287782773290833,-1.0836046916146413
1,0.16178338549731738,0.11520573299771401,-0.9906745924070736,-0.9906745924070737,-0.4544305604589468
1,-0.6942367999636423,0.28284290702133397,-1.1870968287155665,-1.1870968287155668,-0.14324443613058943
0,0.8751335400481172,1.2467566576571487,0.4497551405218752,0.4497551405218754,1.6167426604806099
3,-0.6942367999636423,-0.2619779085554309,0.9735477706778566,0.9735477706778567,-1.459408699683313
2,0.8751335400481172,1.0372101901276238,0.7116514555998659,0.7116514555998658,2.3139356166261096
3,-0.40889673814332245,0.36666149403314396,1.1699700069863497,1.1699700069863497,0.1696421588225127
0,-0.6942367999636423,0.9533916031158138,-0.5323560410205899,-0.5323560410205898,0.2835736906804355
2,0.4471234473176373,-1.1839823656853408,-0.7942523560985805,-0.7942523560985807,-0.6210766816839687
1,-0.6942367999636423,-0.38770578907314585,-0.008563410864608474,-0.008563410864608476,0.20195110069266964
0,-0.6942367999636423,-0.5134336695908608,-2.431104325336022,-2.4311043253360225,1.4909078342494713
0,-0.2662267072331625,0.9114823096099088,0.18785882544388455,0.18785882544388444,2.53329632721823
1,-0.6942367999636423,-0.2200686150495259,-0.8597264348680782,-0.8597264348680784,1.3786767730162932
1,0.30445341640747736,-0.2200686150495259,-0.7287782773290828,-0.7287782773290833,0.06931439196255064
1,-0.6942367999636423,-1.3097102462030557,-0.4014078834815945,-0.4014078834815949,-1.6617647040279824
2,-0.6942367999636423,-1.0582544851676257,0.2533329042133822,0.2533329042133819,-0.5615602098178892
1,-0.6942367999636423,0.32475220052723897,-0.9906745924070736,-0.9906745924070737,0.5930593443840475
2,1.0178035709582771,0.45048008104495396,1.3663922432948425,1.3663922432948425,0.1696421588225127
2,-0.6942367999636423,0.199024320009524,0.12238474667438687,0.122384746674387,1.701766191717866
1,3.3005240655208365,-0.2200686150495259,-3.020371034261501,-3.020371034261502,-0.07352514051603946
0,-0.6942367999636423,-1.1839823656853408,-2.234682089027529,-2.2346820890275296,-0.08372796426451057
1,-0.6942367999636423,0.576207961562669,-1.3835190650240596,-1.3835190650240599,1.6881624267199054
0,-0.12355667632300252,-0.8906173111440058,0.31880698298287985,0.3188069829828799,0.8243233493493838
2,-0.6942367999636423,-0.5972522566026708,-0.13951156840360382,-0.13951156840360396,-1.2995644609572714
1,-0.2662267072331625,-0.010522147520000953,-1.5799413013325525,-1.579941301332553,0.4264132231590256
3,1.0178035709582771,-0.2200686150495259,1.5628144796033356,1.5628144796033354,-0.1993599667471787
0,0.16178338549731738,2.2106704082929634,-0.07403748963410614,-0.0740374896341065,0.7869129956049913
3,0.30445341640747736,0.03138714598590404,0.5807032980608705,0.5807032980608703,-0.029312904272666668
0,-0.6942367999636423,-0.2200686150495259,0.7771255343693636,0.7771255343693638,0.513137225021027
3,-0.6942367999636423,-0.8487080176381008,0.7116514555998659,0.7116514555998658,0.0046965082222356225
3,0.4471234473176373,1.7915774732339136,0.9735477706778566,0.9735477706778567,0.6984885231182452
2,-0.12355667632300252,-0.8906173111440058,0.9735477706778566,0.9735477706778567,-0.19425855487294316
2,-0.6942367999636423,-0.8067987241321958,-0.6633041985595851,-0.6633041985595852,-1.3658828153223312
1,0.5897934782277973,-0.47152437608495584,-1.056148671176571,-1.0561486711765713,-1.571639760916491
3,-0.6942367999636423,0.36666149403314396,1.4318663220643402,1.4318663220643406,0.5913588737593021
0,1.7311537255090768,1.0791194836335287,-1.056148671176571,-1.0561486711765713,0.43151463503326115
0,-0.6942367999636423,-0.6391615501085758,-0.008563410864608474,-0.008563410864608476,0.7052904056172254
2,0.30445341640747736,-0.5553429630967658,0.38428106175237753,0.38428106175237736,0.9212501749598557
2,0.30445341640747736,-0.09434073453181094,-0.33593380471209683,-0.3359338047120969,-1.7501891765147286
3,0.8751335400481172,0.11520573299771401,1.1044959282168518,1.1044959282168523,0.29887792630314153
0,-0.6942367999636423,-0.052431441025905946,0.9735477706778566,0.9735477706778567,0.3396892212970248
0,0.30445341640747736,-0.09434073453181094,-0.4014078834815945,-0.4014078834815949,-0.005506315526234883
0,-0.5515667690534823,0.8276637225980988,-0.4014078834815945,-0.4014078834815949,1.8190986648252796
3,-0.40889673814332245,0.8276637225980988,0.12238474667438687,0.122384746674387,0.688285699369774
3,-0.6942367999636423,-1.4354381267207705,1.6282885583728333,1.6282885583728335,0.12032851070490377
0,-0.6942367999636423,-1.4354381267207705,-0.008563410864608474,-0.008563410864608476,-0.6584870354283612
3,-0.6942367999636423,0.157115026503619,0.8425996131388612,0.8425996131388612,-0.03781525739639239
2,-0.6942367999636423,-1.0163451916617208,-0.9906745924070736,-0.9906745924070737,0.827724290598874
0,0.01911335458715743,0.157115026503619,-1.121622749946069,-1.1216227499460691,0.48763016564984984
3,-0.2662267072331625,0.36666149403314396,-0.6633041985595851,-0.6633041985595852,-1.1142131628600533
1,-0.6942367999636423,0.9953008966217188,0.056910667904889196,0.056910667904888974,-1.2145409297200154
2,-0.6942367999636423,-1.1839823656853408,1.0390218494473542,1.0390218494473542,-0.8506402160245596
3,1.0178035709582771,0.11520573299771401,0.8425996131388612,0.8425996131388612,-0.7350082135418915
0,-0.6942367999636423,-0.2200686150495259,0.18785882544388455,0.18785882544388444,-0.054819963643843235
0,-0.6942367999636423,0.40857078753904896,-0.33593380471209683,-0.3359338047120969,-1.0155858666248363
3,0.01911335458715743,0.9533916031158138,0.18785882544388455,0.18785882544388444,1.5249172467443737
0,0.4471234473176373,0.07329643949180903,0.4497551405218752,0.4497551405218754,-0.07182466989129468
2,-0.2662267072331625,-0.3038872020613359,-0.07403748963410614,-0.0740374896341065,0.5862574618850671
1,-0.5515667690534823,-0.010522147520000953,-0.07403748963410614,-0.0740374896341065,0.8498304087205609
1,-0.6942367999636423,-1.3516195397089608,-0.008563410864608474,-0.008563410864608476,-0.05992137551807879
1,-0.6942367999636423,-1.1839823656853408,-0.5978301197900875,-0.5978301197900878,-1.5478331721700593
3,0.16178338549731738,1.0372101901276238,1.1044959282168518,1.1044959282168523,1.0368821774425239
0,1.7311537255090768,0.11520573299771401,-0.008563410864608474,-0.008563410864608476,0.4825287537756149
1,0.16178338549731738,-0.7648894306262908,0.12238474667438687,0.122384746674387,-1.1295173984827596
2,-0.12355667632300252,-0.42961508257905084,0.4497551405218752,0.4497551405218754,0.8362266437225997
0,-0.6942367999636423,-1.4354381267207705,-0.07403748963410614,-0.0740374896341065,-1.107411280361073
0,0.01911335458715743,-0.8067987241321958,0.7116514555998659,0.7116514555998658,-0.8081284504059316
0,2.4445038800598766,-0.010522147520000953,0.7116514555998659,0.7116514555998658,0.38560192816514294
2,0.16178338549731738,1.7915774732339136,-1.3180449862545618,-1.318044986254562,0.7052904056172254
0,1.588483694598917,-0.8487080176381008,-0.07403748963410614,-0.0740374896341065,1.713669486091082
3,-0.6942367999636423,-0.8487080176381008,0.12238474667438687,0.122384746674387,-0.058220904893333404
3,-0.12355667632300252,2.4621261693283936,1.1699700069863497,1.1699700069863497,0.8770379387164828
2,-0.6942367999636423,-1.2678009526971508,0.5152292192913729,0.5152292192913729,0.24616333693604303
3,0.5897934782277973,1.9592146472575336,1.4318663220643402,1.4318663220643406,-0.8676449222720111
1,0.5897934782277973,0.32475220052723897,-0.5978301197900875,-0.5978301197900878,1.5453228942413153
0,-0.6942367999636423,0.07329643949180903,-0.20498564717310147,-0.2049856471731014,0.8464294674710702
3,-0.6942367999636423,0.7438451355862888,-0.4014078834815945,-0.4014078834815949,-1.1669277522271522
1,0.4471234473176373,-0.2200686150495259,-0.8597264348680782,-0.8597264348680784,-1.2519512834644082
3,-0.6942367999636423,0.8695730161040038,2.1520811885288147,2.1520811885288147,-1.1941352822230742
0,0.16178338549731738,-0.13625002803771594,0.7771255343693636,0.7771255343693638,0.6202668743799694
1,1.0178035709582771,0.49238937455085896,-1.121622749946069,-1.1216227499460691,0.6287692275036951
1,-0.6942367999636423,0.9114823096099088,-0.8597264348680782,-0.8597264348680784,-0.837036451026599
3,-0.6942367999636423,-0.052431441025905946,0.31880698298287985,0.3188069829828799,0.08631909821000149
0,-0.6942367999636423,-0.2619779085554309,-0.9906745924070736,-0.9906745924070737,0.34989204504549526
2,-0.6942367999636423,0.6600265485744788,1.497340400833838,1.497340400833838,-1.025788690373307
2,-0.2662267072331625,2.4202168758224887,-0.008563410864608474,-0.008563410864608476,1.065790178063191
1,-0.6942367999636423,-0.42961508257905084,-2.234682089027529,-2.2346820890275296,-1.5376303484215885
0,-0.5515667690534823,0.7019358420803838,-0.33593380471209683,-0.3359338047120969,0.7495026418605989
3,1.588483694598917,0.32475220052723897,1.0390218494473542,1.0390218494473542,0.5335428725179681
0,-0.6942367999636423,3.970860735540973,-1.1870968287155665,-1.1870968287155668,0.8583327618442861
0,-0.6942367999636423,-0.47152437608495584,-0.9252005136375758,-0.9252005136375762,1.4824054811257457
2,-0.6942367999636423,-0.5972522566026708,0.2533329042133822,0.2533329042133819,-0.9594703360082474
2,2.016493787329397,0.36666149403314396,0.7771255343693636,0.7771255343693638,0.5199391075200074
1,-0.2662267072331625,0.8695730161040038,-2.103733931488534,-2.1037339314885344,-0.8591425691482854
0,0.4471234473176373,-0.38770578907314585,-1.2525709074850642,-1.2525709074850646,-0.8217322154038929
3,-0.6942367999636423,1.2048473641512438,-0.4014078834815945,-0.4014078834815949,-0.5122465617002808
3,-0.6942367999636423,1.1210287771394338,1.3663922432948425,1.3663922432948425,-1.359080932823351
0,2.4445038800598766,-1.2258916591912457,-0.13951156840360382,-0.13951156840360396,-1.2111399884705254
3,-0.2662267072331625,0.9533916031158138,1.1044959282168518,1.1044959282168523,-0.879548216645227
1,-0.6942367999636423,-0.7229801371203858,-1.056148671176571,-1.0561486711765713,-0.6363809173066748
2,0.7324635091379572,-0.9744358981558158,-0.33593380471209683,-0.3359338047120969,-1.3675832859470765
2,-0.6942367999636423,0.9953008966217188,-0.27045972594259915,-0.2704597259425994,1.7782873698313963
1,-0.6942367999636423,0.28284290702133397,-0.7287782773290828,-0.7287782773290833,0.12372945195439394
0,-0.6942367999636423,-0.3038872020613359,-0.33593380471209683,-0.3359338047120969,0.2257576894391014
1,1.4458136636887569,-0.3457964955672409,-0.4014078834815945,-0.4014078834815949,-0.42722303046302484
3,-0.40889673814332245,1.3724845381748638,0.31880698298287985,0.3188069829828799,1.3735753611420578
3,0.30445341640747736,1.7496681797280087,0.12238474667438687,0.122384746674387,1.9058226666872808
0,1.588483694598917,1.0372101901276238,1.300918164525345,1.3009181645253451,1.6337473667280613
1,2.8725139727903564,1.6239402992102936,-0.7942523560985805,-0.7942523560985807,0.016599802595451515
2,0.30445341640747736,1.7077588862221036,0.7771255343693636,0.7771255343693638,0.84302852622158
3,-0.6942367999636423,-0.42961508257905084,1.890184873450824,1.8901848734508238,-0.9985811603773852
2,-0.6942367999636423,-0.42961508257905084,-0.4014078834815945,-0.4014078834815949,-1.0376919847465231
2,-0.6942367999636423,0.40857078753904896,0.5807032980608705,0.5807032980608703,0.7324979356131474
1,0.5897934782277973,1.3724845381748638,-0.27045972594259915,-0.2704597259425994,1.8429052535717112
1,-0.6942367999636423,1.8334867667398187,-0.5978301197900875,-0.5978301197900878,-0.9781755128804439
1,-0.6942367999636423,-0.6391615501085758,0.056910667904889196,0.056910667904888974,1.6609548967239833
0,-0.6942367999636423,-1.4354381267207705,-1.5799413013325525,-1.579941301332553,-0.13814302425635447
1,5.297904498263076,2.3363982888106785,0.12238474667438687,0.122384746674387,0.17814451194623784
0,-0.6942367999636423,0.199024320009524,-0.27045972594259915,-0.2704597259425994,-0.3643056173474552
2,-0.40889673814332245,1.9592146472575336,-0.27045972594259915,-0.2704597259425994,-1.3522790503243702
0,1.303143632778597,-1.1839823656853408,-1.1870968287155665,-1.1870968287155668,-0.33709808735153324
0,-0.6942367999636423,-0.5972522566026708,-0.4014078834815945,-0.4014078834815949,0.518238636895262
1,-0.6942367999636423,-0.6391615501085758,-1.9727857739495385,-1.972785773949539,0.11352662820592344
2,0.30445341640747736,-0.5972522566026708,0.38428106175237753,0.38428106175237736,0.6015616975077732
0,-0.6942367999636423,-0.8067987241321958,-0.46688196225109213,-0.46688196225109235,-0.12623972988313859
2,-0.6942367999636423,-1.2678009526971508,-0.13951156840360382,-0.13951156840360396,0.07781674508627576
3,0.8751335400481172,-0.6810708436144808,0.9080736919083588,0.9080736919083586,-0.6074729166860074
1,-0.6942367999636423,-1.4354381267207705,-0.5323560410205899,-0.5323560410205898,-1.768894353386925
3,-0.6942367999636423,-0.2619779085554309,0.9080736919083588,0.9080736919083586,0.24616333693604303
0,-0.6942367999636423,-0.7648894306262908,-0.07403748963410614,-0.0740374896341065,-1.0308901022475427
2,-0.6942367999636423,-1.3097102462030557,0.12238474667438687,0.122384746674387,-0.5598597391931445
0,0.5897934782277973,-1.1420730721794357,-1.6454153801020501,-1.6454153801020504,-0.4646333842074173
3,-0.6942367999636423,-1.3516195397089608,1.2354440857558473,1.235444085755847,-1.796101883382847
0,0.5897934782277973,0.6600265485744788,-0.7287782773290828,-0.7287782773290833,0.977365705576445
2,-0.6942367999636423,-0.2200686150495259,1.3663922432948425,1.3663922432948425,-0.3694070292216908
2,-0.6942367999636423,-1.4354381267207705,-0.07403748963410614,-0.0740374896341065,-0.5615602098178892
3,-0.5515667690534823,-0.09434073453181094,0.18785882544388455,0.18785882544388444,0.25466569005976875
0,-0.6942367999636423,-0.5134336695908608,-1.1870968287155665,-1.1870968287155668,0.7682078187327951
1,-0.40889673814332245,-1.0163451916617208,-0.8597264348680782,-0.8597264348680784,-0.33199667547729833
0,-0.6942367999636423,0.9533916031158138,-0.008563410864608474,-0.008563410864608476,0.9926699411991511
1,-0.6942367999636423,-0.5972522566026708,0.31880698298287985,0.3188069829828799,1.6031388954826493
1,-0.6942367999636423,-1.3516195397089608,-1.5144672225630549,-1.5144672225630553,-1.0087839841258561
2,-0.6942367999636423,-0.9325266046499108,-1.3180449862545618,-1.318044986254562,-1.387988933444018
3,2.159163818239557,-0.5553429630967658,1.6282885583728333,1.6282885583728335,0.7239955824894216
2,0.30445341640747736,1.5401217121984836,-1.1870968287155665,-1.1870968287155668,0.8022172312276974
0,0.30445341640747736,0.03138714598590404,-0.9906745924070736,-0.9906745924070737,0.42811369378377095
0,1.160473601868437,1.3724845381748638,-0.6633041985595851,-0.6633041985595852,1.9670396091781053
0,-0.6942367999636423,-0.8067987241321958,-1.3835190650240596,-1.3835190650240599,0.4604226356539279
2,0.8751335400481172,0.28284290702133397,-1.056148671176571,-1.0561486711765713,-1.3641823446975863
1,0.01911335458715743,1.4982124186925787,-0.20498564717310147,-0.2049856471731014,0.9654624112032291
2,-0.40889673814332245,0.9953008966217188,-0.46688196225109213,-0.46688196225109235,2.200004084768186
0,-0.6942367999636423,-0.38770578907314585,-1.9073116951800408,-1.9073116951800413,0.15263745257506128
2,2.159163818239557,1.8334867667398187,0.056910667904889196,0.056910667904888974,-0.010607727400470437
3,1.4458136636887569,0.07329643949180903,-0.4014078834815945,-0.4014078834815949,-0.43062397171251504
3,-0.6942367999636423,-0.47152437608495584,0.8425996131388612,0.8425996131388612,0.020000743844941684
0,0.7324635091379572,-0.010522147520000953,-0.07403748963410614,-0.0740374896341065,1.0453845305662495
2,-0.6942367999636423,-0.9744358981558158,-0.27045972594259915,-0.2704597259425994,-1.2961635197077814
1,1.4458136636887569,0.157115026503619,-0.8597264348680782,-0.8597264348680784,0.7682078187327951
1,-0.12355667632300252,0.7857544290921938,-0.4014078834815945,-0.4014078834815949,-0.5054446792013005
1,-0.6942367999636423,-1.4354381267207705,-1.1870968287155665,-1.1870968287155668,-1.753590117764219
3,-0.6942367999636423,0.28284290702133397,0.5152292192913729,0.5152292192913729,-1.1941352822230742
3,-0.6942367999636423,-0.7229801371203858,0.7771255343693636,0.7771255343693638,0.9416558224567972
3,0.7324635091379572,-0.6391615501085758,0.9735477706778566,0.9735477706778567,0.0183002732201969
0,-0.6942367999636423,0.07329643949180903,-0.33593380471209683,-0.3359338047120969,-1.0665999853671901
2,0.5897934782277973,-0.3457964955672409,1.1699700069863497,1.1699700069863497,-1.2978639903325264
0,-0.2662267072331625,1.2467566576571487,1.3663922432948425,1.3663922432948425,0.6933871112440095
2,0.30445341640747736,2.1268518212811536,0.056910667904889196,0.056910667904888974,0.5828565206355769
2,-0.6942367999636423,0.199024320009524,-3.0858451130309987,-3.0858451130309996,-0.3234943223535726
0,0.5897934782277973,1.3724845381748638,1.4318663220643402,1.4318663220643406,-0.4374258542114953
2,0.16178338549731738,0.8695730161040038,-0.33593380471209683,-0.3359338047120969,-1.3301729322026838
1,0.7324635091379572,1.0791194836335287,-0.9252005136375758,-0.9252005136375762,-1.0427933966207583
2,-0.6942367999636423,0.199024320009524,1.9556589522203216,1.9556589522203214,-0.14154396550584464
0,0.4471234473176373,0.7019358420803838,-0.008563410864608474,-0.008563410864608476,1.934730667307947
1,-0.6942367999636423,0.32475220052723897,-1.056148671176571,-1.0561486711765713,-0.06502278739231435
3,-0.6942367999636423,1.0791194836335287,0.18785882544388455,0.18785882544388444,1.2188325342902517
1,-0.6942367999636423,-0.7229801371203858,0.6461773768303682,0.6461773768303684,0.3805005162909074
3,1.0178035709582771,-0.13625002803771594,-0.5978301197900875,-0.5978301197900878,-0.4204211479640445
0,1.303143632778597,-1.1001637786735308,0.056910667904889196,0.056910667904888974,-1.5614369371680201
1,-0.6942367999636423,-0.8067987241321958,-0.8597264348680782,-0.8597264348680784,0.6100640506314989
0,0.4471234473176373,-0.2619779085554309,-0.4014078834815945,-0.4014078834815949,0.12713039320388472
1,-0.6942367999636423,-0.9325266046499108,-1.6454153801020501,-1.6454153801020504,-1.5665383490422555
1,-0.6942367999636423,1.7077588862221036,-1.2525709074850642,-1.2525709074850646,1.2392381817871934
1,1.0178035709582771,-0.13625002803771594,-1.1870968287155665,-1.1870968287155668,0.77330923060703
2,-0.40889673814332245,0.8276637225980988,-0.07403748963410614,-0.0740374896341065,1.7629831342086901
2,0.8751335400481172,-1.0163451916617208,-0.5978301197900875,-0.5978301197900878,1.082794884310642
0,0.4471234473176373,-0.1781593215436209,-0.46688196225109213,-0.46688196225109235,-0.20616184924615905
2,1.588483694598917,0.28284290702133397,-1.2525709074850642,-1.2525709074850646,-1.5784416434154713
2,0.30445341640747736,-1.4354381267207705,0.5807032980608705,0.5807032980608703,-1.9270381214882213
2,-0.2662267072331625,-1.4354381267207705,-2.0382598527190363,-2.0382598527190368,-1.0700009266166803
0,0.16178338549731738,0.199024320009524,-0.33593380471209683,-0.3359338047120969,-0.46973479608165286
3,-0.6942367999636423,-0.6810708436144808,1.6937626371423309,1.6937626371423309,-0.39491408859286736
1,-0.6942367999636423,-0.9325266046499108,-0.27045972594259915,-0.2704597259425994,0.32268451504957335
0,-0.6942367999636423,-0.9325266046499108,0.38428106175237753,0.38428106175237736,0.8124200549761679
3,-0.6942367999636423,-0.9325266046499108,1.890184873450824,1.8901848734508238,0.3022788675526317
0,-0.6942367999636423,-1.1420730721794357,1.300918164525345,1.3009181645253451,-0.4442277367104763
0,-0.6942367999636423,-0.7229801371203858,-0.7287782773290828,-0.7287782773290833,0.2359605131875719
1,2.4445038800598766,2.2525797017988687,-1.3180449862545618,-1.318044986254562,-0.4850390317043589
0,-0.6942367999636423,-1.4354381267207705,-0.13951156840360382,-0.13951156840360396,-0.7418100960408723
3,-0.6942367999636423,-1.1420730721794357,0.5152292192913729,0.5152292192913729,-0.7180035072944406
0,0.7324635091379572,-0.5972522566026708,-0.07403748963410614,-0.0740374896341065,1.2001273574180555
1,-0.6942367999636423,0.6600265485744788,-1.5144672225630549,-1.5144672225630553,0.5811560500108316
3,-0.6942367999636423,-0.9744358981558158,1.300918164525345,1.3009181645253451,-1.0938075153631122
1,0.7324635091379572,1.3724845381748638,-0.20498564717310147,-0.2049856471731014,-0.7248053897934209
1,-0.6942367999636423,-1.1420730721794357,-1.5144672225630549,-1.5144672225630553,-0.00040490365199932803
1,0.7324635091379572,0.11520573299771401,-1.4489931437935573,-1.4489931437935575,0.5046348718973013
3,1.0178035709582771,0.576207961562669,2.413977503606805,2.4139775036068056,0.24106192506180746
3,0.16178338549731738,0.240933613515429,1.6937626371423309,1.6937626371423309,0.3702976925424369
3,0.16178338549731738,-0.42961508257905084,0.6461773768303682,0.6461773768303684,0.9637619405784837
3,0.30445341640747736,1.7496681797280087,1.8247107946813264,1.8247107946813264,1.1661179449231533
0,0.01911335458715743,-0.3457964955672409,0.12238474667438687,0.122384746674387,0.49613251877357556
2,-0.6942367999636423,-0.3457964955672409,0.7771255343693636,0.7771255343693638,0.28017274943094533
0,-0.6942367999636423,-1.4354381267207705,0.2533329042133822,0.2533329042133819,0.07441580383678559
3,-0.2662267072331625,-0.052431441025905946,-0.13951156840360382,-0.13951156840360396,-0.11263596488517731
3,1.8738237564192368,1.2886659511630538,1.0390218494473542,1.0390218494473542,0.44851934128071197
1,0.4471234473176373,0.6600265485744788,0.38428106175237753,0.38428106175237736,0.9909694705744057
2,-0.6942367999636423,0.07329643949180903,0.7116514555998659,0.7116514555998658,1.0572878249394655
3,-0.6942367999636423,-0.13625002803771594,0.38428106175237753,0.38428106175237736,-0.9883783366289147
0,-0.6942367999636423,-0.2200686150495259,-0.27045972594259915,-0.2704597259425994,0.38730239878988776
2,-0.6942367999636423,-0.13625002803771594,-0.8597264348680782,-0.8597264348680784,0.30057839692788696
3,-0.6942367999636423,0.9953008966217188,0.9735477706778566,0.9735477706778567,0.683184287495539
2,-0.6942367999636423,0.9953008966217188,1.3663922432948425,1.3663922432948425,-0.9560693947587572
3,-0.6942367999636423,2.1268518212811536,-0.46688196225109213,-0.46688196225109235,-0.4323244423372604
3,2.8725139727903564,0.9114823096099088,1.1044959282168518,1.1044959282168523,0.8056181724771876
1,0.5897934782277973,-0.09434073453181094,-1.056148671176571,-1.0561486711765713,0.04890874446560902
0,0.01911335458715743,-1.4354381267207705,-0.6633041985595851,-0.6633041985595852,-1.5648378784175103
0,-0.6942367999636423,1.4982124186925787,0.31880698298287985,0.3188069829828799,-0.7095011541707149
2,-0.6942367999636423,0.7019358420803838,0.12238474667438687,0.122384746674387,-0.024211492398431112
1,-0.40889673814332245,0.7438451355862888,-2.0382598527190363,-2.0382598527190368,2.201704555392931
2,2.016493787329397,-1.2258916591912457,0.31880698298287985,0.3188069829828799,-0.44762867795996647
1,2.016493787329397,0.7438451355862888,-0.008563410864608474,-0.008563410864608476,1.9670396091781053
0,-0.40889673814332245,0.07329643949180903,1.3663922432948425,1.3663922432948425,0.20875298319164998
3,-0.6942367999636423,-0.47152437608495584,1.5628144796033356,1.5628144796033354,-1.1278169278580144
1,2.3018338491497166,0.03138714598590404,-0.07403748963410614,-0.0740374896341065,-0.3643056173474552
0,-0.40889673814332245,-1.0163451916617208,-0.9252005136375758,-0.9252005136375762,-0.9475670416350318
2,0.16178338549731738,1.2886659511630538,-0.9906745924070736,-0.9906745924070737,0.7495026418605989
2,-0.6942367999636423,-0.42961508257905084,-1.056148671176571,-1.0561486711765713,-1.1125126922353084
0,-0.6942367999636423,0.240933613515429,-0.5978301197900875,-0.5978301197900878,0.19174827694419913
3,0.4471234473176373,0.7857544290921938,-0.4014078834815945,-0.4014078834815949,1.4092852442617054
3,-0.6942367999636423,-1.1839823656853408,1.5628144796033356,1.5628144796033354,-0.937364217886561
1,-0.6942367999636423,-0.6391615501085758,-1.3835190650240596,-1.3835190650240599,0.6304696981284399
1,0.30445341640747736,1.2467566576571487,-0.9252005136375758,-0.9252005136375762,0.9365544105825617
1,-0.6942367999636423,-0.42961508257905084,0.31880698298287985,0.3188069829828799,1.5844337186104531
3,-0.6942367999636423,-0.3457964955672409,-0.8597264348680782,-0.8597264348680784,-0.4884399729538491
1,-0.6942367999636423,0.32475220052723897,-1.056148671176571,-1.0561486711765713,-0.39491408859286736
1,-0.6942367999636423,-0.5134336695908608,-2.103733931488534,-2.1037339314885344,-1.6498614096547664
1,-0.6942367999636423,-1.3097102462030557,0.38428106175237753,0.38428106175237736,0.14073415820184537
3,0.01911335458715743,-1.4354381267207705,-0.46688196225109213,-0.46688196225109235,-0.7384091547913816
3,-0.6942367999636423,-1.4354381267207705,1.6937626371423309,1.6937626371423309,-0.7367086841666368
0,-0.6942367999636423,1.0791194836335287,1.4318663220643402,1.4318663220643406,0.14413509945133554
2,4.584554343712276,0.28284290702133397,0.38428106175237753,0.38428106175237736,-1.4253992871884105
3,-0.6942367999636423,1.5820310057043887,1.6282885583728333,1.6282885583728335,1.140610885551976
1,-0.12355667632300252,-1.4354381267207705,-1.056148671176571,-1.0561486711765713,-2.05287294771936
0,-0.6942367999636423,-0.3457964955672409,-1.2525709074850642,-1.2525709074850646,1.0028727649476215
2,-0.2662267072331625,-1.4354381267207705,-0.33593380471209683,-0.3359338047120969,-0.21976561424412033
0,-0.6942367999636423,-0.6810708436144808,0.18785882544388455,0.18785882544388444,-0.18405573112447265
3,0.5897934782277973,-0.7229801371203858,0.8425996131388612,0.8425996131388612,-0.5020437379518103
3,-0.40889673814332245,0.8276637225980988,1.6937626371423309,1.6937626371423309,0.977365705576445
0,-0.12355667632300252,-1.4354381267207705,-1.056148671176571,-1.0561486711765713,-0.740109625416127
0,-0.6942367999636423,-0.7229801371203858,0.12238474667438687,0.122384746674387,0.34138969192176954
3,-0.6942367999636423,0.07329643949180903,1.0390218494473542,1.0390218494473542,-0.015709139274705387
3,-0.6942367999636423,-0.9744358981558158,1.497340400833838,1.497340400833838,0.2393614544370627
0,0.30445341640747736,-1.1420730721794357,0.9735477706778566,0.9735477706778567,-1.8505169433746906
1,-0.40889673814332245,0.28284290702133397,-2.49657840410552,-2.4965784041055206,1.1236061793045253
3,1.8738237564192368,0.32475220052723897,0.5152292192913729,0.5152292192913729,-1.6634651746527274
1,-0.6942367999636423,0.36666149403314396,-0.8597264348680782,-0.8597264348680784,-0.0259119630231765
3,-0.6942367999636423,-0.5553429630967658,0.18785882544388455,0.18785882544388444,0.273370866931965
0,0.01911335458715743,0.8276637225980988,0.2533329042133822,0.2533329042133819,-0.7435105666656172
0,1.160473601868437,-0.1781593215436209,-0.6633041985595851,-0.6633041985595852,0.006396978846981009
1,-0.2662267072331625,0.03138714598590404,-1.121622749946069,-1.1216227499460691,0.1628402763235318
3,-0.6942367999636423,0.8695730161040038,-0.008563410864608474,-0.008563410864608476,-1.1295173984827596
2,-0.2662267072331625,-0.3457964955672409,-0.7287782773290828,-0.7287782773290833,0.118628040080159
1,1.0178035709582771,0.576207961562669,-0.5323560410205899,-0.5323560410205898,-0.6278785641829491
1,-0.6942367999636423,0.36666149403314396,-0.20498564717310147,-0.2049856471731014,-1.6005477615371582
2,0.30445341640747736,1.1629380706453387,0.9735477706778566,0.9735477706778567,-0.5547583273189088
0,-0.6942367999636423,0.618117255068574,-0.6633041985595851,-0.6633041985595852,0.5947598150087928
3,2.016493787329397,-0.09434073453181094,1.890184873450824,1.8901848734508238,0.17814451194623784
3,-0.6942367999636423,1.2048473641512438,0.6461773768303682,0.6461773768303684,-0.9339632766370708
0,0.16178338549731738,0.07329643949180903,0.2533329042133822,0.2533329042133819,0.0029960375974908407
2,0.16178338549731738,1.0372101901276238,0.31880698298287985,0.3188069829828799,1.461999833628804
0,-0.40889673814332245,0.8276637225980988,-0.13951156840360382,-0.13951156840360396,1.54702336486606
3,-0.6942367999636423,-0.5972522566026708,1.1044959282168518,1.1044959282168523,0.485929695025105
3,-0.6942367999636423,0.240933613515429,0.2533329042133822,0.2533329042133819,-0.782621391034755
2,1.303143632778597,-0.5972522566026708,1.6282885583728333,1.6282885583728335,-1.0104844547506011
1,-0.6942367999636423,-0.5134336695908608,-1.2525709074850642,-1.2525709074850646,0.5862574618850671
1,-0.6942367999636423,0.618117255068574,-0.27045972594259915,-0.2704597259425994,-0.190857613623453
3,-0.6942367999636423,-1.1420730721794357,0.9080736919083588,0.9080736919083586,-0.15854867175329548
0,1.7311537255090768,-0.38770578907314585,-0.5323560410205899,-0.5323560410205898,0.45362075315494754
0,1.0178035709582771,0.07329643949180903,-0.8597264348680782,-0.8597264348680784,-0.14834584800482498
0,-0.6942367999636423,0.9114823096099088,0.8425996131388612,0.8425996131388612,1.2698466530326056
1,-0.6942367999636423,-0.5972522566026708,-0.7287782773290828,-0.7287782773290833,1.0776934724364071
1,0.5897934782277973,-0.3457964955672409,-1.8418376164105432,-1.8418376164105437,0.8396275849720898
3,-0.6942367999636423,-1.4354381267207705,0.5807032980608705,0.5807032980608703,-1.274057401586095
1,-0.6942367999636423,-0.13625002803771594,0.31880698298287985,0.3188069829828799,0.6117645212562437
2,-0.6942367999636423,0.576207961562669,1.6282885583728333,1.6282885583728335,-0.25207455611427726
0,-0.6942367999636423,-1.1420730721794357,-0.5323560410205899,-0.5323560410205898,0.5743541675118512
0,1.588483694598917,0.7019358420803838,0.4497551405218752,0.4497551405218754,-0.8880505697689524
2,-0.6942367999636423,0.36666149403314396,0.31880698298287985,0.3188069829828799,-1.4407035228111165
0,0.5897934782277973,1.6658495927161987,0.38428106175237753,0.38428106175237736,1.7884901935798674
3,-0.6942367999636423,1.4563031251866738,-0.5323560410205899,-0.5323560410205898,-1.189033870348839
2,-0.5515667690534823,0.618117255068574,0.18785882544388455,0.18785882544388444,1.1508137093004471
0,0.30445341640747736,0.07329643949180903,-0.008563410864608474,-0.008563410864608476,0.3515925156702407
0,-0.6942367999636423,-1.4354381267207705,0.056910667904889196,0.056910667904888974,-0.5785649160653407
2,1.0178035709582771,3.6774956809996384,0.12238474667438687,0.122384746674387,-1.274057401586095
0,-0.6942367999636423,-0.9325266046499108,0.31880698298287985,0.3188069829828799,-0.24357220299055152
3,-0.6942367999636423,0.07329643949180903,1.9556589522203216,1.9556589522203214,-1.1533239872291912
2,-0.12355667632300252,0.9533916031158138,1.1699700069863497,1.1699700069863497,0.8107195843514231
1,-0.6942367999636423,0.7857544290921938,-1.3180449862545618,-1.318044986254562,1.2630447705336252
3,0.16178338549731738,1.3724845381748638,1.4318663220643402,1.4318663220643406,1.6847614854704152
2,-0.5515667690534823,0.240933613515429,-1.5144672225630549,-1.5144672225630553,0.20025063006792485
0,-0.6942367999636423,-1.4354381267207705,-0.13951156840360382,-0.13951156840360396,0.22065627756486586
0,2.4445038800598766,-0.010522147520000953,-0.4014078834815945,-0.4014078834815949,0.08631909821000149
3,-0.6942367999636423,2.1268518212811536,0.6461773768303682,0.6461773768303684,-0.49524185545282945
0,-0.40889673814332245,1.1210287771394338,1.5628144796033356,1.5628144796033354,0.8770379387164828
3,-0.6942367999636423,-0.6810708436144808,0.2533329042133822,0.2533329042133819,-0.5122465617002808
1,-0.40889673814332245,0.8695730161040038,-0.46688196225109213,-0.46688196225109235,2.128584318528891
0,-0.6942367999636423,-1.1420730721794357,0.12238474667438687,0.122384746674387,-0.7605152729130686
2,-0.2662267072331625,0.32475220052723897,1.2354440857558473,1.235444085755847,0.27677180818145514
1,-0.6942367999636423,-0.5134336695908608,-1.2525709074850642,-1.2525709074850646,0.2614675725587491
1,-0.6942367999636423,-0.5134336695908608,0.5152292192913729,0.5152292192913729,0.91274782183613
2,-0.6942367999636423,-0.47152437608495584,0.4497551405218752,0.4497551405218754,1.5844337186104531
0,1.160473601868437,0.40857078753904896,-0.7287782773290828,-0.7287782773290833,0.9824671174506799
2,-0.6942367999636423,-1.4354381267207705,-1.2525709074850642,-1.2525709074850646,-0.1670510248770212
0,-0.6942367999636423,-0.6391615501085758,-0.13951156840360382,-0.13951156840360396,1.155915121174682
1,1.160473601868437,-0.2200686150495259,-0.33593380471209683,-0.3359338047120969,-0.1364425536316091
0,3.5858641273411562,-0.9325266046499108,0.31880698298287985,0.3188069829828799,-1.726382587768297
1,-0.5515667690534823,0.40857078753904896,-0.13951156840360382,-0.13951156840360396,-1.2825597547098204
0,2.7298439418801967,0.199024320009524,-1.3180449862545618,-1.318044986254562,-0.49524185545282945
0,0.7324635091379572,1.9173053537516287,-1.121622749946069,-1.1216227499460691,2.1404876129021067
2,0.01911335458715743,-0.5134336695908608,-1.5799413013325525,-1.579941301332553,-0.15684820112855072
3,-0.6942367999636423,-0.8067987241321958,0.2533329042133822,0.2533329042133819,0.28697463192992567
1,0.7324635091379572,0.7438451355862888,-1.2525709074850642,-1.2525709074850646,0.3379887506722794
0,-0.40889673814332245,0.36666149403314396,0.056910667904889196,0.056910667904888974,1.1763207686716237
3,0.4471234473176373,-1.1839823656853408,0.38428106175237753,0.38428106175237736,-0.5921686810633013
3,4.299214281891956,-0.7229801371203858,-0.46688196225109213,-0.46688196225109235,0.023401685094431853
0,-0.12355667632300252,0.8695730161040038,-0.46688196225109213,-0.46688196225109235,1.4671012455030394
1,-0.2662267072331625,-1.4354381267207705,-1.2525709074850642,-1.2525709074850646,-0.8676449222720111
1,-0.6942367999636423,0.32475220052723897,-0.5978301197900875,-0.5978301197900878,0.33118686817329906
3,0.01911335458715743,1.2886659511630538,1.0390218494473542,1.0390218494473542,-0.7197039779191854
2,-0.6942367999636423,-0.6391615501085758,0.7116514555998659,0.7116514555998658,-1.598847290912413
3,0.30445341640747736,0.240933613515429,1.497340400833838,1.497340400833838,-0.39321361796812254
1,0.8751335400481172,0.11520573299771401,-0.9906745924070736,-0.9906745924070737,-1.248550342214918
0,-0.6942367999636423,-0.2619779085554309,-0.20498564717310147,-0.2049856471731014,0.5420452256416938
1,-0.6942367999636423,-0.38770578907314585,-1.5144672225630549,-1.5144672225630553,0.4162103994105551
0,-0.6942367999636423,-0.2619779085554309,0.6461773768303682,0.6461773768303684,-0.2979872629823954
0,-0.6942367999636423,-0.8487080176381008,-0.4014078834815945,-0.4014078834815949,1.1032005318075837
3,0.30445341640747736,0.199024320009524,1.3663922432948425,1.3663922432948425,0.3464911037960051
2,-0.6942367999636423,-1.4354381267207705,-0.6633041985595851,-0.6633041985595852,-1.078503279740406
1,-0.6942367999636423,-1.3097102462030557,-1.5799413013325525,-1.579941301332553,-0.31499196922984685
2,0.5897934782277973,-0.8067987241321958,-0.07403748963410614,-0.0740374896341065,-0.5802653866900854
1,0.16178338549731738,1.0372101901276238,-1.121622749946069,-1.1216227499460691,2.4839826791006216
0,-0.6942367999636423,-1.3097102462030557,-0.9906745924070736,-0.9906745924070737,-0.5411545623209476
3,-0.2662267072331625,-0.5134336695908608,2.479451582376303,2.4794515823763033,0.9926699411991511
3,-0.6942367999636423,-1.3516195397089608,0.9735477706778566,0.9735477706778567,-1.755290588388964
3,-0.6942367999636423,-0.6391615501085758,0.9080736919083588,0.9080736919083586,0.3379887506722794
2,0.30445341640747736,-0.7648894306262908,-0.7287782773290828,-0.7287782773290833,-0.25377502673902264
1,-0.12355667632300252,-1.0582544851676257,-0.33593380471209683,-0.3359338047120969,-0.9475670416350318
3,0.30445341640747736,0.45048008104495396,1.497340400833838,1.497340400833838,-1.2417484597159374
1,1.303143632778597,-0.13625002803771594,-0.5978301197900875,-0.5978301197900878,0.9637619405784837
3,0.01911335458715743,0.9533916031158138,0.8425996131388612,0.8425996131388612,0.33118686817329906
2,-0.6942367999636423,-0.9325266046499108,-0.9252005136375758,-0.9252005136375762,-1.7042764696466104
3,1.7311537255090768,0.240933613515429,1.300918164525345,1.3009181645253451,1.6218440723548455
2,0.30445341640747736,-0.2200686150495259,-1.2525709074850642,-1.2525709074850646,0.6321701687531853
2,-0.6942367999636423,0.9953008966217188,-0.7287782773290828,-0.7287782773290833,-1.0121849253753463
0,-0.12355667632300252,-0.052431441025905946,1.0390218494473542,1.0390218494473542,0.38560192816514294
2,-0.12355667632300252,-1.4354381267207705,0.8425996131388612,0.8425996131388612,0.3464911037960051
0,0.4471234473176373,0.7019358420803838,-0.33593380471209683,-0.3359338047120969,0.7239955824894216
3,-0.6942367999636423,0.11520573299771401,1.7592367159118285,1.759236715911829,-0.036114786771647006
0,-0.2662267072331625,-0.010522147520000953,-0.5323560410205899,-0.5323560410205898,0.21385439506588552
0,-0.6942367999636423,-0.6391615501085758,-0.13951156840360382,-0.13951156840360396,0.7478021712358535
2,-0.6942367999636423,-0.1781593215436209,1.0390218494473542,1.0390218494473542,1.4279904211339016
0,2.4445038800598766,-0.13625002803771594,0.5152292192913729,0.5152292192913729,-0.7622157435378134
2,-0.2662267072331625,-0.5134336695908608,-1.121622749946069,-1.1216227499460691,0.24446286631129763
0,0.01911335458715743,-1.4354381267207705,0.4497551405218752,0.4497551405218754,-0.233369379242081
1,-0.6942367999636423,0.9953008966217188,-1.1870968287155665,-1.1870968287155668,-0.49184091420333925
1,-0.6942367999636423,0.07329643949180903,-0.6633041985595851,-0.6633041985595852,0.3141821619258476
0,1.303143632778597,1.0372101901276238,-0.008563410864608474,-0.008563410864608476,0.5709532262623611
0,-0.6942367999636423,-1.1420730721794357,-0.07403748963410614,-0.0740374896341065,-1.9882550639790455
3,0.4471234473176373,-0.1781593215436209,-0.13951156840360382,-0.13951156840360396,1.5232167761196282
0,-0.2662267072331625,0.40857078753904896,-0.6633041985595851,-0.6633041985595852,-0.9815764541299341
2,-0.6942367999636423,-1.0163451916617208,0.4497551405218752,0.4497551405218754,-0.3694070292216908
2,-0.6942367999636423,-1.4354381267207705,-0.7287782773290828,-0.7287782773290833,-1.8879272971190832
0,-0.6942367999636423,-0.9744358981558158,-1.4489931437935573,-1.4489931437935575,-0.4884399729538491
0,-0.6942367999636423,-0.8067987241321958,0.056910667904889196,0.056910667904888974,0.652575816250127
2,-0.6942367999636423,-0.8067987241321958,-1.6454153801020501,-1.6454153801020504,0.5675522850128709
1,-0.6942367999636423,1.4563031251866738,-1.5799413013325525,-1.579941301332553,0.32268451504957335
2,0.01911335458715743,-0.3457964955672409,-0.27045972594259915,-0.2704597259425994,0.0029960375974908407
0,0.7324635091379572,-0.9744358981558158,-0.07403748963410614,-0.0740374896341065,1.2528419467851541
0,0.5897934782277973,0.28284290702133397,-0.9252005136375758,-0.9252005136375762,0.6491748750006368
2,-0.2662267072331625,0.7019358420803838,-0.27045972594259915,-0.2704597259425994,2.5826099753358385
0,1.160473601868437,-0.2619779085554309,-1.8418376164105432,-1.8418376164105437,0.9739647643269542
0,-0.6942367999636423,0.36666149403314396,1.497340400833838,1.497340400833838,0.17304310007200288
1,-0.6942367999636423,-0.3038872020613359,-0.9252005136375758,-0.9252005136375762,0.7699082893575399
0,-0.6942367999636423,-1.1420730721794357,-0.8597264348680782,-0.8597264348680784,-0.8625435103977754
1,1.7311537255090768,-0.1781593215436209,-1.5799413013325525,-1.579941301332553,-0.740109625416127
0,-0.12355667632300252,-1.0163451916617208,0.12238474667438687,0.122384746674387,0.7410002887368731
2,0.8751335400481172,-0.2619779085554309,-0.7287782773290828,-0.7287782773290833,-0.6601875060531065
1,0.30445341640747736,-0.2200686150495259,-1.6454153801020501,-1.6454153801020504,0.9331534693330715
0,-0.6942367999636423,-1.1839823656853408,-0.9252005136375758,-0.9252005136375762,-0.09393078801298108
0,-0.5515667690534823,-0.2619779085554309,-0.6633041985595851,-0.6633041985595852,1.504511599247432
0,-0.6942367999636423,-0.6810708436144808,-0.07403748963410614,-0.0740374896341065,0.3566939275444756
3,-0.6942367999636423,-0.6391615501085758,0.9735477706778566,0.9735477706778567,0.6151654625057339
2,-0.6942367999636423,0.45048008104495396,-0.5323560410205899,-0.5323560410205898,-1.0989089272373473
2,0.5897934782277973,1.6239402992102936,-0.7287782773290828,-0.7287782773290833,2.2476172622610497
1,-0.6942367999636423,-0.47152437608495584,0.5152292192913729,0.5152292192913729,-1.6294557621578252
2,0.8751335400481172,-0.5134336695908608,0.8425996131388612,0.8425996131388612,-0.3779093823454165
3,-0.6942367999636423,2.2106704082929634,0.2533329042133822,0.2533329042133819,-0.020810551148940943
2,-0.40889673814332245,0.6600265485744788,1.1699700069863497,1.1699700069863497,0.21895580694012107
0,-0.6942367999636423,-1.0582544851676257,-0.13951156840360382,-0.13951156840360396,-0.47993761983012334
0,2.016493787329397,0.157115026503619,-0.13951156840360382,-0.13951156840360396,1.557226188614531
3,0.5897934782277973,-0.6810708436144808,0.38428106175237753,0.38428106175237736,0.8209224080998936
3,0.5897934782277973,-0.3457964955672409,1.4318663220643402,1.4318663220643406,0.5658518143881255
1,-0.6942367999636423,-1.4354381267207705,-1.121622749946069,-1.1216227499460691,-0.01230819802521522
0,-0.6942367999636423,-0.6391615501085758,-1.121622749946069,-1.1216227499460691,0.011498390721216565
2,-0.6942367999636423,-0.052431441025905946,0.8425996131388612,0.8425996131388612,0.011498390721216565
2,-0.6942367999636423,-0.7648894306262908,1.6937626371423309,1.6937626371423309,0.2614675725587491
0,1.4458136636887569,-0.052431441025905946,-0.9252005136375758,-0.9252005136375762,0.11182615758117866
2,1.7311537255090768,2.2106704082929634,-0.008563410864608474,-0.008563410864608476,1.8276010179490052
0,0.4471234473176373,0.534298668056764,0.12238474667438687,0.122384746674387,0.710391817491461
3,-0.6942367999636423,0.32475220052723897,0.12238474667438687,0.122384746674387,-1.2009371647220548
1,-0.6942367999636423,-1.4354381267207705,-0.9252005136375758,-0.9252005136375762,-0.9577698653835023
0,-0.6942367999636423,-1.4354381267207705,-0.008563410864608474,-0.008563410864608476,0.04550780321611885
3,1.303143632778597,0.157115026503619,1.1044959282168518,1.1044959282168523,-0.3353976167267885
1,-0.6942367999636423,-1.1420730721794357,-0.7942523560985805,-0.7942523560985807,-0.27248020361121883
3,0.4471234473176373,-0.8487080176381008,0.7116514555998659,0.7116514555998658,-0.4595319723331823
2,1.4458136636887569,0.7857544290921938,1.3663922432948425,1.3663922432948425,1.659254426099238
2,1.588483694598917,0.36666149403314396,0.8425996131388612,0.8425996131388612,0.3464911037960051
2,2.3018338491497166,1.9173053537516287,-1.121622749946069,-1.1216227499460691,1.2902523005295472
1,-0.6942367999636423,-1.1420730721794357,-1.5144672225630549,-1.5144672225630553,-1.882825885244848
3,0.16178338549731738,0.40857078753904896,0.4497551405218752,0.4497551405218754,0.8583327618442861
1,2.8725139727903564,0.7438451355862888,-1.4489931437935573,-1.4489931437935575,1.2409386524119381
0,0.5897934782277973,-0.3457964955672409,-0.13951156840360382,-0.13951156840360396,0.7239955824894216
2,-0.6942367999636423,0.40857078753904896,1.1699700069863497,1.1699700069863497,0.6100640506314989
0,-0.5515667690534823,-0.5972522566026708,-0.5323560410205899,-0.5323560410205898,-1.3777861096955473
3,0.16178338549731738,-0.8487080176381008,0.7116514555998659,0.7116514555998658,1.402483361762725
2,-0.6942367999636423,0.9114823096099088,0.4497551405218752,0.4497551405218754,0.011498390721216565
0,-0.40889673814332245,1.3724845381748638,0.056910667904889196,0.056910667904888974,1.3463678311461358
3,0.4471234473176373,0.49238937455085896,1.300918164525345,1.3009181645253451,-1.3947908159429983
3,-0.6942367999636423,-0.6391615501085758,0.7116514555998659,0.7116514555998658,0.6134649918809891
2,-0.6942367999636423,0.7438451355862888,-1.2525709074850642,-1.2525709074850646,0.9569600580795034
2,-0.12355667632300252,0.576207961562669,-0.008563410864608474,-0.008563410864608476,-0.4646333842074173
0,-0.6942367999636423,-0.38770578907314585,0.9735477706778566,0.9735477706778567,0.3958047519136135
0,-0.12355667632300252,-0.7648894306262908,-0.9906745924070736,-0.9906745924070737,0.009797920096471178
1,-0.6942367999636423,-0.42961508257905084,-0.7942523560985805,-0.7942523560985807,-0.34900138172474915
0,-0.6942367999636423,-1.2258916591912457,-0.13951156840360382,-0.13951156840360396,-0.670390329801577
3,-0.6942367999636423,0.534298668056764,0.7116514555998659,0.7116514555998658,0.24106192506180746
2,0.5897934782277973,0.9114823096099088,-0.5323560410205899,-0.5323560410205898,-1.0461943378702487
2,-0.12355667632300252,-1.3935288332148656,0.18785882544388455,0.18785882544388444,-1.9627480046078685
1,-0.6942367999636423,-0.9325266046499108,-0.008563410864608474,-0.008563410864608476,-1.6226538796588446
2,0.16178338549731738,1.0791194836335287,-0.33593380471209683,-0.3359338047120969,0.25806663130925894
1,-0.40889673814332245,-0.1781593215436209,-0.8597264348680782,-0.8597264348680784,-1.6090501146608835
3,1.7311537255090768,0.8695730161040038,1.497340400833838,1.497340400833838,1.1100024143065639
2,-0.6942367999636423,0.576207961562669,-0.13951156840360382,-0.13951156840360396,-0.6057724460612626
2,-0.6942367999636423,-1.4354381267207705,-2.103733931488534,-2.1037339314885344,-1.5903449377886874
3,0.4471234473176373,1.0372101901276238,0.12238474667438687,0.122384746674387,0.4893306362745952
3,-0.6942367999636423,-1.4354381267207705,1.7592367159118285,1.759236715911829,-0.5819658573148309
2,-0.6942367999636423,-1.4354381267207705,0.38428106175237753,0.38428106175237736,-1.911733885865515
1,-0.6942367999636423,-1.4354381267207705,-0.5978301197900875,-0.5978301197900878,-1.6906727046486494
1,-0.6942367999636423,-1.2258916591912457,-1.3835190650240596,-1.3835190650240599,-0.11603690613466748
1,-0.6942367999636423,-1.4354381267207705,-0.5323560410205899,-0.5323560410205898,-0.05652043426858862
2,0.4471234473176373,-0.5972522566026708,0.6461773768303682,0.6461773768303684,0.2954769850536514
1,-0.6942367999636423,-1.2678009526971508,-1.5799413013325525,-1.579941301332553,-2.0698776539668113
1,-0.6942367999636423,-1.4354381267207705,-1.121622749946069,-1.1216227499460691,-2.0681771833420663
2,2.3018338491497166,1.1629380706453387,0.9735477706778566,0.9735477706778567,0.9059459393371496
2,-0.6942367999636423,-0.5134336695908608,0.8425996131388612,0.8425996131388612,-0.21296373174513938
2,-0.6942367999636423,-0.42961508257905084,-0.8597264348680782,-0.8597264348680784,-1.5954463496629225
1,1.303143632778597,0.03138714598590404,-0.5978301197900875,-0.5978301197900878,0.5369438137674588
3,-0.6942367999636423,-0.7229801371203858,1.6282885583728333,1.6282885583728335,-0.4544305604589468
1,-0.6942367999636423,1.5820310057043887,-0.07403748963410614,-0.0740374896341065,2.043560787291635
3,1.160473601868437,1.5401217121984836,1.5628144796033356,1.5628144796033354,0.20195110069266964
0,-0.6942367999636423,-0.052431441025905946,-0.5978301197900875,-0.5978301197900878,0.19684968881843468
2,-0.6942367999636423,0.28284290702133397,0.6461773768303682,0.6461773768303684,0.29717745567839676
3,-0.6942367999636423,-1.1001637786735308,2.28302934606781,2.2830293460678095,-0.47143526670639824
0,0.01911335458715743,-0.9744358981558158,-0.46688196225109213,-0.46688196225109235,0.2954769850536514
2,-0.6942367999636423,-0.3457964955672409,-0.20498564717310147,-0.2049856471731014,0.885540291840208
0,-0.6942367999636423,-0.9325266046499108,0.12238474667438687,0.122384746674387,0.2053520419421598
2,-0.6942367999636423,0.618117255068574,-0.008563410864608474,-0.008563410864608476,-0.5836663279395756
1,-0.40889673814332245,1.4143938316807687,-1.2525709074850642,-1.2525709074850646,1.414386656135941
2,1.0178035709582771,0.157115026503619,0.8425996131388612,0.8425996131388612,-0.05652043426858862
0,-0.12355667632300252,0.11520573299771401,-0.13951156840360382,-0.13951156840360396,0.22065627756486586
3,0.5897934782277973,-0.7229801371203858,1.1699700069863497,1.1699700069863497,1.4177875973854313
1,0.4471234473176373,-0.2619779085554309,-1.5144672225630549,-1.5144672225630553,0.18834733569470896
3,-0.6942367999636423,0.28284290702133397,1.9556589522203216,1.9556589522203214,0.2563661606845135
2,0.30445341640747736,0.9533916031158138,1.6937626371423309,1.6937626371423309,1.0810944136858973
0,-0.12355667632300252,-0.3038872020613359,-0.4014078834815945,-0.4014078834815949,0.07951721571102115
3,-0.6942367999636423,0.7857544290921938,2.413977503606805,2.4139775036068056,0.870236056217502
0,-0.2662267072331625,0.03138714598590404,-2.5620524828750177,-2.562052482875018,1.2511414761604094
0,-0.6942367999636423,-0.2200686150495259,-0.008563410864608474,-0.008563410864608476,0.25466569005976875
0,-0.6942367999636423,-1.4354381267207705,-0.46688196225109213,-0.46688196225109235,-0.4102183242155734
3,-0.6942367999636423,-0.2200686150495259,0.7771255343693636,0.7771255343693638,0.6151654625057339
2,-0.6942367999636423,0.9114823096099088,-1.1870968287155665,-1.1870968287155668,1.1882240630448397
0,1.303143632778597,1.5820310057043887,0.9735477706778566,0.9735477706778567,0.05060921509035381
1,-0.6942367999636423,-0.6391615501085758,-0.5978301197900875,-0.5978301197900878,0.710391817491461
1,0.16178338549731738,-0.8067987241321958,-1.056148671176571,-1.0561486711765713,0.7767101718565208
2,-0.40889673814332245,-0.5134336695908608,1.6937626371423309,1.6937626371423309,0.3379887506722794
1,-0.2662267072331625,0.11520573299771401,-2.234682089027529,-2.2346820890275296,-0.3762089117206711
0,-0.6942367999636423,-0.13625002803771594,0.9735477706778566,0.9735477706778567,1.1576155917994275
0,-0.6942367999636423,-0.6391615501085758,-0.27045972594259915,-0.2704597259425994,0.03190403821815758
1,-0.6942367999636423,0.32475220052723897,-0.008563410864608474,-0.008563410864608476,-0.3541027935989847
0,-0.6942367999636423,-1.1420730721794357,-0.46688196225109213,-0.46688196225109235,-0.2146642023698848
1,-0.6942367999636423,-0.3457964955672409,-1.5799413013325525,-1.579941301332553,0.6202668743799694
3,-0.6942367999636423,-1.0582544851676257,1.3663922432948425,1.3663922432948425,-0.5275507973229869
3,-0.6942367999636423,0.8276637225980988,0.6461773768303682,0.6461773768303684,0.7750097012317754
2,1.588483694598917,0.36666149403314396,0.056910667904889196,0.056910667904888974,-1.1142131628600533
0,1.160473601868437,0.11520573299771401,-1.3180449862545618,-1.318044986254562,-0.4425272660857309
1,-0.6942367999636423,0.07329643949180903,-1.2525709074850642,-1.2525709074850646,1.2341367699129577
3,2.016493787329397,0.618117255068574,0.2533329042133822,0.2533329042133819,1.1848231217953495
0,-0.6942367999636423,-0.3038872020613359,-1.710889458871548,-1.7108894588715482,1.1270071205540153
1,-0.6942367999636423,-1.4354381267207705,-1.9073116951800408,-1.9073116951800413,-1.755290588388964
2,5.012564436442756,0.32475220052723897,0.6461773768303682,0.6461773768303684,-1.6005477615371582
2,-0.6942367999636423,-0.7229801371203858,0.12238474667438687,0.122384746674387,0.5777551087613414
0,-0.6942367999636423,-1.4354381267207705,-0.5323560410205899,-0.5323560410205898,-0.0021053742767447145
1,-0.12355667632300252,-0.6810708436144808,-0.4014078834815945,-0.4014078834815949,-0.7758195085357746
0,0.7324635091379572,2.0011239407634385,-0.9252005136375758,-0.9252005136375762,0.6763824049965581
2,-0.6942367999636423,-0.42961508257905084,-1.121622749946069,-1.1216227499460691,0.3379887506722794
3,-0.12355667632300252,1.6658495927161987,1.9556589522203216,1.9556589522203214,0.688285699369774
1,-0.6942367999636423,2.2525797017988687,-1.1870968287155665,-1.1870968287155668,1.4177875973854313
2,0.16178338549731738,-0.7648894306262908,0.6461773768303682,0.6461773768303684,-0.12794020050788338
0,-0.6942367999636423,-0.42961508257905084,0.7771255343693636,0.7771255343693638,0.43661604690749667
3,-0.5515667690534823,0.8276637225980988,0.7116514555998659,0.7116514555998658,-1.1244159866085242
2,0.16178338549731738,-0.7229801371203858,-1.121622749946069,-1.1216227499460691,1.1678184155478981
0,-0.6942367999636423,-1.2258916591912457,-0.7287782773290828,-0.7287782773290833,-0.3234943223535726
0,-0.6942367999636423,-1.1420730721794357,-0.5323560410205899,-0.5323560410205898,-0.6312795054324392
0,-0.6942367999636423,-1.4354381267207705,-0.7287782773290828,-0.7287782773290833,-0.7639162141625587
2,2.4445038800598766,-0.3038872020613359,0.5807032980608705,0.5807032980608703,-1.134618810356995
0,-0.2662267072331625,0.49238937455085896,-0.07403748963410614,-0.0740374896341065,-0.31499196922984685
2,0.30445341640747736,-1.1420730721794357,-0.33593380471209683,-0.3359338047120969,-1.656663292153747
1,-0.6942367999636423,0.36666149403314396,-0.4014078834815945,-0.4014078834815949,-0.17215243675125677
3,2.016493787329397,1.5401217121984836,1.1044959282168518,1.1044959282168523,2.1217824360299105
2,-0.6942367999636423,0.199024320009524,1.1044959282168518,1.1044959282168523,-1.1261164572332694
3,-0.6942367999636423,-1.3935288332148656,1.1699700069863497,1.1699700069863497,-0.5938691516880468
3,-0.6942367999636423,0.9953008966217188,1.8247107946813264,1.8247107946813264,0.5420452256416938
2,0.5897934782277973,-0.47152437608495584,-0.6633041985595851,-0.6633041985595852,-0.16365008362753106
2,-0.6942367999636423,0.576207961562669,0.7116514555998659,0.7116514555998658,-1.4832152884297445
0,-0.6942367999636423,1.5820310057043887,-0.07403748963410614,-0.0740374896341065,1.3531697136451162
2,0.30445341640747736,-0.42961508257905084,0.31880698298287985,0.3188069829828799,-0.06842372864180452
0,-0.6942367999636423,-0.42961508257905084,-0.07403748963410614,-0.0740374896341065,0.38560192816514294
1,0.30445341640747736,0.240933613515429,-1.1870968287155665,-1.1870968287155668,0.513137225021027
0,-0.6942367999636423,0.199024320009524,-1.056148671176571,-1.0561486711765713,0.800516760602952
1,-0.6942367999636423,-0.9744358981558158,-1.121622749946069,-1.1216227499460691,-1.7467882352652384
1,-0.6942367999636423,-1.2678009526971508,0.38428106175237753,0.38428106175237736,-2.0137621233502223
2,-0.6942367999636423,-0.13625002803771594,-3.0858451130309987,-3.0858451130309996,-0.11943784738415825
0,-0.6942367999636423,0.576207961562669,-1.5799413013325525,-1.579941301332553,1.3242617130244494
3,0.01911335458715743,0.6600265485744788,1.5628144796033356,1.5628144796033354,-0.345600440475259
1,-0.6942367999636423,-0.5553429630967658,-0.46688196225109213,-0.46688196225109235,-1.404993639691469
0,-0.6942367999636423,0.157115026503619,-0.33593380471209683,-0.3359338047120969,0.4893306362745952
0,0.8751335400481172,0.49238937455085896,-0.07403748963410614,-0.0740374896341065,0.4723259300271438
0,-0.6942367999636423,-0.2619779085554309,0.7116514555998659,0.7116514555998658,-1.3233710497037032
2,-0.6942367999636423,0.36666149403314396,-0.20498564717310147,-0.2049856471731014,-0.4374258542114953
1,-0.6942367999636423,-0.13625002803771594,-0.20498564717310147,-0.2049856471731014,-1.6379581152815506
0,-0.6942367999636423,-1.3097102462030557,-1.2525709074850642,-1.2525709074850646,-0.712902095420205
0,1.8738237564192368,0.07329643949180903,-0.7942523560985805,-0.7942523560985807,0.30567980880212187
1,-0.6942367999636423,-1.0582544851676257,-0.5978301197900875,-0.5978301197900878,-0.9118571585153842
2,-0.6942367999636423,0.36666149403314396,-0.9252005136375758,-0.9252005136375762,1.0300802949435435
2,-0.12355667632300252,-0.8906173111440058,0.12238474667438687,0.122384746674387,-0.15514773050380531
2,-0.6942367999636423,-0.2619779085554309,0.056910667904889196,0.056910667904888974,0.4825287537756149
0,0.16178338549731738,0.9533916031158138,-1.3180449862545618,-1.318044986254562,0.9025449980876594
3,-0.6942367999636423,-0.9325266046499108,0.6461773768303682,0.6461773768303684,0.5777551087613414
3,2.159163818239557,3.3841306264583033,-0.008563410864608474,-0.008563410864608476,1.4909078342494713
2,-0.2662267072331625,0.32475220052723897,0.31880698298287985,0.3188069829828799,0.43661604690749667
3,0.01911335458715743,-0.8067987241321958,1.300918164525345,1.3009181645253451,-1.189033870348839
2,-0.6942367999636423,-0.3457964955672409,0.9735477706778566,0.9735477706778567,0.667880051872833
1,0.30445341640747736,-0.9325266046499108,-0.20498564717310147,-0.2049856471731014,1.1865235924200943
0,2.159163818239557,-0.6391615501085758,-0.6633041985595851,-0.6633041985595852,1.0844953549353873
2,1.4458136636887569,-0.42961508257905084,0.7116514555998659,0.7116514555998658,-1.0002816310021303
3,-0.6942367999636423,-1.0582544851676257,1.497340400833838,1.497340400833838,-1.7637929415126894
3,0.4471234473176373,-0.6391615501085758,0.2533329042133822,0.2533329042133819,-0.5207489148240066
3,-0.6942367999636423,-0.1781593215436209,0.4497551405218752,0.4497551405218754,-0.5394540916962028
1,-0.6942367999636423,-0.9744358981558158,-1.3835190650240596,-1.3835190650240599,-1.5529345840442945
3,-0.6942367999636423,1.6239402992102936,1.8247107946813264,1.8247107946813264,-1.134618810356995
0,-0.6942367999636423,1.0791194836335287,1.0390218494473542,1.0390218494473542,2.3156360872508546
1,-0.6942367999636423,-0.5134336695908608,-1.4489931437935573,-1.4489931437935575,0.011498390721216565
1,-0.6942367999636423,-0.7648894306262908,-1.2525709074850642,-1.2525709074850646,-0.33709808735153324
0,-0.6942367999636423,-0.9325266046499108,0.18785882544388455,0.18785882544388444,-0.4816380904548688
2,-0.6942367999636423,2.1268518212811536,-1.5144672225630549,-1.5144672225630553,0.7563045243595792
0,-0.6942367999636423,-0.7648894306262908,0.7116514555998659,0.7116514555998658,0.8158209962256581
3,-0.6942367999636423,-0.1781593215436209,0.9735477706778566,0.9735477706778567,-1.4815148178049995
1,2.4445038800598766,1.0791194836335287,-1.1870968287155665,-1.1870968287155668,0.07781674508627576
0,-0.6942367999636423,-1.2678009526971508,-0.008563410864608474,-0.008563410864608476,-0.2656783211122385
2,-0.6942367999636423,-0.8487080176381008,0.18785882544388455,0.18785882544388444,1.2664457117831154
1,-0.6942367999636423,-1.2258916591912457,-0.46688196225109213,-0.46688196225109235,0.5114367543962816
0,-0.2662267072331625,0.6600265485744788,-0.4014078834815945,-0.4014078834815949,0.6967880524934997
0,1.4458136636887569,-0.3457964955672409,-0.27045972594259915,-0.2704597259425994,0.737599347487383
1,-0.5515667690534823,-0.8906173111440058,-0.9906745924070736,-0.9906745924070737,1.4892073636247258
2,-0.6942367999636423,1.1629380706453387,-0.7942523560985805,-0.7942523560985807,-0.570062562941615
3,-0.2662267072331625,-0.052431441025905946,1.2354440857558473,1.235444085755847,-0.8268336272781284
2,-0.6942367999636423,-1.1420730721794357,1.300918164525345,1.3009181645253451,-1.741686823391003
2,-0.2662267072331625,0.28284290702133397,-0.07403748963410614,-0.0740374896341065,0.07951721571102115
3,-0.6942367999636423,-0.8067987241321958,0.9080736919083588,0.9080736919083586,1.232436299288213
0,0.8751335400481172,2.043033234269344,-0.6633041985595851,-0.6633041985595852,0.513137225021027
0,1.588483694598917,-0.2200686150495259,1.9556589522203216,1.9556589522203214,0.14413509945133554
0,0.30445341640747736,-1.3516195397089608,-0.13951156840360382,-0.13951156840360396,-0.3200933811040824
3,-0.6942367999636423,-0.5972522566026708,1.3663922432948425,1.3663922432948425,-0.02251102177368633
1,3.0151840037005164,0.07329643949180903,-2.103733931488534,-2.1037339314885344,-1.8709225908716323
0,1.4458136636887569,-0.3457964955672409,0.5807032980608705,0.5807032980608703,1.1083019436818191
1,-0.6942367999636423,-0.6391615501085758,-1.3835190650240596,-1.3835190650240599,-0.18745667237396282
0,0.01911335458715743,0.45048008104495396,0.7771255343693636,0.7771255343693638,-0.05992137551807879
0,-0.6942367999636423,-0.9325266046499108,-1.5144672225630549,-1.5144672225630553,0.17644404132149305
2,-0.6942367999636423,-0.6810708436144808,0.056910667904889196,0.056910667904888974,0.6015616975077732
0,2.3018338491497166,1.3724845381748638,-0.008563410864608474,-0.008563410864608476,-0.024211492398431112
3,-0.6942367999636423,-1.4354381267207705,1.1044959282168518,1.1044959282168523,0.443417929406477
2,1.7311537255090768,1.5401217121984836,0.38428106175237753,0.38428106175237736,1.0113751180713473
3,-0.6942367999636423,-0.47152437608495584,1.6937626371423309,1.6937626371423309,0.3719981631671817
3,-0.40889673814332245,1.2048473641512438,-0.008563410864608474,-0.008563410864608476,0.03190403821815758
0,1.0178035709582771,0.9953008966217188,0.31880698298287985,0.3188069829828799,-0.06502278739231435
0,0.8751335400481172,-1.0163451916617208,-1.1870968287155665,-1.1870968287155668,0.7631064068585596
0,1.8738237564192368,0.32475220052723897,-0.5323560410205899,-0.5323560410205898,0.4043071050373392
2,1.160473601868437,-0.09434073453181094,-0.07403748963410614,-0.0740374896341065,0.1934487475689439
0,0.01911335458715743,-1.4354381267207705,0.18785882544388455,0.18785882544388444,-0.7843218616595004
3,0.5897934782277973,1.7496681797280087,-0.20498564717310147,-0.2049856471731014,0.1390336875771006
1,0.16178338549731738,0.618117255068574,-0.5323560410205899,-0.5323560410205898,0.3924038106641233
0,-0.6942367999636423,-1.2258916591912457,-0.5323560410205899,-0.5323560410205898,-0.06842372864180452
2,-0.6942367999636423,1.9592146472575336,-0.07403748963410614,-0.0740374896341065,-1.3403757559511544
1,-0.12355667632300252,-1.4354381267207705,-1.3835190650240596,-1.3835190650240599,-1.7569910590137092
0,-0.6942367999636423,0.32475220052723897,-0.7287782773290828,-0.7287782773290833,0.9110473512113851
1,1.303143632778597,1.8753960602457236,-0.46688196225109213,-0.46688196225109235,-1.260453636588134
3,1.4458136636887569,-0.13625002803771594,0.5807032980608705,0.5807032980608703,0.008097449471725792
2,1.303143632778597,0.157115026503619,0.12238474667438687,0.122384746674387,0.2597671019340037
3,-0.6942367999636423,0.199024320009524,-0.33593380471209683,-0.3359338047120969,0.2495642781855332
1,1.0178035709582771,0.157115026503619,-0.13951156840360382,-0.13951156840360396,-0.08202749363976519
2,-0.2662267072331625,1.9173053537516287,-0.27045972594259915,-0.2704597259425994,1.3990824205132344
0,2.016493787329397,1.5401217121984836,-0.008563410864608474,-0.008563410864608476,-1.3488781090748803
3,-0.6942367999636423,0.49238937455085896,0.4497551405218752,0.4497551405218754,-0.9424656297607963
2,-0.2662267072331625,0.9533916031158138,0.5152292192913729,0.5152292192913729,0.21215392444114073
0,-0.6942367999636423,-1.2258916591912457,-0.20498564717310147,-0.2049856471731014,0.3022788675526317
2,1.588483694598917,0.9953008966217188,0.2533329042133822,0.2533329042133819,-0.8880505697689524
0,1.8738237564192368,0.36666149403314396,-0.008563410864608474,-0.008563410864608476,-0.31839291047933704
3,-0.6942367999636423,-0.1781593215436209,0.4497551405218752,0.4497551405218754,-0.24867361486478706
3,-0.12355667632300252,-0.9325266046499108,0.7771255343693636,0.7771255343693638,0.8175214668504034
0,1.303143632778597,-0.3457964955672409,0.4497551405218752,0.4497551405218754,0.5539485200149096
1,-0.6942367999636423,-0.7229801371203858,-1.2525709074850642,-1.2525709074850646,-0.15684820112855072
1,-0.6942367999636423,-0.1781593215436209,-0.008563410864608474,-0.008563410864608476,-1.076802809115661
3,-0.6942367999636423,-0.5972522566026708,-0.5323560410205899,-0.5323560410205898,-1.7178802346445714
2,1.0178035709582771,-1.2678009526971508,-1.121622749946069,-1.1216227499460691,0.07951721571102115
1,0.7324635091379572,-0.010522147520000953,-1.3180449862545618,-1.318044986254562,1.5079125404969222
3,0.16178338549731738,-0.2619779085554309,0.38428106175237753,0.38428106175237736,-1.3216705790789582
3,-0.6942367999636423,0.199024320009524,0.7116514555998659,0.7116514555998658,0.42811369378377095
3,3.1578540346106765,-1.1420730721794357,0.5152292192913729,0.5152292192913729,-1.5597364665432751
2,0.8751335400481172,1.9592146472575336,0.18785882544388455,0.18785882544388444,1.098099119933348
3,1.7311537255090768,-0.38770578907314585,-0.13951156840360382,-0.13951156840360396,-0.20446137862141428
1,-0.6942367999636423,-0.8067987241321958,-1.3180449862545618,-1.318044986254562,0.695087581868755
1,-0.2662267072331625,0.618117255068574,-0.33593380471209683,-0.3359338047120969,1.19502594554382
2,-0.6942367999636423,-0.13625002803771594,0.7771255343693636,0.7771255343693638,0.31928357380008315
0,-0.2662267072331625,0.199024320009524,0.7116514555998659,0.7116514555998658,0.5165381662705172
3,-0.6942367999636423,1.7496681797280087,2.28302934606781,2.2830293460678095,0.880438879965973
1,-0.6942367999636423,-0.7229801371203858,-1.7763635376410456,-1.7763635376410458,0.3770995750414172
3,-0.6942367999636423,-0.42961508257905084,0.8425996131388612,0.8425996131388612,-0.32689526360306276
3,-0.12355667632300252,-0.7229801371203858,1.1044959282168518,1.1044959282168523,0.25806663130925894
2,-0.6942367999636423,-0.8487080176381008,-1.3180449862545618,-1.318044986254562,0.667880051872833
1,-0.6942367999636423,-0.47152437608495584,-1.4489931437935573,-1.4489931437935575,-1.5359298777968433
2,2.4445038800598766,-0.7229801371203858,-0.07403748963410614,-0.0740374896341065,-0.9968806897526402
1,0.16178338549731738,0.7019358420803838,-1.6454153801020501,-1.6454153801020504,0.4298141644085158
1,1.303143632778597,0.6600265485744788,-0.9252005136375758,-0.9252005136375762,0.6814838168707936
3,-0.40889673814332245,2.1268518212811536,-0.008563410864608474,-0.008563410864608476,2.200004084768186
1,-0.40889673814332245,-0.5972522566026708,-0.5323560410205899,-0.5323560410205898,0.8481299380958155
3,-0.6942367999636423,-0.1781593215436209,2.086607109759317,2.0866071097593175,-0.1789543192502371
2,-0.6942367999636423,0.07329643949180903,-0.20498564717310147,-0.2049856471731014,0.9756652349516995
0,1.4458136636887569,-0.2619779085554309,0.056910667904889196,0.056910667904888974,-0.33879855797627867
1,0.16178338549731738,-0.8487080176381008,-1.2525709074850642,-1.2525709074850646,-1.1516235166044462
0,0.01911335458715743,-0.010522147520000953,-0.8597264348680782,-0.8597264348680784,0.598160756258283
2,-0.6942367999636423,-1.4354381267207705,1.3663922432948425,1.3663922432948425,-0.7775199791605194
0,-0.6942367999636423,-0.3457964955672409,0.5152292192913729,0.5152292192913729,1.1780212392963691
0,-0.6942367999636423,1.1210287771394338,0.7771255343693636,0.7771255343693638,2.2068059672671665
1,0.7324635091379572,0.45048008104495396,-1.3180449862545618,-1.318044986254562,0.2954769850536514
2,-0.6942367999636423,-1.4354381267207705,1.8247107946813264,1.8247107946813264,-0.7163030366696952
0,-0.40889673814332245,-0.010522147520000953,-0.4014078834815945,-0.4014078834815949,0.6117645212562437
2,1.4458136636887569,-0.8906173111440058,0.9080736919083588,0.9080736919083586,0.31928357380008315
0,0.16178338549731738,0.534298668056764,0.7116514555998659,0.7116514555998658,1.3565706548946064
1,0.30445341640747736,-0.5972522566026708,0.5152292192913729,0.5152292192913729,0.598160756258283
0,2.7298439418801967,0.8276637225980988,-2.0382598527190363,-2.0382598527190368,1.6915633679693955
1,0.16178338549731738,-0.010522147520000953,0.4497551405218752,0.4497551405218754,-1.0802037503651511
2,-0.6942367999636423,-1.1420730721794357,-2.1692080102580316,-2.169208010258032,-0.3217938517288272
2,-0.6942367999636423,-1.0582544851676257,-1.2525709074850642,-1.2525709074850646,-1.0274891609980523
2,1.588483694598917,-1.1839823656853408,-0.7287782773290828,-0.7287782773290833,0.07441580383678559
0,0.7324635091379572,0.7438451355862888,-0.46688196225109213,-0.46688196225109235,-1.374385168446057
2,-0.6942367999636423,-0.2619779085554309,0.31880698298287985,0.3188069829828799,-0.8200317447791474
2,0.4471234473176373,-0.1781593215436209,-0.9906745924070736,-0.9906745924070737,-0.3898126767186324
3,-0.6942367999636423,-1.2678009526971508,-0.33593380471209683,-0.3359338047120969,-1.1312178691075048
2,-0.6942367999636423,-1.4354381267207705,1.300918164525345,1.3009181645253451,-1.5172247009246471
2,0.7324635091379572,1.2467566576571487,-0.9906745924070736,-0.9906745924070737,0.9433562930815421
1,-0.6942367999636423,-0.5972522566026708,-1.1870968287155665,-1.1870968287155668,0.27847227880619996
3,1.4458136636887569,1.9173053537516287,1.1044959282168518,1.1044959282168523,-0.6992983304222443
3,0.01911335458715743,-0.1781593215436209,-0.008563410864608474,-0.008563410864608476,-1.583543055289707
1,-0.6942367999636423,1.2048473641512438,-0.46688196225109213,-0.46688196225109235,0.16794168819776734
1,1.4458136636887569,0.9953008966217188,-0.13951156840360382,-0.13951156840360396,-1.2655550484623692
1,-0.6942367999636423,-1.0582544851676257,-1.3835190650240596,-1.3835190650240599,-0.5326522091972224
1,-0.6942367999636423,-0.052431441025905946,-0.5323560410205899,-0.5323560410205898,0.7716087599822853
2,0.5897934782277973,0.7857544290921938,-0.27045972594259915,-0.2704597259425994,1.4313913623833918
3,-0.6942367999636423,-0.8487080176381008,0.4497551405218752,0.4497551405218754,0.28527416130518085
3,0.30445341640747736,-1.4354381267207705,1.890184873450824,1.8901848734508238,-0.345600440475259
0,-0.6942367999636423,-0.010522147520000953,-0.9252005136375758,-0.9252005136375762,0.2682694550577294
2,0.7324635091379572,-0.2619779085554309,1.6937626371423309,1.6937626371423309,0.04210686196662868
2,1.0178035709582771,2.923128397893348,-1.3180449862545618,-1.318044986254562,0.885540291840208
3,-0.12355667632300252,-0.3038872020613359,1.2354440857558473,1.235444085755847,0.008097449471725792
2,-0.6942367999636423,-0.052431441025905946,-0.07403748963410614,-0.0740374896341065,-1.0836046916146413
2,1.303143632778597,0.7019358420803838,-0.5323560410205899,-0.5323560410205898,1.0215779418198179
0,0.7324635091379572,1.6239402992102936,0.38428106175237753,0.38428106175237736,1.164417474298408
0,1.7311537255090768,0.7438451355862888,1.1044959282168518,1.1044959282168523,1.6184431311053553
0,0.30445341640747736,-1.2678009526971508,0.38428106175237753,0.38428106175237736,-0.44762867795996647
0,1.0178035709582771,0.576207961562669,-0.27045972594259915,-0.2704597259425994,0.12372945195439394
0,0.30445341640747736,0.45048008104495396,-0.13951156840360382,-0.13951156840360396,0.49613251877357556
3,0.4471234473176373,0.07329643949180903,0.056910667904889196,0.056910667904888974,-0.49524185545282945
0,-0.6942367999636423,1.1629380706453387,0.5807032980608705,0.5807032980608703,-0.6669893885520869
2,-0.6942367999636423,-0.9325266046499108,0.38428106175237753,0.38428106175237736,-1.2876611665840558
1,-0.6942367999636423,0.32475220052723897,0.056910667904889196,0.056910667904888974,0.35839439816922103
3,-0.6942367999636423,0.36666149403314396,0.7771255343693636,0.7771255343693638,-0.4629329135826725
1,3.3005240655208365,0.240933613515429,1.300918164525345,1.3009181645253451,-0.058220904893333404
0,1.0178035709582771,0.9953008966217188,0.056910667904889196,0.056910667904888974,0.6440734631264012
1,-0.6942367999636423,-0.3038872020613359,0.31880698298287985,0.3188069829828799,0.7069908762419709
2,0.30445341640747736,-0.47152437608495584,0.38428106175237753,0.38428106175237736,0.8974435862134239
2,-0.6942367999636423,-1.1420730721794357,-1.6454153801020501,-1.6454153801020504,-1.6039487027866481
1,-0.6942367999636423,0.36666149403314396,-0.4014078834815945,-0.4014078834815949,0.026802626343922626
0,2.8725139727903564,0.9533916031158138,-1.056148671176571,-1.0561486711765713,-0.036114786771647006
3,-0.6942367999636423,-1.4354381267207705,1.6282885583728333,1.6282885583728335,-1.7671938827621796
1,-0.6942367999636423,-1.4354381267207705,-1.1870968287155665,-1.1870968287155668,0.11182615758117866
1,-0.6942367999636423,-0.7229801371203858,-1.3835190650240596,-1.3835190650240599,0.9756652349516995
0,0.4471234473176373,-0.47152437608495584,-1.5799413013325525,-1.579941301332553,1.2460400642861738
2,0.16178338549731738,-1.4354381267207705,0.7771255343693636,0.7771255343693638,-1.7944014127581016
3,-0.40889673814332245,-0.13625002803771594,0.9735477706778566,0.9735477706778567,-1.0955079859878571
0,1.7311537255090768,-0.2619779085554309,-0.7287782773290828,-0.7287782773290833,-1.7433872940157482
2,-0.6942367999636423,-1.1420730721794357,-0.008563410864608474,-0.008563410864608476,-1.612451055910374
1,-0.6942367999636423,0.11520573299771401,-0.9906745924070736,-0.9906745924070737,0.12542992257913932
3,1.0178035709582771,-0.7229801371203858,1.4318663220643402,1.4318663220643406,-0.5972700929375369
1,0.5897934782277973,1.3724845381748638,-0.4014078834815945,-0.4014078834815949,1.040283118692014
0,0.30445341640747736,-1.1001637786735308,-1.3835190650240596,-1.3835190650240599,-0.23677032049157118
3,1.4458136636887569,-0.052431441025905946,-1.1870968287155665,-1.1870968287155668,-1.7076774108961006
3,1.0178035709582771,1.3305752446689587,-0.07403748963410614,-0.0740374896341065,-1.0104844547506011
0,0.5897934782277973,-0.3457964955672409,-1.2525709074850642,-1.2525709074850646,-0.07862655239027502
1,-0.6942367999636423,-1.4354381267207705,-0.13951156840360382,-0.13951156840360396,-0.02761243364792128
3,-0.6942367999636423,0.32475220052723897,1.2354440857558473,1.235444085755847,-0.6992983304222443
0,-0.6942367999636423,-0.47152437608495584,-0.27045972594259915,-0.2704597259425994,-0.6652889179273415
0,-0.6942367999636423,-0.8067987241321958,1.2354440857558473,1.235444085755847,0.5165381662705172
2,-0.6942367999636423,-0.7648894306262908,0.5807032980608705,0.5807032980608703,0.336288280047534
1,-0.6942367999636423,-0.47152437608495584,-0.9906745924070736,-0.9906745924070737,-1.571639760916491
3,-0.6942367999636423,0.40857078753904896,0.38428106175237753,0.38428106175237736,-0.8064279797811867
3,-0.6942367999636423,-1.1001637786735308,-0.008563410864608474,-0.008563410864608476,-1.739986352766258
3,0.30445341640747736,0.07329643949180903,1.0390218494473542,1.0390218494473542,0.04550780321611885
3,-0.6942367999636423,-0.6810708436144808,1.7592367159118285,1.759236715911829,-1.5648378784175103
1,-0.6942367999636423,-1.4354381267207705,-1.4489931437935573,-1.4489931437935575,-1.161826340352917
1,2.159163818239557,0.36666149403314396,-0.20498564717310147,-0.2049856471731014,0.3958047519136135
2,-0.6942367999636423,-1.1839823656853408,0.38428106175237753,0.38428106175237736,-0.3728079704711809
1,-0.6942367999636423,-0.8067987241321958,-0.27045972594259915,-0.2704597259425994,-0.18405573112447265
3,-0.6942367999636423,-1.0582544851676257,0.18785882544388455,0.18785882544388444,0.1067247457069431
2,2.016493787329397,-0.38770578907314585,-1.5799413013325525,-1.579941301332553,-0.029312904272666668
2,1.0178035709582771,-0.3457964955672409,0.4497551405218752,0.4497551405218754,-1.219642341594251
3,-0.12355667632300252,-1.4354381267207705,0.18785882544388455,0.18785882544388444,-2.1191913020844195
3,-0.6942367999636423,-1.1839823656853408,-0.008563410864608474,-0.008563410864608476,-1.0172863372495817
3,1.0178035709582771,2.0011239407634385,0.4497551405218752,0.4497551405218754,0.4349155762827513
1,-0.6942367999636423,-0.6391615501085758,-1.3180449862545618,-1.318044986254562,0.3379887506722794
2,-0.6942367999636423,1.0372101901276238,0.6461773768303682,0.6461773768303684,1.6660563085982183
0,-0.6942367999636423,1.5401217121984836,0.31880698298287985,0.3188069829828799,0.922950645584601
1,-0.6942367999636423,-0.9325266046499108,-0.07403748963410614,-0.0740374896341065,0.44001698815698687
0,-0.6942367999636423,-1.4354381267207705,0.31880698298287985,0.3188069829828799,-0.6142747991849884
0,-0.2662267072331625,-0.8906173111440058,0.4497551405218752,0.4497551405218754,0.36519628066820137
1,1.160473601868437,-0.2619779085554309,-0.5978301197900875,-0.5978301197900878,-0.3421994992257688
1,-0.6942367999636423,-0.010522147520000953,-0.9252005136375758,-0.9252005136375762,-1.432201169687391
2,0.16178338549731738,-0.5134336695908608,-0.7287782773290828,-0.7287782773290833,0.3022788675526317
3,-0.6942367999636423,-1.4354381267207705,1.7592367159118285,1.759236715911829,-0.5496569154446733
1,-0.2662267072331625,0.9114823096099088,-0.46688196225109213,-0.46688196225109235,0.6695805224975778
0,-0.6942367999636423,4.096588616058688,-0.6633041985595851,-0.6633041985595852,0.9059459393371496
2,-0.6942367999636423,-0.8067987241321958,-1.056148671176571,-1.0561486711765713,0.6814838168707936
3,-0.6942367999636423,-0.5134336695908608,0.7771255343693636,0.7771255343693638,1.0164765299455822
2,0.4471234473176373,0.6600265485744788,-1.2525709074850642,-1.2525709074850646,-0.9764750422556988
1,1.7311537255090768,0.240933613515429,-1.710889458871548,-1.7108894588715482,0.6236678156294596
0,-0.6942367999636423,-0.010522147520000953,0.2533329042133822,0.2533329042133819,-0.500343267327065
3,1.4458136636887569,-1.1420730721794357,1.0390218494473542,1.0390218494473542,0.06761392133780525
3,-0.6942367999636423,-0.5972522566026708,0.9735477706778566,0.9735477706778567,0.5505475787654195
0,-0.6942367999636423,-1.4354381267207705,-0.7287782773290828,-0.7287782773290833,-2.0409696533461443
0,-0.6942367999636423,0.618117255068574,-0.07403748963410614,-0.0740374896341065,0.6202668743799694
2,-0.6942367999636423,-1.1420730721794357,-0.5978301197900875,-0.5978301197900878,-1.9083329446160247
0,-0.6942367999636423,-0.9744358981558158,-0.07403748963410614,-0.0740374896341065,0.10332380445745293
2,1.303143632778597,0.157115026503619,1.0390218494473542,1.0390218494473542,-1.461109170308058
2,1.160473601868437,-0.1781593215436209,-0.9252005136375758,-0.9252005136375762,-1.404993639691469
1,-0.6942367999636423,-0.3457964955672409,0.5152292192913729,0.5152292192913729,0.5012339306478111
0,-0.6942367999636423,-0.42961508257905084,0.4497551405218752,0.4497551405218754,-0.7350082135418915
3,0.4471234473176373,0.07329643949180903,0.38428106175237753,0.38428106175237736,-0.6686898591768317
1,0.4471234473176373,0.45048008104495396,-1.3180449862545618,-1.318044986254562,-1.2400479890911924
3,2.016493787329397,-0.5553429630967658,-0.27045972594259915,-0.2704597259425994,1.0674906486879359
3,-0.6942367999636423,-1.4354381267207705,0.056910667904889196,0.056910667904888974,0.15603839382455145
3,0.30445341640747736,1.7915774732339136,0.4497551405218752,0.4497551405218754,2.1846998491454808
0,-0.6942367999636423,-0.9744358981558158,-0.008563410864608474,-0.008563410864608476,1.2681461824078601
0,1.0178035709582771,-0.13625002803771594,0.12238474667438687,0.122384746674387,0.23085910131333698
1,-0.6942367999636423,-1.4354381267207705,-1.6454153801020501,-1.6454153801020504,-0.26227737986274835
1,-0.6942367999636423,-0.2200686150495259,-0.7942523560985805,-0.7942523560985807,-1.5954463496629225
3,-0.6942367999636423,0.32475220052723897,0.6461773768303682,0.6461773768303684,-1.4662105821822935
3,1.303143632778597,0.28284290702133397,1.9556589522203216,1.9556589522203214,-1.5665383490422555
0,-0.6942367999636423,-0.8067987241321958,-0.13951156840360382,-0.13951156840360396,0.251264748810278
0,-0.5515667690534823,0.6600265485744788,-0.4014078834815945,-0.4014078834815949,-0.8234326860286376
0,1.588483694598917,-1.4354381267207705,-0.4014078834815945,-0.4014078834815949,-0.38301079421965145
1,-0.6942367999636423,-1.2258916591912457,-1.9727857739495385,-1.972785773949539,-1.8641207083726516
1,-0.6942367999636423,-0.09434073453181094,-1.5144672225630549,-1.5144672225630553,0.7392998181121277
1,-0.40889673814332245,1.1629380706453387,-0.6633041985595851,-0.6633041985595852,-0.7418100960408723
3,-0.6942367999636423,-1.4354381267207705,0.5152292192913729,0.5152292192913729,-0.9271613941380902
0,-0.6942367999636423,-0.1781593215436209,-0.20498564717310147,-0.2049856471731014,-0.388112206093887
2,0.5897934782277973,0.157115026503619,-0.13951156840360382,-0.13951156840360396,0.5777551087613414
1,-0.6942367999636423,-1.1001637786735308,-0.07403748963410614,-0.0740374896341065,-1.3012649315820168
2,0.4471234473176373,-1.1420730721794357,1.1044959282168518,1.1044959282168523,-1.362481874072841
2,1.160473601868437,0.576207961562669,0.2533329042133822,0.2533329042133819,-0.09903219988721663
2,-0.6942367999636423,-1.4354381267207705,-0.07403748963410614,-0.0740374896341065,-1.8879272971190832
1,-0.6942367999636423,-0.8067987241321958,-1.2525709074850642,-1.2525709074850646,0.3941042812888687
2,-0.40889673814332245,-0.5972522566026708,0.7116514555998659,0.7116514555998658,0.5811560500108316
2,-0.6942367999636423,-0.6391615501085758,-0.46688196225109213,-0.46688196225109235,-0.9390646885113061
0,-0.40889673814332245,-0.13625002803771594,0.2533329042133822,0.2533329042133819,1.376976302391548
2,-0.6942367999636423,1.7077588862221036,0.9735477706778566,0.9735477706778567,1.4466955980060978
2,0.16178338549731738,2.2106704082929634,-0.46688196225109213,-0.46688196225109235,-0.542855032945693
3,-0.6942367999636423,-0.5134336695908608,1.3663922432948425,1.3663922432948425,-1.2502508128396632
2,-0.6942367999636423,-1.2258916591912457,0.056910667904889196,0.056910667904888974,-0.42552255983827947
3,1.4458136636887569,-0.3457964955672409,1.6937626371423309,1.6937626371423309,-1.2876611665840558
1,-0.6942367999636423,0.576207961562669,-0.7287782773290828,-0.7287782773290833,0.3600948687939658
1,2.3018338491497166,-0.5972522566026708,-0.33593380471209683,-0.3359338047120969,-1.6209534090340993
3,-0.2662267072331625,0.7857544290921938,0.7116514555998659,0.7116514555998658,1.9806433741760658
2,-0.6942367999636423,-0.052431441025905946,1.1699700069863497,1.1699700069863497,-0.10923502363568714
2,1.0178035709582771,0.45048008104495396,0.5807032980608705,0.5807032980608703,-0.655086094178871
2,0.7324635091379572,-0.6810708436144808,0.12238474667438687,0.122384746674387,0.4111089875363195
2,0.8751335400481172,2.1687611147870585,1.0390218494473542,1.0390218494473542,0.6984885231182452
3,-0.6942367999636423,-0.7648894306262908,0.056910667904889196,0.056910667904888974,1.050485942440485
1,0.4471234473176373,0.07329643949180903,-1.4489931437935573,-1.4489931437935575,-1.2077390472210352
0,-0.6942367999636423,-0.3038872020613359,-0.9252005136375758,-0.9252005136375762,0.2818732200556907
0,-0.5515667690534823,0.534298668056764,0.18785882544388455,0.18785882544388444,0.6253682862542049
3,0.16178338549731738,0.11520573299771401,1.497340400833838,1.497340400833838,-1.5614369371680201
3,0.4471234473176373,0.07329643949180903,0.18785882544388455,0.18785882544388444,-0.47143526670639824
0,0.30445341640747736,-0.5553429630967658,0.056910667904889196,0.056910667904888974,0.15263745257506128
3,1.588483694598917,0.49238937455085896,1.5628144796033356,1.5628144796033354,0.5284414606437331
3,-0.6942367999636423,-1.4354381267207705,1.3663922432948425,1.3663922432948425,-0.34049902860102343
2,0.01911335458715743,-0.5134336695908608,0.7116514555998659,0.7116514555998658,0.640672521876911
3,-0.12355667632300252,1.5401217121984836,0.18785882544388455,0.18785882544388444,0.3907033400393779
2,-0.6942367999636423,-0.47152437608495584,0.18785882544388455,0.18785882544388444,-0.20276090799666888
0,1.8738237564192368,1.7915774732339136,0.18785882544388455,0.18785882544388444,0.8515308793453057
0,-0.6942367999636423,-1.4354381267207705,-0.9252005136375758,-0.9252005136375762,-0.22826796736784546
3,-0.6942367999636423,-1.2258916591912457,2.0211330309898194,2.02113303098982,-1.1261164572332694
3,-0.6942367999636423,-0.09434073453181094,-0.008563410864608474,-0.008563410864608476,0.18834733569470896
3,-0.6942367999636423,-0.1781593215436209,0.9735477706778566,0.9735477706778567,0.24106192506180746
1,-0.6942367999636423,-1.4354381267207705,-0.33593380471209683,-0.3359338047120969,-0.5309517385724771
2,0.30445341640747736,-1.4354381267207705,0.38428106175237753,0.38428106175237736,-0.7996260972822065
3,1.4458136636887569,0.7019358420803838,1.3663922432948425,1.3663922432948425,-1.0172863372495817
2,-0.40889673814332245,2.3363982888106785,-0.20498564717310147,-0.2049856471731014,-0.15344725987906055
3,-0.6942367999636423,-0.8067987241321958,1.1699700069863497,1.1699700069863497,-0.14324443613058943
3,-0.2662267072331625,0.6600265485744788,1.6282885583728333,1.6282885583728335,0.21385439506588552
3,-0.40889673814332245,-0.1781593215436209,2.086607109759317,2.0866071097593175,0.16454074694827717
2,3.7285341582513163,0.7019358420803838,-0.6633041985595851,-0.6633041985595852,0.1169275694554136
1,-0.6942367999636423,-1.4354381267207705,-0.20498564717310147,-0.2049856471731014,-0.41361926546506356
2,-0.6942367999636423,-1.4354381267207705,0.5152292192913729,0.5152292192913729,0.3958047519136135
2,1.588483694598917,0.7438451355862888,1.0390218494473542,1.0390218494473542,-1.3794865803202923
2,-0.6942367999636423,-0.2619779085554309,0.9080736919083588,0.9080736919083586,-1.62775529153308
0,3.0151840037005164,0.28284290702133397,-0.13951156840360382,-0.13951156840360396,-0.6023715048117725
2,-0.6942367999636423,0.28284290702133397,-0.46688196225109213,-0.46688196225109235,-0.7962251560327157
3,0.4471234473176373,1.0372101901276238,1.0390218494473542,1.0390218494473542,2.4074615009870906
0,-0.6942367999636423,0.36666149403314396,-0.27045972594259915,-0.2704597259425994,0.56075040251389
1,-0.6942367999636423,0.7438451355862888,-1.121622749946069,-1.1216227499460691,0.3039793381773771
1,-0.6942367999636423,-0.13625002803771594,-1.4489931437935573,-1.4489931437935575,-1.5257270540483725
2,-0.6942367999636423,-0.5134336695908608,0.31880698298287985,0.3188069829828799,-0.010607727400470437
2,-0.40889673814332245,1.1210287771394338,0.7771255343693636,0.7771255343693638,0.598160756258283
1,0.7324635091379572,-0.5972522566026708,-1.056148671176571,-1.0561486711765713,0.18154545319572862
3,0.16178338549731738,-0.7229801371203858,0.9735477706778566,0.9735477706778567,-0.3728079704711809
0,-0.6942367999636423,-1.0582544851676257,0.6461773768303682,0.6461773768303684,0.5505475787654195
0,-0.2662267072331625,-0.3038872020613359,1.0390218494473542,1.0390218494473542,-0.05992137551807879
3,-0.6942367999636423,0.36666149403314396,0.9080736919083588,0.9080736919083586,-1.4679110528070385
3,1.4458136636887569,0.11520573299771401,-0.07403748963410614,-0.0740374896341065,0.14243462882659078
0,-0.6942367999636423,-1.1839823656853408,-0.6633041985595851,-0.6633041985595852,0.5369438137674588
2,-0.5515667690534823,-0.42961508257905084,0.18785882544388455,0.18785882544388444,-1.699175057772375
3,-0.6942367999636423,-0.5972522566026708,0.9735477706778566,0.9735477706778567,0.1067247457069431
2,-0.6942367999636423,-0.5972522566026708,-0.5978301197900875,-0.5978301197900878,0.6355711100026755
0,0.30445341640747736,0.45048008104495396,-0.33593380471209683,-0.3359338047120969,0.3907033400393779
0,-0.6942367999636423,-0.8487080176381008,-0.13951156840360382,-0.13951156840360396,-1.248550342214918
3,1.0178035709582771,2.923128397893348,0.6461773768303682,0.6461773768303684,-0.05652043426858862
3,0.7324635091379572,-1.4354381267207705,1.497340400833838,1.497340400833838,-1.161826340352917
3,0.30445341640747736,-0.010522147520000953,0.18785882544388455,0.18785882544388444,-0.1789543192502371
3,-0.5515667690534823,2.8393098108815384,2.413977503606805,2.4139775036068056,0.4026066344125938
3,-0.2662267072331625,-1.4354381267207705,1.300918164525345,1.3009181645253451,-0.6448832704304005
3,2.016493787329397,-0.7648894306262908,1.5628144796033356,1.5628144796033354,-0.9475670416350318
2,0.30445341640747736,-0.13625002803771594,-1.3835190650240596,-1.3835190650240599,-0.3081900867308665
2,-0.6942367999636423,1.2886659511630538,-0.5978301197900875,-0.5978301197900878,2.0554640816648506
2,-0.6942367999636423,0.576207961562669,1.6937626371423309,1.6937626371423309,-0.5411545623209476
2,-0.12355667632300252,1.5401217121984836,0.5807032980608705,0.5807032980608703,-0.260576909238003
0,-0.6942367999636423,0.7857544290921938,0.9735477706778566,0.9735477706778567,0.9365544105825617
2,1.303143632778597,0.9953008966217188,0.056910667904889196,0.056910667904888974,-0.5955696223127915
0,-0.6942367999636423,-0.9325266046499108,-0.33593380471209683,-0.3359338047120969,0.04720827384086364
2,-0.6942367999636423,-0.9325266046499108,-1.3180449862545618,-1.318044986254562,-0.18235526049972728
1,2.4445038800598766,-0.5972522566026708,-0.33593380471209683,-0.3359338047120969,-0.18065478987498249
1,0.7324635091379572,0.8276637225980988,-0.7942523560985805,-0.7942523560985807,0.7988162899782072
3,0.30445341640747736,-0.42961508257905084,2.28302934606781,2.2830293460678095,-0.7112016247954597
0,0.30445341640747736,0.28284290702133397,-0.27045972594259915,-0.2704597259425994,0.12713039320388472
2,1.4458136636887569,-0.42961508257905084,0.9080736919083588,0.9080736919083586,0.24106192506180746
3,-0.6942367999636423,0.576207961562669,0.9080736919083588,0.9080736919083586,-0.18405573112447265
3,0.4471234473176373,-0.3457964955672409,1.0390218494473542,1.0390218494473542,-1.4628096409328033
0,-0.6942367999636423,-1.2678009526971508,-0.7942523560985805,-0.7942523560985807,-0.5105460910755355
2,-0.6942367999636423,-0.5553429630967658,1.7592367159118285,1.759236715911829,-0.3677065585969454
0,-0.2662267072331625,0.7857544290921938,-1.3180449862545618,-1.318044986254562,0.27507133755670976
3,1.160473601868437,-0.13625002803771594,1.497340400833838,1.497340400833838,-1.4202978753141753
0,1.160473601868437,-0.5553429630967658,0.31880698298287985,0.3188069829828799,-0.21976561424412033
2,-0.40889673814332245,0.40857078753904896,0.12238474667438687,0.122384746674387,0.8481299380958155
3,-0.6942367999636423,-0.6810708436144808,0.5807032980608705,0.5807032980608703,0.36689675129294674
3,-0.6942367999636423,-0.6810708436144808,0.7116514555998659,0.7116514555998658,-1.1006093978620923
3,-0.6942367999636423,-1.0582544851676257,1.5628144796033356,1.5628144796033354,-1.4815148178049995
3,2.8725139727903564,0.9533916031158138,-0.27045972594259915,-0.2704597259425994,-0.3285957342278075
0,-0.6942367999636423,-1.0163451916617208,-2.0382598527190363,-2.0382598527190368,0.6219673450047148
1,-0.6942367999636423,-0.5134336695908608,-1.7763635376410456,-1.7763635376410458,0.336288280047534
2,0.01911335458715743,0.9953008966217188,-1.121622749946069,-1.1216227499460691,-0.47483620795588843
3,-0.6942367999636423,0.03138714598590404,0.38428106175237753,0.38428106175237736,1.677959602971434
1,-0.5515667690534823,-0.5553429630967658,-0.8597264348680782,-0.8597264348680784,0.43151463503326115
2,0.4471234473176373,-0.2619779085554309,0.38428106175237753,0.38428106175237736,-1.2077390472210352
1,-0.6942367999636423,0.7438451355862888,-0.008563410864608474,-0.008563410864608476,0.2835736906804355
3,-0.6942367999636423,-0.7648894306262908,1.8247107946813264,1.8247107946813264,-0.6618879766778513
2,0.7324635091379572,1.2048473641512438,0.056910667904889196,0.056910667904888974,1.1015000611828383
2,-0.6942367999636423,-1.4354381267207705,-0.9906745924070736,-0.9906745924070737,-0.7758195085357746
1,-0.2662267072331625,0.6600265485744788,-0.7287782773290828,-0.7287782773290833,-1.498519524052451
0,-0.2662267072331625,0.28284290702133397,0.5807032980608705,0.5807032980608703,0.5811560500108316
0,-0.6942367999636423,-0.5972522566026708,-0.008563410864608474,-0.008563410864608476,-0.3898126767186324
0,-0.6942367999636423,0.6600265485744788,-0.8597264348680782,-0.8597264348680784,-1.0240882197485621
2,-0.6942367999636423,0.11520573299771401,-0.5323560410205899,-0.5323560410205898,-1.6719675277764532
0,1.160473601868437,1.5820310057043887,-1.4489931437935573,-1.4489931437935575,1.9602377266791249
1,-0.5515667690534823,-1.4354381267207705,-1.2525709074850642,-1.2525709074850646,-0.5275507973229869
3,-0.40889673814332245,2.9650376913992535,1.3663922432948425,1.3663922432948425,-0.4442277367104763
2,-0.6942367999636423,2.9650376913992535,1.0390218494473542,1.0390218494473542,-1.064899514742445
3,-0.5515667690534823,-0.8067987241321958,1.6282885583728333,1.6282885583728335,-1.503620935926686
0,0.16178338549731738,0.11520573299771401,-0.4014078834815945,-0.4014078834815949,1.5827332479857077
2,-0.6942367999636423,0.32475220052723897,-0.7287782773290828,-0.7287782773290833,-0.5530578566941635
1,0.30445341640747736,0.40857078753904896,0.18785882544388455,0.18785882544388444,0.15603839382455145
3,-0.6942367999636423,0.9114823096099088,0.8425996131388612,0.8425996131388612,0.8243233493493838
2,-0.6942367999636423,-0.9744358981558158,-1.1870968287155665,-1.1870968287155668,-0.0922303173882363
2,-0.6942367999636423,-1.4354381267207705,1.300918164525345,1.3009181645253451,-0.6227771523087134
2,-0.12355667632300252,-0.8487080176381008,-1.2525709074850642,-1.2525709074850646,1.12190570867978
2,-0.6942367999636423,-1.4354381267207705,1.0390218494473542,1.0390218494473542,-1.7910004715086114
1,1.8738237564192368,1.2886659511630538,-0.5323560410205899,-0.5323560410205898,-1.2587531659633888
3,-0.5515667690534823,0.9114823096099088,1.3663922432948425,1.3663922432948425,-0.7741190379110293
3,0.5897934782277973,0.6600265485744788,0.31880698298287985,0.3188069829828799,0.5760546381365961
0,-0.6942367999636423,-0.5972522566026708,-1.6454153801020501,-1.6454153801020504,-1.503620935926686
2,1.8738237564192368,0.32475220052723897,0.8425996131388612,0.8425996131388612,-1.090406574113622
0,-0.6942367999636423,1.3305752446689587,-1.8418376164105432,-1.8418376164105437,0.26656898443298466
1,-0.6942367999636423,2.6716726368579184,-1.056148671176571,-1.0561486711765713,0.5913588737593021
3,-0.6942367999636423,-0.3038872020613359,2.0211330309898194,2.02113303098982,-0.6686898591768317
2,2.5871739109700367,1.0791194836335287,0.056910667904889196,0.056910667904888974,-0.39661455921761274
3,-0.6942367999636423,-1.1420730721794357,0.9735477706778566,0.9735477706778567,-0.966272218507228
2,-0.6942367999636423,-1.4354381267207705,-1.1870968287155665,-1.1870968287155668,-1.712778822770336
0,-0.6942367999636423,-0.1781593215436209,0.12238474667438687,0.122384746674387,-0.1024331411367068
0,-0.6942367999636423,-0.9744358981558158,-2.0382598527190363,-2.0382598527190368,-0.017409609899450774
1,-0.6942367999636423,-0.42961508257905084,-1.5144672225630549,-1.5144672225630553,-0.2231665554936105
0,1.0178035709582771,-0.2200686150495259,0.2533329042133822,0.2533329042133819,0.44171745878173163
0,-0.6942367999636423,0.7857544290921938,-0.46688196225109213,-0.46688196225109235,2.2493177328857947
3,1.4458136636887569,-0.42961508257905084,1.0390218494473542,1.0390218494473542,-0.2894849098586703
2,-0.6942367999636423,1.3305752446689587,-0.4014078834815945,-0.4014078834815949,0.9365544105825617
2,-0.6942367999636423,0.32475220052723897,-1.056148671176571,-1.0561486711765713,0.2478638075607878
0,0.30445341640747736,-0.8906173111440058,-0.6633041985595851,-0.6633041985595852,1.0963986493086033
3,-0.6942367999636423,-0.6810708436144808,1.7592367159118285,1.759236715911829,0.07271533321204081
0,-0.2662267072331625,1.7915774732339136,-0.6633041985595851,-0.6633041985595852,0.7120922881162057
2,0.4471234473176373,-1.3516195397089608,-1.1870968287155665,-1.1870968287155668,-1.1822319878498582
3,-0.6942367999636423,0.11520573299771401,0.5807032980608705,0.5807032980608703,-1.433901640312136
2,-0.6942367999636423,-0.6391615501085758,-0.33593380471209683,-0.3359338047120969,-1.6090501146608835
2,1.8738237564192368,-0.13625002803771594,0.5807032980608705,0.5807032980608703,-0.7928242147832255
3,2.159163818239557,0.45048008104495396,1.9556589522203216,1.9556589522203214,-0.34049902860102343
3,0.5897934782277973,-0.7229801371203858,0.5807032980608705,0.5807032980608703,0.506335342522046
0,-0.5515667690534823,-0.9744358981558158,0.8425996131388612,0.8425996131388612,1.3123584186512336
3,-0.6942367999636423,1.5401217121984836,1.6282885583728333,1.6282885583728335,0.1832459238204734
2,-0.6942367999636423,-0.8487080176381008,0.8425996131388612,0.8425996131388612,1.55042430611555
0,0.16178338549731738,1.3305752446689587,-0.8597264348680782,-0.8597264348680784,1.8752141954418688
2,0.01911335458715743,-0.1781593215436209,1.4318663220643402,1.4318663220643406,-0.24187173236580672
0,-0.6942367999636423,1.4563031251866738,0.056910667904889196,0.056910667904888974,2.2187092616403823
1,-0.6942367999636423,-0.010522147520000953,-1.6454153801020501,-1.6454153801020504,1.1355094736777411
1,-0.2662267072331625,1.1210287771394338,-1.3835190650240596,-1.3835190650240599,0.36689675129294674
1,1.588483694598917,0.8695730161040038,-1.4489931437935573,-1.4489931437935575,0.730797464988402
1,0.16178338549731738,0.534298668056764,-0.7287782773290828,-0.7287782773290833,-1.319970108454213
2,-0.40889673814332245,1.3724845381748638,1.6937626371423309,1.6937626371423309,-0.08712890551400074
1,-0.6942367999636423,-0.8906173111440058,-1.5799413013325525,-1.579941301332553,0.21895580694012107
1,-0.6942367999636423,-1.4354381267207705,-1.6454153801020501,-1.6454153801020504,0.014899331970706732
1,0.01911335458715743,-1.0582544851676257,-0.13951156840360382,-0.13951156840360396,-0.8166308035296573
1,-0.6942367999636423,0.157115026503619,-0.46688196225109213,-0.46688196225109235,1.2681461824078601
1,0.7324635091379572,0.9114823096099088,-1.1870968287155665,-1.1870968287155668,1.6235445429795903
3,-0.6942367999636423,0.03138714598590404,0.18785882544388455,0.18785882544388444,-1.2383475184664472
2,-0.6942367999636423,-0.3457964955672409,-2.0382598527190363,-2.0382598527190368,1.0674906486879359
1,-0.6942367999636423,-0.8067987241321958,-0.5978301197900875,-0.5978301197900878,0.7818115837307558
1,-0.6942367999636423,-0.7229801371203858,-0.5978301197900875,-0.5978301197900878,-1.5750407021659811
2,-0.6942367999636423,-0.9325266046499108,-0.46688196225109213,-0.46688196225109235,-1.7331844702672774
1,0.7324635091379572,0.7857544290921938,-0.8597264348680782,-0.8597264348680784,2.2102069085166574
3,0.01911335458715743,0.8276637225980988,1.1699700069863497,1.1699700069863497,0.8056181724771876
1,-0.6942367999636423,-1.0163451916617208,-0.008563410864608474,-0.008563410864608476,1.0674906486879359
3,-0.6942367999636423,-0.3457964955672409,1.497340400833838,1.497340400833838,-1.6430595271557862
1,1.8738237564192368,1.7915774732339136,-0.8597264348680782,-0.8597264348680784,-1.277458342835585
2,-0.6942367999636423,3.970860735540973,-1.6454153801020501,-1.6454153801020504,-1.025788690373307
2,-0.6942367999636423,-0.2200686150495259,-0.008563410864608474,-0.008563410864608476,0.27677180818145514
0,-0.6942367999636423,0.28284290702133397,-0.4014078834815945,-0.4014078834815949,-1.219642341594251
1,-0.2662267072331625,-1.0582544851676257,-0.6633041985595851,-0.6633041985595852,0.4247127525342808
0,0.5897934782277973,2.8812191043874433,0.9080736919083588,0.9080736919083586,-1.1176141041095438
2,-0.6942367999636423,-1.1420730721794357,2.675873818684796,2.6758738186847966,-0.5207489148240066
1,-0.6942367999636423,-0.2619779085554309,-1.056148671176571,-1.0561486711765713,-0.0701241992665493
2,-0.6942367999636423,1.0791194836335287,1.2354440857558473,1.235444085755847,1.6949643092188857
3,1.303143632778597,-0.5134336695908608,-1.2525709074850642,-1.2525709074850646,-0.49184091420333925
0,-0.6942367999636423,0.9114823096099088,0.31880698298287985,0.3188069829828799,-1.3692837565718214
1,1.0178035709582771,2.4202168758224887,-0.27045972594259915,-0.2704597259425994,-1.1873333997240938
2,-0.2662267072331625,-0.13625002803771594,-1.6454153801020501,-1.6454153801020504,1.19842688679331
3,1.0178035709582771,2.3363982888106785,-0.9252005136375758,-0.9252005136375762,1.8173981942005342
1,-0.6942367999636423,-1.4354381267207705,0.056910667904889196,0.056910667904888974,-0.5853667985643211
1,-0.6942367999636423,0.8695730161040038,-0.8597264348680782,-0.8597264348680784,0.928052057458836
3,-0.12355667632300252,0.199024320009524,1.1044959282168518,1.1044959282168523,-1.5359298777968433
1,-0.6942367999636423,-0.5134336695908608,-0.07403748963410614,-0.0740374896341065,0.35329298629498546
2,-0.5515667690534823,-0.7229801371203858,-1.7763635376410456,-1.7763635376410458,-0.6295790348076944
1,0.4471234473176373,-0.9325266046499108,-1.056148671176571,-1.0561486711765713,-0.27248020361121883
2,2.8725139727903564,0.7438451355862888,-0.5323560410205899,-0.5323560410205898,-1.1839324584746034
0,-0.40889673814332245,0.8276637225980988,0.12238474667438687,0.122384746674387,-0.5054446792013005
2,-0.6942367999636423,0.7019358420803838,-0.9906745924070736,-0.9906745924070737,0.4383165175322415
3,-0.6942367999636423,-0.9744358981558158,2.28302934606781,2.2830293460678095,-0.31499196922984685
0,-0.40889673814332245,0.9953008966217188,0.12238474667438687,0.122384746674387,0.23766098381231732
2,-0.6942367999636423,-0.6810708436144808,0.4497551405218752,0.4497551405218754,0.18664686506996356
2,1.160473601868437,-1.3097102462030557,-0.008563410864608474,-0.008563410864608476,-0.3438999698505142
0,0.5897934782277973,0.8695730161040038,-0.4014078834815945,-0.4014078834815949,1.68646195609516
3,-0.6942367999636423,-0.8487080176381008,0.31880698298287985,0.3188069829828799,-0.3898126767186324
3,0.7324635091379572,1.1629380706453387,2.2175552672983123,2.2175552672983123,0.9739647643269542
0,-0.6942367999636423,-1.3516195397089608,0.056910667904889196,0.056910667904888974,-0.190857613623453
2,-0.2662267072331625,1.2048473641512438,1.0390218494473542,1.0390218494473542,1.0028727649476215
2,-0.12355667632300252,1.8334867667398187,1.300918164525345,1.3009181645253451,1.6116412486063745
3,-0.6942367999636423,-0.9325266046499108,-0.7942523560985805,-0.7942523560985807,0.28017274943094533
3,0.5897934782277973,1.6658495927161987,0.6461773768303682,0.6461773768303684,1.4671012455030394
0,-0.6942367999636423,-0.9325266046499108,1.1699700069863497,1.1699700069863497,-0.15514773050380531
3,-0.6942367999636423,-1.2678009526971508,1.1044959282168518,1.1044959282168523,-0.8557416278987952
0,-0.6942367999636423,-0.13625002803771594,0.2533329042133822,0.2533329042133819,1.662655367348728
2,-0.6942367999636423,-0.7229801371203858,-0.008563410864608474,-0.008563410864608476,1.6575539554744931
2,-0.6942367999636423,-0.8067987241321958,1.2354440857558473,1.235444085755847,0.030203567593412792
3,-0.6942367999636423,0.199024320009524,1.6937626371423309,1.6937626371423309,0.1169275694554136
2,-0.6942367999636423,-0.42961508257905084,2.28302934606781,2.2830293460678095,0.29717745567839676
1,1.4458136636887569,-0.42961508257905084,0.4497551405218752,0.4497551405218754,0.7290969943636573
3,0.7324635091379572,-1.1839823656853408,0.5152292192913729,0.5152292192913729,-1.84031411962622
0,-0.6942367999636423,0.7019358420803838,-0.7942523560985805,-0.7942523560985807,1.40758477363696
0,-0.6942367999636423,-1.4354381267207705,1.1699700069863497,1.1699700069863497,-0.8557416278987952
0,-0.6942367999636423,0.03138714598590404,0.5152292192913729,0.5152292192913729,0.17814451194623784
2,-0.12355667632300252,0.03138714598590404,1.9556589522203216,1.9556589522203214,-0.6244776229334589
1,-0.40889673814332245,-0.1781593215436209,-1.5799413013325525,-1.579941301332553,-1.0138853960000913
0,0.4471234473176373,1.2886659511630538,-0.46688196225109213,-0.46688196225109235,0.9008445274629141
1,-0.2662267072331625,-0.3038872020613359,-0.9252005136375758,-0.9252005136375762,1.3429668898966456
1,-0.6942367999636423,-1.3097102462030557,0.2533329042133822,0.2533329042133819,-0.2639778504874931
1,0.01911335458715743,-0.1781593215436209,-2.0382598527190363,-2.0382598527190368,0.14413509945133554
2,2.4445038800598766,1.1210287771394338,-0.33593380471209683,-0.3359338047120969,1.5861341892351979
0,-0.6942367999636423,-0.052431441025905946,-1.121622749946069,-1.1216227499460691,-0.7707180966615391
1,-0.6942367999636423,-1.4354381267207705,-1.5144672225630549,-1.5144672225630553,-0.39321361796812254
3,-0.6942367999636423,-1.4354381267207705,2.7413478974542937,2.741347897454294,-0.35750373484847486
2,-0.6942367999636423,-0.5134336695908608,-0.008563410864608474,-0.008563410864608476,-0.3438999698505142
1,0.7324635091379572,-0.9325266046499108,-0.27045972594259915,-0.2704597259425994,0.652575816250127
2,-0.40889673814332245,0.36666149403314396,-1.056148671176571,-1.0561486711765713,-1.5240265834236275
3,2.016493787329397,-1.2258916591912457,1.0390218494473542,1.0390218494473542,-2.05287294771936
2,0.01911335458715743,-0.3457964955672409,1.8247107946813264,1.8247107946813264,0.788613466229736
1,-0.6942367999636423,-0.9744358981558158,-1.9727857739495385,-1.972785773949539,0.09142051008423703
3,-0.6942367999636423,0.07329643949180903,0.056910667904889196,0.056910667904888974,0.5318424018932232
0,-0.6942367999636423,-0.13625002803771594,0.056910667904889196,0.056910667904888974,1.628645954853826
2,0.30445341640747736,-1.1420730721794357,0.12238474667438687,0.122384746674387,-0.24017126174106135
3,1.8738237564192368,0.9953008966217188,1.2354440857558473,1.235444085755847,-0.8625435103977754
3,0.8751335400481172,-1.2678009526971508,0.12238474667438687,0.122384746674387,-1.9984578877275163
0,0.5897934782277973,0.28284290702133397,0.7116514555998659,0.7116514555998658,1.0198774711950729
1,0.5897934782277973,0.9533916031158138,-0.9252005136375758,-0.9252005136375762,1.7187708979653173
0,-0.6942367999636423,-0.9325266046499108,1.5628144796033356,1.5628144796033354,1.244339593661429
3,1.8738237564192368,-0.5134336695908608,0.6461773768303682,0.6461773768303684,0.4519202825302028
0,3.1578540346106765,-1.1420730721794357,-0.7942523560985805,-0.7942523560985807,-0.6856945654242831
0,-0.6942367999636423,-1.4354381267207705,0.38428106175237753,0.38428106175237736,-0.34049902860102343
2,-0.6942367999636423,-0.2619779085554309,1.3663922432948425,1.3663922432948425,-1.1380197516064852
0,-0.6942367999636423,-1.1420730721794357,-0.27045972594259915,-0.2704597259425994,0.23085910131333698
1,2.159163818239557,-1.0163451916617208,-0.6633041985595851,-0.6633041985595852,0.23766098381231732
2,-0.40889673814332245,-0.010522147520000953,0.31880698298287985,0.3188069829828799,-1.389689404068763
2,0.30445341640747736,1.0791194836335287,-2.1692080102580316,-2.169208010258032,1.3514692430203714
3,3.7285341582513163,0.7019358420803838,0.2533329042133822,0.2533329042133819,-0.9832769247546792
1,-0.6942367999636423,-0.13625002803771594,-1.2525709074850642,-1.2525709074850646,-0.49184091420333925
2,-0.6942367999636423,-1.1420730721794357,0.12238474667438687,0.122384746674387,0.1713426294472575
2,0.16178338549731738,-1.1839823656853408,1.5628144796033356,1.5628144796033354,-0.01230819802521522
3,1.303143632778597,1.4982124186925787,1.3663922432948425,1.3663922432948425,1.5963370129836683
2,2.3018338491497166,-0.2200686150495259,-0.5978301197900875,-0.5978301197900878,-0.4374258542114953
1,-0.6942367999636423,0.576207961562669,-1.4489931437935573,-1.4489931437935575,-1.7297835290177872
1,0.01911335458715743,0.9533916031158138,-0.07403748963410614,-0.0740374896341065,-0.840437392276089
0,4.727224374622436,1.1210287771394338,-1.121622749946069,-1.1216227499460691,1.2902523005295472
3,0.01911335458715743,0.7857544290921938,1.5628144796033356,1.5628144796033354,-0.5275507973229869
2,-0.6942367999636423,-1.1001637786735308,0.8425996131388612,0.8425996131388612,-0.30989055735561133
2,0.5897934782277973,0.6600265485744788,0.8425996131388612,0.8425996131388612,-1.0972084566126024
3,-0.12355667632300252,-0.5553429630967658,1.7592367159118285,1.759236715911829,-1.490017170928725
1,1.0178035709582771,0.36666149403314396,-0.9252005136375758,-0.9252005136375762,1.562327600488766
1,0.4471234473176373,-0.6391615501085758,-0.13951156840360382,-0.13951156840360396,-0.9458665710102867
0,0.8751335400481172,0.49238937455085896,-0.5323560410205899,-0.5323560410205898,1.589535130484688
0,-0.6942367999636423,-0.010522147520000953,-0.07403748963410614,-0.0740374896341065,-1.104010339111583
3,4.584554343712276,-0.6391615501085758,0.5152292192913729,0.5152292192913729,-0.190857613623453
1,-0.6942367999636423,-1.2678009526971508,-0.5323560410205899,-0.5323560410205898,-0.2146642023698848
1,1.7311537255090768,0.7857544290921938,-1.3180449862545618,-1.318044986254562,1.5980374836084137
2,2.8725139727903564,1.9592146472575336,-0.008563410864608474,-0.008563410864608476,1.113403355556054
3,3.0151840037005164,0.9953008966217188,1.1044959282168518,1.1044959282168523,0.36689675129294674
2,-0.6942367999636423,-1.3097102462030557,0.7771255343693636,0.7771255343693638,-0.5972700929375369
3,-0.6942367999636423,-1.3935288332148656,1.890184873450824,1.8901848734508238,-0.24357220299055152
0,-0.6942367999636423,-0.1781593215436209,-0.9906745924070736,-0.9906745924070737,0.6814838168707936
1,-0.5515667690534823,-0.38770578907314585,-0.46688196225109213,-0.46688196225109235,-1.0836046916146413
0,0.16178338549731738,1.3305752446689587,-1.056148671176571,-1.0561486711765713,-0.8387369216513437
0,-0.40889673814332245,0.40857078753904896,-0.5978301197900875,-0.5978301197900878,1.104901002432329
1,-0.6942367999636423,2.3363982888106785,-0.6633041985595851,-0.6633041985595852,1.8497071360706916
3,0.8751335400481172,0.240933613515429,0.7116514555998659,0.7116514555998658,0.09822239258321737
0,-0.12355667632300252,-1.1420730721794357,0.18785882544388455,0.18785882544388444,-0.04461713989537273
2,-0.6942367999636423,-0.9744358981558158,0.8425996131388612,0.8425996131388612,-1.1941352822230742
3,-0.40889673814332245,0.07329643949180903,0.5807032980608705,0.5807032980608703,0.8906417037144435
3,1.588483694598917,-1.4354381267207705,0.9080736919083588,0.9080736919083586,-0.42212161858878927
1,0.01911335458715743,1.2467566576571487,-0.5978301197900875,-0.5978301197900878,1.402483361762725
3,-0.6942367999636423,-0.7648894306262908,2.28302934606781,2.2830293460678095,-1.416896934064685
0,-0.6942367999636423,1.3305752446689587,-0.6633041985595851,-0.6633041985595852,1.8769146660666136
3,-0.6942367999636423,-0.6391615501085758,0.9080736919083588,0.9080736919083586,-0.7962251560327157
2,-0.6942367999636423,0.534298668056764,-1.121622749946069,-1.1216227499460691,0.780111113106011
1,-0.6942367999636423,0.07329643949180903,-1.2525709074850642,-1.2525709074850646,-1.4288002284379009
0,-0.6942367999636423,0.07329643949180903,-0.46688196225109213,-0.46688196225109235,0.3685972219176915
2,-0.2662267072331625,-1.4354381267207705,-0.07403748963410614,-0.0740374896341065,-0.9271613941380902
1,-0.2662267072331625,0.36666149403314396,-1.1870968287155665,-1.1870968287155668,1.4228890092596662
3,-0.6942367999636423,0.45048008104495396,2.413977503606805,2.4139775036068056,-0.4867395023291043
3,-0.6942367999636423,0.9114823096099088,1.6937626371423309,1.6937626371423309,1.1865235924200943
3,0.8751335400481172,-0.6391615501085758,0.7116514555998659,0.7116514555998658,-0.4867395023291043
1,-0.12355667632300252,0.03138714598590404,-0.6633041985595851,-0.6633041985595852,1.2545424174098994
0,-0.6942367999636423,0.9953008966217188,1.300918164525345,1.3009181645253451,-0.09733172926247124
1,0.4471234473176373,-1.1839823656853408,-1.121622749946069,-1.1216227499460691,-1.9372409452366917
3,-0.6942367999636423,0.576207961562669,0.18785882544388455,0.18785882544388444,-0.3694070292216908
0,-0.2662267072331625,0.32475220052723897,0.2533329042133822,0.2533329042133819,-1.0734018678661708
1,-0.6942367999636423,-0.8067987241321958,-0.6633041985595851,-0.6633041985595852,0.443417929406477
2,2.159163818239557,3.3841306264583033,0.6461773768303682,0.6461773768303684,-0.7367086841666368
1,-0.6942367999636423,0.49238937455085896,-1.056148671176571,-1.0561486711765713,1.6082403073568843
0,-0.6942367999636423,-1.4354381267207705,0.7116514555998659,0.7116514555998658,-0.8710458635215012
3,0.16178338549731738,-1.1839823656853408,-0.008563410864608474,-0.008563410864608476,-0.6941969185480088
3,-0.6942367999636423,0.32475220052723897,1.4318663220643402,1.4318663220643406,-1.7331844702672774
0,-0.6942367999636423,-0.9744358981558158,-0.7942523560985805,-0.7942523560985807,-0.5241498560734967
1,-0.6942367999636423,0.11520573299771401,-1.3180449862545618,-1.318044986254562,0.48763016564984984
3,1.4458136636887569,0.240933613515429,0.18785882544388455,0.18785882544388444,-1.4832152884297445
0,-0.6942367999636423,0.36666149403314396,-0.27045972594259915,-0.2704597259425994,0.011498390721216565
0,1.0178035709582771,-0.09434073453181094,-1.7763635376410456,-1.7763635376410458,-1.7518896471394736
2,-0.6942367999636423,0.11520573299771401,0.18785882544388455,0.18785882544388444,0.6627786399985974
0,0.7324635091379572,1.4563031251866738,0.6461773768303682,0.6461773768303684,0.7478021712358535
3,-0.6942367999636423,-0.9744358981558158,1.0390218494473542,1.0390218494473542,0.8753374680917375
2,0.5897934782277973,0.7019358420803838,0.8425996131388612,0.8425996131388612,1.062389236813701
0,-0.5515667690534823,0.199024320009524,-0.9252005136375758,-0.9252005136375762,0.21045345381639535
2,-0.6942367999636423,0.36666149403314396,-0.07403748963410614,-0.0740374896341065,-0.17725384862549232
3,1.4458136636887569,-0.052431441025905946,1.300918164525345,1.3009181645253451,-1.3420762265758994
0,-0.6942367999636423,2.7135819303638233,-0.5978301197900875,-0.5978301197900878,-1.1397202222312302
1,0.4471234473176373,0.36666149403314396,-0.7942523560985805,-0.7942523560985807,0.2495642781855332
2,0.30445341640747736,0.45048008104495396,-0.6633041985595851,-0.6633041985595852,-1.2111399884705254
0,-0.2662267072331625,1.9173053537516287,0.18785882544388455,0.18785882544388444,0.1934487475689439
2,1.4458136636887569,-1.0163451916617208,2.0211330309898194,2.02113303098982,0.03360450884290296
3,-0.6942367999636423,-0.9325266046499108,1.6937626371423309,1.6937626371423309,-1.0393924553712681
1,1.588483694598917,-1.4354381267207705,-1.3180449862545618,-1.318044986254562,0.3430901625465149
1,-0.6942367999636423,-0.5972522566026708,-0.07403748963410614,-0.0740374896341065,0.2563661606845135
3,1.4458136636887569,0.9533916031158138,0.8425996131388612,0.8425996131388612,0.8566322912195413
3,-0.6942367999636423,0.534298668056764,1.1699700069863497,1.1699700069863497,-1.3437766972006449
1,-0.6942367999636423,1.6239402992102936,-0.9252005136375758,-0.9252005136375762,1.164417474298408
3,-0.12355667632300252,0.7438451355862888,1.3663922432948425,1.3663922432948425,0.7392998181121277
0,-0.6942367999636423,0.8695730161040038,0.9735477706778566,0.9735477706778567,1.035181706817779
3,0.5897934782277973,0.7857544290921938,2.8068219762237914,2.806821976223792,1.3089574774017434
0,2.016493787329397,-0.8487080176381008,0.6461773768303682,0.6461773768303684,0.518238636895262
3,-0.6942367999636423,-1.1001637786735308,0.8425996131388612,0.8425996131388612,-0.25207455611427726
0,-0.6942367999636423,1.1210287771394338,-0.5323560410205899,-0.5323560410205898,0.8838398212154632
1,-0.40889673814332245,-0.010522147520000953,-0.46688196225109213,-0.46688196225109235,0.7988162899782072
2,-0.6942367999636423,-1.4354381267207705,-0.33593380471209683,-0.3359338047120969,-0.8455388041503247
2,-0.6942367999636423,-0.5972522566026708,1.5628144796033356,1.5628144796033354,0.22915863068859157
3,-0.6942367999636423,-1.1420730721794357,0.5152292192913729,0.5152292192913729,-1.0597981028682097
1,-0.6942367999636423,-1.2258916591912457,-1.3180449862545618,-1.318044986254562,-0.6448832704304005
0,1.7311537255090768,2.4621261693283936,0.12238474667438687,0.122384746674387,0.19004780631945373
0,-0.6942367999636423,0.9114823096099088,1.2354440857558473,1.235444085755847,1.1916250042943297
3,-0.6942367999636423,0.11520573299771401,1.8247107946813264,1.8247107946813264,-0.388112206093887
1,1.7311537255090768,-0.2619779085554309,-0.6633041985595851,-0.6633041985595852,-0.6567865648036164
2,-0.40889673814332245,0.618117255068574,1.8247107946813264,1.8247107946813264,0.02510215571917724
1,-0.2662267072331625,1.9173053537516287,-1.3180449862545618,-1.318044986254562,-1.1652272816024072
1,-0.6942367999636423,-1.2678009526971508,-1.5144672225630549,-1.5144672225630553,-0.7333077429171466
2,-0.6942367999636423,-1.4354381267207705,0.7116514555998659,0.7116514555998658,-0.7026992716717345
2,-0.6942367999636423,1.4143938316807687,1.1699700069863497,1.1699700069863497,0.7699082893575399
2,-0.2662267072331625,-0.47152437608495584,2.1520811885288147,2.1520811885288147,-1.274057401586095
2,-0.6942367999636423,-0.6810708436144808,1.2354440857558473,1.235444085755847,0.15943933507404162
1,-0.6942367999636423,-1.2678009526971508,-2.7584747191835106,-2.758474719183511,-1.8199084721292784
1,0.30445341640747736,-1.1839823656853408,0.7771255343693636,0.7771255343693638,0.4043071050373392
3,-0.6942367999636423,1.4143938316807687,1.4318663220643402,1.4318663220643406,0.8668351149680118
1,0.7324635091379572,2.043033234269344,-1.121622749946069,-1.1216227499460691,0.7018894643677352
1,0.16178338549731738,1.3724845381748638,-0.46688196225109213,-0.46688196225109235,0.1832459238204734
2,2.016493787329397,1.5401217121984836,0.9735477706778566,0.9735477706778567,0.9093468805866398
2,-0.6942367999636423,0.7857544290921938,-0.13951156840360382,-0.13951156840360396,0.710391817491461
1,-0.6942367999636423,-0.8067987241321958,-0.6633041985595851,-0.6633041985595852,0.3141821619258476
3,-0.6942367999636423,-0.8067987241321958,1.6282885583728333,1.6282885583728335,-1.0325905728722877
0,1.160473601868437,-0.8906173111440058,-0.9906745924070736,-0.9906745924070737,-1.5614369371680201
2,-0.6942367999636423,0.240933613515429,2.5449256611458004,2.5449256611458004,-1.2995644609572714
3,-0.6942367999636423,-1.4354381267207705,1.497340400833838,1.497340400833838,-0.41872067733929913
3,-0.6942367999636423,-0.010522147520000953,1.1699700069863497,1.1699700069863497,1.5368205411175895
0,1.7311537255090768,0.49238937455085896,0.9735477706778566,0.9735477706778567,1.0606887661889557
3,-0.6942367999636423,-0.9325266046499108,2.479451582376303,2.4794515823763033,0.970563823077464
1,-0.6942367999636423,1.7915774732339136,-1.3835190650240596,-1.3835190650240599,-0.6482842116798906
1,0.4471234473176373,0.07329643949180903,0.056910667904889196,0.056910667904888974,0.7273965237389118
1,-0.6942367999636423,0.28284290702133397,-0.4014078834815945,-0.4014078834815949,-0.039515728021137175
3,-0.6942367999636423,2.0849425277752487,-0.33593380471209683,-0.3359338047120969,1.070891589937426
1,-0.6942367999636423,1.3724845381748638,0.4497551405218752,0.4497551405218754,2.2102069085166574
2,-0.6942367999636423,1.3305752446689587,1.497340400833838,1.497340400833838,1.19842688679331
3,1.7311537255090768,0.157115026503619,1.5628144796033356,1.5628144796033354,1.0878962961848775
0,1.0178035709582771,-0.7648894306262908,0.31880698298287985,0.3188069829828799,1.2239339461644874
1,-0.6942367999636423,0.9114823096099088,-0.13951156840360382,-0.13951156840360396,-0.8676449222720111
1,0.7324635091379572,-1.4354381267207705,-0.27045972594259915,-0.2704597259425994,-1.541031289671079
2,-0.6942367999636423,0.40857078753904896,-0.20498564717310147,-0.2049856471731014,0.17644404132149305
3,1.160473601868437,-0.5134336695908608,0.9080736919083588,0.9080736919083586,-1.571639760916491
3,-0.6942367999636423,-0.6810708436144808,1.3663922432948425,1.3663922432948425,0.09142051008423703
3,-0.6942367999636423,-0.2619779085554309,0.9735477706778566,0.9735477706778567,0.11522709883066883
2,-0.6942367999636423,-1.1001637786735308,0.7771255343693636,0.7771255343693638,-0.3473009111000044
0,-0.6942367999636423,0.32475220052723897,-1.2525709074850642,-1.2525709074850646,-0.11603690613466748
0,-0.6942367999636423,-0.5972522566026708,-0.33593380471209683,-0.3359338047120969,0.09142051008423703
1,-0.6942367999636423,-1.4354381267207705,-1.056148671176571,-1.0561486711765713,-1.6651656452774726
1,-0.6942367999636423,1.2886659511630538,-1.5799413013325525,-1.579941301332553,1.6949643092188857
3,0.30445341640747736,1.1629380706453387,1.0390218494473542,1.0390218494473542,1.0045732355723669
0,-0.6942367999636423,-0.13625002803771594,-1.6454153801020501,-1.6454153801020504,0.2274581600638468
0,-0.2662267072331625,-0.5553429630967658,-0.5323560410205899,-0.5323560410205898,0.0404063913418833
1,-0.2662267072331625,2.4202168758224887,-1.9727857739495385,-1.972785773949539,1.4977097167484517
1,1.588483694598917,0.240933613515429,-0.9906745924070736,-0.9906745924070737,-0.2248670261183553
3,-0.6942367999636423,-0.42961508257905084,2.1520811885288147,2.1520811885288147,0.10332380445745293
1,-0.6942367999636423,0.9533916031158138,-1.6454153801020501,-1.6454153801020504,0.518238636895262
2,-0.6942367999636423,2.6716726368579184,0.7771255343693636,0.7771255343693638,2.759458920309331
0,-0.6942367999636423,-0.13625002803771594,-0.33593380471209683,-0.3359338047120969,1.6643558379734735
0,-0.6942367999636423,0.7019358420803838,0.31880698298287985,0.3188069829828799,0.9042454687124049
3,-0.6942367999636423,-0.9744358981558158,1.6282885583728333,1.6282885583728335,-0.10073267051196141
3,-0.12355667632300252,0.11520573299771401,1.1044959282168518,1.1044959282168523,-1.1788310466003682
0,-0.6942367999636423,-0.9325266046499108,-1.9073116951800408,-1.9073116951800413,-0.04631761052011811
3,-0.2662267072331625,0.07329643949180903,-0.46688196225109213,-0.46688196225109235,-0.7384091547913816
1,-0.6942367999636423,-0.3038872020613359,-0.46688196225109213,-0.46688196225109235,1.376976302391548
1,-0.6942367999636423,-1.4354381267207705,-1.056148671176571,-1.0561486711765713,0.29887792630314153
1,-0.6942367999636423,-1.4354381267207705,-1.121622749946069,-1.1216227499460691,-0.3728079704711809
0,-0.6942367999636423,0.36666149403314396,-0.9906745924070736,-0.9906745924070737,-0.04121619864588256
2,-0.6942367999636423,0.03138714598590404,-0.46688196225109213,-0.46688196225109235,-0.16535055425227643
0,0.16178338549731738,-0.13625002803771594,-0.7942523560985805,-0.7942523560985807,1.0419835893167593
1,-0.6942367999636423,-1.3097102462030557,0.2533329042133822,0.2533329042133819,-0.5666616216921248
3,-0.6942367999636423,2.6716726368579184,0.38428106175237753,0.38428106175237736,0.9501581755805231
2,-0.6942367999636423,-1.4354381267207705,0.056910667904889196,0.056910667904888974,-0.38301079421965145
0,0.5897934782277973,0.240933613515429,0.056910667904889196,0.056910667904888974,0.07611627446153098
2,-0.6942367999636423,0.8695730161040038,-1.3180449862545618,-1.318044986254562,-0.21976561424412033
2,-0.6942367999636423,-0.9325266046499108,0.5807032980608705,0.5807032980608703,-1.0938075153631122
1,4.727224374622436,0.32475220052723897,-0.07403748963410614,-0.0740374896341065,-0.6805931535500476
1,-0.6942367999636423,1.3305752446689587,-0.4014078834815945,-0.4014078834815949,1.1032005318075837
1,-0.6942367999636423,0.576207961562669,-1.3180449862545618,-1.318044986254562,0.7154932293656959
2,0.01911335458715743,-0.3038872020613359,0.6461773768303682,0.6461773768303684,0.3481915744207499
2,-0.2662267072331625,-0.1781593215436209,1.300918164525345,1.3009181645253451,-1.5121232890504115
2,-0.6942367999636423,-1.2258916591912457,0.38428106175237753,0.38428106175237736,-0.5547583273189088
0,-0.6942367999636423,-1.1420730721794357,-0.07403748963410614,-0.0740374896341065,-0.17045196612651137
0,1.303143632778597,-0.5134336695908608,-0.46688196225109213,-0.46688196225109235,0.5913588737593021
1,-0.6942367999636423,-0.8067987241321958,-0.33593380471209683,-0.3359338047120969,-1.503620935926686
0,1.7311537255090768,-0.2619779085554309,1.6282885583728333,1.6282885583728335,0.03530497946764775
1,-0.6942367999636423,-1.4354381267207705,-0.4014078834815945,-0.4014078834815949,-0.5054446792013005
1,0.30445341640747736,2.1268518212811536,-0.5978301197900875,-0.5978301197900878,1.1610165330489177
0,-0.6942367999636423,-0.6810708436144808,-0.7287782773290828,-0.7287782773290833,-1.2706564603366044
3,-0.6942367999636423,-1.4354381267207705,0.5807032980608705,0.5807032980608703,-0.24357220299055152
3,-0.6942367999636423,-1.4354381267207705,1.1699700069863497,1.1699700069863497,-0.6465837410551453
0,2.7298439418801967,0.157115026503619,0.056910667904889196,0.056910667904888974,-0.6465837410551453
1,-0.12355667632300252,-0.052431441025905946,-1.6454153801020501,-1.6454153801020504,-1.6804698809001786
3,-0.6942367999636423,-1.3097102462030557,0.31880698298287985,0.3188069829828799,-1.8845263558695933
2,0.5897934782277973,0.199024320009524,-2.431104325336022,-2.4311043253360225,0.09652192195847259
3,2.159163818239557,0.7438451355862888,1.3663922432948425,1.3663922432948425,1.1491132386757017
1,2.4445038800598766,1.1210287771394338,-1.3835190650240596,-1.3835190650240599,0.4111089875363195
2,1.0178035709582771,2.8812191043874433,0.9080736919083588,0.9080736919083586,2.2187092616403823
2,0.30445341640747736,0.36666149403314396,0.056910667904889196,0.056910667904888974,-1.529127995297863
3,-0.6942367999636423,0.9953008966217188,0.9080736919083588,0.9080736919083586,0.6219673450047148
0,0.5897934782277973,0.7438451355862888,0.7116514555998659,0.7116514555998658,-0.8302345685276186
0,1.0178035709582771,2.923128397893348,-0.6633041985595851,-0.6633041985595852,0.7188941706151861
1,0.30445341640747736,-1.1839823656853408,-1.6454153801020501,-1.6454153801020504,-0.005506315526234883
2,-0.6942367999636423,0.7857544290921938,0.18785882544388455,0.18785882544388444,1.1389104149272313
0,0.7324635091379572,2.2944889953047736,0.31880698298287985,0.3188069829828799,2.053763611040106
1,0.8751335400481172,0.49238937455085896,-0.5323560410205899,-0.5323560410205898,0.44171745878173163
3,-0.6942367999636423,-0.5972522566026708,2.2175552672983123,2.2175552672983123,1.1015000611828383
0,-0.6942367999636423,1.9592146472575336,-0.4014078834815945,-0.4014078834815949,1.7493793692107296
3,-0.6942367999636423,-0.9325266046499108,1.8247107946813264,1.8247107946813264,-0.27418067423596426
1,-0.6942367999636423,-1.1420730721794357,-1.5799413013325525,-1.579941301332553,-1.5597364665432751
1,2.016493787329397,-0.09434073453181094,-0.6633041985595851,-0.6633041985595852,-0.4459282073352211
1,-0.6942367999636423,2.0011239407634385,-0.07403748963410614,-0.0740374896341065,2.4295676191087776
0,-0.6942367999636423,0.36666149403314396,0.38428106175237753,0.38428106175237736,1.5011106579979419
2,-0.6942367999636423,-0.8067987241321958,0.056910667904889196,0.056910667904888974,-0.15514773050380531
1,-0.6942367999636423,0.7438451355862888,-1.056148671176571,-1.0561486711765713,-0.8149303329049126
1,0.16178338549731738,0.07329643949180903,-1.056148671176571,-1.0561486711765713,-1.6192529384093544
2,-0.12355667632300252,-0.7229801371203858,1.5628144796033356,1.5628144796033354,0.6916866406192648
1,0.7324635091379572,-0.2619779085554309,-0.07403748963410614,-0.0740374896341065,-0.17725384862549232
3,-0.6942367999636423,2.7554912238697282,1.3663922432948425,1.3663922432948425,1.456898421754569
1,-0.6942367999636423,-0.47152437608495584,-1.9073116951800408,-1.9073116951800413,1.6167426604806099
2,-0.6942367999636423,1.7915774732339136,-1.3180449862545618,-1.318044986254562,-0.697597859797499
0,1.0178035709582771,2.5459447563402033,0.7116514555998659,0.7116514555998658,-0.7469115079151073
3,0.30445341640747736,-0.2200686150495259,1.3663922432948425,1.3663922432948425,0.315882632550593
1,0.4471234473176373,0.07329643949180903,-0.5323560410205899,-0.5323560410205898,-0.9866778660041694
3,-0.6942367999636423,-1.1839823656853408,2.479451582376303,2.4794515823763033,-0.11263596488517731
1,-0.2662267072331625,-0.42961508257905084,-0.07403748963410614,-0.0740374896341065,-0.4000155004671029
1,0.7324635091379572,-0.6810708436144808,-1.2525709074850642,-1.2525709074850646,0.27677180818145514
1,-0.6942367999636423,-0.8067987241321958,-1.056148671176571,-1.0561486711765713,-0.4289235010877702
0,-0.40889673814332245,-0.5972522566026708,0.7116514555998659,0.7116514555998658,0.5301419312684779
0,-0.6942367999636423,-0.3457964955672409,-0.8597264348680782,-0.8597264348680784,0.785212524980246
0,-0.6942367999636423,-0.6391615501085758,0.5807032980608705,0.5807032980608703,0.20025063006792485
0,-0.6942367999636423,-1.1001637786735308,0.31880698298287985,0.3188069829828799,-1.7484887058899834
1,0.01911335458715743,-0.5134336695908608,-1.8418376164105432,-1.8418376164105437,0.7682078187327951
2,-0.6942367999636423,-0.6810708436144808,-0.33593380471209683,-0.3359338047120969,0.04380733259137347
0,-0.6942367999636423,-0.5972522566026708,0.7771255343693636,0.7771255343693638,1.5402214823670797
0,0.30445341640747736,0.7438451355862888,-0.27045972594259915,-0.2704597259425994,-1.1159136334847988
1,-0.6942367999636423,-0.6810708436144808,-0.46688196225109213,-0.46688196225109235,-1.442403993435862
3,-0.6942367999636423,-0.3038872020613359,1.9556589522203216,1.9556589522203214,0.8209224080998936
1,-0.6942367999636423,-1.1420730721794357,-0.27045972594259915,-0.2704597259425994,0.6338706393779301
2,0.16178338549731738,-0.5972522566026708,2.086607109759317,2.0866071097593175,-0.15854867175329548
0,-0.6942367999636423,-0.3038872020613359,-0.008563410864608474,-0.008563410864608476,0.39750522253835885
2,0.01911335458715743,1.8753960602457236,0.7771255343693636,0.7771255343693638,-0.13134114175737413
1,1.303143632778597,-1.0582544851676257,-1.1870968287155665,-1.1870968287155668,-0.9169585703896194
1,-0.6942367999636423,0.49238937455085896,-1.2525709074850642,-1.2525709074850646,-1.119314574734289
3,0.30445341640747736,-0.09434073453181094,1.0390218494473542,1.0390218494473542,-0.5904682104385566
2,-0.6942367999636423,0.157115026503619,0.38428106175237753,0.38428106175237736,-0.28778443923392494
1,0.30445341640747736,0.199024320009524,-1.7763635376410456,-1.7763635376410458,-1.6634651746527274
0,-0.6942367999636423,-1.3516195397089608,0.12238474667438687,0.122384746674387,-0.6244776229334589
2,-0.6942367999636423,-0.6810708436144808,0.7116514555998659,0.7116514555998658,-0.06842372864180452
3,0.16178338549731738,-1.2258916591912457,1.890184873450824,1.8901848734508238,0.5012339306478111
3,1.160473601868437,1.5820310057043887,0.9735477706778566,0.9735477706778567,1.7034666623426113
3,-0.6942367999636423,0.618117255068574,2.2175552672983123,2.2175552672983123,-1.1363192809817402
0,-0.6942367999636423,-1.2678009526971508,-0.20498564717310147,-0.2049856471731014,-1.5818425846649615
2,-0.6942367999636423,1.4982124186925787,0.8425996131388612,0.8425996131388612,2.541798680341955
3,0.16178338549731738,1.4143938316807687,1.6937626371423309,1.6937626371423309,0.2818732200556907
2,1.0178035709582771,2.4202168758224887,2.0211330309898194,2.02113303098982,0.9841675880754253
0,-0.12355667632300252,1.5401217121984836,-1.056148671176571,-1.0561486711765713,0.865134644343267
2,0.16178338549731738,1.6658495927161987,1.6282885583728333,1.6282885583728335,0.9518586462052678
1,-0.12355667632300252,0.576207961562669,-0.20498564717310147,-0.2049856471731014,0.47572687127663393
2,-0.6942367999636423,0.07329643949180903,-0.4014078834815945,-0.4014078834815949,-0.8013265679069512
0,-0.6942367999636423,0.28284290702133397,-1.4489931437935573,-1.4489931437935575,0.22065627756486586
3,-0.6942367999636423,0.576207961562669,0.9080736919083588,0.9080736919083586,1.2664457117831154
1,-0.6942367999636423,-1.4354381267207705,-0.8597264348680782,-0.8597264348680784,-0.4102183242155734
2,-0.6942367999636423,0.157115026503619,-1.3835190650240596,-1.3835190650240599,-0.11603690613466748
3,0.5897934782277973,-1.1420730721794357,0.056910667904889196,0.056910667904888974,-0.5377536210714574
1,-0.6942367999636423,0.7019358420803838,-1.121622749946069,-1.1216227499460691,1.3140588892759784
3,-0.2662267072331625,3.0069469849051584,1.1044959282168518,1.1044959282168523,0.3209840444248279
1,1.303143632778597,1.0372101901276238,-1.6454153801020501,-1.6454153801020504,-0.9305623353875804
2,-0.6942367999636423,-1.0163451916617208,1.4318663220643402,1.4318663220643406,-1.219642341594251
1,-0.12355667632300252,0.7438451355862888,-0.46688196225109213,-0.46688196225109235,1.871813254192378
2,-0.6942367999636423,-1.4354381267207705,-1.8418376164105432,-1.8418376164105437,-0.5921686810633013
2,-0.6942367999636423,0.240933613515429,-0.07403748963410614,-0.0740374896341065,0.46552404752816345
1,-0.2662267072331625,-0.13625002803771594,-0.9252005136375758,-0.9252005136375762,-0.5411545623209476
0,-0.6942367999636423,-1.3516195397089608,0.9735477706778566,0.9735477706778567,-0.6499846823046355
2,-0.2662267072331625,0.11520573299771401,-0.07403748963410614,-0.0740374896341065,-0.5547583273189088
2,-0.6942367999636423,-0.8067987241321958,0.056910667904889196,0.056910667904888974,-0.6499846823046355
0,-0.12355667632300252,0.7438451355862888,0.12238474667438687,0.122384746674387,0.9739647643269542
0,-0.6942367999636423,-1.3097102462030557,0.8425996131388612,0.8425996131388612,-1.2519512834644082
3,-0.6942367999636423,-0.13625002803771594,0.5807032980608705,0.5807032980608703,0.5658518143881255
3,-0.6942367999636423,-0.6391615501085758,0.38428106175237753,0.38428106175237736,1.4160871267606858
2,2.5871739109700367,1.2467566576571487,0.12238474667438687,0.122384746674387,0.28867510255467105
2,-0.6942367999636423,0.36666149403314396,-0.27045972594259915,-0.2704597259425994,-1.6192529384093544
1,-0.6942367999636423,1.7077588862221036,-0.8597264348680782,-0.8597264348680784,0.9586605287042481
0,0.5897934782277973,3.258402745940588,-0.8597264348680782,-0.8597264348680784,1.0164765299455822
0,0.16178338549731738,0.49238937455085896,-0.46688196225109213,-0.46688196225109235,-1.656663292153747
3,-0.6942367999636423,0.6600265485744788,0.9080736919083588,0.9080736919083586,-1.432201169687391
3,-0.5515667690534823,1.5820310057043887,2.0211330309898194,2.02113303098982,-1.291062107833546
3,-0.6942367999636423,-0.38770578907314585,-0.6633041985595851,-0.6633041985595852,-1.2434489303406828
3,0.5897934782277973,0.28284290702133397,-0.4014078834815945,-0.4014078834815949,-1.0972084566126024
0,-0.6942367999636423,-0.7648894306262908,1.1044959282168518,1.1044959282168523,-1.5240265834236275
1,-0.5515667690534823,0.36666149403314396,-1.1870968287155665,-1.1870968287155668,0.7222951118646769
1,-0.6942367999636423,-1.4354381267207705,-1.8418376164105432,-1.8418376164105437,-1.5546350546690395
2,-0.6942367999636423,-0.1781593215436209,0.18785882544388455,0.18785882544388444,0.9382548812073072
1,-0.6942367999636423,-0.8487080176381008,-1.056148671176571,-1.0561486711765713,0.12372945195439394
1,0.16178338549731738,-0.13625002803771594,-0.7287782773290828,-0.7287782773290833,0.5335428725179681
1,0.5897934782277973,0.40857078753904896,-0.27045972594259915,-0.2704597259425994,-0.024211492398431112
1,0.16178338549731738,0.576207961562669,-0.8597264348680782,-0.8597264348680784,0.40600757566208395
1,-0.6942367999636423,-0.3457964955672409,-1.7763635376410456,-1.7763635376410458,0.7239955824894216
3,-0.12355667632300252,0.7019358420803838,1.1699700069863497,1.1699700069863497,0.9756652349516995
3,3.443194096430996,1.3305752446689587,-0.13951156840360382,-0.13951156840360396,0.7137927587409512
2,-0.6942367999636423,1.7915774732339136,0.12238474667438687,0.122384746674387,0.8617337030937768
2,3.0151840037005164,-0.8067987241321958,-0.5978301197900875,-0.5978301197900878,-0.4765366785806332
2,0.01911335458715743,-0.8906173111440058,1.1044959282168518,1.1044959282168523,0.4553212237796929
0,-0.6942367999636423,-0.5134336695908608,-0.008563410864608474,-0.008563410864608476,0.9178492337103655
0,-0.12355667632300252,1.5820310057043887,0.056910667904889196,0.056910667904888974,0.9484577049557776
0,-0.12355667632300252,2.4621261693283936,0.18785882544388455,0.18785882544388444,0.33118686817329906
3,0.30445341640747736,0.576207961562669,1.300918164525345,1.3009181645253451,-0.29288585110816046
2,-0.6942367999636423,-0.7229801371203858,0.12238474667438687,0.122384746674387,-0.44932914858471124
3,-0.6942367999636423,1.6239402992102936,1.8247107946813264,1.8247107946813264,0.2818732200556907
1,-0.6942367999636423,-0.5134336695908608,-0.4014078834815945,-0.4014078834815949,-0.2248670261183553
2,1.7311537255090768,-0.2619779085554309,-0.07403748963410614,-0.0740374896341065,0.32268451504957335
3,0.7324635091379572,-0.8067987241321958,1.2354440857558473,1.235444085755847,-0.9492675122597769
0,-0.6942367999636423,-0.052431441025905946,-1.121622749946069,-1.1216227499460691,0.10842521633168788
1,-0.6942367999636423,-1.2258916591912457,-1.1870968287155665,-1.1870968287155668,-0.19255808424819837
2,-0.6942367999636423,-0.9325266046499108,-1.7763635376410456,-1.7763635376410458,-1.527427524673118
1,1.303143632778597,0.8276637225980988,-0.07403748963410614,-0.0740374896341065,1.3429668898966456
1,-0.6942367999636423,-0.9325266046499108,-0.8597264348680782,-0.8597264348680784,-1.5869439965391972
2,-0.6942367999636423,-0.5134336695908608,0.38428106175237753,0.38428106175237736,1.1763207686716237
0,-0.40889673814332245,2.1268518212811536,0.7116514555998659,0.7116514555998658,-0.04971855176960828
3,-0.6942367999636423,-1.1420730721794357,0.6461773768303682,0.6461773768303684,-0.49184091420333925
0,-0.12355667632300252,-1.2678009526971508,-0.8597264348680782,-0.8597264348680784,-1.9627480046078685
2,-0.6942367999636423,-1.1420730721794357,0.6461773768303682,0.6461773768303684,-1.726382587768297
0,-0.6942367999636423,-0.3457964955672409,-0.9906745924070736,-0.9906745924070737,-1.6396585859062955
1,0.01911335458715743,-0.8067987241321958,0.38428106175237753,0.38428106175237736,0.7648068774833049
1,0.30445341640747736,-0.3038872020613359,-1.3835190650240596,-1.3835190650240599,0.603262168132518
1,-0.6942367999636423,-1.4354381267207705,-0.9906745924070736,-0.9906745924070737,-0.8591425691482854
2,-0.6942367999636423,-1.1001637786735308,-1.9073116951800408,-1.9073116951800413,0.21895580694012107
3,-0.6942367999636423,-0.6810708436144808,2.086607109759317,2.0866071097593175,0.12032851070490377
0,-0.6942367999636423,2.0849425277752487,-1.121622749946069,-1.1216227499460691,1.3956814792637442
0,-0.6942367999636423,-0.1781593215436209,0.6461773768303682,0.6461773768303684,0.6763824049965581
0,0.30445341640747736,0.199024320009524,0.8425996131388612,0.8425996131388612,-0.473135737331143
3,-0.6942367999636423,1.2886659511630538,0.5807032980608705,0.5807032980608703,-1.0597981028682097
2,-0.6942367999636423,1.2467566576571487,0.38428106175237753,0.38428106175237736,-0.058220904893333404
0,1.7311537255090768,0.576207961562669,-0.9906745924070736,-0.9906745924070737,0.48763016564984984
3,-0.6942367999636423,-0.8906173111440058,1.3663922432948425,1.3663922432948425,0.05060921509035381
0,0.7324635091379572,0.45048008104495396,0.2533329042133822,0.2533329042133819,0.7478021712358535
3,-0.2662267072331625,-0.1781593215436209,0.056910667904889196,0.056910667904888974,-1.0444938672455035
1,-0.6942367999636423,-1.2258916591912457,-0.27045972594259915,-0.2704597259425994,-0.5105460910755355
2,2.159163818239557,1.8753960602457236,0.9735477706778566,0.9735477706778567,-0.9951802191278951
3,-0.6942367999636423,0.40857078753904896,2.0211330309898194,2.02113303098982,1.0198774711950729
1,0.16178338549731738,-0.5134336695908608,-1.3835190650240596,-1.3835190650240599,-0.2690792623617287
2,0.16178338549731738,-1.4354381267207705,0.7771255343693636,0.7771255343693638,-0.4459282073352211
3,1.0178035709582771,-0.42961508257905084,1.300918164525345,1.3009181645253451,-0.13984349488109926
2,-0.6942367999636423,0.11520573299771401,1.1044959282168518,1.1044959282168523,0.1288308638286295
2,2.016493787329397,2.5040354628342985,0.7116514555998659,0.7116514555998658,-0.020810551148940943
2,0.7324635091379572,1.4143938316807687,2.0211330309898194,2.02113303098982,1.6065398367321395
3,0.7324635091379572,-0.6810708436144808,0.18785882544388455,0.18785882544388444,0.7273965237389118
2,-0.6942367999636423,-0.052431441025905946,2.1520811885288147,2.1520811885288147,-1.0853051622393863
1,-0.6942367999636423,-1.2258916591912457,-0.9252005136375758,-0.9252005136375762,-1.471311994056529
2,2.8725139727903564,0.9114823096099088,0.9735477706778566,0.9735477706778567,-0.16535055425227643
0,-0.6942367999636423,0.7019358420803838,0.8425996131388612,0.8425996131388612,0.47402640065188917
2,-0.6942367999636423,-1.3935288332148656,0.056910667904889196,0.056910667904888974,0.09822239258321737
2,-0.6942367999636423,1.0372101901276238,-0.008563410864608474,-0.008563410864608476,0.7937148781039717
1,2.159163818239557,0.7019358420803838,-1.3835190650240596,-1.3835190650240599,0.9093468805866398
0,-0.6942367999636423,0.7019358420803838,0.056910667904889196,0.056910667904888974,1.8956198429388098
1,0.8751335400481172,-1.0163451916617208,-0.5978301197900875,-0.5978301197900878,-0.17555337800074694
3,-0.6942367999636423,-1.4354381267207705,0.38428106175237753,0.38428106175237736,-1.2553522247138984
1,-0.6942367999636423,0.8695730161040038,-0.46688196225109213,-0.46688196225109235,0.4247127525342808
3,-0.6942367999636423,-0.2200686150495259,0.7771255343693636,0.7771255343693638,-0.4816380904548688
1,0.8751335400481172,-0.5553429630967658,-0.9906745924070736,-0.9906745924070737,-0.7384091547913816
2,-0.6942367999636423,-0.3038872020613359,1.3663922432948425,1.3663922432948425,0.7971158193534618
1,0.30445341640747736,-0.5972522566026708,-0.5978301197900875,-0.5978301197900878,-1.1873333997240938
1,-0.6942367999636423,-0.5553429630967658,-1.710889458871548,-1.7108894588715482,-0.4102183242155734
1,-0.6942367999636423,0.199024320009524,-0.7287782773290828,-0.7287782773290833,-0.5360531504467126
2,0.30445341640747736,1.5820310057043887,0.18785882544388455,0.18785882544388444,1.6575539554744931
0,-0.6942367999636423,0.9953008966217188,-0.4014078834815945,-0.4014078834815949,2.0707683172875573
3,-0.6942367999636423,1.1210287771394338,1.1044959282168518,1.1044959282168523,-0.9679726891319731
0,-0.6942367999636423,-0.6810708436144808,0.8425996131388612,0.8425996131388612,0.28527416130518085
1,-0.6942367999636423,-0.1781593215436209,-0.07403748963410614,-0.0740374896341065,1.1457122974262117
3,-0.6942367999636423,-1.1001637786735308,-0.7942523560985805,-0.7942523560985807,-0.33199667547729833
1,-0.6942367999636423,-0.7229801371203858,-0.46688196225109213,-0.46688196225109235,-0.1041336117614522
0,0.5897934782277973,-0.09434073453181094,-0.008563410864608474,-0.008563410864608476,-0.275881144860709
0,-0.6942367999636423,-0.8906173111440058,0.18785882544388455,0.18785882544388444,0.315882632550593
0,-0.6942367999636423,-1.4354381267207705,-1.5144672225630549,-1.5144672225630553,-0.6499846823046355
3,-0.6942367999636423,-0.1781593215436209,1.1699700069863497,1.1699700069863497,-1.018986807874327
2,0.30445341640747736,0.7857544290921938,-0.5323560410205899,-0.5323560410205898,2.286728086630187
1,-0.6942367999636423,-1.4354381267207705,-0.07403748963410614,-0.0740374896341065,0.24276239568655286
1,1.8738237564192368,-0.13625002803771594,-1.4489931437935573,-1.4489931437935575,0.7086913468667156
3,1.8738237564192368,-0.8487080176381008,0.5807032980608705,0.5807032980608703,-0.5717630335663604
3,1.160473601868437,2.1687611147870585,1.1699700069863497,1.1699700069863497,1.1627170036736632
3,-0.6942367999636423,-0.8487080176381008,0.4497551405218752,0.4497551405218754,-0.3234943223535726
2,-0.6942367999636423,-0.3457964955672409,0.6461773768303682,0.6461773768303684,0.32268451504957335
2,1.8738237564192368,0.32475220052723897,0.6461773768303682,0.6461773768303684,-0.30478914548137637
2,-0.12355667632300252,1.7496681797280087,2.2175552672983123,2.2175552672983123,-1.0597981028682097
3,-0.6942367999636423,-1.1839823656853408,1.0390218494473542,1.0390218494473542,-0.2571759679885128
3,-0.6942367999636423,1.8334867667398187,1.6937626371423309,1.6937626371423309,0.9552595874547579
0,-0.6942367999636423,0.7438451355862888,-0.33593380471209683,-0.3359338047120969,-1.304665872831507
0,-0.2662267072331625,-0.5972522566026708,-0.7287782773290828,-0.7287782773290833,-0.14154396550584464
2,-0.5515667690534823,1.3724845381748638,-0.8597264348680782,-0.8597264348680784,-0.6227771523087134
2,2.5871739109700367,0.7019358420803838,0.9735477706778566,0.9735477706778567,1.3854786555152736
3,0.01911335458715743,0.45048008104495396,1.6937626371423309,1.6937626371423309,-0.8268336272781284
3,-0.6942367999636423,-0.8487080176381008,0.7116514555998659,0.7116514555998658,-0.020810551148940943
0,-0.6942367999636423,-1.4354381267207705,0.5807032980608705,0.5807032980608703,-0.33199667547729833
0,5.868584621903715,-0.8487080176381008,-0.46688196225109213,-0.46688196225109235,-1.656663292153747
3,0.7324635091379572,0.199024320009524,-0.008563410864608474,-0.008563410864608476,0.2478638075607878
1,-0.2662267072331625,0.7857544290921938,0.4497551405218752,0.4497551405218754,1.8871174898150846
0,1.0178035709582771,0.11520573299771401,-0.07403748963410614,-0.0740374896341065,0.36349581004345594
0,-0.6942367999636423,-0.38770578907314585,0.8425996131388612,0.8425996131388612,0.6338706393779301
2,0.7324635091379572,-0.8487080176381008,-0.5323560410205899,-0.5323560410205898,-0.05992137551807879
1,-0.6942367999636423,-0.3038872020613359,-0.7287782773290828,-0.7287782773290833,0.18154545319572862
0,-0.6942367999636423,0.9953008966217188,0.4497551405218752,0.4497551405218754,-0.11603690613466748
3,2.3018338491497166,1.9173053537516287,0.18785882544388455,0.18785882544388444,0.44001698815698687
0,-0.12355667632300252,1.2467566576571487,-0.07403748963410614,-0.0740374896341065,0.795415348728717
0,-0.6942367999636423,-1.3097102462030557,-0.9252005136375758,-0.9252005136375762,-0.9968806897526402
3,-0.6942367999636423,-0.5134336695908608,1.1699700069863497,1.1699700069863497,0.3379887506722794
1,-0.6942367999636423,-0.9744358981558158,-0.008563410864608474,-0.008563410864608476,0.463823576903418
2,-0.6942367999636423,0.8695730161040038,-0.07403748963410614,-0.0740374896341065,0.5896584031345573
3,-0.6942367999636423,-0.6810708436144808,0.7771255343693636,0.7771255343693638,-1.2026376353467998
2,-0.6942367999636423,-0.6391615501085758,1.1699700069863497,1.1699700069863497,-1.1448216341054658
0,1.588483694598917,0.32475220052723897,-0.7287782773290828,-0.7287782773290833,0.8124200549761679
2,-0.6942367999636423,-0.5553429630967658,0.9080736919083588,0.9080736919083586,1.5232167761196282
0,-0.40889673814332245,-1.2258916591912457,0.8425996131388612,0.8425996131388612,0.02510215571917724
1,2.159163818239557,3.3841306264583033,-1.2525709074850642,-1.2525709074850646,2.353046440995247
2,0.16178338549731738,1.0372101901276238,-0.07403748963410614,-0.0740374896341065,1.0062737061971117
2,0.5897934782277973,2.5040354628342985,0.8425996131388612,0.8425996131388612,1.4654007748782942
1,-0.6942367999636423,-0.052431441025905946,0.12238474667438687,0.122384746674387,-0.19765949612243333
1,-0.6942367999636423,-0.6810708436144808,-1.4489931437935573,-1.4489931437935575,0.16454074694827717
2,0.30445341640747736,0.49238937455085896,-1.3180449862545618,-1.318044986254562,0.32268451504957335
1,0.01911335458715743,0.36666149403314396,-0.20498564717310147,-0.2049856471731014,-1.5172247009246471
0,-0.5515667690534823,-0.1781593215436209,-2.234682089027529,-2.2346820890275296,0.652575816250127
1,1.0178035709582771,0.32475220052723897,-1.5799413013325525,-1.579941301332553,0.16454074694827717
3,-0.6942367999636423,1.0372101901276238,-0.33593380471209683,-0.3359338047120969,-0.5088456204507907
2,0.4471234473176373,0.7857544290921938,0.9080736919083588,0.9080736919083586,-0.8319350391523633
1,-0.6942367999636423,1.4563031251866738,-0.9252005136375758,-0.9252005136375762,2.694841036569017
0,-0.2662267072331625,-0.1781593215436209,0.056910667904889196,0.056910667904888974,0.251264748810278
3,-0.6942367999636423,-0.5134336695908608,0.12238474667438687,0.122384746674387,0.3515925156702407
1,-0.6942367999636423,-1.2678009526971508,0.38428106175237753,0.38428106175237736,0.08461862758525669
1,1.588483694598917,-0.2619779085554309,-0.6633041985595851,-0.6633041985595852,0.6389720512521656
1,-0.6942367999636423,-1.3516195397089608,0.5807032980608705,0.5807032980608703,-1.6736679984011982
1,0.30445341640747736,0.8276637225980988,0.38428106175237753,0.38428106175237736,1.4892073636247258
0,3.3005240655208365,1.1210287771394338,-2.0382598527190363,-2.0382598527190368,0.443417929406477
2,2.016493787329397,2.6716726368579184,-1.121622749946069,-1.1216227499460691,-0.9203595116391099
1,0.4471234473176373,-0.9744358981558158,-0.8597264348680782,-0.8597264348680784,0.598160756258283
0,-0.6942367999636423,-0.5972522566026708,0.056910667904889196,0.056910667904888974,-1.1788310466003682
2,1.7311537255090768,0.49238937455085896,-0.7287782773290828,-0.7287782773290833,-0.42722303046302484
2,0.4471234473176373,0.8695730161040038,0.056910667904889196,0.056910667904888974,-0.17215243675125677
3,-0.6942367999636423,-1.4354381267207705,1.0390218494473542,1.0390218494473542,-0.08542843488925535
1,-0.6942367999636423,0.28284290702133397,0.2533329042133822,0.2533329042133819,1.0266793536940533
3,-0.6942367999636423,-1.4354381267207705,0.12238474667438687,0.122384746674387,-0.5870672691890664
1,0.30445341640747736,0.45048008104495396,-1.5799413013325525,-1.579941301332553,0.1832459238204734
1,-0.6942367999636423,-1.4354381267207705,-1.5144672225630549,-1.5144672225630553,-2.0171630645997123
1,-0.6942367999636423,2.7554912238697282,-1.710889458871548,-1.7108894588715482,0.7086913468667156
0,-0.6942367999636423,-1.4354381267207705,0.2533329042133822,0.2533329042133819,-0.7588148022883232
2,-0.6942367999636423,0.40857078753904896,0.18785882544388455,0.18785882544388444,0.688285699369774
2,1.0178035709582771,0.07329643949180903,-0.9906745924070736,-0.9906745924070737,-1.4696115234317835
2,0.4471234473176373,-0.6391615501085758,-0.20498564717310147,-0.2049856471731014,-0.4969423260775748
0,-0.5515667690534823,0.576207961562669,0.4497551405218752,0.4497551405218754,-1.1125126922353084
2,-0.40889673814332245,-0.7648894306262908,-0.13951156840360382,-0.13951156840360396,0.9110473512113851
1,-0.2662267072331625,-0.5134336695908608,-0.5978301197900875,-0.5978301197900878,-1.62775529153308
0,-0.6942367999636423,-0.010522147520000953,-0.33593380471209683,-0.3359338047120969,0.06591345071305986
0,-0.6942367999636423,-1.1839823656853408,-0.7287782773290828,-0.7287782773290833,-0.12113831800890303
2,-0.2662267072331625,1.4563031251866738,-1.8418376164105432,-1.8418376164105437,2.5826099753358385
1,-0.6942367999636423,0.7019358420803838,-1.710889458871548,-1.7108894588715482,1.2902523005295472
0,0.01911335458715743,0.28284290702133397,1.7592367159118285,1.759236715911829,-1.2230432828437412
0,1.0178035709582771,-0.09434073453181094,-0.33593380471209683,-0.3359338047120969,1.0249788830693078
3,-0.40889673814332245,2.3783075823165833,-1.056148671176571,-1.0561486711765713,0.800516760602952
3,-0.6942367999636423,-0.47152437608495584,-0.8597264348680782,-0.8597264348680784,0.17814451194623784
3,-0.6942367999636423,-1.4354381267207705,-0.20498564717310147,-0.2049856471731014,-0.908456217265894
0,0.8751335400481172,0.157115026503619,0.5152292192913729,0.5152292192913729,-1.5937458790381773
0,-0.6942367999636423,0.6600265485744788,0.2533329042133822,0.2533329042133819,0.0012955669727454542
1,0.7324635091379572,1.1629380706453387,-0.7942523560985805,-0.7942523560985807,1.1270071205540153
3,-0.6942367999636423,-0.7648894306262908,1.4318663220643402,1.4318663220643406,-0.5343526798219672
1,0.01911335458715743,0.28284290702133397,-1.1870968287155665,-1.1870968287155668,0.33288733879804383
0,-0.2662267072331625,-0.1781593215436209,0.31880698298287985,0.3188069829828799,0.6542762868748717
1,-0.6942367999636423,-0.6391615501085758,-0.5978301197900875,-0.5978301197900878,0.009797920096471178
3,-0.6942367999636423,0.36666149403314396,-0.07403748963410614,-0.0740374896341065,0.4519202825302028
2,-0.6942367999636423,-1.4354381267207705,-0.5978301197900875,-0.5978301197900878,-1.9474437689851625
3,0.8751335400481172,0.32475220052723897,0.8425996131388612,0.8425996131388612,0.19174827694419913
2,1.160473601868437,-1.0582544851676257,0.31880698298287985,0.3188069829828799,-1.189033870348839
1,2.7298439418801967,-0.47152437608495584,-0.9252005136375758,-0.9252005136375762,-1.882825885244848
3,-0.12355667632300252,-1.1420730721794357,1.0390218494473542,1.0390218494473542,-2.1157903608349296
0,-0.6942367999636423,0.9114823096099088,-0.20498564717310147,-0.2049856471731014,1.9024217254377902
1,-0.6942367999636423,-1.4354381267207705,-0.46688196225109213,-0.46688196225109235,-1.8845263558695933
1,-0.6942367999636423,0.534298668056764,-1.3835190650240596,-1.3835190650240599,1.074292531186917
1,-0.6942367999636423,0.40857078753904896,-0.20498564717310147,-0.2049856471731014,-1.3148686965799778
1,-0.6942367999636423,-1.4354381267207705,-0.6633041985595851,-0.6633041985595852,-1.0087839841258561
0,-0.6942367999636423,-0.6391615501085758,-1.1870968287155665,-1.1870968287155668,0.6729814637470679
0,-0.6942367999636423,-1.4354381267207705,-0.6633041985595851,-0.6633041985595852,-0.7061002129212247
1,-0.6942367999636423,0.9953008966217188,-0.6633041985595851,-0.6633041985595852,0.7563045243595792
2,-0.2662267072331625,0.11520573299771401,-0.6633041985595851,-0.6633041985595852,0.3515925156702407
3,1.0178035709582771,-0.7648894306262908,-0.7287782773290828,-0.7287782773290833,-1.107411280361073
0,0.5897934782277973,0.576207961562669,-0.4014078834815945,-0.4014078834815949,0.7478021712358535
1,-0.6942367999636423,2.0849425277752487,-1.121622749946069,-1.1216227499460691,-1.0138853960000913
0,1.4458136636887569,-0.2200686150495259,-0.7942523560985805,-0.7942523560985807,1.0419835893167593
2,-0.6942367999636423,-0.010522147520000953,0.6461773768303682,0.6461773768303684,-0.3302962048525529
2,-0.6942367999636423,-0.8487080176381008,-0.27045972594259915,-0.2704597259425994,0.336288280047534
2,1.303143632778597,1.8753960602457236,0.5152292192913729,0.5152292192913729,1.7476788985859841
1,0.01911335458715743,0.45048008104495396,-0.4014078834815945,-0.4014078834815949,-0.9407651591360512
1,-0.6942367999636423,-0.38770578907314585,-2.0382598527190363,-2.0382598527190368,0.49273157752408536
3,-0.6942367999636423,0.07329643949180903,0.5152292192913729,0.5152292192913729,-0.5445555035704384
0,0.4471234473176373,0.49238937455085896,0.31880698298287985,0.3188069829828799,0.5437456962664391
3,-0.6942367999636423,-0.9744358981558158,1.4318663220643402,1.4318663220643406,0.6508753456253815
3,0.16178338549731738,-0.13625002803771594,1.7592367159118285,1.759236715911829,-1.0308901022475427
2,-0.6942367999636423,-0.5972522566026708,0.7771255343693636,0.7771255343693638,0.5964602856335376
2,-0.6942367999636423,-0.6810708436144808,0.056910667904889196,0.056910667904888974,1.3361650073976654
3,-0.6942367999636423,1.8334867667398187,0.6461773768303682,0.6461773768303684,-1.0427933966207583
0,-0.6942367999636423,-0.8067987241321958,-0.27045972594259915,-0.2704597259425994,0.23085910131333698
3,-0.6942367999636423,-1.3097102462030557,0.8425996131388612,0.8425996131388612,-0.8030270385316967
0,-0.12355667632300252,-0.7229801371203858,-1.1870968287155665,-1.1870968287155668,0.08291815696051132
1,-0.6942367999636423,-1.4354381267207705,-0.7287782773290828,-0.7287782773290833,-0.7316072722924013
1,-0.6942367999636423,1.2048473641512438,-1.5799413013325525,-1.579941301332553,0.5777551087613414
3,0.01911335458715743,1.8753960602457236,1.7592367159118285,1.759236715911829,0.603262168132518
1,-0.6942367999636423,0.7019358420803838,-0.13951156840360382,-0.13951156840360396,-1.2655550484623692
2,2.016493787329397,0.618117255068574,1.1044959282168518,1.1044959282168523,0.8260238199741291
2,1.8738237564192368,0.36666149403314396,0.056910667904889196,0.056910667904888974,0.05401015633984458
1,0.5897934782277973,-1.0582544851676257,-0.13951156840360382,-0.13951156840360396,-0.7248053897934209
0,1.160473601868437,-0.2619779085554309,0.056910667904889196,0.056910667904888974,-1.699175057772375
3,1.7311537255090768,-0.7648894306262908,0.38428106175237753,0.38428106175237736,-0.3251947929783174
0,-0.6942367999636423,-0.7229801371203858,-0.5323560410205899,-0.5323560410205898,0.3805005162909074
3,1.0178035709582771,0.32475220052723897,0.5807032980608705,0.5807032980608703,0.9637619405784837
1,-0.6942367999636423,-1.3097102462030557,-0.33593380471209683,-0.3359338047120969,-0.08542843488925535
0,-0.6942367999636423,-0.8906173111440058,0.12238474667438687,0.122384746674387,0.4604226356539279
2,-0.12355667632300252,0.32475220052723897,1.1044959282168518,1.1044959282168523,-0.8183312741544027
2,1.4458136636887569,-0.13625002803771594,-1.056148671176571,-1.0561486711765713,0.5216395781447527
3,-0.2662267072331625,0.199024320009524,0.4497551405218752,0.4497551405218754,-0.38301079421965145
1,1.4458136636887569,0.240933613515429,0.4497551405218752,0.4497551405218754,0.3515925156702407
1,0.30445341640747736,-0.7648894306262908,-0.9906745924070736,-0.9906745924070737,0.5250405193942429
0,-0.6942367999636423,-0.3038872020613359,1.497340400833838,1.497340400833838,0.7903139368544815
3,-0.6942367999636423,-0.9325266046499108,-0.008563410864608474,-0.008563410864608476,-0.039515728021137175
1,1.0178035709582771,-0.052431441025905946,-1.1870968287155665,-1.1870968287155668,-1.403293169066724
3,1.0178035709582771,0.28284290702133397,1.6937626371423309,1.6937626371423309,0.9671628818279738
3,0.8751335400481172,-0.5134336695908608,0.9735477706778566,0.9735477706778567,-0.2894849098586703
2,-0.6942367999636423,1.8334867667398187,0.7116514555998659,0.7116514555998658,0.6270687568789498
2,-0.6942367999636423,-1.4354381267207705,1.5628144796033356,1.5628144796033354,-0.7333077429171466
0,0.16178338549731738,0.8695730161040038,0.12238474667438687,0.122384746674387,1.1032005318075837
2,-0.6942367999636423,-0.47152437608495584,0.6461773768303682,0.6461773768303684,-0.1347420830068643
3,-0.40889673814332245,0.07329643949180903,0.18785882544388455,0.18785882544388444,1.5436224236165699
3,0.01911335458715743,-1.4354381267207705,0.8425996131388612,0.8425996131388612,-0.5190484441992612
1,-0.6942367999636423,-0.7229801371203858,-0.7287782773290828,-0.7287782773290833,0.7001889937429899
0,-0.12355667632300252,1.1629380706453387,-1.1870968287155665,-1.1870968287155668,1.028379824318798
3,0.4471234473176373,0.6600265485744788,1.300918164525345,1.3009181645253451,0.2682694550577294
1,-0.6942367999636423,-0.7229801371203858,-0.8597264348680782,-0.8597264348680784,0.5709532262623611
0,-0.6942367999636423,1.4982124186925787,-0.7942523560985805,-0.7942523560985807,1.5674290123630017
3,1.7311537255090768,2.4621261693283936,1.7592367159118285,1.759236715911829,1.5555257179897857
1,-0.12355667632300252,-0.8906173111440058,-0.5978301197900875,-0.5978301197900878,0.4808282831508695
0,-0.6942367999636423,-0.9325266046499108,0.4497551405218752,0.4497551405218754,-0.15004631862957038
1,-0.40889673814332245,-0.9325266046499108,-0.20498564717310147,-0.2049856471731014,-1.3012649315820168
0,1.0178035709582771,2.0011239407634385,0.2533329042133822,0.2533329042133819,1.5334195998680993
1,-0.6942367999636423,0.11520573299771401,-0.8597264348680782,-0.8597264348680784,1.6184431311053553
0,-0.6942367999636423,-1.1420730721794357,-1.3835190650240596,-1.3835190650240599,-0.6261780935582036
3,-0.6942367999636423,0.36666149403314396,1.890184873450824,1.8901848734508238,-1.459408699683313
1,0.16178338549731738,-0.2619779085554309,-0.5323560410205899,-0.5323560410205898,-0.1687514955017666
3,0.16178338549731738,-0.7648894306262908,-0.5323560410205899,-0.5323560410205898,-0.3813103235949067
1,-0.6942367999636423,-1.1420730721794357,0.12238474667438687,0.122384746674387,-2.0052597702264965
2,0.5897934782277973,0.8695730161040038,1.4318663220643402,1.4318663220643406,0.44851934128071197
0,-0.6942367999636423,-0.47152437608495584,0.38428106175237753,0.38428106175237736,0.5097362837715368
1,-0.6942367999636423,-1.3097102462030557,0.38428106175237753,0.38428106175237736,-1.5648378784175103
1,0.7324635091379572,0.28284290702133397,-0.4014078834815945,-0.4014078834815949,0.785212524980246
3,-0.6942367999636423,-1.1420730721794357,2.479451582376303,2.4794515823763033,-0.40511691234133845
0,-0.2662267072331625,-1.0582544851676257,2.479451582376303,2.4794515823763033,-0.6992983304222443
0,0.16178338549731738,1.2467566576571487,1.4318663220643402,1.4318663220643406,-1.2689559897118594
3,0.4471234473176373,0.7019358420803838,1.6282885583728333,1.6282885583728335,2.553701974715171
1,2.3018338491497166,0.7438451355862888,-1.1870968287155665,-1.1870968287155668,-1.6175524677846091
3,-0.6942367999636423,0.11520573299771401,1.4318663220643402,1.4318663220643406,0.25296521943502337
0,0.4471234473176373,0.8695730161040038,0.12238474667438687,0.122384746674387,0.9518586462052678
2,0.8751335400481172,0.240933613515429,-0.27045972594259915,-0.2704597259425994,-1.7246821171435516
1,-0.6942367999636423,-1.4354381267207705,-0.27045972594259915,-0.2704597259425994,-1.9134343564902603
3,0.7324635091379572,0.9114823096099088,1.4318663220643402,1.4318663220643406,0.77330923060703
3,-0.6942367999636423,-0.9744358981558158,0.5152292192913729,0.5152292192913729,-1.3556799915738604
3,3.443194096430996,-0.7648894306262908,1.2354440857558473,1.235444085755847,-1.8709225908716323
1,2.3018338491497166,1.1629380706453387,-0.9252005136375758,-0.9252005136375762,1.2086297105417814
2,-0.6942367999636423,0.32475220052723897,0.7116514555998659,0.7116514555998658,-0.5241498560734967
1,1.588483694598917,1.1629380706453387,-1.1870968287155665,-1.1870968287155668,0.91274782183613
2,0.01911335458715743,0.28284290702133397,-1.2525709074850642,-1.2525709074850646,1.6677567792229637
0,-0.6942367999636423,-1.4354381267207705,-1.1870968287155665,-1.1870968287155668,-1.503620935926686
2,0.01911335458715743,0.576207961562669,-0.9906745924070736,-0.9906745924070737,0.35499345691973083
3,1.303143632778597,2.5878540498461087,1.300918164525345,1.3009181645253451,0.5590499318891452
1,-0.2662267072331625,-0.052431441025905946,-0.5323560410205899,-0.5323560410205898,1.4041838323874698
2,-0.6942367999636423,0.7857544290921938,0.31880698298287985,0.3188069829828799,-1.0308901022475427
1,2.016493787329397,0.32475220052723897,-0.8597264348680782,-0.8597264348680784,-1.4781138765555093
1,-0.6942367999636423,2.1268518212811536,-2.0382598527190363,-2.0382598527190368,-0.9237604528886
3,-0.6942367999636423,0.7438451355862888,0.7771255343693636,0.7771255343693638,2.0690678466628127
2,0.7324635091379572,-0.09434073453181094,0.5807032980608705,0.5807032980608703,0.518238636895262
2,0.30445341640747736,2.0011239407634385,1.497340400833838,1.497340400833838,2.7645603321835663
3,-0.6942367999636423,0.28284290702133397,0.31880698298287985,0.3188069829828799,0.9841675880754253
2,-0.6942367999636423,0.9114823096099088,0.8425996131388612,0.8425996131388612,1.0266793536940533
2,-0.6942367999636423,0.40857078753904896,-0.33593380471209683,-0.3359338047120969,0.22915863068859157
0,-0.2662267072331625,0.9533916031158138,-0.008563410864608474,-0.008563410864608476,0.6168659331304792
2,-0.6942367999636423,-1.4354381267207705,1.3663922432948425,1.3663922432948425,-1.881125414620103
3,-0.6942367999636423,-0.1781593215436209,1.2354440857558473,1.235444085755847,-0.2809825567349446
2,-0.6942367999636423,-0.9325266046499108,0.31880698298287985,0.3188069829828799,0.6746819343718133
3,-0.6942367999636423,-1.4354381267207705,1.1044959282168518,1.1044959282168523,-0.6261780935582036
3,-0.6942367999636423,-0.7648894306262908,0.7116514555998659,0.7116514555998658,0.273370866931965
0,0.01911335458715743,-1.4354381267207705,1.1699700069863497,1.1699700069863497,-0.3813103235949067
0,-0.6942367999636423,-1.0582544851676257,-0.9906745924070736,-0.9906745924070737,-1.9474437689851625
3,-0.6942367999636423,-1.1420730721794357,0.8425996131388612,0.8425996131388612,-0.32689526360306276
1,0.01911335458715743,-0.38770578907314585,-0.5323560410205899,-0.5323560410205898,0.25296521943502337
3,1.4458136636887569,-1.0582544851676257,0.7116514555998659,0.7116514555998658,-0.5105460910755355
1,-0.12355667632300252,0.8276637225980988,-1.8418376164105432,-1.8418376164105437,1.237537711162448
0,-0.6942367999636423,0.7438451355862888,0.7116514555998659,0.7116514555998658,1.7969925467035932
0,-0.6942367999636423,-1.4354381267207705,0.5807032980608705,0.5807032980608703,-1.1159136334847988
0,-0.6942367999636423,0.6600265485744788,0.18785882544388455,0.18785882544388444,0.38390145754039756
1,-0.40889673814332245,1.5401217121984836,-0.7942523560985805,-0.7942523560985807,1.028379824318798
1,-0.2662267072331625,0.9953008966217188,-0.8597264348680782,-0.8597264348680784,0.9501581755805231
2,-0.6942367999636423,-1.4354381267207705,0.2533329042133822,0.2533329042133819,0.28017274943094533
3,-0.6942367999636423,-0.010522147520000953,1.1044959282168518,1.1044959282168523,0.22235674818961124
0,-0.6942367999636423,-1.2678009526971508,-0.6633041985595851,-0.6633041985595852,-0.8965529228926781
0,-0.6942367999636423,-0.8906173111440058,0.18785882544388455,0.18785882544388444,-1.1856329290993484
3,-0.6942367999636423,-1.2678009526971508,0.7771255343693636,0.7771255343693638,-0.9866778660041694
2,1.303143632778597,1.5401217121984836,-0.20498564717310147,-0.2049856471731014,0.009797920096471178
1,-0.6942367999636423,-1.1001637786735308,-1.056148671176571,-1.0561486711765713,-1.005383042876366
3,-0.6942367999636423,-1.0582544851676257,2.8068219762237914,2.806821976223792,-2.081780948340027
2,-0.12355667632300252,0.7857544290921938,-0.20498564717310147,-0.2049856471731014,1.8071953704520636
1,-0.12355667632300252,-1.2258916591912457,-0.4014078834815945,-0.4014078834815949,-0.5564587979436543
3,-0.6942367999636423,0.576207961562669,1.1699700069863497,1.1699700069863497,1.557226188614531
1,-0.6942367999636423,-0.2200686150495259,-0.008563410864608474,-0.008563410864608476,-1.1516235166044462
1,-0.6942367999636423,-0.9744358981558158,-0.9906745924070736,-0.9906745924070737,0.5760546381365961
3,1.588483694598917,0.9533916031158138,1.300918164525345,1.3009181645253451,0.7358988768626376
1,-0.6942367999636423,-0.7648894306262908,-0.5323560410205899,-0.5323560410205898,-0.500343267327065
2,0.16178338549731738,-0.9744358981558158,0.18785882544388455,0.18785882544388444,0.6372715806274208
1,0.8751335400481172,1.0791194836335287,-1.710889458871548,-1.7108894588715482,0.8923421743391889
2,-0.6942367999636423,0.11520573299771401,-0.46688196225109213,-0.46688196225109235,-0.6142747991849884
0,-0.6942367999636423,-0.3038872020613359,1.300918164525345,1.3009181645253451,-0.3677065585969454
1,0.01911335458715743,0.199024320009524,0.7116514555998659,0.7116514555998658,0.23085910131333698
1,1.0178035709582771,-1.0582544851676257,-0.5978301197900875,-0.5978301197900878,-0.6890955066737733
0,-0.6942367999636423,-1.3097102462030557,-0.33593380471209683,-0.3359338047120969,-0.10073267051196141
2,0.01911335458715743,0.07329643949180903,0.12238474667438687,0.122384746674387,0.737599347487383
1,1.588483694598917,0.36666149403314396,-0.13951156840360382,-0.13951156840360396,0.9586605287042481
3,-0.6942367999636423,0.199024320009524,0.056910667904889196,0.056910667904888974,0.11012568695643327
3,-0.5515667690534823,0.28284290702133397,0.12238474667438687,0.122384746674387,-1.456007758433823
1,-0.6942367999636423,-0.42961508257905084,0.31880698298287985,0.3188069829828799,0.8294247612236193
2,2.7298439418801967,-0.5553429630967658,-0.5323560410205899,-0.5323560410205898,-1.9576465927336333
2,0.5897934782277973,0.28284290702133397,0.9080736919083588,0.9080736919083586,0.5335428725179681
1,-0.6942367999636423,1.1210287771394338,-0.9906745924070736,-0.9906745924070737,0.17984498257098322
2,1.0178035709582771,-0.7648894306262908,0.12238474667438687,0.122384746674387,-0.14324443613058943
2,0.16178338549731738,-0.7229801371203858,-0.27045972594259915,-0.2704597259425994,0.5318424018932232
3,-0.6942367999636423,0.32475220052723897,0.2533329042133822,0.2533329042133819,-1.2927625784582912
2,-0.40889673814332245,1.2048473641512438,-0.5978301197900875,-0.5978301197900878,0.4808282831508695
3,0.5897934782277973,0.40857078753904896,-0.33593380471209683,-0.3359338047120969,-1.5325289365473531
1,-0.6942367999636423,-0.6391615501085758,0.18785882544388455,0.18785882544388444,1.0776934724364071
2,1.0178035709582771,-1.0582544851676257,-0.07403748963410614,-0.0740374896341065,-1.0444938672455035
1,-0.6942367999636423,-0.9325266046499108,-2.8239487979530082,-2.8239487979530087,-1.3403757559511544
3,-0.6942367999636423,-0.2200686150495259,0.18785882544388455,0.18785882544388444,-1.0121849253753463
1,-0.6942367999636423,0.07329643949180903,-1.3835190650240596,-1.3835190650240599,-0.5445555035704384
3,0.30445341640747736,1.3724845381748638,0.7116514555998659,0.7116514555998658,0.09652192195847259
1,-0.2662267072331625,-0.1781593215436209,-0.9906745924070736,-0.9906745924070737,1.4534974805050782
2,-0.6942367999636423,1.1210287771394338,-1.056148671176571,-1.0561486711765713,0.07271533321204081
0,-0.6942367999636423,-1.4354381267207705,-0.9252005136375758,-0.9252005136375762,-0.7384091547913816
3,2.4445038800598766,-0.010522147520000953,1.6282885583728333,1.6282885583728335,-0.6023715048117725
2,-0.6942367999636423,-0.8906173111440058,-0.6633041985595851,-0.6633041985595852,1.492608304874216
3,-0.40889673814332245,1.1210287771394338,1.300918164525345,1.3009181645253451,0.5777551087613414
0,-0.6942367999636423,-0.6810708436144808,-0.008563410864608474,-0.008563410864608476,-0.03441431614690222
3,-0.6942367999636423,-1.4354381267207705,1.497340400833838,1.497340400833838,-1.3012649315820168
0,-0.40889673814332245,2.3783075823165833,-0.5978301197900875,-0.5978301197900878,1.2528419467851541
2,-0.6942367999636423,-0.42961508257905084,-0.8597264348680782,-0.8597264348680784,0.7767101718565208
2,-0.6942367999636423,-0.38770578907314585,0.38428106175237753,0.38428106175237736,-1.471311994056529
1,-0.6942367999636423,1.1210287771394338,-0.7942523560985805,-0.7942523560985807,-0.5105460910755355
2,0.01911335458715743,0.9953008966217188,-0.5323560410205899,-0.5323560410205898,0.6321701687531853
3,-0.2662267072331625,0.199024320009524,0.7771255343693636,0.7771255343693638,0.07611627446153098
3,-0.6942367999636423,-1.3097102462030557,1.1044959282168518,1.1044959282168523,-0.9645717478824829
2,-0.6942367999636423,-0.052431441025905946,0.9735477706778566,0.9735477706778567,0.5641513437633807
1,1.588483694598917,1.3305752446689587,-0.9252005136375758,-0.9252005136375762,-1.1805315172251132
0,-0.2662267072331625,0.07329643949180903,-0.9252005136375758,-0.9252005136375762,0.28697463192992567
1,1.0178035709582771,-1.1420730721794357,-0.27045972594259915,-0.2704597259425994,0.2699699256824748
3,-0.6942367999636423,0.9114823096099088,0.9735477706778566,0.9735477706778567,-0.6193762110592232
0,-0.6942367999636423,0.11520573299771401,-0.46688196225109213,-0.46688196225109235,-0.005506315526234883
1,1.160473601868437,-0.09434073453181094,-0.46688196225109213,-0.46688196225109235,1.1457122974262117
0,-0.40889673814332245,0.36666149403314396,0.5807032980608705,0.5807032980608703,-1.5342294071720983
0,0.5897934782277973,1.0372101901276238,-0.07403748963410614,-0.0740374896341065,2.1761974960217545
1,-0.6942367999636423,-1.4354381267207705,-0.9906745924070736,-0.9906745924070737,-0.5224493854487514
2,-0.6942367999636423,-0.47152437608495584,-1.6454153801020501,-1.6454153801020504,-0.8234326860286376
3,-0.6942367999636423,-0.9744358981558158,-0.5323560410205899,-0.5323560410205898,-1.5631374077927653
3,-0.6942367999636423,-0.5134336695908608,-0.008563410864608474,-0.008563410864608476,0.03530497946764775
3,-0.6942367999636423,-0.6810708436144808,0.12238474667438687,0.122384746674387,1.5096130111216675
2,-0.5515667690534823,-0.5553429630967658,0.38428106175237753,0.38428106175237736,-1.219642341594251
2,1.588483694598917,0.240933613515429,0.5807032980608705,0.5807032980608703,0.009797920096471178
3,1.303143632778597,0.7019358420803838,1.9556589522203216,1.9556589522203214,1.530018658618609
0,-0.6942367999636423,-1.1420730721794357,0.056910667904889196,0.056910667904888974,-0.6261780935582036
2,-0.6942367999636423,-0.7229801371203858,1.497340400833838,1.497340400833838,-1.4730124646812741
3,1.303143632778597,-0.6810708436144808,-0.5323560410205899,-0.5323560410205898,-1.1227155159837792
3,-0.2662267072331625,-0.42961508257905084,0.4497551405218752,0.4497551405218754,-1.6923731752733944
2,2.3018338491497166,0.7438451355862888,-0.33593380471209683,-0.3359338047120969,0.4604226356539279
0,2.8725139727903564,0.7438451355862888,-1.5799413013325525,-1.579941301332553,0.1951492181936893
2,1.8738237564192368,0.32475220052723897,-1.056148671176571,-1.0561486711765713,-1.7280830583930422
1,-0.6942367999636423,-1.1001637786735308,-1.2525709074850642,-1.2525709074850646,-0.2690792623617287
3,0.30445341640747736,-0.5972522566026708,0.7771255343693636,0.7771255343693638,-0.5547583273189088
1,0.7324635091379572,-0.38770578907314585,-1.1870968287155665,-1.1870968287155668,1.572530424237237
2,-0.6942367999636423,-0.09434073453181094,-1.710889458871548,-1.7108894588715482,-0.18745667237396282
0,-0.2662267072331625,0.36666149403314396,-1.7763635376410456,-1.7763635376410458,1.3361650073976654
2,-0.40889673814332245,1.1210287771394338,-0.13951156840360382,-0.13951156840360396,1.8633109010686528
0,1.588483694598917,-0.09434073453181094,0.38428106175237753,0.38428106175237736,0.17304310007200288
0,-0.6942367999636423,0.40857078753904896,-0.27045972594259915,-0.2704597259425994,0.6593776987491072
3,0.01911335458715743,1.8753960602457236,1.6937626371423309,1.6937626371423309,-1.0819042209898961
1,-0.6942367999636423,0.07329643949180903,-0.9252005136375758,-0.9252005136375762,0.2682694550577294
0,-0.6942367999636423,-0.5553429630967658,-0.07403748963410614,-0.0740374896341065,-1.2417484597159374
3,-0.6942367999636423,-1.1420730721794357,1.4318663220643402,1.4318663220643406,-1.8216089427540236
1,0.16178338549731738,0.240933613515429,-0.4014078834815945,-0.4014078834815949,-0.30989055735561133
1,-0.6942367999636423,-0.8487080176381008,-0.8597264348680782,-0.8597264348680784,-1.007083513501111
2,-0.6942367999636423,-0.7229801371203858,1.300918164525345,1.3009181645253451,0.5828565206355769
0,-0.6942367999636423,1.0372101901276238,0.056910667904889196,0.056910667904888974,1.5096130111216675
0,-0.6942367999636423,1.2886659511630538,-0.5978301197900875,-0.5978301197900878,0.9994718236981314
0,-0.6942367999636423,1.5820310057043887,-0.7287782773290828,-0.7287782773290833,1.6371483079775515
0,0.01911335458715743,0.28284290702133397,-0.7287782773290828,-0.7287782773290833,1.1814221805458593
3,-0.6942367999636423,1.3305752446689587,0.9735477706778566,0.9735477706778567,1.0045732355723669
0,0.16178338549731738,0.7019358420803838,0.5152292192913729,0.5152292192913729,1.4364927742576274
1,1.303143632778597,0.28284290702133397,-0.07403748963410614,-0.0740374896341065,-0.30478914548137637
0,-0.6942367999636423,-0.7229801371203858,-1.056148671176571,-1.0561486711765713,0.8192219374751488
1,-0.6942367999636423,0.9953008966217188,-0.6633041985595851,-0.6633041985595852,0.9943704118238959
2,3.0151840037005164,0.07329643949180903,0.9735477706778566,0.9735477706778567,0.08972003945949165
3,-0.6942367999636423,-1.2678009526971508,1.1044959282168518,1.1044959282168523,-0.4561310310836916
1,-0.6942367999636423,-0.6391615501085758,-0.9906745924070736,-0.9906745924070737,-0.9866778660041694
2,-0.6942367999636423,-0.1781593215436209,0.5152292192913729,0.5152292192913729,0.9569600580795034
2,4.013874220071636,0.32475220052723897,-0.13951156840360382,-0.13951156840360396,-0.894852452267933
1,-0.12355667632300252,-0.8487080176381008,-0.13951156840360382,-0.13951156840360396,-1.5240265834236275
1,-0.6942367999636423,-0.42961508257905084,-0.5323560410205899,-0.5323560410205898,1.0419835893167593
1,-0.6942367999636423,-0.010522147520000953,-1.3180449862545618,-1.318044986254562,0.05230968571509919
2,-0.6942367999636423,-1.2258916591912457,-0.07403748963410614,-0.0740374896341065,-0.4510296192094566
0,2.4445038800598766,-0.3038872020613359,-0.13951156840360382,-0.13951156840360396,0.06421298008831508
0,-0.6942367999636423,-0.9744358981558158,1.1044959282168518,1.1044959282168523,0.880438879965973
2,0.16178338549731738,1.2467566576571487,1.0390218494473542,1.0390218494473542,-0.797925626657461
3,2.4445038800598766,0.49238937455085896,0.9735477706778566,0.9735477706778567,-0.9492675122597769
3,2.8725139727903564,0.6600265485744788,-0.07403748963410614,-0.0740374896341065,0.8566322912195413
3,1.0178035709582771,0.07329643949180903,0.9080736919083588,0.9080736919083586,0.08291815696051132
2,-0.6942367999636423,-1.3097102462030557,0.12238474667438687,0.122384746674387,-0.6159752698097332
2,1.160473601868437,1.3724845381748638,-0.9252005136375758,-0.9252005136375762,0.667880051872833
3,-0.6942367999636423,2.9650376913992535,0.5152292192913729,0.5152292192913729,1.5691294829877465
0,-0.6942367999636423,-0.5134336695908608,-0.46688196225109213,-0.46688196225109235,-0.7009988010469892
1,1.0178035709582771,1.2048473641512438,-1.121622749946069,-1.1216227499460691,1.1389104149272313
2,-0.6942367999636423,-1.1839823656853408,2.28302934606781,2.2830293460678095,-2.080080477715282
1,-0.6942367999636423,0.9953008966217188,-0.07403748963410614,-0.0740374896341065,0.8634341737185216
2,-0.2662267072331625,-0.8487080176381008,2.2175552672983123,2.2175552672983123,0.3430901625465149
2,-0.6942367999636423,0.9953008966217188,0.4497551405218752,0.4497551405218754,-0.8217322154038929
3,0.30445341640747736,0.28284290702133397,2.1520811885288147,2.1520811885288147,0.21045345381639535
1,-0.40889673814332245,0.8276637225980988,-0.5323560410205899,-0.5323560410205898,-1.0036825722516207
3,-0.6942367999636423,0.6600265485744788,0.38428106175237753,0.38428106175237736,0.5165381662705172
0,-0.6942367999636423,2.2106704082929634,0.31880698298287985,0.3188069829828799,0.46212310627867326
0,-0.6942367999636423,-1.2678009526971508,0.6461773768303682,0.6461773768303684,-0.25037408548953244
0,0.4471234473176373,0.07329643949180903,0.12238474667438687,0.122384746674387,0.3124816913011028
1,0.01911335458715743,-1.0163451916617208,-1.4489931437935573,-1.4489931437935575,-1.6957741165228846
2,-0.6942367999636423,-0.2619779085554309,0.31880698298287985,0.3188069829828799,-0.6108738579354975
2,2.159163818239557,-1.0163451916617208,-0.4014078834815945,-0.4014078834815949,-1.4662105821822935
1,-0.6942367999636423,0.40857078753904896,-1.8418376164105432,-1.8418376164105437,-1.668566586526963
1,1.4458136636887569,0.07329643949180903,-0.07403748963410614,-0.0740374896341065,-1.513823759675157
2,-0.6942367999636423,-0.38770578907314585,0.7771255343693636,0.7771255343693638,-0.3864117354691422
0,-0.6942367999636423,0.8276637225980988,1.4318663220643402,1.4318663220643406,2.245916791636305
2,2.159163818239557,1.8753960602457236,0.5807032980608705,0.5807032980608703,1.434792303632882
0,-0.6942367999636423,0.7438451355862888,-1.056148671176571,-1.0561486711765713,1.6881624267199054
1,1.0178035709582771,-0.010522147520000953,-0.7942523560985805,-0.7942523560985807,-1.360781403448096
0,-0.6942367999636423,-0.42961508257905084,-0.20498564717310147,-0.2049856471731014,-0.39491408859286736
3,-0.6942367999636423,-1.0582544851676257,-0.5978301197900875,-0.5978301197900878,-2.025665417723438
2,-0.6942367999636423,0.7438451355862888,1.497340400833838,1.497340400833838,1.5878346598599433
3,2.3018338491497166,1.1629380706453387,0.9080736919083588,0.9080736919083586,0.293776514428906
0,-0.6942367999636423,-1.4354381267207705,-0.33593380471209683,-0.3359338047120969,-1.0819042209898961
1,1.588483694598917,-0.47152437608495584,-0.8597264348680782,-0.8597264348680784,-1.726382587768297
2,1.4458136636887569,-0.052431441025905946,-0.4014078834815945,-0.4014078834815949,-0.6601875060531065
0,1.303143632778597,1.4982124186925787,-0.20498564717310147,-0.2049856471731014,0.06251250946356969
1,1.160473601868437,0.576207961562669,-0.5323560410205899,-0.5323560410205898,0.5590499318891452
1,1.303143632778597,0.7019358420803838,0.2533329042133822,0.2533329042133819,1.0878962961848775
0,-0.6942367999636423,-1.4354381267207705,0.9735477706778566,0.9735477706778567,0.05401015633984458
0,0.16178338549731738,-0.42961508257905084,0.12238474667438687,0.122384746674387,0.1305313344533749
0,0.5897934782277973,-0.3038872020613359,0.18785882544388455,0.18785882544388444,0.34989204504549526
3,-0.6942367999636423,0.11520573299771401,0.5807032980608705,0.5807032980608703,-0.0905298467634909
2,0.01911335458715743,-0.5972522566026708,0.5152292192913729,0.5152292192913729,-1.7518896471394736
0,0.5897934782277973,2.1687611147870585,-0.5978301197900875,-0.5978301197900878,-1.3386752853264094
0,0.8751335400481172,2.1687611147870585,0.2533329042133822,0.2533329042133819,0.08291815696051132
1,-0.6942367999636423,1.8334867667398187,0.12238474667438687,0.122384746674387,0.18664686506996356
3,-0.6942367999636423,-1.4354381267207705,1.890184873450824,1.8901848734508238,0.6304696981284399
3,-0.6942367999636423,-0.6391615501085758,2.0211330309898194,2.02113303098982,0.8090191137266777
3,1.160473601868437,-0.2619779085554309,1.2354440857558473,1.235444085755847,-0.3864117354691422
0,-0.6942367999636423,0.7019358420803838,-0.5323560410205899,-0.5323560410205898,2.057164552289597
1,-0.6942367999636423,0.32475220052723897,-0.9906745924070736,-0.9906745924070737,-0.4680343254569075
0,0.7324635091379572,-0.8067987241321958,0.7116514555998659,0.7116514555998658,0.795415348728717
1,-0.6942367999636423,-0.42961508257905084,-0.7942523560985805,-0.7942523560985807,-1.2842602253345654
0,0.5897934782277973,0.9533916031158138,-0.7287782773290828,-0.7287782773290833,1.6167426604806099
0,1.4458136636887569,-0.6391615501085758,-1.056148671176571,-1.0561486711765713,-0.1024331411367068
2,0.7324635091379572,0.40857078753904896,-0.5978301197900875,-0.5978301197900878,1.1576155917994275
0,-0.40889673814332245,2.3363982888106785,1.890184873450824,1.8901848734508238,1.7918911348293576
0,-0.6942367999636423,-1.1839823656853408,-1.056148671176571,-1.0561486711765713,-0.8727463341462462
0,-0.6942367999636423,-0.9744358981558158,-0.20498564717310147,-0.2049856471731014,0.8192219374751488
3,0.8751335400481172,0.49238937455085896,1.2354440857558473,1.235444085755847,-1.376085639070802
0,-0.6942367999636423,-0.9325266046499108,-0.27045972594259915,-0.2704597259425994,0.008097449471725792
2,-0.6942367999636423,-0.3457964955672409,-0.27045972594259915,-0.2704597259425994,-1.5019204653019411
2,1.0178035709582771,0.199024320009524,1.1699700069863497,1.1699700069863497,-1.6311562327825702
1,-0.6942367999636423,0.240933613515429,-0.27045972594259915,-0.2704597259425994,0.3685972219176915
1,-0.6942367999636423,-0.5134336695908608,-0.33593380471209683,-0.3359338047120969,-0.4595319723331823
1,3.3005240655208365,0.36666149403314396,-0.8597264348680782,-0.8597264348680784,-0.6414823291809103
0,1.588483694598917,-1.0163451916617208,-1.7763635376410456,-1.7763635376410458,0.5267409900189877
1,-0.40889673814332245,-1.4354381267207705,-0.46688196225109213,-0.46688196225109235,-0.29288585110816046
0,-0.12355667632300252,-0.052431441025905946,-0.5323560410205899,-0.5323560410205898,-0.24187173236580672
1,1.4458136636887569,-0.8906173111440058,-1.2525709074850642,-1.2525709074850646,0.3124816913011028
0,-0.6942367999636423,-1.3516195397089608,-0.4014078834815945,-0.4014078834815949,-0.4204211479640445
3,-0.5515667690534823,1.4982124186925787,0.2533329042133822,0.2533329042133819,-1.2281446947179764
3,-0.40889673814332245,0.03138714598590404,-0.4014078834815945,-0.4014078834815949,1.5606271298640213
3,-0.6942367999636423,0.199024320009524,1.497340400833838,1.497340400833838,-0.7197039779191854
3,0.7324635091379572,-0.9744358981558158,-0.20498564717310147,-0.2049856471731014,0.5488471081406741
1,1.7311537255090768,2.4621261693283936,-0.8597264348680782,-0.8597264348680784,0.8498304087205609
0,-0.12355667632300252,1.2048473641512438,-0.27045972594259915,-0.2704597259425994,1.492608304874216
2,-0.6942367999636423,0.7019358420803838,-0.4014078834815945,-0.4014078834815949,1.0368821774425239
0,-0.6942367999636423,-0.47152437608495584,0.18785882544388455,0.18785882544388444,0.8583327618442861
1,1.4458136636887569,-1.1420730721794357,-0.07403748963410614,-0.0740374896341065,-0.3115910279803567
0,1.588483694598917,-0.8487080176381008,-1.121622749946069,-1.1216227499460691,-0.43062397171251504
2,0.4471234473176373,0.07329643949180903,-0.5978301197900875,-0.5978301197900878,-0.2146642023698848
3,1.4458136636887569,-0.8487080176381008,0.5152292192913729,0.5152292192913729,1.3463678311461358
1,1.303143632778597,2.5878540498461087,-0.6633041985595851,-0.6633041985595852,1.3514692430203714
1,-0.6942367999636423,-1.0582544851676257,-1.4489931437935573,-1.4489931437935575,-0.4085178535908286
1,0.5897934782277973,0.7857544290921938,0.5807032980608705,0.5807032980608703,-0.11433643550992269
3,0.16178338549731738,1.6658495927161987,1.2354440857558473,1.235444085755847,2.6523292709503887
3,0.8751335400481172,0.11520573299771401,1.3663922432948425,1.3663922432948425,-1.1941352822230742
0,-0.6942367999636423,0.07329643949180903,-1.710889458871548,-1.7108894588715482,0.36179533941871117
1,-0.6942367999636423,-0.09434073453181094,-0.13951156840360382,-0.13951156840360396,-1.7076774108961006
0,-0.6942367999636423,0.49238937455085896,-0.13951156840360382,-0.13951156840360396,0.618566403755224
3,-0.6942367999636423,0.7019358420803838,0.056910667904889196,0.056910667904888974,0.24276239568655286
3,-0.40889673814332245,1.1210287771394338,0.9735477706778566,0.9735477706778567,-0.7197039779191854
2,-0.6942367999636423,0.07329643949180903,-0.46688196225109213,-0.46688196225109235,-1.5750407021659811
3,-0.6942367999636423,0.7438451355862888,0.31880698298287985,0.3188069829828799,1.7153699567158271
0,-0.6942367999636423,-1.2678009526971508,0.18785882544388455,0.18785882544388444,-0.7503124491645975
1,2.5871739109700367,2.7974005173756336,-0.7287782773290828,-0.7287782773290833,1.152514179925192
2,-0.6942367999636423,-0.9325266046499108,-1.2525709074850642,-1.2525709074850646,-1.7229816465188066
1,-0.6942367999636423,0.07329643949180903,0.5152292192913729,0.5152292192913729,0.8668351149680118
2,-0.40889673814332245,-0.052431441025905946,-0.4014078834815945,-0.4014078834815949,0.788613466229736
2,-0.6942367999636423,-0.8067987241321958,-0.7287782773290828,-0.7287782773290833,-0.9679726891319731
3,-0.2662267072331625,0.28284290702133397,1.5628144796033356,1.5628144796033354,-0.3336971461020431
2,0.7324635091379572,-0.6391615501085758,0.6461773768303682,0.6461773768303684,-0.08372796426451057
1,0.8751335400481172,2.1268518212811536,-1.3835190650240596,-1.3835190650240599,1.113403355556054
1,-0.6942367999636423,0.07329643949180903,-0.7942523560985805,-0.7942523560985807,-1.219642341594251
3,-0.6942367999636423,0.40857078753904896,2.479451582376303,2.4794515823763033,-0.7639162141625587
3,-0.6942367999636423,0.36666149403314396,-0.33593380471209683,-0.3359338047120969,0.6559767574996171
3,-0.5515667690534823,-1.0582544851676257,1.0390218494473542,1.0390218494473542,-0.46973479608165286
2,-0.6942367999636423,-0.3038872020613359,0.2533329042133822,0.2533329042133819,0.13393227570286506
2,-0.6942367999636423,-0.9325266046499108,0.18785882544388455,0.18785882544388444,0.016599802595451515
2,-0.6942367999636423,1.0372101901276238,-1.8418376164105432,-1.8418376164105437,0.06081203883882491
1,1.588483694598917,2.0849425277752487,-0.7942523560985805,-0.7942523560985807,-0.9526684535092671
2,1.7311537255090768,-0.47152437608495584,1.2354440857558473,1.235444085755847,-0.4289235010877702
0,-0.6942367999636423,-1.4354381267207705,-0.4014078834815945,-0.4014078834815949,0.34138969192176954
2,0.4471234473176373,0.45048008104495396,-1.4489931437935573,-1.4489931437935575,1.1848231217953495
3,0.7324635091379572,1.9173053537516287,2.1520811885288147,2.1520811885288147,0.34989204504549526
1,-0.6942367999636423,-1.1001637786735308,-1.8418376164105432,-1.8418376164105437,-1.9729508283563393
3,-0.6942367999636423,-0.42961508257905084,1.497340400833838,1.497340400833838,0.011498390721216565
0,1.303143632778597,-0.6810708436144808,-0.33593380471209683,-0.3359338047120969,0.1713426294472575
2,-0.6942367999636423,1.8334867667398187,-1.5799413013325525,-1.579941301332553,0.2682694550577294
3,-0.6942367999636423,-0.052431441025905946,0.2533329042133822,0.2533329042133819,0.9875685293249155
0,3.0151840037005164,-0.42961508257905084,-1.121622749946069,-1.1216227499460691,-1.8879272971190832
2,-0.12355667632300252,1.5401217121984836,0.4497551405218752,0.4497551405218754,1.259643829284135
2,1.303143632778597,0.9953008966217188,1.2354440857558473,1.235444085755847,0.5641513437633807
2,1.303143632778597,0.534298668056764,-0.7942523560985805,-0.7942523560985807,-0.2979872629823954
3,4.727224374622436,0.32475220052723897,0.7116514555998659,0.7116514555998658,-1.9474437689851625
3,-0.6942367999636423,0.28284290702133397,0.18785882544388455,0.18785882544388444,-1.0972084566126024
1,0.30445341640747736,-0.1781593215436209,-1.9727857739495385,-1.972785773949539,0.35329298629498546
0,-0.6942367999636423,-1.1839823656853408,1.1044959282168518,1.1044959282168523,-0.4085178535908286
0,-0.6942367999636423,-0.6810708436144808,0.38428106175237753,0.38428106175237736,1.2307358286634678
0,-0.6942367999636423,-0.9744358981558158,-0.7942523560985805,-0.7942523560985807,0.5692527556376157
0,-0.6942367999636423,0.534298668056764,0.4497551405218752,0.4497551405218754,0.6423729925016558
3,-0.6942367999636423,-0.010522147520000953,0.31880698298287985,0.3188069829828799,0.5046348718973013
1,0.4471234473176373,0.9953008966217188,0.12238474667438687,0.122384746674387,0.0046965082222356225
3,-0.2662267072331625,-0.1781593215436209,-0.33593380471209683,-0.3359338047120969,-1.2298451653427218
2,1.0178035709582771,0.7857544290921938,0.7771255343693636,0.7771255343693638,1.1576155917994275
2,-0.6942367999636423,-1.0163451916617208,-0.27045972594259915,-0.2704597259425994,-0.30478914548137637
1,-0.6942367999636423,-1.1420730721794357,-0.33593380471209683,-0.3359338047120969,-0.600671034187027
3,-0.6942367999636423,0.49238937455085896,1.1044959282168518,1.1044959282168523,0.41961134066004524
3,1.4458136636887569,-0.2200686150495259,0.056910667904889196,0.056910667904888974,-1.1652272816024072
2,2.7298439418801967,-0.47152437608495584,-2.5620524828750177,-2.562052482875018,-1.4696115234317835
1,-0.12355667632300252,1.6239402992102936,-2.234682089027529,-2.2346820890275296,1.8242000766995146
2,1.4458136636887569,1.9173053537516287,0.5807032980608705,0.5807032980608703,0.2053520419421598
2,-0.6942367999636423,-1.4354381267207705,0.18785882544388455,0.18785882544388444,-1.6753684690259434
3,-0.6942367999636423,-0.3038872020613359,0.4497551405218752,0.4497551405218754,-0.966272218507228
3,2.7298439418801967,0.157115026503619,-0.5323560410205899,-0.5323560410205898,-0.5241498560734967
1,0.8751335400481172,0.32475220052723897,-0.46688196225109213,-0.46688196225109235,-1.5019204653019411
1,0.7324635091379572,0.8276637225980988,-0.7942523560985805,-0.7942523560985807,2.244216321011559
2,1.160473601868437,0.576207961562669,0.056910667904889196,0.056910667904888974,-0.5530578566941635
0,-0.6942367999636423,1.5820310057043887,1.0390218494473542,1.0390218494473542,-1.1006093978620923
1,-0.6942367999636423,-0.052431441025905946,-1.4489931437935573,-1.4489931437935575,0.6797833462460489
2,-0.6942367999636423,-0.7229801371203858,-0.5323560410205899,-0.5323560410205898,-1.359080932823351
1,-0.6942367999636423,1.0372101901276238,-2.300156167797027,-2.3001561677970273,1.7935916054541023
0,-0.6942367999636423,0.07329643949180903,0.6461773768303682,0.6461773768303684,-1.5070218771761763
0,-0.6942367999636423,1.1210287771394338,0.31880698298287985,0.3188069829828799,-0.5462559741951831
0,0.16178338549731738,0.534298668056764,0.31880698298287985,0.3188069829828799,0.7341984062378928
2,-0.6942367999636423,-0.8067987241321958,0.2533329042133822,0.2533329042133819,0.07611627446153098
1,3.1578540346106765,-1.1420730721794357,-0.7942523560985805,-0.7942523560985807,-2.236523775191833
1,2.5871739109700367,-0.7229801371203858,-0.46688196225109213,-0.46688196225109235,-0.10073267051196141
3,-0.6942367999636423,-0.8067987241321958,1.6282885583728333,1.6282885583728335,-1.0427933966207583
1,-0.6942367999636423,-0.5972522566026708,-1.056148671176571,-1.0561486711765713,0.26656898443298466
2,-0.6942367999636423,1.3305752446689587,-1.121622749946069,-1.1216227499460691,0.5896584031345573
0,-0.6942367999636423,-1.4354381267207705,0.38428106175237753,0.38428106175237736,-0.6941969185480088
1,-0.6942367999636423,1.0791194836335287,-0.5323560410205899,-0.5323560410205898,2.761159390934077
2,-0.6942367999636423,-0.38770578907314585,-2.6275265616445154,-2.627526561644516,-0.25887643861325815
2,0.16178338549731738,-0.8487080176381008,1.1044959282168518,1.1044959282168523,0.30057839692788696
2,-0.2662267072331625,0.8276637225980988,0.31880698298287985,0.3188069829828799,1.6796600735961795
1,-0.6942367999636423,-0.052431441025905946,-0.33593380471209683,-0.3359338047120969,-1.4543072878090775
1,-0.6942367999636423,-1.1001637786735308,-0.07403748963410614,-0.0740374896341065,-0.5649611510673794
0,0.5897934782277973,0.9114823096099088,-1.5144672225630549,-1.5144672225630553,1.6541530142250025
0,0.16178338549731738,-1.2258916591912457,1.6937626371423309,1.6937626371423309,-0.5632606804426346
3,1.303143632778597,-0.2200686150495259,-0.07403748963410614,-0.0740374896341065,1.0164765299455822
2,1.0178035709582771,-0.09434073453181094,0.2533329042133822,0.2533329042133819,0.1067247457069431
1,-0.6942367999636423,-1.3097102462030557,-0.7942523560985805,-0.7942523560985807,-0.6805931535500476
1,-0.6942367999636423,-0.052431441025905946,-0.6633041985595851,-0.6633041985595852,-0.9764750422556988
2,-0.6942367999636423,-1.3516195397089608,1.1044959282168518,1.1044959282168523,-0.8183312741544027
1,-0.6942367999636423,-0.8906173111440058,-0.5978301197900875,-0.5978301197900878,-0.9900788072536598
1,0.16178338549731738,-0.8906173111440058,-1.9073116951800408,-1.9073116951800413,0.08631909821000149
3,0.30445341640747736,-0.13625002803771594,-0.20498564717310147,-0.2049856471731014,0.1696421588225127
0,0.16178338549731738,1.0791194836335287,-0.13951156840360382,-0.13951156840360396,-0.21126326112039462
2,5.297904498263076,2.3363982888106785,0.18785882544388455,0.18785882544388444,-1.1023098684868378
1,0.7324635091379572,0.7019358420803838,-0.6633041985595851,-0.6633041985595852,1.8820160779408492
2,4.013874220071636,-0.38770578907314585,0.6461773768303682,0.6461773768303684,-0.8999538641421683
2,2.8725139727903564,0.9533916031158138,0.31880698298287985,0.3188069829828799,-1.177130575975623
2,0.7324635091379572,0.7438451355862888,0.9735477706778566,0.9735477706778567,2.0690678466628127
1,-0.6942367999636423,-0.5134336695908608,-1.3835190650240596,-1.3835190650240599,-1.6787694102754334
1,-0.6942367999636423,1.0372101901276238,-1.5144672225630549,-1.5144672225630553,2.3105346753766187
0,0.16178338549731738,0.8695730161040038,-0.4014078834815945,-0.4014078834815949,2.0826716116607735
1,-0.6942367999636423,-1.4354381267207705,-0.4014078834815945,-0.4014078834815949,-0.28778443923392494
2,-0.12355667632300252,-1.0582544851676257,0.9735477706778566,0.9735477706778567,-0.6397818585561649
3,0.16178338549731738,0.07329643949180903,0.8425996131388612,0.8425996131388612,-0.49354138482808463
1,-0.6942367999636423,-0.3457964955672409,0.18785882544388455,0.18785882544388444,1.5283181879938637
3,-0.12355667632300252,-0.8067987241321958,1.0390218494473542,1.0390218494473542,0.4723259300271438
2,-0.6942367999636423,0.7857544290921938,1.0390218494473542,1.0390218494473542,1.035181706817779
2,0.01911335458715743,1.8753960602457236,1.9556589522203216,1.9556589522203214,-0.49184091420333925
3,-0.12355667632300252,0.576207961562669,-0.20498564717310147,-0.2049856471731014,-1.7314839996425322
0,-0.2662267072331625,0.7019358420803838,-0.8597264348680782,-0.8597264348680784,1.4381932448823722
2,-0.2662267072331625,-1.1420730721794357,-0.13951156840360382,-0.13951156840360396,-0.5037442085765551
1,-0.40889673814332245,-0.8487080176381008,0.12238474667438687,0.122384746674387,-0.0905298467634909
0,0.01911335458715743,-0.8906173111440058,0.056910667904889196,0.056910667904888974,-0.6720908004263224
2,-0.40889673814332245,-0.9325266046499108,1.1699700069863497,1.1699700069863497,-1.5257270540483725
1,-0.6942367999636423,-1.4354381267207705,-1.3835190650240596,-1.3835190650240599,0.22915863068859157
2,1.0178035709582771,0.157115026503619,1.5628144796033356,1.5628144796033354,-1.3131682259552324
2,-0.6942367999636423,-0.9325266046499108,-0.07403748963410614,-0.0740374896341065,0.3958047519136135
3,-0.6942367999636423,-1.4354381267207705,0.4497551405218752,0.4497551405218754,-0.5853667985643211
3,0.30445341640747736,0.199024320009524,0.8425996131388612,0.8425996131388612,-0.8047275091564414
3,0.4471234473176373,0.03138714598590404,-0.4014078834815945,-0.4014078834815949,1.2392381817871934
3,2.016493787329397,-0.3457964955672409,0.5152292192913729,0.5152292192913729,-0.19595902549768854
2,-0.6942367999636423,-0.8067987241321958,-1.3180449862545618,-1.318044986254562,0.2903755731794158
1,-0.5515667690534823,1.1629380706453387,-0.7287782773290828,-0.7287782773290833,0.7835120543555011
3,-0.2662267072331625,1.2467566576571487,0.7116514555998659,0.7116514555998658,-0.2554754973637674
0,0.4471234473176373,1.1210287771394338,-0.9906745924070736,-0.9906745924070737,0.9841675880754253
3,-0.6942367999636423,-0.3038872020613359,0.4497551405218752,0.4497551405218754,1.6422497198517871
3,0.7324635091379572,0.199024320009524,2.0211330309898194,2.02113303098982,-1.3012649315820168
3,-0.6942367999636423,-1.2258916591912457,0.9735477706778566,0.9735477706778567,-1.542731760295824
0,-0.12355667632300252,1.0372101901276238,-0.9252005136375758,-0.9252005136375762,0.8549318205947959
0,-0.2662267072331625,-0.42961508257905084,0.38428106175237753,0.38428106175237736,1.5402214823670797
1,1.0178035709582771,0.07329643949180903,-1.5799413013325525,-1.579941301332553,0.8566322912195413
0,-0.6942367999636423,0.157115026503619,-0.27045972594259915,-0.2704597259425994,1.3038560655275078
0,-0.6942367999636423,-0.47152437608495584,0.7771255343693636,0.7771255343693638,0.011498390721216565
0,-0.6942367999636423,-0.010522147520000953,-0.5978301197900875,-0.5978301197900878,0.35499345691973083
2,-0.2662267072331625,-0.13625002803771594,0.5152292192913729,0.5152292192913729,-0.30138820423188617
1,-0.12355667632300252,-0.7229801371203858,-1.056148671176571,-1.0561486711765713,-1.0240882197485621
3,0.5897934782277973,-0.47152437608495584,0.5152292192913729,0.5152292192913729,-1.2502508128396632
2,1.588483694598917,0.9533916031158138,0.31880698298287985,0.3188069829828799,-1.1652272816024072
3,2.4445038800598766,-0.010522147520000953,1.1044959282168518,1.1044959282168523,-0.8744468047709913
2,-0.6942367999636423,0.7438451355862888,0.5807032980608705,0.5807032980608703,0.07101486258729542
1,-0.6942367999636423,-0.6391615501085758,-0.33593380471209683,-0.3359338047120969,0.08801956883474686
3,0.7324635091379572,0.40857078753904896,1.2354440857558473,1.235444085755847,0.40600757566208395
1,1.0178035709582771,3.6774956809996384,0.31880698298287985,0.3188069829828799,2.521393032845014
0,-0.6942367999636423,-0.38770578907314585,0.5152292192913729,0.5152292192913729,1.3990824205132344
2,-0.6942367999636423,-0.47152437608495584,0.12238474667438687,0.122384746674387,-0.18745667237396282
3,2.7298439418801967,-0.47152437608495584,0.9080736919083588,0.9080736919083586,-0.9492675122597769
1,-0.6942367999636423,1.5401217121984836,-0.5323560410205899,-0.5323560410205898,0.7818115837307558
2,-0.6942367999636423,0.7438451355862888,0.9735477706778566,0.9735477706778567,-0.5649611510673794
1,1.160473601868437,-0.42961508257905084,-0.5978301197900875,-0.5978301197900878,0.785212524980246
3,0.30445341640747736,0.03138714598590404,0.2533329042133822,0.2533329042133819,0.4808282831508695
0,0.4471234473176373,0.28284290702133397,-0.27045972594259915,-0.2704597259425994,0.2274581600638468
3,2.3018338491497166,-1.3097102462030557,0.056910667904889196,0.056910667904888974,-0.4442277367104763
1,0.01911335458715743,-0.7229801371203858,0.2533329042133822,0.2533329042133819,-0.18405573112447265
0,-0.2662267072331625,1.4982124186925787,-0.07403748963410614,-0.0740374896341065,0.7392998181121277
3,-0.6942367999636423,-1.4354381267207705,0.7771255343693636,0.7771255343693638,-0.4034164417165931
3,5.725914590993556,-1.0163451916617208,0.5807032980608705,0.5807032980608703,0.2172553363153757
2,1.0178035709582771,1.2048473641512438,0.31880698298287985,0.3188069829828799,0.5828565206355769
3,2.7298439418801967,0.03138714598590404,0.9080736919083588,0.9080736919083586,-0.5734635041911051
0,-0.6942367999636423,0.28284290702133397,-0.27045972594259915,-0.2704597259425994,0.1169275694554136
2,-0.6942367999636423,-1.4354381267207705,-0.27045972594259915,-0.2704597259425994,-1.5478331721700593
3,3.3005240655208365,1.5820310057043887,1.1699700069863497,1.1699700069863497,-0.9526684535092671
3,0.4471234473176373,1.8753960602457236,1.5628144796033356,1.5628144796033354,2.489084090974857
1,0.4471234473176373,-0.2200686150495259,-0.7942523560985805,-0.7942523560985807,-0.17555337800074694
2,-0.6942367999636423,-0.3457964955672409,0.2533329042133822,0.2533329042133819,0.3260854562990635
3,0.4471234473176373,-0.13625002803771594,0.056910667904889196,0.056910667904888974,0.9960708824486412
1,-0.6942367999636423,-1.4354381267207705,0.4497551405218752,0.4497551405218754,0.41791087003529986
2,0.30445341640747736,-0.1781593215436209,-0.5323560410205899,-0.5323560410205898,0.7290969943636573
0,1.588483694598917,-0.052431441025905946,-0.008563410864608474,-0.008563410864608476,-0.010607727400470437
3,-0.6942367999636423,-0.8487080176381008,2.5449256611458004,2.5449256611458004,0.14073415820184537
3,0.7324635091379572,1.5820310057043887,0.6461773768303682,0.6461773768303684,-0.4884399729538491
2,-0.6942367999636423,0.9114823096099088,-1.6454153801020501,-1.6454153801020504,0.6559767574996171
2,-0.6942367999636423,-0.052431441025905946,0.9080736919083588,0.9080736919083586,0.5369438137674588
1,0.01911335458715743,-0.38770578907314585,-0.008563410864608474,-0.008563410864608476,0.04550780321611885
0,1.588483694598917,0.7438451355862888,0.5152292192913729,0.5152292192913729,1.8650113716933976
2,0.30445341640747736,-0.010522147520000953,-1.3180449862545618,-1.318044986254562,1.2528419467851541
0,-0.5515667690534823,-0.010522147520000953,-0.07403748963410614,-0.0740374896341065,0.91274782183613
3,1.7311537255090768,-0.5134336695908608,0.5152292192913729,0.5152292192913729,-0.31499196922984685
3,-0.2662267072331625,1.7077588862221036,0.7116514555998659,0.7116514555998658,-0.260576909238003
1,-0.40889673814332245,-0.5972522566026708,-0.33593380471209683,-0.3359338047120969,-0.05652043426858862
0,-0.6942367999636423,-1.4354381267207705,-1.056148671176571,-1.0561486711765713,0.44511840003122183
1,-0.6942367999636423,-1.2258916591912457,-1.1870968287155665,-1.1870968287155668,0.10842521633168788
1,-0.6942367999636423,0.36666149403314396,-1.056148671176571,-1.0561486711765713,1.6218440723548455
0,0.30445341640747736,-1.0163451916617208,-0.6633041985595851,-0.6633041985595852,1.2256344167892321
3,-0.6942367999636423,-0.9744358981558158,0.5807032980608705,0.5807032980608703,-0.0038058449014901005
2,-0.6942367999636423,-0.8906173111440058,-1.3180449862545618,-1.318044986254562,0.2903755731794158
3,0.4471234473176373,-0.1781593215436209,0.6461773768303682,0.6461773768303684,0.3805005162909074
0,0.30445341640747736,1.5401217121984836,-0.9906745924070736,-0.9906745924070737,1.2426391230366836
2,0.8751335400481172,-0.13625002803771594,0.5807032980608705,0.5807032980608703,-0.7928242147832255
2,1.4458136636887569,-1.1420730721794357,0.31880698298287985,0.3188069829828799,-0.5938691516880468
1,2.4445038800598766,-0.13625002803771594,-0.6633041985595851,-0.6633041985595852,0.011498390721216565
2,1.0178035709582771,-1.3935288332148656,-0.07403748963410614,-0.0740374896341065,-0.6669893885520869
3,-0.6942367999636423,-0.5134336695908608,-0.33593380471209683,-0.3359338047120969,0.9960708824486412
3,0.30445341640747736,1.7496681797280087,-0.07403748963410614,-0.0740374896341065,1.6422497198517871
0,0.16178338549731738,-0.8067987241321958,-0.20498564717310147,-0.2049856471731014,-0.21806514361937496
3,1.8738237564192368,-0.6810708436144808,0.9735477706778566,0.9735477706778567,-0.8115293916554224
1,4.727224374622436,1.1210287771394338,-0.46688196225109213,-0.46688196225109235,0.5301419312684779
1,-0.6942367999636423,1.0791194836335287,-0.27045972594259915,-0.2704597259425994,0.14243462882659078
0,-0.6942367999636423,1.4143938316807687,1.0390218494473542,1.0390218494473542,1.893919372314065
2,-0.6942367999636423,-0.42961508257905084,0.31880698298287985,0.3188069829828799,0.1288308638286295
1,1.7311537255090768,0.49238937455085896,-0.8597264348680782,-0.8597264348680784,-1.3641823446975863
0,-0.6942367999636423,0.03138714598590404,-0.33593380471209683,-0.3359338047120969,0.7784106424812656
3,0.16178338549731738,0.240933613515429,0.38428106175237753,0.38428106175237736,0.161139805698787
3,0.7324635091379572,0.03138714598590404,0.5152292192913729,0.5152292192913729,-0.825133156653383
2,-0.6942367999636423,-1.4354381267207705,1.0390218494473542,1.0390218494473542,-0.9424656297607963
1,-0.6942367999636423,-0.8487080176381008,-0.33593380471209683,-0.3359338047120969,1.7085680742168463
1,-0.6942367999636423,-1.1839823656853408,-0.33593380471209683,-0.3359338047120969,0.3260854562990635
3,-0.6942367999636423,-0.2619779085554309,0.5152292192913729,0.5152292192913729,-0.4986427967023196
3,2.159163818239557,-1.1420730721794357,1.3663922432948425,1.3663922432948425,-1.3403757559511544
1,1.588483694598917,2.6716726368579184,-2.103733931488534,-2.1037339314885344,-1.2672555190871142
3,0.4471234473176373,-0.6391615501085758,0.5152292192913729,0.5152292192913729,-1.1652272816024072
2,-0.6942367999636423,-0.052431441025905946,0.7116514555998659,0.7116514555998658,-1.190734340973584
2,-0.6942367999636423,0.240933613515429,0.4497551405218752,0.4497551405218754,-0.27418067423596426
2,-0.40889673814332245,-0.5972522566026708,-1.6454153801020501,-1.6454153801020504,0.5879579325098119
3,1.0178035709582771,0.199024320009524,0.12238474667438687,0.122384746674387,0.710391817491461
0,-0.6942367999636423,-1.2258916591912457,0.31880698298287985,0.3188069829828799,-0.06162184614282418
2,-0.6942367999636423,-1.3516195397089608,0.5807032980608705,0.5807032980608703,-1.0597981028682097
2,0.5897934782277973,0.576207961562669,2.086607109759317,2.0866071097593175,-1.2519512834644082
2,-0.6942367999636423,-1.4354381267207705,-0.13951156840360382,-0.13951156840360396,-0.5207489148240066
1,0.7324635091379572,1.9592146472575336,-0.46688196225109213,-0.46688196225109235,1.5436224236165699
1,-0.6942367999636423,-0.3038872020613359,-0.6633041985595851,-0.6633041985595852,0.08801956883474686
2,-0.6942367999636423,-0.2619779085554309,0.38428106175237753,0.38428106175237736,0.7767101718565208
2,-0.6942367999636423,0.32475220052723897,0.31880698298287985,0.3188069829828799,-0.15174678925431515
3,-0.6942367999636423,0.28284290702133397,0.5807032980608705,0.5807032980608703,-0.48333856107961354
1,1.303143632778597,-0.6810708436144808,-0.13951156840360382,-0.13951156840360396,0.5097362837715368
1,0.4471234473176373,1.2886659511630538,0.5807032980608705,0.5807032980608703,1.4688017161277842
1,1.8738237564192368,0.36666149403314396,-1.710889458871548,-1.7108894588715482,-1.7246821171435516
3,-0.6942367999636423,-1.1001637786735308,1.1044959282168518,1.1044959282168523,-0.07352514051603946
2,-0.6942367999636423,-1.4354381267207705,-0.4014078834815945,-0.4014078834815949,-1.5597364665432751
2,-0.6942367999636423,1.4563031251866738,-0.008563410864608474,-0.008563410864608476,0.640672521876911
2,-0.6942367999636423,1.2467566576571487,-0.5323560410205899,-0.5323560410205898,-0.8863500991442073
0,-0.6942367999636423,0.28284290702133397,-1.1870968287155665,-1.1870968287155668,1.0776934724364071
3,1.303143632778597,0.7857544290921938,1.2354440857558473,1.235444085755847,0.7614059362338141
0,-0.6942367999636423,1.2886659511630538,-0.9252005136375758,-0.9252005136375762,0.8770379387164828
2,-0.5515667690534823,0.49238937455085896,-0.5978301197900875,-0.5978301197900878,-0.33709808735153324
1,0.7324635091379572,-0.6391615501085758,0.38428106175237753,0.38428106175237736,1.577631836111472
0,1.588483694598917,-0.47152437608495584,-0.6633041985595851,-0.6633041985595852,-0.04121619864588256
2,-0.6942367999636423,-1.4354381267207705,1.1044959282168518,1.1044959282168523,-2.1072880077112037
1,-0.40889673814332245,-0.1781593215436209,-0.5323560410205899,-0.5323560410205898,-1.1261164572332694
2,-0.6942367999636423,-0.42961508257905084,1.2354440857558473,1.235444085755847,-0.1449449067553348
2,-0.6942367999636423,-0.3457964955672409,-0.27045972594259915,-0.2704597259425994,0.336288280047534
3,1.588483694598917,-0.8067987241321958,2.086607109759317,2.0866071097593175,1.6337473667280613
1,-0.6942367999636423,0.07329643949180903,-0.20498564717310147,-0.2049856471731014,-0.39151314734337717
2,-0.6942367999636423,1.2886659511630538,-1.3835190650240596,-1.3835190650240599,0.1628402763235318
2,-0.6942367999636423,1.3305752446689587,0.38428106175237753,0.38428106175237736,-0.5275507973229869
1,0.4471234473176373,-1.1420730721794357,-0.5323560410205899,-0.5323560410205898,-0.41531973608980893
2,-0.40889673814332245,-0.7648894306262908,-0.8597264348680782,-0.8597264348680784,1.0810944136858973
0,-0.12355667632300252,0.7857544290921938,-1.121622749946069,-1.1216227499460691,1.0521864130652299
2,-0.6942367999636423,-1.1839823656853408,0.38428106175237753,0.38428106175237736,0.1849463944452188
1,2.5871739109700367,0.7019358420803838,-0.33593380471209683,-0.3359338047120969,0.4383165175322415
3,1.8738237564192368,0.07329643949180903,2.2175552672983123,2.2175552672983123,0.020000743844941684
3,0.4471234473176373,-0.2200686150495259,1.6937626371423309,1.6937626371423309,-1.3012649315820168
3,1.4458136636887569,-0.010522147520000953,0.056910667904889196,0.056910667904888974,-0.4119187948403188
3,-0.6942367999636423,0.32475220052723897,0.6461773768303682,0.6461773768303684,0.6372715806274208
1,-0.12355667632300252,-0.42961508257905084,0.12238474667438687,0.122384746674387,0.293776514428906
1,1.588483694598917,0.32475220052723897,-1.056148671176571,-1.0561486711765713,0.5726536968871059
3,-0.6942367999636423,0.199024320009524,-0.5323560410205899,-0.5323560410205898,-1.0291896316227973
2,0.30445341640747736,1.7496681797280087,1.6282885583728333,1.6282885583728335,1.4705021867525296
1,2.5871739109700367,0.7438451355862888,-0.33593380471209683,-0.3359338047120969,-0.19425855487294316
1,-0.6942367999636423,-0.5972522566026708,-0.4014078834815945,-0.4014078834815949,1.1440118268014663
3,-0.6942367999636423,0.07329643949180903,1.6937626371423309,1.6937626371423309,0.5624508731386354
2,-0.6942367999636423,-1.1420730721794357,0.7771255343693636,0.7771255343693638,-0.8438383335255792
2,2.7298439418801967,2.4621261693283936,0.4497551405218752,0.4497551405218754,0.23255957193808174
3,-0.12355667632300252,-0.9744358981558158,-0.33593380471209683,-0.3359338047120969,-0.48333856107961354
3,-0.6942367999636423,-0.5134336695908608,0.2533329042133822,0.2533329042133819,-0.5513573860694188
2,-0.6942367999636423,0.49238937455085896,-2.1692080102580316,-2.169208010258032,-1.503620935926686
1,-0.6942367999636423,-0.7648894306262908,-0.13951156840360382,-0.13951156840360396,-1.234946577216957
3,-0.6942367999636423,0.8695730161040038,0.38428106175237753,0.38428106175237736,1.5334195998680993
1,-0.12355667632300252,-1.1420730721794357,-0.33593380471209683,-0.3359338047120969,-0.28438349798443474
0,-0.6942367999636423,-1.1839823656853408,-0.07403748963410614,-0.0740374896341065,-1.0938075153631122
1,-0.6942367999636423,-1.4354381267207705,-0.5978301197900875,-0.5978301197900878,-1.9780522402305747
2,-0.6942367999636423,-1.1420730721794357,-0.9252005136375758,-0.9252005136375762,-2.0987856545874783
0,-0.6942367999636423,-0.8487080176381008,-1.1870968287155665,-1.1870968287155668,1.098099119933348
3,-0.5515667690534823,0.49238937455085896,1.7592367159118285,1.759236715911829,0.922950645584601
1,-0.2662267072331625,3.0069469849051584,0.5152292192913729,0.5152292192913729,2.232313026638343
3,1.0178035709582771,-0.052431441025905946,0.056910667904889196,0.056910667904888974,-0.7163030366696952
3,-0.6942367999636423,-1.3935288332148656,2.1520811885288147,2.1520811885288147,-1.741686823391003
1,-0.2662267072331625,-1.4354381267207705,-0.4014078834815945,-0.4014078834815949,-0.23506984986682639
2,-0.6942367999636423,-0.8906173111440058,1.2354440857558473,1.235444085755847,0.6338706393779301
3,1.7311537255090768,2.2106704082929634,0.5152292192913729,0.5152292192913729,0.16624121757302196
3,0.16178338549731738,-0.3457964955672409,1.5628144796033356,1.5628144796033354,-0.9747745716309537
1,0.7324635091379572,0.6600265485744788,-0.8597264348680782,-0.8597264348680784,-0.1347420830068643
0,-0.6942367999636423,0.7019358420803838,-0.008563410864608474,-0.008563410864608476,1.40758477363696
2,1.588483694598917,0.32475220052723897,-0.7287782773290828,-0.7287782773290833,-1.331873402827429
3,-0.5515667690534823,-0.8067987241321958,3.068718291301782,3.0687182913017828,-0.11773737675941286
0,-0.12355667632300252,-0.052431441025905946,0.18785882544388455,0.18785882544388444,0.3566939275444756
1,-0.6942367999636423,-0.8906173111440058,-0.6633041985595851,-0.6633041985595852,0.3141821619258476
1,0.4471234473176373,0.49238937455085896,-0.9252005136375758,-0.9252005136375762,0.35329298629498546
0,-0.12355667632300252,0.9953008966217188,0.4497551405218752,0.4497551405218754,1.6337473667280613
0,0.7324635091379572,1.1629380706453387,-0.7287782773290828,-0.7287782773290833,1.54702336486606
0,-0.6942367999636423,0.36666149403314396,-0.4014078834815945,-0.4014078834815949,-0.4646333842074173
2,0.16178338549731738,0.240933613515429,0.9735477706778566,0.9735477706778567,1.2256344167892321
0,-0.6942367999636423,-1.2258916591912457,0.12238474667438687,0.122384746674387,-0.21976561424412033
3,-0.6942367999636423,-0.5972522566026708,0.4497551405218752,0.4497551405218754,-0.10073267051196141
2,0.30445341640747736,0.199024320009524,0.31880698298287985,0.3188069829828799,-0.1364425536316091
0,-0.6942367999636423,-1.1420730721794357,0.4497551405218752,0.4497551405218754,-0.38301079421965145
0,-0.6942367999636423,-0.47152437608495584,-1.2525709074850642,-1.2525709074850646,0.36349581004345594
1,-0.6942367999636423,0.9953008966217188,-0.4014078834815945,-0.4014078834815949,1.4279904211339016
1,2.159163818239557,0.534298668056764,-0.13951156840360382,-0.13951156840360396,0.21385439506588552
2,-0.6942367999636423,-0.9744358981558158,0.2533329042133822,0.2533329042133819,-1.7144792933950812
0,0.16178338549731738,0.240933613515429,0.6461773768303682,0.6461773768303684,0.4349155762827513
3,-0.6942367999636423,-0.6810708436144808,-0.46688196225109213,-0.46688196225109235,-1.6430595271557862
0,-0.6942367999636423,-1.0163451916617208,0.056910667904889196,0.056910667904888974,0.15263745257506128
0,0.30445341640747736,0.199024320009524,-0.008563410864608474,-0.008563410864608476,1.7085680742168463
1,-0.2662267072331625,0.32475220052723897,0.31880698298287985,0.3188069829828799,0.710391817491461
2,-0.6942367999636423,-0.052431441025905946,0.31880698298287985,0.3188069829828799,-1.3097672847057422
2,0.4471234473176373,-0.5553429630967658,0.38428106175237753,0.38428106175237736,0.3958047519136135
1,-0.6942367999636423,1.5401217121984836,0.7116514555998659,0.7116514555998658,1.5640280711135115
3,-0.6942367999636423,1.0372101901276238,1.300918164525345,1.3009181645253451,1.0861958255601323
0,-0.6942367999636423,-0.7229801371203858,-0.07403748963410614,-0.0740374896341065,-0.37110749984643554
3,0.4471234473176373,2.7974005173756336,0.9735477706778566,0.9735477706778567,0.33288733879804383
2,-0.6942367999636423,-1.4354381267207705,-0.46688196225109213,-0.46688196225109235,-0.388112206093887
2,-0.12355667632300252,0.7019358420803838,1.1044959282168518,1.1044959282168523,1.1712193567973883
2,2.159163818239557,0.49238937455085896,0.9080736919083588,0.9080736919083586,1.1117028849313093
1,2.5871739109700367,0.7857544290921938,-0.20498564717310147,-0.2049856471731014,-1.304665872831507
2,-0.6942367999636423,-0.13625002803771594,0.9080736919083588,0.9080736919083586,-0.2673787917369833
2,-0.6942367999636423,-1.3935288332148656,0.12238474667438687,0.122384746674387,-1.739986352766258
2,-0.6942367999636423,-0.7229801371203858,-0.4014078834815945,-0.4014078834815949,-0.11433643550992269
2,-0.6942367999636423,0.28284290702133397,1.1044959282168518,1.1044959282168523,0.28017274943094533
1,0.7324635091379572,0.45048008104495396,-0.8597264348680782,-0.8597264348680784,0.12713039320388472
2,-0.2662267072331625,1.1629380706453387,0.7116514555998659,0.7116514555998658,0.8515308793453057
0,1.4458136636887569,1.7077588862221036,-0.07403748963410614,-0.0740374896341065,0.8158209962256581
0,-0.6942367999636423,-0.3457964955672409,0.12238474667438687,0.122384746674387,0.28867510255467105
0,-0.6942367999636423,-0.8906173111440058,0.31880698298287985,0.3188069829828799,0.3379887506722794
2,0.5897934782277973,0.7019358420803838,1.2354440857558473,1.235444085755847,0.6644791106233429
1,-0.6942367999636423,0.45048008104495396,-1.4489931437935573,-1.4489931437935575,1.0538868836899753
1,-0.6942367999636423,-0.3038872020613359,-0.4014078834815945,-0.4014078834815949,0.5964602856335376
3,0.01911335458715743,-0.5134336695908608,-0.9252005136375758,-0.9252005136375762,-1.4356021109368813
2,-0.6942367999636423,0.49238937455085896,-0.9906745924070736,-0.9906745924070737,-1.3539795209491154
2,-0.5515667690534823,-0.09434073453181094,1.8247107946813264,1.8247107946813264,-1.1805315172251132
1,-0.6942367999636423,-0.9744358981558158,-0.4014078834815945,-0.4014078834815949,-0.042916669270627344
3,-0.5515667690534823,0.618117255068574,0.8425996131388612,0.8425996131388612,0.19684968881843468
1,-0.6942367999636423,-1.4354381267207705,-0.13951156840360382,-0.13951156840360396,-0.09903219988721663
1,0.5897934782277973,1.5401217121984836,-1.2525709074850642,-1.2525709074850646,1.1780212392963691
0,-0.6942367999636423,-1.4354381267207705,1.3663922432948425,1.3663922432948425,-0.2146642023698848
1,0.16178338549731738,0.240933613515429,-0.9252005136375758,-0.9252005136375762,0.251264748810278
3,0.01911335458715743,0.32475220052723897,0.4497551405218752,0.4497551405218754,-1.204338105971545
3,-0.6942367999636423,0.32475220052723897,1.9556589522203216,1.9556589522203214,-1.6889722340239042
0,0.5897934782277973,-0.8067987241321958,0.7771255343693636,0.7771255343693638,0.7818115837307558
2,-0.6942367999636423,0.6600265485744788,-0.6633041985595851,-0.6633041985595852,-0.09393078801298108
1,0.4471234473176373,1.0372101901276238,-1.9727857739495385,-1.972785773949539,1.1270071205540153
3,0.4471234473176373,-1.1420730721794357,0.12238474667438687,0.122384746674387,-1.7773967065106504
3,0.01911335458715743,0.28284290702133397,0.38428106175237753,0.38428106175237736,0.3260854562990635
0,-0.6942367999636423,-0.47152437608495584,0.9080736919083588,0.9080736919083586,-0.4425272660857309
2,1.0178035709582771,2.043033234269344,-1.121622749946069,-1.1216227499460691,1.3616720667688418
1,-0.6942367999636423,0.49238937455085896,-0.33593380471209683,-0.3359338047120969,-1.6022482321619032
2,0.8751335400481172,-1.2678009526971508,0.12238474667438687,0.122384746674387,-0.7707180966615391
2,0.01911335458715743,-0.8067987241321958,0.5807032980608705,0.5807032980608703,-0.6108738579354975
2,-0.6942367999636423,0.6600265485744788,-0.13951156840360382,-0.13951156840360396,0.19004780631945373
0,-0.6942367999636423,0.36666149403314396,-0.27045972594259915,-0.2704597259425994,0.8498304087205609
0,-0.6942367999636423,-0.2200686150495259,-0.27045972594259915,-0.2704597259425994,-0.11263596488517731
2,0.5897934782277973,0.6600265485744788,-0.13951156840360382,-0.13951156840360396,0.07441580383678559
2,-0.6942367999636423,-0.052431441025905946,-1.5144672225630549,-1.5144672225630553,0.7563045243595792
0,-0.6942367999636423,-1.0582544851676257,0.9080736919083588,0.9080736919083586,0.5114367543962816
0,1.8738237564192368,-1.3097102462030557,1.4318663220643402,1.4318663220643406,-0.8999538641421683
2,-0.40889673814332245,0.07329643949180903,2.086607109759317,2.0866071097593175,0.10332380445745293
1,-0.6942367999636423,-0.6391615501085758,-2.431104325336022,-2.4311043253360225,0.4026066344125938
1,-0.6942367999636423,1.8334867667398187,-2.0382598527190363,-2.0382598527190368,0.1849463944452188
1,0.8751335400481172,2.1687611147870585,-1.121622749946069,-1.1216227499460691,1.0861958255601323
1,-0.6942367999636423,-0.8067987241321958,-0.5323560410205899,-0.5323560410205898,-1.5665383490422555
3,-0.12355667632300252,-1.4354381267207705,1.0390218494473542,1.0390218494473542,-0.840437392276089
0,-0.6942367999636423,0.9953008966217188,1.2354440857558473,1.235444085755847,0.9926699411991511
3,-0.2662267072331625,-1.4354381267207705,0.056910667904889196,0.056910667904888974,-0.12623972988313859
0,-0.6942367999636423,-1.4354381267207705,-0.6633041985595851,-0.6633041985595852,0.18834733569470896
1,-0.6942367999636423,-1.4354381267207705,-0.4014078834815945,-0.4014078834815949,-0.014008668649960606
1,-0.6942367999636423,-0.2200686150495259,-0.8597264348680782,-0.8597264348680784,-0.388112206093887
2,1.0178035709582771,0.7438451355862888,0.056910667904889196,0.056910667904888974,1.6541530142250025
3,0.30445341640747736,-1.4354381267207705,-0.008563410864608474,-0.008563410864608476,-1.0734018678661708
2,1.588483694598917,0.8695730161040038,-0.5323560410205899,-0.5323560410205898,0.38900286941463313
0,-0.6942367999636423,-0.3457964955672409,0.9080736919083588,0.9080736919083586,0.1067247457069431
3,1.0178035709582771,1.7496681797280087,0.4497551405218752,0.4497551405218754,2.490784561599602
1,1.7311537255090768,1.0372101901276238,0.056910667904889196,0.056910667904888974,0.618566403755224
2,3.443194096430996,0.157115026503619,-1.121622749946069,-1.1216227499460691,-0.18235526049972728
2,0.4471234473176373,1.0372101901276238,-0.5323560410205899,-0.5323560410205898,0.4111089875363195
3,-0.6942367999636423,-0.5553429630967658,1.8247107946813264,1.8247107946813264,1.2579433586593896
1,-0.6942367999636423,0.36666149403314396,-1.8418376164105432,-1.8418376164105437,0.273370866931965
3,1.4458136636887569,0.199024320009524,1.3663922432948425,1.3663922432948425,0.6440734631264012
0,-0.6942367999636423,-0.8067987241321958,-1.6454153801020501,-1.6454153801020504,1.12190570867978
3,-0.12355667632300252,0.03138714598590404,2.0211330309898194,2.02113303098982,0.1628402763235318
0,0.01911335458715743,0.157115026503619,-0.20498564717310147,-0.2049856471731014,0.22915863068859157
1,-0.6942367999636423,-0.8067987241321958,-1.056148671176571,-1.0561486711765713,0.6627786399985974
0,-0.6942367999636423,0.8276637225980988,-0.5978301197900875,-0.5978301197900878,2.512890679721289
1,1.4458136636887569,0.07329643949180903,-1.4489931437935573,-1.4489931437935575,0.2155548656906309
1,0.16178338549731738,1.9173053537516287,-1.4489931437935573,-1.4489931437935575,-0.7095011541707149
1,-0.6942367999636423,0.7438451355862888,-0.7942523560985805,-0.7942523560985807,-0.7316072722924013
1,-0.2662267072331625,0.9533916031158138,-1.5144672225630549,-1.5144672225630553,2.3275393816240704
0,2.159163818239557,1.9173053537516287,-0.4014078834815945,-0.4014078834815949,1.5980374836084137
3,-0.6942367999636423,-1.4354381267207705,0.4497551405218752,0.4497551405218754,-0.881248687269972
3,1.160473601868437,-0.42961508257905084,-0.6633041985595851,-0.6633041985595852,1.4364927742576274
3,1.0178035709582771,0.7438451355862888,1.2354440857558473,1.235444085755847,2.222110202889873
2,-0.2662267072331625,0.11520573299771401,2.1520811885288147,2.1520811885288147,-1.3862884628192729
0,-0.6942367999636423,-0.9744358981558158,-0.13951156840360382,-0.13951156840360396,-0.0480180811448629
0,0.5897934782277973,-0.47152437608495584,0.056910667904889196,0.056910667904888974,0.5828565206355769
0,-0.6942367999636423,-1.4354381267207705,-1.1870968287155665,-1.1870968287155668,-0.2979872629823954
0,-0.6942367999636423,-0.09434073453181094,-0.4014078834815945,-0.4014078834815949,-0.04631761052011811
3,-0.6942367999636423,-0.5134336695908608,-0.27045972594259915,-0.2704597259425994,1.541921952991825
1,0.7324635091379572,1.8334867667398187,-0.6633041985595851,-0.6633041985595852,0.6066631093820087
2,0.4471234473176373,0.45048008104495396,1.890184873450824,1.8901848734508238,1.1763207686716237
1,-0.6942367999636423,0.03138714598590404,-0.5978301197900875,-0.5978301197900878,-1.4730124646812741
1,-0.6942367999636423,-0.3038872020613359,-0.5323560410205899,-0.5323560410205898,-1.6209534090340993
3,-0.6942367999636423,-1.1839823656853408,1.2354440857558473,1.235444085755847,-0.9900788072536598
3,-0.6942367999636423,2.5040354628342985,0.8425996131388612,0.8425996131388612,0.13223180507811966
2,-0.6942367999636423,-1.3516195397089608,1.6282885583728333,1.6282885583728335,-0.05652043426858862
2,-0.12355667632300252,0.534298668056764,0.31880698298287985,0.3188069829828799,-1.1992366940973094
2,0.4471234473176373,0.03138714598590404,0.9080736919083588,0.9080736919083586,-0.19255808424819837
3,-0.6942367999636423,-1.3935288332148656,0.6461773768303682,0.6461773768303684,-1.8658211789973966
2,-0.6942367999636423,-0.5972522566026708,-0.8597264348680782,-0.8597264348680784,-0.34049902860102343
2,-0.6942367999636423,-0.7229801371203858,1.300918164525345,1.3009181645253451,0.20025063006792485
3,-0.6942367999636423,-0.7229801371203858,0.5807032980608705,0.5807032980608703,-1.447505405310097
1,-0.6942367999636423,-1.4354381267207705,-0.7287782773290828,-0.7287782773290833,-1.5393308190463335
2,-0.6942367999636423,-0.8067987241321958,-0.8597264348680782,-0.8597264348680784,-0.5445555035704384
2,-0.6942367999636423,0.7019358420803838,0.5807032980608705,0.5807032980608703,0.8056181724771876
2,-0.6942367999636423,-0.1781593215436209,-1.6454153801020501,-1.6454153801020504,0.27847227880619996
3,-0.6942367999636423,-1.3516195397089608,2.5449256611458004,2.5449256611458004,-1.6175524677846091
0,3.1578540346106765,-0.42961508257905084,0.2533329042133822,0.2533329042133819,0.0404063913418833
1,-0.6942367999636423,-0.5972522566026708,-1.3180449862545618,-1.318044986254562,-0.7350082135418915
1,0.4471234473176373,-0.5972522566026708,0.31880698298287985,0.3188069829828799,0.8957431155886791
1,-0.6942367999636423,-1.4354381267207705,-0.8597264348680782,-0.8597264348680784,-0.45783150170843695
3,1.0178035709582771,0.07329643949180903,0.9080736919083588,0.9080736919083586,-0.99347974850315
2,-0.6942367999636423,-1.4354381267207705,1.300918164525345,1.3009181645253451,-1.061498573492955
1,-0.6942367999636423,-0.9325266046499108,-0.13951156840360382,-0.13951156840360396,-1.1397202222312302
2,0.30445341640747736,-0.09434073453181094,-0.27045972594259915,-0.2704597259425994,-0.020810551148940943
0,0.7324635091379572,0.7019358420803838,0.5152292192913729,0.5152292192913729,1.2290353580387223
2,-0.6942367999636423,-1.2258916591912457,-0.008563410864608474,-0.008563410864608476,-1.5869439965391972
0,-0.5515667690534823,0.9114823096099088,-0.7287782773290828,-0.7287782773290833,0.8821393505907178
3,-0.6942367999636423,-1.0582544851676257,0.12238474667438687,0.122384746674387,-0.2690792623617287
3,0.5897934782277973,-0.42961508257905084,0.18785882544388455,0.18785882544388444,0.013198861345961346
0,-0.6942367999636423,-1.3935288332148656,-0.9906745924070736,-0.9906745924070737,0.17984498257098322
0,-0.2662267072331625,0.199024320009524,-0.20498564717310147,-0.2049856471731014,-0.19425855487294316
2,-0.6942367999636423,-0.1781593215436209,0.12238474667438687,0.122384746674387,0.4043071050373392
3,-0.6942367999636423,-0.42961508257905084,0.38428106175237753,0.38428106175237736,0.15773886444929683
2,-0.6942367999636423,-1.4354381267207705,1.9556589522203216,1.9556589522203214,-1.9355404746119467
0,-0.6942367999636423,-0.6391615501085758,-0.4014078834815945,-0.4014078834815949,0.293776514428906
3,-0.6942367999636423,-0.5134336695908608,-0.27045972594259915,-0.2704597259425994,-1.612451055910374
2,-0.6942367999636423,-0.8906173111440058,1.0390218494473542,1.0390218494473542,1.152514179925192
1,-0.6942367999636423,-1.4354381267207705,-0.4014078834815945,-0.4014078834815949,-1.9508447102346527
3,-0.6942367999636423,-1.1839823656853408,1.497340400833838,1.497340400833838,-1.3726846978213119
3,-0.6942367999636423,-0.9744358981558158,-0.7287782773290828,-0.7287782773290833,1.302155594902763
0,0.7324635091379572,1.8753960602457236,-0.27045972594259915,-0.2704597259425994,0.8685355855927571
1,-0.6942367999636423,1.5401217121984836,-1.4489931437935573,-1.4489931437935575,-0.612574328560243
3,0.16178338549731738,-1.1839823656853408,2.28302934606781,2.2830293460678095,-0.7860223322842452
3,-0.6942367999636423,-1.2258916591912457,0.5807032980608705,0.5807032980608703,-1.542731760295824
1,-0.12355667632300252,-0.8487080176381008,-0.4014078834815945,-0.4014078834815949,-1.0597981028682097
2,1.8738237564192368,-0.2619779085554309,0.18785882544388455,0.18785882544388444,-0.7197039779191854
3,-0.6942367999636423,-0.8906173111440058,1.3663922432948425,1.3663922432948425,-1.4219983459389203
2,-0.6942367999636423,-1.4354381267207705,-1.710889458871548,-1.7108894588715482,-0.27248020361121883
2,-0.6942367999636423,-1.4354381267207705,-1.056148671176571,-1.0561486711765713,-1.4815148178049995
0,1.7311537255090768,-0.5134336695908608,0.7771255343693636,0.7771255343693638,0.2954769850536514
3,-0.6942367999636423,-0.3457964955672409,2.2175552672983123,2.2175552672983123,-1.0853051622393863
3,3.7285341582513163,0.7019358420803838,1.1044959282168518,1.1044959282168523,0.10332380445745293
3,0.5897934782277973,1.5401217121984836,2.28302934606781,2.2830293460678095,1.7085680742168463
3,-0.6942367999636423,-0.8067987241321958,-0.13951156840360382,-0.13951156840360396,0.8090191137266777
1,-0.6942367999636423,-0.9325266046499108,-0.4014078834815945,-0.4014078834815949,-0.22826796736784546
3,0.30445341640747736,1.0372101901276238,0.9735477706778566,0.9735477706778567,1.8259005473242598
0,-0.6942367999636423,-0.8067987241321958,-0.008563410864608474,-0.008563410864608476,0.27677180818145514
1,-0.6942367999636423,0.240933613515429,-1.3180449862545618,-1.318044986254562,0.6304696981284399
0,0.16178338549731738,1.7915774732339136,-0.7942523560985805,-0.7942523560985807,1.589535130484688
2,-0.6942367999636423,-1.4354381267207705,2.086607109759317,2.0866071097593175,-0.8846496285194622
0,-0.6942367999636423,0.07329643949180903,-0.4014078834815945,-0.4014078834815949,-1.3216705790789582
1,-0.6942367999636423,1.8334867667398187,-0.4014078834815945,-0.4014078834815949,0.3822009869156528
1,0.5897934782277973,-0.3038872020613359,0.4497551405218752,0.4497551405218754,1.0521864130652299
1,-0.5515667690534823,-1.0163451916617208,-0.7942523560985805,-0.7942523560985807,-0.051419022394353066
1,0.7324635091379572,1.4143938316807687,0.4497551405218752,0.4497551405218754,0.8073186431019329
3,-0.6942367999636423,0.07329643949180903,1.2354440857558473,1.235444085755847,0.6984885231182452
1,1.0178035709582771,0.7438451355862888,-1.3835190650240596,-1.3835190650240599,-0.8727463341462462
2,-0.6942367999636423,0.240933613515429,0.6461773768303682,0.6461773768303684,-1.6379581152815506
3,-0.6942367999636423,0.36666149403314396,0.4497551405218752,0.4497551405218754,-1.0376919847465231
1,-0.40889673814332245,2.3363982888106785,-0.46688196225109213,-0.46688196225109235,2.03505843416791
1,1.4458136636887569,-0.052431441025905946,-0.008563410864608474,-0.008563410864608476,0.0183002732201969
1,-0.6942367999636423,-1.2678009526971508,-0.6633041985595851,-0.6633041985595852,0.023401685094431853
0,-0.6942367999636423,-0.8906173111440058,-0.07403748963410614,-0.0740374896341065,-0.5241498560734967
3,-0.40889673814332245,1.2467566576571487,1.1699700069863497,1.1699700069863497,-1.020687278499072
3,-0.6942367999636423,-0.5134336695908608,-0.13951156840360382,-0.13951156840360396,-1.2145409297200154
3,-0.6942367999636423,-1.3097102462030557,0.12238474667438687,0.122384746674387,-1.0444938672455035
3,0.16178338549731738,1.2886659511630538,2.086607109759317,2.0866071097593175,-1.1652272816024072
2,0.4471234473176373,0.11520573299771401,0.5807032980608705,0.5807032980608703,-1.3216705790789582
1,0.7324635091379572,0.11520573299771401,-1.1870968287155665,-1.1870968287155668,0.3022788675526317
0,-0.6942367999636423,0.618117255068574,0.8425996131388612,0.8425996131388612,1.1967264161685653
1,-0.6942367999636423,0.11520573299771401,-0.7942523560985805,-0.7942523560985807,1.5334195998680993
1,-0.6942367999636423,-0.9744358981558158,-1.056148671176571,-1.0561486711765713,-0.0038058449014901005
2,-0.6942367999636423,-1.2678009526971508,1.8247107946813264,1.8247107946813264,-0.42212161858878927
1,1.0178035709582771,2.3363982888106785,-1.3835190650240596,-1.3835190650240599,-0.05652043426858862
2,-0.6942367999636423,-1.1839823656853408,-0.27045972594259915,-0.2704597259425994,-1.6464604684052762
2,-0.6942367999636423,-1.4354381267207705,-0.4014078834815945,-0.4014078834815949,-2.0987856545874783
0,-0.6942367999636423,-1.4354381267207705,-0.5978301197900875,-0.5978301197900878,-2.037568712096654
0,-0.2662267072331625,0.9114823096099088,-0.6633041985595851,-0.6633041985595852,2.0265560810441845
2,0.8751335400481172,2.1687611147870585,0.9735477706778566,0.9735477706778567,2.213607849766147
3,2.016493787329397,2.5040354628342985,0.4497551405218752,0.4497551405218754,-0.6516851529293808
2,-0.6942367999636423,1.1210287771394338,1.1699700069863497,1.1699700069863497,0.9110473512113851
1,1.303143632778597,0.9114823096099088,-1.056148671176571,-1.0561486711765713,-0.6363809173066748
0,5.297904498263076,-1.3097102462030557,-0.27045972594259915,-0.2704597259425994,-0.07352514051603946
0,-0.6942367999636423,-1.4354381267207705,2.086607109759317,2.0866071097593175,0.5267409900189877
1,0.30445341640747736,-1.1420730721794357,-0.07403748963410614,-0.0740374896341065,0.2393614544370627
3,0.30445341640747736,0.03138714598590404,1.2354440857558473,1.235444085755847,0.70358993499248
3,0.30445341640747736,0.40857078753904896,0.2533329042133822,0.2533329042133819,0.9960708824486412
2,0.8751335400481172,1.6658495927161987,-0.33593380471209683,-0.3359338047120969,1.307257006776998
0,0.01911335458715743,0.7438451355862888,0.8425996131388612,0.8425996131388612,-0.5122465617002808
0,0.8751335400481172,-1.3935288332148656,-0.27045972594259915,-0.2704597259425994,0.12372945195439394
3,0.4471234473176373,-0.8067987241321958,1.497340400833838,1.497340400833838,-1.119314574734289
3,-0.12355667632300252,0.45048008104495396,1.300918164525345,1.3009181645253451,-0.6839940947995383
0,0.5897934782277973,1.5401217121984836,-1.6454153801020501,-1.6454153801020504,-0.7231049191686756
2,-0.2662267072331625,0.618117255068574,-0.008563410864608474,-0.008563410864608476,0.5216395781447527
3,-0.6942367999636423,-0.8906173111440058,0.7116514555998659,0.7116514555998658,-1.1516235166044462
0,-0.12355667632300252,0.240933613515429,0.9080736919083588,0.9080736919083586,-0.07692608176553023
1,1.0178035709582771,0.240933613515429,-0.8597264348680782,-0.8597264348680784,0.09142051008423703
1,-0.6942367999636423,-1.4354381267207705,-1.3835190650240596,-1.3835190650240599,-0.7792204497852648
0,0.4471234473176373,-0.2200686150495259,-0.07403748963410614,-0.0740374896341065,0.443417929406477
3,-0.6942367999636423,0.9533916031158138,0.12238474667438687,0.122384746674387,1.0215779418198179
1,0.8751335400481172,1.2467566576571487,-0.7942523560985805,-0.7942523560985807,1.3429668898966456
1,-0.6942367999636423,0.7857544290921938,-0.9906745924070736,-0.9906745924070737,1.5368205411175895
2,1.7311537255090768,1.3724845381748638,-0.20498564717310147,-0.2049856471731014,1.6167426604806099
0,-0.6942367999636423,0.576207961562669,0.18785882544388455,0.18785882544388444,0.5828565206355769
3,1.588483694598917,-0.3038872020613359,0.9080736919083588,0.9080736919083586,-0.11773737675941286
0,-0.6942367999636423,-1.2258916591912457,-0.5978301197900875,-0.5978301197900878,-0.6227771523087134
1,-0.40889673814332245,-0.9325266046499108,-0.27045972594259915,-0.2704597259425994,0.18154545319572862
2,-0.6942367999636423,-1.4354381267207705,-0.008563410864608474,-0.008563410864608476,-1.6719675277764532
1,-0.6942367999636423,-0.7229801371203858,-0.27045972594259915,-0.2704597259425994,-0.9917792778784049
3,-0.6942367999636423,-0.3457964955672409,-0.20498564717310147,-0.2049856471731014,0.8821393505907178
0,0.16178338549731738,1.4982124186925787,-0.8597264348680782,-0.8597264348680784,0.9025449980876594
1,0.4471234473176373,-0.1781593215436209,-0.20498564717310147,-0.2049856471731014,0.6933871112440095
3,-0.6942367999636423,-1.1420730721794357,0.9080736919083588,0.9080736919083586,-0.014008668649960606
1,-0.12355667632300252,1.0372101901276238,-1.2525709074850642,-1.2525709074850646,-1.0325905728722877
0,-0.6942367999636423,-1.0582544851676257,0.6461773768303682,0.6461773768303684,-1.374385168446057
3,-0.6942367999636423,0.240933613515429,0.4497551405218752,0.4497551405218754,0.47572687127663393
1,1.0178035709582771,-0.2200686150495259,-0.46688196225109213,-0.46688196225109235,0.04720827384086364
3,-0.6942367999636423,1.8334867667398187,1.6282885583728333,1.6282885583728335,2.0996763179082247
3,0.8751335400481172,-0.5134336695908608,1.1044959282168518,1.1044959282168523,1.6507520729755123
3,-0.6942367999636423,1.0372101901276238,0.7116514555998659,0.7116514555998658,-0.017409609899450774
0,-0.6942367999636423,-0.3038872020613359,-1.2525709074850642,-1.2525709074850646,-0.24867361486478706
2,-0.12355667632300252,-0.3038872020613359,0.38428106175237753,0.38428106175237736,-1.0087839841258561
3,-0.6942367999636423,-0.42961508257905084,0.7771255343693636,0.7771255343693638,-1.6379581152815506
0,-0.6942367999636423,-0.3038872020613359,-0.6633041985595851,-0.6633041985595852,1.2664457117831154
2,-0.40889673814332245,0.9953008966217188,-0.5978301197900875,-0.5978301197900878,1.659254426099238
0,-0.12355667632300252,-0.7229801371203858,-2.693000640414013,-2.693000640414013,0.35329298629498546
3,-0.6942367999636423,-0.5134336695908608,1.0390218494473542,1.0390218494473542,0.2699699256824748
3,-0.6942367999636423,-1.2258916591912457,0.8425996131388612,0.8425996131388612,-1.119314574734289
1,-0.6942367999636423,-0.010522147520000953,-0.7287782773290828,-0.7287782773290833,-0.979875983505189
0,-0.6942367999636423,-0.8487080176381008,-0.8597264348680782,-0.8597264348680784,0.8243233493493838
3,1.160473601868437,-1.0582544851676257,1.1699700069863497,1.1699700069863497,-1.5121232890504115
0,-0.6942367999636423,-1.0582544851676257,0.18785882544388455,0.18785882544388444,-1.0121849253753463
3,-0.6942367999636423,-0.1781593215436209,1.1699700069863497,1.1699700069863497,-0.01911008052419616
2,-0.6942367999636423,1.1210287771394338,-0.5323560410205899,-0.5323560410205898,-0.260576909238003
3,-0.6942367999636423,1.5401217121984836,0.38428106175237753,0.38428106175237736,-0.7009988010469892
2,0.7324635091379572,1.8753960602457236,0.12238474667438687,0.122384746674387,0.7188941706151861
3,-0.6942367999636423,-1.2678009526971508,1.3663922432948425,1.3663922432948425,-1.0734018678661708
2,-0.6942367999636423,1.5820310057043887,0.7116514555998659,0.7116514555998658,-1.0972084566126024
0,-0.6942367999636423,1.2048473641512438,0.31880698298287985,0.3188069829828799,0.6270687568789498
0,2.7298439418801967,-0.47152437608495584,-0.5978301197900875,-0.5978301197900878,-0.49524185545282945
3,-0.6942367999636423,-0.9325266046499108,-0.5323560410205899,-0.5323560410205898,-1.0887061034888768
1,-0.6942367999636423,0.45048008104495396,-1.056148671176571,-1.0561486711765713,0.336288280047534
0,-0.6942367999636423,-1.4354381267207705,-1.121622749946069,-1.1216227499460691,-0.7265058604181663
1,-0.6942367999636423,-0.6391615501085758,-0.7287782773290828,-0.7287782773290833,-0.25037408548953244
2,3.5858641273411562,-0.2619779085554309,0.38428106175237753,0.38428106175237736,0.0948214513337272
0,-0.2662267072331625,0.8695730161040038,-2.0382598527190363,-2.0382598527190368,0.161139805698787
1,-0.6942367999636423,-0.47152437608495584,0.7771255343693636,0.7771255343693638,-1.614151526535119
2,0.7324635091379572,0.8695730161040038,0.5152292192913729,0.5152292192913729,0.3992056931631036
1,-0.6942367999636423,-0.6391615501085758,-0.8597264348680782,-0.8597264348680784,-1.4219983459389203
0,-0.6942367999636423,0.9533916031158138,0.2533329042133822,0.2533329042133819,-0.6244776229334589
1,0.16178338549731738,1.0791194836335287,-1.121622749946069,-1.1216227499460691,0.6049626387572634
3,1.8738237564192368,0.32475220052723897,1.8247107946813264,1.8247107946813264,0.08461862758525669
2,-0.6942367999636423,-1.4354381267207705,-0.33593380471209683,-0.3359338047120969,-1.529127995297863
2,-0.6942367999636423,0.7019358420803838,0.5807032980608705,0.5807032980608703,0.4808282831508695
2,-0.2662267072331625,0.9953008966217188,-0.5978301197900875,-0.5978301197900878,1.2239339461644874
0,-0.12355667632300252,0.03138714598590404,-0.33593380471209683,-0.3359338047120969,-0.3677065585969454
0,-0.6942367999636423,-0.13625002803771594,-0.27045972594259915,-0.2704597259425994,-0.15854867175329548
2,-0.40889673814332245,2.2106704082929634,-0.008563410864608474,-0.008563410864608476,0.49613251877357556
0,-0.6942367999636423,-1.4354381267207705,0.056910667904889196,0.056910667904888974,-0.31499196922984685
1,-0.6942367999636423,-1.3935288332148656,0.056910667904889196,0.056910667904888974,-0.5598597391931445
0,-0.6942367999636423,-1.3097102462030557,-0.8597264348680782,-0.8597264348680784,-0.6363809173066748
2,-0.6942367999636423,0.8276637225980988,-0.7942523560985805,-0.7942523560985807,0.8668351149680118
3,-0.40889673814332245,1.1629380706453387,1.890184873450824,1.8901848734508238,0.4995334600230657
2,2.7298439418801967,-0.47152437608495584,-0.13951156840360382,-0.13951156840360396,-0.16365008362753106
1,-0.6942367999636423,-0.8487080176381008,-1.7763635376410456,-1.7763635376410458,-1.7246821171435516
3,0.4471234473176373,-0.8487080176381008,0.2533329042133822,0.2533329042133819,-0.0480180811448629
3,1.4458136636887569,0.9953008966217188,0.7771255343693636,0.7771255343693638,0.1849463944452188
2,-0.6942367999636423,-1.4354381267207705,-0.4014078834815945,-0.4014078834815949,-2.108988478335949
3,0.4471234473176373,-0.052431441025905946,1.890184873450824,1.8901848734508238,0.3907033400393779
2,-0.6942367999636423,0.9114823096099088,0.056910667904889196,0.056910667904888974,0.7784106424812656
0,0.16178338549731738,0.03138714598590404,0.9080736919083588,0.9080736919083586,-1.0019821016268755
1,-0.2662267072331625,0.07329643949180903,-1.3835190650240596,-1.3835190650240599,0.026802626343922626
0,-0.6942367999636423,-0.1781593215436209,1.0390218494473542,1.0390218494473542,-1.6481609390300214
0,5.012564436442756,0.32475220052723897,1.0390218494473542,1.0390218494473542,-0.24187173236580672
1,-0.2662267072331625,-0.6391615501085758,-0.4014078834815945,-0.4014078834815949,0.518238636895262
3,0.7324635091379572,-0.9325266046499108,1.6937626371423309,1.6937626371423309,0.014899331970706732
3,-0.6942367999636423,0.36666149403314396,-0.7287782773290828,-0.7287782773290833,0.3430901625465149
2,-0.6942367999636423,1.0372101901276238,0.2533329042133822,0.2533329042133819,1.5402214823670797
2,2.5871739109700367,0.7438451355862888,-0.07403748963410614,-0.0740374896341065,-0.39491408859286736
2,-0.6942367999636423,-0.2200686150495259,1.0390218494473542,1.0390218494473542,0.5777551087613414
2,-0.2662267072331625,-0.7648894306262908,-1.4489931437935573,-1.4489931437935575,0.30567980880212187
1,-0.6942367999636423,-1.4354381267207705,-1.6454153801020501,-1.6454153801020504,-1.6362576446568053
2,-0.6942367999636423,-0.7648894306262908,-0.07403748963410614,-0.0740374896341065,-0.03781525739639239
2,2.4445038800598766,-0.010522147520000953,-0.33593380471209683,-0.3359338047120969,-1.583543055289707
1,0.5897934782277973,-0.7229801371203858,-0.4014078834815945,-0.4014078834815949,0.04210686196662868
0,0.7324635091379572,0.7857544290921938,-1.056148671176571,-1.0561486711765713,0.22405721881435664
3,-0.6942367999636423,-0.42961508257905084,2.086607109759317,2.0866071097593175,-0.3166924398545923
2,-0.6942367999636423,-1.1420730721794357,0.9080736919083588,0.9080736919083586,-0.4510296192094566
2,-0.6942367999636423,-0.9744358981558158,0.38428106175237753,0.38428106175237736,-1.1516235166044462
1,3.443194096430996,1.3305752446689587,-1.5144672225630549,-1.5144672225630553,-0.21636467299463016
1,7.580624992825635,-0.6810708436144808,-0.8597264348680782,-0.8597264348680784,0.7937148781039717
2,2.7298439418801967,0.03138714598590404,0.5807032980608705,0.5807032980608703,0.4570216944044377
0,-0.6942367999636423,-0.7229801371203858,1.0390218494473542,1.0390218494473542,-0.19765949612243333
3,-0.6942367999636423,0.40857078753904896,1.3663922432948425,1.3663922432948425,-1.3352743440769193
3,0.16178338549731738,0.11520573299771401,1.497340400833838,1.497340400833838,-1.3352743440769193
3,2.3018338491497166,1.3724845381748638,0.38428106175237753,0.38428106175237736,-0.15854867175329548
3,-0.6942367999636423,-1.2258916591912457,-0.008563410864608474,-0.008563410864608476,-0.7690176260367944
2,-0.6942367999636423,-0.9744358981558158,-1.121622749946069,-1.1216227499460691,-1.5087223478009213
1,0.4471234473176373,0.9114823096099088,-0.6633041985595851,-0.6633041985595852,2.2289120853888535
1,1.7311537255090768,0.8695730161040038,-0.46688196225109213,-0.46688196225109235,2.0418603166668903
2,-0.6942367999636423,0.36666149403314396,0.12238474667438687,0.122384746674387,-0.06162184614282418
1,-0.6942367999636423,0.8276637225980988,-0.9252005136375758,-0.9252005136375762,-0.9169585703896194
2,-0.6942367999636423,-1.4354381267207705,0.5807032980608705,0.5807032980608703,-1.9882550639790455
3,-0.6942367999636423,-0.3038872020613359,0.38428106175237753,0.38428106175237736,-1.2162414003447608
0,-0.6942367999636423,-0.8067987241321958,0.38428106175237753,0.38428106175237736,1.104901002432329
2,-0.6942367999636423,-1.2258916591912457,-0.5323560410205899,-0.5323560410205898,-0.2809825567349446
2,-0.5515667690534823,-0.5134336695908608,-1.3835190650240596,-1.3835190650240599,0.77330923060703
2,-0.6942367999636423,-1.1001637786735308,1.0390218494473542,1.0390218494473542,-1.813106589630298
1,0.4471234473176373,-1.3097102462030557,-0.5978301197900875,-0.5978301197900878,-1.0972084566126024
2,0.01911335458715743,-1.0163451916617208,0.18785882544388455,0.18785882544388444,0.36519628066820137
2,-0.6942367999636423,-0.3038872020613359,-0.46688196225109213,-0.46688196225109235,-1.146522104730211
3,1.0178035709582771,1.2048473641512438,-0.008563410864608474,-0.008563410864608476,-0.5275507973229869
2,-0.6942367999636423,-1.3097102462030557,0.38428106175237753,0.38428106175237736,-0.6210766816839687
0,-0.6942367999636423,0.03138714598590404,0.31880698298287985,0.3188069829828799,-1.7297835290177872
0,1.4458136636887569,0.28284290702133397,1.1699700069863497,1.1699700069863497,1.1202052380550351
0,1.0178035709582771,-0.5134336695908608,-1.3835190650240596,-1.3835190650240599,0.84302852622158
0,-0.6942367999636423,-1.2258916591912457,-1.056148671176571,-1.0561486711765713,-0.7265058604181663
2,-0.6942367999636423,1.8334867667398187,0.6461773768303682,0.6461773768303684,1.2188325342902517
3,-0.40889673814332245,0.157115026503619,0.9735477706778566,0.9735477706778567,-0.01230819802521522
3,-0.6942367999636423,-1.4354381267207705,2.6103997399152985,2.610399739915298,-2.066476712717321
0,-0.6942367999636423,0.9953008966217188,1.2354440857558473,1.235444085755847,1.7765868992066516
2,-0.5515667690534823,-0.1781593215436209,0.056910667904889196,0.056910667904888974,-1.4288002284379009
1,-0.12355667632300252,-0.052431441025905946,-0.7942523560985805,-0.7942523560985807,0.06761392133780525
1,-0.6942367999636423,-0.5972522566026708,-0.4014078834815945,-0.4014078834815949,-0.8200317447791474
2,-0.6942367999636423,1.3724845381748638,-0.7287782773290828,-0.7287782773290833,1.098099119933348
2,-0.2662267072331625,0.49238937455085896,-1.6454153801020501,-1.6454153801020504,1.19842688679331
2,-0.6942367999636423,-1.2258916591912457,0.2533329042133822,0.2533329042133819,-1.9219367096139857
2,0.01911335458715743,-0.5553429630967658,1.6282885583728333,1.6282885583728335,-0.20956279049564921
3,2.016493787329397,0.36666149403314396,1.300918164525345,1.3009181645253451,0.1951492181936893
2,-0.6942367999636423,-0.7648894306262908,0.2533329042133822,0.2533329042133819,-0.7911237441584807
3,-0.6942367999636423,-0.9744358981558158,1.1044959282168518,1.1044959282168523,0.5165381662705172
0,0.7324635091379572,0.28284290702133397,0.31880698298287985,0.3188069829828799,-0.25037408548953244
3,-0.6942367999636423,-0.8067987241321958,2.6103997399152985,2.610399739915298,-0.6839940947995383
2,-0.40889673814332245,-1.0582544851676257,-1.5799413013325525,-1.579941301332553,-0.6907959772985186
2,-0.6942367999636423,0.199024320009524,-1.056148671176571,-1.0561486711765713,0.742700759361618
1,-0.6942367999636423,0.49238937455085896,-2.300156167797027,-2.3001561677970273,0.3022788675526317
0,-0.6942367999636423,-0.42961508257905084,-0.46688196225109213,-0.46688196225109235,0.7920144074792269
0,-0.40889673814332245,-0.1781593215436209,0.9735477706778566,0.9735477706778567,-0.1466453773800802
3,-0.6942367999636423,-1.4354381267207705,1.6282885583728333,1.6282885583728335,-0.07692608176553023
3,1.588483694598917,0.8695730161040038,0.4497551405218752,0.4497551405218754,-1.0036825722516207
3,-0.6942367999636423,0.32475220052723897,0.38428106175237753,0.38428106175237736,-0.9577698653835023
0,0.7324635091379572,0.40857078753904896,0.2533329042133822,0.2533329042133819,-1.711078352145591
0,0.01911335458715743,-0.09434073453181094,0.38428106175237753,0.38428106175237736,-1.360781403448096
1,-0.6942367999636423,3.1745841589287784,-1.056148671176571,-1.0561486711765713,-1.0138853960000913
1,1.0178035709582771,0.157115026503619,-1.9073116951800408,-1.9073116951800413,0.34479063317125974
1,0.30445341640747736,-0.010522147520000953,-0.5323560410205899,-0.5323560410205898,0.22235674818961124
2,1.303143632778597,-1.1839823656853408,-0.07403748963410614,-0.0740374896341065,-1.3811870509450375
3,0.7324635091379572,-0.8067987241321958,1.0390218494473542,1.0390218494473542,-0.43062397171251504
3,-0.6942367999636423,-1.3516195397089608,0.7771255343693636,0.7771255343693638,-1.9576465927336333
3,0.4471234473176373,0.6600265485744788,0.5807032980608705,0.5807032980608703,0.6542762868748717
3,0.16178338549731738,-0.38770578907314585,1.7592367159118285,1.759236715911829,-1.121015045359034
3,-0.6942367999636423,-1.1420730721794357,1.4318663220643402,1.4318663220643406,-1.0172863372495817
0,-0.2662267072331625,0.618117255068574,0.31880698298287985,0.3188069829828799,0.8889412330896982
3,0.7324635091379572,1.6239402992102936,0.12238474667438687,0.122384746674387,0.09992286320796276
1,1.0178035709582771,0.45048008104495396,-0.5978301197900875,-0.5978301197900878,0.6865852287450293
0,-0.6942367999636423,-1.1001637786735308,-0.7287782773290828,-0.7287782773290833,-1.9882550639790455
2,-0.6942367999636423,-0.3038872020613359,0.8425996131388612,0.8425996131388612,-0.4340249129620052
3,-0.6942367999636423,-1.3097102462030557,0.38428106175237753,0.38428106175237736,-0.44762867795996647
0,-0.6942367999636423,-0.3457964955672409,-0.5978301197900875,-0.5978301197900878,-0.03271384552215684
0,-0.2662267072331625,-0.13625002803771594,-0.33593380471209683,-0.3359338047120969,-0.4408267954609855
0,-0.6942367999636423,1.0372101901276238,-0.20498564717310147,-0.2049856471731014,1.4637003042535492
0,0.4471234473176373,-0.2200686150495259,0.31880698298287985,0.3188069829828799,1.3633725373935872
1,-0.40889673814332245,0.32475220052723897,-0.9906745924070736,-0.9906745924070737,0.5573494612643998
1,0.4471234473176373,-0.47152437608495584,-0.20498564717310147,-0.2049856471731014,0.506335342522046
2,-0.6942367999636423,-0.3038872020613359,-0.46688196225109213,-0.46688196225109235,-0.18065478987498249
1,-0.6942367999636423,-0.13625002803771594,-0.13951156840360382,-0.13951156840360396,1.1695188861726433
2,0.4471234473176373,-0.9325266046499108,-0.6633041985595851,-0.6633041985595852,-0.2639778504874931
1,0.16178338549731738,1.3724845381748638,-2.5620524828750177,-2.562052482875018,2.232313026638343
2,-0.6942367999636423,0.40857078753904896,0.7771255343693636,0.7771255343693638,0.28527416130518085
3,0.30445341640747736,0.9114823096099088,0.5152292192913729,0.5152292192913729,-1.034291043497033
3,1.7311537255090768,0.7857544290921938,1.9556589522203216,1.9556589522203214,1.6796600735961795
2,-0.6942367999636423,1.1210287771394338,-1.121622749946069,-1.1216227499460691,-0.260576909238003
1,1.7311537255090768,-0.38770578907314585,-1.121622749946069,-1.1216227499460691,-1.0325905728722877
1,-0.6942367999636423,-1.1839823656853408,-1.9073116951800408,-1.9073116951800413,-0.6312795054324392
0,-0.40889673814332245,-0.38770578907314585,0.056910667904889196,0.056910667904888974,1.3276626542739396
2,0.8751335400481172,1.0372101901276238,1.890184873450824,1.8901848734508238,0.3243849856743187
3,-0.6942367999636423,-0.9325266046499108,1.6937626371423309,1.6937626371423309,0.1169275694554136
3,0.8751335400481172,1.5401217121984836,1.6937626371423309,1.6937626371423309,-0.8914515110184428
0,0.8751335400481172,0.7019358420803838,-0.5323560410205899,-0.5323560410205898,-0.15684820112855072
3,0.01911335458715743,-0.1781593215436209,-0.008563410864608474,-0.008563410864608476,1.5912356011094333
0,0.16178338549731738,0.32475220052723897,0.9080736919083588,0.9080736919083586,0.6763824049965581
3,-0.12355667632300252,-0.7648894306262908,0.9735477706778566,0.9735477706778567,0.6100640506314989
3,-0.6942367999636423,0.45048008104495396,0.9080736919083588,0.9080736919083586,0.05911156821407953
2,-0.6942367999636423,-1.4354381267207705,1.300918164525345,1.3009181645253451,0.2393614544370627
3,4.013874220071636,-0.09434073453181094,0.9080736919083588,0.9080736919083586,-1.5478331721700593
0,-0.6942367999636423,-0.8067987241321958,-0.07403748963410614,-0.0740374896341065,-1.3012649315820168
3,-0.6942367999636423,0.36666149403314396,1.6282885583728333,1.6282885583728335,0.56075040251389
3,-0.6942367999636423,-1.0582544851676257,0.5152292192913729,0.5152292192913729,-1.5767411727907263
1,0.4471234473176373,-0.13625002803771594,-1.3835190650240596,-1.3835190650240599,-1.1414206928559754
1,-0.40889673814332245,1.2048473641512438,-0.5978301197900875,-0.5978301197900878,-1.0410929259960133
1,-0.6942367999636423,-1.4354381267207705,-0.7287782773290828,-0.7287782773290833,-0.35750373484847486
2,-0.12355667632300252,0.7019358420803838,1.1044959282168518,1.1044959282168523,1.6932638385941403
0,-0.6942367999636423,-0.8067987241321958,0.056910667904889196,0.056910667904888974,0.695087581868755
0,0.8751335400481172,2.1687611147870585,-1.3835190650240596,-1.3835190650240599,0.46552404752816345
3,-0.6942367999636423,1.2886659511630538,0.9735477706778566,0.9735477706778567,1.1831226511706041
1,-0.6942367999636423,0.9114823096099088,-0.9252005136375758,-0.9252005136375762,0.5590499318891452
0,1.160473601868437,1.5820310057043887,0.38428106175237753,0.38428106175237736,2.0554640816648506
3,-0.6942367999636423,-1.1420730721794357,1.1044959282168518,1.1044959282168523,-1.0989089272373473
3,-0.5515667690534823,-0.1781593215436209,0.31880698298287985,0.3188069829828799,-0.4085178535908286
0,0.8751335400481172,1.5401217121984836,0.12238474667438687,0.122384746674387,2.351345970370502
1,1.0178035709582771,0.9953008966217188,-1.6454153801020501,-1.6454153801020504,0.5114367543962816
1,-0.40889673814332245,-0.13625002803771594,-0.7287782773290828,-0.7287782773290833,-1.6770689396506884
3,-0.6942367999636423,-1.1420730721794357,-0.4014078834815945,-0.4014078834815949,-0.6091733873107528
3,2.7298439418801967,1.1629380706453387,1.3663922432948425,1.3663922432948425,-0.9237604528886
3,0.01911335458715743,0.8276637225980988,2.2175552672983123,2.2175552672983123,1.0776934724364071
2,-0.40889673814332245,-0.6391615501085758,0.7116514555998659,0.7116514555998658,-1.2995644609572714
0,-0.6942367999636423,-0.3457964955672409,-0.7942523560985805,-0.7942523560985807,0.48422922440035965
0,4.584554343712276,0.28284290702133397,-0.4014078834815945,-0.4014078834815949,-0.0905298467634909
0,0.4471234473176373,0.49238937455085896,-0.07403748963410614,-0.0740374896341065,-1.4917176415534703
0,0.7324635091379572,1.2467566576571487,-0.008563410864608474,-0.008563410864608476,0.13223180507811966
2,2.159163818239557,0.45048008104495396,0.9080736919083588,0.9080736919083586,-1.5682388196670005
3,-0.6942367999636423,-1.1839823656853408,-0.9906745924070736,-0.9906745924070737,-0.6737912710510672
1,-0.12355667632300252,0.7019358420803838,-0.6633041985595851,-0.6633041985595852,-0.5683620923168695
2,-0.6942367999636423,0.199024320009524,-1.056148671176571,-1.0561486711765713,0.336288280047534
3,1.303143632778597,-1.1001637786735308,0.7771255343693636,0.7771255343693638,0.23255957193808174
1,0.7324635091379572,-0.6810708436144808,-0.4014078834815945,-0.4014078834815949,0.2155548656906309
2,-0.6942367999636423,-0.8067987241321958,-0.13951156840360382,-0.13951156840360396,1.1083019436818191
1,-0.6942367999636423,-1.2258916591912457,-2.0382598527190363,-2.0382598527190368,-0.8914515110184428
3,-0.6942367999636423,-0.8906173111440058,0.6461773768303682,0.6461773768303684,-0.6652889179273415
1,1.303143632778597,0.7857544290921938,-1.5144672225630549,-1.5144672225630553,0.5216395781447527
3,-0.5515667690534823,-0.5134336695908608,1.3663922432948425,1.3663922432948425,0.09652192195847259
2,-0.6942367999636423,-1.1420730721794357,1.4318663220643402,1.4318663220643406,-1.5546350546690395
0,-0.6942367999636423,0.7019358420803838,0.056910667904889196,0.056910667904888974,0.752903583110089
2,-0.2662267072331625,-1.4354381267207705,-1.121622749946069,-1.1216227499460691,-0.6924964479232635
3,-0.6942367999636423,-0.3457964955672409,0.056910667904889196,0.056910667904888974,-1.5954463496629225
2,-0.6942367999636423,-0.5972522566026708,2.479451582376303,2.4794515823763033,0.45362075315494754
1,-0.6942367999636423,-0.052431441025905946,-0.46688196225109213,-0.46688196225109235,1.1457122974262117
3,-0.6942367999636423,-1.3097102462030557,0.5807032980608705,0.5807032980608703,-0.7486119785398527
2,-0.6942367999636423,-1.0163451916617208,-0.008563410864608474,-0.008563410864608476,0.08121768633576593
2,-0.6942367999636423,-1.1420730721794357,-1.056148671176571,-1.0561486711765713,-0.5224493854487514
3,0.16178338549731738,-0.5134336695908608,-0.07403748963410614,-0.0740374896341065,0.8124200549761679
0,0.8751335400481172,0.32475220052723897,-0.46688196225109213,-0.46688196225109235,0.485929695025105
3,0.7324635091379572,0.7857544290921938,2.413977503606805,2.4139775036068056,1.402483361762725
2,1.7311537255090768,-0.3457964955672409,-1.5799413013325525,-1.579941301332553,-1.498519524052451
3,2.159163818239557,-0.5134336695908608,1.300918164525345,1.3009181645253451,-0.11603690613466748
1,0.7324635091379572,0.7019358420803838,-1.121622749946069,-1.1216227499460691,0.8668351149680118
2,-0.6942367999636423,-1.4354381267207705,-0.07403748963410614,-0.0740374896341065,-0.18745667237396282
2,-0.6942367999636423,-0.6391615501085758,-0.6633041985595851,-0.6633041985595852,-0.15174678925431515
3,0.01911335458715743,0.9953008966217188,1.1044959282168518,1.1044959282168523,-0.9441661003855414
2,0.30445341640747736,0.618117255068574,0.31880698298287985,0.3188069829828799,-0.12794020050788338
0,-0.6942367999636423,1.3305752446689587,0.9735477706778566,0.9735477706778567,2.776463626556782
3,-0.6942367999636423,-0.2619779085554309,1.1699700069863497,1.1699700069863497,-1.217941870969506
0,-0.6942367999636423,-0.5134336695908608,-0.5323560410205899,-0.5323560410205898,-0.3813103235949067
0,0.5897934782277973,-0.42961508257905084,-0.9906745924070736,-0.9906745924070737,0.24446286631129763
0,-0.6942367999636423,-0.42961508257905084,0.6461773768303682,0.6461773768303684,0.8634341737185216
0,0.4471234473176373,1.4563031251866738,-1.5799413013325525,-1.579941301332553,1.2698466530326056
0,-0.40889673814332245,0.157115026503619,-0.5323560410205899,-0.5323560410205898,-1.389689404068763
3,-0.6942367999636423,-0.8067987241321958,0.9735477706778566,0.9735477706778567,-1.5308284659226081
2,-0.6942367999636423,-1.2258916591912457,-1.2525709074850642,-1.2525709074850646,-1.8522174139994356
2,-0.6942367999636423,-0.8067987241321958,-0.5978301197900875,-0.5978301197900878,0.03870592071713791
3,1.7311537255090768,1.3724845381748638,0.8425996131388612,0.8425996131388612,1.5334195998680993
1,-0.2662267072331625,1.7077588862221036,-1.3180449862545618,-1.318044986254562,-1.0172863372495817
1,1.588483694598917,-1.0163451916617208,0.4497551405218752,0.4497551405218754,1.5827332479857077
1,-0.6942367999636423,-0.42961508257905084,-1.3180449862545618,-1.318044986254562,-0.02251102177368633
3,-0.6942367999636423,-0.3038872020613359,1.497340400833838,1.497340400833838,0.3022788675526317
2,-0.6942367999636423,-1.4354381267207705,0.6461773768303682,0.6461773768303684,0.013198861345961346
1,-0.6942367999636423,-0.9325266046499108,-1.5799413013325525,-1.579941301332553,-0.3813103235949067
0,-0.6942367999636423,-0.6391615501085758,-0.5978301197900875,-0.5978301197900878,0.1288308638286295
0,-0.6942367999636423,2.0011239407634385,0.2533329042133822,0.2533329042133819,1.0453845305662495
0,-0.6942367999636423,-1.1001637786735308,-0.27045972594259915,-0.2704597259425994,-1.1159136334847988
2,1.7311537255090768,-0.5134336695908608,0.31880698298287985,0.3188069829828799,-1.192434811598329
1,0.7324635091379572,0.32475220052723897,-1.121622749946069,-1.1216227499460691,0.7597054656090694
3,-0.6942367999636423,-0.052431441025905946,1.6282885583728333,1.6282885583728335,-0.2469731442400423
0,0.01911335458715743,-1.0163451916617208,-1.3180449862545618,-1.318044986254562,0.6899861699945193
2,-0.6942367999636423,0.199024320009524,0.5807032980608705,0.5807032980608703,-1.025788690373307
1,0.30445341640747736,1.8334867667398187,-1.5799413013325525,-1.579941301332553,2.703343389692742
2,-0.5515667690534823,0.03138714598590404,-2.103733931488534,-2.1037339314885344,0.48422922440035965
0,-0.6942367999636423,-1.2258916591912457,-1.4489931437935573,-1.4489931437935575,-1.0717013972414253
1,-0.6942367999636423,-0.6810708436144808,-2.300156167797027,-2.3001561677970273,0.6134649918809891
1,-0.6942367999636423,-0.5134336695908608,-1.121622749946069,-1.1216227499460691,-1.5376303484215885
0,-0.6942367999636423,-0.13625002803771594,-0.27045972594259915,-0.2704597259425994,0.5743541675118512
0,2.4445038800598766,1.5820310057043887,-0.9906745924070736,-0.9906745924070737,0.07441580383678559
2,-0.6942367999636423,-1.2258916591912457,0.056910667904889196,0.056910667904888974,-0.9951802191278951
3,0.4471234473176373,-0.9325266046499108,0.8425996131388612,0.8425996131388612,-1.3981917571924884
0,-0.6942367999636423,0.534298668056764,-0.07403748963410614,-0.0740374896341065,0.7256960531141671
1,-0.6942367999636423,0.576207961562669,-1.121622749946069,-1.1216227499460691,-0.10923502363568714
0,-0.6942367999636423,-0.052431441025905946,-1.6454153801020501,-1.6454153801020504,-0.9866778660041694
0,-0.12355667632300252,0.199024320009524,-0.008563410864608474,-0.008563410864608476,-0.37110749984643554
3,-0.6942367999636423,-1.2258916591912457,0.31880698298287985,0.3188069829828799,-0.6618879766778513
2,-0.6942367999636423,-0.7648894306262908,-0.5978301197900875,-0.5978301197900878,0.06251250946356969
3,-0.2662267072331625,-0.8906173111440058,0.6461773768303682,0.6461773768303684,-0.19595902549768854
0,0.01911335458715743,0.36666149403314396,-0.46688196225109213,-0.46688196225109235,-0.010607727400470437
2,3.7285341582513163,-0.13625002803771594,-0.6633041985595851,-0.6633041985595852,-0.25207455611427726
2,-0.6942367999636423,-1.1001637786735308,0.12238474667438687,0.122384746674387,0.04210686196662868
1,-0.6942367999636423,-0.5134336695908608,-1.9727857739495385,-1.972785773949539,0.22915863068859157
3,1.0178035709582771,0.199024320009524,1.0390218494473542,1.0390218494473542,-1.0444938672455035
0,0.16178338549731738,0.11520573299771401,1.890184873450824,1.8901848734508238,1.1542146505499373
0,-0.40889673814332245,1.9592146472575336,-1.710889458871548,-1.7108894588715482,1.6303464254785713
3,-0.6942367999636423,0.576207961562669,1.4318663220643402,1.4318663220643406,0.30738027942686724
3,0.16178338549731738,-0.1781593215436209,-0.5323560410205899,-0.5323560410205898,-0.05992137551807879
1,-0.6942367999636423,0.11520573299771401,0.056910667904889196,0.056910667904888974,-1.6668661159022176
2,-0.6942367999636423,-0.5134336695908608,1.3663922432948425,1.3663922432948425,0.7052904056172254
2,0.30445341640747736,0.9114823096099088,2.2175552672983123,2.2175552672983123,0.9314529987083262
0,-0.6942367999636423,-0.6810708436144808,-0.33593380471209683,-0.3359338047120969,0.1169275694554136
0,1.8738237564192368,0.32475220052723897,0.7116514555998659,0.7116514555998658,0.4111089875363195
2,-0.6942367999636423,-1.4354381267207705,0.2533329042133822,0.2533329042133819,-0.3847112648443968
0,-0.6942367999636423,0.534298668056764,0.056910667904889196,0.056910667904888974,1.2664457117831154
2,-0.6942367999636423,-1.0163451916617208,0.31880698298287985,0.3188069829828799,-1.1652272816024072
1,-0.6942367999636423,-1.4354381267207705,-0.8597264348680782,-0.8597264348680784,-0.6108738579354975
2,3.0151840037005164,0.9953008966217188,-1.056148671176571,-1.0561486711765713,0.4026066344125938
0,-0.2662267072331625,-1.4354381267207705,1.497340400833838,1.497340400833838,-1.656663292153747
1,0.16178338549731738,0.11520573299771401,-0.4014078834815945,-0.4014078834815949,-0.48333856107961354
1,-0.6942367999636423,0.32475220052723897,-0.20498564717310147,-0.2049856471731014,-0.19425855487294316
1,1.160473601868437,1.5401217121984836,0.12238474667438687,0.122384746674387,2.6472278590761533
0,-0.6942367999636423,0.32475220052723897,0.12238474667438687,0.122384746674387,1.4977097167484517
1,-0.6942367999636423,0.49238937455085896,-1.3180449862545618,-1.318044986254562,0.11522709883066883
0,0.16178338549731738,-1.1839823656853408,0.31880698298287985,0.3188069829828799,-0.7928242147832255
1,-0.6942367999636423,0.28284290702133397,-0.7287782773290828,-0.7287782773290833,-0.33199667547729833
1,-0.6942367999636423,0.7019358420803838,-0.8597264348680782,-0.8597264348680784,0.29717745567839676
3,-0.6942367999636423,0.618117255068574,0.5807032980608705,0.5807032980608703,-1.3386752853264094
1,-0.6942367999636423,-1.3097102462030557,-0.008563410864608474,-0.008563410864608476,0.1951492181936893
1,-0.6942367999636423,0.7857544290921938,-1.6454153801020501,-1.6454153801020504,1.0215779418198179
3,1.8738237564192368,-0.5972522566026708,-1.121622749946069,-1.1216227499460691,0.2699699256824748
0,2.159163818239557,3.3841306264583033,0.7771255343693636,0.7771255343693638,1.5878346598599433
1,-0.6942367999636423,-0.8067987241321958,-0.20498564717310147,-0.2049856471731014,-1.0512957497444841
2,1.8738237564192368,-0.8487080176381008,-0.13951156840360382,-0.13951156840360396,-0.18065478987498249
0,0.01911335458715743,0.9953008966217188,-1.2525709074850642,-1.2525709074850646,1.3531697136451162
1,-0.2662267072331625,0.7438451355862888,-0.7942523560985805,-0.7942523560985807,1.317459830525469
0,-0.6942367999636423,-0.2200686150495259,1.1044959282168518,1.1044959282168523,-0.23506984986682639
1,0.7324635091379572,1.6239402992102936,-0.07403748963410614,-0.0740374896341065,1.5997379542331591
0,-0.6942367999636423,0.28284290702133397,-0.5978301197900875,-0.5978301197900878,0.14073415820184537
1,-0.6942367999636423,-0.8906173111440058,-1.056148671176571,-1.0561486711765713,-1.6039487027866481
2,1.8738237564192368,1.0791194836335287,-1.5144672225630549,-1.5144672225630553,1.8701127835676332
0,0.7324635091379572,0.40857078753904896,-0.46688196225109213,-0.46688196225109235,-1.0751023384909157
0,-0.6942367999636423,-0.1781593215436209,-0.20498564717310147,-0.2049856471731014,-0.1466453773800802
2,0.01911335458715743,1.3724845381748638,1.2354440857558473,1.235444085755847,-0.7724185672862846
2,-0.6942367999636423,1.0372101901276238,1.0390218494473542,1.0390218494473542,1.6558534848497477
0,2.016493787329397,0.8276637225980988,0.18785882544388455,0.18785882544388444,-0.42552255983827947
0,-0.6942367999636423,-0.9325266046499108,0.18785882544388455,0.18785882544388444,1.1355094736777411
2,-0.6942367999636423,0.8276637225980988,-1.4489931437935573,-1.4489931437935575,-1.1278169278580144
0,-0.6942367999636423,1.4563031251866738,1.1044959282168518,1.1044959282168523,0.9433562930815421
1,-0.6942367999636423,-1.4354381267207705,-0.27045972594259915,-0.2704597259425994,-1.838613649001475
0,-0.6942367999636423,-0.9325266046499108,-0.7942523560985805,-0.7942523560985807,0.4468188706559672
2,-0.6942367999636423,-0.3038872020613359,0.4497551405218752,0.4497551405218754,0.7001889937429899
3,-0.6942367999636423,-0.9744358981558158,0.4497551405218752,0.4497551405218754,0.028503096968667405
0,0.5897934782277973,0.28284290702133397,-0.27045972594259915,-0.2704597259425994,-0.03101337489741145
2,0.4471234473176373,0.07329643949180903,0.7116514555998659,0.7116514555998658,1.0385826480672693
0,-0.6942367999636423,-1.3097102462030557,-1.056148671176571,-1.0561486711765713,-0.5938691516880468
3,-0.6942367999636423,-0.7648894306262908,1.7592367159118285,1.759236715911829,-0.8183312741544027
2,-0.6942367999636423,-1.4354381267207705,2.28302934606781,2.2830293460678095,0.030203567593412792
0,-0.5515667690534823,-0.3038872020613359,-0.4014078834815945,-0.4014078834815949,0.3958047519136135
1,-0.6942367999636423,-1.4354381267207705,-1.056148671176571,-1.0561486711765713,-0.6176757404344785
3,-0.6942367999636423,0.36666149403314396,1.8247107946813264,1.8247107946813264,-0.3421994992257688
3,-0.6942367999636423,-0.010522147520000953,1.1044959282168518,1.1044959282168523,-1.1108122216105631
0,1.160473601868437,-1.4354381267207705,0.2533329042133822,0.2533329042133819,0.4587221650291831
0,0.5897934782277973,-0.38770578907314585,-0.5978301197900875,-0.5978301197900878,1.6915633679693955
3,-0.6942367999636423,-1.4354381267207705,0.4497551405218752,0.4497551405218754,-0.9305623353875804
3,-0.6942367999636423,-1.2258916591912457,0.18785882544388455,0.18785882544388444,0.09652192195847259
0,-0.6942367999636423,0.9114823096099088,-1.710889458871548,-1.7108894588715482,-0.16194961300278626
0,-0.6942367999636423,-0.3457964955672409,0.4497551405218752,0.4497551405218754,0.05401015633984458
1,-0.6942367999636423,-0.5553429630967658,-2.431104325336022,-2.4311043253360225,0.25466569005976875
1,-0.6942367999636423,-1.4354381267207705,-1.056148671176571,-1.0561486711765713,-0.5802653866900854
1,-0.6942367999636423,-1.1420730721794357,-0.5978301197900875,-0.5978301197900878,-1.8760240027458674
0,-0.40889673814332245,-0.8906173111440058,-0.8597264348680782,-0.8597264348680784,1.5215163054948835
3,-0.6942367999636423,0.36666149403314396,0.5152292192913729,0.5152292192913729,-1.4236988165636655
2,0.30445341640747736,0.240933613515429,1.9556589522203216,1.9556589522203214,1.0062737061971117
1,-0.6942367999636423,-0.47152437608495584,-1.1870968287155665,-1.1870968287155668,-0.0922303173882363
3,1.160473601868437,-0.1781593215436209,1.4318663220643402,1.4318663220643406,0.40940851691157476
1,1.0178035709582771,0.7438451355862888,-0.6633041985595851,-0.6633041985595852,0.6066631093820087
2,-0.6942367999636423,2.7554912238697282,2.479451582376303,2.4794515823763033,2.370051147242698
1,2.016493787329397,1.0372101901276238,-1.4489931437935573,-1.4489931437935575,0.8957431155886791
2,1.7311537255090768,0.6600265485744788,-1.5144672225630549,-1.5144672225630553,-0.029312904272666668
0,0.4471234473176373,0.7019358420803838,1.0390218494473542,1.0390218494473542,0.7410002887368731
2,-0.6942367999636423,-1.3935288332148656,0.056910667904889196,0.056910667904888974,-1.3709842271965669
1,-0.6942367999636423,-0.2619779085554309,-0.6633041985595851,-0.6633041985595852,-1.571639760916491
3,-0.6942367999636423,1.3305752446689587,0.6461773768303682,0.6461773768303684,1.2545424174098994
1,-0.6942367999636423,-1.3097102462030557,0.7771255343693636,0.7771255343693638,0.41791087003529986
2,1.588483694598917,-0.2200686150495259,0.7771255343693636,0.7771255343693638,-1.542731760295824
0,-0.6942367999636423,1.5401217121984836,-0.27045972594259915,-0.2704597259425994,1.2120306517912713
1,-0.12355667632300252,0.199024320009524,-0.9252005136375758,-0.9252005136375762,-0.34900138172474915
2,1.0178035709582771,-0.7648894306262908,-0.4014078834815945,-0.4014078834815949,0.7001889937429899
2,1.0178035709582771,1.7496681797280087,-0.4014078834815945,-0.4014078834815949,-0.6788926829253028
2,-0.5515667690534823,0.49238937455085896,0.31880698298287985,0.3188069829828799,-0.21806514361937496
1,-0.6942367999636423,-0.8067987241321958,-1.3835190650240596,-1.3835190650240599,0.4111089875363195
3,-0.6942367999636423,-1.0582544851676257,0.2533329042133822,0.2533329042133819,0.20195110069266964
3,-0.6942367999636423,-0.8487080176381008,1.7592367159118285,1.759236715911829,-0.19595902549768854
0,-0.6942367999636423,-1.1420730721794357,0.4497551405218752,0.4497551405218754,0.07271533321204081
3,-0.5515667690534823,-0.7229801371203858,1.6282885583728333,1.6282885583728335,-1.0308901022475427
2,-0.6942367999636423,0.534298668056764,1.9556589522203216,1.9556589522203214,-0.3200933811040824
2,0.5897934782277973,-0.010522147520000953,-1.8418376164105432,-1.8418376164105437,-0.7180035072944406
2,-0.6942367999636423,-0.6391615501085758,0.12238474667438687,0.122384746674387,-0.014008668649960606
1,-0.6942367999636423,0.36666149403314396,-0.4014078834815945,-0.4014078834815949,-1.1822319878498582
1,-0.6942367999636423,-1.3516195397089608,-1.121622749946069,-1.1216227499460691,-0.2554754973637674
3,-0.6942367999636423,0.07329643949180903,-0.20498564717310147,-0.2049856471731014,-0.388112206093887
3,-0.6942367999636423,-0.6810708436144808,1.1699700069863497,1.1699700069863497,-0.515647502949771
3,0.30445341640747736,-0.3038872020613359,-0.008563410864608474,-0.008563410864608476,0.09652192195847259
1,0.01911335458715743,-1.4354381267207705,-0.9906745924070736,-0.9906745924070737,0.07441580383678559
2,-0.5515667690534823,-0.9325266046499108,0.4497551405218752,0.4497551405218754,1.0368821774425239
0,0.7324635091379572,1.9592146472575336,-0.8597264348680782,-0.8597264348680784,2.2102069085166574
2,1.160473601868437,-1.4354381267207705,1.300918164525345,1.3009181645253451,-1.0325905728722877
0,-0.6942367999636423,0.40857078753904896,-0.7942523560985805,-0.7942523560985807,1.4398937155071176
2,-0.6942367999636423,-1.1839823656853408,1.3663922432948425,1.3663922432948425,0.25806663130925894
2,-0.6942367999636423,-0.3038872020613359,0.056910667904889196,0.056910667904888974,1.3361650073976654
2,-0.6942367999636423,-1.2678009526971508,0.38428106175237753,0.38428106175237736,-0.31329149860510147
2,-0.6942367999636423,-0.010522147520000953,0.5152292192913729,0.5152292192913729,1.104901002432329
2,-0.6942367999636423,-0.8487080176381008,-0.27045972594259915,-0.2704597259425994,0.20195110069266964
0,0.16178338549731738,-0.7648894306262908,0.18785882544388455,0.18785882544388444,0.02510215571917724
2,1.588483694598917,-1.4354381267207705,-0.9252005136375758,-0.9252005136375762,-0.14324443613058943
3,0.30445341640747736,0.6600265485744788,0.9735477706778566,0.9735477706778567,0.6049626387572634
2,-0.6942367999636423,-1.4354381267207705,2.3485034248373076,2.3485034248373085,-0.3285957342278075
0,-0.5515667690534823,0.534298668056764,-0.13951156840360382,-0.13951156840360396,0.506335342522046
0,-0.6942367999636423,-1.0163451916617208,-0.008563410864608474,-0.008563410864608476,0.737599347487383
0,2.159163818239557,0.534298668056764,-0.07403748963410614,-0.0740374896341065,-1.6872717633991592
0,-0.6942367999636423,-0.38770578907314585,-0.5978301197900875,-0.5978301197900878,0.5284414606437331
0,-0.6942367999636423,-1.2258916591912457,0.4497551405218752,0.4497551405218754,-0.8846496285194622
0,-0.6942367999636423,0.49238937455085896,-1.2525709074850642,-1.2525709074850646,0.17304310007200288
2,0.8751335400481172,1.2467566576571487,-0.13951156840360382,-0.13951156840360396,-1.2553522247138984
2,-0.6942367999636423,-0.9744358981558158,-0.4014078834815945,-0.4014078834815949,0.030203567593412792
3,0.8751335400481172,0.49238937455085896,1.1044959282168518,1.1044959282168523,-0.20956279049564921
2,-0.12355667632300252,0.240933613515429,-1.4489931437935573,-1.4489931437935575,-1.0836046916146413
0,0.5897934782277973,0.6600265485744788,0.18785882544388455,0.18785882544388444,0.25806663130925894
1,0.30445341640747736,-0.09434073453181094,-0.7942523560985805,-0.7942523560985807,1.4398937155071176
1,0.5897934782277973,1.7496681797280087,-0.5978301197900875,-0.5978301197900878,2.074169258537047
1,-0.6942367999636423,1.2467566576571487,-0.4014078834815945,-0.4014078834815949,0.9739647643269542
0,-0.6942367999636423,-0.38770578907314585,-0.13951156840360382,-0.13951156840360396,0.36349581004345594
3,-0.6942367999636423,-1.0582544851676257,1.300918164525345,1.3009181645253451,0.18834733569470896
3,1.303143632778597,0.8276637225980988,0.38428106175237753,0.38428106175237736,0.6712809931223231
0,-0.2662267072331625,-0.3038872020613359,-0.33593380471209683,-0.3359338047120969,-0.542855032945693
3,-0.6942367999636423,0.9953008966217188,-0.13951156840360382,-0.13951156840360396,0.21045345381639535
1,1.588483694598917,-1.4354381267207705,0.5152292192913729,0.5152292192913729,-1.5954463496629225
3,-0.6942367999636423,-1.4354381267207705,1.2354440857558473,1.235444085755847,-1.9168352977397505
0,-0.6942367999636423,-1.4354381267207705,-0.9906745924070736,-0.9906745924070737,-1.9338400039872015
0,-0.12355667632300252,0.8276637225980988,0.18785882544388455,0.18785882544388444,1.5657285417382563
1,0.16178338549731738,0.240933613515429,-1.8418376164105432,-1.8418376164105437,-0.05992137551807879
2,1.7311537255090768,1.0791194836335287,-1.4489931437935573,-1.4489931437935575,1.9160254904357508
0,3.443194096430996,0.49238937455085896,-2.1692080102580316,-2.169208010258032,-0.2231665554936105
3,-0.6942367999636423,-0.13625002803771594,1.2354440857558473,1.235444085755847,-1.049595279119739
2,-0.6942367999636423,-0.7229801371203858,0.7771255343693636,0.7771255343693638,1.0640897074384459
3,0.01911335458715743,-0.8487080176381008,1.497340400833838,1.497340400833838,-0.18235526049972728
1,2.4445038800598766,-0.010522147520000953,-0.13951156840360382,-0.13951156840360396,0.4995334600230657
2,-0.2662267072331625,0.199024320009524,-1.1870968287155665,-1.1870968287155668,-1.6532623509042566
3,-0.6942367999636423,0.8695730161040038,1.2354440857558473,1.235444085755847,-1.2417484597159374
3,-0.6942367999636423,0.199024320009524,1.7592367159118285,1.759236715911829,-0.7758195085357746
2,-0.6942367999636423,1.1210287771394338,-0.27045972594259915,-0.2704597259425994,1.7255727804642977
1,-0.5515667690534823,0.49238937455085896,-0.4014078834815945,-0.4014078834815949,0.24106192506180746
1,-0.6942367999636423,1.3305752446689587,-2.431104325336022,-2.4311043253360225,1.1389104149272313
0,-0.6942367999636423,1.1210287771394338,-1.2525709074850642,-1.2525709074850646,1.028379824318798
2,0.7324635091379572,1.7915774732339136,-0.6633041985595851,-0.6633041985595852,1.40758477363696
3,-0.6942367999636423,0.11520573299771401,-0.07403748963410614,-0.0740374896341065,0.742700759361618
0,-0.12355667632300252,-0.7648894306262908,-0.07403748963410614,-0.0740374896341065,0.9331534693330715
0,1.0178035709582771,0.07329643949180903,-0.5978301197900875,-0.5978301197900878,1.4977097167484517
1,-0.6942367999636423,-1.4354381267207705,-0.6633041985595851,-0.6633041985595852,-0.6210766816839687
0,2.4445038800598766,3.258402745940588,-0.46688196225109213,-0.46688196225109235,-0.20276090799666888
3,0.4471234473176373,-0.09434073453181094,0.5807032980608705,0.5807032980608703,1.4551979511298236
3,1.4458136636887569,0.9953008966217188,0.9080736919083588,0.9080736919083586,1.0589882955642103
0,2.159163818239557,-1.0163451916617208,-0.27045972594259915,-0.2704597259425994,1.1202052380550351
2,-0.40889673814332245,-1.3097102462030557,0.7771255343693636,0.7771255343693638,-1.3539795209491154
0,2.8725139727903564,0.45048008104495396,-0.8597264348680782,-0.8597264348680784,-0.950967982884522
0,0.4471234473176373,-0.2619779085554309,-1.3180449862545618,-1.318044986254562,0.3022788675526317
2,0.30445341640747736,-1.4354381267207705,-0.27045972594259915,-0.2704597259425994,-0.1670510248770212
3,-0.6942367999636423,0.49238937455085896,-1.3180449862545618,-1.318044986254562,0.7001889937429899
3,0.5897934782277973,3.258402745940588,2.28302934606781,2.2830293460678095,0.28017274943094533
0,0.16178338549731738,0.240933613515429,-0.33593380471209683,-0.3359338047120969,-1.3675832859470765
1,-0.6942367999636423,1.0372101901276238,-0.6633041985595851,-0.6633041985595852,1.023278412444563
0,-0.6942367999636423,-0.5134336695908608,-0.07403748963410614,-0.0740374896341065,0.4825287537756149
3,-0.6942367999636423,-1.1839823656853408,1.7592367159118285,1.759236715911829,-1.2383475184664472
2,0.7324635091379572,0.28284290702133397,0.5807032980608705,0.5807032980608703,0.2053520419421598
0,-0.6942367999636423,-1.4354381267207705,-1.2525709074850642,-1.2525709074850646,-0.7486119785398527
0,-0.6942367999636423,-0.6391615501085758,0.6461773768303682,0.6461773768303684,0.4043071050373392
1,0.16178338549731738,0.07329643949180903,-0.9252005136375758,-0.9252005136375762,-1.668566586526963
1,0.01911335458715743,2.1268518212811536,-0.33593380471209683,-0.3359338047120969,-0.49524185545282945
3,1.0178035709582771,0.11520573299771401,1.6282885583728333,1.6282885583728335,-0.6584870354283612
0,1.7311537255090768,0.8695730161040038,-0.5323560410205899,-0.5323560410205898,0.7086913468667156
1,-0.6942367999636423,-0.1781593215436209,-0.5323560410205899,-0.5323560410205898,-1.2162414003447608
1,0.7324635091379572,0.8695730161040038,-0.8597264348680782,-0.8597264348680784,0.8413280555968352
3,0.16178338549731738,-0.13625002803771594,1.4318663220643402,1.4318663220643406,-0.9611708066329928
3,-0.6942367999636423,-0.6391615501085758,1.3663922432948425,1.3663922432948425,-0.9441661003855414
2,-0.6942367999636423,0.03138714598590404,0.2533329042133822,0.2533329042133819,0.15263745257506128
1,-0.6942367999636423,-1.4354381267207705,-1.5144672225630549,-1.5144672225630553,0.3464911037960051
1,-0.6942367999636423,-1.2258916591912457,-0.13951156840360382,-0.13951156840360396,-1.9049320033665345
3,-0.6942367999636423,-0.9325266046499108,-0.4014078834815945,-0.4014078834815949,-0.6465837410551453
1,-0.6942367999636423,-1.2678009526971508,-2.300156167797027,-2.3001561677970273,-1.6872717633991592
0,-0.2662267072331625,0.9953008966217188,-1.710889458871548,-1.7108894588715482,-1.0512957497444841
2,0.5897934782277973,0.7019358420803838,0.8425996131388612,0.8425996131388612,1.3854786555152736
1,-0.6942367999636423,-0.5134336695908608,0.12238474667438687,0.122384746674387,-1.0631990441177
2,-0.6942367999636423,1.0372101901276238,-1.1870968287155665,-1.1870968287155668,0.8770379387164828
3,1.160473601868437,0.36666149403314396,0.7116514555998659,0.7116514555998658,-0.07352514051603946
1,0.30445341640747736,-0.5972522566026708,-0.46688196225109213,-0.46688196225109235,-0.9696731597567182
0,-0.6942367999636423,-0.7229801371203858,-0.4014078834815945,-0.4014078834815949,0.5624508731386354
0,0.01911335458715743,-0.47152437608495584,0.31880698298287985,0.3188069829828799,-0.3779093823454165
1,-0.6942367999636423,1.0791194836335287,-1.3180449862545618,-1.318044986254562,0.3805005162909074
1,-0.6942367999636423,-1.0163451916617208,-1.121622749946069,-1.1216227499460691,-0.8098289210306769
3,-0.6942367999636423,0.240933613515429,1.2354440857558473,1.235444085755847,0.23085910131333698
3,-0.6942367999636423,-1.4354381267207705,0.4497551405218752,0.4497551405218754,-0.6278785641829491
2,-0.6942367999636423,-1.1839823656853408,0.9735477706778566,0.9735477706778567,-0.7843218616595004
1,-0.6942367999636423,-0.13625002803771594,0.5807032980608705,0.5807032980608703,-0.45783150170843695
2,1.7311537255090768,-0.010522147520000953,-0.33593380471209683,-0.3359338047120969,0.6916866406192648
0,2.3018338491497166,0.9114823096099088,1.7592367159118285,1.759236715911829,1.628645954853826
0,1.160473601868437,0.8276637225980988,0.8425996131388612,0.8425996131388612,-0.9356637472618159
3,0.7324635091379572,-0.2619779085554309,0.38428106175237753,0.38428106175237736,-1.0138853960000913
3,-0.6942367999636423,-0.47152437608495584,0.38428106175237753,0.38428106175237736,0.31078122067635744
1,-0.6942367999636423,-1.1839823656853408,-0.33593380471209683,-0.3359338047120969,-1.6090501146608835
2,-0.6942367999636423,-1.2258916591912457,-1.8418376164105432,-1.8418376164105437,-1.498519524052451
2,-0.6942367999636423,0.199024320009524,-0.33593380471209683,-0.3359338047120969,0.20705251256690518
3,-0.6942367999636423,-0.5134336695908608,0.5152292192913729,0.5152292192913729,0.35329298629498546
2,-0.6942367999636423,0.45048008104495396,0.2533329042133822,0.2533329042133819,1.1542146505499373
3,-0.40889673814332245,-0.1781593215436209,0.8425996131388612,0.8425996131388612,0.13733321695235523
2,-0.6942367999636423,-0.2619779085554309,0.2533329042133822,0.2533329042133819,-0.2809825567349446
3,-0.2662267072331625,-0.5972522566026708,1.1699700069863497,1.1699700069863497,0.49103110689934
0,-0.6942367999636423,-1.3935288332148656,-0.13951156840360382,-0.13951156840360396,-1.626054820908335
1,-0.40889673814332245,2.3363982888106785,-0.46688196225109213,-0.46688196225109235,0.20875298319164998
1,-0.6942367999636423,-1.4354381267207705,-0.46688196225109213,-0.46688196225109235,0.2920760438041612
3,-0.6942367999636423,-1.3516195397089608,0.7771255343693636,0.7771255343693638,-1.656663292153747
0,-0.6942367999636423,-1.4354381267207705,-0.9906745924070736,-0.9906745924070737,-0.5921686810633013
0,-0.6942367999636423,1.2886659511630538,-0.13951156840360382,-0.13951156840360396,2.4108624422365814
1,-0.6942367999636423,-0.38770578907314585,-0.20498564717310147,-0.2049856471731014,-0.39151314734337717
2,0.16178338549731738,1.9173053537516287,0.12238474667438687,0.122384746674387,0.5964602856335376
2,-0.6942367999636423,-0.8487080176381008,1.5628144796033356,1.5628144796033354,-1.6532623509042566
0,-0.6942367999636423,-0.052431441025905946,0.6461773768303682,0.6461773768303684,-0.4459282073352211
1,2.8725139727903564,0.45048008104495396,-1.2525709074850642,-1.2525709074850646,-0.36260514672271044
2,-0.6942367999636423,-0.9744358981558158,-1.121622749946069,-1.1216227499460691,1.6983652504683757
1,0.01911335458715743,0.03138714598590404,0.4497551405218752,0.4497551405218754,-1.4441044640606069
1,1.0178035709582771,-0.7648894306262908,-1.1870968287155665,-1.1870968287155668,-1.4219983459389203
1,-0.6942367999636423,-1.4354381267207705,-1.1870968287155665,-1.1870968287155668,-0.4867395023291043
3,-0.6942367999636423,-0.47152437608495584,1.6282885583728333,1.6282885583728335,-1.2502508128396632
0,-0.12355667632300252,0.199024320009524,-0.008563410864608474,-0.008563410864608476,0.8260238199741291
1,-0.6942367999636423,0.6600265485744788,-2.3656302465665244,-2.365630246566525,-0.04971855176960828
2,0.01911335458715743,2.1268518212811536,0.2533329042133822,0.2533329042133819,1.8956198429388098
0,-0.2662267072331625,1.1629380706453387,0.6461773768303682,0.6461773768303684,1.0300802949435435
2,2.4445038800598766,-0.5972522566026708,0.4497551405218752,0.4497551405218754,-0.7026992716717345
1,-0.6942367999636423,0.7857544290921938,-1.056148671176571,-1.0561486711765713,0.6389720512521656
1,-0.40889673814332245,0.9533916031158138,1.3663922432948425,1.3663922432948425,1.222233475539742
1,-0.6942367999636423,0.40857078753904896,-1.4489931437935573,-1.4489931437935575,-0.4765366785806332
3,-0.6942367999636423,-1.0163451916617208,0.4497551405218752,0.4497551405218754,-1.498519524052451
0,-0.40889673814332245,0.7438451355862888,-0.5978301197900875,-0.5978301197900878,-0.0803270230150204
0,-0.6942367999636423,-0.13625002803771594,-0.13951156840360382,-0.13951156840360396,0.3124816913011028
2,0.16178338549731738,0.40857078753904896,1.7592367159118285,1.759236715911829,0.06931439196255064
0,-0.6942367999636423,-0.9325266046499108,-0.9252005136375758,-0.9252005136375762,-0.21806514361937496
0,-0.6942367999636423,1.0791194836335287,0.5152292192913729,0.5152292192913729,1.9415325498069287
2,-0.6942367999636423,1.0791194836335287,-0.07403748963410614,-0.0740374896341065,-0.9169585703896194
3,-0.40889673814332245,-0.9325266046499108,0.5807032980608705,0.5807032980608703,0.35839439816922103
2,-0.6942367999636423,-0.3457964955672409,-0.6633041985595851,-0.6633041985595852,-0.43912632483624076
1,-0.6942367999636423,-0.3457964955672409,-1.056148671176571,-1.0561486711765713,1.0776934724364071
1,-0.6942367999636423,-0.052431441025905946,-1.1870968287155665,-1.1870968287155668,0.2682694550577294
3,0.01911335458715743,0.157115026503619,2.0211330309898194,2.02113303098982,-1.2672555190871142
2,-0.6942367999636423,1.0372101901276238,1.1699700069863497,1.1699700069863497,-0.8336355097771088
0,-0.6942367999636423,0.11520573299771401,0.056910667904889196,0.056910667904888974,-1.2264442240932314
0,0.4471234473176373,1.8334867667398187,-0.13951156840360382,-0.13951156840360396,-0.7248053897934209
0,1.0178035709582771,0.32475220052723897,-2.103733931488534,-2.1037339314885344,-0.18745667237396282
2,0.5897934782277973,1.5401217121984836,-0.46688196225109213,-0.46688196225109235,1.914325019811006
0,-0.6942367999636423,0.240933613515429,0.12238474667438687,0.122384746674387,-0.017409609899450774
1,-0.6942367999636423,-0.5972522566026708,-1.1870968287155665,-1.1870968287155668,1.2783490061563312
3,0.16178338549731738,0.576207961562669,0.9080736919083588,0.9080736919083586,-1.6872717633991592
0,-0.6942367999636423,0.618117255068574,0.12238474667438687,0.122384746674387,0.5624508731386354
3,0.7324635091379572,0.11520573299771401,0.18785882544388455,0.18785882544388444,-1.6753684690259434
3,-0.6942367999636423,0.40857078753904896,1.7592367159118285,1.759236715911829,0.5845569912603218
1,0.01911335458715743,-0.47152437608495584,-0.27045972594259915,-0.2704597259425994,-1.4526068171843325
3,0.5897934782277973,1.5820310057043887,0.18785882544388455,0.18785882544388444,-0.9628712772577379
1,1.303143632778597,0.618117255068574,-1.4489931437935573,-1.4489931437935575,-1.2927625784582912
3,0.5897934782277973,0.7019358420803838,1.7592367159118285,1.759236715911829,0.3124816913011028
3,-0.6942367999636423,-0.8906173111440058,1.3663922432948425,1.3663922432948425,-0.4459282073352211
3,-0.6942367999636423,0.32475220052723897,0.18785882544388455,0.18785882544388444,-0.1993599667471787
3,-0.6942367999636423,-0.3038872020613359,0.5807032980608705,0.5807032980608703,-0.0259119630231765
1,-0.6942367999636423,-1.1420730721794357,-0.07403748963410614,-0.0740374896341065,0.443417929406477
0,-0.6942367999636423,-0.6810708436144808,0.7116514555998659,0.7116514555998658,-0.00890725677572505
0,-0.2662267072331625,-0.1781593215436209,-0.5978301197900875,-0.5978301197900878,0.49613251877357556
2,0.7324635091379572,-0.3038872020613359,0.38428106175237753,0.38428106175237736,-0.28438349798443474
3,-0.6942367999636423,0.7019358420803838,1.6937626371423309,1.6937626371423309,-0.6618879766778513
3,-0.6942367999636423,-1.4354381267207705,-0.07403748963410614,-0.0740374896341065,-1.177130575975623
2,2.159163818239557,0.36666149403314396,-0.7942523560985805,-0.7942523560985807,0.2682694550577294
1,0.5897934782277973,0.28284290702133397,-1.1870968287155665,-1.1870968287155668,0.6423729925016558
1,-0.5515667690534823,0.9114823096099088,-0.4014078834815945,-0.4014078834815949,1.5759313654867273
2,-0.6942367999636423,-1.4354381267207705,-0.6633041985595851,-0.6633041985595852,-0.5921686810633013
3,-0.6942367999636423,0.576207961562669,-0.4014078834815945,-0.4014078834815949,-1.2145409297200154
3,-0.6942367999636423,-1.2678009526971508,1.4318663220643402,1.4318663220643406,-1.1278169278580144
1,0.8751335400481172,0.49238937455085896,-1.3835190650240596,-1.3835190650240599,0.7444012299863633
2,-0.6942367999636423,-1.4354381267207705,-1.3835190650240596,-1.3835190650240599,-1.542731760295824
1,2.159163818239557,0.49238937455085896,-1.1870968287155665,-1.1870968287155668,-1.5580359959185301
1,-0.6942367999636423,-0.9325266046499108,-1.710889458871548,-1.7108894588715482,-1.6396585859062955
3,0.01911335458715743,-0.09434073453181094,0.9735477706778566,0.9735477706778567,0.19855015944317947
2,-0.6942367999636423,-1.3935288332148656,-0.7942523560985805,-0.7942523560985807,-0.8931519816431879
1,-0.6942367999636423,-1.4354381267207705,-0.9906745924070736,-0.9906745924070737,0.6304696981284399
3,-0.6942367999636423,-0.09434073453181094,1.0390218494473542,1.0390218494473542,-0.5207489148240066
2,2.7298439418801967,1.2886659511630538,-1.4489931437935573,-1.4489931437935575,-0.04631761052011811
2,-0.6942367999636423,-0.5134336695908608,0.8425996131388612,0.8425996131388612,0.8039177018524422
0,-0.2662267072331625,0.7019358420803838,0.12238474667438687,0.122384746674387,2.086072552910263
0,-0.6942367999636423,-0.1781593215436209,0.38428106175237753,0.38428106175237736,-0.12623972988313859
0,0.01911335458715743,0.199024320009524,-0.20498564717310147,-0.2049856471731014,-1.217941870969506
0,-0.6942367999636423,1.4982124186925787,-0.5323560410205899,-0.5323560410205898,-1.064899514742445
1,0.30445341640747736,0.36666149403314396,0.38428106175237753,0.38428106175237736,1.6388487786022963
3,-0.6942367999636423,2.2525797017988687,2.086607109759317,2.0866071097593175,2.1540913779000688
0,0.30445341640747736,0.36666149403314396,-0.20498564717310147,-0.2049856471731014,-0.30138820423188617
3,-0.2662267072331625,-0.1781593215436209,0.5807032980608705,0.5807032980608703,-1.7178802346445714
1,-0.6942367999636423,-1.1839823656853408,-1.5144672225630549,-1.5144672225630553,-0.017409609899450774
2,-0.40889673814332245,1.2467566576571487,0.7771255343693636,0.7771255343693638,0.35499345691973083
1,0.7324635091379572,-0.7648894306262908,-0.07403748963410614,-0.0740374896341065,1.1695188861726433
1,-0.6942367999636423,-1.4354381267207705,-0.5978301197900875,-0.5978301197900878,-1.6498614096547664
0,0.01911335458715743,-0.13625002803771594,0.12238474667438687,0.122384746674387,-0.07352514051603946
3,-0.6942367999636423,0.157115026503619,1.5628144796033356,1.5628144796033354,0.4944320481488308
1,-0.12355667632300252,1.2886659511630538,-1.056148671176571,-1.0561486711765713,0.8991440568381693
3,-0.12355667632300252,0.199024320009524,1.0390218494473542,1.0390218494473542,0.827724290598874
0,-0.6942367999636423,0.6600265485744788,-0.07403748963410614,-0.0740374896341065,0.7290969943636573
2,-0.6942367999636423,-1.4354381267207705,0.056910667904889196,0.056910667904888974,-1.486616229679235
3,1.8738237564192368,-1.1839823656853408,2.2175552672983123,2.2175552672983123,-1.0291896316227973
1,-0.2662267072331625,1.2886659511630538,-1.710889458871548,-1.7108894588715482,1.4483960686308432
3,2.4445038800598766,-1.2258916591912457,1.6937626371423309,1.6937626371423309,-0.9424656297607963
0,-0.6942367999636423,-0.9325266046499108,-0.27045972594259915,-0.2704597259425994,-0.39321361796812254
2,-0.6942367999636423,-0.8487080176381008,1.7592367159118285,1.759236715911829,0.2920760438041612
2,-0.6942367999636423,0.36666149403314396,-0.07403748963410614,-0.0740374896341065,-0.5139470323250263
3,1.4458136636887569,-0.8487080176381008,0.2533329042133822,0.2533329042133819,0.31078122067635744
3,-0.2662267072331625,0.9114823096099088,1.0390218494473542,1.0390218494473542,2.065666905413322
2,-0.6942367999636423,0.36666149403314396,1.3663922432948425,1.3663922432948425,-0.6023715048117725
1,-0.6942367999636423,-1.4354381267207705,-0.7287782773290828,-0.7287782773290833,-1.966148945857359
1,-0.6942367999636423,-0.8487080176381008,-1.2525709074850642,-1.2525709074850646,-1.1091117509858182
2,-0.6942367999636423,1.8334867667398187,1.3663922432948425,1.3663922432948425,0.9790661762011897
1,-0.6942367999636423,-1.1420730721794357,-0.5323560410205899,-0.5323560410205898,-1.7365854115167676
0,-0.2662267072331625,1.7496681797280087,-1.121622749946069,-1.1216227499460691,0.7597054656090694
3,-0.6942367999636423,0.40857078753904896,1.300918164525345,1.3009181645253451,0.9552595874547579
2,-0.6942367999636423,-1.3097102462030557,-0.7942523560985805,-0.7942523560985807,-1.9474437689851625
1,-0.40889673814332245,0.28284290702133397,-0.46688196225109213,-0.46688196225109235,-1.5818425846649615
2,-0.12355667632300252,-1.0163451916617208,-1.710889458871548,-1.7108894588715482,-1.6532623509042566
1,-0.6942367999636423,-0.9325266046499108,-1.1870968287155665,-1.1870968287155668,0.7222951118646769
3,-0.40889673814332245,-1.3097102462030557,0.31880698298287985,0.3188069829828799,-1.583543055289707
0,0.01911335458715743,0.9533916031158138,0.2533329042133822,0.2533329042133819,0.15603839382455145
0,1.8738237564192368,-0.5134336695908608,-0.27045972594259915,-0.2704597259425994,0.7410002887368731
2,2.159163818239557,-0.47152437608495584,1.1699700069863497,1.1699700069863497,0.17644404132149305
2,-0.2662267072331625,-0.3038872020613359,0.9735477706778566,0.9735477706778567,-1.2298451653427218
1,-0.2662267072331625,-0.5134336695908608,-0.33593380471209683,-0.3359338047120969,-0.6720908004263224
1,-0.6942367999636423,0.7019358420803838,-0.20498564717310147,-0.2049856471731014,2.669333977197839
3,0.16178338549731738,-0.7648894306262908,0.5152292192913729,0.5152292192913729,-0.12283878863364842
3,-0.6942367999636423,0.9953008966217188,1.0390218494473542,1.0390218494473542,-0.4442277367104763
0,0.30445341640747736,0.40857078753904896,-1.1870968287155665,-1.1870968287155668,-0.5377536210714574
0,-0.6942367999636423,-0.7229801371203858,-0.20498564717310147,-0.2049856471731014,-1.2247437534684862
3,-0.6942367999636423,-0.8067987241321958,0.4497551405218752,0.4497551405218754,-1.090406574113622
3,-0.6942367999636423,-1.2678009526971508,-0.33593380471209683,-0.3359338047120969,-0.5530578566941635
0,-0.6942367999636423,-1.3935288332148656,1.5628144796033356,1.5628144796033354,-2.1021865958369683
1,-0.6942367999636423,-0.7229801371203858,-1.4489931437935573,-1.4489931437935575,0.10162333383270754
0,-0.6942367999636423,-0.9744358981558158,0.31880698298287985,0.3188069829828799,-0.6618879766778513
0,-0.6942367999636423,2.0011239407634385,0.5807032980608705,0.5807032980608703,1.8871174898150846
3,3.443194096430996,0.157115026503619,2.0211330309898194,2.02113303098982,0.251264748810278
2,-0.6942367999636423,-0.010522147520000953,0.7771255343693636,0.7771255343693638,-0.02761243364792128
3,-0.6942367999636423,-1.4354381267207705,1.2354440857558473,1.235444085755847,-1.0274891609980523
0,-0.6942367999636423,-1.2258916591912457,0.31880698298287985,0.3188069829828799,-0.5360531504467126
1,-0.6942367999636423,-1.1001637786735308,-0.4014078834815945,-0.4014078834815949,-0.3234943223535726
3,0.16178338549731738,-0.7229801371203858,-0.46688196225109213,-0.46688196225109235,0.28867510255467105
3,1.0178035709582771,-1.2678009526971508,-0.07403748963410614,-0.0740374896341065,-1.274057401586095
2,-0.6942367999636423,0.7019358420803838,0.2533329042133822,0.2533329042133819,-0.837036451026599
2,-0.6942367999636423,1.7496681797280087,1.1699700069863497,1.1699700069863497,0.9756652349516995
0,-0.6942367999636423,-1.1001637786735308,0.9080736919083588,0.9080736919083586,-0.6720908004263224
0,-0.6942367999636423,-0.42961508257905084,-0.13951156840360382,-0.13951156840360396,-0.6771922123005574
0,-0.6942367999636423,0.199024320009524,-1.2525709074850642,-1.2525709074850646,-0.21806514361937496
0,-0.6942367999636423,-0.1781593215436209,-0.008563410864608474,-0.008563410864608476,-1.5937458790381773
2,-0.5515667690534823,0.534298668056764,-1.121622749946069,-1.1216227499460691,0.5760546381365961
2,2.159163818239557,-1.1420730721794357,-1.3180449862545618,-1.318044986254562,-0.03781525739639239
1,-0.6942367999636423,1.3724845381748638,-1.056148671176571,-1.0561486711765713,2.1404876129021067
3,0.01911335458715743,1.2467566576571487,0.4497551405218752,0.4497551405218754,0.9025449980876594
3,-0.2662267072331625,1.7915774732339136,0.2533329042133822,0.2533329042133819,1.5912356011094333
3,0.16178338549731738,0.11520573299771401,0.18785882544388455,0.18785882544388444,0.008097449471725792
3,-0.6942367999636423,0.07329643949180903,0.7116514555998659,0.7116514555998658,0.11012568695643327
3,1.0178035709582771,0.45048008104495396,0.5152292192913729,0.5152292192913729,-1.318269637829468
2,-0.6942367999636423,-0.2200686150495259,0.9735477706778566,0.9735477706778567,-0.1449449067553348
1,1.588483694598917,1.0372101901276238,-2.693000640414013,-2.693000640414013,-0.4969423260775748
3,1.588483694598917,1.4563031251866738,0.9735477706778566,0.9735477706778567,0.2818732200556907
2,0.8751335400481172,0.32475220052723897,-0.46688196225109213,-0.46688196225109235,0.273370866931965
3,-0.6942367999636423,-0.6810708436144808,0.7116514555998659,0.7116514555998658,0.28017274943094533
3,1.588483694598917,-0.8487080176381008,3.1341923700712795,3.13419237007128,-1.1244159866085242
2,-0.6942367999636423,1.1210287771394338,1.3663922432948425,1.3663922432948425,-0.14834584800482498
0,0.16178338549731738,1.0372101901276238,0.18785882544388455,0.18785882544388444,-0.17215243675125677
3,-0.2662267072331625,0.618117255068574,0.38428106175237753,0.38428106175237736,-1.3080668140809972
0,-0.6942367999636423,-0.47152437608495584,-0.46688196225109213,-0.46688196225109235,0.22405721881435664
3,-0.6942367999636423,-1.3097102462030557,-0.46688196225109213,-0.46688196225109235,-0.3115910279803567
1,0.01911335458715743,0.7857544290921938,-1.5144672225630549,-1.5144672225630553,0.10502427508219771
2,0.01911335458715743,-1.4354381267207705,-1.8418376164105432,-1.8418376164105437,-0.05992137551807879
2,0.01911335458715743,-0.3457964955672409,-1.056148671176571,-1.0561486711765713,0.26656898443298466
0,-0.6942367999636423,-0.9325266046499108,-0.27045972594259915,-0.2704597259425994,0.9535591168300132
1,-0.6942367999636423,0.8276637225980988,-0.7287782773290828,-0.7287782773290833,0.30567980880212187
0,-0.6942367999636423,-1.4354381267207705,-0.9252005136375758,-0.9252005136375762,-1.882825885244848
0,-0.6942367999636423,0.9114823096099088,0.056910667904889196,0.056910667904888974,1.2630447705336252
2,-0.6942367999636423,1.4143938316807687,-0.7287782773290828,-0.7287782773290833,2.159192789774303
3,0.01911335458715743,-1.0163451916617208,0.5807032980608705,0.5807032980608703,-0.12623972988313859
3,1.588483694598917,0.7438451355862888,-0.5978301197900875,-0.5978301197900878,0.34989204504549526
1,-0.6942367999636423,-0.9325266046499108,-0.33593380471209683,-0.3359338047120969,0.22065627756486586
2,-0.6942367999636423,1.3305752446689587,0.9735477706778566,0.9735477706778567,0.13223180507811966
1,0.16178338549731738,0.49238937455085896,-0.008563410864608474,-0.008563410864608476,-0.014008668649960606
0,3.0151840037005164,0.7438451355862888,0.12238474667438687,0.122384746674387,0.7001889937429899
1,-0.40889673814332245,0.07329643949180903,-1.4489931437935573,-1.4489931437935575,0.3345878094227892
2,0.7324635091379572,-1.4354381267207705,-0.33593380471209683,-0.3359338047120969,0.2903755731794158
2,-0.6942367999636423,-1.4354381267207705,1.9556589522203216,1.9556589522203214,-0.8880505697689524
3,1.7311537255090768,-0.2619779085554309,0.4497551405218752,0.4497551405218754,0.9331534693330715
1,-0.6942367999636423,-1.3935288332148656,-0.33593380471209683,-0.3359338047120969,-0.9611708066329928
2,-0.6942367999636423,-0.010522147520000953,1.300918164525345,1.3009181645253451,-1.0563971616187193
1,-0.6942367999636423,-0.9744358981558158,-0.5323560410205899,-0.5323560410205898,-0.1602491423780409
1,-0.5515667690534823,0.240933613515429,-1.1870968287155665,-1.1870968287155668,0.4825287537756149
3,-0.6942367999636423,-1.4354381267207705,1.300918164525345,1.3009181645253451,-1.954245651484143
1,-0.6942367999636423,-0.9744358981558158,-1.8418376164105432,-1.8418376164105437,-1.6039487027866481
0,0.16178338549731738,-0.7648894306262908,-0.46688196225109213,-0.46688196225109235,1.244339593661429
2,-0.6942367999636423,-1.1001637786735308,1.497340400833838,1.497340400833838,-0.9985811603773852
0,-0.40889673814332245,-0.010522147520000953,0.2533329042133822,0.2533329042133819,-1.1261164572332694
0,-0.2662267072331625,0.7438451355862888,-0.46688196225109213,-0.46688196225109235,0.4774273419013793
1,-0.12355667632300252,-0.9744358981558158,-0.9906745924070736,-0.9906745924070737,-1.612451055910374
0,-0.6942367999636423,0.576207961562669,0.38428106175237753,0.38428106175237736,-0.23506984986682639
0,-0.6942367999636423,0.576207961562669,0.38428106175237753,0.38428106175237736,1.5079125404969222
3,-0.6942367999636423,0.11520573299771401,0.5807032980608705,0.5807032980608703,-0.5275507973229869
3,-0.6942367999636423,-1.4354381267207705,-1.121622749946069,-1.1216227499460691,0.3124816913011028
3,-0.6942367999636423,-1.1839823656853408,0.9080736919083588,0.9080736919083586,-0.6210766816839687
1,-0.6942367999636423,0.199024320009524,-1.056148671176571,-1.0561486711765713,0.011498390721216565
2,1.0178035709582771,0.157115026503619,1.890184873450824,1.8901848734508238,-1.0121849253753463
3,-0.2662267072331625,0.618117255068574,0.7116514555998659,0.7116514555998658,-0.17045196612651137
3,1.160473601868437,0.03138714598590404,1.1699700069863497,1.1699700069863497,-1.571639760916491
3,-0.6942367999636423,-0.13625002803771594,0.18785882544388455,0.18785882544388444,0.37880004566616204
3,-0.6942367999636423,-1.4354381267207705,-0.4014078834815945,-0.4014078834815949,-0.9305623353875804
3,-0.6942367999636423,0.240933613515429,1.6282885583728333,1.6282885583728335,0.1849463944452188
1,-0.6942367999636423,1.1210287771394338,-0.5978301197900875,-0.5978301197900878,1.0113751180713473
3,0.4471234473176373,0.07329643949180903,1.2354440857558473,1.235444085755847,-0.7384091547913816
3,1.0178035709582771,2.5459447563402033,1.1044959282168518,1.1044959282168523,1.5249172467443737
0,-0.6942367999636423,0.240933613515429,0.056910667904889196,0.056910667904888974,-1.333573873452174
2,-0.6942367999636423,-0.010522147520000953,0.6461773768303682,0.6461773768303684,0.7222951118646769
3,0.01911335458715743,-1.4354381267207705,1.3663922432948425,1.3663922432948425,-1.1380197516064852
0,-0.6942367999636423,-1.0582544851676257,-0.33593380471209683,-0.3359338047120969,0.10842521633168788
2,1.8738237564192368,1.2886659511630538,-1.4489931437935573,-1.4489931437935575,1.082794884310642
3,-0.6942367999636423,-0.052431441025905946,1.8247107946813264,1.8247107946813264,-0.0480180811448629
3,-0.6942367999636423,-0.9744358981558158,1.7592367159118285,1.759236715911829,-0.06842372864180452
0,-0.6942367999636423,-0.1781593215436209,-1.1870968287155665,-1.1870968287155668,0.742700759361618
3,-0.6942367999636423,0.7857544290921938,0.8425996131388612,0.8425996131388612,-0.44932914858471124
3,2.8725139727903564,1.8334867667398187,0.4497551405218752,0.4497551405218754,0.9977713530733859
1,-0.2662267072331625,-0.13625002803771594,-0.5323560410205899,-0.5323560410205898,0.17984498257098322
2,-0.6942367999636423,-0.13625002803771594,0.31880698298287985,0.3188069829828799,0.36689675129294674
1,-0.6942367999636423,-0.38770578907314585,-0.9252005136375758,-0.9252005136375762,0.9399553518320519
3,1.588483694598917,0.7438451355862888,-1.710889458871548,-1.7108894588715482,1.7085680742168463
2,0.30445341640747736,0.03138714598590404,1.3663922432948425,1.3663922432948425,0.3770995750414172
2,0.16178338549731738,0.03138714598590404,1.890184873450824,1.8901848734508238,0.8362266437225997
3,0.5897934782277973,-1.4354381267207705,-0.7287782773290828,-0.7287782773290833,-0.1789543192502371
0,2.159163818239557,-1.1420730721794357,-0.4014078834815945,-0.4014078834815949,-0.5938691516880468
2,-0.12355667632300252,-0.5972522566026708,0.5807032980608705,0.5807032980608703,1.6388487786022963
0,-0.6942367999636423,-1.0163451916617208,-0.7287782773290828,-0.7287782773290833,0.14073415820184537
0,-0.6942367999636423,-0.5972522566026708,-0.4014078834815945,-0.4014078834815949,-0.07352514051603946
0,0.4471234473176373,0.07329643949180903,-1.056148671176571,-1.0561486711765713,0.5539485200149096
3,-0.40889673814332245,0.9533916031158138,1.1044959282168518,1.1044959282168523,0.22405721881435664
3,2.5871739109700367,2.7974005173756336,1.4318663220643402,1.4318663220643406,-0.42722303046302484
3,-0.6942367999636423,-1.4354381267207705,-0.4014078834815945,-0.4014078834815949,-0.5836663279395756
0,-0.6942367999636423,1.2048473641512438,-0.9252005136375758,-0.9252005136375762,1.9381316085574378
1,-0.40889673814332245,-0.7648894306262908,0.12238474667438687,0.122384746674387,-1.3267719909531934
3,-0.6942367999636423,-1.2258916591912457,1.300918164525345,1.3009181645253451,-0.2469731442400423
0,-0.6942367999636423,1.4143938316807687,-1.5144672225630549,-1.5144672225630553,-1.2434489303406828
1,-0.6942367999636423,-1.4354381267207705,-0.5323560410205899,-0.5323560410205898,-0.1789543192502371
0,0.7324635091379572,-1.4354381267207705,-0.7287782773290828,-0.7287782773290833,-0.3115910279803567
3,-0.6942367999636423,1.0372101901276238,1.497340400833838,1.497340400833838,2.1047777297824593
0,-0.6942367999636423,-1.3097102462030557,0.6461773768303682,0.6461773768303684,-0.40171597109184826
3,0.4471234473176373,0.11520573299771401,1.9556589522203216,1.9556589522203214,0.06591345071305986
3,-0.6942367999636423,-0.42961508257905084,-0.46688196225109213,-0.46688196225109235,0.922950645584601
3,-0.6942367999636423,0.11520573299771401,0.18785882544388455,0.18785882544388444,-1.0155858666248363
0,-0.6942367999636423,1.3305752446689587,-1.056148671176571,-1.0561486711765713,2.0180537279204582
1,-0.6942367999636423,1.3305752446689587,-1.2525709074850642,-1.2525709074850646,-1.3012649315820168
3,-0.2662267072331625,1.6658495927161987,0.8425996131388612,0.8425996131388612,-1.3284724615779389
0,-0.6942367999636423,0.9114823096099088,-0.46688196225109213,-0.46688196225109235,0.38390145754039756
0,-0.6942367999636423,0.240933613515429,-0.20498564717310147,-0.2049856471731014,-0.6941969185480088
3,-0.6942367999636423,-0.8067987241321958,-0.20498564717310147,-0.2049856471731014,-0.21126326112039462
3,-0.40889673814332245,0.36666149403314396,-0.46688196225109213,-0.46688196225109235,-1.3216705790789582
2,-0.6942367999636423,0.28284290702133397,-0.07403748963410614,-0.0740374896341065,-0.7843218616595004
1,-0.5515667690534823,0.618117255068574,-1.056148671176571,-1.0561486711765713,-0.9815764541299341
0,-0.6942367999636423,-0.9325266046499108,0.2533329042133822,0.2533329042133819,0.16454074694827717
3,-0.6942367999636423,-0.3457964955672409,1.0390218494473542,1.0390218494473542,-1.5155242302999021
0,-0.6942367999636423,-1.2678009526971508,-0.33593380471209683,-0.3359338047120969,-0.15854867175329548
2,1.588483694598917,-0.6391615501085758,0.5807032980608705,0.5807032980608703,-0.11433643550992269
2,-0.6942367999636423,1.7077588862221036,1.497340400833838,1.497340400833838,0.8600332324690314
0,-0.6942367999636423,-0.7648894306262908,0.8425996131388612,0.8425996131388612,-1.0002816310021303
1,0.4471234473176373,-0.1781593215436209,-1.2525709074850642,-1.2525709074850646,1.1780212392963691
3,0.7324635091379572,0.7438451355862888,0.18785882544388455,0.18785882544388444,-0.9050552760164038
0,1.8738237564192368,1.0791194836335287,-0.008563410864608474,-0.008563410864608476,0.7086913468667156
0,-0.2662267072331625,0.8276637225980988,0.9735477706778566,0.9735477706778567,1.2851508886553116
1,-0.6942367999636423,-1.4354381267207705,-0.46688196225109213,-0.46688196225109235,-1.9865545933543003
1,0.01911335458715743,0.45048008104495396,-0.4014078834815945,-0.4014078834815949,-1.1958357528478192
2,1.303143632778597,1.0372101901276238,-1.1870968287155665,-1.1870968287155668,0.5879579325098119
3,3.8712041891614764,-0.5134336695908608,2.479451582376303,2.4794515823763033,-1.9440428277356723
3,0.5897934782277973,0.6600265485744788,1.8247107946813264,1.8247107946813264,-0.3541027935989847
1,1.588483694598917,0.32475220052723897,-0.4014078834815945,-0.4014078834815949,1.0181770005703277
2,-0.6942367999636423,-0.6810708436144808,0.4497551405218752,0.4497551405218754,1.3667734786430774
2,1.7311537255090768,0.240933613515429,-1.1870968287155665,-1.1870968287155668,1.2681461824078601
1,-0.6942367999636423,-0.2619779085554309,-0.13951156840360382,-0.13951156840360396,-0.473135737331143
0,0.01911335458715743,0.32475220052723897,-0.7287782773290828,-0.7287782773290833,0.4553212237796929
1,-0.6942367999636423,-0.1781593215436209,-0.9906745924070736,-0.9906745924070737,-1.1839324584746034
0,0.7324635091379572,0.8276637225980988,-1.3835190650240596,-1.3835190650240599,1.244339593661429
1,-0.6942367999636423,-1.3097102462030557,0.056910667904889196,0.056910667904888974,-0.0021053742767447145
2,3.1578540346106765,1.9173053537516287,0.38428106175237753,0.38428106175237736,0.06251250946356969
2,-0.6942367999636423,-0.8067987241321958,-1.6454153801020501,-1.6454153801020504,-0.28268302735968937
0,-0.6942367999636423,-1.4354381267207705,0.5807032980608705,0.5807032980608703,-0.7758195085357746
3,-0.6942367999636423,-0.9744358981558158,1.890184873450824,1.8901848734508238,0.34138969192176954
1,-0.6942367999636423,1.3305752446689587,-0.46688196225109213,-0.46688196225109235,-1.0529962203692291
2,0.30445341640747736,-0.010522147520000953,0.9735477706778566,0.9735477706778567,0.3175831031753378
3,1.7311537255090768,-0.5134336695908608,1.1699700069863497,1.1699700069863497,-0.49184091420333925
1,-0.6942367999636423,-0.3038872020613359,-2.103733931488534,-2.1037339314885344,-1.4883167003039801
1,-0.6942367999636423,-0.1781593215436209,-1.710889458871548,-1.7108894588715482,-1.2791588134603302
1,-0.6942367999636423,0.576207961562669,-1.3835190650240596,-1.3835190650240599,0.9365544105825617
1,3.8712041891614764,0.03138714598590404,-0.27045972594259915,-0.2704597259425994,0.17304310007200288
3,-0.6942367999636423,-1.4354381267207705,0.7116514555998659,0.7116514555998658,-0.7792204497852648
0,-0.6942367999636423,1.0372101901276238,1.3663922432948425,1.3663922432948425,-0.19425855487294316
0,-0.6942367999636423,-1.3516195397089608,-0.9906745924070736,-0.9906745924070737,0.20365157131741501
1,1.0178035709582771,0.199024320009524,-0.7287782773290828,-0.7287782773290833,0.4723259300271438
3,-0.6942367999636423,-0.2200686150495259,0.5807032980608705,0.5807032980608703,0.3175831031753378
3,0.30445341640747736,0.36666149403314396,1.2354440857558473,1.235444085755847,0.6083635800067535
2,0.5897934782277973,0.28284290702133397,0.5152292192913729,0.5152292192913729,-0.12283878863364842
0,0.4471234473176373,-0.5553429630967658,1.300918164525345,1.3009181645253451,-0.15514773050380531
2,-0.6942367999636423,0.6600265485744788,-1.1870968287155665,-1.1870968287155668,-1.6634651746527274
2,0.8751335400481172,2.1268518212811536,1.6937626371423309,1.6937626371423309,2.640425976577173
2,-0.6942367999636423,-0.5553429630967658,1.497340400833838,1.497340400833838,0.011498390721216565
1,-0.2662267072331625,1.2048473641512438,0.4497551405218752,0.4497551405218754,-1.3063663434562522
1,0.30445341640747736,0.03138714598590404,-0.5978301197900875,-0.5978301197900878,-1.3063663434562522
3,0.01911335458715743,-0.1781593215436209,-0.008563410864608474,-0.008563410864608476,1.562327600488766
1,-0.40889673814332245,0.36666149403314396,-0.5323560410205899,-0.5323560410205898,-0.8013265679069512
1,0.16178338549731738,0.8276637225980988,-0.7287782773290828,-0.7287782773290833,0.9246511162093458
3,-0.2662267072331625,1.2886659511630538,1.1044959282168518,1.1044959282168523,-1.0104844547506011
2,1.7311537255090768,-0.38770578907314585,1.6937626371423309,1.6937626371423309,0.35499345691973083
3,-0.6942367999636423,0.9533916031158138,0.5152292192913729,0.5152292192913729,0.9943704118238959
2,-0.6942367999636423,-1.0163451916617208,0.12238474667438687,0.122384746674387,-1.6583637627784922
2,1.303143632778597,0.618117255068574,0.31880698298287985,0.3188069829828799,1.098099119933348
0,0.4471234473176373,1.8753960602457236,-0.9252005136375758,-0.9252005136375762,0.7784106424812656
0,-0.40889673814332245,1.2467566576571487,-0.20498564717310147,-0.2049856471731014,1.6065398367321395
1,-0.6942367999636423,-0.1781593215436209,-0.27045972594259915,-0.2704597259425994,-0.6380813879314196
2,0.4471234473176373,-0.2619779085554309,1.497340400833838,1.497340400833838,0.3294863975485537
2,1.160473601868437,-0.3457964955672409,0.5807032980608705,0.5807032980608703,-0.9730741010062084
3,-0.6942367999636423,-0.8067987241321958,0.056910667904889196,0.056910667904888974,-1.6192529384093544
2,1.7311537255090768,-0.1781593215436209,-0.07403748963410614,-0.0740374896341065,1.2137311224160163
1,-0.6942367999636423,-0.6391615501085758,-1.4489931437935573,-1.4489931437935575,0.37880004566616204
1,-0.40889673814332245,0.36666149403314396,-0.9252005136375758,-0.9252005136375762,1.159316062424173
2,-0.6942367999636423,-1.4354381267207705,-0.008563410864608474,-0.008563410864608476,-1.813106589630298
3,-0.6942367999636423,-1.3097102462030557,1.0390218494473542,1.0390218494473542,-0.28438349798443474
1,-0.6942367999636423,0.40857078753904896,-1.6454153801020501,-1.6454153801020504,-1.13291833973225
1,-0.6942367999636423,-1.4354381267207705,-0.008563410864608474,-0.008563410864608476,-2.0783800070905367
3,1.303143632778597,0.40857078753904896,0.5152292192913729,0.5152292192913729,0.21215392444114073
3,-0.2662267072331625,1.4982124186925787,0.5807032980608705,0.5807032980608703,0.3566939275444756
2,-0.6942367999636423,-1.3097102462030557,-0.07403748963410614,-0.0740374896341065,-1.898130120867554
3,-0.6942367999636423,-1.3097102462030557,-0.008563410864608474,-0.008563410864608476,-0.020810551148940943
2,-0.6942367999636423,2.7135819303638233,-0.27045972594259915,-0.2704597259425994,2.543499150966701
1,-0.6942367999636423,-0.3457964955672409,-0.7942523560985805,-0.7942523560985807,-1.432201169687391
3,-0.6942367999636423,-0.5134336695908608,0.5152292192913729,0.5152292192913729,-1.2961635197077814
3,-0.6942367999636423,-1.0163451916617208,2.28302934606781,2.2830293460678095,-1.4356021109368813
0,-0.6942367999636423,-0.7229801371203858,-1.1870968287155665,-1.1870968287155668,1.2987546536532721
2,0.01911335458715743,0.576207961562669,-1.5799413013325525,-1.579941301332553,-1.1108122216105631
2,-0.6942367999636423,0.240933613515429,0.5152292192913729,0.5152292192913729,1.2783490061563312
0,0.7324635091379572,0.8695730161040038,-0.008563410864608474,-0.008563410864608476,1.728973721713788
3,-0.6942367999636423,-1.3097102462030557,0.18785882544388455,0.18785882544388444,-1.2825597547098204
2,-0.12355667632300252,0.45048008104495396,-0.7287782773290828,-0.7287782773290833,0.4383165175322415
2,-0.12355667632300252,1.0372101901276238,0.9080736919083588,0.9080736919083586,1.6524525436002577
1,0.01911335458715743,-0.8906173111440058,-0.20498564717310147,-0.2049856471731014,-0.190857613623453
1,2.159163818239557,-0.6391615501085758,-1.121622749946069,-1.1216227499460691,0.2257576894391014
1,-0.6942367999636423,-0.3038872020613359,-0.13951156840360382,-0.13951156840360396,0.7546040537348337
0,3.7285341582513163,0.7019358420803838,-0.27045972594259915,-0.2704597259425994,0.3907033400393779
2,-0.40889673814332245,-0.9325266046499108,-0.27045972594259915,-0.2704597259425994,1.152514179925192
0,-0.6942367999636423,-0.5134336695908608,0.2533329042133822,0.2533329042133819,0.4264132231590256
2,-0.6942367999636423,-0.1781593215436209,1.1699700069863497,1.1699700069863497,-0.345600440475259
2,-0.6942367999636423,0.199024320009524,0.7116514555998659,0.7116514555998658,0.06931439196255064
0,0.16178338549731738,0.32475220052723897,-0.07403748963410614,-0.0740374896341065,1.2936532417790374
2,-0.6942367999636423,-1.2678009526971508,0.18785882544388455,0.18785882544388444,-0.8217322154038929
2,0.30445341640747736,-0.5972522566026708,0.2533329042133822,0.2533329042133819,0.2954769850536514
2,2.016493787329397,1.0372101901276238,0.5807032980608705,0.5807032980608703,1.1508137093004471
3,-0.6942367999636423,-0.3038872020613359,-0.008563410864608474,-0.008563410864608476,0.20875298319164998
2,0.01911335458715743,1.0372101901276238,-0.13951156840360382,-0.13951156840360396,0.5199391075200074
0,-0.6942367999636423,-0.09434073453181094,-0.8597264348680782,-0.8597264348680784,-0.20446137862141428
3,-0.6942367999636423,-0.13625002803771594,0.31880698298287985,0.3188069829828799,-1.1363192809817402
2,-0.5515667690534823,-1.1001637786735308,-0.07403748963410614,-0.0740374896341065,-0.8115293916554224
0,1.588483694598917,0.7438451355862888,-0.13951156840360382,-0.13951156840360396,1.2545424174098994
3,-0.12355667632300252,-1.3935288332148656,0.056910667904889196,0.056910667904888974,-0.825133156653383
3,0.16178338549731738,0.40857078753904896,1.1044959282168518,1.1044959282168523,-0.39491408859286736
0,-0.6942367999636423,-0.9325266046499108,-0.13951156840360382,-0.13951156840360396,0.8396275849720898
3,0.7324635091379572,0.45048008104495396,1.4318663220643402,1.4318663220643406,-0.27418067423596426
3,-0.6942367999636423,1.7077588862221036,1.3663922432948425,1.3663922432948425,-0.7809209204100096
0,0.30445341640747736,0.199024320009524,-0.9252005136375758,-0.9252005136375762,0.7069908762419709
3,-0.6942367999636423,-0.1781593215436209,0.38428106175237753,0.38428106175237736,-1.430500699062646
3,0.4471234473176373,-0.5972522566026708,0.5152292192913729,0.5152292192913729,-1.0836046916146413
1,-0.40889673814332245,-0.8906173111440058,-1.3180449862545618,-1.318044986254562,-0.02251102177368633
2,-0.12355667632300252,0.199024320009524,0.38428106175237753,0.38428106175237736,0.7392998181121277
3,1.588483694598917,0.32475220052723897,-0.33593380471209683,-0.3359338047120969,1.217132063665507
0,2.5871739109700367,0.03138714598590404,-0.7287782773290828,-0.7287782773290833,-0.39151314734337717
3,-0.6942367999636423,-1.0163451916617208,-0.5323560410205899,-0.5323560410205898,-1.1567249284786814
2,-0.2662267072331625,0.7438451355862888,0.9080736919083588,0.9080736919083586,0.667880051872833
0,-0.6942367999636423,-0.3038872020613359,-0.27045972594259915,-0.2704597259425994,1.2290353580387223
0,-0.6942367999636423,-0.9744358981558158,-1.2525709074850642,-1.2525709074850646,1.3786767730162932
1,0.01911335458715743,1.3724845381748638,0.5152292192913729,0.5152292192913729,0.31928357380008315
3,3.443194096430996,0.49238937455085896,1.6937626371423309,1.6937626371423309,-0.37450844109592635
2,1.4458136636887569,0.11520573299771401,-0.9252005136375758,-0.9252005136375762,0.2648685138082393
2,-0.40889673814332245,0.8695730161040038,0.5807032980608705,0.5807032980608703,-0.43062397171251504
2,-0.6942367999636423,-0.8487080176381008,-0.008563410864608474,-0.008563410864608476,-0.020810551148940943
3,1.588483694598917,-0.13625002803771594,0.7116514555998659,0.7116514555998658,0.6542762868748717
0,-0.6942367999636423,1.3724845381748638,-1.121622749946069,-1.1216227499460691,0.618566403755224
0,-0.6942367999636423,0.157115026503619,-0.9906745924070736,-0.9906745924070737,1.628645954853826
0,-0.6942367999636423,-1.0163451916617208,-2.300156167797027,-2.3001561677970273,0.9025449980876594
2,-0.6942367999636423,0.618117255068574,0.7116514555998659,0.7116514555998658,0.23085910131333698
2,0.30445341640747736,-0.5972522566026708,0.056910667904889196,0.056910667904888974,-1.3386752853264094
0,-0.6942367999636423,-1.2258916591912457,0.12238474667438687,0.122384746674387,-1.3811870509450375
1,-0.2662267072331625,-0.5972522566026708,-0.7942523560985805,-0.7942523560985807,0.04720827384086364
2,0.8751335400481172,0.8695730161040038,-0.4014078834815945,-0.4014078834815949,1.6575539554744931
1,-0.6942367999636423,-0.3457964955672409,-1.6454153801020501,-1.6454153801020504,0.15263745257506128
2,-0.40889673814332245,0.28284290702133397,0.9735477706778566,0.9735477706778567,0.5896584031345573
2,-0.6942367999636423,-1.4354381267207705,0.8425996131388612,0.8425996131388612,0.09312098070898182
0,-0.6942367999636423,-0.5972522566026708,-0.13951156840360382,-0.13951156840360396,0.6423729925016558
3,-0.6942367999636423,-0.7229801371203858,0.7771255343693636,0.7771255343693638,-0.21976561424412033
1,-0.2662267072331625,0.9114823096099088,-1.5144672225630549,-1.5144672225630553,1.1083019436818191
0,1.0178035709582771,0.576207961562669,-0.7287782773290828,-0.7287782773290833,-1.2077390472210352
2,-0.6942367999636423,-0.2200686150495259,0.056910667904889196,0.056910667904888974,1.147412768050957
3,-0.6942367999636423,-0.3457964955672409,1.497340400833838,1.497340400833838,-1.078503279740406
2,2.4445038800598766,2.2525797017988687,-0.7942523560985805,-0.7942523560985807,0.8328257024731095
0,3.443194096430996,-0.7648894306262908,-1.121622749946069,-1.1216227499460691,0.4298141644085158
3,-0.6942367999636423,-1.1001637786735308,1.4318663220643402,1.4318663220643406,-1.2400479890911924
2,1.303143632778597,-0.3457964955672409,-0.20498564717310147,-0.2049856471731014,-1.231545635967467
1,-0.6942367999636423,-0.6810708436144808,-1.5144672225630549,-1.5144672225630553,-0.11093549426043252
1,-0.2662267072331625,1.4982124186925787,-0.6633041985595851,-0.6633041985595852,-0.8234326860286376
3,1.588483694598917,-0.09434073453181094,0.4497551405218752,0.4497551405218754,-0.3115910279803567
3,2.159163818239557,-0.6391615501085758,1.300918164525345,1.3009181645253451,-0.4408267954609855
3,-0.2662267072331625,0.7857544290921938,-0.6633041985595851,-0.6633041985595852,1.035181706817779
3,-0.6942367999636423,1.4982124186925787,1.0390218494473542,1.0390218494473542,1.7306741923385334
0,-0.6942367999636423,-0.8906173111440058,-0.6633041985595851,-0.6633041985595852,0.8736369974669921
1,-0.6942367999636423,0.28284290702133397,-0.008563410864608474,-0.008563410864608476,-1.0631990441177
2,-0.40889673814332245,0.6600265485744788,-0.008563410864608474,-0.008563410864608476,-1.1788310466003682
2,0.4471234473176373,0.6600265485744788,-0.008563410864608474,-0.008563410864608476,-1.6396585859062955
1,-0.40889673814332245,0.07329643949180903,-0.13951156840360382,-0.13951156840360396,0.23426004256282715
2,-0.6942367999636423,-1.4354381267207705,0.12238474667438687,0.122384746674387,-1.529127995297863
2,-0.6942367999636423,-0.8067987241321958,1.300918164525345,1.3009181645253451,1.0674906486879359
0,-0.6942367999636423,-0.2619779085554309,0.9080736919083588,0.9080736919083586,0.1288308638286295
3,-0.6942367999636423,-0.9325266046499108,-0.008563410864608474,-0.008563410864608476,-0.02761243364792128
0,-0.6942367999636423,0.7857544290921938,-1.2525709074850642,-1.2525709074850646,2.0486621991658702
1,-0.6942367999636423,-0.9325266046499108,-1.3835190650240596,-1.3835190650240599,-0.039515728021137175
3,0.16178338549731738,0.7438451355862888,0.9080736919083588,0.9080736919083586,1.5674290123630017
0,-0.6942367999636423,0.03138714598590404,0.31880698298287985,0.3188069829828799,0.5369438137674588
1,-0.6942367999636423,0.28284290702133397,-1.056148671176571,-1.0561486711765713,0.40770804628682933
3,-0.6942367999636423,-0.1781593215436209,-0.4014078834815945,-0.4014078834815949,0.8362266437225997
0,-0.6942367999636423,-1.3935288332148656,0.7771255343693636,0.7771255343693638,0.25806663130925894
2,0.16178338549731738,0.8695730161040038,-1.710889458871548,-1.7108894588715482,0.40770804628682933
1,-0.2662267072331625,-0.47152437608495584,1.0390218494473542,1.0390218494473542,0.2818732200556907
1,-0.6942367999636423,-0.3457964955672409,-1.121622749946069,-1.1216227499460691,0.463823576903418
1,-0.6942367999636423,-1.2678009526971508,-0.008563410864608474,-0.008563410864608476,-0.3285957342278075
0,-0.6942367999636423,-0.3457964955672409,1.2354440857558473,1.235444085755847,-0.5530578566941635
3,-0.6942367999636423,-0.8487080176381008,1.5628144796033356,1.5628144796033354,-0.33879855797627867
2,-0.6942367999636423,0.9114823096099088,1.3663922432948425,1.3663922432948425,1.137209944302486
2,0.01911335458715743,-0.38770578907314585,1.1044959282168518,1.1044959282168523,-1.527427524673118
1,-0.6942367999636423,2.1268518212811536,-0.5323560410205899,-0.5323560410205898,1.4943087754989615
1,0.8751335400481172,1.5401217121984836,-0.33593380471209683,-0.3359338047120969,1.3531697136451162
0,-0.6942367999636423,-0.47152437608495584,-0.33593380471209683,-0.3359338047120969,0.710391817491461
0,-0.6942367999636423,-0.13625002803771594,0.9080736919083588,0.9080736919083586,0.36179533941871117
2,-0.2662267072331625,1.9173053537516287,-0.008563410864608474,-0.008563410864608476,1.05558735431472
1,-0.40889673814332245,0.157115026503619,-0.46688196225109213,-0.46688196225109235,-1.4151964634399399
2,-0.6942367999636423,0.11520573299771401,-1.1870968287155665,-1.1870968287155668,0.5284414606437331
3,-0.6942367999636423,-0.6810708436144808,1.1044959282168518,1.1044959282168523,-0.23847079111631656
3,-0.6942367999636423,-0.9744358981558158,1.0390218494473542,1.0390218494473542,-0.570062562941615
0,1.8738237564192368,0.8695730161040038,0.31880698298287985,0.3188069829828799,0.4995334600230657
1,-0.6942367999636423,-1.1420730721794357,-1.056148671176571,-1.0561486711765713,-0.5751639748158505
1,-0.6942367999636423,1.6239402992102936,-0.33593380471209683,-0.3359338047120969,-0.6363809173066748
3,2.7298439418801967,1.5820310057043887,0.056910667904889196,0.056910667904888974,0.506335342522046
2,0.5897934782277973,-0.052431441025905946,0.7116514555998659,0.7116514555998658,0.03190403821815758
0,0.8751335400481172,-1.2678009526971508,1.3663922432948425,1.3663922432948425,-0.4884399729538491
0,-0.6942367999636423,0.28284290702133397,-0.008563410864608474,-0.008563410864608476,1.414386656135941
3,-0.6942367999636423,-1.0582544851676257,0.5807032980608705,0.5807032980608703,-0.4408267954609855
2,-0.6942367999636423,0.32475220052723897,1.0390218494473542,1.0390218494473542,-0.010607727400470437
0,-0.6942367999636423,-0.5972522566026708,0.18785882544388455,0.18785882544388444,0.8056181724771876
3,0.7324635091379572,-0.09434073453181094,2.2175552672983123,2.2175552672983123,0.0046965082222356225
2,1.588483694598917,0.28284290702133397,-0.9252005136375758,-0.9252005136375762,-1.2791588134603302
0,0.01911335458715743,0.199024320009524,0.5807032980608705,0.5807032980608703,1.4398937155071176
3,-0.6942367999636423,-1.0163451916617208,0.9735477706778566,0.9735477706778567,-0.41872067733929913
0,0.01911335458715743,-0.7648894306262908,0.5807032980608705,0.5807032980608703,-0.20616184924615905
0,-0.6942367999636423,-1.4354381267207705,-0.33593380471209683,-0.3359338047120969,-0.6941969185480088
3,-0.6942367999636423,-1.1420730721794357,1.6282885583728333,1.6282885583728335,-0.5785649160653407
1,0.30445341640747736,-0.8906173111440058,-1.3180449862545618,-1.318044986254562,-0.2673787917369833
0,-0.6942367999636423,-0.5134336695908608,-0.6633041985595851,-0.6633041985595852,1.3752758317668032
0,0.30445341640747736,-0.8906173111440058,1.0390218494473542,1.0390218494473542,1.4160871267606858
2,-0.6942367999636423,0.9533916031158138,0.7771255343693636,0.7771255343693638,1.0963986493086033
2,-0.6942367999636423,-0.5134336695908608,0.4497551405218752,0.4497551405218754,-0.11263596488517731
1,0.16178338549731738,-0.7229801371203858,-0.9252005136375758,-0.9252005136375762,-1.5665383490422555
3,-0.6942367999636423,-0.42961508257905084,-0.46688196225109213,-0.46688196225109235,-0.0922303173882363
1,0.30445341640747736,0.36666149403314396,0.18785882544388455,0.18785882544388444,-1.2842602253345654
0,-0.6942367999636423,-1.1420730721794357,-0.13951156840360382,-0.13951156840360396,-0.8778477460204819
3,-0.6942367999636423,-0.9325266046499108,1.7592367159118285,1.759236715911829,-1.598847290912413
3,-0.40889673814332245,1.4143938316807687,-0.33593380471209683,-0.3359338047120969,-0.852340686649305
1,-0.12355667632300252,1.6658495927161987,-0.5323560410205899,-0.5323560410205898,-1.277458342835585
2,-0.6942367999636423,-0.9325266046499108,0.2533329042133822,0.2533329042133819,0.6712809931223231
1,-0.2662267072331625,1.4563031251866738,-0.7287782773290828,-0.7287782773290833,0.39750522253835885
3,0.5897934782277973,-0.09434073453181094,0.31880698298287985,0.3188069829828799,1.592936071734178
2,-0.6942367999636423,0.534298668056764,-0.5978301197900875,-0.5978301197900878,-0.4323244423372604
3,-0.2662267072331625,-1.1420730721794357,0.7116514555998659,0.7116514555998658,-0.6737912710510672
3,-0.6942367999636423,-1.3935288332148656,0.9735477706778566,0.9735477706778567,-2.0426701239708893
3,-0.6942367999636423,-0.6810708436144808,0.7116514555998659,0.7116514555998658,0.2597671019340037
1,-0.2662267072331625,0.199024320009524,-1.6454153801020501,-1.6454153801020504,0.518238636895262
1,-0.6942367999636423,-0.5134336695908608,-0.4014078834815945,-0.4014078834815949,1.1542146505499373
3,-0.6942367999636423,0.9114823096099088,0.7771255343693636,0.7771255343693638,-0.4425272660857309
2,-0.6942367999636423,-0.7648894306262908,-1.3180449862545618,-1.318044986254562,-1.302965402206762
0,-0.6942367999636423,-1.2258916591912457,-0.4014078834815945,-0.4014078834815949,-0.275881144860709
2,-0.2662267072331625,0.9533916031158138,-0.5323560410205899,-0.5323560410205898,-0.7588148022883232
3,0.7324635091379572,0.32475220052723897,-0.07403748963410614,-0.0740374896341065,0.4468188706559672
1,1.588483694598917,0.8695730161040038,-1.5799413013325525,-1.579941301332553,0.5471466375159293
1,1.8738237564192368,-0.5972522566026708,-0.33593380471209683,-0.3359338047120969,-0.1364425536316091
3,-0.6942367999636423,-0.7648894306262908,-0.4014078834815945,-0.4014078834815949,0.10162333383270754
3,-0.6942367999636423,-1.1839823656853408,2.413977503606805,2.4139775036068056,-1.0155858666248363
0,0.30445341640747736,1.3724845381748638,-0.27045972594259915,-0.2704597259425994,1.5589266592392759
3,-0.6942367999636423,0.7019358420803838,1.890184873450824,1.8901848734508238,1.4262899505091562
0,1.588483694598917,0.9953008966217188,-1.3180449862545618,-1.318044986254562,1.3157593599007238
3,-0.6942367999636423,-0.5972522566026708,1.8247107946813264,1.8247107946813264,-0.39321361796812254
2,-0.6942367999636423,0.36666149403314396,1.5628144796033356,1.5628144796033354,-0.04461713989537273
0,-0.6942367999636423,-0.6391615501085758,-0.07403748963410614,-0.0740374896341065,0.7563045243595792
3,-0.6942367999636423,-0.3038872020613359,0.31880698298287985,0.3188069829828799,0.5080358131467915
3,-0.2662267072331625,1.9173053537516287,1.4318663220643402,1.4318663220643406,0.9518586462052678
3,0.01911335458715743,0.199024320009524,2.2175552672983123,2.2175552672983123,-0.19255808424819837
0,0.01911335458715743,-0.3457964955672409,0.2533329042133822,0.2533329042133819,-0.17215243675125677
2,-0.5515667690534823,1.1629380706453387,-1.8418376164105432,-1.8418376164105437,1.0164765299455822
2,-0.6942367999636423,-1.3935288332148656,0.4497551405218752,0.4497551405218754,0.32778592692380887
2,0.7324635091379572,0.7857544290921938,1.890184873450824,1.8901848734508238,1.604839366107394
1,-0.6942367999636423,-1.1420730721794357,-0.27045972594259915,-0.2704597259425994,-0.4034164417165931
0,0.16178338549731738,1.1629380706453387,-0.9906745924070736,-0.9906745924070737,-1.1941352822230742
2,0.4471234473176373,1.2048473641512438,0.31880698298287985,0.3188069829828799,-0.024211492398431112
1,0.8751335400481172,0.576207961562669,-0.5978301197900875,-0.5978301197900878,0.3022788675526317
1,-0.6942367999636423,1.5820310057043887,-1.056148671176571,-1.0561486711765713,0.5726536968871059
3,-0.6942367999636423,-0.052431441025905946,1.5628144796033356,1.5628144796033354,0.45021981190545735
0,-0.2662267072331625,1.6658495927161987,-0.7942523560985805,-0.7942523560985807,-0.09393078801298108
0,-0.6942367999636423,-1.3935288332148656,0.7116514555998659,0.7116514555998658,-1.5104228184256665
3,-0.5515667690534823,1.3724845381748638,-0.7942523560985805,-0.7942523560985807,1.232436299288213
1,-0.6942367999636423,0.576207961562669,-0.27045972594259915,-0.2704597259425994,0.38730239878988776
2,-0.6942367999636423,0.36666149403314396,0.12238474667438687,0.122384746674387,-0.30478914548137637
3,1.0178035709582771,1.1210287771394338,1.7592367159118285,1.759236715911829,0.9025449980876594
2,-0.6942367999636423,-0.42961508257905084,0.5807032980608705,0.5807032980608703,-0.017409609899450774
2,0.01911335458715743,-1.4354381267207705,0.5152292192913729,0.5152292192913729,0.5301419312684779
2,-0.6942367999636423,-0.42961508257905084,0.12238474667438687,0.122384746674387,-1.104010339111583
2,0.01911335458715743,-0.2200686150495259,0.18785882544388455,0.18785882544388444,-1.6311562327825702
2,-0.6942367999636423,-1.1001637786735308,-0.27045972594259915,-0.2704597259425994,-0.4000155004671029
3,-0.6942367999636423,-0.8906173111440058,0.7116514555998659,0.7116514555998658,-0.06332231676756896
3,-0.6942367999636423,-0.1781593215436209,2.086607109759317,2.0866071097593175,0.07611627446153098
1,-0.6942367999636423,-0.9325266046499108,0.4497551405218752,0.4497551405218754,-0.5819658573148309
1,1.8738237564192368,0.03138714598590404,-0.46688196225109213,-0.46688196225109235,0.5828565206355769
2,-0.6942367999636423,-0.47152437608495584,1.1044959282168518,1.1044959282168523,0.5165381662705172
0,-0.6942367999636423,-0.3457964955672409,-2.234682089027529,-2.2346820890275296,0.3124816913011028
1,1.160473601868437,0.32475220052723897,-1.2525709074850642,-1.2525709074850646,0.4825287537756149
2,-0.6942367999636423,-1.3935288332148656,-0.13951156840360382,-0.13951156840360396,-1.1703286934766424
2,-0.6942367999636423,0.7019358420803838,0.9080736919083588,0.9080736919083586,1.7629831342086901
1,2.8725139727903564,0.6600265485744788,1.0390218494473542,1.0390218494473542,0.0046965082222356225
3,0.7324635091379572,1.7915774732339136,0.7771255343693636,0.7771255343693638,1.7952920760788478
1,1.0178035709582771,2.0011239407634385,-0.27045972594259915,-0.2704597259425994,-1.1822319878498582
2,0.01911335458715743,-0.8067987241321958,-0.07403748963410614,-0.0740374896341065,-0.6873950360490285
0,-0.12355667632300252,0.03138714598590404,-0.9252005136375758,-0.9252005136375762,1.3429668898966456
1,-0.6942367999636423,0.07329643949180903,0.056910667904889196,0.056910667904888974,-0.7707180966615391
0,-0.2662267072331625,-0.2619779085554309,0.056910667904889196,0.056910667904888974,0.6729814637470679
3,0.01911335458715743,0.45048008104495396,0.9080736919083588,0.9080736919083586,0.7171936999904414
0,0.01911335458715743,1.6658495927161987,-0.46688196225109213,-0.46688196225109235,2.3785535003664244
2,1.4458136636887569,0.9533916031158138,-0.008563410864608474,-0.008563410864608476,-0.9169585703896194
1,-0.6942367999636423,-0.9744358981558158,0.056910667904889196,0.056910667904888974,-0.25887643861325815
0,2.5871739109700367,2.7974005173756336,-0.20498564717310147,-0.2049856471731014,0.603262168132518
2,1.4458136636887569,0.9533916031158138,0.9735477706778566,0.9735477706778567,0.16794168819776734
3,0.5897934782277973,1.3724845381748638,0.12238474667438687,0.122384746674387,1.6422497198517871
3,0.5897934782277973,0.6600265485744788,1.0390218494473542,1.0390218494473542,-1.148222575354956
0,-0.6942367999636423,-0.8906173111440058,0.12238474667438687,0.122384746674387,-0.11263596488517731
1,-0.6942367999636423,-0.8067987241321958,-0.5978301197900875,-0.5978301197900878,0.5947598150087928
3,-0.6942367999636423,-0.3038872020613359,0.4497551405218752,0.4497551405218754,-0.7265058604181663
0,-0.6942367999636423,2.2106704082929634,0.2533329042133822,0.2533329042133819,1.1916250042943297
3,-0.6942367999636423,-0.1781593215436209,0.6461773768303682,0.6461773768303684,-0.5853667985643211
3,-0.6942367999636423,-1.2258916591912457,1.1044959282168518,1.1044959282168523,-0.7843218616595004
3,1.303143632778597,0.7438451355862888,2.2175552672983123,2.2175552672983123,0.6865852287450293
3,-0.6942367999636423,1.0372101901276238,-0.5978301197900875,-0.5978301197900878,-1.1278169278580144
0,0.4471234473176373,-0.13625002803771594,0.4497551405218752,0.4497551405218754,0.48422922440035965
2,-0.6942367999636423,-1.4354381267207705,0.056910667904889196,0.056910667904888974,-1.9865545933543003
3,0.8751335400481172,-0.6391615501085758,-0.008563410864608474,-0.008563410864608476,-0.16535055425227643
3,-0.6942367999636423,-0.42961508257905084,0.7116514555998659,0.7116514555998658,-1.1652272816024072
3,-0.6942367999636423,0.534298668056764,1.497340400833838,1.497340400833838,0.3209840444248279
0,0.4471234473176373,0.6600265485744788,0.6461773768303682,0.6461773768303684,-0.1024331411367068
1,0.16178338549731738,1.4982124186925787,-1.3180449862545618,-1.318044986254562,0.6253682862542049
1,-0.6942367999636423,-1.0163451916617208,-1.121622749946069,-1.1216227499460691,-1.1788310466003682
0,0.16178338549731738,-0.7229801371203858,-1.121622749946069,-1.1216227499460691,-0.4782371492053786
2,-0.6942367999636423,-1.0582544851676257,1.2354440857558473,1.235444085755847,-0.4680343254569075
2,-0.2662267072331625,-0.1781593215436209,-0.20498564717310147,-0.2049856471731014,-0.797925626657461
0,-0.6942367999636423,-1.2258916591912457,0.18785882544388455,0.18785882544388444,-0.06672325801705913
3,-0.6942367999636423,-1.4354381267207705,1.9556589522203216,1.9556589522203214,-0.19425855487294316
3,-0.12355667632300252,0.9533916031158138,0.8425996131388612,0.8425996131388612,-0.4340249129620052
0,-0.40889673814332245,0.9533916031158138,-1.056148671176571,-1.0561486711765713,1.5079125404969222
3,0.7324635091379572,0.11520573299771401,-0.33593380471209683,-0.3359338047120969,-1.319970108454213
3,-0.6942367999636423,-1.3516195397089608,-1.1870968287155665,-1.1870968287155668,-0.303088674856631
3,-0.6942367999636423,-0.8487080176381008,0.6461773768303682,0.6461773768303684,0.05401015633984458
3,-0.6942367999636423,-1.4354381267207705,1.890184873450824,1.8901848734508238,0.2682694550577294
3,5.297904498263076,-1.3097102462030557,0.7116514555998659,0.7116514555998658,-2.136196008331871
2,2.4445038800598766,-0.010522147520000953,1.3663922432948425,1.3663922432948425,-1.3522790503243702
2,0.5897934782277973,1.0372101901276238,0.31880698298287985,0.3188069829828799,-0.03271384552215684
0,1.4458136636887569,0.199024320009524,-0.46688196225109213,-0.46688196225109235,-1.3131682259552324
0,-0.12355667632300252,-0.42961508257905084,-0.5978301197900875,-0.5978301197900878,-1.445804934685352
3,-0.6942367999636423,0.36666149403314396,0.9735477706778566,0.9735477706778567,-1.0444938672455035
3,-0.2662267072331625,-1.4354381267207705,1.2354440857558473,1.235444085755847,0.006396978846981009
1,-0.6942367999636423,-0.9325266046499108,-0.7942523560985805,-0.7942523560985807,0.45362075315494754
2,1.8738237564192368,-0.6810708436144808,-0.5978301197900875,-0.5978301197900878,0.04210686196662868
3,-0.6942367999636423,-1.4354381267207705,0.7116514555998659,0.7116514555998658,-0.00890725677572505
2,0.16178338549731738,0.240933613515429,-1.121622749946069,-1.1216227499460691,-1.105710809736328
3,-0.6942367999636423,-0.7229801371203858,0.8425996131388612,0.8425996131388612,1.2205330049149972
3,-0.6942367999636423,-1.1420730721794357,-0.27045972594259915,-0.2704597259425994,0.03530497946764775
3,-0.6942367999636423,0.9953008966217188,0.056910667904889196,0.056910667904888974,1.5810327773609623
1,2.5871739109700367,1.0791194836335287,-1.7763635376410456,-1.7763635376410458,0.09822239258321737
1,0.16178338549731738,0.11520573299771401,-0.7287782773290828,-0.7287782773290833,0.4587221650291831
2,0.7324635091379572,-0.2619779085554309,-1.056148671176571,-1.0561486711765713,-0.7163030366696952
1,0.5897934782277973,0.534298668056764,-0.8597264348680782,-0.8597264348680784,1.116804296805545
2,-0.6942367999636423,1.8334867667398187,-1.6454153801020501,-1.6454153801020504,0.7580049949843239
2,-0.6942367999636423,-0.1781593215436209,0.9735477706778566,0.9735477706778567,-0.11433643550992269
3,-0.5515667690534823,0.36666149403314396,2.1520811885288147,2.1520811885288147,0.16454074694827717
2,0.4471234473176373,-0.8067987241321958,0.2533329042133822,0.2533329042133819,-0.6210766816839687
1,0.01911335458715743,-1.4354381267207705,-1.4489931437935573,-1.4489931437935575,-1.6498614096547664
0,-0.6942367999636423,-0.1781593215436209,0.5152292192913729,0.5152292192913729,0.25806663130925894
2,-0.6942367999636423,-1.1001637786735308,-0.33593380471209683,-0.3359338047120969,-1.1244159866085242
2,-0.12355667632300252,-1.2258916591912457,0.5152292192913729,0.5152292192913729,-0.5785649160653407
0,-0.40889673814332245,-0.13625002803771594,-0.27045972594259915,-0.2704597259425994,-0.2010604373719235
3,-0.6942367999636423,-0.052431441025905946,1.1699700069863497,1.1699700069863497,-0.15344725987906055
1,0.5897934782277973,-1.1420730721794357,0.2533329042133822,0.2533329042133819,-0.6193762110592232
0,-0.6942367999636423,0.576207961562669,-1.710889458871548,-1.7108894588715482,0.12713039320388472
1,1.0178035709582771,-0.7648894306262908,0.2533329042133822,0.2533329042133819,0.14413509945133554
0,-0.6942367999636423,-0.8906173111440058,0.12238474667438687,0.122384746674387,0.6593776987491072
2,3.8712041891614764,-0.5134336695908608,1.890184873450824,1.8901848734508238,-0.9577698653835023
2,0.16178338549731738,-1.1839823656853408,-0.008563410864608474,-0.008563410864608476,-2.1004861252122233
0,-0.6942367999636423,-0.38770578907314585,0.38428106175237753,0.38428106175237736,0.5624508731386354
1,-0.2662267072331625,-1.4354381267207705,-0.5978301197900875,-0.5978301197900878,-0.6499846823046355
0,-0.6942367999636423,-1.4354381267207705,-0.6633041985595851,-0.6633041985595852,-0.6482842116798906
1,-0.6942367999636423,-0.2200686150495259,-1.710889458871548,-1.7108894588715482,-1.2077390472210352
2,-0.6942367999636423,0.199024320009524,1.300918164525345,1.3009181645253451,0.28527416130518085
2,-0.6942367999636423,-0.2200686150495259,1.1699700069863497,1.1699700069863497,-0.5598597391931445
1,-0.6942367999636423,1.0791194836335287,-0.4014078834815945,-0.4014078834815949,0.6338706393779301
0,-0.6942367999636423,0.36666149403314396,0.056910667904889196,0.056910667904888974,-0.7367086841666368
1,-0.6942367999636423,-0.052431441025905946,-1.121622749946069,-1.1216227499460691,-1.163526810977662
2,-0.6942367999636423,-0.5134336695908608,1.5628144796033356,1.5628144796033354,0.6644791106233429
3,-0.6942367999636423,-0.5972522566026708,1.4318663220643402,1.4318663220643406,0.09142051008423703
3,1.588483694598917,0.8695730161040038,1.7592367159118285,1.759236715911829,2.1098791416566947
3,-0.6942367999636423,-0.8067987241321958,0.4497551405218752,0.4497551405218754,-0.6363809173066748
2,2.016493787329397,-0.7648894306262908,1.2354440857558473,1.235444085755847,-0.6142747991849884
2,-0.6942367999636423,-1.4354381267207705,-1.710889458871548,-1.7108894588715482,-1.1295173984827596
0,-0.6942367999636423,-0.6391615501085758,-0.9906745924070736,-0.9906745924070737,0.6627786399985974
1,-0.2662267072331625,-0.1781593215436209,-1.5144672225630549,-1.5144672225630553,0.07611627446153098
1,-0.6942367999636423,-1.1001637786735308,-1.121622749946069,-1.1216227499460691,-0.6397818585561649
2,-0.6942367999636423,-0.5134336695908608,1.1699700069863497,1.1699700069863497,0.3805005162909074
2,0.01911335458715743,0.8276637225980988,-0.008563410864608474,-0.008563410864608476,-1.0802037503651511
3,-0.6942367999636423,-1.4354381267207705,-0.9252005136375758,-0.9252005136375762,-0.46973479608165286
0,-0.12355667632300252,0.618117255068574,0.4497551405218752,0.4497551405218754,1.5555257179897857
0,4.727224374622436,0.32475220052723897,-0.7942523560985805,-0.7942523560985807,0.6746819343718133
0,-0.6942367999636423,-0.42961508257905084,-0.008563410864608474,-0.008563410864608476,-0.20446137862141428
3,4.013874220071636,-0.38770578907314585,0.9080736919083588,0.9080736919083586,0.513137225021027
0,-0.6942367999636423,-1.4354381267207705,0.8425996131388612,0.8425996131388612,-0.4986427967023196
2,2.3018338491497166,-1.3097102462030557,1.497340400833838,1.497340400833838,-0.9441661003855414
0,0.4471234473176373,-0.8487080176381008,0.056910667904889196,0.056910667904888974,-0.4000155004671029
3,-0.6942367999636423,-1.4354381267207705,0.8425996131388612,0.8425996131388612,0.5267409900189877
1,-0.5515667690534823,0.03138714598590404,-0.27045972594259915,-0.2704597259425994,0.9892689999496609
0,0.01911335458715743,1.3724845381748638,-0.20498564717310147,-0.2049856471731014,2.759458920309331
2,-0.2662267072331625,-0.052431441025905946,-0.4014078834815945,-0.4014078834815949,-1.3556799915738604
3,0.8751335400481172,1.2467566576571487,-0.27045972594259915,-0.2704597259425994,0.9603609993289935
0,0.4471234473176373,-0.1781593215436209,-0.13951156840360382,-0.13951156840360396,-0.3200933811040824
0,0.4471234473176373,0.9953008966217188,-0.6633041985595851,-0.6633041985595852,-1.0665999853671901
2,0.30445341640747736,-1.3516195397089608,1.7592367159118285,1.759236715911829,0.5811560500108316
0,0.7324635091379572,1.2048473641512438,0.18785882544388455,0.18785882544388444,1.6218440723548455
3,-0.6942367999636423,-1.4354381267207705,0.18785882544388455,0.18785882544388444,-0.16194961300278626
2,0.16178338549731738,-0.13625002803771594,1.2354440857558473,1.235444085755847,-0.024211492398431112
1,0.30445341640747736,-1.4354381267207705,-0.4014078834815945,-0.4014078834815949,-0.0905298467634909
2,-0.6942367999636423,-0.2200686150495259,-1.5144672225630549,-1.5144672225630553,0.4570216944044377
1,-0.6942367999636423,0.11520573299771401,0.2533329042133822,0.2533329042133819,0.7120922881162057
3,-0.6942367999636423,-0.052431441025905946,1.300918164525345,1.3009181645253451,-0.20616184924615905
3,-0.2662267072331625,-1.0163451916617208,0.7116514555998659,0.7116514555998658,-1.3539795209491154
3,0.30445341640747736,-1.1001637786735308,0.6461773768303682,0.6461773768303684,-0.9781755128804439
3,-0.6942367999636423,0.36666149403314396,0.5152292192913729,0.5152292192913729,-0.36260514672271044
0,-0.6942367999636423,-1.1001637786735308,-1.3835190650240596,-1.3835190650240599,-0.500343267327065
1,-0.6942367999636423,-1.4354381267207705,-2.3656302465665244,-2.365630246566525,-1.1550244578539364
0,-0.12355667632300252,0.45048008104495396,-1.5799413013325525,-1.579941301332553,0.1713426294472575
3,1.4458136636887569,-0.2619779085554309,0.6461773768303682,0.6461773768303684,0.1475360407008257
3,-0.6942367999636423,-0.38770578907314585,-0.5323560410205899,-0.5323560410205898,0.6899861699945193
3,0.16178338549731738,1.2467566576571487,0.056910667904889196,0.056910667904888974,1.6677567792229637
2,0.8751335400481172,-1.3516195397089608,3.068718291301782,3.0687182913017828,-1.0955079859878571
1,-0.12355667632300252,0.7438451355862888,0.12238474667438687,0.122384746674387,1.7935916054541023
3,-0.6942367999636423,-1.4354381267207705,0.9080736919083588,0.9080736919083586,-0.5717630335663604
3,-0.12355667632300252,-0.052431441025905946,0.9735477706778566,0.9735477706778567,-0.5853667985643211
3,-0.5515667690534823,0.6600265485744788,1.0390218494473542,1.0390218494473542,0.30567980880212187
1,3.0151840037005164,-0.8067987241321958,-0.9252005136375758,-0.9252005136375762,0.49783298939832094
1,-0.6942367999636423,-0.8067987241321958,0.4497551405218752,0.4497551405218754,0.7835120543555011
2,2.3018338491497166,0.9114823096099088,-0.008563410864608474,-0.008563410864608476,-0.5530578566941635
0,0.8751335400481172,-0.3457964955672409,-0.20498564717310147,-0.2049856471731014,-0.1347420830068643
1,-0.12355667632300252,1.0372101901276238,0.056910667904889196,0.056910667904888974,2.052063140415361
3,-0.2662267072331625,1.7496681797280087,2.5449256611458004,2.5449256611458004,0.9501581755805231
1,-0.6942367999636423,-0.010522147520000953,-0.20498564717310147,-0.2049856471731014,-0.5768644454405952
2,-0.40889673814332245,-1.0163451916617208,-0.9252005136375758,-0.9252005136375762,-0.13814302425635447
2,-0.6942367999636423,-0.13625002803771594,-0.13951156840360382,-0.13951156840360396,-0.7043997422964793
0,-0.6942367999636423,-0.42961508257905084,0.056910667904889196,0.056910667904888974,0.56075040251389
1,0.4471234473176373,0.7857544290921938,-0.7942523560985805,-0.7942523560985807,0.6593776987491072
2,-0.12355667632300252,0.199024320009524,0.4497551405218752,0.4497551405218754,-0.08882937613874613
2,-0.6942367999636423,-0.7229801371203858,-1.6454153801020501,-1.6454153801020504,-0.5275507973229869
1,-0.6942367999636423,-0.5972522566026708,-1.5799413013325525,-1.579941301332553,1.4517970098803334
3,0.30445341640747736,0.199024320009524,0.7116514555998659,0.7116514555998658,-1.6209534090340993
1,0.4471234473176373,-0.5972522566026708,-0.9252005136375758,-0.9252005136375762,-0.31329149860510147
3,-0.12355667632300252,-0.47152437608495584,1.300918164525345,1.3009181645253451,-0.35750373484847486
0,-0.6942367999636423,0.576207961562669,-0.008563410864608474,-0.008563410864608476,0.6661795812480876
0,-0.6942367999636423,-1.2258916591912457,0.12238474667438687,0.122384746674387,-1.1108122216105631
1,-0.6942367999636423,-1.1420730721794357,-0.9906745924070736,-0.9906745924070737,-0.19595902549768854
2,-0.6942367999636423,0.240933613515429,-1.121622749946069,-1.1216227499460691,-0.9645717478824829
2,-0.6942367999636423,-0.47152437608495584,1.1699700069863497,1.1699700069863497,0.293776514428906
0,-0.2662267072331625,1.7077588862221036,0.5152292192913729,0.5152292192913729,0.7341984062378928
2,2.4445038800598766,1.5820310057043887,0.7771255343693636,0.7771255343693638,-1.6243543502835895
0,-0.12355667632300252,-1.0582544851676257,-0.6633041985595851,-0.6633041985595852,0.47572687127663393
1,3.3005240655208365,1.5820310057043887,-2.0382598527190363,-2.0382598527190368,0.8158209962256581
1,2.4445038800598766,-1.2258916591912457,-0.07403748963410614,-0.0740374896341065,-1.9882550639790455
3,-0.6942367999636423,-1.1839823656853408,1.0390218494473542,1.0390218494473542,-1.8471160021252004
3,0.16178338549731738,1.7496681797280087,1.890184873450824,1.8901848734508238,0.14583557007608094
2,0.30445341640747736,1.7496681797280087,1.0390218494473542,1.0390218494473542,2.086072552910263
0,-0.6942367999636423,-1.1001637786735308,0.5152292192913729,0.5152292192913729,-0.2469731442400423
1,0.7324635091379572,-0.13625002803771594,-1.056148671176571,-1.0561486711765713,0.26656898443298466
3,-0.6942367999636423,0.240933613515429,0.7116514555998659,0.7116514555998658,-0.2945863217329053
1,-0.6942367999636423,-1.0163451916617208,-1.3180449862545618,-1.318044986254562,0.4774273419013793
1,-0.2662267072331625,-0.8487080176381008,-0.46688196225109213,-0.46688196225109235,-1.5478331721700593
2,0.4471234473176373,1.7915774732339136,0.31880698298287985,0.3188069829828799,1.2834504180305661
3,-0.6942367999636423,-0.8487080176381008,1.7592367159118285,1.759236715911829,0.5165381662705172
0,-0.6942367999636423,0.240933613515429,-1.5144672225630549,-1.5144672225630553,-1.1261164572332694
3,-0.6942367999636423,-1.1839823656853408,1.0390218494473542,1.0390218494473542,-1.2077390472210352
0,-0.5515667690534823,-0.6391615501085758,0.31880698298287985,0.3188069829828799,-1.274057401586095
2,-0.6942367999636423,0.157115026503619,0.7116514555998659,0.7116514555998658,-0.014008668649960606
2,-0.12355667632300252,0.7438451355862888,0.8425996131388612,0.8425996131388612,-0.9611708066329928
3,1.160473601868437,-0.1781593215436209,0.5152292192913729,0.5152292192913729,0.13223180507811966
3,-0.6942367999636423,1.5820310057043887,0.4497551405218752,0.4497551405218754,1.7119690154663372
3,2.3018338491497166,0.03138714598590404,1.4318663220643402,1.4318663220643406,-1.9610475339831235
2,-0.5515667690534823,-0.38770578907314585,0.056910667904889196,0.056910667904888974,1.1831226511706041
3,-0.6942367999636423,-0.2200686150495259,1.0390218494473542,1.0390218494473542,-0.13984349488109926
1,-0.6942367999636423,-0.052431441025905946,-1.1870968287155665,-1.1870968287155668,0.667880051872833
2,2.016493787329397,0.8276637225980988,-0.8597264348680782,-0.8597264348680784,2.7424542140618793
1,0.8751335400481172,0.28284290702133397,-0.9252005136375758,-0.9252005136375762,0.08631909821000149
2,-0.6942367999636423,-0.5972522566026708,-0.13951156840360382,-0.13951156840360396,0.8838398212154632
1,0.01911335458715743,-0.09434073453181094,-1.1870968287155665,-1.1870968287155668,-1.1873333997240938
1,1.0178035709582771,-0.09434073453181094,-0.33593380471209683,-0.3359338047120969,0.0183002732201969
3,-0.6942367999636423,-0.7648894306262908,0.7116514555998659,0.7116514555998658,-1.612451055910374
1,-0.6942367999636423,-0.1781593215436209,-0.9252005136375758,-0.9252005136375762,1.3616720667688418
1,0.30445341640747736,1.8334867667398187,-0.7942523560985805,-0.7942523560985807,2.674435389072075
2,-0.6942367999636423,-0.1781593215436209,-0.5323560410205899,-0.5323560410205898,1.4398937155071176
0,-0.2662267072331625,0.11520573299771401,0.12238474667438687,0.122384746674387,0.8328257024731095
2,-0.6942367999636423,0.49238937455085896,-0.9252005136375758,-0.9252005136375762,0.12542992257913932
2,0.8751335400481172,-0.09434073453181094,1.0390218494473542,1.0390218494473542,0.6474744043758913
1,-0.6942367999636423,-1.3097102462030557,-0.9906745924070736,-0.9906745924070737,0.38730239878988776
0,1.160473601868437,0.03138714598590404,-2.103733931488534,-2.1037339314885344,1.4279904211339016
1,-0.6942367999636423,2.4202168758224887,-1.7763635376410456,-1.7763635376410458,2.404060559737601
0,-0.6942367999636423,0.534298668056764,1.1699700069863497,1.1699700069863497,1.6201436017301
1,-0.6942367999636423,0.03138714598590404,-0.5323560410205899,-0.5323560410205898,-0.1687514955017666
0,0.4471234473176373,-1.3097102462030557,-0.5978301197900875,-0.5978301197900878,-1.923637180238731
1,0.16178338549731738,-1.1839823656853408,-0.7942523560985805,-0.7942523560985807,-1.853917884624181
1,-0.6942367999636423,-0.6391615501085758,-0.46688196225109213,-0.46688196225109235,0.118628040080159
0,0.16178338549731738,1.0372101901276238,-0.008563410864608474,-0.008563410864608476,1.4739031280020198
3,0.01911335458715743,0.45048008104495396,1.1699700069863497,1.1699700069863497,1.082794884310642
1,0.30445341640747736,0.49238937455085896,-1.2525709074850642,-1.2525709074850646,-1.413495992815195
0,-0.6942367999636423,-0.8487080176381008,0.31880698298287985,0.3188069829828799,0.6933871112440095
2,-0.2662267072331625,-0.09434073453181094,0.6461773768303682,0.6461773768303684,0.7784106424812656
0,-0.12355667632300252,-1.4354381267207705,-0.008563410864608474,-0.008563410864608476,-1.782498118384886
1,2.016493787329397,1.5401217121984836,-0.4014078834815945,-0.4014078834815949,0.9110473512113851
3,1.4458136636887569,0.618117255068574,0.7116514555998659,0.7116514555998658,-1.1992366940973094
1,2.3018338491497166,0.36666149403314396,-0.8597264348680782,-0.8597264348680784,0.8192219374751488
2,0.16178338549731738,0.8276637225980988,-0.7287782773290828,-0.7287782773290833,-0.18745667237396282
0,-0.6942367999636423,-1.2678009526971508,-0.07403748963410614,-0.0740374896341065,-0.5105460910755355
1,-0.5515667690534823,1.2886659511630538,-0.13951156840360382,-0.13951156840360396,0.8940426449639337
1,-0.2662267072331625,0.618117255068574,-1.710889458871548,-1.7108894588715482,0.1849463944452188
1,-0.5515667690534823,0.9953008966217188,-0.5978301197900875,-0.5978301197900878,0.33118686817329906
2,-0.40889673814332245,1.7077588862221036,-2.431104325336022,-2.4311043253360225,-1.3216705790789582
0,-0.6942367999636423,-0.2619779085554309,-0.07403748963410614,-0.0740374896341065,0.8787384093412277
0,-0.6942367999636423,0.36666149403314396,0.8425996131388612,0.8425996131388612,1.0793939430611519
2,1.160473601868437,0.07329643949180903,1.1699700069863497,1.1699700069863497,0.41450992878580967
1,1.160473601868437,0.8276637225980988,-0.9252005136375758,-0.9252005136375762,1.074292531186917
2,-0.6942367999636423,-1.4354381267207705,-0.07403748963410614,-0.0740374896341065,-0.33709808735153324
2,-0.6942367999636423,-1.0582544851676257,0.056910667904889196,0.056910667904888974,-0.21636467299463016
0,-0.6942367999636423,0.240933613515429,-0.5978301197900875,-0.5978301197900878,0.07271533321204081
3,-0.6942367999636423,-0.9325266046499108,0.7771255343693636,0.7771255343693638,-1.7178802346445714
3,-0.6942367999636423,-0.6391615501085758,0.9735477706778566,0.9735477706778567,0.251264748810278
3,-0.6942367999636423,-1.4354381267207705,1.8247107946813264,1.8247107946813264,-1.7756962358859054
3,-0.6942367999636423,-0.3457964955672409,1.0390218494473542,1.0390218494473542,-1.0308901022475427
1,0.01911335458715743,1.2886659511630538,0.12238474667438687,0.122384746674387,0.5148376956457718
3,-0.6942367999636423,0.7857544290921938,-0.07403748963410614,-0.0740374896341065,1.4637003042535492
0,-0.6942367999636423,1.4143938316807687,-0.13951156840360382,-0.13951156840360396,-1.1601258697281718
3,-0.6942367999636423,0.240933613515429,0.18785882544388455,0.18785882544388444,0.3141821619258476
2,1.8738237564192368,-1.1839823656853408,-1.3835190650240596,-1.3835190650240599,-0.3677065585969454
3,-0.6942367999636423,-0.42961508257905084,0.2533329042133822,0.2533329042133819,0.03360450884290296
0,0.16178338549731738,-0.010522147520000953,-0.5978301197900875,-0.5978301197900878,0.3022788675526317
0,-0.6942367999636423,-0.5972522566026708,1.2354440857558473,1.235444085755847,0.9110473512113851
3,-0.40889673814332245,-0.052431441025905946,0.9735477706778566,0.9735477706778567,0.028503096968667405
0,-0.6942367999636423,2.1268518212811536,0.056910667904889196,0.056910667904888974,1.592936071734178
1,3.443194096430996,-0.7648894306262908,-1.4489931437935573,-1.4489931437935575,-0.2894849098586703
1,0.16178338549731738,-0.7229801371203858,-0.4014078834815945,-0.4014078834815949,-1.1516235166044462
1,0.16178338549731738,1.4143938316807687,-1.121622749946069,-1.1216227499460691,0.8821393505907178
3,-0.40889673814332245,0.36666149403314396,1.8247107946813264,1.8247107946813264,0.6270687568789498
3,0.5897934782277973,0.7857544290921938,-0.008563410864608474,-0.008563410864608476,0.8362266437225997
1,0.8751335400481172,0.9953008966217188,-0.33593380471209683,-0.3359338047120969,0.9416558224567972
3,0.01911335458715743,-0.5972522566026708,0.2533329042133822,0.2533329042133819,-0.6193762110592232
1,0.4471234473176373,0.07329643949180903,-0.33593380471209683,-0.3359338047120969,1.19502594554382
1,4.584554343712276,0.240933613515429,0.12238474667438687,0.122384746674387,-1.4407035228111165
0,-0.5515667690534823,0.36666149403314396,0.056910667904889196,0.056910667904888974,0.8583327618442861
0,3.0151840037005164,0.9953008966217188,1.1699700069863497,1.1699700069863497,-0.17215243675125677
1,1.8738237564192368,0.32475220052723897,0.9080736919083588,0.9080736919083586,1.0572878249394655
3,3.3005240655208365,2.2106704082929634,0.18785882544388455,0.18785882544388444,0.37880004566616204
1,-0.5515667690534823,-0.5972522566026708,-1.4489931437935573,-1.4489931437935575,-0.20956279049564921
2,0.30445341640747736,0.07329643949180903,-0.46688196225109213,-0.46688196225109235,0.485929695025105
0,-0.6942367999636423,-0.2200686150495259,-0.46688196225109213,-0.46688196225109235,-1.302965402206762
1,-0.40889673814332245,1.3724845381748638,0.7771255343693636,0.7771255343693638,0.3175831031753378
2,-0.6942367999636423,-1.2678009526971508,0.9735477706778566,0.9735477706778567,-0.5530578566941635
1,-0.6942367999636423,0.03138714598590404,-0.4014078834815945,-0.4014078834815949,-0.6193762110592232
1,-0.6942367999636423,-1.0163451916617208,-0.9906745924070736,-0.9906745924070737,0.32778592692380887
2,-0.6942367999636423,1.1210287771394338,-0.27045972594259915,-0.2704597259425994,1.274948064906841
3,-0.6942367999636423,-0.8067987241321958,1.5628144796033356,1.5628144796033354,-0.25037408548953244
3,-0.6942367999636423,-0.42961508257905084,0.18785882544388455,0.18785882544388444,-1.585243525914452
0,-0.6942367999636423,0.8695730161040038,-2.889422876722506,-2.8894228767225068,1.4705021867525296
2,-0.6942367999636423,-0.7648894306262908,0.31880698298287985,0.3188069829828799,0.8957431155886791
2,-0.12355667632300252,0.6600265485744788,0.38428106175237753,0.38428106175237736,0.6712809931223231
3,-0.6942367999636423,-0.9744358981558158,0.9080736919083588,0.9080736919083586,0.05741109758933475
2,-0.2662267072331625,1.9173053537516287,0.4497551405218752,0.4497551405218754,-0.8421378629008345
0,-0.6942367999636423,-1.4354381267207705,-1.1870968287155665,-1.1870968287155668,-0.7928242147832255
2,-0.6942367999636423,1.5401217121984836,-0.27045972594259915,-0.2704597259425994,0.7154932293656959
1,-0.6942367999636423,-0.052431441025905946,-0.6633041985595851,-0.6633041985595852,-0.9968806897526402
0,2.8725139727903564,1.8334867667398187,-0.07403748963410614,-0.0740374896341065,-1.2978639903325264
3,-0.6942367999636423,-0.6391615501085758,0.056910667904889196,0.056910667904888974,-0.6176757404344785
3,-0.6942367999636423,2.4202168758224887,0.6461773768303682,0.6461773768303684,1.0776934724364071
2,3.443194096430996,1.3305752446689587,-0.8597264348680782,-0.8597264348680784,1.1678184155478981
2,-0.6942367999636423,0.9953008966217188,1.2354440857558473,1.235444085755847,1.174620298046879
3,-0.6942367999636423,-0.7648894306262908,1.9556589522203216,1.9556589522203214,-0.6788926829253028
3,-0.6942367999636423,-1.2678009526971508,0.7116514555998659,0.7116514555998658,-0.881248687269972
0,-0.6942367999636423,2.2525797017988687,-0.008563410864608474,-0.008563410864608476,1.4841059517504904
2,0.5897934782277973,0.45048008104495396,-0.07403748963410614,-0.0740374896341065,-0.6771922123005574
1,-0.6942367999636423,-0.6810708436144808,-0.33593380471209683,-0.3359338047120969,0.20025063006792485
0,0.8751335400481172,0.8695730161040038,-0.008563410864608474,-0.008563410864608476,-1.13291833973225
0,1.0178035709582771,1.2048473641512438,-0.6633041985595851,-0.6633041985595852,1.4279904211339016
2,-0.6942367999636423,0.618117255068574,-0.8597264348680782,-0.8597264348680784,-0.1347420830068643
1,-0.6942367999636423,1.2886659511630538,0.056910667904889196,0.056910667904888974,2.222110202889873
0,-0.6942367999636423,0.03138714598590404,-0.6633041985595851,-0.6633041985595852,-0.6771922123005574
1,-0.6942367999636423,0.45048008104495396,-0.9252005136375758,-0.9252005136375762,-1.1227155159837792
1,2.016493787329397,0.240933613515429,-1.5144672225630549,-1.5144672225630553,-0.9611708066329928
1,-0.6942367999636423,0.9114823096099088,-0.7287782773290828,-0.7287782773290833,2.3258389109993254
1,-0.6942367999636423,-1.2258916591912457,-0.5323560410205899,-0.5323560410205898,-1.6328567034073154
3,-0.6942367999636423,-1.4354381267207705,1.0390218494473542,1.0390218494473542,-0.7043997422964793
0,-0.6942367999636423,1.0791194836335287,1.6282885583728333,1.6282885583728335,2.5911123284595647
1,-0.6942367999636423,-0.6810708436144808,-0.33593380471209683,-0.3359338047120969,-1.146522104730211
0,-0.40889673814332245,0.9114823096099088,0.31880698298287985,0.3188069829828799,-0.8319350391523633
2,-0.6942367999636423,-0.5134336695908608,-1.3180449862545618,-1.318044986254562,0.710391817491461
0,-0.6942367999636423,0.9953008966217188,0.7771255343693636,0.7771255343693638,1.3565706548946064
0,0.4471234473176373,-0.5972522566026708,-0.5323560410205899,-0.5323560410205898,0.3039793381773771
0,-0.6942367999636423,0.618117255068574,1.0390218494473542,1.0390218494473542,-0.35750373484847486
1,0.5897934782277973,0.11520573299771401,-0.7287782773290828,-0.7287782773290833,-1.161826340352917
2,-0.6942367999636423,0.32475220052723897,-0.07403748963410614,-0.0740374896341065,-1.3114677553304874
1,-0.6942367999636423,0.8276637225980988,-1.1870968287155665,-1.1870968287155668,2.6489283297008983
3,-0.12355667632300252,1.2467566576571487,0.6461773768303682,0.6461773768303684,1.6932638385941403
0,-0.6942367999636423,-1.4354381267207705,-0.9252005136375758,-0.9252005136375762,0.10332380445745293
0,-0.6942367999636423,-1.1420730721794357,0.12238474667438687,0.122384746674387,0.0046965082222356225
3,0.5897934782277973,-0.38770578907314585,0.7771255343693636,0.7771255343693638,-1.2638545778376242
0,1.8738237564192368,1.2886659511630538,1.1699700069863497,1.1699700069863497,1.6150421898558651
0,-0.6942367999636423,-0.2200686150495259,-1.3180449862545618,-1.318044986254562,0.3124816913011028
2,-0.6942367999636423,-0.9744358981558158,0.7116514555998659,0.7116514555998658,-0.5411545623209476
1,-0.40889673814332245,0.9953008966217188,-0.4014078834815945,-0.4014078834815949,1.1542146505499373
1,-0.6942367999636423,-1.0582544851676257,-1.710889458871548,-1.7108894588715482,-0.233369379242081
2,0.16178338549731738,-0.7648894306262908,-1.056148671176571,-1.0561486711765713,-0.21126326112039462
3,2.159163818239557,0.9533916031158138,2.413977503606805,2.4139775036068056,1.0045732355723669
1,-0.40889673814332245,0.07329643949180903,-0.6633041985595851,-0.6633041985595852,0.9501581755805231
3,-0.2662267072331625,0.49238937455085896,0.2533329042133822,0.2533329042133819,-0.22146608486886513
2,-0.2662267072331625,1.7077588862221036,-0.20498564717310147,-0.2049856471731014,1.2970541830285274
1,-0.6942367999636423,-1.4354381267207705,-0.9252005136375758,-0.9252005136375762,-0.8863500991442073
1,1.303143632778597,0.32475220052723897,-0.4014078834815945,-0.4014078834815949,0.8260238199741291
3,-0.6942367999636423,-1.2258916591912457,1.497340400833838,1.497340400833838,-0.7026992716717345
1,-0.6942367999636423,0.8276637225980988,-1.5799413013325525,-1.579941301332553,0.23085910131333698
1,-0.6942367999636423,-1.4354381267207705,-0.7287782773290828,-0.7287782773290833,-1.8420145902509653
0,-0.6942367999636423,-1.4354381267207705,-0.9906745924070736,-0.9906745924070737,-0.7163030366696952
2,1.588483694598917,-0.09434073453181094,0.5807032980608705,0.5807032980608703,-1.0019821016268755
1,0.8751335400481172,-0.13625002803771594,0.5152292192913729,0.5152292192913729,-0.15684820112855072
1,-0.5515667690534823,0.534298668056764,-0.7942523560985805,-0.7942523560985807,-1.442403993435862
3,0.7324635091379572,1.9592146472575336,0.9735477706778566,0.9735477706778567,1.1457122974262117
1,-0.6942367999636423,1.2886659511630538,0.056910667904889196,0.056910667904888974,1.1117028849313093
2,0.01911335458715743,0.45048008104495396,0.8425996131388612,0.8425996131388612,-1.177130575975623
0,-0.6942367999636423,-0.8906173111440058,-0.9906745924070736,-0.9906745924070737,-0.27077973298647345
2,0.01911335458715743,-0.9325266046499108,0.2533329042133822,0.2533329042133819,0.03190403821815758
2,-0.6942367999636423,-0.5972522566026708,-0.46688196225109213,-0.46688196225109235,-0.8149303329049126
3,1.303143632778597,0.618117255068574,1.4318663220643402,1.4318663220643406,-0.23506984986682639
1,-0.6942367999636423,-1.2258916591912457,-0.4014078834815945,-0.4014078834815949,-0.4901404435785945
2,-0.6942367999636423,-0.42961508257905084,0.6461773768303682,0.6461773768303684,-0.042916669270627344
1,1.588483694598917,0.49238937455085896,-1.1870968287155665,-1.1870968287155668,-1.712778822770336
3,-0.6942367999636423,-1.3097102462030557,0.2533329042133822,0.2533329042133819,0.5624508731386354
0,-0.6942367999636423,-0.8067987241321958,-1.3180449862545618,-1.318044986254562,-0.19255808424819837
0,-0.6942367999636423,-1.4354381267207705,-0.6633041985595851,-0.6633041985595852,-0.00890725677572505
0,-0.6942367999636423,-0.42961508257905084,-1.9073116951800408,-1.9073116951800413,0.6916866406192648
2,-0.6942367999636423,0.157115026503619,-0.13951156840360382,-0.13951156840360396,-1.7280830583930422
2,-0.6942367999636423,-0.5972522566026708,1.300918164525345,1.3009181645253451,0.4026066344125938
3,2.5871739109700367,1.0791194836335287,1.300918164525345,1.3009181645253451,-1.614151526535119
2,0.01911335458715743,0.6600265485744788,-0.27045972594259915,-0.2704597259425994,-1.403293169066724
0,-0.6942367999636423,-0.47152437608495584,0.8425996131388612,0.8425996131388612,-0.22146608486886513
1,0.8751335400481172,-1.3935288332148656,-1.056148671176571,-1.0561486711765713,0.08631909821000149
0,-0.6942367999636423,0.618117255068574,-0.20498564717310147,-0.2049856471731014,-1.7178802346445714
3,-0.6942367999636423,-1.1001637786735308,0.31880698298287985,0.3188069829828799,-1.62775529153308
2,0.30445341640747736,-1.3516195397089608,-0.20498564717310147,-0.2049856471731014,-0.6771922123005574
0,-0.6942367999636423,-1.1420730721794357,0.5152292192913729,0.5152292192913729,-0.43062397171251504
0,-0.6942367999636423,-0.9325266046499108,0.7771255343693636,0.7771255343693638,-1.459408699683313
1,-0.6942367999636423,0.36666149403314396,-0.5978301197900875,-0.5978301197900878,0.785212524980246
0,-0.6942367999636423,-1.2678009526971508,1.1044959282168518,1.1044959282168523,-0.9866778660041694
2,2.159163818239557,0.7019358420803838,-0.4014078834815945,-0.4014078834815949,0.15603839382455145
2,0.7324635091379572,-1.1839823656853408,-0.13951156840360382,-0.13951156840360396,-0.5683620923168695
0,-0.6942367999636423,0.199024320009524,-0.27045972594259915,-0.2704597259425994,-0.43572538358675056
1,-0.12355667632300252,-1.3097102462030557,-0.4014078834815945,-0.4014078834815949,-1.5223261127988823
3,-0.6942367999636423,-0.7229801371203858,0.9080736919083588,0.9080736919083586,-0.4629329135826725
3,-0.6942367999636423,0.9533916031158138,0.5807032980608705,0.5807032980608703,0.8719365268422473
2,-0.6942367999636423,-0.5553429630967658,-0.33593380471209683,-0.3359338047120969,1.3327640661481752
2,-0.2662267072331625,0.9114823096099088,-1.1870968287155665,-1.1870968287155668,1.3684739492678222
2,-0.6942367999636423,-1.1839823656853408,0.9080736919083588,0.9080736919083586,-0.33709808735153324
3,-0.6942367999636423,0.6600265485744788,1.0390218494473542,1.0390218494473542,0.6321701687531853
3,1.0178035709582771,0.32475220052723897,1.0390218494473542,1.0390218494473542,0.788613466229736
1,0.30445341640747736,1.7496681797280087,-0.9906745924070736,-0.9906745924070737,0.05230968571509919
1,3.5858641273411562,-0.2619779085554309,-1.121622749946069,-1.1216227499460691,-0.600671034187027
0,0.7324635091379572,0.7857544290921938,1.1044959282168518,1.1044959282168523,1.7119690154663372
0,0.16178338549731738,-0.1781593215436209,-0.20498564717310147,-0.2049856471731014,-0.36090467609796506
3,0.5897934782277973,0.11520573299771401,1.497340400833838,1.497340400833838,-1.3998922278172339
1,-0.6942367999636423,0.49238937455085896,-0.27045972594259915,-0.2704597259425994,0.9042454687124049
3,-0.12355667632300252,-1.3097102462030557,1.0390218494473542,1.0390218494473542,-0.9356637472618159
2,0.01911335458715743,0.45048008104495396,1.6282885583728333,1.6282885583728335,0.598160756258283
2,-0.6942367999636423,-0.8067987241321958,0.8425996131388612,0.8425996131388612,0.34138969192176954
0,-0.6942367999636423,-1.2678009526971508,0.6461773768303682,0.6461773768303684,-0.6720908004263224
0,-0.6942367999636423,-0.6810708436144808,-0.008563410864608474,-0.008563410864608476,0.7580049949843239
1,3.0151840037005164,0.8695730161040038,-0.13951156840360382,-0.13951156840360396,0.4587221650291831
3,-0.6942367999636423,-0.9744358981558158,0.7116514555998659,0.7116514555998658,-1.699175057772375
1,-0.6942367999636423,1.0372101901276238,-2.103733931488534,-2.1037339314885344,-1.0546966909939743
2,-0.6942367999636423,0.7019358420803838,0.8425996131388612,0.8425996131388612,-1.3250715203284484
1,0.01911335458715743,-0.9325266046499108,-1.1870968287155665,-1.1870968287155668,-1.7280830583930422
3,-0.2662267072331625,0.40857078753904896,0.31880698298287985,0.3188069829828799,-0.10923502363568714
1,-0.6942367999636423,-0.42961508257905084,-1.4489931437935573,-1.4489931437935575,0.23766098381231732
3,0.30445341640747736,1.8334867667398187,0.8425996131388612,0.8425996131388612,0.8413280555968352
0,2.016493787329397,-0.3457964955672409,0.4497551405218752,0.4497551405218754,0.6712809931223231
0,0.7324635091379572,0.11520573299771401,-0.33593380471209683,-0.3359338047120969,0.3736986337919271
3,1.4458136636887569,-0.9325266046499108,1.1699700069863497,1.1699700069863497,-0.9407651591360512
0,0.8751335400481172,-0.6391615501085758,0.5807032980608705,0.5807032980608703,0.35329298629498546
3,-0.6942367999636423,1.2886659511630538,0.9735477706778566,0.9735477706778567,1.1117028849313093
0,-0.6942367999636423,-0.9744358981558158,0.12238474667438687,0.122384746674387,-1.5597364665432751
0,-0.2662267072331625,0.9533916031158138,-1.7763635376410456,-1.7763635376410458,1.0436840599415043
3,-0.6942367999636423,0.8695730161040038,-0.27045972594259915,-0.2704597259425994,-0.6380813879314196
3,-0.6942367999636423,0.03138714598590404,1.0390218494473542,1.0390218494473542,-0.38301079421965145
3,-0.6942367999636423,-0.6391615501085758,0.9080736919083588,0.9080736919083586,0.13393227570286506
2,-0.2662267072331625,-0.3457964955672409,-1.3180449862545618,-1.318044986254562,-0.9900788072536598
0,-0.2662267072331625,0.7857544290921938,0.8425996131388612,0.8425996131388612,0.5709532262623611
2,0.8751335400481172,-1.0163451916617208,-0.6633041985595851,-0.6633041985595852,0.2699699256824748
0,0.7324635091379572,2.7974005173756336,-0.4014078834815945,-0.4014078834815949,-0.8863500991442073
3,-0.2662267072331625,-0.3038872020613359,1.5628144796033356,1.5628144796033354,-0.017409609899450774
3,-0.6942367999636423,-1.4354381267207705,0.7116514555998659,0.7116514555998658,-0.8965529228926781
1,-0.6942367999636423,-1.0582544851676257,0.18785882544388455,0.18785882544388444,0.5148376956457718
0,1.0178035709582771,0.7438451355862888,0.12238474667438687,0.122384746674387,1.4160871267606858
0,1.0178035709582771,0.49238937455085896,-1.5799413013325525,-1.579941301332553,-0.19425855487294316
0,-0.40889673814332245,0.157115026503619,-0.07403748963410614,-0.0740374896341065,0.5267409900189877
1,0.5897934782277973,1.3305752446689587,-0.20498564717310147,-0.2049856471731014,-1.134618810356995
1,1.0178035709582771,2.8812191043874433,0.4497551405218752,0.4497551405218754,-1.0546966909939743
2,0.16178338549731738,0.157115026503619,-1.5799413013325525,-1.579941301332553,0.04380733259137347
1,-0.6942367999636423,-0.3038872020613359,0.38428106175237753,0.38428106175237736,0.7750097012317754
1,-0.6942367999636423,-0.5972522566026708,0.056910667904889196,0.056910667904888974,1.259643829284135
3,-0.6942367999636423,0.7019358420803838,0.2533329042133822,0.2533329042133819,-0.500343267327065
3,1.7311537255090768,-0.3457964955672409,1.5628144796033356,1.5628144796033354,0.21045345381639535
3,1.588483694598917,0.240933613515429,2.8068219762237914,2.806821976223792,-1.3641823446975863
1,-0.6942367999636423,-0.47152437608495584,-0.6633041985595851,-0.6633041985595852,-0.13814302425635447
1,-0.6942367999636423,-1.4354381267207705,-1.4489931437935573,-1.4489931437935575,-0.4595319723331823
0,-0.6942367999636423,-0.9325266046499108,0.5152292192913729,0.5152292192913729,1.0844953549353873
3,-0.6942367999636423,-0.6810708436144808,1.1044959282168518,1.1044959282168523,-0.13134114175737413
3,-0.6942367999636423,1.7496681797280087,1.300918164525345,1.3009181645253451,0.5760546381365961
1,-0.6942367999636423,-0.5972522566026708,-1.6454153801020501,-1.6454153801020504,-1.0444938672455035
1,2.159163818239557,1.8753960602457236,-0.46688196225109213,-0.46688196225109235,2.5826099753358385
0,-0.6942367999636423,0.240933613515429,-1.121622749946069,-1.1216227499460691,-0.06162184614282418
0,-0.6942367999636423,1.0791194836335287,0.056910667904889196,0.056910667904888974,0.6270687568789498
3,-0.6942367999636423,-0.9325266046499108,1.7592367159118285,1.759236715911829,0.26656898443298466
2,-0.6942367999636423,-0.052431441025905946,-0.8597264348680782,-0.8597264348680784,0.23085910131333698
3,-0.6942367999636423,-0.6391615501085758,2.872296054993289,2.872296054993289,-0.17555337800074694
2,-0.6942367999636423,-0.8487080176381008,-0.4014078834815945,-0.4014078834815949,1.217132063665507
0,-0.6942367999636423,0.8695730161040038,-0.7287782773290828,-0.7287782773290833,2.438069972232503
3,0.01911335458715743,0.576207961562669,0.5807032980608705,0.5807032980608703,-0.00890725677572505
2,-0.2662267072331625,0.8276637225980988,-1.4489931437935573,-1.4489931437935575,0.4128094581610649
2,-0.6942367999636423,0.45048008104495396,-0.4014078834815945,-0.4014078834815949,-1.6957741165228846
2,-0.6942367999636423,0.11520573299771401,-0.7287782773290828,-0.7287782773290833,-0.950967982884522
0,-0.6942367999636423,-0.5972522566026708,0.5807032980608705,0.5807032980608703,-0.03101337489741145
0,-0.5515667690534823,1.3724845381748638,-0.13951156840360382,-0.13951156840360396,1.7646836048334356
0,-0.6942367999636423,-1.2258916591912457,-0.8597264348680782,-0.8597264348680784,-1.0291896316227973
2,-0.6942367999636423,1.0372101901276238,-0.27045972594259915,-0.2704597259425994,0.39750522253835885
1,-0.6942367999636423,-0.9744358981558158,-0.7287782773290828,-0.7287782773290833,0.20195110069266964
2,-0.6942367999636423,0.618117255068574,0.056910667904889196,0.056910667904888974,-0.30648961610612113
1,0.8751335400481172,1.0372101901276238,-0.9252005136375758,-0.9252005136375762,1.2358372405377032
1,1.588483694598917,-0.010522147520000953,-0.5323560410205899,-0.5323560410205898,-1.5512341134195493
2,-0.6942367999636423,-0.5134336695908608,0.056910667904889196,0.056910667904888974,-0.755413861038833
2,-0.6942367999636423,0.40857078753904896,-0.9906745924070736,-0.9906745924070737,0.38730239878988776
3,5.868584621903715,-0.8487080176381008,0.056910667904889196,0.056910667904888974,-0.4595319723331823
1,-0.6942367999636423,2.0849425277752487,-1.056148671176571,-1.0561486711765713,-0.6601875060531065
0,-0.6942367999636423,-0.5972522566026708,-0.20498564717310147,-0.2049856471731014,0.023401685094431853
1,-0.6942367999636423,1.0791194836335287,-0.46688196225109213,-0.46688196225109235,-0.06672325801705913
0,-0.6942367999636423,-0.5972522566026708,-1.2525709074850642,-1.2525709074850646,-0.12623972988313859
3,0.16178338549731738,0.8695730161040038,0.5152292192913729,0.5152292192913729,0.8362266437225997
0,-0.5515667690534823,0.45048008104495396,0.8425996131388612,0.8425996131388612,0.746101700611108
3,-0.6942367999636423,1.0372101901276238,1.1699700069863497,1.1699700069863497,0.661078169373852
2,-0.12355667632300252,-0.42961508257905084,-0.5978301197900875,-0.5978301197900878,0.8770379387164828
3,1.588483694598917,-1.1839823656853408,0.12238474667438687,0.122384746674387,-0.039515728021137175
2,-0.6942367999636423,-0.6391615501085758,-1.2525709074850642,-1.2525709074850646,-0.16194961300278626
0,0.5897934782277973,-0.1781593215436209,-0.5978301197900875,-0.5978301197900878,-0.7333077429171466
0,-0.6942367999636423,-1.0582544851676257,0.2533329042133822,0.2533329042133819,-1.1295173984827596
1,-0.5515667690534823,0.576207961562669,-1.2525709074850642,-1.2525709074850646,0.24616333693604303
3,-0.6942367999636423,-1.0163451916617208,-0.7942523560985805,-0.7942523560985807,-1.5784416434154713
0,-0.6942367999636423,0.9953008966217188,-1.121622749946069,-1.1216227499460691,0.7699082893575399
2,-0.6942367999636423,-0.1781593215436209,1.7592367159118285,1.759236715911829,1.159316062424173
0,0.7324635091379572,1.7915774732339136,0.8425996131388612,0.8425996131388612,-0.6737912710510672
3,0.7324635091379572,-0.010522147520000953,0.4497551405218752,0.4497551405218754,0.22235674818961124
1,-0.6942367999636423,-0.9744358981558158,-1.3180449862545618,-1.318044986254562,-1.260453636588134
1,-0.6942367999636423,-1.2258916591912457,-0.46688196225109213,-0.46688196225109235,-0.15344725987906055
2,-0.6942367999636423,-0.1781593215436209,-0.7942523560985805,-0.7942523560985807,-0.600671034187027
1,-0.6942367999636423,0.36666149403314396,0.7771255343693636,0.7771255343693638,-1.3981917571924884
1,-0.6942367999636423,-0.1781593215436209,-1.2525709074850642,-1.2525709074850646,-1.1873333997240938
3,-0.6942367999636423,-0.6391615501085758,-0.008563410864608474,-0.008563410864608476,0.06081203883882491
3,-0.40889673814332245,1.3305752446689587,0.6461773768303682,0.6461773768303684,-0.20956279049564921
3,-0.6942367999636423,1.0791194836335287,1.300918164525345,1.3009181645253451,0.885540291840208
0,-0.6942367999636423,-1.4354381267207705,1.0390218494473542,1.0390218494473542,-0.44762867795996647
3,-0.6942367999636423,-1.4354381267207705,2.2175552672983123,2.2175552672983123,-0.8081284504059316
1,-0.6942367999636423,0.7019358420803838,-1.1870968287155665,-1.1870968287155668,1.5980374836084137
3,-0.2662267072331625,0.576207961562669,0.5807032980608705,0.5807032980608703,-1.2128404590952704
2,-0.6942367999636423,-1.4354381267207705,1.3663922432948425,1.3663922432948425,-1.755290588388964
3,-0.6942367999636423,-1.1420730721794357,1.300918164525345,1.3009181645253451,-0.9169585703896194
0,-0.2662267072331625,-0.3038872020613359,-0.6633041985595851,-0.6633041985595852,1.1083019436818191
0,-0.6942367999636423,0.576207961562669,0.056910667904889196,0.056910667904888974,0.35499345691973083
3,-0.6942367999636423,0.07329643949180903,0.38428106175237753,0.38428106175237736,0.5420452256416938
1,0.8751335400481172,0.11520573299771401,-1.2525709074850642,-1.2525709074850646,-0.15174678925431515
0,0.30445341640747736,0.36666149403314396,-0.07403748963410614,-0.0740374896341065,0.6661795812480876
1,0.16178338549731738,1.4563031251866738,-1.5799413013325525,-1.579941301332553,0.6814838168707936
2,2.016493787329397,0.32475220052723897,-0.9252005136375758,-0.9252005136375762,1.0521864130652299
1,0.01911335458715743,-0.8906173111440058,-0.5978301197900875,-0.5978301197900878,0.9824671174506799
3,1.0178035709582771,1.6658495927161987,0.12238474667438687,0.122384746674387,0.293776514428906
3,-0.6942367999636423,0.7857544290921938,0.9735477706778566,0.9735477706778567,0.6372715806274208
0,-0.12355667632300252,0.7019358420803838,-0.46688196225109213,-0.46688196225109235,1.5062120698721773
3,0.5897934782277973,0.49238937455085896,0.7771255343693636,0.7771255343693638,-1.1567249284786814
3,-0.12355667632300252,0.6600265485744788,0.8425996131388612,0.8425996131388612,0.1390336875771006
0,-0.6942367999636423,-0.6810708436144808,-1.056148671176571,-1.0561486711765713,0.3600948687939658
1,-0.6942367999636423,-0.2619779085554309,0.7116514555998659,0.7116514555998658,0.06591345071305986
3,-0.6942367999636423,0.240933613515429,0.2533329042133822,0.2533329042133819,0.24616333693604303
2,0.7324635091379572,1.4563031251866738,0.12238474667438687,0.122384746674387,0.8736369974669921
3,-0.2662267072331625,0.11520573299771401,0.9735477706778566,0.9735477706778567,1.274948064906841
1,-0.6942367999636423,0.8276637225980988,-0.9906745924070736,-0.9906745924070737,-1.2451494009654278
3,1.160473601868437,-0.6810708436144808,1.2354440857558473,1.235444085755847,1.259643829284135
1,0.30445341640747736,0.07329643949180903,-0.9906745924070736,-0.9906745924070737,1.140610885551976
1,0.4471234473176373,-0.8487080176381008,-0.6633041985595851,-0.6633041985595852,-1.248550342214918
2,-0.6942367999636423,-1.1420730721794357,2.2175552672983123,2.2175552672983123,-0.7503124491645975
0,-0.6942367999636423,-1.3097102462030557,1.1044959282168518,1.1044959282168523,-0.5564587979436543
3,0.5897934782277973,-0.7229801371203858,1.0390218494473542,1.0390218494473542,0.19684968881843468
1,0.30445341640747736,-1.1001637786735308,-0.7287782773290828,-0.7287782773290833,-1.6107505852856285
0,-0.6942367999636423,-1.1839823656853408,1.0390218494473542,1.0390218494473542,-0.21806514361937496
1,0.5897934782277973,-1.2258916591912457,-1.3180449862545618,-1.318044986254562,-1.612451055910374
0,-0.12355667632300252,-1.3097102462030557,0.31880698298287985,0.3188069829828799,-0.9577698653835023
3,0.30445341640747736,-0.8906173111440058,0.18785882544388455,0.18785882544388444,0.2478638075607878
1,-0.2662267072331625,0.6600265485744788,0.5152292192913729,0.5152292192913729,-1.2281446947179764
3,0.30445341640747736,-1.4354381267207705,0.38428106175237753,0.38428106175237736,-1.911733885865515
1,-0.6942367999636423,-0.5134336695908608,-0.6633041985595851,-0.6633041985595852,0.7069908762419709
3,-0.6942367999636423,-0.6810708436144808,0.38428106175237753,0.38428106175237736,-0.09393078801298108
1,-0.6942367999636423,-1.3516195397089608,-0.4014078834815945,-0.4014078834815949,-0.7452110372903625
0,-0.6942367999636423,-0.2200686150495259,0.2533329042133822,0.2533329042133819,0.07101486258729542
1,0.8751335400481172,3.0488562784110633,-0.8597264348680782,-0.8597264348680784,2.092874435409243
3,-0.6942367999636423,-0.7648894306262908,0.7116514555998659,0.7116514555998658,-1.4509063465595873
0,1.0178035709582771,0.7857544290921938,0.6461773768303682,0.6461773768303684,0.5811560500108316
1,-0.40889673814332245,0.9953008966217188,-1.2525709074850642,-1.2525709074850646,-1.007083513501111
3,0.7324635091379572,-0.7648894306262908,0.12238474667438687,0.122384746674387,1.519815834870138
1,-0.6942367999636423,-0.9325266046499108,-0.9906745924070736,-0.9906745924070737,-1.5070218771761763
2,-0.6942367999636423,-0.7648894306262908,-0.20498564717310147,-0.2049856471731014,-0.35750373484847486
0,-0.6942367999636423,0.7438451355862888,-0.008563410864608474,-0.008563410864608476,1.5130139523711577
1,-0.6942367999636423,-1.3097102462030557,-0.07403748963410614,-0.0740374896341065,-0.881248687269972
3,-0.6942367999636423,-0.38770578907314585,0.2533329042133822,0.2533329042133819,-1.5818425846649615
2,-0.40889673814332245,0.28284290702133397,0.5152292192913729,0.5152292192913729,-1.6039487027866481
0,-0.6942367999636423,-1.1839823656853408,0.4497551405218752,0.4497551405218754,-0.7231049191686756
0,0.5897934782277973,-1.2258916591912457,-0.9906745924070736,-0.9906745924070737,-0.20616184924615905
3,3.0151840037005164,0.07329643949180903,-0.8597264348680782,-0.8597264348680784,-1.0240882197485621
3,-0.2662267072331625,0.9533916031158138,1.0390218494473542,1.0390218494473542,0.8736369974669921
1,-0.6942367999636423,1.7496681797280087,-1.5144672225630549,-1.5144672225630553,0.9501581755805231
3,-0.12355667632300252,1.3305752446689587,1.497340400833838,1.497340400833838,1.3480683017708812
1,3.1578540346106765,1.9173053537516287,-0.9906745924070736,-0.9906745924070737,0.9110473512113851
0,0.16178338549731738,1.4563031251866738,0.2533329042133822,0.2533329042133819,-1.119314574734289
2,-0.6942367999636423,-0.9744358981558158,-0.5323560410205899,-0.5323560410205898,0.7478021712358535
3,-0.2662267072331625,0.7438451355862888,0.8425996131388612,0.8425996131388612,0.506335342522046
0,-0.5515667690534823,1.2886659511630538,-0.13951156840360382,-0.13951156840360396,1.8224996060747696
3,-0.6942367999636423,0.240933613515429,1.2354440857558473,1.235444085755847,0.34479063317125974
1,-0.6942367999636423,0.36666149403314396,-0.7287782773290828,-0.7287782773290833,-0.345600440475259
1,-0.6942367999636423,-1.2678009526971508,-2.300156167797027,-2.3001561677970273,-2.0885828308390075
2,-0.6942367999636423,-0.8067987241321958,-0.6633041985595851,-0.6633041985595852,0.293776514428906
3,2.5871739109700367,0.7857544290921938,-0.008563410864608474,-0.008563410864608476,0.30057839692788696
0,0.01911335458715743,-1.0582544851676257,-0.9252005136375758,-0.9252005136375762,-1.8216089427540236
3,-0.6942367999636423,-0.8067987241321958,0.2533329042133822,0.2533329042133819,0.2614675725587491
1,-0.6942367999636423,-0.052431441025905946,-1.121622749946069,-1.1216227499460691,-0.7656166847873036
1,-0.12355667632300252,-0.010522147520000953,-1.121622749946069,-1.1216227499460691,-1.134618810356995
1,-0.6942367999636423,-1.4354381267207705,-0.4014078834815945,-0.4014078834815949,-0.260576909238003
3,1.588483694598917,-0.47152437608495584,1.7592367159118285,1.759236715911829,0.023401685094431853
3,-0.5515667690534823,0.240933613515429,0.4497551405218752,0.4497551405218754,-1.4390030521863715
0,-0.6942367999636423,0.7019358420803838,-0.6633041985595851,-0.6633041985595852,1.1287075911787603
3,-0.6942367999636423,1.5820310057043887,1.2354440857558473,1.235444085755847,1.5232167761196282
2,-0.6942367999636423,-1.1420730721794357,-0.46688196225109213,-0.46688196225109235,0.41791087003529986
3,-0.6942367999636423,-0.7229801371203858,1.3663922432948425,1.3663922432948425,1.6881624267199054
2,0.30445341640747736,1.8334867667398187,1.497340400833838,1.497340400833838,-1.0734018678661708
0,-0.6942367999636423,-1.4354381267207705,0.7771255343693636,0.7771255343693638,-0.5088456204507907
2,-0.12355667632300252,-0.052431441025905946,0.6461773768303682,0.6461773768303684,-0.190857613623453
3,-0.6942367999636423,0.40857078753904896,1.1699700069863497,1.1699700069863497,0.2563661606845135
3,-0.6942367999636423,-0.5134336695908608,1.497340400833838,1.497340400833838,-0.09903219988721663
0,-0.6942367999636423,0.7857544290921938,0.056910667904889196,0.056910667904888974,1.1338090030529957
1,-0.6942367999636423,-0.8906173111440058,-0.07403748963410614,-0.0740374896341065,1.5997379542331591
3,-0.6942367999636423,-0.2619779085554309,2.5449256611458004,2.5449256611458004,0.5675522850128709
0,-0.6942367999636423,0.7438451355862888,-0.7942523560985805,-0.7942523560985807,0.9093468805866398
1,-0.6942367999636423,-0.9325266046499108,-0.46688196225109213,-0.46688196225109235,-1.2230432828437412
3,0.16178338549731738,-0.7229801371203858,0.9080736919083588,0.9080736919083586,-0.1670510248770212
3,-0.12355667632300252,-0.8487080176381008,0.5807032980608705,0.5807032980608703,-0.6805931535500476
2,-0.6942367999636423,-0.3457964955672409,-1.5144672225630549,-1.5144672225630553,-0.4867395023291043
3,-0.12355667632300252,-0.38770578907314585,0.31880698298287985,0.3188069829828799,1.137209944302486
1,-0.6942367999636423,-1.3097102462030557,-0.9906745924070736,-0.9906745924070737,-0.6465837410551453
3,-0.6942367999636423,-0.38770578907314585,0.31880698298287985,0.3188069829828799,-1.2791588134603302
0,3.0151840037005164,0.07329643949180903,-0.20498564717310147,-0.2049856471731014,-0.9849773953794243
3,-0.6942367999636423,0.7019358420803838,0.38428106175237753,0.38428106175237736,-1.175430105350878
0,-0.6942367999636423,0.618117255068574,-0.4014078834815945,-0.4014078834815949,1.6388487786022963
0,-0.6942367999636423,-0.9744358981558158,-0.008563410864608474,-0.008563410864608476,1.0385826480672693
0,-0.2662267072331625,0.45048008104495396,-0.13951156840360382,-0.13951156840360396,-0.27928208611019917
1,-0.6942367999636423,-1.2678009526971508,-1.6454153801020501,-1.6454153801020504,-1.8318117665024944
2,0.7324635091379572,2.0011239407634385,1.1044959282168518,1.1044959282168523,-1.1159136334847988
2,1.7311537255090768,0.240933613515429,1.3663922432948425,1.3663922432948425,0.18834733569470896
2,-0.6942367999636423,-0.47152437608495584,0.7771255343693636,0.7771255343693638,-0.6210766816839687
2,-0.5515667690534823,-0.7229801371203858,0.7771255343693636,0.7771255343693638,0.33288733879804383
3,-0.6942367999636423,1.6239402992102936,-1.1870968287155665,-1.1870968287155668,2.517992091595523
3,-0.6942367999636423,-0.8487080176381008,1.0390218494473542,1.0390218494473542,-0.28778443923392494
3,-0.5515667690534823,0.7019358420803838,1.300918164525345,1.3009181645253451,2.4006596184881106
3,-0.6942367999636423,-0.5972522566026708,1.5628144796033356,1.5628144796033354,0.5845569912603218
3,0.4471234473176373,1.0372101901276238,1.890184873450824,1.8901848734508238,-0.7792204497852648
3,0.30445341640747736,-0.3038872020613359,0.31880698298287985,0.3188069829828799,-0.22656749674310067
0,-0.6942367999636423,1.7915774732339136,-0.5323560410205899,-0.5323560410205898,1.0300802949435435
1,0.30445341640747736,-0.010522147520000953,-1.3180449862545618,-1.318044986254562,-1.670267057151708
3,-0.6942367999636423,-1.2678009526971508,0.6461773768303682,0.6461773768303684,-0.3302962048525529
0,0.8751335400481172,1.6658495927161987,0.12238474667438687,0.122384746674387,-1.0274891609980523
3,-0.6942367999636423,0.7438451355862888,0.38428106175237753,0.38428106175237736,0.683184287495539
3,0.8751335400481172,-1.0163451916617208,1.6937626371423309,1.6937626371423309,-0.558159268568399
1,-0.2662267072331625,-0.7648894306262908,-0.27045972594259915,-0.2704597259425994,0.15603839382455145
0,0.01911335458715743,1.2467566576571487,0.9080736919083588,0.9080736919083586,2.1319852597783817
2,1.4458136636887569,2.4202168758224887,0.2533329042133822,0.2533329042133819,2.545199621591446
2,0.30445341640747736,1.8334867667398187,-0.46688196225109213,-0.46688196225109235,-1.0002816310021303
0,1.0178035709582771,2.3363982888106785,-0.33593380471209683,-0.3359338047120969,-0.8234326860286376
0,-0.6942367999636423,-1.0163451916617208,-0.6633041985595851,-0.6633041985595852,-0.9696731597567182
1,-0.6942367999636423,-0.9744358981558158,-1.8418376164105432,-1.8418376164105437,-1.5614369371680201
2,-0.12355667632300252,-1.4354381267207705,-0.07403748963410614,-0.0740374896341065,-0.04461713989537273
2,-0.6942367999636423,-0.13625002803771594,-1.710889458871548,-1.7108894588715482,0.8192219374751488
1,3.8712041891614764,0.36666149403314396,0.31880698298287985,0.3188069829828799,-1.9712503577315943
1,1.4458136636887569,-0.8487080176381008,0.2533329042133822,0.2533329042133819,-1.4288002284379009
0,1.4458136636887569,0.9533916031158138,-0.07403748963410614,-0.0740374896341065,-0.24357220299055152
3,5.012564436442756,0.28284290702133397,0.7116514555998659,0.7116514555998658,-0.28778443923392494
2,0.16178338549731738,0.11520573299771401,-0.27045972594259915,-0.2704597259425994,-0.37450844109592635
0,1.7311537255090768,-0.5134336695908608,-0.5978301197900875,-0.5978301197900878,0.5199391075200074
0,-0.6942367999636423,-0.7648894306262908,-1.3180449862545618,-1.318044986254562,0.46552404752816345
3,-0.6942367999636423,0.40857078753904896,-0.7942523560985805,-0.7942523560985807,-1.6583637627784922
3,-0.6942367999636423,1.4563031251866738,0.4497551405218752,0.4497551405218754,0.8464294674710702
2,-0.6942367999636423,-1.1420730721794357,0.4497551405218752,0.4497551405218754,-0.7503124491645975
2,0.5897934782277973,1.3305752446689587,-0.46688196225109213,-0.46688196225109235,1.5742308948619819
1,-0.6942367999636423,-0.9744358981558158,-2.103733931488534,-2.1037339314885344,0.5947598150087928
0,-0.2662267072331625,-0.052431441025905946,-0.7942523560985805,-0.7942523560985807,-0.473135737331143
3,-0.6942367999636423,-1.4354381267207705,0.6461773768303682,0.6461773768303684,-1.5529345840442945
3,-0.6942367999636423,-1.4354381267207705,-0.07403748963410614,-0.0740374896341065,-0.3847112648443968
2,-0.6942367999636423,2.4202168758224887,0.9735477706778566,0.9735477706778567,-0.9186590410143648
2,-0.2662267072331625,0.07329643949180903,2.086607109759317,2.0866071097593175,0.2172553363153757
1,-0.6942367999636423,0.9533916031158138,-1.7763635376410456,-1.7763635376410458,-0.9424656297607963
3,-0.6942367999636423,0.7857544290921938,-0.4014078834815945,-0.4014078834815949,1.3837781848905282
3,0.30445341640747736,1.5820310057043887,0.5807032980608705,0.5807032980608703,2.18129890789599
2,-0.2662267072331625,-0.5553429630967658,1.7592367159118285,1.759236715911829,-0.042916669270627344
3,-0.6942367999636423,0.03138714598590404,-0.008563410864608474,-0.008563410864608476,1.013075588696092
3,-0.6942367999636423,1.3305752446689587,1.8247107946813264,1.8247107946813264,1.1032005318075837
2,-0.6942367999636423,-1.4354381267207705,0.5152292192913729,0.5152292192913729,0.16454074694827717
2,0.30445341640747736,0.40857078753904896,-0.9252005136375758,-0.9252005136375762,0.14413509945133554
0,-0.6942367999636423,0.40857078753904896,-0.20498564717310147,-0.2049856471731014,0.3924038106641233
2,0.16178338549731738,-0.2619779085554309,-0.7287782773290828,-0.7287782773290833,0.3396892212970248
1,-0.6942367999636423,-0.7648894306262908,-0.7942523560985805,-0.7942523560985807,0.013198861345961346
1,0.4471234473176373,0.45048008104495396,-0.5323560410205899,-0.5323560410205898,-0.06332231676756896
0,-0.6942367999636423,-0.3457964955672409,-1.8418376164105432,-1.8418376164105437,0.3294863975485537
3,0.7324635091379572,0.8695730161040038,0.9080736919083588,0.9080736919083586,0.44851934128071197
2,3.3005240655208365,0.240933613515429,-0.5978301197900875,-0.5978301197900878,-0.2775816154854544
0,-0.6942367999636423,-0.3038872020613359,-0.5978301197900875,-0.5978301197900878,-0.4765366785806332
0,0.7324635091379572,0.7438451355862888,0.7116514555998659,0.7116514555998658,2.565605269088387
3,-0.6942367999636423,0.7019358420803838,1.8247107946813264,1.8247107946813264,-1.362481874072841
0,-0.6942367999636423,-1.3097102462030557,-1.6454153801020501,-1.6454153801020504,-1.1822319878498582
2,-0.6942367999636423,-1.4354381267207705,1.0390218494473542,1.0390218494473542,-1.7501891765147286
2,-0.6942367999636423,-0.42961508257905084,-0.4014078834815945,-0.4014078834815949,-0.190857613623453
0,-0.12355667632300252,-0.47152437608495584,0.12238474667438687,0.122384746674387,1.0776934724364071
2,1.0178035709582771,-0.2200686150495259,-0.5978301197900875,-0.5978301197900878,-1.7501891765147286
1,-0.6942367999636423,-0.9325266046499108,-0.13951156840360382,-0.13951156840360396,-1.316569167204723
2,-0.6942367999636423,-0.47152437608495584,0.5807032980608705,0.5807032980608703,-1.304665872831507
3,0.01911335458715743,0.157115026503619,0.9080736919083588,0.9080736919083586,-1.5070218771761763
1,-0.6942367999636423,-0.5134336695908608,-1.8418376164105432,-1.8418376164105437,-0.22996843799259084
3,-0.6942367999636423,-1.1839823656853408,1.300918164525345,1.3009181645253451,-0.5921686810633013
1,0.7324635091379572,-0.8067987241321958,-0.13951156840360382,-0.13951156840360396,0.35329298629498546
3,-0.6942367999636423,-0.9744358981558158,1.1044959282168518,1.1044959282168523,-0.33709808735153324
2,-0.6942367999636423,0.9533916031158138,0.31880698298287985,0.3188069829828799,1.6167426604806099
2,-0.6942367999636423,0.36666149403314396,-0.5323560410205899,-0.5323560410205898,-1.6328567034073154
0,-0.6942367999636423,-0.1781593215436209,-0.7287782773290828,-0.7287782773290833,1.206929239917036
1,1.303143632778597,-0.5972522566026708,-0.4014078834815945,-0.4014078834815949,1.5861341892351979
0,0.7324635091379572,-0.8067987241321958,-0.9252005136375758,-0.9252005136375762,1.007974176821857
0,0.4471234473176373,-1.2678009526971508,0.7771255343693636,0.7771255343693638,-0.15854867175329548
0,-0.6942367999636423,1.8334867667398187,0.7771255343693636,0.7771255343693638,1.6133417192311197
0,-0.6942367999636423,0.7857544290921938,-0.46688196225109213,-0.46688196225109235,1.040283118692014
3,-0.5515667690534823,0.40857078753904896,0.8425996131388612,0.8425996131388612,0.06931439196255064
1,-0.6942367999636423,-0.7229801371203858,-1.3180449862545618,-1.318044986254562,-0.04971855176960828
3,-0.6942367999636423,0.9533916031158138,-1.056148671176571,-1.0561486711765713,-1.2978639903325264
3,-0.6942367999636423,0.28284290702133397,-0.4014078834815945,-0.4014078834815949,0.3958047519136135
1,-0.6942367999636423,0.32475220052723897,-0.6633041985595851,-0.6633041985595852,1.0963986493086033
3,-0.5515667690534823,0.576207961562669,0.18785882544388455,0.18785882544388444,-1.0870056328641315
3,2.159163818239557,1.8334867667398187,1.1699700069863497,1.1699700069863497,-0.7758195085357746
1,0.4471234473176373,-0.09434073453181094,-1.8418376164105432,-1.8418376164105437,0.4723259300271438
0,-0.6942367999636423,-0.1781593215436209,-0.07403748963410614,-0.0740374896341065,1.0368821774425239
0,0.30445341640747736,0.7857544290921938,-0.4014078834815945,-0.4014078834815949,-0.5683620923168695
3,-0.6942367999636423,-0.3457964955672409,1.4318663220643402,1.4318663220643406,0.5335428725179681
0,0.01911335458715743,1.7077588862221036,0.31880698298287985,0.3188069829828799,1.4977097167484517
3,-0.6942367999636423,0.6600265485744788,-1.4489931437935573,-1.4489931437935575,0.3736986337919271
0,-0.6942367999636423,0.36666149403314396,-1.3180449862545618,-1.318044986254562,0.12542992257913932
1,0.5897934782277973,1.6239402992102936,-0.46688196225109213,-0.46688196225109235,0.870236056217502
0,-0.6942367999636423,-0.5972522566026708,0.31880698298287985,0.3188069829828799,-0.2945863217329053
3,1.588483694598917,1.0372101901276238,0.6461773768303682,0.6461773768303684,0.8515308793453057
1,-0.6942367999636423,0.157115026503619,-1.710889458871548,-1.7108894588715482,-1.6192529384093544
1,1.303143632778597,-0.2200686150495259,0.2533329042133822,0.2533329042133819,-0.6941969185480088
1,-0.6942367999636423,-1.4354381267207705,-0.46688196225109213,-0.46688196225109235,0.56075040251389
3,-0.6942367999636423,-0.052431441025905946,0.12238474667438687,0.122384746674387,-0.06842372864180452
0,-0.40889673814332245,1.3305752446689587,-0.7287782773290828,-0.7287782773290833,0.3805005162909074
0,-0.6942367999636423,2.043033234269344,-0.33593380471209683,-0.3359338047120969,-0.9832769247546792
0,-0.2662267072331625,-0.09434073453181094,-1.3835190650240596,-1.3835190650240599,-0.4068173829660832
1,-0.6942367999636423,-0.3038872020613359,-1.1870968287155665,-1.1870968287155668,-1.3981917571924884
2,1.4458136636887569,0.157115026503619,-0.8597264348680782,-0.8597264348680784,0.3481915744207499
2,-0.6942367999636423,-1.4354381267207705,0.9735477706778566,0.9735477706778567,0.31078122067635744
2,-0.5515667690534823,-0.010522147520000953,0.31880698298287985,0.3188069829828799,-1.262154107212879
3,-0.6942367999636423,1.8753960602457236,0.18785882544388455,0.18785882544388444,0.5046348718973013
3,0.16178338549731738,0.8276637225980988,1.0390218494473542,1.0390218494473542,1.6762591323466893
1,1.0178035709582771,-1.3935288332148656,-0.008563410864608474,-0.008563410864608476,-2.1004861252122233
1,-0.6942367999636423,-0.6391615501085758,-1.7763635376410456,-1.7763635376410458,1.0028727649476215
3,-0.40889673814332245,-0.010522147520000953,1.0390218494473542,1.0390218494473542,0.06931439196255064
2,-0.6942367999636423,-1.4354381267207705,0.056910667904889196,0.056910667904888974,-2.064776242092576
0,1.0178035709582771,0.32475220052723897,0.2533329042133822,0.2533329042133819,-0.5921686810633013
3,-0.2662267072331625,-0.1781593215436209,1.3663922432948425,1.3663922432948425,0.6236678156294596
0,2.7298439418801967,1.2886659511630538,-0.27045972594259915,-0.2704597259425994,0.3481915744207499
2,-0.6942367999636423,-1.3097102462030557,-0.13951156840360382,-0.13951156840360396,-1.1091117509858182
2,-0.40889673814332245,0.40857078753904896,0.18785882544388455,0.18785882544388444,-1.5359298777968433
1,-0.6942367999636423,0.32475220052723897,-1.1870968287155665,-1.1870968287155668,0.7580049949843239
1,1.588483694598917,-1.1839823656853408,-2.300156167797027,-2.3001561677970273,-0.44762867795996647
1,3.5858641273411562,-0.9325266046499108,-1.3180449862545618,-1.318044986254562,-0.9951802191278951
1,1.0178035709582771,0.11520573299771401,-1.9073116951800408,-1.9073116951800413,-0.9492675122597769
1,0.8751335400481172,1.2467566576571487,-0.33593380471209683,-0.3359338047120969,-1.3709842271965669
0,-0.6942367999636423,-0.7229801371203858,-1.8418376164105432,-1.8418376164105437,-0.44932914858471124
1,-0.5515667690534823,-0.7229801371203858,-0.20498564717310147,-0.2049856471731014,0.20875298319164998
2,-0.6942367999636423,-0.13625002803771594,1.3663922432948425,1.3663922432948425,-1.4968190534277055
2,1.160473601868437,0.7019358420803838,1.3663922432948425,1.3663922432948425,2.1030772591577143
1,5.868584621903715,-0.8487080176381008,-1.121622749946069,-1.1216227499460691,-0.7163030366696952
0,-0.6942367999636423,1.0791194836335287,0.7116514555998659,0.7116514555998658,-0.7384091547913816
3,-0.40889673814332245,-0.1781593215436209,1.0390218494473542,1.0390218494473542,-0.36260514672271044
3,-0.6942367999636423,-1.1420730721794357,-0.20498564717310147,-0.2049856471731014,-1.0410929259960133
2,0.30445341640747736,-0.3038872020613359,1.5628144796033356,1.5628144796033354,1.0759930018116617
3,-0.2662267072331625,0.7019358420803838,0.38428106175237753,0.38428106175237736,0.27507133755670976
0,2.3018338491497166,-1.0163451916617208,0.9735477706778566,0.9735477706778567,-0.5377536210714574
1,-0.12355667632300252,-0.47152437608495584,-0.7287782773290828,-0.7287782773290833,0.7631064068585596
2,-0.5515667690534823,0.534298668056764,-2.1692080102580316,-2.169208010258032,-0.18745667237396282
2,-0.6942367999636423,-1.4354381267207705,-0.6633041985595851,-0.6633041985595852,-0.17555337800074694
3,-0.6942367999636423,0.9114823096099088,0.38428106175237753,0.38428106175237736,-0.5224493854487514
2,1.4458136636887569,-0.8067987241321958,0.7771255343693636,0.7771255343693638,-1.107411280361073
0,-0.6942367999636423,1.7496681797280087,-0.13951156840360382,-0.13951156840360396,1.6422497198517871
0,0.16178338549731738,0.8276637225980988,-1.8418376164105432,-1.8418376164105437,0.8464294674710702
1,-0.6942367999636423,1.0372101901276238,-0.33593380471209683,-0.3359338047120969,-1.1397202222312302
1,-0.6942367999636423,0.7438451355862888,-0.8597264348680782,-0.8597264348680784,0.8889412330896982
1,-0.6942367999636423,0.6600265485744788,-0.9906745924070736,-0.9906745924070737,0.17984498257098322
3,-0.6942367999636423,-0.42961508257905084,1.3663922432948425,1.3663922432948425,-1.2706564603366044
2,0.7324635091379572,-0.7648894306262908,0.31880698298287985,0.3188069829828799,-0.005506315526234883
0,0.8751335400481172,-0.5134336695908608,-1.6454153801020501,-1.6454153801020504,-0.7537133904140877
1,0.01911335458715743,-0.5972522566026708,-1.7763635376410456,-1.7763635376410458,-1.3641823446975863
1,-0.6942367999636423,-0.2200686150495259,-0.5978301197900875,-0.5978301197900878,-0.9781755128804439
2,-0.5515667690534823,0.40857078753904896,-1.3180449862545618,-1.318044986254562,0.2903755731794158
1,-0.6942367999636423,-1.1420730721794357,-1.2525709074850642,-1.2525709074850646,-1.0734018678661708
0,2.3018338491497166,0.6600265485744788,0.7116514555998659,0.7116514555998658,0.07781674508627576
1,-0.6942367999636423,-1.4354381267207705,-1.2525709074850642,-1.2525709074850646,-1.7025759990218652
0,-0.2662267072331625,0.11520573299771401,0.31880698298287985,0.3188069829828799,-1.105710809736328
3,-0.6942367999636423,-1.4354381267207705,-0.5323560410205899,-0.5323560410205898,-0.11093549426043252
3,0.5897934782277973,-0.2619779085554309,1.3663922432948425,1.3663922432948425,-0.7996260972822065
1,-0.6942367999636423,-1.0163451916617208,-0.9906745924070736,-0.9906745924070737,0.12542992257913932
2,-0.6942367999636423,0.32475220052723897,0.8425996131388612,0.8425996131388612,-0.25037408548953244
2,-0.12355667632300252,1.3305752446689587,-0.4014078834815945,-0.4014078834815949,1.904122196062535
0,-0.6942367999636423,0.45048008104495396,1.1044959282168518,1.1044959282168523,1.2664457117831154
0,-0.12355667632300252,0.576207961562669,1.1699700069863497,1.1699700069863497,0.5454461668911839
3,-0.40889673814332245,0.32475220052723897,0.2533329042133822,0.2533329042133819,-1.149923045979701
1,-0.40889673814332245,0.157115026503619,-1.5144672225630549,-1.5144672225630553,-0.30989055735561133
3,-0.6942367999636423,0.36666149403314396,1.1699700069863497,1.1699700069863497,0.5165381662705172
0,-0.6942367999636423,-1.4354381267207705,-0.46688196225109213,-0.46688196225109235,-0.8897510403936978
1,-0.5515667690534823,0.6600265485744788,-0.7287782773290828,-0.7287782773290833,0.41791087003529986
2,-0.6942367999636423,-0.8067987241321958,1.4318663220643402,1.4318663220643406,-0.04121619864588256
2,1.8738237564192368,-0.5972522566026708,1.1044959282168518,1.1044959282168523,1.3905800673895092
2,1.0178035709582771,1.1629380706453387,1.2354440857558473,1.235444085755847,1.3089574774017434
2,-0.6942367999636423,0.40857078753904896,-0.20498564717310147,-0.2049856471731014,-0.6040719754365173
3,-0.6942367999636423,-0.6391615501085758,1.0390218494473542,1.0390218494473542,0.10842521633168788
3,-0.6942367999636423,-0.9325266046499108,1.4318663220643402,1.4318663220643406,-0.260576909238003
3,2.7298439418801967,2.4621261693283936,2.0211330309898194,2.02113303098982,-0.1245392592583932
2,0.7324635091379572,-0.5972522566026708,-0.13951156840360382,-0.13951156840360396,0.07441580383678559
1,-0.6942367999636423,-1.4354381267207705,-1.2525709074850642,-1.2525709074850646,-0.03781525739639239
0,-0.6942367999636423,-0.2619779085554309,0.2533329042133822,0.2533329042133819,0.17984498257098322
1,-0.6942367999636423,-0.7648894306262908,-0.07403748963410614,-0.0740374896341065,1.3803772436410382
2,-0.6942367999636423,-0.010522147520000953,-1.3835190650240596,-1.3835190650240599,0.273370866931965
1,-0.6942367999636423,-0.3457964955672409,-0.8597264348680782,-0.8597264348680784,0.07441580383678559
2,-0.6942367999636423,-0.5134336695908608,0.4497551405218752,0.4497551405218754,-0.03101337489741145
1,-0.6942367999636423,-0.2200686150495259,-1.121622749946069,-1.1216227499460691,-1.430500699062646
2,0.16178338549731738,-0.13625002803771594,2.1520811885288147,2.1520811885288147,-1.3352743440769193
1,0.7324635091379572,1.5820310057043887,-0.7942523560985805,-0.7942523560985807,1.444995127381353
0,-0.6942367999636423,0.6600265485744788,1.6937626371423309,1.6937626371423309,0.22915863068859157
1,-0.6942367999636423,-0.3038872020613359,-2.0382598527190363,-2.0382598527190368,0.47572687127663393
3,0.5897934782277973,-0.42961508257905084,1.3663922432948425,1.3663922432948425,1.5810327773609623
0,2.4445038800598766,-1.2678009526971508,0.18785882544388455,0.18785882544388444,-1.2536517540891534
2,-0.6942367999636423,-0.9744358981558158,-0.9252005136375758,-0.9252005136375762,-1.7042764696466104
1,-0.12355667632300252,1.2467566576571487,-0.20498564717310147,-0.2049856471731014,2.4533742078552097
3,-0.12355667632300252,0.8695730161040038,2.086607109759317,2.0866071097593175,0.06081203883882491
0,-0.6942367999636423,0.03138714598590404,-0.008563410864608474,-0.008563410864608476,-0.37450844109592635
0,-0.5515667690534823,-0.42961508257905084,1.7592367159118285,1.759236715911829,0.5964602856335376
0,-0.6942367999636423,0.199024320009524,0.4497551405218752,0.4497551405218754,0.09142051008423703
1,0.7324635091379572,0.07329643949180903,-0.008563410864608474,-0.008563410864608476,0.12713039320388472
2,3.0151840037005164,-0.42961508257905084,-1.6454153801020501,-1.6454153801020504,0.8889412330896982
1,-0.5515667690534823,0.534298668056764,-0.5323560410205899,-0.5323560410205898,0.6117645212562437
2,0.01911335458715743,1.3724845381748638,0.12238474667438687,0.122384746674387,1.062389236813701
3,-0.6942367999636423,0.576207961562669,1.0390218494473542,1.0390218494473542,-1.4253992871884105
0,-0.6942367999636423,-1.1420730721794357,0.18785882544388455,0.18785882544388444,-1.6430595271557862
3,0.30445341640747736,0.45048008104495396,0.4497551405218752,0.4497551405218754,-0.1466453773800802
2,-0.6942367999636423,-1.3516195397089608,0.8425996131388612,0.8425996131388612,-1.121015045359034
0,1.588483694598917,-1.1839823656853408,-0.13951156840360382,-0.13951156840360396,-1.656663292153747
3,-0.6942367999636423,0.9953008966217188,2.3485034248373076,2.3485034248373085,-0.9424656297607963
3,-0.6942367999636423,-1.4354381267207705,0.31880698298287985,0.3188069829828799,0.31078122067635744
2,-0.6942367999636423,-0.8067987241321958,1.3663922432948425,1.3663922432948425,-0.2860839686091795
1,-0.12355667632300252,-0.7648894306262908,-1.121622749946069,-1.1216227499460691,0.9790661762011897
0,-0.6942367999636423,-0.9325266046499108,-1.5144672225630549,-1.5144672225630553,0.2699699256824748
3,-0.2662267072331625,-1.4354381267207705,-0.20498564717310147,-0.2049856471731014,-1.8743235321211225
1,0.16178338549731738,1.1210287771394338,-1.710889458871548,-1.7108894588715482,1.0487854718157397
0,0.7324635091379572,2.043033234269344,0.2533329042133822,0.2533329042133819,1.9313297260584574
3,-0.2662267072331625,-0.2619779085554309,0.7771255343693636,0.7771255343693638,-1.7144792933950812
3,-0.6942367999636423,2.1268518212811536,0.5807032980608705,0.5807032980608703,0.38900286941463313
1,0.5897934782277973,0.7438451355862888,-1.3180449862545618,-1.318044986254562,-0.2146642023698848
0,0.30445341640747736,0.576207961562669,-0.13951156840360382,-0.13951156840360396,0.18664686506996356
2,0.8751335400481172,-1.3935288332148656,0.056910667904889196,0.056910667904888974,-0.3643056173474552
3,1.303143632778597,0.9953008966217188,2.2175552672983123,2.2175552672983123,-1.107411280361073
1,-0.6942367999636423,0.03138714598590404,-2.1692080102580316,-2.169208010258032,0.06251250946356969
1,0.30445341640747736,0.03138714598590404,-0.5978301197900875,-0.5978301197900878,1.074292531186917
0,-0.6942367999636423,0.32475220052723897,-0.9906745924070736,-0.9906745924070737,0.20705251256690518
1,-0.2662267072331625,1.9173053537516287,-0.9906745924070736,-0.9906745924070737,0.5573494612643998
3,-0.6942367999636423,-1.4354381267207705,0.8425996131388612,0.8425996131388612,-0.4510296192094566
2,-0.5515667690534823,0.8276637225980988,0.056910667904889196,0.056910667904888974,-0.2554754973637674
2,-0.6942367999636423,0.32475220052723897,0.7771255343693636,0.7771255343693638,0.293776514428906
2,0.30445341640747736,0.576207961562669,1.4318663220643402,1.4318663220643406,-0.5870672691890664
1,-0.6942367999636423,-1.1001637786735308,-0.33593380471209683,-0.3359338047120969,-1.5376303484215885
3,0.01911335458715743,-1.0163451916617208,-0.46688196225109213,-0.46688196225109235,-0.4442277367104763
0,-0.5515667690534823,2.8393098108815384,0.18785882544388455,0.18785882544388444,1.589535130484688
1,1.160473601868437,0.07329643949180903,-1.056148671176571,-1.0561486711765713,-1.0665999853671901
1,-0.12355667632300252,0.45048008104495396,-0.7942523560985805,-0.7942523560985807,-1.432201169687391
2,0.01911335458715743,-0.1781593215436209,-1.121622749946069,-1.1216227499460691,0.1713426294472575
2,-0.6942367999636423,-1.4354381267207705,1.497340400833838,1.497340400833838,-1.7467882352652384
3,0.8751335400481172,0.40857078753904896,-0.33593380471209683,-0.3359338047120969,-0.9475670416350318
2,-0.6942367999636423,-1.0163451916617208,0.056910667904889196,0.056910667904888974,-1.6158519971598642
2,-0.12355667632300252,1.2048473641512438,1.0390218494473542,1.0390218494473542,0.46552404752816345
3,-0.2662267072331625,0.6600265485744788,-1.1870968287155665,-1.1870968287155668,0.6729814637470679
1,0.5897934782277973,0.11520573299771401,0.18785882544388455,0.18785882544388444,0.6627786399985974
3,-0.6942367999636423,-0.13625002803771594,0.2533329042133822,0.2533329042133819,-0.31499196922984685
3,1.160473601868437,1.3724845381748638,1.0390218494473542,1.0390218494473542,-0.8234326860286376
2,1.160473601868437,1.5820310057043887,2.086607109759317,2.0866071097593175,0.22405721881435664
1,-0.6942367999636423,-1.4354381267207705,-0.7942523560985805,-0.7942523560985807,-0.7282063310429111
1,0.7324635091379572,-0.9744358981558158,-0.5978301197900875,-0.5978301197900878,0.22405721881435664
3,-0.6942367999636423,0.7438451355862888,0.5807032980608705,0.5807032980608703,0.8056181724771876
3,-0.2662267072331625,1.1210287771394338,0.31880698298287985,0.3188069829828799,2.18129890789599
3,-0.2662267072331625,-1.2678009526971508,0.9735477706778566,0.9735477706778567,-0.8829491578947171
2,1.4458136636887569,-1.1420730721794357,0.9735477706778566,0.9735477706778567,-0.21296373174513938
0,-0.5515667690534823,-0.8906173111440058,-0.27045972594259915,-0.2704597259425994,0.603262168132518
0,0.5897934782277973,-0.7229801371203858,1.6282885583728333,1.6282885583728335,-0.1041336117614522
1,-0.6942367999636423,-1.4354381267207705,-1.8418376164105432,-1.8418376164105437,0.14583557007608094
1,0.5897934782277973,-0.6810708436144808,-0.07403748963410614,-0.0740374896341065,0.5522480493901648
0,-0.6942367999636423,-0.8067987241321958,-1.3180449862545618,-1.318044986254562,0.5199391075200074
3,-0.6942367999636423,-1.4354381267207705,0.8425996131388612,0.8425996131388612,-0.4595319723331823
0,0.01911335458715743,-0.1781593215436209,0.38428106175237753,0.38428106175237736,0.3141821619258476
0,0.5897934782277973,1.3305752446689587,0.18785882544388455,0.18785882544388444,0.7222951118646769
2,-0.6942367999636423,-1.4354381267207705,0.2533329042133822,0.2533329042133819,-0.3081900867308665
3,2.016493787329397,1.0372101901276238,2.0211330309898194,2.02113303098982,1.2120306517912713
2,-0.6942367999636423,-0.8487080176381008,-0.46688196225109213,-0.46688196225109235,-1.291062107833546
2,-0.6942367999636423,-0.7229801371203858,-0.7287782773290828,-0.7287782773290833,-0.5020437379518103
0,1.4458136636887569,-0.13625002803771594,-1.4489931437935573,-1.4489931437935575,0.5777551087613414
0,-0.6942367999636423,1.5820310057043887,-0.33593380471209683,-0.3359338047120969,1.4739031280020198
3,1.0178035709582771,0.7438451355862888,1.3663922432948425,1.3663922432948425,1.137209944302486
0,-0.6942367999636423,0.49238937455085896,0.7116514555998659,0.7116514555998658,-1.5104228184256665
1,-0.6942367999636423,-0.13625002803771594,-1.7763635376410456,-1.7763635376410458,0.28867510255467105
0,0.7324635091379572,-0.5972522566026708,-0.9252005136375758,-0.9252005136375762,0.6219673450047148
3,-0.6942367999636423,-1.1420730721794357,0.7771255343693636,0.7771255343693638,-1.090406574113622
2,-0.6942367999636423,-1.3935288332148656,1.1044959282168518,1.1044959282168523,-0.20786231987090445
0,1.4458136636887569,0.7019358420803838,0.31880698298287985,0.3188069829828799,1.9840443154255567
3,2.016493787329397,1.5401217121984836,1.3663922432948425,1.3663922432948425,-0.6295790348076944
0,-0.6942367999636423,1.0372101901276238,0.12238474667438687,0.122384746674387,2.2255111441393627
3,-0.6942367999636423,-0.13625002803771594,0.5807032980608705,0.5807032980608703,-0.014008668649960606
0,-0.6942367999636423,0.32475220052723897,-0.33593380471209683,-0.3359338047120969,-1.1431211634807203
3,1.0178035709582771,-0.09434073453181094,1.5628144796033356,1.5628144796033354,-1.4083945809409593
0,-0.6942367999636423,0.199024320009524,0.31880698298287985,0.3188069829828799,0.2716703963072196
1,-0.6942367999636423,-1.1839823656853408,-0.46688196225109213,-0.46688196225109235,-0.26227737986274835
2,0.01911335458715743,1.6658495927161987,-0.27045972594259915,-0.2704597259425994,0.9144482924608753
3,-0.6942367999636423,0.6600265485744788,1.497340400833838,1.497340400833838,-0.03101337489741145
2,-0.6942367999636423,-0.1781593215436209,1.1044959282168518,1.1044959282168523,0.37880004566616204
0,1.4458136636887569,-0.6810708436144808,-0.008563410864608474,-0.008563410864608476,0.03190403821815758
0,0.8751335400481172,-0.2619779085554309,-0.5323560410205899,-0.5323560410205898,0.7478021712358535
1,-0.6942367999636423,-0.6810708436144808,0.5152292192913729,0.5152292192913729,-1.7178802346445714
0,-0.6942367999636423,2.3363982888106785,0.4497551405218752,0.4497551405218754,1.05558735431472
1,2.016493787329397,2.5040354628342985,-1.3180449862545618,-1.318044986254562,1.5453228942413153
0,-0.6942367999636423,1.1210287771394338,-0.5978301197900875,-0.5978301197900878,2.0469617285411257
0,-0.6942367999636423,-1.0163451916617208,-0.4014078834815945,-0.4014078834815949,1.0538868836899753
2,0.16178338549731738,0.534298668056764,1.300918164525345,1.3009181645253451,1.035181706817779
0,-0.6942367999636423,0.8695730161040038,-0.5978301197900875,-0.5978301197900878,-0.4595319723331823
1,-0.6942367999636423,-0.3038872020613359,-0.9906745924070736,-0.9906745924070737,1.1457122974262117
3,0.16178338549731738,1.0372101901276238,0.6461773768303682,0.6461773768303684,0.618566403755224
1,0.16178338549731738,-0.5972522566026708,-0.9252005136375758,-0.9252005136375762,0.7835120543555011
1,-0.6942367999636423,-0.2200686150495259,-1.3180449862545618,-1.318044986254562,-1.4151964634399399
2,-0.6942367999636423,-1.0163451916617208,-0.7942523560985805,-0.7942523560985807,0.4111089875363195
1,-0.6942367999636423,-1.4354381267207705,-2.7584747191835106,-2.758474719183511,-1.2077390472210352
3,1.8738237564192368,0.36666149403314396,1.1044959282168518,1.1044959282168523,-0.7078006835459695
0,0.4471234473176373,0.32475220052723897,-0.27045972594259915,-0.2704597259425994,-0.07692608176553023
0,-0.6942367999636423,1.0791194836335287,0.38428106175237753,0.38428106175237736,-0.9968806897526402
2,-0.6942367999636423,-1.3935288332148656,1.0390218494473542,1.0390218494473542,-1.3233710497037032
1,-0.6942367999636423,-1.3935288332148656,-0.7287782773290828,-0.7287782773290833,-0.9050552760164038
2,-0.40889673814332245,0.157115026503619,-0.07403748963410614,-0.0740374896341065,0.7290969943636573
1,-0.6942367999636423,-1.1839823656853408,-0.7287782773290828,-0.7287782773290833,0.12713039320388472
1,0.8751335400481172,3.5517678004819233,-2.103733931488534,-2.1037339314885344,1.8871174898150846
3,-0.6942367999636423,-0.6810708436144808,0.7771255343693636,0.7771255343693638,0.08121768633576593
1,-0.6942367999636423,0.6600265485744788,-0.5978301197900875,-0.5978301197900878,-0.27077973298647345
3,-0.6942367999636423,-0.42961508257905084,1.497340400833838,1.497340400833838,-0.47993761983012334
2,-0.6942367999636423,-0.6391615501085758,-1.710889458871548,-1.7108894588715482,-0.35750373484847486
2,-0.40889673814332245,0.9114823096099088,-0.7942523560985805,-0.7942523560985807,0.4808282831508695
2,-0.40889673814332245,1.4143938316807687,0.2533329042133822,0.2533329042133819,-0.11773737675941286
3,-0.6942367999636423,2.3363982888106785,1.6937626371423309,1.6937626371423309,1.5266177173691184
3,0.16178338549731738,0.11520573299771401,0.5152292192913729,0.5152292192913729,-0.5955696223127915
3,-0.5515667690534823,-0.5553429630967658,0.12238474667438687,0.122384746674387,1.12530664992927
1,-0.6942367999636423,0.07329643949180903,-0.8597264348680782,-0.8597264348680784,1.028379824318798
2,-0.6942367999636423,1.2048473641512438,1.0390218494473542,1.0390218494473542,-0.2469731442400423
1,-0.6942367999636423,-0.1781593215436209,-0.6633041985595851,-0.6633041985595852,-0.9883783366289147
3,-0.2662267072331625,0.8276637225980988,2.1520811885288147,2.1520811885288147,1.0606887661889557
1,0.5897934782277973,-0.052431441025905946,-0.7287782773290828,-0.7287782773290833,0.15263745257506128
3,-0.6942367999636423,-0.9325266046499108,0.6461773768303682,0.6461773768303684,0.2699699256824748
0,-0.6942367999636423,-0.8067987241321958,0.38428106175237753,0.38428106175237736,1.031780765568289
3,0.01911335458715743,-0.5553429630967658,-0.5978301197900875,-0.5978301197900878,-1.741686823391003
0,-0.6942367999636423,2.1268518212811536,0.7771255343693636,0.7771255343693638,2.3360417347477966
1,-0.6942367999636423,-1.0582544851676257,-0.46688196225109213,-0.46688196225109235,-0.7503124491645975
3,-0.6942367999636423,0.7019358420803838,1.3663922432948425,1.3663922432948425,-0.9424656297607963
2,0.16178338549731738,-0.13625002803771594,-1.1870968287155665,-1.1870968287155668,-0.7571143316635784
2,-0.6942367999636423,0.11520573299771401,1.0390218494473542,1.0390218494473542,-1.612451055910374
3,-0.12355667632300252,0.03138714598590404,-0.5978301197900875,-0.5978301197900878,-1.6787694102754334
0,-0.6942367999636423,0.240933613515429,0.31880698298287985,0.3188069829828799,0.33118686817329906
2,-0.6942367999636423,-1.4354381267207705,0.7771255343693636,0.7771255343693638,-0.3251947929783174
3,1.7311537255090768,-0.052431441025905946,0.2533329042133822,0.2533329042133819,0.6117645212562437
2,0.4471234473176373,1.4982124186925787,-0.008563410864608474,-0.008563410864608476,0.04550780321611885
2,-0.6942367999636423,0.8276637225980988,1.2354440857558473,1.235444085755847,0.598160756258283
0,-0.6942367999636423,-0.052431441025905946,0.7116514555998659,0.7116514555998658,-0.5768644454405952
2,-0.6942367999636423,-1.2678009526971508,1.7592367159118285,1.759236715911829,-2.0630757714678305
1,0.01911335458715743,-0.13625002803771594,-1.9073116951800408,-1.9073116951800413,1.6677567792229637
2,-0.6942367999636423,1.5820310057043887,0.5807032980608705,0.5807032980608703,0.7205946412399316
0,1.588483694598917,0.49238937455085896,-1.1870968287155665,-1.1870968287155668,0.2818732200556907
2,0.4471234473176373,0.618117255068574,1.5628144796033356,1.5628144796033354,-1.146522104730211
2,0.4471234473176373,2.7974005173756336,-0.4014078834815945,-0.4014078834815949,-1.3522790503243702
0,-0.6942367999636423,-0.2619779085554309,0.5152292192913729,0.5152292192913729,0.49273157752408536
0,-0.6942367999636423,-0.3457964955672409,1.2354440857558473,1.235444085755847,-0.2979872629823954
2,0.7324635091379572,0.7857544290921938,0.6461773768303682,0.6461773768303684,0.4298141644085158
0,2.159163818239557,-0.5134336695908608,-1.121622749946069,-1.1216227499460691,-1.7076774108961006
2,-0.6942367999636423,0.534298668056764,-0.008563410864608474,-0.008563410864608476,0.2597671019340037
2,-0.6942367999636423,0.07329643949180903,-1.056148671176571,-1.0561486711765713,1.2681461824078601
0,-0.40889673814332245,1.1210287771394338,0.7771255343693636,0.7771255343693638,1.7391765454622585
2,-0.6942367999636423,-1.2678009526971508,0.38428106175237753,0.38428106175237736,-0.6652889179273415
3,1.588483694598917,0.28284290702133397,0.5807032980608705,0.5807032980608703,-0.33879855797627867
3,-0.6942367999636423,-0.3038872020613359,-0.5978301197900875,-0.5978301197900878,0.08972003945949165
0,-0.6942367999636423,1.8334867667398187,-2.1692080102580316,-2.169208010258032,2.722048566564938
3,1.4458136636887569,1.7077588862221036,1.2354440857558473,1.235444085755847,1.635447837352806
1,-0.2662267072331625,-0.1781593215436209,-0.7287782773290828,-0.7287782773290833,0.3260854562990635
3,-0.6942367999636423,0.618117255068574,0.38428106175237753,0.38428106175237736,-1.4219983459389203
3,-0.6942367999636423,0.199024320009524,-0.5323560410205899,-0.5323560410205898,0.0948214513337272
1,-0.6942367999636423,-1.3516195397089608,-1.5144672225630549,-1.5144672225630553,-0.35240232297423935
3,1.0178035709582771,-1.1420730721794357,0.12238474667438687,0.122384746674387,-0.4986427967023196
0,-0.6942367999636423,-1.0163451916617208,-1.710889458871548,-1.7108894588715482,0.683184287495539
1,-0.6942367999636423,-0.9325266046499108,-0.9906745924070736,-0.9906745924070737,1.1814221805458593
0,0.30445341640747736,0.240933613515429,0.2533329042133822,0.2533329042133819,-0.7588148022883232
0,-0.6942367999636423,0.534298668056764,0.8425996131388612,0.8425996131388612,0.19174827694419913
3,0.01911335458715743,0.9953008966217188,1.1044959282168518,1.1044959282168523,1.3208607717749592
3,-0.6942367999636423,-1.3097102462030557,1.1699700069863497,1.1699700069863497,-0.4765366785806332
1,-0.6942367999636423,-0.42961508257905084,-0.46688196225109213,-0.46688196225109235,0.6253682862542049
3,0.30445341640747736,0.07329643949180903,-0.5978301197900875,-0.5978301197900878,0.44851934128071197
2,2.159163818239557,1.2886659511630538,0.31880698298287985,0.3188069829828799,0.555648990639655
3,-0.6942367999636423,-0.47152437608495584,0.6461773768303682,0.6461773768303684,-1.1261164572332694
0,-0.6942367999636423,-0.47152437608495584,-0.13951156840360382,-0.13951156840360396,1.040283118692014
3,-0.6942367999636423,1.7077588862221036,1.497340400833838,1.497340400833838,2.6472278590761533
2,-0.6942367999636423,-0.8906173111440058,0.9735477706778566,0.9735477706778567,1.5249172467443737
3,-0.40889673814332245,-0.8487080176381008,1.3663922432948425,1.3663922432948425,-0.20446137862141428
2,0.30445341640747736,-0.5134336695908608,1.300918164525345,1.3009181645253451,-0.17045196612651137
2,0.4471234473176373,1.0372101901276238,-0.5323560410205899,-0.5323560410205898,-0.8557416278987952
2,0.01911335458715743,-0.8067987241321958,-0.6633041985595851,-0.6633041985595852,-0.04631761052011811
2,-0.6942367999636423,-1.1001637786735308,3.461562763918768,3.4615627639187685,0.13733321695235523
3,-0.6942367999636423,-0.5134336695908608,0.9735477706778566,0.9735477706778567,-0.7231049191686756
1,1.303143632778597,-0.3457964955672409,-1.5144672225630549,-1.5144672225630553,1.0436840599415043
0,1.7311537255090768,-0.7648894306262908,-1.710889458871548,-1.7108894588715482,-0.16194961300278626
2,-0.6942367999636423,-1.4354381267207705,1.890184873450824,1.8901848734508238,0.0012955669727454542
1,-0.6942367999636423,-1.1839823656853408,-0.46688196225109213,-0.46688196225109235,-1.967849416482104
1,-0.2662267072331625,2.923128397893348,-0.6633041985595851,-0.6633041985595852,-0.0905298467634909
3,0.5897934782277973,0.7019358420803838,0.38428106175237753,0.38428106175237736,-1.2247437534684862
3,0.01911335458715743,-0.3457964955672409,0.7116514555998659,0.7116514555998658,1.3531697136451162
1,1.8738237564192368,-0.2619779085554309,-0.7287782773290828,-0.7287782773290833,0.09822239258321737
3,-0.6942367999636423,0.45048008104495396,0.5152292192913729,0.5152292192913729,1.0419835893167593
1,-0.6942367999636423,-0.1781593215436209,-1.056148671176571,-1.0561486711765713,0.29887792630314153
3,-0.6942367999636423,-1.0163451916617208,1.890184873450824,1.8901848734508238,0.8260238199741291
0,3.3005240655208365,1.5820310057043887,-0.8597264348680782,-0.8597264348680784,0.788613466229736
3,-0.6942367999636423,-0.7229801371203858,0.9080736919083588,0.9080736919083586,-1.231545635967467
3,-0.6942367999636423,-0.3038872020613359,-0.13951156840360382,-0.13951156840360396,0.7239955824894216
2,0.01911335458715743,0.7857544290921938,0.4497551405218752,0.4497551405218754,2.351345970370502
0,1.303143632778597,0.7019358420803838,-1.056148671176571,-1.0561486711765713,0.26656898443298466
1,0.30445341640747736,-0.010522147520000953,-1.4489931437935573,-1.4489931437935575,-1.0325905728722877
0,-0.6942367999636423,-1.3097102462030557,0.18785882544388455,0.18785882544388444,-0.3115910279803567
0,-0.5515667690534823,0.576207961562669,0.31880698298287985,0.3188069829828799,0.5046348718973013
1,0.16178338549731738,0.8695730161040038,-0.46688196225109213,-0.46688196225109235,1.222233475539742
3,-0.6942367999636423,-0.6391615501085758,0.4497551405218752,0.4497551405218754,0.8447289968463254
0,-0.6942367999636423,-1.3097102462030557,-1.2525709074850642,-1.2525709074850646,-0.4765366785806332
2,-0.5515667690534823,-0.2619779085554309,-1.3835190650240596,-1.3835190650240599,-0.49524185545282945
3,-0.6942367999636423,-1.4354381267207705,0.5152292192913729,0.5152292192913729,-0.9747745716309537
1,-0.6942367999636423,-0.2200686150495259,-0.46688196225109213,-0.46688196225109235,0.2393614544370627
2,-0.12355667632300252,2.043033234269344,1.300918164525345,1.3009181645253451,-0.1687514955017666
1,0.5897934782277973,0.7019358420803838,-0.5323560410205899,-0.5323560410205898,-0.922059982263855
2,-0.6942367999636423,0.7857544290921938,-0.07403748963410614,-0.0740374896341065,-1.0836046916146413
0,-0.6942367999636423,-0.13625002803771594,-0.4014078834815945,-0.4014078834815949,-0.4986427967023196
2,5.297904498263076,-1.3097102462030557,-1.056148671176571,-1.0561486711765713,-0.9951802191278951
1,-0.6942367999636423,-1.4354381267207705,-0.20498564717310147,-0.2049856471731014,-0.9271613941380902
0,-0.6942367999636423,1.8334867667398187,-0.7287782773290828,-0.7287782773290833,-0.5734635041911051
2,-0.6942367999636423,0.534298668056764,0.4497551405218752,0.4497551405218754,-0.3660060879722006
3,0.01911335458715743,0.576207961562669,0.12238474667438687,0.122384746674387,1.1695188861726433
1,-0.5515667690534823,-0.1781593215436209,-0.46688196225109213,-0.46688196225109235,1.206929239917036
3,-0.6942367999636423,-1.1001637786735308,1.300918164525345,1.3009181645253451,-0.00720678615098027
3,-0.6942367999636423,1.1210287771394338,1.300918164525345,1.3009181645253451,-1.1975362234725644
0,-0.6942367999636423,-1.2258916591912457,0.5152292192913729,0.5152292192913729,0.02510215571917724
2,-0.2662267072331625,0.11520573299771401,-0.4014078834815945,-0.4014078834815949,0.40090616378784905
0,-0.6942367999636423,-0.5134336695908608,-0.7942523560985805,-0.7942523560985807,-0.5190484441992612
2,-0.5515667690534823,1.7077588862221036,1.8247107946813264,1.8247107946813264,0.21215392444114073
0,-0.6942367999636423,-0.010522147520000953,0.38428106175237753,0.38428106175237736,0.5811560500108316
0,-0.12355667632300252,-0.8487080176381008,-0.13951156840360382,-0.13951156840360396,0.05060921509035381
1,2.4445038800598766,3.258402745940588,-0.5323560410205899,-0.5323560410205898,-0.14154396550584464
2,-0.6942367999636423,1.0372101901276238,0.12238474667438687,0.122384746674387,1.1882240630448397
0,-0.6942367999636423,0.534298668056764,0.9080736919083588,0.9080736919083586,0.5828565206355769
2,1.588483694598917,-0.3038872020613359,0.5807032980608705,0.5807032980608703,-1.5342294071720983
0,-0.6942367999636423,-1.2678009526971508,-0.07403748963410614,-0.0740374896341065,-1.0683004559919351
2,0.16178338549731738,-0.3457964955672409,-0.20498564717310147,-0.2049856471731014,0.023401685094431853
1,-0.6942367999636423,0.11520573299771401,-1.1870968287155665,-1.1870968287155668,0.9178492337103655
2,-0.6942367999636423,-0.13625002803771594,1.0390218494473542,1.0390218494473542,-0.17555337800074694
1,0.30445341640747736,2.043033234269344,-0.07403748963410614,-0.0740374896341065,0.7188941706151861
0,-0.6942367999636423,-0.9325266046499108,0.31880698298287985,0.3188069829828799,0.37880004566616204
2,-0.6942367999636423,-1.1420730721794357,0.31880698298287985,0.3188069829828799,0.19174827694419913
1,0.30445341640747736,1.5401217121984836,-0.20498564717310147,-0.2049856471731014,1.2137311224160163
0,-0.5515667690534823,-1.4354381267207705,0.6461773768303682,0.6461773768303684,0.29717745567839676
1,1.160473601868437,0.7019358420803838,-0.4014078834815945,-0.4014078834815949,-1.333573873452174
1,1.8738237564192368,-0.3038872020613359,-0.7287782773290828,-0.7287782773290833,1.1185047674302897
1,0.30445341640747736,0.240933613515429,-0.9252005136375758,-0.9252005136375762,0.9892689999496609
1,1.303143632778597,0.11520573299771401,-1.4489931437935573,-1.4489931437935575,0.05571062696458936
1,-0.6942367999636423,-0.2619779085554309,-1.056148671176571,-1.0561486711765713,-0.4102183242155734
3,-0.6942367999636423,-1.4354381267207705,1.6937626371423309,1.6937626371423309,-0.35750373484847486
0,1.4458136636887569,-0.3457964955672409,0.12238474667438687,0.122384746674387,1.2681461824078601
2,-0.6942367999636423,0.11520573299771401,0.18785882544388455,0.18785882544388444,-1.2502508128396632
3,-0.6942367999636423,-0.42961508257905084,0.38428106175237753,0.38428106175237736,-1.2434489303406828
3,-0.6942367999636423,2.2106704082929634,-0.27045972594259915,-0.2704597259425994,-0.5173479735745165
3,-0.6942367999636423,-0.2619779085554309,0.6461773768303682,0.6461773768303684,0.7580049949843239
3,-0.6942367999636423,-0.9325266046499108,1.2354440857558473,1.235444085755847,0.29887792630314153
1,-0.6942367999636423,1.0372101901276238,-0.6633041985595851,-0.6633041985595852,0.6423729925016558
3,-0.40889673814332245,1.9592146472575336,0.31880698298287985,0.3188069829828799,1.0419835893167593
1,-0.6942367999636423,-1.4354381267207705,-0.8597264348680782,-0.8597264348680784,0.5097362837715368
0,-0.6942367999636423,-1.1839823656853408,-1.1870968287155665,-1.1870968287155668,-0.7180035072944406
3,-0.6942367999636423,-0.13625002803771594,0.12238474667438687,0.122384746674387,-1.1788310466003682
0,0.01911335458715743,-1.4354381267207705,-1.056148671176571,-1.0561486711765713,-0.9050552760164038
2,0.30445341640747736,1.7915774732339136,-0.5323560410205899,-0.5323560410205898,2.6455273884514074
3,-0.6942367999636423,-1.4354381267207705,0.5807032980608705,0.5807032980608703,-0.755413861038833
2,1.160473601868437,1.3305752446689587,-1.3180449862545618,-1.318044986254562,-1.277458342835585
3,-0.6942367999636423,0.7019358420803838,2.3485034248373076,2.3485034248373085,1.5317191292433538
1,-0.6942367999636423,-1.1001637786735308,-0.008563410864608474,-0.008563410864608476,-2.0783800070905367
1,-0.6942367999636423,0.240933613515429,-0.008563410864608474,-0.008563410864608476,1.104901002432329
1,0.4471234473176373,0.9533916031158138,-0.7287782773290828,-0.7287782773290833,0.5046348718973013
3,-0.6942367999636423,-1.2678009526971508,-0.5978301197900875,-0.5978301197900878,-0.6023715048117725
0,-0.6942367999636423,0.576207961562669,-0.9906745924070736,-0.9906745924070737,0.32778592692380887
0,0.30445341640747736,2.0011239407634385,-0.33593380471209683,-0.3359338047120969,-1.1142131628600533
0,-0.6942367999636423,-0.47152437608495584,0.5807032980608705,0.5807032980608703,0.7580049949843239
3,-0.6942367999636423,-0.9744358981558158,1.1699700069863497,1.1699700069863497,-1.0597981028682097
2,-0.6942367999636423,0.618117255068574,1.6937626371423309,1.6937626371423309,-0.19765949612243333
3,2.159163818239557,1.0372101901276238,1.5628144796033356,1.5628144796033354,1.5317191292433538
3,-0.6942367999636423,-0.9744358981558158,1.8247107946813264,1.8247107946813264,0.5590499318891452
2,-0.6942367999636423,-0.3457964955672409,0.2533329042133822,0.2533329042133819,-1.4236988165636655
0,4.584554343712276,-0.6391615501085758,-0.8597264348680782,-0.8597264348680784,-1.91003341524077
3,-0.6942367999636423,-1.2258916591912457,2.0211330309898194,2.02113303098982,-0.11943784738415825
0,-0.6942367999636423,0.11520573299771401,-0.13951156840360382,-0.13951156840360396,0.030203567593412792
2,-0.6942367999636423,-1.4354381267207705,0.7771255343693636,0.7771255343693638,-2.0579743595935955
3,0.4471234473176373,-1.1839823656853408,1.1044959282168518,1.1044959282168523,-0.5479564448199286
3,0.5897934782277973,0.534298668056764,-0.4014078834815945,-0.4014078834815949,0.2818732200556907
3,-0.6942367999636423,-0.5972522566026708,0.8425996131388612,0.8425996131388612,-1.6583637627784922
1,0.01911335458715743,-1.4354381267207705,-0.5978301197900875,-0.5978301197900878,-1.5155242302999021
0,1.303143632778597,-0.13625002803771594,-0.5323560410205899,-0.5323560410205898,-0.1789543192502371
0,-0.2662267072331625,-1.1001637786735308,-0.6633041985595851,-0.6633041985595852,0.293776514428906
2,-0.6942367999636423,-1.0582544851676257,0.12238474667438687,0.122384746674387,-0.8744468047709913
1,2.3018338491497166,-0.8067987241321958,-0.33593380471209683,-0.3359338047120969,-1.5733402315412361
3,1.0178035709582771,0.36666149403314396,1.0390218494473542,1.0390218494473542,0.443417929406477
0,-0.6942367999636423,0.32475220052723897,0.6461773768303682,0.6461773768303684,-0.35240232297423935
0,0.30445341640747736,0.9114823096099088,-2.0382598527190363,-2.0382598527190368,-1.3862884628192729
0,-0.6942367999636423,0.9953008966217188,-0.008563410864608474,-0.008563410864608476,-0.7299068016676565
1,-0.6942367999636423,-1.0582544851676257,-0.20498564717310147,-0.2049856471731014,-0.6669893885520869
2,-0.6942367999636423,-0.1781593215436209,-0.07403748963410614,-0.0740374896341065,1.4058843030122152
0,0.01911335458715743,-0.8067987241321958,-2.103733931488534,-2.1037339314885344,1.3089574774017434
1,-0.6942367999636423,-0.5553429630967658,-0.8597264348680782,-0.8597264348680784,-1.3913898746935083
0,1.7311537255090768,-0.3457964955672409,-0.5978301197900875,-0.5978301197900878,1.1491132386757017
2,0.01911335458715743,0.49238937455085896,1.1699700069863497,1.1699700069863497,-0.5564587979436543
1,-0.6942367999636423,0.9533916031158138,-1.1870968287155665,-1.1870968287155668,0.6933871112440095
1,-0.6942367999636423,0.40857078753904896,-0.7942523560985805,-0.7942523560985807,-1.0683004559919351
1,-0.6942367999636423,0.8695730161040038,-0.9906745924070736,-0.9906745924070737,0.2818732200556907
2,-0.6942367999636423,0.7438451355862888,1.4318663220643402,1.4318663220643406,0.6100640506314989
3,-0.6942367999636423,-0.47152437608495584,1.6937626371423309,1.6937626371423309,0.20875298319164998
2,-0.12355667632300252,1.4982124186925787,-0.5978301197900875,-0.5978301197900878,0.9433562930815421
0,1.4458136636887569,0.7857544290921938,-0.6633041985595851,-0.6633041985595852,0.26656898443298466
1,-0.6942367999636423,0.240933613515429,0.12238474667438687,0.122384746674387,0.34479063317125974
2,-0.6942367999636423,-1.1001637786735308,-0.7942523560985805,-0.7942523560985807,0.6508753456253815
0,-0.6942367999636423,-0.5134336695908608,-0.7942523560985805,-0.7942523560985807,0.7937148781039717
3,-0.6942367999636423,-0.7648894306262908,0.31880698298287985,0.3188069829828799,0.23255957193808174
0,-0.40889673814332245,-0.7648894306262908,-2.1692080102580316,-2.169208010258032,-0.3660060879722006
2,-0.6942367999636423,-0.2200686150495259,0.8425996131388612,0.8425996131388612,-0.39491408859286736
3,1.4458136636887569,-0.9325266046499108,0.12238474667438687,0.122384746674387,1.1882240630448397
3,-0.6942367999636423,-0.1781593215436209,0.5807032980608705,0.5807032980608703,0.10842521633168788
3,-0.12355667632300252,-1.1839823656853408,0.5152292192913729,0.5152292192913729,-1.4832152884297445
2,1.160473601868437,-0.9325266046499108,-1.056148671176571,-1.0561486711765713,1.6167426604806099
2,1.588483694598917,-0.47152437608495584,1.1044959282168518,1.1044959282168523,-0.0905298467634909
2,-0.6942367999636423,-1.4354381267207705,2.1520811885288147,2.1520811885288147,-1.6515618802795116
0,2.159163818239557,1.8753960602457236,-0.13951156840360382,-0.13951156840360396,0.05060921509035381
0,0.01911335458715743,-0.9325266046499108,-0.27045972594259915,-0.2704597259425994,-0.017409609899450774
0,-0.6942367999636423,-1.4354381267207705,-1.9727857739495385,-1.972785773949539,0.03700545009239313
2,-0.6942367999636423,-0.47152437608495584,0.18785882544388455,0.18785882544388444,-1.1958357528478192
1,0.4471234473176373,1.2048473641512438,-0.5323560410205899,-0.5323560410205898,1.4671012455030394
2,-0.6942367999636423,-0.5134336695908608,0.7771255343693636,0.7771255343693638,1.6490516023507675
2,-0.6942367999636423,-0.2619779085554309,-0.008563410864608474,-0.008563410864608476,-0.4850390317043589
1,-0.12355667632300252,-0.42961508257905084,-0.13951156840360382,-0.13951156840360396,-1.020687278499072
3,-0.6942367999636423,0.03138714598590404,1.300918164525345,1.3009181645253451,0.6321701687531853
0,-0.6942367999636423,0.40857078753904896,-1.6454153801020501,-1.6454153801020504,-1.0376919847465231
0,-0.6942367999636423,-0.052431441025905946,-0.5978301197900875,-0.5978301197900878,0.7069908762419709
2,1.4458136636887569,-0.9325266046499108,-0.13951156840360382,-0.13951156840360396,0.17984498257098322
2,0.8751335400481172,-0.13625002803771594,1.1699700069863497,1.1699700069863497,0.28697463192992567
3,-0.6942367999636423,1.0791194836335287,2.0211330309898194,2.02113303098982,0.06081203883882491
3,0.8751335400481172,-1.3935288332148656,-0.07403748963410614,-0.0740374896341065,-0.47143526670639824
1,-0.40889673814332245,0.618117255068574,-0.9252005136375758,-0.9252005136375762,0.6083635800067535
3,-0.12355667632300252,-0.42961508257905084,1.3663922432948425,1.3663922432948425,0.8515308793453057
3,1.0178035709582771,2.4202168758224887,1.4318663220643402,1.4318663220643406,0.7171936999904414
2,-0.6942367999636423,-0.13625002803771594,-1.4489931437935573,-1.4489931437935575,-0.233369379242081
0,-0.6942367999636423,-0.8067987241321958,0.18785882544388455,0.18785882544388444,0.15603839382455145
2,0.30445341640747736,0.36666149403314396,-0.6633041985595851,-0.6633041985595852,0.7682078187327951
2,0.4471234473176373,0.7019358420803838,0.5152292192913729,0.5152292192913729,0.8583327618442861
2,0.16178338549731738,0.11520573299771401,2.28302934606781,2.2830293460678095,-1.6209534090340993
1,-0.40889673814332245,0.8276637225980988,0.5152292192913729,0.5152292192913729,-0.09903219988721663
3,-0.6942367999636423,1.0791194836335287,0.18785882544388455,0.18785882544388444,-1.2111399884705254
1,-0.6942367999636423,0.9953008966217188,-0.9906745924070736,-0.9906745924070737,1.0997995905580935
0,2.8725139727903564,0.6600265485744788,0.9735477706778566,0.9735477706778567,-0.9356637472618159
0,-0.40889673814332245,1.1629380706453387,-0.008563410864608474,-0.008563410864608476,1.3633725373935872
3,-0.2662267072331625,-1.4354381267207705,0.7771255343693636,0.7771255343693638,-0.41531973608980893
1,-0.6942367999636423,0.7438451355862888,-1.9727857739495385,-1.972785773949539,1.6371483079775515
1,1.0178035709582771,-0.2200686150495259,-0.13951156840360382,-0.13951156840360396,0.9212501749598557
2,1.8738237564192368,-1.3097102462030557,1.1044959282168518,1.1044959282168523,-0.500343267327065
1,-0.6942367999636423,-0.8067987241321958,-0.5978301197900875,-0.5978301197900878,0.8090191137266777
1,-0.6942367999636423,0.199024320009524,-0.7287782773290828,-0.7287782773290833,0.6049626387572634
2,-0.6942367999636423,0.07329643949180903,0.6461773768303682,0.6461773768303684,-1.7450877646404932
2,-0.6942367999636423,-0.8067987241321958,1.8247107946813264,1.8247107946813264,0.44171745878173163
3,0.16178338549731738,-0.7648894306262908,0.4497551405218752,0.4497551405218754,-1.6940736458981396
0,-0.6942367999636423,-0.2200686150495259,-0.27045972594259915,-0.2704597259425994,0.40090616378784905
0,-0.6942367999636423,1.4563031251866738,-0.20498564717310147,-0.2049856471731014,2.60641656408227
0,-0.40889673814332245,1.4143938316807687,-0.5978301197900875,-0.5978301197900878,1.217132063665507
0,-0.6942367999636423,0.32475220052723897,0.7771255343693636,0.7771255343693638,0.8464294674710702
2,0.01911335458715743,-1.0163451916617208,1.6937626371423309,1.6937626371423309,-1.1091117509858182
2,0.7324635091379572,-1.4354381267207705,-0.6633041985595851,-0.6633041985595852,-0.43912632483624076
1,0.4471234473176373,-0.38770578907314585,0.2533329042133822,0.2533329042133819,-0.9985811603773852
2,-0.6942367999636423,-0.010522147520000953,2.0211330309898194,2.02113303098982,0.44001698815698687
3,-0.6942367999636423,-0.8067987241321958,1.4318663220643402,1.4318663220643406,-1.7195807052693164
0,-0.6942367999636423,-0.5134336695908608,0.2533329042133822,0.2533329042133819,0.6661795812480876
0,-0.6942367999636423,-0.5553429630967658,0.2533329042133822,0.2533329042133819,0.5284414606437331
0,-0.6942367999636423,0.199024320009524,1.1699700069863497,1.1699700069863497,1.2001273574180555
0,-0.6942367999636423,0.07329643949180903,-1.121622749946069,-1.1216227499460691,1.2698466530326056
2,-0.6942367999636423,-0.5972522566026708,0.5807032980608705,0.5807032980608703,-1.0461943378702487
0,2.159163818239557,0.7019358420803838,-0.5323560410205899,-0.5323560410205898,2.2748247922569713
3,-0.6942367999636423,-0.2619779085554309,-0.008563410864608474,-0.008563410864608476,1.2545424174098994
2,0.5897934782277973,-0.7229801371203858,0.38428106175237753,0.38428106175237736,0.17644404132149305
0,2.159163818239557,0.8276637225980988,-0.008563410864608474,-0.008563410864608476,1.2613442999088798
2,-0.12355667632300252,0.11520573299771401,-0.46688196225109213,-0.46688196225109235,0.34479063317125974
3,-0.6942367999636423,-0.8067987241321958,2.28302934606781,2.2830293460678095,-0.558159268568399
2,-0.6942367999636423,-0.7229801371203858,-0.9906745924070736,-0.9906745924070737,-0.42722303046302484
2,0.16178338549731738,0.534298668056764,-0.7942523560985805,-0.7942523560985807,0.3736986337919271
0,1.7311537255090768,1.0372101901276238,-0.20498564717310147,-0.2049856471731014,-0.9815764541299341
1,-0.6942367999636423,-0.1781593215436209,-1.3180449862545618,-1.318044986254562,-1.6481609390300214
0,0.8751335400481172,1.2467566576571487,0.9080736919083588,0.9080736919083586,0.19855015944317947
3,-0.6942367999636423,-1.1001637786735308,1.0390218494473542,1.0390218494473542,-0.7996260972822065
3,-0.6942367999636423,-0.6391615501085758,-0.8597264348680782,-0.8597264348680784,0.7682078187327951
3,0.01911335458715743,-0.09434073453181094,0.7116514555998659,0.7116514555998658,0.04720827384086364
2,-0.12355667632300252,-0.7229801371203858,1.6937626371423309,1.6937626371423309,-0.07182466989129468
0,2.3018338491497166,0.03138714598590404,-1.3835190650240596,-1.3835190650240599,-0.18745667237396282
0,-0.6942367999636423,-0.052431441025905946,-0.9906745924070736,-0.9906745924070737,0.8141205256009133
1,-0.6942367999636423,1.5820310057043887,-0.5978301197900875,-0.5978301197900878,1.4058843030122152
3,0.30445341640747736,-0.010522147520000953,0.18785882544388455,0.18785882544388444,0.13393227570286506
0,-0.40889673814332245,-0.3457964955672409,-1.056148671176571,-1.0561486711765713,1.031780765568289
2,-0.6942367999636423,-0.8067987241321958,0.056910667904889196,0.056910667904888974,-0.4884399729538491
1,-0.6942367999636423,-1.4354381267207705,-1.6454153801020501,-1.6454153801020504,-0.33879855797627867
1,-0.6942367999636423,-1.3097102462030557,-1.9727857739495385,-1.972785773949539,0.09822239258321737
1,0.4471234473176373,0.40857078753904896,-0.4014078834815945,-0.4014078834815949,0.2155548656906309
0,-0.6942367999636423,0.9533916031158138,0.4497551405218752,0.4497551405218754,1.3667734786430774
2,-0.6942367999636423,1.1629380706453387,-0.46688196225109213,-0.46688196225109235,0.9620614699537389
2,-0.12355667632300252,-1.4354381267207705,0.38428106175237753,0.38428106175237736,-0.712902095420205
2,1.303143632778597,-0.5134336695908608,0.2533329042133822,0.2533329042133819,0.8787384093412277
0,-0.6942367999636423,-0.42961508257905084,-0.6633041985595851,-0.6633041985595852,1.1729198274221335
1,0.7324635091379572,-1.1839823656853408,-0.9906745924070736,-0.9906745924070737,-0.09563125863772647
2,0.5897934782277973,-1.2258916591912457,0.12238474667438687,0.122384746674387,0.20365157131741501
1,-0.6942367999636423,0.534298668056764,-1.3835190650240596,-1.3835190650240599,-1.3828875215697825
3,1.4458136636887569,-1.0163451916617208,-0.20498564717310147,-0.2049856471731014,-1.047894808494994
2,-0.6942367999636423,0.9533916031158138,0.2533329042133822,0.2533329042133819,0.6899861699945193
2,1.588483694598917,-0.8487080176381008,1.1699700069863497,1.1699700069863497,1.206929239917036
0,1.303143632778597,-1.3516195397089608,-1.3835190650240596,-1.3835190650240599,-0.49524185545282945
1,-0.12355667632300252,0.9533916031158138,-1.3835190650240596,-1.3835190650240599,1.0249788830693078
3,-0.6942367999636423,-0.9325266046499108,1.6282885583728333,1.6282885583728335,0.9926699411991511
0,0.8751335400481172,0.11520573299771401,-1.4489931437935573,-1.4489931437935575,1.1389104149272313
3,-0.6942367999636423,0.7019358420803838,0.6461773768303682,0.6461773768303684,-0.8999538641421683
3,1.4458136636887569,-0.8067987241321958,1.2354440857558473,1.235444085755847,0.5471466375159293
2,-0.6942367999636423,-0.5972522566026708,0.9080736919083588,0.9080736919083586,0.08121768633576593
3,-0.6942367999636423,-0.13625002803771594,-0.008563410864608474,-0.008563410864608476,-1.7433872940157482
0,-0.6942367999636423,1.3305752446689587,-0.46688196225109213,-0.46688196225109235,1.55042430611555
3,-0.6942367999636423,-0.13625002803771594,0.8425996131388612,0.8425996131388612,0.36179533941871117
1,3.0151840037005164,0.9953008966217188,-1.8418376164105432,-1.8418376164105437,-1.4066941103162143
0,-0.6942367999636423,2.4202168758224887,1.1699700069863497,1.1699700069863497,2.092874435409243
0,-0.6942367999636423,-1.2258916591912457,-0.9252005136375758,-0.9252005136375762,-0.18745667237396282
1,0.4471234473176373,0.6600265485744788,-1.2525709074850642,-1.2525709074850646,0.1832459238204734
1,0.01911335458715743,0.49238937455085896,-0.7287782773290828,-0.7287782773290833,0.1934487475689439
3,0.30445341640747736,-0.8906173111440058,-0.5323560410205899,-0.5323560410205898,-1.4781138765555093
1,-0.6942367999636423,-0.42961508257905084,-0.6633041985595851,-0.6633041985595852,0.0029960375974908407
2,0.01911335458715743,0.28284290702133397,0.8425996131388612,0.8425996131388612,0.34138969192176954
3,-0.6942367999636423,0.8276637225980988,1.8247107946813264,1.8247107946813264,0.7069908762419709
0,-0.6942367999636423,-0.8067987241321958,-0.4014078834815945,-0.4014078834815949,0.2597671019340037
0,-0.6942367999636423,-0.8067987241321958,0.7771255343693636,0.7771255343693638,0.23766098381231732
3,-0.5515667690534823,0.03138714598590404,-0.5978301197900875,-0.5978301197900878,0.6304696981284399
2,-0.6942367999636423,-0.8067987241321958,0.31880698298287985,0.3188069829828799,-0.21806514361937496
0,-0.40889673814332245,0.03138714598590404,1.2354440857558473,1.235444085755847,0.2648685138082393
1,-0.6942367999636423,-0.5972522566026708,-0.7942523560985805,-0.7942523560985807,1.1270071205540153
2,0.16178338549731738,-0.8487080176381008,0.6461773768303682,0.6461773768303684,-0.500343267327065
1,1.4458136636887569,-0.3457964955672409,-0.27045972594259915,-0.2704597259425994,0.9637619405784837
3,1.0178035709582771,-0.2200686150495259,0.7116514555998659,0.7116514555998658,0.16624121757302196
1,1.303143632778597,0.534298668056764,-0.5978301197900875,-0.5978301197900878,0.40940851691157476
1,0.4471234473176373,1.2048473641512438,-0.33593380471209683,-0.3359338047120969,-1.217941870969506
3,0.5897934782277973,0.9114823096099088,0.7771255343693636,0.7771255343693638,1.4807050105010002
2,0.30445341640747736,0.199024320009524,-1.710889458871548,-1.7108894588715482,0.04210686196662868
3,-0.6942367999636423,-1.4354381267207705,1.300918164525345,1.3009181645253451,-2.0052597702264965
0,-0.6942367999636423,-1.4354381267207705,0.9080736919083588,0.9080736919083586,-0.5666616216921248
1,-0.6942367999636423,2.9650376913992535,0.2533329042133822,0.2533329042133819,1.1457122974262117
3,-0.6942367999636423,0.32475220052723897,-0.008563410864608474,-0.008563410864608476,1.155915121174682
1,1.7311537255090768,-0.09434073453181094,-2.234682089027529,-2.2346820890275296,0.3515925156702407
3,-0.6942367999636423,-1.3516195397089608,1.890184873450824,1.8901848734508238,-2.037568712096654
1,-0.6942367999636423,0.240933613515429,-0.7942523560985805,-0.7942523560985807,1.5589266592392759
3,-0.6942367999636423,0.36666149403314396,1.0390218494473542,1.0390218494473542,-1.0427933966207583
2,-0.6942367999636423,0.199024320009524,-1.1870968287155665,-1.1870968287155668,-1.41859740468943
1,-0.6942367999636423,-0.42961508257905084,-0.13951156840360382,-0.13951156840360396,-0.3336971461020431
3,0.16178338549731738,0.8695730161040038,0.7116514555998659,0.7116514555998658,1.577631836111472
0,0.5897934782277973,1.5820310057043887,-0.4014078834815945,-0.4014078834815949,1.3684739492678222
0,-0.6942367999636423,0.199024320009524,-0.07403748963410614,-0.0740374896341065,-0.08372796426451057
2,-0.6942367999636423,0.40857078753904896,1.3663922432948425,1.3663922432948425,1.0334812361930337
0,-0.6942367999636423,1.1210287771394338,0.38428106175237753,0.38428106175237736,2.3258389109993254
1,-0.6942367999636423,-0.7648894306262908,-1.121622749946069,-1.1216227499460691,-0.5666616216921248
1,-0.12355667632300252,1.5401217121984836,-0.8597264348680782,-0.8597264348680784,-1.291062107833546
0,1.303143632778597,0.11520573299771401,0.4497551405218752,0.4497551405218754,1.206929239917036
1,-0.6942367999636423,-0.9744358981558158,-0.27045972594259915,-0.2704597259425994,0.4791278125261247
1,-0.5515667690534823,0.45048008104495396,-0.33593380471209683,-0.3359338047120969,-1.486616229679235
1,-0.6942367999636423,1.1210287771394338,-0.9906745924070736,-0.9906745924070737,0.6355711100026755
3,0.4471234473176373,-0.5553429630967658,-0.008563410864608474,-0.008563410864608476,-0.2656783211122385
3,2.016493787329397,0.8276637225980988,1.300918164525345,1.3009181645253451,1.1355094736777411
2,-0.6942367999636423,0.7019358420803838,0.8425996131388612,0.8425996131388612,0.7444012299863633
2,1.7311537255090768,1.0791194836335287,0.38428106175237753,0.38428106175237736,0.6219673450047148
3,-0.12355667632300252,-0.010522147520000953,1.0390218494473542,1.0390218494473542,-0.17555337800074694
3,1.160473601868437,0.576207961562669,1.0390218494473542,1.0390218494473542,-1.447505405310097
1,-0.6942367999636423,-0.47152437608495584,-1.2525709074850642,-1.2525709074850646,-0.9611708066329928
3,0.7324635091379572,2.0011239407634385,0.6461773768303682,0.6461773768303684,2.1336857304031263
0,-0.6942367999636423,1.8334867667398187,-0.9252005136375758,-0.9252005136375762,1.798693017328338
2,-0.40889673814332245,2.9650376913992535,0.7771255343693636,0.7771255343693638,0.8600332324690314
0,-0.6942367999636423,-0.5134336695908608,-1.2525709074850642,-1.2525709074850646,-1.1312178691075048
2,-0.6942367999636423,-0.7229801371203858,-0.07403748963410614,-0.0740374896341065,-1.2213428122189962
1,1.588483694598917,0.28284290702133397,-0.27045972594259915,-0.2704597259425994,0.5420452256416938
1,0.01911335458715743,0.157115026503619,0.18785882544388455,0.18785882544388444,0.2053520419421598
0,1.160473601868437,-1.3097102462030557,-1.5799413013325525,-1.579941301332553,-0.5632606804426346
2,-0.5515667690534823,0.9114823096099088,-1.710889458871548,-1.7108894588715482,1.05558735431472
1,-0.6942367999636423,-1.1839823656853408,-1.3180449862545618,-1.318044986254562,-1.5801421140402165
1,0.01911335458715743,0.576207961562669,-0.13951156840360382,-0.13951156840360396,1.3157593599007238
0,-0.6942367999636423,0.36666149403314396,1.2354440857558473,1.235444085755847,0.746101700611108
1,-0.5515667690534823,-1.1001637786735308,-1.5799413013325525,-1.579941301332553,-1.1414206928559754
2,0.16178338549731738,-0.42961508257905084,-0.4014078834815945,-0.4014078834815949,0.19004780631945373
3,0.4471234473176373,0.07329643949180903,1.4318663220643402,1.4318663220643406,0.8192219374751488
2,0.01911335458715743,0.32475220052723897,1.8247107946813264,1.8247107946813264,0.04890874446560902
1,-0.6942367999636423,1.6239402992102936,0.38428106175237753,0.38428106175237736,2.5860109165853293
2,0.7324635091379572,0.8695730161040038,0.9080736919083588,0.9080736919083586,0.3464911037960051
1,-0.5515667690534823,-0.09434073453181094,-0.4014078834815945,-0.4014078834815949,0.3566939275444756
2,1.160473601868437,0.36666149403314396,-0.13951156840360382,-0.13951156840360396,-1.0546966909939743
3,-0.40889673814332245,-0.9325266046499108,-0.008563410864608474,-0.008563410864608476,0.2172553363153757
3,-0.6942367999636423,0.7019358420803838,0.9080736919083588,0.9080736919083586,-1.204338105971545
2,-0.6942367999636423,-1.0582544851676257,0.8425996131388612,0.8425996131388612,0.38730239878988776
1,-0.6942367999636423,1.4982124186925787,-1.710889458871548,-1.7108894588715482,-0.5411545623209476
3,-0.6942367999636423,0.45048008104495396,1.300918164525345,1.3009181645253451,-0.34049902860102343
3,0.30445341640747736,1.2467566576571487,-1.9073116951800408,-1.9073116951800413,0.9654624112032291
3,0.16178338549731738,-1.4354381267207705,0.9080736919083588,0.9080736919083586,-0.8574420985235406
3,0.5897934782277973,0.618117255068574,0.4497551405218752,0.4497551405218754,0.907646409961895
3,-0.6942367999636423,-1.1839823656853408,0.38428106175237753,0.38428106175237736,-2.025665417723438
1,-0.6942367999636423,0.7019358420803838,-0.7287782773290828,-0.7287782773290833,-0.4323244423372604
3,-0.6942367999636423,-0.2619779085554309,-0.6633041985595851,-0.6633041985595852,-1.5597364665432751
3,-0.6942367999636423,-1.4354381267207705,-0.6633041985595851,-0.6633041985595852,-1.952545180859398
1,1.160473601868437,1.3724845381748638,-1.3180449862545618,-1.318044986254562,0.09992286320796276
3,-0.6942367999636423,-1.2678009526971508,1.7592367159118285,1.759236715911829,-1.1737296347261328
1,-0.6942367999636423,0.8276637225980988,-1.5144672225630549,-1.5144672225630553,1.5708299536124917
1,-0.6942367999636423,0.534298668056764,0.056910667904889196,0.056910667904888974,0.746101700611108
2,0.7324635091379572,-0.010522147520000953,0.6461773768303682,0.6461773768303684,-1.076802809115661
1,1.4458136636887569,0.7857544290921938,-0.20498564717310147,-0.2049856471731014,-1.0938075153631122
1,-0.6942367999636423,-0.010522147520000953,-1.5799413013325525,-1.579941301332553,-1.1720291641013874
1,-0.6942367999636423,-0.42961508257905084,-0.5978301197900875,-0.5978301197900878,0.161139805698787
3,1.8738237564192368,0.618117255068574,1.6282885583728333,1.6282885583728335,0.4383165175322415
2,-0.6942367999636423,-0.7648894306262908,1.7592367159118285,1.759236715911829,0.8838398212154632
0,-0.6942367999636423,-1.4354381267207705,0.2533329042133822,0.2533329042133819,-0.17555337800074694
3,-0.6942367999636423,-0.5972522566026708,2.0211330309898194,2.02113303098982,0.9756652349516995
1,-0.6942367999636423,-0.9744358981558158,-1.7763635376410456,-1.7763635376410458,1.54702336486606
3,-0.6942367999636423,-1.4354381267207705,1.2354440857558473,1.235444085755847,-0.42212161858878927
0,-0.6942367999636423,-0.9744358981558158,0.056910667904889196,0.056910667904888974,0.32268451504957335
1,0.30445341640747736,-1.0163451916617208,-0.8597264348680782,-0.8597264348680784,1.0164765299455822
0,-0.6942367999636423,0.7019358420803838,-0.5323560410205899,-0.5323560410205898,1.0266793536940533
3,0.4471234473176373,0.36666149403314396,1.1044959282168518,1.1044959282168523,0.030203567593412792
1,0.7324635091379572,1.2048473641512438,-1.5799413013325525,-1.579941301332553,0.21895580694012107
0,-0.6942367999636423,-0.13625002803771594,-0.20498564717310147,-0.2049856471731014,0.3566939275444756
2,0.16178338549731738,1.4982124186925787,-0.7942523560985805,-0.7942523560985807,0.23766098381231732
1,-0.6942367999636423,-0.6810708436144808,-0.9252005136375758,-0.9252005136375762,-1.2842602253345654
2,-0.6942367999636423,0.9114823096099088,-1.121622749946069,-1.1216227499460691,1.9058226666872808
1,1.0178035709582771,-0.3457964955672409,-0.4014078834815945,-0.4014078834815949,0.19684968881843468
1,-0.6942367999636423,-0.8067987241321958,-0.20498564717310147,-0.2049856471731014,-0.13134114175737413
2,2.159163818239557,0.534298668056764,-0.8597264348680782,-0.8597264348680784,0.827724290598874
0,2.7298439418801967,1.5820310057043887,0.31880698298287985,0.3188069829828799,0.009797920096471178
2,0.16178338549731738,0.11520573299771401,-1.3180449862545618,-1.318044986254562,0.25806663130925894
2,-0.6942367999636423,-0.5134336695908608,-1.5144672225630549,-1.5144672225630553,0.24616333693604303
3,0.01911335458715743,-0.3457964955672409,1.3663922432948425,1.3663922432948425,0.006396978846981009
3,-0.6942367999636423,1.2886659511630538,0.7116514555998659,0.7116514555998658,0.36519628066820137
0,1.7311537255090768,0.7857544290921938,-0.8597264348680782,-0.8597264348680784,0.30057839692788696
2,-0.6942367999636423,0.11520573299771401,-1.8418376164105432,-1.8418376164105437,-0.08882937613874613
0,-0.6942367999636423,-1.4354381267207705,1.4318663220643402,1.4318663220643406,-0.024211492398431112
0,-0.6942367999636423,-0.6391615501085758,0.7771255343693636,0.7771255343693638,0.5675522850128709
1,1.0178035709582771,1.5820310057043887,-1.1870968287155665,-1.1870968287155668,1.3837781848905282
2,0.4471234473176373,1.2886659511630538,0.18785882544388455,0.18785882544388444,0.730797464988402
1,-0.6942367999636423,0.03138714598590404,-0.07403748963410614,-0.0740374896341065,0.013198861345961346
2,-0.6942367999636423,-1.4354381267207705,-0.13951156840360382,-0.13951156840360396,-1.9185357683644955
1,0.16178338549731738,-0.2200686150495259,-0.7287782773290828,-0.7287782773290833,0.518238636895262
1,1.7311537255090768,-0.5134336695908608,-1.8418376164105432,-1.8418376164105437,0.8192219374751488
2,2.5871739109700367,2.7974005173756336,-0.27045972594259915,-0.2704597259425994,-1.4100950515657045
3,-0.6942367999636423,-0.8906173111440058,0.9735477706778566,0.9735477706778567,0.8209224080998936
2,0.4471234473176373,0.32475220052723897,-0.6633041985595851,-0.6633041985595852,0.934853939957817
3,1.8738237564192368,1.7915774732339136,1.4318663220643402,1.4318663220643406,0.07951721571102115
0,-0.6942367999636423,0.03138714598590404,-1.056148671176571,-1.0561486711765713,0.800516760602952
2,0.30445341640747736,0.03138714598590404,0.38428106175237753,0.38428106175237736,0.7920144074792269
0,-0.6942367999636423,-0.9744358981558158,-0.07403748963410614,-0.0740374896341065,0.6168659331304792
1,-0.2662267072331625,0.6600265485744788,-0.9252005136375758,-0.9252005136375762,-0.017409609899450774
2,1.4458136636887569,-0.010522147520000953,-0.8597264348680782,-0.8597264348680784,0.22235674818961124
2,0.5897934782277973,0.240933613515429,-0.6633041985595851,-0.6633041985595852,0.04720827384086364
1,0.7324635091379572,0.8695730161040038,-1.121622749946069,-1.1216227499460691,1.604839366107394
2,2.5871739109700367,-0.5972522566026708,2.3485034248373076,2.3485034248373085,-0.5972700929375369
2,-0.6942367999636423,2.5040354628342985,-0.07403748963410614,-0.0740374896341065,0.780111113106011
0,-0.6942367999636423,0.36666149403314396,-0.5323560410205899,-0.5323560410205898,1.12190570867978
0,-0.6942367999636423,1.3305752446689587,-1.4489931437935573,-1.4489931437935575,0.08972003945949165
1,-0.6942367999636423,1.5820310057043887,-1.3835190650240596,-1.3835190650240599,0.8770379387164828
3,-0.6942367999636423,-0.8067987241321958,0.5152292192913729,0.5152292192913729,-1.1448216341054658
0,0.16178338549731738,1.6658495927161987,-0.33593380471209683,-0.3359338047120969,0.014899331970706732
2,-0.6942367999636423,1.3305752446689587,0.9080736919083588,0.9080736919083586,0.77330923060703
0,0.7324635091379572,-0.2619779085554309,-1.3835190650240596,-1.3835190650240599,1.4092852442617054
1,-0.6942367999636423,-0.5972522566026708,-2.234682089027529,-2.2346820890275296,-0.20616184924615905
1,-0.6942367999636423,-0.13625002803771594,-0.4014078834815945,-0.4014078834815949,-1.6957741165228846
0,-0.6942367999636423,-1.4354381267207705,-0.8597264348680782,-0.8597264348680784,-0.42722303046302484
2,-0.6942367999636423,-1.0582544851676257,-0.20498564717310147,-0.2049856471731014,-0.4646333842074173
3,-0.6942367999636423,-0.5972522566026708,-0.33593380471209683,-0.3359338047120969,-1.6311562327825702
2,-0.6942367999636423,-0.1781593215436209,1.1699700069863497,1.1699700069863497,-0.5462559741951831
2,-0.6942367999636423,0.9114823096099088,1.0390218494473542,1.0390218494473542,1.926228314184222
1,-0.6942367999636423,-0.8487080176381008,-1.4489931437935573,-1.4489931437935575,1.0878962961848775
0,1.0178035709582771,1.7077588862221036,-1.056148671176571,-1.0561486711765713,0.7290969943636573
0,-0.6942367999636423,0.7019358420803838,-2.103733931488534,-2.1037339314885344,2.2102069085166574
0,-0.6942367999636423,-0.1781593215436209,0.31880698298287985,0.3188069829828799,0.3907033400393779
3,1.588483694598917,-0.8487080176381008,0.38428106175237753,0.38428106175237736,-0.17045196612651137
3,-0.6942367999636423,-1.0163451916617208,0.31880698298287985,0.3188069829828799,0.2359605131875719
3,2.5871739109700367,1.2467566576571487,0.31880698298287985,0.3188069829828799,-1.541031289671079
3,1.160473601868437,0.07329643949180903,1.0390218494473542,1.0390218494473542,-0.07182466989129468
1,-0.6942367999636423,0.534298668056764,-0.008563410864608474,-0.008563410864608476,-0.3864117354691422
0,-0.6942367999636423,1.4143938316807687,0.18785882544388455,0.18785882544388444,-0.005506315526234883
2,-0.2662267072331625,-1.1001637786735308,-0.27045972594259915,-0.2704597259425994,-1.9627480046078685
3,-0.6942367999636423,1.4982124186925787,0.4497551405218752,0.4497551405218754,0.8464294674710702
0,-0.6942367999636423,0.7438451355862888,0.18785882544388455,0.18785882544388444,2.6540297415751337
1,1.160473601868437,-0.9325266046499108,-2.1692080102580316,-2.169208010258032,-0.5989705635622823
0,-0.6942367999636423,0.32475220052723897,0.31880698298287985,0.3188069829828799,1.1542146505499373
0,-0.6942367999636423,-0.6391615501085758,-1.3835190650240596,-1.3835190650240599,-0.17045196612651137
2,-0.6942367999636423,-1.4354381267207705,1.4318663220643402,1.4318663220643406,-0.8727463341462462
3,-0.6942367999636423,0.03138714598590404,1.0390218494473542,1.0390218494473542,0.47062545940239897
0,-0.5515667690534823,-0.7229801371203858,2.2175552672983123,2.2175552672983123,1.5963370129836683
2,-0.6942367999636423,1.0791194836335287,1.5628144796033356,1.5628144796033354,1.0385826480672693
1,0.01911335458715743,-0.010522147520000953,-1.121622749946069,-1.1216227499460691,0.06591345071305986
0,-0.6942367999636423,0.7019358420803838,0.31880698298287985,0.3188069829828799,1.050485942440485
1,2.159163818239557,1.8753960602457236,-0.008563410864608474,-0.008563410864608476,1.2086297105417814
1,-0.6942367999636423,0.7857544290921938,-0.9906745924070736,-0.9906745924070737,0.6814838168707936
1,-0.6942367999636423,0.9533916031158138,-2.3656302465665244,-2.365630246566525,0.683184287495539
2,1.7311537255090768,1.0372101901276238,-0.8597264348680782,-0.8597264348680784,2.432968560358267
3,-0.6942367999636423,-0.1781593215436209,0.8425996131388612,0.8425996131388612,0.8719365268422473
3,1.4458136636887569,-0.6810708436144808,2.086607109759317,2.0866071097593175,0.7171936999904414
0,1.7311537255090768,0.45048008104495396,-0.5978301197900875,-0.5978301197900878,0.23255957193808174
2,0.01911335458715743,-0.5972522566026708,0.18785882544388455,0.18785882544388444,0.5233400487694975
2,0.7324635091379572,0.9114823096099088,-0.20498564717310147,-0.2049856471731014,-1.3148686965799778
2,-0.6942367999636423,-0.7229801371203858,-0.5978301197900875,-0.5978301197900878,0.742700759361618
0,-0.6942367999636423,-1.4354381267207705,0.12238474667438687,0.122384746674387,-0.17215243675125677
1,0.16178338549731738,2.2106704082929634,-0.9252005136375758,-0.9252005136375762,1.2579433586593896
1,3.7285341582513163,0.7019358420803838,-0.7287782773290828,-0.7287782773290833,0.24446286631129763
2,1.4458136636887569,-1.0582544851676257,-0.5323560410205899,-0.5323560410205898,-2.0426701239708893
1,0.7324635091379572,0.11520573299771401,-0.9252005136375758,-0.9252005136375762,0.0404063913418833
2,-0.12355667632300252,0.576207961562669,0.2533329042133822,0.2533329042133819,0.9943704118238959
2,-0.6942367999636423,-1.2678009526971508,0.31880698298287985,0.3188069829828799,-0.3694070292216908
2,-0.6942367999636423,-1.0582544851676257,0.12238474667438687,0.122384746674387,-0.4459282073352211
1,0.16178338549731738,1.6658495927161987,-0.46688196225109213,-0.46688196225109235,0.7341984062378928
1,0.30445341640747736,0.9114823096099088,-0.5978301197900875,-0.5978301197900878,0.8532313499700511
2,1.160473601868437,0.40857078753904896,-2.234682089027529,-2.2346820890275296,0.1713426294472575
3,0.5897934782277973,0.9533916031158138,-0.5323560410205899,-0.5323560410205898,0.6474744043758913
0,-0.6942367999636423,-0.9744358981558158,-1.5144672225630549,-1.5144672225630553,0.36349581004345594
3,0.16178338549731738,-0.42961508257905084,0.4497551405218752,0.4497551405218754,-1.1533239872291912
2,-0.6942367999636423,0.199024320009524,0.2533329042133822,0.2533329042133819,0.9909694705744057
3,-0.6942367999636423,-0.47152437608495584,1.1699700069863497,1.1699700069863497,0.36689675129294674
2,-0.6942367999636423,-1.2678009526971508,0.38428106175237753,0.38428106175237736,0.05060921509035381
3,3.3005240655208365,1.1210287771394338,0.7116514555998659,0.7116514555998658,0.35499345691973083
2,-0.6942367999636423,0.32475220052723897,0.9080736919083588,0.9080736919083586,-1.2961635197077814
0,-0.6942367999636423,-0.5972522566026708,-1.121622749946069,-1.1216227499460691,-1.6447599977805312
3,1.0178035709582771,0.240933613515429,0.056910667904889196,0.056910667904888974,-1.316569167204723
0,0.4471234473176373,2.7974005173756336,-0.13951156840360382,-0.13951156840360396,0.9858680587001701
3,-0.6942367999636423,-0.38770578907314585,1.497340400833838,1.497340400833838,-1.2026376353467998
0,-0.2662267072331625,-1.1420730721794357,-0.13951156840360382,-0.13951156840360396,-0.5071451498260453
2,0.8751335400481172,-1.3935288332148656,0.31880698298287985,0.3188069829828799,-1.6022482321619032
2,-0.5515667690534823,0.9114823096099088,0.7771255343693636,0.7771255343693638,1.0929977080591131
0,0.4471234473176373,-0.6391615501085758,0.4497551405218752,0.4497551405218754,0.9501581755805231
1,-0.6942367999636423,0.49238937455085896,-0.4014078834815945,-0.4014078834815949,0.38560192816514294
2,0.7324635091379572,0.11520573299771401,-0.20498564717310147,-0.2049856471731014,1.1933254749190751
3,-0.6942367999636423,-0.3038872020613359,0.2533329042133822,0.2533329042133819,0.3805005162909074
1,0.01911335458715743,0.157115026503619,-0.5323560410205899,-0.5323560410205898,0.6168659331304792
3,-0.6942367999636423,0.199024320009524,0.5152292192913729,0.5152292192913729,0.827724290598874
0,0.5897934782277973,1.5401217121984836,-0.46688196225109213,-0.46688196225109235,1.4909078342494713
0,-0.6942367999636423,-0.5134336695908608,-0.46688196225109213,-0.46688196225109235,-0.1993599667471787
2,1.588483694598917,-0.8067987241321958,1.3663922432948425,1.3663922432948425,0.3907033400393779
0,0.30445341640747736,-0.5972522566026708,-0.008563410864608474,-0.008563410864608476,0.8192219374751488
2,-0.6942367999636423,-0.1781593215436209,1.1699700069863497,1.1699700069863497,-0.3677065585969454
1,0.01911335458715743,-1.0582544851676257,-2.431104325336022,-2.4311043253360225,-0.9917792778784049
2,-0.6942367999636423,-0.3457964955672409,-2.103733931488534,-2.1037339314885344,-1.3947908159429983
1,0.30445341640747736,0.618117255068574,-0.4014078834815945,-0.4014078834815949,-1.2230432828437412
3,0.01911335458715743,1.6658495927161987,0.9735477706778566,0.9735477706778567,-0.8421378629008345
1,1.4458136636887569,0.9533916031158138,-1.6454153801020501,-1.6454153801020504,1.461999833628804
3,0.4471234473176373,0.7857544290921938,0.5152292192913729,0.5152292192913729,1.2460400642861738
1,-0.12355667632300252,0.11520573299771401,-0.8597264348680782,-0.8597264348680784,-1.486616229679235
3,1.4458136636887569,-0.3457964955672409,0.4497551405218752,0.4497551405218754,0.08291815696051132
2,-0.6942367999636423,-0.42961508257905084,0.38428106175237753,0.38428106175237736,0.6865852287450293
0,-0.2662267072331625,-0.8487080176381008,-1.7763635376410456,-1.7763635376410458,1.2953537124037822
2,1.160473601868437,0.7857544290921938,-0.008563410864608474,-0.008563410864608476,2.200004084768186
3,0.30445341640747736,1.8334867667398187,0.6461773768303682,0.6461773768303684,1.1423113561767215
2,-0.6942367999636423,-1.1420730721794357,-1.8418376164105432,-1.8418376164105437,-1.711078352145591
1,-0.2662267072331625,-1.1001637786735308,-1.3835190650240596,-1.3835190650240599,0.05401015633984458
1,-0.2662267072331625,0.32475220052723897,-0.13951156840360382,-0.13951156840360396,0.315882632550593
3,-0.6942367999636423,-0.8487080176381008,0.7771255343693636,0.7771255343693638,0.28527416130518085
0,0.01911335458715743,-0.38770578907314585,0.31880698298287985,0.3188069829828799,0.2597671019340037
3,-0.6942367999636423,-1.1001637786735308,0.7116514555998659,0.7116514555998658,-0.28778443923392494
1,-0.6942367999636423,-0.47152437608495584,-1.710889458871548,-1.7108894588715482,-0.10923502363568714
0,0.01911335458715743,-0.5134336695908608,-0.8597264348680782,-0.8597264348680784,0.5097362837715368
0,2.4445038800598766,1.0791194836335287,-0.46688196225109213,-0.46688196225109235,1.6303464254785713
1,-0.6942367999636423,0.199024320009524,-1.5144672225630549,-1.5144672225630553,0.9790661762011897
1,-0.6942367999636423,1.1629380706453387,-0.9906745924070736,-0.9906745924070737,2.3955582066138748
0,-0.6942367999636423,-0.8487080176381008,-0.008563410864608474,-0.008563410864608476,0.5488471081406741
0,-0.6942367999636423,-0.6391615501085758,-0.7942523560985805,-0.7942523560985807,0.9858680587001701
1,-0.2662267072331625,-1.1420730721794357,-1.2525709074850642,-1.2525709074850646,0.6321701687531853
0,2.5871739109700367,1.2467566576571487,-0.7287782773290828,-0.7287782773290833,0.0404063913418833
2,-0.6942367999636423,-0.5134336695908608,-0.27045972594259915,-0.2704597259425994,0.14923651132557111
3,0.01911335458715743,0.28284290702133397,-0.27045972594259915,-0.2704597259425994,-1.416896934064685
0,1.160473601868437,0.7857544290921938,0.38428106175237753,0.38428106175237736,0.4349155762827513
1,0.30445341640747736,-1.1420730721794357,-1.1870968287155665,-1.1870968287155668,-0.5173479735745165
2,0.16178338549731738,0.9533916031158138,1.1044959282168518,1.1044959282168523,1.7272732510890432
2,-0.6942367999636423,0.576207961562669,1.4318663220643402,1.4318663220643406,0.05401015633984458
3,-0.6942367999636423,0.36666149403314396,2.28302934606781,2.2830293460678095,-0.29288585110816046
3,-0.6942367999636423,0.7019358420803838,0.6461773768303682,0.6461773768303684,-0.43912632483624076
2,0.16178338549731738,0.07329643949180903,0.4497551405218752,0.4497551405218754,0.6100640506314989
1,-0.6942367999636423,2.043033234269344,-0.46688196225109213,-0.46688196225109235,2.4159638541108173
1,0.8751335400481172,0.157115026503619,-2.234682089027529,-2.2346820890275296,-0.25377502673902264
0,-0.6942367999636423,-0.9325266046499108,-0.5978301197900875,-0.5978301197900878,0.6117645212562437
1,-0.6942367999636423,1.0791194836335287,-0.5323560410205899,-0.5323560410205898,0.09822239258321737
0,-0.2662267072331625,0.9533916031158138,-0.5323560410205899,-0.5323560410205898,1.1916250042943297
3,0.16178338549731738,1.1210287771394338,1.8247107946813264,1.8247107946813264,0.41450992878580967
1,1.0178035709582771,-0.8067987241321958,-1.3835190650240596,-1.3835190650240599,0.12032851070490377
0,-0.6942367999636423,-1.4354381267207705,-1.1870968287155665,-1.1870968287155668,-0.5768644454405952
3,-0.6942367999636423,-1.2678009526971508,0.5152292192913729,0.5152292192913729,-1.0291896316227973
2,0.5897934782277973,1.5401217121984836,-0.46688196225109213,-0.46688196225109235,0.5488471081406741
0,-0.6942367999636423,-1.4354381267207705,0.12238474667438687,0.122384746674387,-0.8829491578947171
1,1.4458136636887569,-1.1420730721794357,-1.4489931437935573,-1.4489931437935575,-0.4884399729538491
2,0.8751335400481172,-1.0163451916617208,-0.9906745924070736,-0.9906745924070737,0.15773886444929683
2,-0.2662267072331625,-0.5972522566026708,-0.5323560410205899,-0.5323560410205898,-0.9866778660041694
0,-0.6942367999636423,-1.1420730721794357,-0.5323560410205899,-0.5323560410205898,-0.6040719754365173
0,2.3018338491497166,-0.5972522566026708,-2.103733931488534,-2.1037339314885344,-0.9696731597567182
3,-0.6942367999636423,-0.8487080176381008,1.0390218494473542,1.0390218494473542,0.2274581600638468
2,-0.40889673814332245,2.3783075823165833,-0.7287782773290828,-0.7287782773290833,0.8124200549761679
0,-0.12355667632300252,0.199024320009524,-0.5978301197900875,-0.5978301197900878,0.5080358131467915
2,-0.6942367999636423,-1.1420730721794357,-0.9906745924070736,-0.9906745924070737,-1.9984578877275163
1,0.7324635091379572,1.2467566576571487,-0.5323560410205899,-0.5323560410205898,-0.670390329801577
3,0.8751335400481172,1.4143938316807687,1.890184873450824,1.8901848734508238,0.35839439816922103
2,-0.5515667690534823,0.7857544290921938,0.18785882544388455,0.18785882544388444,0.7222951118646769
0,4.013874220071636,-0.38770578907314585,-0.9906745924070736,-0.9906745924070737,-0.670390329801577
3,-0.5515667690534823,1.2886659511630538,0.056910667904889196,0.056910667904888974,1.074292531186917
2,-0.6942367999636423,-1.4354381267207705,-0.4014078834815945,-0.4014078834815949,-0.042916669270627344
1,-0.6942367999636423,-1.4354381267207705,0.31880698298287985,0.3188069829828799,-2.0341677708471635
0,-0.6942367999636423,0.7438451355862888,-0.9252005136375758,-0.9252005136375762,1.8173981942005342
3,0.30445341640747736,-0.47152437608495584,0.2533329042133822,0.2533329042133819,0.16454074694827717
2,-0.40889673814332245,1.3305752446689587,-0.8597264348680782,-0.8597264348680784,1.9874452566750462
2,0.5897934782277973,-0.3038872020613359,1.4318663220643402,1.4318663220643406,0.20365157131741501
2,-0.6942367999636423,-0.9325266046499108,0.7116514555998659,0.7116514555998658,1.5555257179897857
2,1.160473601868437,-0.2200686150495259,0.12238474667438687,0.122384746674387,0.33288733879804383
1,-0.6942367999636423,0.11520573299771401,-1.3180449862545618,-1.318044986254562,-0.17725384862549232
2,0.01911335458715743,0.8276637225980988,-1.9073116951800408,-1.9073116951800413,1.1729198274221335
3,-0.6942367999636423,-0.6810708436144808,0.5152292192913729,0.5152292192913729,0.14073415820184537
2,0.4471234473176373,-1.2678009526971508,1.7592367159118285,1.759236715911829,-1.500219994677196
2,-0.6942367999636423,2.1268518212811536,1.1044959282168518,1.1044959282168523,-0.8659444516472656
3,0.5897934782277973,-0.8487080176381008,-0.6633041985595851,-0.6633041985595852,0.28697463192992567
2,0.16178338549731738,2.1687611147870585,-1.5144672225630549,-1.5144672225630553,-1.260453636588134
0,-0.6942367999636423,0.8695730161040038,0.7116514555998659,0.7116514555998658,-0.5768644454405952
3,-0.6942367999636423,-0.9325266046499108,1.1699700069863497,1.1699700069863497,-1.134618810356995
3,-0.2662267072331625,0.32475220052723897,1.1699700069863497,1.1699700069863497,0.8821393505907178
3,-0.6942367999636423,-1.2678009526971508,1.6937626371423309,1.6937626371423309,-0.7996260972822065
3,-0.6942367999636423,-0.8906173111440058,-0.27045972594259915,-0.2704597259425994,0.5573494612643998
2,0.16178338549731738,0.7857544290921938,0.9080736919083588,0.9080736919083586,2.608117034707015
1,0.7324635091379572,-0.5972522566026708,-1.2525709074850642,-1.2525709074850646,0.8532313499700511
2,-0.6942367999636423,-1.4354381267207705,0.18785882544388455,0.18785882544388444,-0.4442277367104763
1,-0.6942367999636423,-1.4354381267207705,-2.234682089027529,-2.2346820890275296,-0.612574328560243
2,-0.6942367999636423,-1.4354381267207705,-0.13951156840360382,-0.13951156840360396,-0.7316072722924013
3,-0.12355667632300252,-1.0582544851676257,0.5807032980608705,0.5807032980608703,-1.670267057151708
1,0.30445341640747736,1.4982124186925787,-1.2525709074850642,-1.2525709074850646,0.4519202825302028
0,-0.6942367999636423,-1.1839823656853408,0.12238474667438687,0.122384746674387,-0.5564587979436543
2,1.0178035709582771,0.6600265485744788,0.8425996131388612,0.8425996131388612,-0.4000155004671029
0,0.01911335458715743,0.07329643949180903,0.7771255343693636,0.7771255343693638,0.4723259300271438
0,-0.40889673814332245,0.6600265485744788,0.056910667904889196,0.056910667904888974,0.9263515868340912
2,-0.6942367999636423,0.32475220052723897,2.1520811885288147,2.1520811885288147,-0.5360531504467126
0,-0.6942367999636423,-0.2200686150495259,1.6937626371423309,1.6937626371423309,-0.5071451498260453
1,0.5897934782277973,-0.7229801371203858,-0.4014078834815945,-0.4014078834815949,1.4841059517504904
3,-0.6942367999636423,-0.8067987241321958,0.5152292192913729,0.5152292192913729,-1.105710809736328
2,-0.6942367999636423,0.7857544290921938,1.0390218494473542,1.0390218494473542,1.40758477363696
3,0.16178338549731738,0.07329643949180903,0.8425996131388612,0.8425996131388612,-1.683870822149669
0,-0.12355667632300252,-0.9325266046499108,0.12238474667438687,0.122384746674387,-1.569939290291746
0,-0.6942367999636423,1.0372101901276238,-0.5323560410205899,-0.5323560410205898,0.9841675880754253
0,-0.6942367999636423,-0.8487080176381008,-0.07403748963410614,-0.0740374896341065,-1.2944630490830362
2,-0.2662267072331625,1.1210287771394338,-2.234682089027529,-2.2346820890275296,2.0707683172875573
1,1.160473601868437,2.1687611147870585,-1.710889458871548,-1.7108894588715482,1.2511414761604094
2,-0.6942367999636423,1.5401217121984836,0.12238474667438687,0.122384746674387,1.7578817223344552
3,-0.5515667690534823,0.9114823096099088,0.9735477706778566,0.9735477706778567,2.317336557875599
2,-0.2662267072331625,-1.4354381267207705,-0.27045972594259915,-0.2704597259425994,-0.04971855176960828
1,-0.6942367999636423,1.2886659511630538,-0.5978301197900875,-0.5978301197900878,0.746101700611108
3,-0.12355667632300252,1.8334867667398187,-0.20498564717310147,-0.2049856471731014,0.14243462882659078
2,-0.6942367999636423,0.07329643949180903,1.4318663220643402,1.4318663220643406,0.118628040080159
3,-0.6942367999636423,0.49238937455085896,0.8425996131388612,0.8425996131388612,-0.4850390317043589
0,-0.6942367999636423,-0.2619779085554309,0.5152292192913729,0.5152292192913729,0.161139805698787
2,-0.6942367999636423,-1.3516195397089608,-0.13951156840360382,-0.13951156840360396,-1.146522104730211
2,0.01911335458715743,0.45048008104495396,1.1044959282168518,1.1044959282168523,0.652575816250127
2,1.4458136636887569,0.07329643949180903,-0.008563410864608474,-0.008563410864608476,-0.13814302425635447
3,-0.6942367999636423,-0.42961508257905084,1.2354440857558473,1.235444085755847,-0.1347420830068643
0,-0.6942367999636423,-1.4354381267207705,-0.9252005136375758,-0.9252005136375762,-0.4289235010877702
1,-0.6942367999636423,0.199024320009524,-0.7942523560985805,-0.7942523560985807,1.023278412444563
2,-0.40889673814332245,1.9592146472575336,-0.9906745924070736,-0.9906745924070737,1.2239339461644874
3,-0.40889673814332245,0.7438451355862888,1.0390218494473542,1.0390218494473542,2.0809711410360285
0,0.16178338549731738,-0.7229801371203858,-1.056148671176571,-1.0561486711765713,-1.741686823391003
1,-0.6942367999636423,-0.42961508257905084,-1.7763635376410456,-1.7763635376410458,1.5538252473650402
3,-0.6942367999636423,-0.3038872020613359,0.8425996131388612,0.8425996131388612,-1.3913898746935083
1,-0.6942367999636423,-1.4354381267207705,-0.5978301197900875,-0.5978301197900878,-1.0291896316227973
1,-0.6942367999636423,0.7857544290921938,-1.3180449862545618,-1.318044986254562,2.347945029121011
1,0.30445341640747736,-1.4354381267207705,-0.9252005136375758,-0.9252005136375762,-0.07182466989129468
2,-0.6942367999636423,0.7019358420803838,1.1699700069863497,1.1699700069863497,0.6814838168707936
0,-0.5515667690534823,-0.5134336695908608,-0.4014078834815945,-0.4014078834815949,0.5777551087613414
1,1.588483694598917,0.9533916031158138,-1.9073116951800408,-1.9073116951800413,1.8752141954418688
3,-0.6942367999636423,-0.6391615501085758,1.7592367159118285,1.759236715911829,-0.12283878863364842
1,-0.6942367999636423,-1.4354381267207705,-0.9252005136375758,-0.9252005136375762,-1.9015310621170443
3,-0.6942367999636423,-0.13625002803771594,1.0390218494473542,1.0390218494473542,0.273370866931965
2,-0.12355667632300252,1.0372101901276238,2.086607109759317,2.0866071097593175,-0.950967982884522
1,0.4471234473176373,1.4982124186925787,-0.46688196225109213,-0.46688196225109235,1.0436840599415043
0,-0.6942367999636423,-0.38770578907314585,0.31880698298287985,0.3188069829828799,0.9484577049557776
1,0.16178338549731738,0.32475220052723897,-1.9073116951800408,-1.9073116951800413,0.24106192506180746
3,-0.6942367999636423,-1.2258916591912457,-0.008563410864608474,-0.008563410864608476,-1.9865545933543003
0,-0.6942367999636423,0.8276637225980988,-0.9906745924070736,-0.9906745924070737,0.12542992257913932
3,-0.6942367999636423,-1.1420730721794357,0.12238474667438687,0.122384746674387,-0.8302345685276186
3,-0.6942367999636423,-0.7229801371203858,1.2354440857558473,1.235444085755847,0.13393227570286506
0,1.160473601868437,2.0849425277752487,-0.8597264348680782,-0.8597264348680784,1.164417474298408
3,-0.6942367999636423,-0.13625002803771594,-0.4014078834815945,-0.4014078834815949,0.7699082893575399
1,0.7324635091379572,-0.8487080176381008,-1.121622749946069,-1.1216227499460691,-1.2944630490830362
3,3.0151840037005164,0.28284290702133397,0.7116514555998659,0.7116514555998658,-1.1244159866085242
0,1.160473601868437,-1.0582544851676257,-0.13951156840360382,-0.13951156840360396,0.5539485200149096
0,-0.6942367999636423,-0.2619779085554309,-0.6633041985595851,-0.6633041985595852,-0.5105460910755355
1,-0.6942367999636423,-1.4354381267207705,-0.7287782773290828,-0.7287782773290833,-0.37450844109592635
3,-0.6942367999636423,-0.5134336695908608,2.28302934606781,2.2830293460678095,0.2835736906804355
2,1.303143632778597,0.11520573299771401,0.056910667904889196,0.056910667904888974,-0.7163030366696952
0,1.0178035709582771,0.6600265485744788,-0.008563410864608474,-0.008563410864608476,0.5879579325098119
0,2.159163818239557,1.8334867667398187,0.8425996131388612,0.8425996131388612,2.543499150966701
2,0.8751335400481172,0.534298668056764,-0.7942523560985805,-0.7942523560985807,0.6661795812480876
1,-0.6942367999636423,-0.6391615501085758,0.056910667904889196,0.056910667904888974,-1.4100950515657045
0,-0.6942367999636423,-0.8067987241321958,0.6461773768303682,0.6461773768303684,0.35839439816922103
2,-0.2662267072331625,-0.1781593215436209,-1.9727857739495385,-1.972785773949539,-1.2842602253345654
3,-0.6942367999636423,-1.2258916591912457,0.056910667904889196,0.056910667904888974,-0.825133156653383
3,0.4471234473176373,0.45048008104495396,1.6937626371423309,1.6937626371423309,1.2103301811665261
0,-0.6942367999636423,1.2048473641512438,-1.5799413013325525,-1.579941301332553,1.2511414761604094
3,1.4458136636887569,0.7857544290921938,1.9556589522203216,1.9556589522203214,0.5318424018932232
2,-0.6942367999636423,-0.9744358981558158,-0.27045972594259915,-0.2704597259425994,-1.6294557621578252
0,-0.6942367999636423,-0.5553429630967658,-0.46688196225109213,-0.46688196225109235,0.885540291840208
3,-0.6942367999636423,1.1629380706453387,-0.5978301197900875,-0.5978301197900878,0.7188941706151861
0,-0.12355667632300252,0.9533916031158138,0.31880698298287985,0.3188069829828799,1.3429668898966456
2,-0.6942367999636423,-0.9325266046499108,0.2533329042133822,0.2533329042133819,-0.5666616216921248
1,-0.6942367999636423,-0.9325266046499108,-1.5799413013325525,-1.579941301332553,-1.6447599977805312
1,0.8751335400481172,0.7019358420803838,-0.7287782773290828,-0.7287782773290833,1.9313297260584574
0,-0.6942367999636423,-0.3457964955672409,0.31880698298287985,0.3188069829828799,0.6593776987491072
2,-0.6942367999636423,-1.4354381267207705,-0.07403748963410614,-0.0740374896341065,-1.8080051777560626
2,-0.5515667690534823,1.6239402992102936,-0.33593380471209683,-0.3359338047120969,1.317459830525469
1,-0.6942367999636423,0.7438451355862888,-1.4489931437935573,-1.4489931437935575,0.06761392133780525
3,-0.6942367999636423,-1.3935288332148656,1.497340400833838,1.497340400833838,-0.07352514051603946
1,1.8738237564192368,-0.8487080176381008,-1.1870968287155665,-1.1870968287155668,-1.6328567034073154
0,-0.2662267072331625,-0.09434073453181094,1.1699700069863497,1.1699700069863497,0.5930593443840475
0,1.588483694598917,-0.8067987241321958,-1.6454153801020501,-1.6454153801020504,0.38560192816514294
1,-0.6942367999636423,-1.0582544851676257,-1.121622749946069,-1.1216227499460691,-0.7214044485439308
3,-0.6942367999636423,1.8334867667398187,0.31880698298287985,0.3188069829828799,-0.4374258542114953
0,0.5897934782277973,0.7019358420803838,0.5152292192913729,0.5152292192913729,-0.18745667237396282
1,1.0178035709582771,-1.1420730721794357,-1.9073116951800408,-1.9073116951800413,-0.697597859797499
2,-0.6942367999636423,0.576207961562669,-0.07403748963410614,-0.0740374896341065,1.013075588696092
0,1.303143632778597,0.618117255068574,-0.5323560410205899,-0.5323560410205898,-0.5241498560734967
2,-0.6942367999636423,-0.42961508257905084,0.8425996131388612,0.8425996131388612,-1.6294557621578252
2,1.303143632778597,0.8276637225980988,-0.46688196225109213,-0.46688196225109235,-1.2417484597159374
3,1.7311537255090768,0.240933613515429,1.300918164525345,1.3009181645253451,0.742700759361618
1,0.30445341640747736,-1.4354381267207705,-1.5144672225630549,-1.5144672225630553,-0.5445555035704384
2,-0.6942367999636423,1.0372101901276238,0.8425996131388612,0.8425996131388612,0.3430901625465149
3,-0.6942367999636423,0.7438451355862888,-0.33593380471209683,-0.3359338047120969,-1.362481874072841
2,0.4471234473176373,0.7019358420803838,-1.5144672225630549,-1.5144672225630553,-0.15854867175329548
1,-0.6942367999636423,0.32475220052723897,-0.8597264348680782,-0.8597264348680784,0.35839439816922103
3,-0.6942367999636423,0.240933613515429,0.31880698298287985,0.3188069829828799,0.26316804318349385
3,0.16178338549731738,-0.010522147520000953,0.4497551405218752,0.4497551405218754,-0.5241498560734967
0,-0.6942367999636423,-1.0582544851676257,0.7771255343693636,0.7771255343693638,-1.755290588388964
0,0.30445341640747736,-0.3038872020613359,-0.20498564717310147,-0.2049856471731014,0.12542992257913932
3,0.5897934782277973,1.6239402992102936,-0.6633041985595851,-0.6633041985595852,0.6984885231182452
0,-0.6942367999636423,-0.38770578907314585,-0.5323560410205899,-0.5323560410205898,0.5437456962664391
0,-0.6942367999636423,-0.5553429630967658,-1.2525709074850642,-1.2525709074850646,0.5692527556376157
0,-0.12355667632300252,1.8334867667398187,-0.6633041985595851,-0.6633041985595852,0.8243233493493838
1,0.5897934782277973,-0.8067987241321958,-0.46688196225109213,-0.46688196225109235,-0.017409609899450774
2,-0.12355667632300252,0.03138714598590404,-1.8418376164105432,-1.8418376164105437,-1.2434489303406828
1,-0.6942367999636423,-0.09434073453181094,-1.2525709074850642,-1.2525709074850646,-1.2536517540891534
0,0.30445341640747736,1.5820310057043887,0.12238474667438687,0.122384746674387,-0.12113831800890303
3,-0.6942367999636423,-1.0582544851676257,1.4318663220643402,1.4318663220643406,-0.2809825567349446
3,-0.12355667632300252,0.9953008966217188,1.1044959282168518,1.1044959282168523,0.5097362837715368
1,0.4471234473176373,-1.0582544851676257,-0.27045972594259915,-0.2704597259425994,-0.6482842116798906
0,0.16178338549731738,0.8695730161040038,-0.9252005136375758,-0.9252005136375762,0.32268451504957335
2,-0.6942367999636423,-0.42961508257905084,0.2533329042133822,0.2533329042133819,-1.2009371647220548
1,-0.6942367999636423,0.9953008966217188,-1.056148671176571,-1.0561486711765713,0.8328257024731095
3,-0.6942367999636423,-1.2258916591912457,0.12238474667438687,0.122384746674387,0.09312098070898182
0,-0.6942367999636423,0.07329643949180903,-0.5323560410205899,-0.5323560410205898,-0.15684820112855072
1,1.0178035709582771,2.923128397893348,-0.13951156840360382,-0.13951156840360396,-1.146522104730211
3,-0.6942367999636423,0.45048008104495396,0.9080736919083588,0.9080736919083586,0.7767101718565208
1,1.160473601868437,1.8334867667398187,-1.2525709074850642,-1.2525709074850646,1.013075588696092
2,-0.5515667690534823,1.2886659511630538,0.9735477706778566,0.9735477706778567,-1.3267719909531934
2,-0.6942367999636423,-1.4354381267207705,1.3663922432948425,1.3663922432948425,-1.583543055289707
0,-0.40889673814332245,0.534298668056764,0.38428106175237753,0.38428106175237736,1.4364927742576274
3,-0.2662267072331625,-0.09434073453181094,1.3663922432948425,1.3663922432948425,-0.05311949301909845
0,-0.40889673814332245,-1.4354381267207705,-0.7287782773290828,-0.7287782773290833,-0.2911853804834151
2,-0.6942367999636423,0.45048008104495396,-0.5978301197900875,-0.5978301197900878,0.7069908762419709
2,-0.2662267072331625,-0.09434073453181094,-1.056148671176571,-1.0561486711765713,1.1304080618035055
0,-0.6942367999636423,-0.6391615501085758,0.12238474667438687,0.122384746674387,0.8141205256009133
3,-0.6942367999636423,-0.010522147520000953,1.4318663220643402,1.4318663220643406,0.2172553363153757
0,0.4471234473176373,-0.38770578907314585,0.9080736919083588,0.9080736919083586,-0.1789543192502371
3,2.5871739109700367,0.03138714598590404,-0.07403748963410614,-0.0740374896341065,-1.585243525914452
1,-0.2662267072331625,0.7019358420803838,-0.7942523560985805,-0.7942523560985807,0.6661795812480876
3,-0.6942367999636423,-0.5972522566026708,0.5807032980608705,0.5807032980608703,-1.6651656452774726
3,-0.6942367999636423,0.7019358420803838,-0.46688196225109213,-0.46688196225109235,-0.558159268568399
0,-0.6942367999636423,-1.4354381267207705,-0.9252005136375758,-0.9252005136375762,-2.0715781245915563
1,1.160473601868437,-0.5553429630967658,-1.3835190650240596,-1.3835190650240599,-1.3675832859470765
1,-0.6942367999636423,-0.8487080176381008,-0.7942523560985805,-0.7942523560985807,-0.6720908004263224
3,-0.40889673814332245,-0.38770578907314585,0.2533329042133822,0.2533329042133819,-1.571639760916491
3,-0.12355667632300252,-1.4354381267207705,0.7771255343693636,0.7771255343693638,-0.46973479608165286
2,0.5897934782277973,0.32475220052723897,-0.008563410864608474,-0.008563410864608476,-0.9985811603773852
3,0.16178338549731738,0.618117255068574,1.497340400833838,1.497340400833838,-1.7059769402713554
3,-0.6942367999636423,-0.1781593215436209,2.28302934606781,2.2830293460678095,-1.654962821529002
0,1.4458136636887569,2.4202168758224887,-1.3835190650240596,-1.3835190650240599,-1.2247437534684862
0,-0.6942367999636423,0.28284290702133397,1.300918164525345,1.3009181645253451,0.667880051872833
0,-0.6942367999636423,-0.2619779085554309,0.6461773768303682,0.6461773768303684,0.46212310627867326
3,0.01911335458715743,-0.3457964955672409,0.7771255343693636,0.7771255343693638,1.0674906486879359
1,-0.2662267072331625,0.7857544290921938,-0.8597264348680782,-0.8597264348680784,-1.2553522247138984
2,-0.6942367999636423,0.9533916031158138,-0.46688196225109213,-0.46688196225109235,1.0640897074384459
3,4.584554343712276,0.28284290702133397,0.7771255343693636,0.7771255343693638,-0.04121619864588256
2,-0.6942367999636423,-1.4354381267207705,0.7771255343693636,0.7771255343693638,-0.542855032945693
1,-0.6942367999636423,0.11520573299771401,-0.9906745924070736,-0.9906745924070737,0.5573494612643998
3,-0.6942367999636423,-1.4354381267207705,0.4497551405218752,0.4497551405218754,-0.4408267954609855
1,-0.2662267072331625,-0.7229801371203858,-0.9906745924070736,-0.9906745924070737,1.159316062424173
2,-0.6942367999636423,0.8695730161040038,1.1044959282168518,1.1044959282168523,0.788613466229736
3,0.16178338549731738,0.7019358420803838,-0.13951156840360382,-0.13951156840360396,2.4312680897335226
1,-0.6942367999636423,-0.2200686150495259,-0.9252005136375758,-0.9252005136375762,-0.9713736303814633
1,1.0178035709582771,0.45048008104495396,-1.3835190650240596,-1.3835190650240599,-1.3556799915738604
3,-0.6942367999636423,0.8276637225980988,0.5807032980608705,0.5807032980608703,-0.6329799760571846
0,-0.2662267072331625,-0.052431441025905946,0.5152292192913729,0.5152292192913729,0.251264748810278
0,1.160473601868437,0.240933613515429,2.5449256611458004,2.5449256611458004,0.19174827694419913
1,1.588483694598917,1.4563031251866738,-1.2525709074850642,-1.2525709074850646,-0.8217322154038929
0,0.01911335458715743,-0.09434073453181094,-0.5323560410205899,-0.5323560410205898,-0.12623972988313859
1,0.7324635091379572,0.199024320009524,0.18785882544388455,0.18785882544388444,-0.9883783366289147
3,-0.6942367999636423,-0.5972522566026708,-0.27045972594259915,-0.2704597259425994,-0.11943784738415825
1,4.584554343712276,0.28284290702133397,-0.33593380471209683,-0.3359338047120969,-1.6957741165228846
1,-0.6942367999636423,0.6600265485744788,-0.9252005136375758,-0.9252005136375762,0.7341984062378928
0,-0.6942367999636423,-0.47152437608495584,0.18785882544388455,0.18785882544388444,-0.20616184924615905
0,1.7311537255090768,0.7857544290921938,-1.1870968287155665,-1.1870968287155668,1.4432946567566078
1,-0.6942367999636423,-0.9325266046499108,-0.9906745924070736,-0.9906745924070737,1.132108532428251
3,-0.12355667632300252,1.0372101901276238,-1.3180449862545618,-1.318044986254562,1.0300802949435435
1,-0.12355667632300252,1.8753960602457236,-0.9906745924070736,-0.9906745924070737,1.7935916054541023
1,-0.6942367999636423,-1.4354381267207705,-0.46688196225109213,-0.46688196225109235,-0.4561310310836916
2,-0.6942367999636423,-1.4354381267207705,0.9080736919083588,0.9080736919083586,-1.62775529153308
3,0.8751335400481172,-0.13625002803771594,0.6461773768303682,0.6461773768303684,-1.699175057772375
1,1.160473601868437,0.03138714598590404,-0.6633041985595851,-0.6633041985595852,0.6219673450047148
0,-0.6942367999636423,-0.1781593215436209,-0.33593380471209683,-0.3359338047120969,0.9416558224567972
0,-0.6942367999636423,-0.6810708436144808,0.4497551405218752,0.4497551405218754,0.0404063913418833
2,-0.6942367999636423,0.11520573299771401,0.5152292192913729,0.5152292192913729,-1.3556799915738604
1,-0.6942367999636423,1.7915774732339136,-1.3835190650240596,-1.3835190650240599,1.1236061793045253
0,0.16178338549731738,-0.7229801371203858,0.5152292192913729,0.5152292192913729,-0.0038058449014901005
2,1.4458136636887569,0.157115026503619,1.497340400833838,1.497340400833838,0.17304310007200288
3,-0.6942367999636423,0.199024320009524,0.8425996131388612,0.8425996131388612,0.8022172312276974
2,-0.6942367999636423,-0.2200686150495259,1.1044959282168518,1.1044959282168523,-1.4253992871884105
0,-0.6942367999636423,-1.4354381267207705,-2.1692080102580316,-2.169208010258032,-1.359080932823351
0,0.16178338549731738,-0.8487080176381008,-1.3180449862545618,-1.318044986254562,-0.36260514672271044
1,1.0178035709582771,0.28284290702133397,-0.13951156840360382,-0.13951156840360396,0.6797833462460489
0,1.0178035709582771,2.043033234269344,-0.07403748963410614,-0.0740374896341065,0.4468188706559672
3,-0.6942367999636423,-0.13625002803771594,0.056910667904889196,0.056910667904888974,0.03360450884290296
3,1.303143632778597,0.157115026503619,0.31880698298287985,0.3188069829828799,-1.1805315172251132
3,-0.40889673814332245,-0.5134336695908608,-0.5323560410205899,-0.5323560410205898,0.6712809931223231
2,-0.12355667632300252,0.40857078753904896,0.5807032980608705,0.5807032980608703,0.5930593443840475
0,0.5897934782277973,-1.1420730721794357,0.4497551405218752,0.4497551405218754,-0.25887643861325815
0,-0.5515667690534823,0.240933613515429,-0.07403748963410614,-0.0740374896341065,1.1831226511706041
2,-0.6942367999636423,2.0011239407634385,1.300918164525345,1.3009181645253451,-1.0087839841258561
2,-0.6942367999636423,-1.4354381267207705,0.18785882544388455,0.18785882544388444,-1.1397202222312302
3,-0.6942367999636423,0.40857078753904896,-0.008563410864608474,-0.008563410864608476,-1.2638545778376242
3,-0.6942367999636423,0.9114823096099088,1.1699700069863497,1.1699700069863497,-1.3420762265758994
2,-0.6942367999636423,-0.7229801371203858,-1.3180449862545618,-1.318044986254562,0.38730239878988776
2,-0.5515667690534823,-0.8906173111440058,0.9735477706778566,0.9735477706778567,-1.0427933966207583
1,-0.6942367999636423,-0.9744358981558158,-0.8597264348680782,-0.8597264348680784,1.4909078342494713
2,-0.6942367999636423,0.9533916031158138,0.6461773768303682,0.6461773768303684,-1.0019821016268755
3,-0.6942367999636423,0.8276637225980988,0.2533329042133822,0.2533329042133819,0.8685355855927571
2,0.5897934782277973,0.240933613515429,0.9080736919083588,0.9080736919083586,-1.6464604684052762
2,-0.6942367999636423,-0.052431441025905946,0.6461773768303682,0.6461773768303684,-0.4646333842074173
2,-0.6942367999636423,-0.9744358981558158,1.8247107946813264,1.8247107946813264,-0.345600440475259
1,-0.12355667632300252,-1.4354381267207705,-0.9906745924070736,-0.9906745924070737,-0.5547583273189088
2,-0.6942367999636423,-1.2258916591912457,0.38428106175237753,0.38428106175237736,-1.867521649622142
2,0.4471234473176373,0.40857078753904896,0.7771255343693636,0.7771255343693638,-1.0938075153631122
0,0.01911335458715743,-0.3457964955672409,0.4497551405218752,0.4497551405218754,-0.2452726736152969
0,-0.6942367999636423,0.07329643949180903,-1.5799413013325525,-1.579941301332553,-1.711078352145591
3,-0.2662267072331625,0.32475220052723897,0.5807032980608705,0.5807032980608703,-1.389689404068763
1,-0.6942367999636423,-1.2678009526971508,-0.6633041985595851,-0.6633041985595852,-1.6447599977805312
2,4.299214281891956,-0.7229801371203858,1.0390218494473542,1.0390218494473542,-1.9457432983604175
3,-0.12355667632300252,-0.3457964955672409,1.497340400833838,1.497340400833838,-0.31839291047933704
0,-0.6942367999636423,-1.4354381267207705,-1.3180449862545618,-1.318044986254562,0.03530497946764775
0,-0.6942367999636423,-1.2678009526971508,-0.20498564717310147,-0.2049856471731014,-0.017409609899450774
3,-0.2662267072331625,1.1629380706453387,2.28302934606781,2.2830293460678095,-0.5938691516880468
0,2.016493787329397,-0.38770578907314585,1.6937626371423309,1.6937626371423309,0.19004780631945373
0,0.4471234473176373,0.618117255068574,0.5152292192913729,0.5152292192913729,-0.14154396550584464
3,0.4471234473176373,0.49238937455085896,0.9080736919083588,0.9080736919083586,-0.12113831800890303
0,-0.6942367999636423,-0.8067987241321958,-0.33593380471209683,-0.3359338047120969,1.1151038261807995
2,0.16178338549731738,1.3305752446689587,-0.13951156840360382,-0.13951156840360396,-0.5309517385724771
1,1.160473601868437,0.32475220052723897,-1.2525709074850642,-1.2525709074850646,0.7392998181121277
3,-0.6942367999636423,1.5401217121984836,1.3663922432948425,1.3663922432948425,-0.18575620174921745
0,4.013874220071636,0.32475220052723897,0.056910667904889196,0.056910667904888974,-0.13304161238211892
0,-0.6942367999636423,0.199024320009524,1.0390218494473542,1.0390218494473542,1.0334812361930337
3,-0.6942367999636423,-0.5134336695908608,3.3960886851492704,3.396088685149271,1.519815834870138
1,0.16178338549731738,2.1687611147870585,-1.3180449862545618,-1.318044986254562,1.55042430611555
1,-0.6942367999636423,-0.1781593215436209,-1.9073116951800408,-1.9073116951800413,-1.585243525914452
2,-0.6942367999636423,-1.4354381267207705,1.9556589522203216,1.9556589522203214,-0.16194961300278626
3,-0.6942367999636423,1.3305752446689587,1.8247107946813264,1.8247107946813264,0.28017274943094533
2,-0.40889673814332245,-1.4354381267207705,0.12238474667438687,0.122384746674387,-0.7265058604181663
0,1.588483694598917,0.240933613515429,0.12238474667438687,0.122384746674387,1.4279904211339016
2,-0.6942367999636423,0.03138714598590404,-1.056148671176571,-1.0561486711765713,0.6576772281243619
2,1.4458136636887569,0.618117255068574,-0.20498564717310147,-0.2049856471731014,-0.39151314734337717
0,0.5897934782277973,-0.052431441025905946,0.056910667904889196,0.056910667904888974,0.24276239568655286
1,-0.6942367999636423,-1.4354381267207705,-2.1692080102580316,-2.169208010258032,-0.7520129197893429
2,0.8751335400481172,2.043033234269344,-1.121622749946069,-1.1216227499460691,1.217132063665507
1,0.5897934782277973,1.0372101901276238,-1.1870968287155665,-1.1870968287155668,0.5420452256416938
3,0.16178338549731738,1.1629380706453387,2.6103997399152985,2.610399739915298,1.387179126140019
3,1.8738237564192368,-0.3038872020613359,2.0211330309898194,2.02113303098982,0.7495026418605989
2,-0.6942367999636423,-0.8906173111440058,0.8425996131388612,0.8425996131388612,0.5862574618850671
0,0.01911335458715743,-0.8906173111440058,0.18785882544388455,0.18785882544388444,0.3719981631671817
1,0.5897934782277973,-0.052431441025905946,-0.7287782773290828,-0.7287782773290833,-0.15854867175329548
0,1.588483694598917,0.36666149403314396,0.8425996131388612,0.8425996131388612,0.6083635800067535
3,2.3018338491497166,0.36666149403314396,1.7592367159118285,1.759236715911829,-0.5054446792013005
1,1.588483694598917,0.7438451355862888,-1.7763635376410456,-1.7763635376410458,2.404060559737601
3,2.159163818239557,1.8753960602457236,1.890184873450824,1.8901848734508238,1.1576155917994275
1,-0.6942367999636423,-1.0582544851676257,-1.3180449862545618,-1.318044986254562,-0.4850390317043589
0,-0.6942367999636423,-1.1839823656853408,-0.8597264348680782,-0.8597264348680784,-0.36260514672271044
2,-0.6942367999636423,-1.1001637786735308,-0.13951156840360382,-0.13951156840360396,0.28867510255467105
1,0.8751335400481172,0.534298668056764,-1.6454153801020501,-1.6454153801020504,-0.010607727400470437
1,-0.6942367999636423,-1.3935288332148656,-1.7763635376410456,-1.7763635376410458,0.3702976925424369
3,0.4471234473176373,0.7438451355862888,-0.07403748963410614,-0.0740374896341065,0.9722642937022095
0,1.0178035709582771,0.36666149403314396,0.2533329042133822,0.2533329042133819,0.5862574618850671
0,0.7324635091379572,-0.13625002803771594,-1.6454153801020501,-1.6454153801020504,1.0912972374343677
0,-0.12355667632300252,-0.42961508257905084,-0.7942523560985805,-0.7942523560985807,0.2172553363153757
3,-0.6942367999636423,1.0791194836335287,0.6461773768303682,0.6461773768303684,1.956836785429634
3,-0.6942367999636423,-0.6810708436144808,0.9735477706778566,0.9735477706778567,0.667880051872833
2,0.01911335458715743,0.28284290702133397,1.1699700069863497,1.1699700069863497,-1.2230432828437412
3,1.0178035709582771,-1.2258916591912457,1.9556589522203216,1.9556589522203214,0.5862574618850671
2,0.8751335400481172,0.9953008966217188,0.7771255343693636,0.7771255343693638,-0.5037442085765551
3,-0.5515667690534823,-0.09434073453181094,0.4497551405218752,0.4497551405218754,-1.726382587768297
2,-0.6942367999636423,-1.2678009526971508,-0.8597264348680782,-0.8597264348680784,-0.0259119630231765
1,0.30445341640747736,-0.3038872020613359,-1.2525709074850642,-1.2525709074850646,-1.362481874072841
2,0.5897934782277973,1.4982124186925787,0.18785882544388455,0.18785882544388444,1.7850892523303772
2,1.160473601868437,-0.5134336695908608,-0.6633041985595851,-0.6633041985595852,-0.7911237441584807
3,-0.6942367999636423,0.8695730161040038,1.0390218494473542,1.0390218494473542,1.3208607717749592
1,1.7311537255090768,1.5401217121984836,-0.7942523560985805,-0.7942523560985807,1.841204782946966
3,-0.2662267072331625,-0.2200686150495259,1.1044959282168518,1.1044959282168523,-1.5359298777968433
3,-0.6942367999636423,-1.1420730721794357,0.6461773768303682,0.6461773768303684,-0.922059982263855
1,1.0178035709582771,1.6658495927161987,-0.07403748963410614,-0.0740374896341065,2.159192789774303
2,0.7324635091379572,-0.8067987241321958,1.497340400833838,1.497340400833838,-0.5258503266982415
3,-0.6942367999636423,-0.1781593215436209,0.5152292192913729,0.5152292192913729,0.1696421588225127
1,-0.6942367999636423,-0.3457964955672409,-1.5144672225630549,-1.5144672225630553,0.5573494612643998
2,-0.12355667632300252,0.11520573299771401,0.8425996131388612,0.8425996131388612,-0.12794020050788338
1,-0.6942367999636423,-0.7229801371203858,-0.33593380471209683,-0.3359338047120969,0.8685355855927571
0,-0.5515667690534823,-1.0163451916617208,0.38428106175237753,0.38428106175237736,1.2290353580387223
0,0.30445341640747736,-0.1781593215436209,-0.008563410864608474,-0.008563410864608476,-1.7144792933950812
2,0.16178338549731738,1.4143938316807687,-0.5323560410205899,-0.5323560410205898,-1.374385168446057
3,-0.6942367999636423,-0.9325266046499108,1.300918164525345,1.3009181645253451,-1.025788690373307
3,0.01911335458715743,-0.8906173111440058,0.5807032980608705,0.5807032980608703,0.4264132231590256
3,-0.6942367999636423,-1.3097102462030557,0.7116514555998659,0.7116514555998658,-2.0766795364657917
0,-0.6942367999636423,-1.3097102462030557,-0.6633041985595851,-0.6633041985595852,-1.0376919847465231
0,-0.6942367999636423,1.0372101901276238,-0.46688196225109213,-0.46688196225109235,1.8497071360706916
2,1.0178035709582771,-0.9325266046499108,0.2533329042133822,0.2533329042133819,0.6117645212562437
3,2.016493787329397,0.07329643949180903,-0.07403748963410614,-0.0740374896341065,0.46552404752816345
1,0.8751335400481172,-1.0163451916617208,-1.2525709074850642,-1.2525709074850646,-1.6770689396506884
3,-0.2662267072331625,1.9173053537516287,0.6461773768303682,0.6461773768303684,0.5114367543962816
2,1.303143632778597,1.1629380706453387,0.8425996131388612,0.8425996131388612,0.5267409900189877
1,-0.6942367999636423,-0.8906173111440058,-1.7763635376410456,-1.7763635376410458,-0.9696731597567182
2,-0.6942367999636423,-1.3935288332148656,0.9735477706778566,0.9735477706778567,-0.00040490365199932803
2,0.01911335458715743,-0.8067987241321958,0.5152292192913729,0.5152292192913729,-0.4425272660857309
0,-0.6942367999636423,0.199024320009524,-0.9906745924070736,-0.9906745924070737,0.5624508731386354
1,-0.12355667632300252,-0.7229801371203858,-0.008563410864608474,-0.008563410864608476,-1.2859606959593108
2,0.4471234473176373,2.4202168758224887,-0.9906745924070736,-0.9906745924070737,1.3565706548946064
1,0.16178338549731738,0.9533916031158138,-1.3835190650240596,-1.3835190650240599,-0.6380813879314196
3,0.01911335458715743,-0.010522147520000953,-0.20498564717310147,-0.2049856471731014,0.13223180507811966
0,-0.6942367999636423,-0.6810708436144808,0.38428106175237753,0.38428106175237736,0.870236056217502
1,-0.2662267072331625,0.11520573299771401,-1.5144672225630549,-1.5144672225630553,0.3992056931631036
2,-0.6942367999636423,1.4143938316807687,-0.5323560410205899,-0.5323560410205898,-0.740109625416127
0,1.0178035709582771,-1.0582544851676257,-1.1870968287155665,-1.1870968287155668,0.3770995750414172
1,1.0178035709582771,-0.5134336695908608,-0.5978301197900875,-0.5978301197900878,0.3464911037960051
2,-0.6942367999636423,0.36666149403314396,-0.33593380471209683,-0.3359338047120969,0.3736986337919271
2,0.30445341640747736,2.043033234269344,2.7413478974542937,2.741347897454294,1.2103301811665261
1,-0.6942367999636423,-1.1420730721794357,-0.6633041985595851,-0.6633041985595852,-0.34900138172474915
3,-0.6942367999636423,-0.6810708436144808,-0.07403748963410614,-0.0740374896341065,0.5420452256416938
1,-0.6942367999636423,-0.3038872020613359,-1.056148671176571,-1.0561486711765713,0.8141205256009133
0,-0.6942367999636423,-1.4354381267207705,1.1699700069863497,1.1699700069863497,-0.8506402160245596
2,-0.6942367999636423,0.199024320009524,-1.3180449862545618,-1.318044986254562,-1.047894808494994
1,-0.6942367999636423,-1.0582544851676257,-0.9906745924070736,-0.9906745924070737,-0.7843218616595004
3,-0.6942367999636423,0.49238937455085896,0.38428106175237753,0.38428106175237736,0.7835120543555011
3,-0.12355667632300252,0.9533916031158138,-0.27045972594259915,-0.2704597259425994,0.5573494612643998
3,-0.2662267072331625,0.03138714598590404,0.7116514555998659,0.7116514555998658,-1.0887061034888768
3,0.8751335400481172,2.1687611147870585,2.6103997399152985,2.610399739915298,2.7186476253154486
3,-0.6942367999636423,-1.0582544851676257,1.8247107946813264,1.8247107946813264,-1.7008755283971202
3,3.3005240655208365,0.07329643949180903,1.9556589522203216,1.9556589522203214,-0.5258503266982415
1,0.4471234473176373,2.4202168758224887,-0.46688196225109213,-0.46688196225109235,-0.852340686649305
1,-0.6942367999636423,0.576207961562669,-0.27045972594259915,-0.2704597259425994,0.03530497946764775
0,-0.6942367999636423,-0.9744358981558158,0.5807032980608705,0.5807032980608703,0.40600757566208395
3,-0.6942367999636423,2.2106704082929634,1.300918164525345,1.3009181645253451,1.1236061793045253
0,-0.6942367999636423,0.40857078753904896,-0.27045972594259915,-0.2704597259425994,-0.33709808735153324
2,1.303143632778597,-0.7648894306262908,0.7771255343693636,0.7771255343693638,-0.21126326112039462
1,-0.6942367999636423,-0.1781593215436209,0.31880698298287985,0.3188069829828799,0.34138969192176954
3,-0.6942367999636423,-0.7648894306262908,-0.5323560410205899,-0.5323560410205898,-0.05652043426858862
0,-0.6942367999636423,-1.4354381267207705,-1.3180449862545618,-1.318044986254562,-0.8880505697689524
1,-0.6942367999636423,-0.6391615501085758,-1.056148671176571,-1.0561486711765713,0.09142051008423703
0,-0.6942367999636423,0.40857078753904896,0.5152292192913729,0.5152292192913729,-0.5020437379518103
1,1.160473601868437,-0.5134336695908608,-0.7942523560985805,-0.7942523560985807,-0.33709808735153324
0,-0.6942367999636423,-1.4354381267207705,-0.9906745924070736,-0.9906745924070737,-0.4901404435785945
0,-0.6942367999636423,-0.9325266046499108,-0.9906745924070736,-0.9906745924070737,0.35499345691973083
3,0.8751335400481172,-0.3457964955672409,0.12238474667438687,0.122384746674387,-0.058220904893333404
3,-0.40889673814332245,0.8695730161040038,1.8247107946813264,1.8247107946813264,1.7000657210931212
3,0.5897934782277973,-1.1420730721794357,0.7116514555998659,0.7116514555998658,-1.8743235321211225
0,0.7324635091379572,1.0791194836335287,-0.13951156840360382,-0.13951156840360396,1.189924533669585
0,-0.12355667632300252,1.3305752446689587,0.7116514555998659,0.7116514555998658,-0.570062562941615
3,0.8751335400481172,3.0488562784110633,1.1699700069863497,1.1699700069863497,2.5503010334656815
3,1.4458136636887569,-1.1420730721794357,1.2354440857558473,1.235444085755847,0.07611627446153098
0,-0.6942367999636423,-1.4354381267207705,-0.7942523560985805,-0.7942523560985807,-0.7231049191686756
2,-0.6942367999636423,-0.9744358981558158,2.6103997399152985,2.610399739915298,0.2393614544370627
0,-0.6942367999636423,-0.3038872020613359,1.497340400833838,1.497340400833838,-0.5666616216921248
1,-0.6942367999636423,-1.0163451916617208,-0.33593380471209683,-0.3359338047120969,0.0012955669727454542
3,-0.6942367999636423,-0.7229801371203858,0.056910667904889196,0.056910667904888974,0.5539485200149096
0,0.16178338549731738,0.240933613515429,-0.27045972594259915,-0.2704597259425994,0.9501581755805231
1,-0.6942367999636423,-0.8067987241321958,-0.20498564717310147,-0.2049856471731014,1.3735753611420578
3,-0.6942367999636423,0.07329643949180903,1.4318663220643402,1.4318663220643406,-1.3131682259552324
3,-0.5515667690534823,0.7857544290921938,-0.008563410864608474,-0.008563410864608476,-1.1023098684868378
3,-0.6942367999636423,-0.7229801371203858,1.0390218494473542,1.0390218494473542,0.26316804318349385
0,-0.6942367999636423,0.6600265485744788,-1.1870968287155665,-1.1870968287155668,0.8328257024731095
0,-0.6942367999636423,-0.7229801371203858,1.0390218494473542,1.0390218494473542,-0.1347420830068643
1,-0.5515667690534823,0.9114823096099088,-1.5144672225630549,-1.5144672225630553,0.6389720512521656
2,2.3018338491497166,-0.5972522566026708,0.9735477706778566,0.9735477706778567,-0.3507018523494945
3,-0.2662267072331625,0.45048008104495396,0.8425996131388612,0.8425996131388612,0.28867510255467105
3,-0.6942367999636423,-0.38770578907314585,1.2354440857558473,1.235444085755847,-1.1822319878498582
3,0.01911335458715743,-0.8067987241321958,0.18785882544388455,0.18785882544388444,0.6593776987491072
2,0.4471234473176373,0.28284290702133397,0.9735477706778566,0.9735477706778567,0.8991440568381693
2,-0.6942367999636423,-1.3516195397089608,-0.13951156840360382,-0.13951156840360396,-1.2995644609572714
2,-0.6942367999636423,-1.3097102462030557,1.0390218494473542,1.0390218494473542,-1.8726230614963773
2,-0.6942367999636423,0.240933613515429,0.5807032980608705,0.5807032980608703,-0.24017126174106135
0,2.016493787329397,0.9114823096099088,0.9080736919083588,0.9080736919083586,1.159316062424173
2,2.7298439418801967,2.2525797017988687,-0.7942523560985805,-0.7942523560985807,-0.32689526360306276
1,-0.6942367999636423,-1.4354381267207705,-1.056148671176571,-1.0561486711765713,-0.17725384862549232
0,-0.6942367999636423,1.2886659511630538,-0.13951156840360382,-0.13951156840360396,0.8872407624649534
0,1.8738237564192368,0.618117255068574,0.12238474667438687,0.122384746674387,0.0046965082222356225
0,1.0178035709582771,0.7438451355862888,-0.8597264348680782,-0.8597264348680784,-0.2231665554936105
0,-0.6942367999636423,-0.3457964955672409,0.6461773768303682,0.6461773768303684,-0.6074729166860074
3,-0.6942367999636423,-1.1420730721794357,0.5807032980608705,0.5807032980608703,-0.7367086841666368
1,0.01911335458715743,-0.8487080176381008,-1.5144672225630549,-1.5144672225630553,0.49783298939832094
0,0.01911335458715743,1.2886659511630538,-0.9906745924070736,-0.9906745924070737,2.404060559737601
3,-0.6942367999636423,-1.2678009526971508,1.0390218494473542,1.0390218494473542,-0.9424656297607963
1,-0.6942367999636423,0.03138714598590404,-0.07403748963410614,-0.0740374896341065,0.18664686506996356
2,3.0151840037005164,0.28284290702133397,-1.6454153801020501,-1.6454153801020504,-0.1364425536316091
0,-0.6942367999636423,-0.6391615501085758,0.9080736919083588,0.9080736919083586,0.3430901625465149
0,-0.6942367999636423,0.199024320009524,-0.07403748963410614,-0.0740374896341065,0.9059459393371496
2,-0.6942367999636423,0.28284290702133397,0.7116514555998659,0.7116514555998658,0.9518586462052678
3,0.8751335400481172,2.043033234269344,0.056910667904889196,0.056910667904888974,1.3582711255193518
3,0.16178338549731738,0.8695730161040038,-0.27045972594259915,-0.2704597259425994,-0.5921686810633013
3,1.7311537255090768,-0.09434073453181094,0.2533329042133822,0.2533329042133819,-0.9458665710102867
0,-0.6942367999636423,2.0849425277752487,0.9735477706778566,0.9735477706778567,1.5844337186104531
2,0.4471234473176373,-0.9744358981558158,0.31880698298287985,0.3188069829828799,0.06931439196255064
3,-0.6942367999636423,-0.9744358981558158,0.7116514555998659,0.7116514555998658,0.20705251256690518
0,-0.2662267072331625,-1.4354381267207705,-0.13951156840360382,-0.13951156840360396,-1.0751023384909157
1,-0.6942367999636423,-0.8487080176381008,-0.8597264348680782,-0.8597264348680784,-1.726382587768297
3,-0.6942367999636423,-0.9744358981558158,2.0211330309898194,2.02113303098982,0.06591345071305986
1,-0.6942367999636423,0.9114823096099088,-0.008563410864608474,-0.008563410864608476,-0.8115293916554224
1,-0.6942367999636423,-1.0582544851676257,-0.9252005136375758,-0.9252005136375762,-0.782621391034755
2,-0.6942367999636423,-0.38770578907314585,0.9080736919083588,0.9080736919083586,-0.18405573112447265
3,0.01911335458715743,1.7077588862221036,0.12238474667438687,0.122384746674387,-0.21296373174513938
3,-0.6942367999636423,-0.2619779085554309,-0.7287782773290828,-0.7287782773290833,-0.33199667547729833
1,0.7324635091379572,0.03138714598590404,-0.6633041985595851,-0.6633041985595852,-1.5070218771761763
3,-0.2662267072331625,0.9533916031158138,0.056910667904889196,0.056910667904888974,0.32268451504957335
1,-0.6942367999636423,-0.052431441025905946,0.38428106175237753,0.38428106175237736,1.0912972374343677
1,-0.6942367999636423,0.240933613515429,-0.5978301197900875,-0.5978301197900878,-0.8319350391523633
0,1.7311537255090768,0.240933613515429,-0.5323560410205899,-0.5323560410205898,0.25296521943502337
3,-0.6942367999636423,-0.010522147520000953,1.1044959282168518,1.1044959282168523,-0.3847112648443968
0,-0.6942367999636423,-1.1420730721794357,-0.4014078834815945,-0.4014078834815949,-0.21636467299463016
1,1.303143632778597,-0.5553429630967658,-1.7763635376410456,-1.7763635376410458,-1.6294557621578252
0,0.16178338549731738,-0.8487080176381008,-0.46688196225109213,-0.46688196225109235,-0.500343267327065
1,-0.6942367999636423,-0.5134336695908608,-0.5323560410205899,-0.5323560410205898,-0.3813103235949067
2,0.5897934782277973,0.7438451355862888,0.5807032980608705,0.5807032980608703,2.142188083526853
3,0.5897934782277973,-0.052431441025905946,2.0211330309898194,2.02113303098982,-1.3369748147016642
3,-0.6942367999636423,-1.3935288332148656,0.7771255343693636,0.7771255343693638,-0.12964067113262875
0,2.159163818239557,-1.3097102462030557,0.38428106175237753,0.38428106175237736,-1.2247437534684862
2,-0.6942367999636423,2.1268518212811536,1.1699700069863497,1.1699700069863497,-0.00720678615098027
3,0.16178338549731738,-0.8906173111440058,-0.5978301197900875,-0.5978301197900878,-1.6583637627784922
2,0.16178338549731738,0.240933613515429,-0.6633041985595851,-0.6633041985595852,-0.6295790348076944
3,1.8738237564192368,-0.5553429630967658,1.3663922432948425,1.3663922432948425,-1.0887061034888768
2,-0.6942367999636423,-0.5972522566026708,-1.056148671176571,-1.0561486711765713,1.074292531186917
1,1.4458136636887569,-0.9325266046499108,-0.27045972594259915,-0.2704597259425994,0.14583557007608094
2,1.160473601868437,2.043033234269344,-0.07403748963410614,-0.0740374896341065,2.262921497883755
3,-0.6942367999636423,-0.3038872020613359,0.31880698298287985,0.3188069829828799,-0.8081284504059316
0,0.8751335400481172,1.4143938316807687,0.2533329042133822,0.2533329042133819,0.6593776987491072
0,-0.6942367999636423,-1.1420730721794357,-0.9906745924070736,-0.9906745924070737,-1.7178802346445714
2,-0.40889673814332245,1.1210287771394338,0.8425996131388612,0.8425996131388612,0.6049626387572634
0,0.30445341640747736,-0.010522147520000953,0.5807032980608705,0.5807032980608703,0.37880004566616204
1,0.01911335458715743,0.9533916031158138,-0.20498564717310147,-0.2049856471731014,0.15603839382455145
3,0.5897934782277973,-0.3038872020613359,0.9735477706778566,0.9735477706778567,1.0011722943228762
2,-0.2662267072331625,0.40857078753904896,-1.5799413013325525,-1.579941301332553,0.40770804628682933
2,-0.6942367999636423,-0.8067987241321958,1.890184873450824,1.8901848734508238,-0.3660060879722006
0,-0.6942367999636423,1.2886659511630538,0.5807032980608705,0.5807032980608703,2.137086671652617
1,-0.5515667690534823,0.9114823096099088,-0.9252005136375758,-0.9252005136375762,-1.1006093978620923
0,-0.6942367999636423,0.9114823096099088,-0.5978301197900875,-0.5978301197900878,0.4723259300271438
2,0.5897934782277973,0.9533916031158138,-0.46688196225109213,-0.46688196225109235,-0.712902095420205
3,1.303143632778597,-1.0582544851676257,1.4318663220643402,1.4318663220643406,-2.1055875370864587
1,-0.5515667690534823,-0.5553429630967658,-0.5323560410205899,-0.5323560410205898,-0.46973479608165286
0,-0.6942367999636423,-1.4354381267207705,0.5807032980608705,0.5807032980608703,-0.30989055735561133
3,2.5871739109700367,-0.3038872020613359,1.890184873450824,1.8901848734508238,-1.233246106592212
2,-0.6942367999636423,0.9953008966217188,1.0390218494473542,1.0390218494473542,-0.6856945654242831
3,-0.40889673814332245,0.8695730161040038,1.3663922432948425,1.3663922432948425,1.5759313654867273
0,0.16178338549731738,0.11520573299771401,-0.5978301197900875,-0.5978301197900878,-1.3930903453182533
1,-0.6942367999636423,-0.9744358981558158,-1.2525709074850642,-1.2525709074850646,1.2613442999088798
1,-0.6942367999636423,-1.2678009526971508,-1.5144672225630549,-1.5144672225630553,0.6219673450047148
3,0.30445341640747736,2.0011239407634385,1.2354440857558473,1.235444085755847,0.746101700611108
3,-0.6942367999636423,-0.9325266046499108,0.8425996131388612,0.8425996131388612,0.6338706393779301
2,-0.6942367999636423,0.07329643949180903,0.5152292192913729,0.5152292192913729,-0.21806514361937496
3,-0.6942367999636423,-0.8067987241321958,0.7771255343693636,0.7771255343693638,-0.2996877336071408
2,-0.6942367999636423,-1.4354381267207705,0.4497551405218752,0.4497551405218754,-0.6805931535500476
1,0.30445341640747736,-1.3516195397089608,0.12238474667438687,0.122384746674387,-1.925337650863476
0,-0.6942367999636423,-1.4354381267207705,-0.9906745924070736,-0.9906745924070737,-0.6431827998056551
0,-0.6942367999636423,-1.3516195397089608,0.5152292192913729,0.5152292192913729,-0.9526684535092671
0,-0.6942367999636423,-1.4354381267207705,-1.3835190650240596,-1.3835190650240599,-1.498519524052451
0,-0.2662267072331625,-1.1420730721794357,-0.13951156840360382,-0.13951156840360396,0.2274581600638468
3,-0.6942367999636423,-0.9325266046499108,1.6937626371423309,1.6937626371423309,-0.4102183242155734
3,-0.6942367999636423,0.36666149403314396,1.4318663220643402,1.4318663220643406,-0.0480180811448629
2,-0.6942367999636423,0.6600265485744788,-1.7763635376410456,-1.7763635376410458,1.152514179925192
1,3.3005240655208365,0.07329643949180903,-0.7287782773290828,-0.7287782773290833,0.3345878094227892
3,2.159163818239557,-1.0163451916617208,2.2175552672983123,2.2175552672983123,-0.14154396550584464
3,0.01911335458715743,0.9533916031158138,1.4318663220643402,1.4318663220643406,0.6423729925016558
1,0.16178338549731738,-0.2200686150495259,-1.5144672225630549,-1.5144672225630553,-0.04121619864588256
3,-0.6942367999636423,0.11520573299771401,2.28302934606781,2.2830293460678095,0.38560192816514294
2,-0.6942367999636423,-0.3038872020613359,0.6461773768303682,0.6461773768303684,-0.4102183242155734
2,1.7311537255090768,0.45048008104495396,1.6282885583728333,1.6282885583728335,-0.9543689241340122
1,1.303143632778597,0.03138714598590404,-1.121622749946069,-1.1216227499460691,1.201827828042801
1,-0.5515667690534823,1.4982124186925787,-1.5144672225630549,-1.5144672225630553,1.2613442999088798
1,1.303143632778597,-0.8487080176381008,-0.7287782773290828,-0.7287782773290833,0.8294247612236193
2,-0.2662267072331625,1.2467566576571487,-0.9252005136375758,-0.9252005136375762,1.3701744198925676
0,0.4471234473176373,-1.0582544851676257,0.31880698298287985,0.3188069829828799,-0.5751639748158505
2,1.8738237564192368,1.7915774732339136,0.5152292192913729,0.5152292192913729,1.4756035986267653
3,-0.6942367999636423,0.618117255068574,2.086607109759317,2.0866071097593175,-1.6192529384093544
0,-0.6942367999636423,-1.2678009526971508,-0.20498564717310147,-0.2049856471731014,-0.5207489148240066
2,2.016493787329397,0.240933613515429,-0.4014078834815945,-0.4014078834815949,-0.0803270230150204
1,-0.2662267072331625,-0.1781593215436209,-0.33593380471209683,-0.3359338047120969,-0.024211492398431112
2,0.16178338549731738,0.07329643949180903,-1.3835190650240596,-1.3835190650240599,-0.6873950360490285
2,1.8738237564192368,-0.6391615501085758,0.12238474667438687,0.122384746674387,-1.6923731752733944
2,-0.2662267072331625,0.6600265485744788,-1.3835190650240596,-1.3835190650240599,0.5522480493901648
2,-0.2662267072331625,-0.09434073453181094,0.18785882544388455,0.18785882544388444,-0.5241498560734967
2,1.588483694598917,2.6716726368579184,1.9556589522203216,1.9556589522203214,2.0452612579163807
0,0.01911335458715743,1.8753960602457236,-0.008563410864608474,-0.008563410864608476,0.4570216944044377
3,-0.12355667632300252,0.618117255068574,1.1044959282168518,1.1044959282168523,-1.5920454084134323
0,2.159163818239557,1.2886659511630538,-1.2525709074850642,-1.2525709074850646,2.353046440995247
2,3.5858641273411562,-0.9325266046499108,1.8247107946813264,1.8247107946813264,-0.0480180811448629
2,-0.6942367999636423,-0.5972522566026708,0.6461773768303682,0.6461773768303684,0.6372715806274208
3,-0.6942367999636423,0.07329643949180903,1.6937626371423309,1.6937626371423309,0.07611627446153098
2,-0.5515667690534823,1.4982124186925787,0.12238474667438687,0.122384746674387,0.9297525280835814
3,0.5897934782277973,0.7019358420803838,1.497340400833838,1.497340400833838,1.0385826480672693
1,-0.5515667690534823,1.2886659511630538,-0.7942523560985805,-0.7942523560985807,1.40758477363696
0,-0.6942367999636423,0.07329643949180903,-0.4014078834815945,-0.4014078834815949,0.31928357380008315
3,-0.6942367999636423,-1.4354381267207705,-0.008563410864608474,-0.008563410864608476,-0.6193762110592232
0,-0.2662267072331625,0.618117255068574,-1.9073116951800408,-1.9073116951800413,0.2257576894391014
0,-0.40889673814332245,1.1210287771394338,-0.9252005136375758,-0.9252005136375762,0.837927114347345
1,0.4471234473176373,-0.5553429630967658,-1.2525709074850642,-1.2525709074850646,-1.0172863372495817
2,-0.2662267072331625,0.7019358420803838,-0.46688196225109213,-0.46688196225109235,0.5675522850128709
3,0.7324635091379572,0.7857544290921938,-0.33593380471209683,-0.3359338047120969,0.8940426449639337
2,-0.2662267072331625,-0.5134336695908608,0.9080736919083588,0.9080736919083586,0.3039793381773771
0,0.30445341640747736,0.07329643949180903,-0.6633041985595851,-0.6633041985595852,-1.2077390472210352
1,-0.12355667632300252,1.4982124186925787,0.056910667904889196,0.056910667904888974,2.001049021673007
0,0.30445341640747736,-1.4354381267207705,-0.27045972594259915,-0.2704597259425994,-0.5173479735745165
0,2.016493787329397,1.0372101901276238,-0.20498564717310147,-0.2049856471731014,-0.9968806897526402
0,-0.6942367999636423,1.6239402992102936,-0.13951156840360382,-0.13951156840360396,0.7478021712358535
0,-0.6942367999636423,-0.2200686150495259,0.7116514555998659,0.7116514555998658,-0.35240232297423935
0,1.8738237564192368,-0.6810708436144808,-0.20498564717310147,-0.2049856471731014,0.15263745257506128
0,-0.6942367999636423,-1.4354381267207705,0.2533329042133822,0.2533329042133819,-2.0613753008430855
3,-0.40889673814332245,0.9114823096099088,-0.008563410864608474,-0.008563410864608476,-1.3063663434562522
3,0.4471234473176373,-0.13625002803771594,0.9735477706778566,0.9735477706778567,-0.5377536210714574
2,3.3005240655208365,2.2106704082929634,-1.5144672225630549,-1.5144672225630553,-0.9203595116391099
3,0.16178338549731738,0.32475220052723897,1.300918164525345,1.3009181645253451,-1.2094395178457802
3,-0.6942367999636423,-1.3097102462030557,-0.008563410864608474,-0.008563410864608476,-0.7622157435378134
1,0.16178338549731738,-0.8067987241321958,-0.8597264348680782,-0.8597264348680784,0.2359605131875719
1,0.7324635091379572,-1.4354381267207705,-0.33593380471209683,-0.3359338047120969,-1.5444322309205691
0,-0.40889673814332245,0.36666149403314396,-0.9252005136375758,-0.9252005136375762,-0.13304161238211892
1,-0.6942367999636423,0.8695730161040038,0.2533329042133822,0.2533329042133819,0.7392998181121277
2,-0.6942367999636423,1.6239402992102936,-0.4014078834815945,-0.4014078834815949,0.9331534693330715
0,1.588483694598917,-0.13625002803771594,-0.33593380471209683,-0.3359338047120969,-0.20276090799666888
3,-0.6942367999636423,-1.3097102462030557,0.6461773768303682,0.6461773768303684,-0.14834584800482498
3,1.7311537255090768,-0.5972522566026708,-0.5978301197900875,-0.5978301197900878,-0.10753455301094235
0,1.303143632778597,2.043033234269344,-1.2525709074850642,-1.2525709074850646,1.2137311224160163
2,-0.6942367999636423,-1.4354381267207705,-2.234682089027529,-2.2346820890275296,-1.5665383490422555
2,-0.6942367999636423,-0.42961508257905084,0.31880698298287985,0.3188069829828799,0.3770995750414172
2,-0.6942367999636423,-0.9744358981558158,-0.33593380471209683,-0.3359338047120969,0.36689675129294674
1,-0.6942367999636423,-1.1420730721794357,-0.7942523560985805,-0.7942523560985807,-1.542731760295824
2,-0.6942367999636423,-0.9325266046499108,-1.3180449862545618,-1.318044986254562,-1.4100950515657045
0,2.159163818239557,0.9533916031158138,0.7771255343693636,0.7771255343693638,1.0266793536940533
1,-0.6942367999636423,-1.4354381267207705,-0.8597264348680782,-0.8597264348680784,-0.6108738579354975
1,1.0178035709582771,0.11520573299771401,-0.7942523560985805,-0.7942523560985807,-1.2383475184664472
1,-0.6942367999636423,-1.4354381267207705,-1.4489931437935573,-1.4489931437935575,-0.7775199791605194
3,0.7324635091379572,0.45048008104495396,0.5807032980608705,0.5807032980608703,0.12542992257913932
1,1.303143632778597,-1.1001637786735308,-0.9906745924070736,-0.9906745924070737,-0.7707180966615391
0,-0.6942367999636423,0.36666149403314396,-0.4014078834815945,-0.4014078834815949,1.2239339461644874
2,-0.6942367999636423,-0.1781593215436209,-0.20498564717310147,-0.2049856471731014,0.7154932293656959
1,0.7324635091379572,0.45048008104495396,-0.9252005136375758,-0.9252005136375762,-1.4083945809409593
1,0.8751335400481172,1.4143938316807687,0.056910667904889196,0.056910667904888974,1.5164148936206479
1,-0.6942367999636423,-0.2619779085554309,-2.5620524828750177,-2.562052482875018,-1.0512957497444841
0,-0.6942367999636423,-0.42961508257905084,1.6282885583728333,1.6282885583728335,0.7290969943636573
3,-0.6942367999636423,1.1210287771394338,0.31880698298287985,0.3188069829828799,-0.036114786771647006
0,-0.6942367999636423,1.0372101901276238,-0.33593380471209683,-0.3359338047120969,-1.2978639903325264
3,0.30445341640747736,-1.2678009526971508,-0.13951156840360382,-0.13951156840360396,-1.3369748147016642
3,-0.6942367999636423,-0.1781593215436209,0.38428106175237753,0.38428106175237736,-1.5682388196670005
2,-0.6942367999636423,-0.8906173111440058,0.5152292192913729,0.5152292192913729,-1.3658828153223312
3,-0.6942367999636423,-1.4354381267207705,0.9735477706778566,0.9735477706778567,-0.4340249129620052
0,-0.12355667632300252,-1.3935288332148656,-0.9252005136375758,-0.9252005136375762,0.21045345381639535
2,-0.40889673814332245,0.8276637225980988,-0.5323560410205899,-0.5323560410205898,1.206929239917036
3,-0.6942367999636423,-1.1420730721794357,1.1044959282168518,1.1044959282168523,-0.06502278739231435
1,1.7311537255090768,-0.7648894306262908,-0.27045972594259915,-0.2704597259425994,-1.3488781090748803
0,0.7324635091379572,0.7019358420803838,0.18785882544388455,0.18785882544388444,1.6830610148456697
0,-0.6942367999636423,-0.38770578907314585,-1.6454153801020501,-1.6454153801020504,1.55042430611555
1,-0.6942367999636423,-1.4354381267207705,-0.33593380471209683,-0.3359338047120969,-0.5241498560734967
1,-0.6942367999636423,-1.0582544851676257,-0.7942523560985805,-0.7942523560985807,-0.5445555035704384
0,1.7311537255090768,-0.2200686150495259,-0.008563410864608474,-0.008563410864608476,0.251264748810278
3,0.8751335400481172,-1.3935288332148656,0.9080736919083588,0.9080736919083586,-0.5938691516880468
1,-0.6942367999636423,2.1268518212811536,-1.7763635376410456,-1.7763635376410458,0.32268451504957335
0,-0.6942367999636423,-0.1781593215436209,-1.121622749946069,-1.1216227499460691,0.2699699256824748
2,1.160473601868437,-0.8906173111440058,-0.27045972594259915,-0.2704597259425994,0.7154932293656959
1,-0.2662267072331625,-0.1781593215436209,-0.4014078834815945,-0.4014078834815949,0.7188941706151861
2,-0.5515667690534823,-0.8067987241321958,-0.46688196225109213,-0.46688196225109235,-1.529127995297863
2,-0.6942367999636423,0.36666149403314396,-0.4014078834815945,-0.4014078834815949,-0.4238220892135347
2,-0.6942367999636423,0.240933613515429,1.3663922432948425,1.3663922432948425,-0.950967982884522
3,-0.6942367999636423,1.1210287771394338,-0.20498564717310147,-0.2049856471731014,-0.6312795054324392
0,-0.6942367999636423,-0.6391615501085758,0.38428106175237753,0.38428106175237736,0.6049626387572634
0,1.4458136636887569,1.9173053537516287,-0.7942523560985805,-0.7942523560985807,1.4824054811257457
1,0.01911335458715743,-0.8067987241321958,-0.7287782773290828,-0.7287782773290833,-0.4408267954609855
2,-0.6942367999636423,0.28284290702133397,-0.7287782773290828,-0.7287782773290833,0.8787384093412277
3,1.0178035709582771,1.1210287771394338,2.479451582376303,2.4794515823763033,0.652575816250127
2,-0.5515667690534823,-1.4354381267207705,2.086607109759317,2.0866071097593175,0.12202898132964915
2,-0.6942367999636423,0.32475220052723897,0.056910667904889196,0.056910667904888974,-0.5717630335663604
0,-0.40889673814332245,-0.5134336695908608,1.1699700069863497,1.1699700069863497,-1.6107505852856285
2,-0.6942367999636423,-0.6391615501085758,0.2533329042133822,0.2533329042133819,0.016599802595451515
0,-0.6942367999636423,0.9953008966217188,0.056910667904889196,0.056910667904888974,0.9382548812073072
2,-0.40889673814332245,2.1268518212811536,-0.008563410864608474,-0.008563410864608476,0.8396275849720898
3,0.8751335400481172,1.0791194836335287,-0.46688196225109213,-0.46688196225109235,0.5641513437633807
0,-0.6942367999636423,-0.9325266046499108,0.12238474667438687,0.122384746674387,-0.47993761983012334
0,-0.6942367999636423,-1.3935288332148656,-0.13951156840360382,-0.13951156840360396,0.2614675725587491
0,-0.6942367999636423,-0.8067987241321958,1.3663922432948425,1.3663922432948425,-0.2690792623617287
3,-0.6942367999636423,0.07329643949180903,0.5152292192913729,0.5152292192913729,-1.5597364665432751
3,0.7324635091379572,-0.6810708436144808,-0.5978301197900875,-0.5978301197900878,0.3430901625465149
2,-0.6942367999636423,-1.1839823656853408,1.1044959282168518,1.1044959282168523,-0.7843218616595004
2,-0.6942367999636423,-1.3097102462030557,0.38428106175237753,0.38428106175237736,-0.979875983505189
0,1.160473601868437,-0.42961508257905084,-0.5978301197900875,-0.5978301197900878,-0.6261780935582036
3,-0.6942367999636423,-0.6391615501085758,0.5152292192913729,0.5152292192913729,-1.1363192809817402
0,0.8751335400481172,2.1268518212811536,-0.07403748963410614,-0.0740374896341065,-1.304665872831507
3,0.16178338549731738,1.2886659511630538,2.0211330309898194,2.02113303098982,1.2511414761604094
3,-0.6942367999636423,-0.6391615501085758,2.6103997399152985,2.610399739915298,-1.4356021109368813
2,-0.6942367999636423,-0.9744358981558158,0.5152292192913729,0.5152292192913729,-0.08882937613874613
3,-0.6942367999636423,-1.0163451916617208,-0.13951156840360382,-0.13951156840360396,-1.2213428122189962
2,-0.6942367999636423,-0.7648894306262908,0.7771255343693636,0.7771255343693638,1.3939810086389994
1,-0.40889673814332245,-1.4354381267207705,-1.121622749946069,-1.1216227499460691,-1.9372409452366917
0,-0.6942367999636423,-0.8487080176381008,0.5807032980608705,0.5807032980608703,0.336288280047534
0,0.30445341640747736,-0.7648894306262908,1.3663922432948425,1.3663922432948425,0.7580049949843239
2,-0.6942367999636423,-1.2258916591912457,-0.20498564717310147,-0.2049856471731014,-2.0477715358451247
0,-0.12355667632300252,0.7438451355862888,-0.6633041985595851,-0.6633041985595852,0.49273157752408536
3,0.01911335458715743,-0.9744358981558158,-0.07403748963410614,-0.0740374896341065,-0.5445555035704384
3,1.8738237564192368,0.8695730161040038,0.5807032980608705,0.5807032980608703,2.2799262041312067
1,-0.6942367999636423,-0.09434073453181094,-0.6633041985595851,-0.6633041985595852,-0.5887677398138111
0,1.588483694598917,-0.13625002803771594,-0.27045972594259915,-0.2704597259425994,-0.5598597391931445
3,-0.6942367999636423,-0.9744358981558158,0.8425996131388612,0.8425996131388612,0.02510215571917724
2,-0.6942367999636423,-0.9325266046499108,0.7771255343693636,0.7771255343693638,-0.11603690613466748
2,-0.6942367999636423,-1.2678009526971508,-0.20498564717310147,-0.2049856471731014,-0.37450844109592635
2,0.01911335458715743,-0.010522147520000953,-0.008563410864608474,-0.008563410864608476,0.12032851070490377
3,-0.6942367999636423,-1.4354381267207705,1.6937626371423309,1.6937626371423309,-1.3386752853264094
1,-0.6942367999636423,-1.4354381267207705,-0.27045972594259915,-0.2704597259425994,-1.0444938672455035
2,1.303143632778597,0.7019358420803838,-0.20498564717310147,-0.2049856471731014,0.21895580694012107
2,1.8738237564192368,-0.3038872020613359,0.31880698298287985,0.3188069829828799,-1.007083513501111
2,-0.6942367999636423,2.0011239407634385,1.1044959282168518,1.1044959282168523,0.645773933751146
3,-0.6942367999636423,-0.13625002803771594,1.0390218494473542,1.0390218494473542,-1.4526068171843325
0,-0.6942367999636423,0.32475220052723897,0.7116514555998659,0.7116514555998658,1.291952771154292
0,1.588483694598917,2.6716726368579184,-0.46688196225109213,-0.46688196225109235,0.8940426449639337
0,0.30445341640747736,-0.2200686150495259,0.2533329042133822,0.2533329042133819,0.7682078187327951
3,-0.2662267072331625,0.199024320009524,0.38428106175237753,0.38428106175237736,0.12542992257913932
2,-0.6942367999636423,0.03138714598590404,-0.5978301197900875,-0.5978301197900878,-0.515647502949771
2,-0.2662267072331625,-1.0163451916617208,-1.3180449862545618,-1.318044986254562,0.22235674818961124
3,2.159163818239557,-0.47152437608495584,-0.33593380471209683,-0.3359338047120969,-1.246849871590173
0,0.5897934782277973,0.11520573299771401,0.056910667904889196,0.056910667904888974,-0.10753455301094235
2,0.7324635091379572,0.45048008104495396,0.4497551405218752,0.4497551405218754,0.3022788675526317
3,-0.2662267072331625,0.9533916031158138,-0.6633041985595851,-0.6633041985595852,1.2613442999088798
1,-0.40889673814332245,1.4563031251866738,-0.7942523560985805,-0.7942523560985807,1.7374760748375138
0,0.7324635091379572,-0.6810708436144808,-0.27045972594259915,-0.2704597259425994,0.251264748810278
2,0.16178338549731738,-0.8067987241321958,0.7116514555998659,0.7116514555998658,-0.13134114175737413
3,-0.6942367999636423,-0.3038872020613359,1.497340400833838,1.497340400833838,-1.541031289671079
1,-0.6942367999636423,-1.4354381267207705,-0.5978301197900875,-0.5978301197900878,0.5199391075200074
1,-0.6942367999636423,-0.7648894306262908,0.18785882544388455,0.18785882544388444,-1.2978639903325264
0,-0.6942367999636423,-0.3457964955672409,0.38428106175237753,0.38428106175237736,1.082794884310642
3,0.5897934782277973,0.8695730161040038,0.7771255343693636,0.7771255343693638,-0.8489397453998148
0,-0.6942367999636423,-1.4354381267207705,-0.6633041985595851,-0.6633041985595852,-0.6295790348076944
3,0.7324635091379572,1.0372101901276238,-0.07403748963410614,-0.0740374896341065,1.132108532428251
2,-0.6942367999636423,1.0791194836335287,1.6937626371423309,1.6937626371423309,1.6694572498477092
0,-0.6942367999636423,-1.1001637786735308,-0.8597264348680782,-0.8597264348680784,-0.9628712772577379
1,1.0178035709582771,1.7077588862221036,-1.1870968287155665,-1.1870968287155668,1.6728581910971991
3,0.7324635091379572,0.8276637225980988,-0.07403748963410614,-0.0740374896341065,0.13223180507811966
2,-0.6942367999636423,-1.0163451916617208,0.8425996131388612,0.8425996131388612,-1.529127995297863
1,-0.6942367999636423,-0.9325266046499108,-1.2525709074850642,-1.2525709074850646,-0.9390646885113061
2,1.160473601868437,0.11520573299771401,0.4497551405218752,0.4497551405218754,0.977365705576445
2,1.7311537255090768,-0.2619779085554309,-1.5144672225630549,-1.5144672225630553,-1.4832152884297445
1,-0.6942367999636423,-0.6810708436144808,-0.4014078834815945,-0.4014078834815949,-1.474712935306019
1,-0.5515667690534823,-0.5134336695908608,-1.056148671176571,-1.0561486711765713,-1.0240882197485621
3,-0.6942367999636423,-0.38770578907314585,-0.008563410864608474,-0.008563410864608476,-1.2638545778376242
3,0.8751335400481172,0.7019358420803838,-0.5323560410205899,-0.5323560410205898,2.0894734941597535
3,-0.6942367999636423,0.9114823096099088,1.0390218494473542,1.0390218494473542,0.5624508731386354
3,3.5858641273411562,0.7438451355862888,0.38428106175237753,0.38428106175237736,0.32778592692380887
2,1.7311537255090768,0.7857544290921938,0.5152292192913729,0.5152292192913729,0.5403447550169489
0,1.303143632778597,0.9953008966217188,-0.7942523560985805,-0.7942523560985807,1.0793939430611519
1,4.013874220071636,-0.38770578907314585,-0.5323560410205899,-0.5323560410205898,0.36519628066820137
3,-0.6942367999636423,-0.2200686150495259,-0.008563410864608474,-0.008563410864608476,-0.024211492398431112
3,1.588483694598917,0.28284290702133397,1.300918164525345,1.3009181645253451,0.6797833462460489
1,0.30445341640747736,-0.3457964955672409,-0.7287782773290828,-0.7287782773290833,-0.937364217886561
3,-0.6942367999636423,-0.8067987241321958,1.1699700069863497,1.1699700069863497,-1.2026376353467998
1,0.01911335458715743,0.8276637225980988,-0.4014078834815945,-0.4014078834815949,1.3548701842698616
0,-0.6942367999636423,-1.4354381267207705,-0.9906745924070736,-0.9906745924070737,-1.8879272971190832
3,1.7311537255090768,0.576207961562669,0.38428106175237753,0.38428106175237736,-1.1958357528478192
0,1.303143632778597,0.8276637225980988,-0.9252005136375758,-0.9252005136375762,0.8056181724771876
1,-0.2662267072331625,1.1210287771394338,-0.20498564717310147,-0.2049856471731014,-0.5870672691890664
2,0.16178338549731738,1.1629380706453387,2.086607109759317,2.0866071097593175,-1.3539795209491154
3,2.016493787329397,0.157115026503619,1.3663922432948425,1.3663922432948425,-1.4407035228111165
3,0.01911335458715743,0.03138714598590404,2.1520811885288147,2.1520811885288147,0.06421298008831508
2,0.16178338549731738,1.0372101901276238,1.1699700069863497,1.1699700069863497,-0.41361926546506356
2,0.01911335458715743,-0.9744358981558158,-0.33593380471209683,-0.3359338047120969,1.1729198274221335
1,2.159163818239557,-1.1420730721794357,-0.46688196225109213,-0.46688196225109235,-1.7178802346445714
0,-0.6942367999636423,-0.9744358981558158,-1.9727857739495385,-1.972785773949539,0.6083635800067535
0,-0.6942367999636423,-0.5134336695908608,0.12238474667438687,0.122384746674387,1.5453228942413153
3,0.7324635091379572,0.8695730161040038,-0.27045972594259915,-0.2704597259425994,0.19855015944317947
3,-0.6942367999636423,-0.42961508257905084,1.6282885583728333,1.6282885583728335,-0.3558032642237295
1,-0.6942367999636423,-0.7648894306262908,-1.3835190650240596,-1.3835190650240599,-1.5257270540483725
2,1.8738237564192368,0.8695730161040038,0.056910667904889196,0.056910667904888974,0.1951492181936893
2,-0.6942367999636423,-0.8487080176381008,0.7771255343693636,0.7771255343693638,0.33288733879804383
1,-0.6942367999636423,-1.0163451916617208,-0.8597264348680782,-0.8597264348680784,0.1169275694554136
2,1.0178035709582771,1.7496681797280087,1.8247107946813264,1.8247107946813264,0.8413280555968352
2,-0.6942367999636423,-1.4354381267207705,-0.8597264348680782,-0.8597264348680784,-0.5972700929375369
2,-0.6942367999636423,-0.3038872020613359,-1.3180449862545618,-1.318044986254562,-1.0802037503651511
0,-0.5515667690534823,0.7857544290921938,0.7116514555998659,0.7116514555998658,1.9211269023099864
3,-0.12355667632300252,1.0372101901276238,0.9080736919083588,0.9080736919083586,0.293776514428906
0,1.160473601868437,2.1687611147870585,-0.13951156840360382,-0.13951156840360396,1.6150421898558651
3,2.3018338491497166,0.7438451355862888,0.31880698298287985,0.3188069829828799,-0.3251947929783174
1,-0.6942367999636423,0.36666149403314396,-1.8418376164105432,-1.8418376164105437,0.18834733569470896
1,-0.6942367999636423,0.03138714598590404,-1.4489931437935573,-1.4489931437935575,-1.5019204653019411
0,-0.6942367999636423,-0.47152437608495584,-1.6454153801020501,-1.6454153801020504,0.3600948687939658
0,0.16178338549731738,-0.9744358981558158,1.7592367159118285,1.759236715911829,-1.0427933966207583
1,0.30445341640747736,0.240933613515429,-0.7287782773290828,-0.7287782773290833,0.023401685094431853
1,-0.6942367999636423,-0.9744358981558158,-0.8597264348680782,-0.8597264348680784,-1.6090501146608835
3,-0.6942367999636423,-0.6810708436144808,0.8425996131388612,0.8425996131388612,-0.3336971461020431
3,0.5897934782277973,1.3724845381748638,1.5628144796033356,1.5628144796033354,2.3258389109993254
0,-0.6942367999636423,-1.1420730721794357,-0.13951156840360382,-0.13951156840360396,-0.8302345685276186
0,-0.6942367999636423,-0.6391615501085758,-0.4014078834815945,-0.4014078834815949,-1.189033870348839
2,-0.6942367999636423,-1.3097102462030557,1.6282885583728333,1.6282885583728335,-1.9865545933543003
1,-0.6942367999636423,-1.4354381267207705,-1.3835190650240596,-1.3835190650240599,0.4825287537756149
3,-0.6942367999636423,-0.5972522566026708,0.9080736919083588,0.9080736919083586,-0.35750373484847486
3,-0.6942367999636423,-0.9744358981558158,2.2175552672983123,2.2175552672983123,-0.08202749363976519
3,-0.6942367999636423,-1.4354381267207705,1.6937626371423309,1.6937626371423309,-2.0630757714678305
0,1.160473601868437,0.32475220052723897,0.9080736919083588,0.9080736919083586,1.572530424237237
3,3.0151840037005164,0.7438451355862888,0.2533329042133822,0.2533329042133819,-1.0138853960000913
1,-0.6942367999636423,-0.7648894306262908,-1.056148671176571,-1.0561486711765713,-1.4628096409328033
2,-0.6942367999636423,1.1210287771394338,-1.3180449862545618,-1.318044986254562,-0.054819963643843235
2,-0.5515667690534823,0.49238937455085896,0.31880698298287985,0.3188069829828799,-1.025788690373307
1,-0.6942367999636423,1.4982124186925787,-0.7287782773290828,-0.7287782773290833,0.8821393505907178
3,-0.6942367999636423,-1.1839823656853408,-0.7287782773290828,-0.7287782773290833,-0.08712890551400074
2,-0.6942367999636423,0.49238937455085896,0.31880698298287985,0.3188069829828799,0.6865852287450293
2,-0.6942367999636423,-1.4354381267207705,-0.7942523560985805,-0.7942523560985807,0.25806663130925894
1,-0.6942367999636423,-0.2619779085554309,0.056910667904889196,0.056910667904888974,0.6593776987491072
3,-0.40889673814332245,-0.8067987241321958,0.2533329042133822,0.2533329042133819,0.1169275694554136
3,0.01911335458715743,-0.47152437608495584,0.7771255343693636,0.7771255343693638,0.6117645212562437
0,-0.40889673814332245,-0.13625002803771594,-0.6633041985595851,-0.6633041985595852,0.683184287495539
3,1.7311537255090768,0.49238937455085896,1.5628144796033356,1.5628144796033354,-1.3114677553304874
2,3.443194096430996,0.49238937455085896,1.3663922432948425,1.3663922432948425,-1.8743235321211225
3,-0.5515667690534823,2.2106704082929634,0.12238474667438687,0.122384746674387,-0.8999538641421683
1,-0.6942367999636423,-0.3038872020613359,-0.4014078834815945,-0.4014078834815949,1.0810944136858973
3,-0.6942367999636423,-0.6810708436144808,1.0390218494473542,1.0390218494473542,-0.09563125863772647
2,0.7324635091379572,0.07329643949180903,0.7116514555998659,0.7116514555998658,-1.41859740468943
2,-0.6942367999636423,-0.3457964955672409,1.4318663220643402,1.4318663220643406,-0.35920420547322024
0,-0.12355667632300252,-0.8487080176381008,-0.27045972594259915,-0.2704597259425994,-0.21636467299463016
2,0.16178338549731738,0.32475220052723897,1.6282885583728333,1.6282885583728335,0.09142051008423703
0,-0.6942367999636423,-1.1420730721794357,-1.2525709074850642,-1.2525709074850646,-0.7537133904140877
3,-0.12355667632300252,-1.4354381267207705,1.0390218494473542,1.0390218494473542,-1.092107044738367
1,0.01911335458715743,-0.8067987241321958,-0.07403748963410614,-0.0740374896341065,0.6219673450047148
2,0.01911335458715743,-1.4354381267207705,1.1699700069863497,1.1699700069863497,-1.8862268264943383
1,0.01911335458715743,0.7438451355862888,-1.3180449862545618,-1.318044986254562,0.45021981190545735
2,-0.2662267072331625,0.7438451355862888,0.7771255343693636,0.7771255343693638,0.4553212237796929
2,-0.6942367999636423,-0.5134336695908608,-0.008563410864608474,-0.008563410864608476,-1.4917176415534703
2,-0.6942367999636423,-0.9744358981558158,-0.9252005136375758,-0.9252005136375762,0.24616333693604303
0,-0.6942367999636423,1.7496681797280087,-0.33593380471209683,-0.3359338047120969,1.6541530142250025
0,0.30445341640747736,1.8334867667398187,-0.8597264348680782,-0.8597264348680784,1.8310019591984954
3,-0.6942367999636423,0.9953008966217188,0.31880698298287985,0.3188069829828799,-0.024211492398431112
2,-0.40889673814332245,0.7438451355862888,0.4497551405218752,0.4497551405218754,0.8617337030937768
2,1.4458136636887569,-0.6391615501085758,-1.2525709074850642,-1.2525709074850646,0.12713039320388472
3,0.4471234473176373,-0.5972522566026708,0.12238474667438687,0.122384746674387,1.4466955980060978
1,-0.6942367999636423,0.28284290702133397,-0.7287782773290828,-0.7287782773290833,0.3481915744207499
2,-0.2662267072331625,0.45048008104495396,-0.5978301197900875,-0.5978301197900878,0.18834733569470896
3,-0.40889673814332245,-0.2619779085554309,-0.46688196225109213,-0.46688196225109235,-0.500343267327065
0,0.5897934782277973,-0.3038872020613359,1.497340400833838,1.497340400833838,-0.7707180966615391
3,1.303143632778597,0.03138714598590404,1.0390218494473542,1.0390218494473542,0.5726536968871059
1,-0.6942367999636423,0.9114823096099088,-1.5799413013325525,-1.579941301332553,1.0028727649476215
0,-0.6942367999636423,0.6600265485744788,-0.5978301197900875,-0.5978301197900878,-0.8234326860286376
2,2.5871739109700367,0.03138714598590404,2.479451582376303,2.4794515823763033,-1.1227155159837792
3,0.16178338549731738,1.3305752446689587,-0.4014078834815945,-0.4014078834815949,0.14583557007608094
0,-0.2662267072331625,-1.2678009526971508,1.497340400833838,1.497340400833838,-0.4986427967023196
1,-0.6942367999636423,-0.8487080176381008,-1.121622749946069,-1.1216227499460691,-1.0376919847465231
3,-0.6942367999636423,-1.1420730721794357,0.7771255343693636,0.7771255343693638,-0.8302345685276186
3,1.160473601868437,-0.8906173111440058,1.2354440857558473,1.235444085755847,1.1389104149272313
2,2.159163818239557,0.8276637225980988,-0.46688196225109213,-0.46688196225109235,0.12202898132964915
1,-0.6942367999636423,0.9114823096099088,-0.4014078834815945,-0.4014078834815949,0.7699082893575399
3,0.8751335400481172,-1.0163451916617208,-1.121622749946069,-1.1216227499460691,-1.571639760916491
2,-0.6942367999636423,1.0372101901276238,-0.20498564717310147,-0.2049856471731014,-1.3437766972006449
2,1.0178035709582771,1.5401217121984836,0.2533329042133822,0.2533329042133819,-0.8982533935174232
3,-0.6942367999636423,-0.5553429630967658,-0.7942523560985805,-0.7942523560985807,-0.5530578566941635
2,-0.6942367999636423,-0.13625002803771594,1.0390218494473542,1.0390218494473542,-0.4425272660857309
2,-0.6942367999636423,1.8334867667398187,1.3663922432948425,1.3663922432948425,0.8940426449639337
2,-0.6942367999636423,0.28284290702133397,-0.13951156840360382,-0.13951156840360396,-1.0512957497444841
3,-0.6942367999636423,-0.5972522566026708,2.413977503606805,2.4139775036068056,0.14243462882659078
2,2.159163818239557,-0.6391615501085758,1.1699700069863497,1.1699700069863497,-1.0427933966207583
1,-0.6942367999636423,0.45048008104495396,-0.5323560410205899,-0.5323560410205898,0.7392998181121277
1,-0.6942367999636423,-0.8487080176381008,-0.9906745924070736,-0.9906745924070737,0.4383165175322415
3,-0.6942367999636423,1.4563031251866738,1.3663922432948425,1.3663922432948425,-0.5887677398138111
2,2.4445038800598766,1.0791194836335287,-0.7287782773290828,-0.7287782773290833,0.12372945195439394
0,-0.5515667690534823,0.28284290702133397,-2.3656302465665244,-2.365630246566525,0.7580049949843239
0,-0.6942367999636423,-1.4354381267207705,-1.3180449862545618,-1.318044986254562,-0.45783150170843695
3,0.7324635091379572,0.45048008104495396,0.12238474667438687,0.122384746674387,0.27847227880619996
2,-0.6942367999636423,-1.3516195397089608,0.5807032980608705,0.5807032980608703,-1.146522104730211
1,0.4471234473176373,1.1210287771394338,-0.20498564717310147,-0.2049856471731014,-0.9407651591360512
1,0.16178338549731738,-0.13625002803771594,-0.8597264348680782,-0.8597264348680784,0.645773933751146
3,-0.6942367999636423,-0.9744358981558158,1.497340400833838,1.497340400833838,-1.2825597547098204
2,0.30445341640747736,-0.3457964955672409,-0.5323560410205899,-0.5323560410205898,0.3039793381773771
1,0.7324635091379572,0.49238937455085896,-0.07403748963410614,-0.0740374896341065,0.5930593443840475
0,-0.6942367999636423,-0.6810708436144808,0.31880698298287985,0.3188069829828799,0.009797920096471178
2,-0.6942367999636423,-1.1839823656853408,2.413977503606805,2.4139775036068056,-1.8199084721292784
3,-0.5515667690534823,-1.1001637786735308,0.8425996131388612,0.8425996131388612,-2.008660711475987
0,-0.6942367999636423,-0.42961508257905084,-2.103733931488534,-2.1037339314885344,0.016599802595451515
0,-0.6942367999636423,-0.2619779085554309,0.5807032980608705,0.5807032980608703,-0.6720908004263224
2,-0.6942367999636423,-0.9744358981558158,0.6461773768303682,0.6461773768303684,0.7937148781039717
1,0.8751335400481172,-0.6391615501085758,-0.5978301197900875,-0.5978301197900878,-0.005506315526234883
3,-0.6942367999636423,-0.7229801371203858,-0.07403748963410614,-0.0740374896341065,-0.9611708066329928
2,-0.6942367999636423,1.3724845381748638,-0.5323560410205899,-0.5323560410205898,-0.6890955066737733
1,-0.6942367999636423,-0.9744358981558158,-0.33593380471209683,-0.3359338047120969,0.9875685293249155
0,0.16178338549731738,-0.2619779085554309,-0.7942523560985805,-0.7942523560985807,-0.3694070292216908
3,-0.2662267072331625,0.32475220052723897,0.6461773768303682,0.6461773768303684,0.8498304087205609
2,-0.6942367999636423,-1.2258916591912457,0.38428106175237753,0.38428106175237736,-1.5478331721700593
2,-0.6942367999636423,-1.2678009526971508,-1.1870968287155665,-1.1870968287155668,-1.9185357683644955
1,-0.12355667632300252,-1.4354381267207705,-0.9252005136375758,-0.9252005136375762,-1.8522174139994356
3,0.5897934782277973,-0.47152437608495584,1.9556589522203216,1.9556589522203214,-0.15684820112855072
0,0.30445341640747736,-1.3516195397089608,0.12238474667438687,0.122384746674387,-1.4815148178049995
0,-0.5515667690534823,-0.09434073453181094,0.38428106175237753,0.38428106175237736,0.70358993499248
3,-0.2662267072331625,-0.7648894306262908,-1.056148671176571,-1.0561486711765713,-0.12623972988313859
1,-0.6942367999636423,-1.4354381267207705,-1.5799413013325525,-1.579941301332553,-0.18065478987498249
3,-0.6942367999636423,-0.1781593215436209,0.6461773768303682,0.6461773768303684,1.1763207686716237
1,-0.6942367999636423,-0.9744358981558158,-0.27045972594259915,-0.2704597259425994,0.5250405193942429
1,-0.6942367999636423,-0.13625002803771594,-0.07403748963410614,-0.0740374896341065,-1.034291043497033
3,2.4445038800598766,-0.13625002803771594,1.300918164525345,1.3009181645253451,0.506335342522046
3,1.588483694598917,0.36666149403314396,0.9080736919083588,0.9080736919083586,-0.0259119630231765
0,-0.2662267072331625,0.7438451355862888,-1.121622749946069,-1.1216227499460691,1.541921952991825
2,-0.6942367999636423,1.1210287771394338,-0.33593380471209683,-0.3359338047120969,0.1169275694554136
1,-0.6942367999636423,1.2048473641512438,-0.7942523560985805,-0.7942523560985807,2.754357508435095
1,0.5897934782277973,1.4982124186925787,-0.9906745924070736,-0.9906745924070737,-0.6431827998056551
2,-0.6942367999636423,0.576207961562669,-1.121622749946069,-1.1216227499460691,-0.5853667985643211
2,1.588483694598917,-1.4354381267207705,-3.0858451130309987,-3.0858451130309996,0.016599802595451515
1,0.30445341640747736,-0.6391615501085758,-0.7287782773290828,-0.7287782773290833,-1.0461943378702487
1,1.588483694598917,0.7438451355862888,-1.6454153801020501,-1.6454153801020504,2.0418603166668903
2,2.159163818239557,-1.3097102462030557,0.12238474667438687,0.122384746674387,-0.23847079111631656
0,-0.6942367999636423,-0.2619779085554309,-1.8418376164105432,-1.8418376164105437,0.293776514428906
0,0.30445341640747736,-0.2200686150495259,0.9735477706778566,0.9735477706778567,0.3958047519136135
1,-0.6942367999636423,-1.4354381267207705,0.5807032980608705,0.5807032980608703,0.48422922440035965
1,-0.6942367999636423,-1.1420730721794357,-0.4014078834815945,-0.4014078834815949,-0.5904682104385566
2,-0.6942367999636423,3.1745841589287784,1.890184873450824,1.8901848734508238,0.9858680587001701
3,0.01911335458715743,0.199024320009524,0.8425996131388612,0.8425996131388612,-1.4798143471802543
0,1.588483694598917,1.7077588862221036,-0.20498564717310147,-0.2049856471731014,2.727149978439174
3,0.7324635091379572,1.2467566576571487,0.9080736919083588,0.9080736919083586,-0.26227737986274835
3,-0.6942367999636423,-0.9325266046499108,-0.008563410864608474,-0.008563410864608476,-0.06672325801705913
1,-0.6942367999636423,-0.7648894306262908,-0.7942523560985805,-0.7942523560985807,1.2120306517912713
0,-0.6942367999636423,-1.2258916591912457,-0.20498564717310147,-0.2049856471731014,-0.17385290737600215
1,-0.40889673814332245,-0.8067987241321958,-0.9252005136375758,-0.9252005136375762,-1.404993639691469
3,-0.6942367999636423,0.03138714598590404,2.2175552672983123,2.2175552672983123,-1.741686823391003
0,0.4471234473176373,1.0372101901276238,-0.07403748963410614,-0.0740374896341065,2.32073749912509
3,1.160473601868437,0.40857078753904896,1.0390218494473542,1.0390218494473542,-1.0393924553712681
1,1.588483694598917,-1.4354381267207705,-1.710889458871548,-1.7108894588715482,-2.0715781245915563
0,1.4458136636887569,-0.42961508257905084,-0.9906745924070736,-0.9906745924070737,1.659254426099238
2,-0.6942367999636423,-1.0582544851676257,-0.9252005136375758,-0.9252005136375762,-1.5206256421741373
0,1.0178035709582771,-1.1420730721794357,0.38428106175237753,0.38428106175237736,-1.9882550639790455
0,-0.6942367999636423,0.199024320009524,-0.008563410864608474,-0.008563410864608476,-1.6498614096547664
1,0.4471234473176373,-0.6391615501085758,-1.121622749946069,-1.1216227499460691,0.44851934128071197
1,2.4445038800598766,0.49238937455085896,-0.008563410864608474,-0.008563410864608476,-1.5546350546690395
3,-0.5515667690534823,-0.38770578907314585,0.7771255343693636,0.7771255343693638,-0.6839940947995383
2,-0.5515667690534823,1.5820310057043887,0.38428106175237753,0.38428106175237736,-0.2639778504874931
1,1.160473601868437,2.1687611147870585,-0.5978301197900875,-0.5978301197900878,-1.0019821016268755
2,1.0178035709582771,-0.8067987241321958,-0.46688196225109213,-0.46688196225109235,0.6474744043758913
1,1.8738237564192368,-0.6810708436144808,-1.3180449862545618,-1.318044986254562,-1.5478331721700593
1,-0.6942367999636423,-1.0582544851676257,-0.5978301197900875,-0.5978301197900878,-1.13291833973225
0,0.30445341640747736,-1.1839823656853408,-0.008563410864608474,-0.008563410864608476,-0.570062562941615
1,0.30445341640747736,0.534298668056764,-1.5799413013325525,-1.579941301332553,0.45021981190545735
2,-0.6942367999636423,-0.8906173111440058,-1.7763635376410456,-1.7763635376410458,1.023278412444563
1,-0.40889673814332245,-1.1001637786735308,-1.056148671176571,-1.0561486711765713,-0.612574328560243
3,0.4471234473176373,-0.2200686150495259,0.2533329042133822,0.2533329042133819,0.05911156821407953
0,-0.6942367999636423,0.576207961562669,0.7771255343693636,0.7771255343693638,0.28527416130518085
0,-0.6942367999636423,-0.2619779085554309,-1.121622749946069,-1.1216227499460691,0.07441580383678559
3,0.30445341640747736,-0.5972522566026708,0.6461773768303682,0.6461773768303684,0.603262168132518
3,0.16178338549731738,1.2467566576571487,0.9735477706778566,0.9735477706778567,1.9500349029306536
1,-0.6942367999636423,-1.2678009526971508,-1.1870968287155665,-1.1870968287155668,-2.0732785952163013
0,-0.6942367999636423,-0.3038872020613359,0.5807032980608705,0.5807032980608703,1.5827332479857077
0,2.4445038800598766,-0.5972522566026708,-0.8597264348680782,-0.8597264348680784,-0.1789543192502371
0,-0.6942367999636423,-1.1001637786735308,0.31880698298287985,0.3188069829828799,-2.0154625939749673
0,1.4458136636887569,0.07329643949180903,-0.20498564717310147,-0.2049856471731014,0.4128094581610649
0,-0.2662267072331625,-0.6391615501085758,-0.20498564717310147,-0.2049856471731014,0.9433562930815421
3,1.160473601868437,2.043033234269344,1.4318663220643402,1.4318663220643406,1.0963986493086033
2,-0.6942367999636423,-0.6391615501085758,-0.8597264348680782,-0.8597264348680784,-1.2723569309613498
1,2.7298439418801967,-0.47152437608495584,-0.5978301197900875,-0.5978301197900878,-0.21126326112039462
3,-0.6942367999636423,-0.2619779085554309,-0.7287782773290828,-0.7287782773290833,-0.22146608486886513
3,-0.6942367999636423,-0.3038872020613359,1.890184873450824,1.8901848734508238,1.2477405349109192
3,-0.6942367999636423,-0.3038872020613359,1.1044959282168518,1.1044959282168523,0.3992056931631036
3,0.4471234473176373,-1.4354381267207705,1.2354440857558473,1.235444085755847,-0.7367086841666368
3,2.4445038800598766,3.258402745940588,0.38428106175237753,0.38428106175237736,0.4723259300271438
1,-0.6942367999636423,3.761314268011448,-1.121622749946069,-1.1216227499460691,0.7699082893575399
3,-0.6942367999636423,-1.0582544851676257,-0.27045972594259915,-0.2704597259425994,-1.7042764696466104
0,-0.40889673814332245,0.618117255068574,-0.8597264348680782,-0.8597264348680784,1.2817499474058214
0,1.8738237564192368,-0.5972522566026708,0.7116514555998659,0.7116514555998658,-1.6804698809001786
2,-0.6942367999636423,-0.6810708436144808,-0.46688196225109213,-0.46688196225109235,0.9841675880754253
3,-0.6942367999636423,0.534298668056764,1.1044959282168518,1.1044959282168523,0.7512031124853437
1,-0.6942367999636423,-1.4354381267207705,-1.2525709074850642,-1.2525709074850646,0.251264748810278
2,0.7324635091379572,0.7019358420803838,-0.27045972594259915,-0.2704597259425994,-0.6193762110592232
0,-0.12355667632300252,1.4982124186925787,-0.20498564717310147,-0.2049856471731014,0.9433562930815421
0,-0.2662267072331625,1.2886659511630538,-0.5978301197900875,-0.5978301197900878,2.5928127990843093
2,0.30445341640747736,1.3724845381748638,1.497340400833838,1.497340400833838,-0.4782371492053786
2,-0.6942367999636423,-1.4354381267207705,1.0390218494473542,1.0390218494473542,-0.3081900867308665
3,-0.6942367999636423,-0.1781593215436209,1.0390218494473542,1.0390218494473542,0.6933871112440095
0,-0.12355667632300252,-1.4354381267207705,-0.7287782773290828,-0.7287782773290833,0.6168659331304792
0,-0.6942367999636423,1.2886659511630538,-0.9252005136375758,-0.9252005136375762,0.09822239258321737
3,0.01911335458715743,1.4982124186925787,1.6282885583728333,1.6282885583728335,-1.3777861096955473
2,-0.6942367999636423,0.534298668056764,0.12238474667438687,0.122384746674387,-1.529127995297863
0,1.303143632778597,0.9533916031158138,-0.008563410864608474,-0.008563410864608476,2.203405026017677
3,2.159163818239557,0.49238937455085896,2.3485034248373076,2.3485034248373085,-0.7112016247954597
1,0.16178338549731738,1.0372101901276238,-0.9906745924070736,-0.9906745924070737,-1.0325905728722877
1,1.588483694598917,0.28284290702133397,-0.5978301197900875,-0.5978301197900878,1.3820777142657834
1,0.01911335458715743,0.45048008104495396,-1.4489931437935573,-1.4489931437935575,0.28867510255467105
3,-0.12355667632300252,0.9953008966217188,0.6461773768303682,0.6461773768303684,2.6999424484432515
1,0.16178338549731738,1.7915774732339136,-0.6633041985595851,-0.6633041985595852,-0.9526684535092671
3,0.4471234473176373,0.9114823096099088,0.31880698298287985,0.3188069829828799,0.970563823077464
0,-0.6942367999636423,-1.4354381267207705,-0.20498564717310147,-0.2049856471731014,-1.7910004715086114
2,-0.2662267072331625,0.6600265485744788,0.7771255343693636,0.7771255343693638,0.5505475787654195
1,-0.2662267072331625,-0.6391615501085758,-0.27045972594259915,-0.2704597259425994,-0.4425272660857309
0,-0.6942367999636423,-0.7648894306262908,-0.008563410864608474,-0.008563410864608476,-0.33709808735153324
3,-0.6942367999636423,-1.3935288332148656,0.056910667904889196,0.056910667904888974,-0.7741190379110293
1,0.16178338549731738,1.7915774732339136,-0.27045972594259915,-0.2704597259425994,1.3259621836491942
0,-0.2662267072331625,-1.0163451916617208,0.38428106175237753,0.38428106175237736,0.3992056931631036
1,-0.6942367999636423,-0.9325266046499108,-1.1870968287155665,-1.1870968287155668,0.3770995750414172
2,-0.6942367999636423,0.03138714598590404,0.8425996131388612,0.8425996131388612,-1.4934181121782153
0,-0.6942367999636423,0.576207961562669,-1.7763635376410456,-1.7763635376410458,0.43151463503326115
1,-0.2662267072331625,-0.8906173111440058,-0.5323560410205899,-0.5323560410205898,-0.9492675122597769
3,-0.6942367999636423,-0.13625002803771594,0.7771255343693636,0.7771255343693638,-1.0427933966207583
3,-0.6942367999636423,0.32475220052723897,0.38428106175237753,0.38428106175237736,-0.9849773953794243
0,-0.6942367999636423,0.6600265485744788,0.2533329042133822,0.2533329042133819,1.2188325342902517
1,1.7311537255090768,0.45048008104495396,-1.2525709074850642,-1.2525709074850646,1.2545424174098994
2,-0.40889673814332245,-0.8487080176381008,0.5807032980608705,0.5807032980608703,0.928052057458836
3,-0.6942367999636423,0.7019358420803838,0.18785882544388455,0.18785882544388444,1.1083019436818191
1,-0.6942367999636423,0.576207961562669,-0.8597264348680782,-0.8597264348680784,-1.2128404590952704
2,-0.6942367999636423,-0.2619779085554309,0.4497551405218752,0.4497551405218754,0.2155548656906309
2,-0.6942367999636423,-0.8067987241321958,-0.008563410864608474,-0.008563410864608476,0.17474357069674767
0,-0.6942367999636423,1.1629380706453387,-1.121622749946069,-1.1216227499460691,0.5369438137674588
1,0.5897934782277973,0.240933613515429,-0.8597264348680782,-0.8597264348680784,0.14413509945133554
0,-0.6942367999636423,0.157115026503619,-1.8418376164105432,-1.8418376164105437,0.3430901625465149
2,-0.6942367999636423,-1.4354381267207705,1.0390218494473542,1.0390218494473542,-0.36260514672271044
0,-0.2662267072331625,-0.2200686150495259,-0.7942523560985805,-0.7942523560985807,0.5862574618850671
2,-0.2662267072331625,-0.052431441025905946,-0.9252005136375758,-0.9252005136375762,0.38900286941463313
2,-0.12355667632300252,-0.6810708436144808,-0.6633041985595851,-0.6633041985595852,1.2137311224160163
0,-0.6942367999636423,-0.6810708436144808,-0.20498564717310147,-0.2049856471731014,0.29887792630314153
2,0.01911335458715743,0.11520573299771401,-0.27045972594259915,-0.2704597259425994,0.3515925156702407
3,0.4471234473176373,0.7019358420803838,0.4497551405218752,0.4497551405218754,-0.6941969185480088
3,-0.2662267072331625,-1.1001637786735308,1.1699700069863497,1.1699700069863497,-0.2656783211122385
1,-0.6942367999636423,-0.6810708436144808,-0.8597264348680782,-0.8597264348680784,-1.5478331721700593
0,-0.6942367999636423,-0.7648894306262908,1.300918164525345,1.3009181645253451,0.20195110069266964
1,-0.6942367999636423,-0.5972522566026708,-2.234682089027529,-2.2346820890275296,0.44511840003122183
2,0.7324635091379572,-0.13625002803771594,1.1699700069863497,1.1699700069863497,-1.0138853960000913
1,-0.40889673814332245,2.9650376913992535,-0.5323560410205899,-0.5323560410205898,0.5896584031345573
3,-0.12355667632300252,-1.0163451916617208,0.7771255343693636,0.7771255343693638,-0.30648961610612113
0,-0.6942367999636423,-1.2678009526971508,-0.5323560410205899,-0.5323560410205898,-0.1687514955017666
2,-0.6942367999636423,-0.6810708436144808,1.3663922432948425,1.3663922432948425,-1.5206256421741373
1,-0.6942367999636423,-1.1001637786735308,-0.27045972594259915,-0.2704597259425994,-1.076802809115661
3,-0.6942367999636423,0.28284290702133397,-0.6633041985595851,-0.6633041985595852,-1.1516235166044462
3,0.30445341640747736,-0.5134336695908608,1.3663922432948425,1.3663922432948425,-0.33879855797627867
0,-0.6942367999636423,-0.9744358981558158,-0.8597264348680782,-0.8597264348680784,0.4570216944044377
0,-0.6942367999636423,-0.8067987241321958,0.18785882544388455,0.18785882544388444,0.3481915744207499
0,-0.2662267072331625,-0.8067987241321958,0.12238474667438687,0.122384746674387,0.315882632550593
2,-0.5515667690534823,0.9114823096099088,1.300918164525345,1.3009181645253451,1.1780212392963691
2,1.303143632778597,-1.1001637786735308,-0.46688196225109213,-0.46688196225109235,-0.15344725987906055
0,1.4458136636887569,-0.010522147520000953,0.5807032980608705,0.5807032980608703,0.06421298008831508
2,-0.6942367999636423,-0.6810708436144808,-0.7942523560985805,-0.7942523560985807,1.2460400642861738
0,-0.6942367999636423,1.4563031251866738,-1.6454153801020501,-1.6454153801020504,0.41791087003529986
1,-0.6942367999636423,0.576207961562669,0.056910667904889196,0.056910667904888974,0.0948214513337272
1,0.4471234473176373,0.11520573299771401,-1.3180449862545618,-1.318044986254562,1.1933254749190751
3,-0.6942367999636423,1.1210287771394338,1.2354440857558473,1.235444085755847,1.9517353735553986
3,-0.6942367999636423,0.9114823096099088,0.9735477706778566,0.9735477706778567,2.3581478528694824
3,-0.6942367999636423,-0.3038872020613359,1.0390218494473542,1.0390218494473542,-1.69747458714763
3,2.016493787329397,0.6600265485744788,-0.4014078834815945,-0.4014078834815949,0.5777551087613414
3,0.5897934782277973,1.4982124186925787,2.2175552672983123,2.2175552672983123,0.09652192195847259
1,-0.6942367999636423,-0.9325266046499108,-0.5978301197900875,-0.5978301197900878,-1.005383042876366
1,-0.40889673814332245,0.40857078753904896,-1.8418376164105432,-1.8418376164105437,1.3854786555152736
2,-0.6942367999636423,-0.2200686150495259,0.9735477706778566,0.9735477706778567,0.07951721571102115
0,0.4471234473176373,-1.3516195397089608,-0.5978301197900875,-0.5978301197900878,0.5828565206355769
2,-0.6942367999636423,1.5820310057043887,0.12238474667438687,0.122384746674387,-0.7503124491645975
1,1.8738237564192368,1.0791194836335287,-1.3180449862545618,-1.318044986254562,-0.7928242147832255
0,-0.6942367999636423,1.6658495927161987,0.056910667904889196,0.056910667904888974,0.730797464988402
1,0.7324635091379572,2.7974005173756336,-0.46688196225109213,-0.46688196225109235,-0.1687514955017666
2,3.0151840037005164,0.7438451355862888,0.8425996131388612,0.8425996131388612,-0.1041336117614522
0,-0.6942367999636423,-0.8487080176381008,0.12238474667438687,0.122384746674387,0.06761392133780525
2,1.588483694598917,2.0849425277752487,-0.07403748963410614,-0.0740374896341065,1.3701744198925676
3,-0.6942367999636423,-0.8067987241321958,0.8425996131388612,0.8425996131388612,-0.5326522091972224
2,-0.6942367999636423,-1.4354381267207705,-0.7942523560985805,-0.7942523560985807,-0.7622157435378134
2,-0.6942367999636423,0.199024320009524,1.2354440857558473,1.235444085755847,0.2359605131875719
2,1.303143632778597,2.043033234269344,-1.121622749946069,-1.1216227499460691,0.6338706393779301
2,0.01911335458715743,0.157115026503619,0.2533329042133822,0.2533329042133819,-0.5122465617002808
0,0.30445341640747736,0.8276637225980988,0.31880698298287985,0.3188069829828799,1.1848231217953495
1,-0.6942367999636423,-0.3457964955672409,-1.3180449862545618,-1.318044986254562,0.8600332324690314
3,-0.6942367999636423,0.32475220052723897,0.9080736919083588,0.9080736919083586,-1.2961635197077814
2,0.4471234473176373,-0.5972522566026708,0.7116514555998659,0.7116514555998658,0.3396892212970248
3,0.30445341640747736,1.8334867667398187,1.1044959282168518,1.1044959282168523,1.2664457117831154
0,0.4471234473176373,0.11520573299771401,-0.46688196225109213,-0.46688196225109235,0.2614675725587491
1,-0.40889673814332245,1.3724845381748638,-1.2525709074850642,-1.2525709074850646,1.6065398367321395
0,-0.6942367999636423,-1.4354381267207705,0.5152292192913729,0.5152292192913729,-0.4425272660857309
3,-0.6942367999636423,1.4563031251866738,-0.7287782773290828,-0.7287782773290833,0.7665073481080497
3,-0.6942367999636423,-1.1839823656853408,0.8425996131388612,0.8425996131388612,-0.6822936241747929
3,-0.6942367999636423,-1.2258916591912457,0.12238474667438687,0.122384746674387,-0.3728079704711809
3,1.7311537255090768,1.0791194836335287,2.28302934606781,2.2830293460678095,1.530018658618609
2,-0.6942367999636423,-0.6391615501085758,1.2354440857558473,1.235444085755847,-1.4117955221904495
3,0.7324635091379572,1.3724845381748638,0.7771255343693636,0.7771255343693638,0.1951492181936893
2,1.0178035709582771,0.28284290702133397,1.2354440857558473,1.235444085755847,0.05401015633984458
1,2.016493787329397,-0.7648894306262908,1.1699700069863497,1.1699700069863497,-0.35240232297423935
1,1.303143632778597,0.9533916031158138,-0.5323560410205899,-0.5323560410205898,0.31928357380008315
2,-0.6942367999636423,-0.2619779085554309,-0.5323560410205899,-0.5323560410205898,0.14923651132557111
0,-0.6942367999636423,-0.9744358981558158,-0.7287782773290828,-0.7287782773290833,-1.4117955221904495
2,0.7324635091379572,1.3305752446689587,0.18785882544388455,0.18785882544388444,-0.837036451026599
0,-0.6942367999636423,-0.8487080176381008,-0.9252005136375758,-0.9252005136375762,0.3175831031753378
1,0.7324635091379572,-0.6391615501085758,-0.33593380471209683,-0.3359338047120969,-1.387988933444018
0,0.4471234473176373,1.2048473641512438,-0.008563410864608474,-0.008563410864608476,0.2155548656906309
3,-0.5515667690534823,0.45048008104495396,0.9080736919083588,0.9080736919083586,-0.5666616216921248
1,0.01911335458715743,0.07329643949180903,-0.5323560410205899,-0.5323560410205898,-1.4509063465595873
0,-0.12355667632300252,1.7496681797280087,-0.13951156840360382,-0.13951156840360396,1.013075588696092
0,-0.6942367999636423,-0.8067987241321958,-1.6454153801020501,-1.6454153801020504,0.8838398212154632
3,-0.6942367999636423,0.28284290702133397,0.12238474667438687,0.122384746674387,0.9110473512113851
0,-0.6942367999636423,-1.3097102462030557,0.18785882544388455,0.18785882544388444,-0.5054446792013005
1,-0.6942367999636423,-0.9744358981558158,0.5152292192913729,0.5152292192913729,0.7171936999904414
0,-0.6942367999636423,-1.4354381267207705,-0.7942523560985805,-0.7942523560985807,-1.5597364665432751
0,-0.40889673814332245,0.6600265485744788,-0.5323560410205899,-0.5323560410205898,0.17984498257098322
1,-0.6942367999636423,0.40857078753904896,-1.056148671176571,-1.0561486711765713,0.006396978846981009
0,1.4458136636887569,-0.9325266046499108,0.2533329042133822,0.2533329042133819,1.5011106579979419
3,0.4471234473176373,0.40857078753904896,1.5628144796033356,1.5628144796033354,0.5080358131467915
3,-0.6942367999636423,0.157115026503619,1.300918164525345,1.3009181645253451,-1.2808592840850752
1,-0.12355667632300252,0.199024320009524,-0.6633041985595851,-0.6633041985595852,0.026802626343922626
0,-0.12355667632300252,0.6600265485744788,0.5152292192913729,0.5152292192913729,-0.4459282073352211
2,-0.6942367999636423,-1.1420730721794357,0.9080736919083588,0.9080736919083586,0.5573494612643998
0,0.7324635091379572,0.8695730161040038,1.300918164525345,1.3009181645253451,0.26316804318349385
3,-0.6942367999636423,0.28284290702133397,1.5628144796033356,1.5628144796033354,0.19684968881843468
2,-0.6942367999636423,2.0849425277752487,1.5628144796033356,1.5628144796033354,1.9092236079367706
0,0.4471234473176373,0.45048008104495396,0.7771255343693636,0.7771255343693638,-1.1176141041095438
3,-0.5515667690534823,-0.8906173111440058,1.6282885583728333,1.6282885583728335,0.21045345381639535
2,-0.6942367999636423,-0.2619779085554309,-0.27045972594259915,-0.2704597259425994,0.3022788675526317
3,-0.6942367999636423,-1.4354381267207705,0.5807032980608705,0.5807032980608703,-1.9916560052285357
0,0.01911335458715743,-0.5972522566026708,-1.056148671176571,-1.0561486711765713,1.1304080618035055
0,-0.6942367999636423,-0.8067987241321958,1.1044959282168518,1.1044959282168523,0.17474357069674767
0,0.8751335400481172,1.9592146472575336,0.4497551405218752,0.4497551405218754,0.737599347487383
1,-0.6942367999636423,-1.0582544851676257,-0.9906745924070736,-0.9906745924070737,0.3464911037960051
1,0.4471234473176373,0.07329643949180903,-1.7763635376410456,-1.7763635376410458,1.0776934724364071
0,0.7324635091379572,1.3305752446689587,1.3663922432948425,1.3663922432948425,1.0929977080591131
3,-0.40889673814332245,-1.0163451916617208,0.31880698298287985,0.3188069829828799,1.232436299288213
0,-0.40889673814332245,-0.7648894306262908,-1.3835190650240596,-1.3835190650240599,-0.06162184614282418
3,-0.6942367999636423,-0.5134336695908608,1.1044959282168518,1.1044959282168523,-1.0819042209898961
1,-0.6942367999636423,-0.9744358981558158,-0.4014078834815945,-0.4014078834815949,-0.017409609899450774
0,-0.6942367999636423,-0.9744358981558158,0.056910667904889196,0.056910667904888974,0.20025063006792485
3,0.16178338549731738,-0.13625002803771594,1.3663922432948425,1.3663922432948425,-0.2860839686091795
3,-0.6942367999636423,-1.0163451916617208,0.7771255343693636,0.7771255343693638,-0.4850390317043589
1,1.160473601868437,-1.4354381267207705,-0.20498564717310147,-0.2049856471731014,-0.1245392592583932
2,-0.6942367999636423,-0.42961508257905084,-0.13951156840360382,-0.13951156840360396,-1.3641823446975863
1,-0.12355667632300252,-0.3038872020613359,-0.9906745924070736,-0.9906745924070737,-1.571639760916491
2,-0.6942367999636423,-0.9744358981558158,0.12238474667438687,0.122384746674387,-0.7418100960408723
0,-0.12355667632300252,-0.3457964955672409,-0.33593380471209683,-0.3359338047120969,0.49613251877357556
3,-0.6942367999636423,1.3724845381748638,1.1699700069863497,1.1699700069863497,0.7818115837307558
2,-0.6942367999636423,-0.8067987241321958,0.5807032980608705,0.5807032980608703,-0.7486119785398527
2,-0.6942367999636423,-0.6810708436144808,-0.27045972594259915,-0.2704597259425994,-1.2638545778376242
0,-0.2662267072331625,-0.8487080176381008,-0.27045972594259915,-0.2704597259425994,-0.10583408238619697
1,-0.6942367999636423,-0.42961508257905084,-0.5978301197900875,-0.5978301197900878,-0.9900788072536598
2,0.7324635091379572,0.7438451355862888,1.1699700069863497,1.1699700069863497,0.07951721571102115
0,0.30445341640747736,0.618117255068574,-1.8418376164105432,-1.8418376164105437,-0.4782371492053786
3,-0.6942367999636423,-0.42961508257905084,2.6103997399152985,2.610399739915298,-0.8319350391523633
1,-0.6942367999636423,-0.9325266046499108,-0.7942523560985805,-0.7942523560985807,1.1610165330489177
3,-0.12355667632300252,1.1629380706453387,0.5807032980608705,0.5807032980608703,1.0249788830693078
2,-0.6942367999636423,-0.1781593215436209,1.6282885583728333,1.6282885583728335,0.91274782183613
1,-0.6942367999636423,0.240933613515429,-1.3180449862545618,-1.318044986254562,-1.0427933966207583
2,1.0178035709582771,-0.2200686150495259,3.199666448840777,3.1996664488407776,-0.04461713989537273
3,1.303143632778597,-0.5972522566026708,-0.008563410864608474,-0.008563410864608476,0.6848847581202838
2,-0.6942367999636423,0.32475220052723897,-0.5323560410205899,-0.5323560410205898,-0.29628679235765065
0,-0.6942367999636423,-1.4354381267207705,-0.33593380471209683,-0.3359338047120969,-0.7945246854079709
2,-0.6942367999636423,0.36666149403314396,0.8425996131388612,0.8425996131388612,-1.3097672847057422
1,-0.6942367999636423,-0.8067987241321958,-1.6454153801020501,-1.6454153801020504,0.485929695025105
1,0.8751335400481172,0.11520573299771401,0.6461773768303682,0.6461773768303684,0.7256960531141671
0,0.30445341640747736,2.043033234269344,-0.27045972594259915,-0.2704597259425994,-0.03441431614690222
0,-0.6942367999636423,0.40857078753904896,1.5628144796033356,1.5628144796033354,-0.5088456204507907
3,-0.6942367999636423,-0.9325266046499108,-0.4014078834815945,-0.4014078834815949,-0.7894232735337353
3,-0.6942367999636423,0.199024320009524,-0.6633041985595851,-0.6633041985595852,-1.0019821016268755
1,-0.6942367999636423,-0.8067987241321958,-1.3180449862545618,-1.318044986254562,-1.430500699062646
3,-0.6942367999636423,-0.5972522566026708,1.9556589522203216,1.9556589522203214,1.280049476781076
3,1.160473601868437,-0.5553429630967658,0.9080736919083588,0.9080736919083586,-0.2690792623617287
2,-0.6942367999636423,-0.8067987241321958,-0.5978301197900875,-0.5978301197900878,-0.8234326860286376
1,-0.40889673814332245,-0.052431441025905946,-1.2525709074850642,-1.2525709074850646,-1.1312178691075048
2,-0.2662267072331625,0.576207961562669,0.9080736919083588,0.9080736919083586,-0.2775816154854544
2,2.016493787329397,0.9114823096099088,0.8425996131388612,0.8425996131388612,-0.5173479735745165
1,-0.6942367999636423,0.6600265485744788,-0.9906745924070736,-0.9906745924070737,0.08801956883474686
1,2.016493787329397,-0.8487080176381008,-0.5323560410205899,-0.5323560410205898,0.9603609993289935
1,-0.6942367999636423,-0.010522147520000953,-0.46688196225109213,-0.46688196225109235,0.49613251877357556
1,1.303143632778597,-0.5134336695908608,-0.9252005136375758,-0.9252005136375762,-1.0155858666248363
3,3.7285341582513163,-0.13625002803771594,0.9735477706778566,0.9735477706778567,-1.3658828153223312
1,-0.6942367999636423,-1.1839823656853408,-1.121622749946069,-1.1216227499460691,-1.966148945857359
3,-0.6942367999636423,-1.4354381267207705,3.265140527610275,3.2651405276102747,-1.9593470633583785
2,0.01911335458715743,-0.09434073453181094,-1.3180449862545618,-1.318044986254562,0.39750522253835885
2,0.30445341640747736,0.36666149403314396,-0.7287782773290828,-0.7287782773290833,-0.8183312741544027
2,-0.6942367999636423,-0.8067987241321958,0.9735477706778566,0.9735477706778567,1.12190570867978
3,-0.6942367999636423,0.534298668056764,-0.008563410864608474,-0.008563410864608476,-0.5836663279395756
3,-0.6942367999636423,-1.4354381267207705,-0.46688196225109213,-0.46688196225109235,-1.0002816310021303
0,0.01911335458715743,-0.47152437608495584,0.12238474667438687,0.122384746674387,0.8209224080998936
2,-0.6942367999636423,0.03138714598590404,-1.121622749946069,-1.1216227499460691,0.5216395781447527
1,0.4471234473176373,0.07329643949180903,-1.9073116951800408,-1.9073116951800413,-1.3709842271965669
1,2.7298439418801967,-0.5553429630967658,0.5152292192913729,0.5152292192913729,-0.21296373174513938
2,-0.6942367999636423,-1.3516195397089608,1.1699700069863497,1.1699700069863497,-0.48333856107961354
2,4.584554343712276,-0.6391615501085758,-1.8418376164105432,-1.8418376164105437,0.3515925156702407
3,-0.6942367999636423,-1.0582544851676257,2.479451582376303,2.4794515823763033,-1.6940736458981396
1,0.01911335458715743,0.45048008104495396,-1.5144672225630549,-1.5144672225630553,0.18154545319572862
3,1.7311537255090768,1.0372101901276238,1.1699700069863497,1.1699700069863497,1.0147760593208375
1,5.012564436442756,0.28284290702133397,-1.6454153801020501,-1.6454153801020504,-0.2571759679885128
1,-0.6942367999636423,0.157115026503619,-0.27045972594259915,-0.2704597259425994,0.822622878724639
0,1.160473601868437,0.36666149403314396,0.8425996131388612,0.8425996131388612,0.3566939275444756
2,-0.40889673814332245,-0.13625002803771594,-0.13951156840360382,-0.13951156840360396,-0.16365008362753106
0,-0.6942367999636423,-1.4354381267207705,0.38428106175237753,0.38428106175237736,-0.6618879766778513
3,-0.6942367999636423,-1.2678009526971508,0.7116514555998659,0.7116514555998658,-1.3539795209491154
0,-0.6942367999636423,0.49238937455085896,-0.07403748963410614,-0.0740374896341065,1.1355094736777411
3,0.01911335458715743,-0.8906173111440058,1.9556589522203216,1.9556589522203214,0.5216395781447527
0,-0.6942367999636423,-0.47152437608495584,-0.4014078834815945,-0.4014078834815949,0.43661604690749667
3,-0.6942367999636423,-0.6391615501085758,1.4318663220643402,1.4318663220643406,-0.09393078801298108
0,0.16178338549731738,-0.8487080176381008,-0.9906745924070736,-0.9906745924070737,0.4468188706559672
2,-0.6942367999636423,-0.13625002803771594,-0.4014078834815945,-0.4014078834815949,0.30057839692788696
1,-0.6942367999636423,-0.9744358981558158,-0.008563410864608474,-0.008563410864608476,0.41791087003529986
2,-0.6942367999636423,-0.6810708436144808,-0.33593380471209683,-0.3359338047120969,0.8515308793453057
1,-0.6942367999636423,1.0372101901276238,-1.3835190650240596,-1.3835190650240599,1.628645954853826
0,1.588483694598917,0.8695730161040038,-0.20498564717310147,-0.2049856471731014,-0.7775199791605194
1,0.16178338549731738,0.534298668056764,-0.07403748963410614,-0.0740374896341065,0.5454461668911839
1,-0.6942367999636423,-1.0582544851676257,-1.2525709074850642,-1.2525709074850646,0.251264748810278
0,-0.6942367999636423,0.9953008966217188,-0.008563410864608474,-0.008563410864608476,0.5879579325098119
0,-0.6942367999636423,-1.1001637786735308,-0.008563410864608474,-0.008563410864608476,0.15943933507404162
3,-0.6942367999636423,1.1629380706453387,1.1044959282168518,1.1044959282168523,1.0844953549353873
1,1.0178035709582771,-1.2258916591912457,-0.9906745924070736,-0.9906745924070737,-0.8676449222720111
2,-0.6942367999636423,-0.9744358981558158,-0.33593380471209683,-0.3359338047120969,1.4841059517504904
0,0.8751335400481172,0.49238937455085896,-0.13951156840360382,-0.13951156840360396,0.4043071050373392
0,-0.12355667632300252,-0.010522147520000953,-0.5323560410205899,-0.5323560410205898,-0.21806514361937496
1,0.5897934782277973,0.7857544290921938,-1.121622749946069,-1.1216227499460691,1.5181153642453933
2,-0.6942367999636423,-1.3516195397089608,-0.07403748963410614,-0.0740374896341065,-0.058220904893333404
0,-0.6942367999636423,0.03138714598590404,-0.9906745924070736,-0.9906745924070737,0.20705251256690518
2,2.8725139727903564,1.6239402992102936,0.18785882544388455,0.18785882544388444,0.5828565206355769
0,2.7298439418801967,-0.47152437608495584,-0.8597264348680782,-0.8597264348680784,-0.4323244423372604
3,0.7324635091379572,0.7438451355862888,-0.008563410864608474,-0.008563410864608476,1.7034666623426113
0,-0.6942367999636423,-0.7648894306262908,0.38428106175237753,0.38428106175237736,0.05230968571509919
1,1.160473601868437,-0.6810708436144808,-1.3835190650240596,-1.3835190650240599,-0.8013265679069512
3,-0.6942367999636423,-1.1001637786735308,1.5628144796033356,1.5628144796033354,-0.8557416278987952
1,0.30445341640747736,0.6600265485744788,-0.5978301197900875,-0.5978301197900878,-0.7690176260367944
2,0.16178338549731738,1.3724845381748638,-0.8597264348680782,-0.8597264348680784,1.3735753611420578
1,2.016493787329397,0.36666149403314396,-1.4489931437935573,-1.4489931437935575,-0.39151314734337717
3,-0.6942367999636423,0.36666149403314396,1.0390218494473542,1.0390218494473542,-0.1891571429987082
3,-0.6942367999636423,0.40857078753904896,0.6461773768303682,0.6461773768303684,-0.12113831800890303
0,-0.6942367999636423,0.45048008104495396,-1.3180449862545618,-1.318044986254562,-0.1449449067553348
1,2.3018338491497166,-0.2200686150495259,-0.9906745924070736,-0.9906745924070737,-0.2010604373719235
3,-0.12355667632300252,-0.052431441025905946,0.9080736919083588,0.9080736919083586,-0.30138820423188617
2,-0.6942367999636423,0.7438451355862888,-0.8597264348680782,-0.8597264348680784,1.2902523005295472
3,-0.2662267072331625,2.923128397893348,0.9080736919083588,0.9080736919083586,1.96874007980285
2,-0.6942367999636423,-0.8067987241321958,0.18785882544388455,0.18785882544388444,-0.13134114175737413
3,0.7324635091379572,1.3305752446689587,0.38428106175237753,0.38428106175237736,0.6627786399985974
1,-0.6942367999636423,-1.4354381267207705,-0.7942523560985805,-0.7942523560985807,-1.8930287089933187
3,-0.2662267072331625,-0.09434073453181094,0.8425996131388612,0.8425996131388612,0.18664686506996356
3,0.30445341640747736,1.2886659511630538,1.1699700069863497,1.1699700069863497,-0.4204211479640445
0,0.16178338549731738,-0.8067987241321958,-0.33593380471209683,-0.3359338047120969,0.25806663130925894
2,-0.6942367999636423,-0.6810708436144808,1.1044959282168518,1.1044959282168523,0.5573494612643998
0,1.0178035709582771,0.157115026503619,-0.4014078834815945,-0.4014078834815949,1.1763207686716237
0,-0.6942367999636423,-0.8067987241321958,-1.8418376164105432,-1.8418376164105437,1.0946981786838579
3,-0.12355667632300252,-0.47152437608495584,1.0390218494473542,1.0390218494473542,-1.2434489303406828
3,-0.6942367999636423,-0.9744358981558158,0.5152292192913729,0.5152292192913729,-1.1227155159837792
1,0.16178338549731738,-0.13625002803771594,0.8425996131388612,0.8425996131388612,0.46722451815290883
0,-0.2662267072331625,-0.1781593215436209,-0.4014078834815945,-0.4014078834815949,1.0912972374343677
2,1.0178035709582771,0.9953008966217188,1.890184873450824,1.8901848734508238,0.16454074694827717
3,1.0178035709582771,0.45048008104495396,0.2533329042133822,0.2533329042133819,-0.4340249129620052
2,0.30445341640747736,-0.2200686150495259,-0.13951156840360382,-0.13951156840360396,0.20025063006792485
2,-0.2662267072331625,0.7857544290921938,0.056910667904889196,0.056910667904888974,1.419488068010176
0,-0.6942367999636423,0.7019358420803838,-0.7287782773290828,-0.7287782773290833,1.5708299536124917
0,-0.6942367999636423,-0.1781593215436209,-1.5144672225630549,-1.5144672225630553,0.293776514428906
0,2.5871739109700367,0.7438451355862888,-1.5144672225630549,-1.5144672225630553,1.050485942440485
1,2.7298439418801967,0.157115026503619,-1.3835190650240596,-1.3835190650240599,0.36689675129294674
2,-0.6942367999636423,1.0791194836335287,0.6461773768303682,0.6461773768303684,1.5266177173691184
3,0.30445341640747736,-1.1420730721794357,0.5807032980608705,0.5807032980608703,-0.7503124491645975
0,-0.6942367999636423,-0.8067987241321958,0.18785882544388455,0.18785882544388444,0.1832459238204734
3,-0.6942367999636423,-1.4354381267207705,1.4318663220643402,1.4318663220643406,-0.24017126174106135
1,1.303143632778597,0.7019358420803838,-0.7942523560985805,-0.7942523560985807,1.0147760593208375
0,-0.12355667632300252,0.28284290702133397,-0.27045972594259915,-0.2704597259425994,0.3022788675526317
1,1.7311537255090768,-0.5972522566026708,-0.4014078834815945,-0.4014078834815949,0.6967880524934997
1,0.8751335400481172,2.1687611147870585,-0.5978301197900875,-0.5978301197900878,-0.8081284504059316
1,-0.6942367999636423,-0.3038872020613359,0.31880698298287985,0.3188069829828799,-1.2009371647220548
3,1.160473601868437,0.32475220052723897,1.3663922432948425,1.3663922432948425,-1.0444938672455035
1,-0.6942367999636423,-1.1420730721794357,-0.9252005136375758,-0.9252005136375762,-1.8029037658818272
1,-0.6942367999636423,0.36666149403314396,-0.46688196225109213,-0.46688196225109235,-0.26227737986274835
3,-0.6942367999636423,0.7019358420803838,0.7116514555998659,0.7116514555998658,-1.3777861096955473
0,-0.6942367999636423,-0.42961508257905084,-0.008563410864608474,-0.008563410864608476,0.1696421588225127
3,-0.6942367999636423,-0.6391615501085758,-0.20498564717310147,-0.2049856471731014,0.8158209962256581
0,0.4471234473176373,-0.6391615501085758,-0.9906745924070736,-0.9906745924070737,0.5165381662705172
1,0.16178338549731738,-0.1781593215436209,-2.1692080102580316,-2.169208010258032,-1.5121232890504115
0,-0.6942367999636423,0.240933613515429,-0.07403748963410614,-0.0740374896341065,-1.047894808494994
3,2.016493787329397,0.9114823096099088,0.7771255343693636,0.7771255343693638,0.8481299380958155
2,-0.6942367999636423,-0.13625002803771594,0.4497551405218752,0.4497551405218754,1.434792303632882
2,-0.2662267072331625,1.7496681797280087,0.2533329042133822,0.2533329042133819,-1.2859606959593108
1,0.30445341640747736,-0.5134336695908608,-1.121622749946069,-1.1216227499460691,-1.0955079859878571
3,-0.6942367999636423,1.0372101901276238,0.7116514555998659,0.7116514555998658,-0.5632606804426346
1,1.7311537255090768,0.11520573299771401,-0.5323560410205899,-0.5323560410205898,1.6949643092188857
3,-0.2662267072331625,0.618117255068574,0.9080736919083588,0.9080736919083586,1.2086297105417814
2,-0.2662267072331625,0.618117255068574,0.5152292192913729,0.5152292192913729,-0.13984349488109926
2,0.5897934782277973,0.6600265485744788,0.5807032980608705,0.5807032980608703,0.35839439816922103
2,-0.6942367999636423,-0.3038872020613359,-0.33593380471209683,-0.3359338047120969,-0.0905298467634909
1,1.8738237564192368,0.32475220052723897,-0.4014078834815945,-0.4014078834815949,0.24446286631129763
0,2.5871739109700367,-0.3038872020613359,-1.2525709074850642,-1.2525709074850646,-0.8319350391523633
1,-0.6942367999636423,-1.1420730721794357,-0.9906745924070736,-0.9906745924070737,-0.5190484441992612
0,-0.6942367999636423,-0.8067987241321958,0.8425996131388612,0.8425996131388612,0.4825287537756149
1,-0.6942367999636423,-0.47152437608495584,-0.8597264348680782,-0.8597264348680784,-1.2026376353467998
2,-0.6942367999636423,-1.4354381267207705,1.497340400833838,1.497340400833838,-0.38301079421965145
2,0.4471234473176373,-0.3038872020613359,-0.13951156840360382,-0.13951156840360396,0.4553212237796929
1,-0.6942367999636423,1.6239402992102936,-0.008563410864608474,-0.008563410864608476,1.7391765454622585
1,-0.40889673814332245,-1.2258916591912457,0.2533329042133822,0.2533329042133819,0.6423729925016558
1,0.01911335458715743,0.32475220052723897,-0.5323560410205899,-0.5323560410205898,0.7239955824894216
2,-0.6942367999636423,-0.7229801371203858,0.38428106175237753,0.38428106175237736,-0.49184091420333925
0,0.16178338549731738,1.3724845381748638,0.6461773768303682,0.6461773768303684,1.677959602971434
2,-0.6942367999636423,-1.1839823656853408,-1.4489931437935573,-1.4489931437935575,-1.5257270540483725
2,-0.6942367999636423,0.40857078753904896,-0.46688196225109213,-0.46688196225109235,0.7188941706151861
1,0.16178338549731738,0.45048008104495396,-0.7287782773290828,-0.7287782773290833,0.3685972219176915
3,0.16178338549731738,1.7915774732339136,1.9556589522203216,1.9556589522203214,-0.47143526670639824
3,-0.6942367999636423,-1.1001637786735308,0.7116514555998659,0.7116514555998658,-0.7707180966615391
2,-0.2662267072331625,0.9533916031158138,-1.710889458871548,-1.7108894588715482,-0.5207489148240066
0,-0.6942367999636423,-0.8067987241321958,0.18785882544388455,0.18785882544388444,-0.017409609899450774
0,1.0178035709582771,-1.3935288332148656,-0.7942523560985805,-0.7942523560985807,-0.4629329135826725
0,2.7298439418801967,2.4621261693283936,0.18785882544388455,0.18785882544388444,-1.4832152884297445
3,0.30445341640747736,-1.1839823656853408,0.12238474667438687,0.122384746674387,-0.0922303173882363
0,-0.6942367999636423,-1.1001637786735308,-1.1870968287155665,-1.1870968287155668,-1.7773967065106504
0,1.4458136636887569,-1.0163451916617208,-0.6633041985595851,-0.6633041985595852,1.5946365423589235
0,0.30445341640747736,-0.3457964955672409,-0.8597264348680782,-0.8597264348680784,0.20025063006792485
1,-0.6942367999636423,-0.6391615501085758,-1.1870968287155665,-1.1870968287155668,0.667880051872833
3,1.303143632778597,0.7019358420803838,-0.7942523560985805,-0.7942523560985807,0.32268451504957335
1,-0.6942367999636423,-0.9744358981558158,-1.056148671176571,-1.0561486711765713,-0.06502278739231435
2,-0.6942367999636423,-1.4354381267207705,-0.13951156840360382,-0.13951156840360396,-0.9900788072536598
2,1.0178035709582771,2.7135819303638233,1.1699700069863497,1.1699700069863497,0.6134649918809891
1,-0.2662267072331625,-0.8067987241321958,-0.27045972594259915,-0.2704597259425994,-1.2672555190871142
1,-0.6942367999636423,-1.0163451916617208,-0.5978301197900875,-0.5978301197900878,-1.7450877646404932
0,-0.6942367999636423,-1.2678009526971508,-0.46688196225109213,-0.46688196225109235,-0.3847112648443968
0,0.8751335400481172,-0.5553429630967658,-0.4014078834815945,-0.4014078834815949,-1.034291043497033
3,0.4471234473176373,0.45048008104495396,1.497340400833838,1.497340400833838,-0.41872067733929913
2,-0.6942367999636423,-1.4354381267207705,0.12238474667438687,0.122384746674387,-1.7875995302591212
3,0.5897934782277973,-0.3457964955672409,1.1044959282168518,1.1044959282168523,-1.0155858666248363
0,-0.6942367999636423,-0.47152437608495584,-0.9906745924070736,-0.9906745924070737,0.6865852287450293
0,-0.6942367999636423,-1.3516195397089608,-0.8597264348680782,-0.8597264348680784,0.20025063006792485
1,-0.6942367999636423,0.07329643949180903,0.056910667904889196,0.056910667904888974,-0.15514773050380531
1,-0.6942367999636423,0.6600265485744788,0.12238474667438687,0.122384746674387,1.05558735431472
2,-0.6942367999636423,-0.8067987241321958,0.056910667904889196,0.056910667904888974,-0.036114786771647006
0,1.160473601868437,-0.7648894306262908,-0.27045972594259915,-0.2704597259425994,0.4604226356539279
0,1.4458136636887569,-0.8067987241321958,-0.5323560410205899,-0.5323560410205898,0.9994718236981314
3,-0.6942367999636423,-1.2258916591912457,0.2533329042133822,0.2533329042133819,-0.2656783211122385
2,-0.6942367999636423,-1.4354381267207705,-0.33593380471209683,-0.3359338047120969,-1.2434489303406828
1,1.588483694598917,-0.47152437608495584,-1.710889458871548,-1.7108894588715482,0.5522480493901648
3,0.4471234473176373,1.2886659511630538,-0.27045972594259915,-0.2704597259425994,-1.1584253991034268
3,-0.6942367999636423,1.7496681797280087,0.18785882544388455,0.18785882544388444,0.795415348728717
1,-0.5515667690534823,0.49238937455085896,-0.33593380471209683,-0.3359338047120969,0.7069908762419709
1,-0.2662267072331625,1.7915774732339136,-1.5799413013325525,-1.579941301332553,2.150690436650578
2,0.4471234473176373,0.07329643949180903,2.413977503606805,2.4139775036068056,0.0183002732201969
3,-0.40889673814332245,0.07329643949180903,1.3663922432948425,1.3663922432948425,1.643950190476532
0,0.30445341640747736,-0.5972522566026708,-0.9252005136375758,-0.9252005136375762,0.5862574618850671
1,-0.6942367999636423,0.157115026503619,-0.6633041985595851,-0.6633041985595852,-0.99347974850315
1,-0.6942367999636423,-0.47152437608495584,-1.1870968287155665,-1.1870968287155668,-1.0580976322434643
1,-0.12355667632300252,-1.0163451916617208,-1.121622749946069,-1.1216227499460691,0.1713426294472575
1,-0.6942367999636423,0.618117255068574,-0.7942523560985805,-0.7942523560985807,-0.4969423260775748
2,0.4471234473176373,-0.2200686150495259,-0.20498564717310147,-0.2049856471731014,0.6491748750006368
3,-0.2662267072331625,0.03138714598590404,1.7592367159118285,1.759236715911829,-1.4883167003039801
0,-0.6942367999636423,0.7438451355862888,0.18785882544388455,0.18785882544388444,-1.2723569309613498
0,-0.12355667632300252,0.576207961562669,0.7116514555998659,0.7116514555998658,0.730797464988402
2,-0.6942367999636423,-0.8487080176381008,-0.7287782773290828,-0.7287782773290833,1.222233475539742
0,1.0178035709582771,0.07329643949180903,0.5807032980608705,0.5807032980608703,0.6814838168707936
2,1.303143632778597,-1.3516195397089608,-1.4489931437935573,-1.4489931437935575,-0.7367086841666368
3,-0.6942367999636423,0.618117255068574,0.2533329042133822,0.2533329042133819,1.2086297105417814
0,-0.6942367999636423,-1.3097102462030557,-0.9252005136375758,-0.9252005136375762,-0.2775816154854544
1,-0.2662267072331625,0.7019358420803838,-1.1870968287155665,-1.1870968287155668,1.2477405349109192
3,-0.6942367999636423,-0.5972522566026708,0.4497551405218752,0.4497551405218754,-1.7433872940157482
1,-0.6942367999636423,-0.8906173111440058,-1.710889458871548,-1.7108894588715482,0.2172553363153757
2,-0.6942367999636423,-0.8067987241321958,-1.9073116951800408,-1.9073116951800413,0.4111089875363195
0,-0.6942367999636423,-0.5972522566026708,0.2533329042133822,0.2533329042133819,-1.3692837565718214
2,1.160473601868437,2.1687611147870585,1.2354440857558473,1.235444085755847,1.0946981786838579
0,-0.6942367999636423,-1.0582544851676257,-0.13951156840360382,-0.13951156840360396,0.05741109758933475
0,0.30445341640747736,-1.1420730721794357,0.2533329042133822,0.2533329042133819,-0.6465837410551453
2,-0.6942367999636423,-1.2678009526971508,-0.8597264348680782,-0.8597264348680784,-0.5105460910755355
2,1.160473601868437,-0.7648894306262908,0.38428106175237753,0.38428106175237736,0.28527416130518085
0,-0.6942367999636423,2.3363982888106785,-0.5323560410205899,-0.5323560410205898,0.028503096968667405
1,-0.6942367999636423,-0.47152437608495584,-0.9906745924070736,-0.9906745924070737,-1.4832152884297445
3,-0.40889673814332245,-0.5972522566026708,1.5628144796033356,1.5628144796033354,0.9603609993289935
2,-0.6942367999636423,-0.13625002803771594,-1.3835190650240596,-1.3835190650240599,0.9212501749598557
0,1.0178035709582771,-0.3457964955672409,-1.121622749946069,-1.1216227499460691,0.8617337030937768
0,-0.6942367999636423,-1.4354381267207705,-2.8239487979530082,-2.8239487979530087,-0.8115293916554224
1,-0.6942367999636423,-1.0163451916617208,-0.7287782773290828,-0.7287782773290833,-0.39151314734337717
0,-0.6942367999636423,-1.4354381267207705,0.5807032980608705,0.5807032980608703,-0.8540411572740504
2,2.3018338491497166,0.03138714598590404,0.2533329042133822,0.2533329042133819,-0.2911853804834151
2,1.7311537255090768,0.7857544290921938,1.497340400833838,1.497340400833838,1.274948064906841
0,-0.12355667632300252,-0.3038872020613359,-0.07403748963410614,-0.0740374896341065,-0.233369379242081
3,0.30445341640747736,0.36666149403314396,0.7771255343693636,0.7771255343693638,-0.5088456204507907
2,1.160473601868437,-0.2619779085554309,-0.13951156840360382,-0.13951156840360396,1.0062737061971117
2,4.584554343712276,0.28284290702133397,1.0390218494473542,1.0390218494473542,0.0183002732201969
1,-0.6942367999636423,0.618117255068574,-0.4014078834815945,-0.4014078834815949,0.31928357380008315
2,-0.2662267072331625,0.7857544290921938,-0.07403748963410614,-0.0740374896341065,0.9467572343310329
2,0.30445341640747736,-0.8906173111440058,-0.7287782773290828,-0.7287782773290833,-1.6345571740320604
0,-0.40889673814332245,0.07329643949180903,0.7116514555998659,0.7116514555998658,-0.35240232297423935
2,-0.6942367999636423,0.8695730161040038,-0.6633041985595851,-0.6633041985595852,-0.5717630335663604
1,-0.5515667690534823,-0.7229801371203858,-1.7763635376410456,-1.7763635376410458,0.41791087003529986
0,-0.6942367999636423,0.618117255068574,0.7771255343693636,0.7771255343693638,0.40770804628682933
2,-0.6942367999636423,-0.8906173111440058,1.5628144796033356,1.5628144796033354,-0.8200317447791474
3,2.5871739109700367,-0.7229801371203858,-0.008563410864608474,-0.008563410864608476,-1.5801421140402165
1,-0.6942367999636423,-0.8487080176381008,-1.056148671176571,-1.0561486711765713,-1.7042764696466104
0,-0.2662267072331625,-0.47152437608495584,2.0211330309898194,2.02113303098982,0.05571062696458936
0,-0.6942367999636423,1.4143938316807687,1.1044959282168518,1.1044959282168523,1.2562428880346441
1,1.4458136636887569,-0.9325266046499108,-0.5323560410205899,-0.5323560410205898,-0.7639162141625587
3,-0.6942367999636423,1.2048473641512438,0.31880698298287985,0.3188069829828799,-0.8132298622801671
2,2.4445038800598766,3.258402745940588,0.7771255343693636,0.7771255343693638,0.6287692275036951
1,-0.40889673814332245,2.1268518212811536,-1.5144672225630549,-1.5144672225630553,0.7444012299863633
2,-0.5515667690534823,0.36666149403314396,0.9080736919083588,0.9080736919083586,-1.69747458714763
2,-0.6942367999636423,-0.9744358981558158,-1.1870968287155665,-1.1870968287155668,-0.9679726891319731
0,1.588483694598917,-1.4354381267207705,-0.7942523560985805,-0.7942523560985807,-1.0461943378702487
1,-0.6942367999636423,-1.4354381267207705,-0.33593380471209683,-0.3359338047120969,0.6372715806274208
1,-0.2662267072331625,0.03138714598590404,-0.9906745924070736,-0.9906745924070737,0.4519202825302028
2,-0.6942367999636423,-0.3038872020613359,-0.6633041985595851,-0.6633041985595852,-0.4867395023291043
1,0.5897934782277973,0.7019358420803838,-1.2525709074850642,-1.2525709074850646,-0.7962251560327157
1,-0.12355667632300252,0.618117255068574,-0.27045972594259915,-0.2704597259425994,0.20875298319164998
0,1.4458136636887569,-1.0582544851676257,0.18785882544388455,0.18785882544388444,-0.5360531504467126
0,-0.6942367999636423,-0.8067987241321958,-0.27045972594259915,-0.2704597259425994,0.293776514428906
0,0.16178338549731738,-0.2200686150495259,-0.13951156840360382,-0.13951156840360396,1.291952771154292
2,0.16178338549731738,0.11520573299771401,-1.4489931437935573,-1.4489931437935575,-0.35240232297423935
0,-0.6942367999636423,-0.42961508257905084,0.9080736919083588,0.9080736919083586,0.688285699369774
1,-0.6942367999636423,-0.38770578907314585,-0.07403748963410614,-0.0740374896341065,0.42301228190953544
3,0.01911335458715743,0.32475220052723897,1.300918164525345,1.3009181645253451,-0.31329149860510147
3,-0.6942367999636423,-1.3097102462030557,0.4497551405218752,0.4497551405218754,0.6049626387572634
0,0.16178338549731738,-0.42961508257905084,0.18785882544388455,0.18785882544388444,-1.3845879921945274
1,2.016493787329397,0.157115026503619,-1.1870968287155665,-1.1870968287155668,-0.19255808424819837
3,-0.6942367999636423,-1.4354381267207705,-0.13951156840360382,-0.13951156840360396,-0.44932914858471124
3,1.8738237564192368,-0.6391615501085758,-0.13951156840360382,-0.13951156840360396,0.4723259300271438
2,-0.40889673814332245,1.1629380706453387,-0.6633041985595851,-0.6633041985595852,1.9177259610604969
2,-0.6942367999636423,1.0372101901276238,-1.1870968287155665,-1.1870968287155668,-0.9730741010062084
2,0.7324635091379572,1.0372101901276238,0.7116514555998659,0.7116514555998658,-0.9645717478824829
3,-0.6942367999636423,-0.8906173111440058,0.8425996131388612,0.8425996131388612,-1.442403993435862
3,0.5897934782277973,0.7438451355862888,0.18785882544388455,0.18785882544388444,1.0929977080591131
2,-0.6942367999636423,-0.5134336695908608,1.7592367159118285,1.759236715911829,-1.5580359959185301
0,-0.5515667690534823,1.4982124186925787,1.1044959282168518,1.1044959282168523,1.5079125404969222
1,2.159163818239557,0.8276637225980988,-0.7287782773290828,-0.7287782773290833,1.434792303632882
1,1.588483694598917,0.9953008966217188,-1.3180449862545618,-1.318044986254562,2.033357963543165
0,-0.6942367999636423,-1.3097102462030557,-1.1870968287155665,-1.1870968287155668,-1.0580976322434643
3,-0.6942367999636423,-0.3038872020613359,2.6103997399152985,2.610399739915298,1.0878962961848775
1,1.160473601868437,-0.8906173111440058,0.5152292192913729,0.5152292192913729,-0.17045196612651137
0,-0.6942367999636423,1.4143938316807687,-0.33593380471209683,-0.3359338047120969,2.0996763179082247
0,-0.6942367999636423,-0.42961508257905084,-0.33593380471209683,-0.3359338047120969,0.9093468805866398
3,-0.6942367999636423,-1.1420730721794357,0.5152292192913729,0.5152292192913729,-1.0853051622393863
1,-0.2662267072331625,1.6658495927161987,-0.13951156840360382,-0.13951156840360396,0.14923651132557111
0,0.7324635091379572,0.9114823096099088,0.056910667904889196,0.056910667904888974,1.1440118268014663
1,-0.6942367999636423,-0.2200686150495259,-1.5799413013325525,-1.579941301332553,-1.699175057772375
1,-0.6942367999636423,-0.1781593215436209,-0.6633041985595851,-0.6633041985595852,-1.7093778815208456
2,-0.6942367999636423,-0.8906173111440058,0.18785882544388455,0.18785882544388444,0.7869129956049913
2,1.303143632778597,0.6600265485744788,-1.1870968287155665,-1.1870968287155668,-1.6175524677846091
1,-0.6942367999636423,-0.42961508257905084,-1.121622749946069,-1.1216227499460691,-1.1244159866085242
0,0.30445341640747736,-0.47152437608495584,-1.3835190650240596,-1.3835190650240599,0.3396892212970248
0,-0.6942367999636423,0.07329643949180903,-0.9252005136375758,-0.9252005136375762,-1.2298451653427218
3,-0.2662267072331625,-1.1420730721794357,0.7771255343693636,0.7771255343693638,-0.42722303046302484
1,0.16178338549731738,-0.8487080176381008,-0.5978301197900875,-0.5978301197900878,0.03870592071713791
0,-0.6942367999636423,-1.2678009526971508,-0.5323560410205899,-0.5323560410205898,-0.4340249129620052
0,0.16178338549731738,-0.8487080176381008,-0.9252005136375758,-0.9252005136375762,0.3719981631671817
3,0.7324635091379572,-1.4354381267207705,0.7771255343693636,0.7771255343693638,-1.2876611665840558
2,-0.6942367999636423,-1.3935288332148656,-0.27045972594259915,-0.2704597259425994,-0.09563125863772647
0,-0.6942367999636423,-0.42961508257905084,-0.20498564717310147,-0.2049856471731014,-0.30478914548137637
2,0.16178338549731738,-0.2200686150495259,0.12238474667438687,0.122384746674387,0.26316804318349385
3,-0.6942367999636423,-0.2200686150495259,1.0390218494473542,1.0390218494473542,0.11012568695643327
0,0.7324635091379572,0.32475220052723897,0.18785882544388455,0.18785882544388444,0.1951492181936893
0,-0.6942367999636423,-1.4354381267207705,-0.33593380471209683,-0.3359338047120969,-0.23506984986682639
0,-0.2662267072331625,-0.09434073453181094,-0.7942523560985805,-0.7942523560985807,0.49273157752408536
0,-0.6942367999636423,-1.4354381267207705,-0.5978301197900875,-0.5978301197900878,-1.5920454084134323
1,0.7324635091379572,0.7438451355862888,-0.8597264348680782,-0.8597264348680784,1.6388487786022963
1,-0.6942367999636423,1.2467566576571487,-1.121622749946069,-1.1216227499460691,1.0266793536940533
0,-0.6942367999636423,0.9114823096099088,0.5807032980608705,0.5807032980608703,1.54702336486606
1,-0.6942367999636423,-1.2678009526971508,-0.9906745924070736,-0.9906745924070737,-2.081780948340027
2,-0.5515667690534823,0.7019358420803838,-0.13951156840360382,-0.13951156840360396,1.2035282986675457
0,-0.6942367999636423,-1.2258916591912457,-0.33593380471209683,-0.3359338047120969,-1.146522104730211
2,-0.6942367999636423,0.07329643949180903,1.0390218494473542,1.0390218494473542,-1.753590117764219
3,0.4471234473176373,-0.38770578907314585,0.5807032980608705,0.5807032980608703,0.15603839382455145
0,0.16178338549731738,-0.2619779085554309,-0.7287782773290828,-0.7287782773290833,0.5624508731386354
3,-0.6942367999636423,0.9114823096099088,-0.20498564717310147,-0.2049856471731014,1.3888795967647638
0,-0.40889673814332245,0.32475220052723897,-0.9906745924070736,-0.9906745924070737,1.2137311224160163
2,-0.6942367999636423,0.9953008966217188,1.0390218494473542,1.0390218494473542,0.5879579325098119
3,-0.6942367999636423,-1.4354381267207705,1.9556589522203216,1.9556589522203214,0.2257576894391014
3,0.8751335400481172,0.9114823096099088,0.6461773768303682,0.6461773768303684,-0.7911237441584807
0,-0.6942367999636423,-0.09434073453181094,0.9080736919083588,0.9080736919083586,0.928052057458836
2,-0.6942367999636423,-0.1781593215436209,-0.13951156840360382,-0.13951156840360396,0.8940426449639337
3,-0.6942367999636423,-0.1781593215436209,0.8425996131388612,0.8425996131388612,1.1151038261807995
2,-0.6942367999636423,-0.38770578907314585,-0.7942523560985805,-0.7942523560985807,-0.4119187948403188
3,-0.6942367999636423,-1.3097102462030557,1.1699700069863497,1.1699700069863497,-0.35750373484847486
2,-0.6942367999636423,-0.9325266046499108,1.8247107946813264,1.8247107946813264,0.8736369974669921
2,1.0178035709582771,0.36666149403314396,-2.103733931488534,-2.1037339314885344,-1.1312178691075048
3,0.8751335400481172,2.1268518212811536,2.1520811885288147,2.1520811885288147,1.6915633679693955
0,-0.6942367999636423,-1.4354381267207705,-0.6633041985595851,-0.6633041985595852,-0.5479564448199286
2,-0.2662267072331625,1.9173053537516287,-0.46688196225109213,-0.46688196225109235,0.6593776987491072
1,-0.2662267072331625,0.07329643949180903,-0.07403748963410614,-0.0740374896341065,1.179721709921114
3,-0.6942367999636423,0.199024320009524,0.9080736919083588,0.9080736919083586,0.17644404132149305
1,-0.6942367999636423,0.11520573299771401,-1.3180449862545618,-1.318044986254562,1.1457122974262117
0,0.01911335458715743,-0.010522147520000953,-0.9252005136375758,-0.9252005136375762,-1.104010339111583
0,1.0178035709582771,1.1210287771394338,-0.008563410864608474,-0.008563410864608476,-0.4561310310836916
0,-0.2662267072331625,-0.47152437608495584,0.2533329042133822,0.2533329042133819,0.21045345381639535
3,-0.6942367999636423,-0.6391615501085758,0.5152292192913729,0.5152292192913729,0.35329298629498546
1,-0.6942367999636423,-0.6810708436144808,-0.6633041985595851,-0.6633041985595852,-1.360781403448096
2,1.0178035709582771,0.240933613515429,0.6461773768303682,0.6461773768303684,-0.5598597391931445
2,-0.6942367999636423,-0.6810708436144808,0.7771255343693636,0.7771255343693638,0.8617337030937768
2,0.30445341640747736,0.07329643949180903,-0.008563410864608474,-0.008563410864608476,-1.0376919847465231
2,-0.6942367999636423,-0.8487080176381008,-0.9906745924070736,-0.9906745924070737,0.6712809931223231
1,-0.6942367999636423,-0.42961508257905084,-1.121622749946069,-1.1216227499460691,1.0810944136858973
0,0.4471234473176373,0.9114823096099088,-0.07403748963410614,-0.0740374896341065,0.4689249887776536
1,2.016493787329397,-0.8487080176381008,-0.33593380471209683,-0.3359338047120969,-1.2400479890911924
3,2.159163818239557,1.9173053537516287,2.1520811885288147,2.1520811885288147,0.8481299380958155
1,-0.2662267072331625,0.9533916031158138,-1.3835190650240596,-1.3835190650240599,0.6576772281243619
0,-0.6942367999636423,-1.0582544851676257,1.4318663220643402,1.4318663220643406,-0.24017126174106135
2,-0.12355667632300252,-0.47152437608495584,0.056910667904889196,0.056910667904888974,-1.1278169278580144
2,-0.6942367999636423,1.1210287771394338,0.056910667904889196,0.056910667904888974,0.9671628818279738
1,-0.6942367999636423,-0.13625002803771594,-1.710889458871548,-1.7108894588715482,0.05401015633984458
2,-0.2662267072331625,0.6600265485744788,0.2533329042133822,0.2533329042133819,-0.4782371492053786
1,-0.5515667690534823,-0.3038872020613359,-0.13951156840360382,-0.13951156840360396,1.3905800673895092
0,3.0151840037005164,-0.2619779085554309,1.497340400833838,1.497340400833838,-1.98315365210481
1,-0.6942367999636423,0.9953008966217188,-0.9906745924070736,-0.9906745924070737,1.5912356011094333
2,-0.12355667632300252,0.7438451355862888,-0.6633041985595851,-0.6633041985595852,-0.190857613623453
0,-0.6942367999636423,-1.4354381267207705,-0.07403748963410614,-0.0740374896341065,-0.2639778504874931
1,-0.2662267072331625,-1.0163451916617208,0.9080736919083588,0.9080736919083586,0.05741109758933475
2,0.16178338549731738,1.7915774732339136,-0.07403748963410614,-0.0740374896341065,1.062389236813701
0,0.8751335400481172,-0.6810708436144808,-0.27045972594259915,-0.2704597259425994,-0.4102183242155734
0,-0.6942367999636423,-0.9744358981558158,-0.27045972594259915,-0.2704597259425994,0.6729814637470679
1,-0.6942367999636423,-0.9325266046499108,-2.103733931488534,-2.1037339314885344,1.249441005535664
2,0.4471234473176373,-0.052431441025905946,-0.6633041985595851,-0.6633041985595852,1.1763207686716237
3,0.7324635091379572,1.8334867667398187,0.4497551405218752,0.4497551405218754,1.1848231217953495
3,-0.6942367999636423,-1.1420730721794357,1.497340400833838,1.497340400833838,-0.5802653866900854
0,-0.6942367999636423,-0.7229801371203858,-1.121622749946069,-1.1216227499460691,-0.10073267051196141
2,-0.6942367999636423,0.32475220052723897,0.12238474667438687,0.122384746674387,0.9059459393371496
0,-0.6942367999636423,-0.5134336695908608,-0.8597264348680782,-0.8597264348680784,0.06931439196255064
0,-0.6942367999636423,0.8695730161040038,0.4497551405218752,0.4497551405218754,1.0487854718157397
2,1.160473601868437,1.5820310057043887,-1.3835190650240596,-1.3835190650240599,-0.9713736303814633
3,-0.2662267072331625,-0.13625002803771594,0.7116514555998659,0.7116514555998658,0.25466569005976875
3,-0.12355667632300252,0.40857078753904896,0.9080736919083588,0.9080736919083586,0.47402640065188917
0,-0.6942367999636423,0.576207961562669,0.2533329042133822,0.2533329042133819,0.33118686817329906
1,-0.6942367999636423,0.36666149403314396,0.2533329042133822,0.2533329042133819,-0.09903219988721663
0,-0.12355667632300252,-0.8487080176381008,-0.7287782773290828,-0.7287782773290833,-1.2111399884705254
3,-0.6942367999636423,-0.6810708436144808,1.300918164525345,1.3009181645253451,0.5913588737593021
2,-0.6942367999636423,-0.9325266046499108,-0.9906745924070736,-0.9906745924070737,-1.0700009266166803
0,-0.5515667690534823,-0.9325266046499108,-1.2525709074850642,-1.2525709074850646,-0.1364425536316091
2,0.7324635091379572,-1.2258916591912457,-0.4014078834815945,-0.4014078834815949,-1.6039487027866481
2,-0.6942367999636423,-0.3038872020613359,-0.008563410864608474,-0.008563410864608476,-0.22656749674310067
2,-0.6942367999636423,-0.13625002803771594,-1.1870968287155665,-1.1870968287155668,-0.19765949612243333
3,-0.6942367999636423,-1.0582544851676257,0.056910667904889196,0.056910667904888974,-0.5530578566941635
3,0.8751335400481172,0.49238937455085896,1.890184873450824,1.8901848734508238,-1.5767411727907263
1,-0.6942367999636423,-1.1420730721794357,-1.121622749946069,-1.1216227499460691,-1.498519524052451
2,-0.6942367999636423,-1.3097102462030557,-1.121622749946069,-1.1216227499460691,-2.081780948340027
3,2.159163818239557,1.2886659511630538,1.4318663220643402,1.4318663220643406,-1.376085639070802
1,0.01911335458715743,0.157115026503619,-1.121622749946069,-1.1216227499460691,0.5896584031345573
1,0.5897934782277973,0.576207961562669,-0.6633041985595851,-0.6633041985595852,0.5573494612643998
3,0.16178338549731738,-0.8487080176381008,-0.20498564717310147,-0.2049856471731014,1.4858064223752356
1,0.30445341640747736,0.576207961562669,-0.7942523560985805,-0.7942523560985807,0.7563045243595792
0,-0.6942367999636423,-0.7229801371203858,-0.07403748963410614,-0.0740374896341065,0.5930593443840475
2,0.7324635091379572,0.11520573299771401,0.056910667904889196,0.056910667904888974,-0.6431827998056551
1,0.30445341640747736,-0.5553429630967658,-0.4014078834815945,-0.4014078834815949,-1.711078352145591
0,0.7324635091379572,-0.7648894306262908,-1.8418376164105432,-1.8418376164105437,-0.017409609899450774
0,-0.6942367999636423,-0.1781593215436209,0.31880698298287985,0.3188069829828799,0.3702976925424369
0,-0.2662267072331625,0.8276637225980988,0.6461773768303682,0.6461773768303684,0.34989204504549526
2,-0.6942367999636423,-0.3457964955672409,-0.27045972594259915,-0.2704597259425994,-0.8030270385316967
2,0.5897934782277973,1.6658495927161987,-0.33593380471209683,-0.3359338047120969,-1.0597981028682097
2,1.588483694598917,0.28284290702133397,-0.27045972594259915,-0.2704597259425994,-0.03101337489741145
0,1.0178035709582771,0.199024320009524,-0.33593380471209683,-0.3359338047120969,-0.06162184614282418
0,-0.6942367999636423,1.5401217121984836,0.4497551405218752,0.4497551405218754,0.7256960531141671
0,0.16178338549731738,0.11520573299771401,1.3663922432948425,1.3663922432948425,0.45021981190545735
3,-0.6942367999636423,-1.4354381267207705,-0.4014078834815945,-0.4014078834815949,-0.4765366785806332
0,2.159163818239557,0.7438451355862888,-0.13951156840360382,-0.13951156840360396,2.1013767885329697
3,3.0151840037005164,2.2944889953047736,1.1699700069863497,1.1699700069863497,0.746101700611108
3,2.159163818239557,-1.3097102462030557,-0.5323560410205899,-0.5323560410205898,0.5692527556376157
3,-0.6942367999636423,0.11520573299771401,0.7771255343693636,0.7771255343693638,-1.4492058759348423
0,0.7324635091379572,-0.6810708436144808,-0.9906745924070736,-0.9906745924070737,0.19855015944317947
0,-0.40889673814332245,-0.052431441025905946,-0.20498564717310147,-0.2049856471731014,0.016599802595451515
2,-0.6942367999636423,1.0372101901276238,0.38428106175237753,0.38428106175237736,1.0436840599415043
1,1.7311537255090768,2.2106704082929634,-0.008563410864608474,-0.008563410864608476,-0.8285340979028732
3,0.01911335458715743,1.3724845381748638,0.31880698298287985,0.3188069829828799,-1.0223877491238171
3,-0.6942367999636423,-0.7229801371203858,1.6282885583728333,1.6282885583728335,1.1780212392963691
1,0.30445341640747736,1.8334867667398187,-0.27045972594259915,-0.2704597259425994,0.9637619405784837
3,3.8712041891614764,0.03138714598590404,1.3663922432948425,1.3663922432948425,-0.879548216645227
1,-0.6942367999636423,-0.3457964955672409,-2.3656302465665244,-2.365630246566525,-0.03781525739639239
2,0.30445341640747736,0.9114823096099088,-0.4014078834815945,-0.4014078834815949,1.0181770005703277
1,-0.6942367999636423,1.5401217121984836,-0.20498564717310147,-0.2049856471731014,-0.4442277367104763
2,1.160473601868437,1.8334867667398187,-0.7287782773290828,-0.7287782773290833,0.8243233493493838
0,0.30445341640747736,0.576207961562669,-0.27045972594259915,-0.2704597259425994,0.35499345691973083
1,-0.12355667632300252,-1.1839823656853408,-1.1870968287155665,-1.1870968287155668,-0.8982533935174232
3,0.7324635091379572,-1.2258916591912457,2.086607109759317,2.0866071097593175,-0.8421378629008345
1,1.4458136636887569,0.9533916031158138,-0.33593380471209683,-0.3359338047120969,2.2374144385125785
1,-0.6942367999636423,-0.42961508257905084,-0.5323560410205899,-0.5323560410205898,-0.20276090799666888
2,-0.6942367999636423,1.7915774732339136,-0.5323560410205899,-0.5323560410205898,0.8600332324690314
1,1.160473601868437,0.7857544290921938,-1.6454153801020501,-1.6454153801020504,-1.1006093978620923
2,-0.2662267072331625,0.36666149403314396,0.12238474667438687,0.122384746674387,-1.1856329290993484
2,-0.6942367999636423,0.7438451355862888,0.5152292192913729,0.5152292192913729,0.5318424018932232
0,-0.6942367999636423,-1.1420730721794357,-0.5323560410205899,-0.5323560410205898,-0.3694070292216908
1,-0.6942367999636423,-1.0582544851676257,-1.056148671176571,-1.0561486711765713,-0.20616184924615905
2,0.30445341640747736,-0.6810708436144808,1.9556589522203216,1.9556589522203214,0.20195110069266964
3,2.5871739109700367,0.7438451355862888,0.18785882544388455,0.18785882544388444,-1.5172247009246471
1,0.7324635091379572,0.199024320009524,-1.3180449862545618,-1.318044986254562,0.6151654625057339
3,2.8725139727903564,0.45048008104495396,0.9735477706778566,0.9735477706778567,0.1951492181936893
3,0.5897934782277973,2.1687611147870585,0.31880698298287985,0.3188069829828799,0.46212310627867326
0,1.160473601868437,0.7019358420803838,0.31880698298287985,0.3188069829828799,1.2987546536532721
2,-0.6942367999636423,-0.6810708436144808,-1.9073116951800408,-1.9073116951800413,-0.9866778660041694
2,-0.6942367999636423,1.8753960602457236,0.9080736919083588,0.9080736919083586,-0.8030270385316967
1,0.16178338549731738,-0.42961508257905084,-1.8418376164105432,-1.8418376164105437,-0.8030270385316967
2,-0.6942367999636423,-0.7229801371203858,-0.33593380471209683,-0.3359338047120969,-1.3675832859470765
0,0.01911335458715743,0.9533916031158138,-0.46688196225109213,-0.46688196225109235,2.001049021673007
2,-0.6942367999636423,2.3363982888106785,0.8425996131388612,0.8425996131388612,0.8175214668504034
1,0.4471234473176373,1.0372101901276238,-0.6633041985595851,-0.6633041985595852,0.26656898443298466
0,0.8751335400481172,-1.3516195397089608,0.12238474667438687,0.122384746674387,-0.5870672691890664
0,2.016493787329397,2.6716726368579184,-0.9252005136375758,-0.9252005136375762,1.6031388954826493
2,1.160473601868437,1.5820310057043887,-0.27045972594259915,-0.2704597259425994,1.892218901689319
2,-0.6942367999636423,0.49238937455085896,0.31880698298287985,0.3188069829828799,-1.445804934685352
0,-0.6942367999636423,-0.9744358981558158,-1.3835190650240596,-1.3835190650240599,0.827724290598874
2,-0.6942367999636423,1.2886659511630538,-1.1870968287155665,-1.1870968287155668,-0.03781525739639239
3,-0.6942367999636423,-0.010522147520000953,0.18785882544388455,0.18785882544388444,1.3157593599007238
0,-0.6942367999636423,0.40857078753904896,-0.07403748963410614,-0.0740374896341065,1.572530424237237
1,-0.6942367999636423,-0.010522147520000953,-1.2525709074850642,-1.2525709074850646,0.2563661606845135
2,-0.6942367999636423,0.36666149403314396,0.12238474667438687,0.122384746674387,-1.1516235166044462
1,-0.5515667690534823,0.199024320009524,-0.46688196225109213,-0.46688196225109235,0.7648068774833049
2,-0.6942367999636423,-0.7229801371203858,0.9735477706778566,0.9735477706778567,0.13223180507811966
2,1.4458136636887569,-0.3457964955672409,-0.33593380471209683,-0.3359338047120969,-1.092107044738367
1,1.160473601868437,2.0849425277752487,-0.5978301197900875,-0.5978301197900878,-1.374385168446057
2,0.5897934782277973,2.1687611147870585,1.9556589522203216,1.9556589522203214,2.201704555392931
3,0.4471234473176373,0.7019358420803838,-0.07403748963410614,-0.0740374896341065,2.203405026017677
3,-0.12355667632300252,1.6239402992102936,2.1520811885288147,2.1520811885288147,1.744277957336494
2,-0.6942367999636423,0.11520573299771401,-1.2525709074850642,-1.2525709074850646,0.6168659331304792
0,0.7324635091379572,-0.9744358981558158,-0.20498564717310147,-0.2049856471731014,-1.461109170308058
2,-0.6942367999636423,-0.3038872020613359,-1.4489931437935573,-1.4489931437935575,0.10162333383270754
2,-0.6942367999636423,0.9533916031158138,0.2533329042133822,0.2533329042133819,-0.005506315526234883
1,-0.6942367999636423,1.1210287771394338,-1.056148671176571,-1.0561486711765713,1.744277957336494
0,-0.6942367999636423,-0.9744358981558158,-1.710889458871548,-1.7108894588715482,0.1390336875771006
2,-0.5515667690534823,0.9953008966217188,-0.6633041985595851,-0.6633041985595852,1.0589882955642103
1,-0.6942367999636423,-1.2258916591912457,-0.5323560410205899,-0.5323560410205898,-0.4850390317043589
3,-0.6942367999636423,-0.3457964955672409,-0.07403748963410614,-0.0740374896341065,0.3430901625465149
3,5.297904498263076,2.3363982888106785,-0.20498564717310147,-0.2049856471731014,0.7835120543555011
2,0.5897934782277973,0.11520573299771401,-1.6454153801020501,-1.6454153801020504,-0.19425855487294316
2,-0.6942367999636423,-0.9744358981558158,0.8425996131388612,0.8425996131388612,1.007974176821857
2,0.4471234473176373,-1.0582544851676257,1.300918164525345,1.3009181645253451,-1.0700009266166803
1,0.5897934782277973,0.7019358420803838,0.5152292192913729,0.5152292192913729,0.47572687127663393
1,-0.6942367999636423,0.03138714598590404,0.7116514555998659,0.7116514555998658,0.5624508731386354
0,-0.6942367999636423,-0.8067987241321958,0.7116514555998659,0.7116514555998658,0.13393227570286506
1,-0.12355667632300252,0.32475220052723897,-2.103733931488534,-2.1037339314885344,0.14413509945133554
1,0.16178338549731738,-0.8067987241321958,-0.20498564717310147,-0.2049856471731014,-1.0376919847465231
3,-0.2662267072331625,0.6600265485744788,0.4497551405218752,0.4497551405218754,0.161139805698787
1,-0.6942367999636423,-0.42961508257905084,-1.056148671176571,-1.0561486711765713,0.293776514428906
3,-0.6942367999636423,0.45048008104495396,1.300918164525345,1.3009181645253451,0.4825287537756149
0,-0.6942367999636423,-0.052431441025905946,-0.5323560410205899,-0.5323560410205898,0.34138969192176954
2,1.4458136636887569,0.7019358420803838,0.18785882544388455,0.18785882544388444,0.6066631093820087
0,0.7324635091379572,-0.6810708436144808,-0.008563410864608474,-0.008563410864608476,0.8362266437225997
2,2.159163818239557,1.9173053537516287,0.8425996131388612,0.8425996131388612,2.128584318528891
3,0.7324635091379572,0.40857078753904896,1.1699700069863497,1.1699700069863497,0.5760546381365961
2,0.16178338549731738,0.49238937455085896,-0.4014078834815945,-0.4014078834815949,1.5385210117423342
2,0.5897934782277973,0.36666149403314396,0.056910667904889196,0.056910667904888974,0.2257576894391014
0,0.01911335458715743,-0.6391615501085758,0.31880698298287985,0.3188069829828799,0.11012568695643327
1,3.0151840037005164,2.2944889953047736,-1.2525709074850642,-1.2525709074850646,0.8889412330896982
3,-0.6942367999636423,-1.0163451916617208,0.7771255343693636,0.7771255343693638,-0.020810551148940943
0,-0.6942367999636423,-1.4354381267207705,-0.46688196225109213,-0.46688196225109235,-0.12283878863364842
3,0.8751335400481172,1.0372101901276238,0.18785882544388455,0.18785882544388444,-1.0836046916146413
2,-0.6942367999636423,-0.9744358981558158,0.38428106175237753,0.38428106175237736,-1.5359298777968433
3,-0.6942367999636423,-1.4354381267207705,1.2354440857558473,1.235444085755847,-1.359080932823351
3,-0.6942367999636423,-1.1001637786735308,1.890184873450824,1.8901848734508238,0.06591345071305986
0,-0.6942367999636423,-0.6810708436144808,-0.008563410864608474,-0.008563410864608476,0.336288280047534
0,0.7324635091379572,-0.3038872020613359,-1.5144672225630549,-1.5144672225630553,1.472202657377275
3,1.160473601868437,2.0849425277752487,0.9735477706778566,0.9735477706778567,0.7341984062378928
0,-0.6942367999636423,-1.4354381267207705,-0.9252005136375758,-0.9252005136375762,-0.840437392276089
3,1.588483694598917,2.0849425277752487,1.5628144796033356,1.5628144796033354,0.09822239258321737
3,2.4445038800598766,1.0791194836335287,1.497340400833838,1.497340400833838,-0.9169585703896194
3,-0.6942367999636423,-1.1420730721794357,0.31880698298287985,0.3188069829828799,-1.3352743440769193
2,-0.6942367999636423,-1.4354381267207705,1.2354440857558473,1.235444085755847,-1.0155858666248363
3,-0.6942367999636423,1.0372101901276238,0.5152292192913729,0.5152292192913729,0.5522480493901648
2,0.01911335458715743,-0.13625002803771594,1.0390218494473542,1.0390218494473542,-1.3930903453182533
2,-0.2662267072331625,0.9114823096099088,0.2533329042133822,0.2533329042133819,1.0113751180713473
0,0.30445341640747736,1.1210287771394338,0.31880698298287985,0.3188069829828799,0.09822239258321737
2,0.7324635091379572,0.7019358420803838,-0.27045972594259915,-0.2704597259425994,0.028503096968667405
1,-0.6942367999636423,-1.4354381267207705,-0.4014078834815945,-0.4014078834815949,-1.2145409297200154
0,1.303143632778597,0.7019358420803838,1.4318663220643402,1.4318663220643406,0.7205946412399316
2,1.160473601868437,-0.1781593215436209,-1.710889458871548,-1.7108894588715482,-1.1431211634807203
2,-0.6942367999636423,-1.2678009526971508,0.056910667904889196,0.056910667904888974,-0.7622157435378134
1,-0.6942367999636423,-0.7648894306262908,-1.3835190650240596,-1.3835190650240599,0.1475360407008257
2,-0.6942367999636423,-0.42961508257905084,-0.5978301197900875,-0.5978301197900878,-0.23166890861733622
2,0.5897934782277973,-0.3457964955672409,0.18785882544388455,0.18785882544388444,-0.03271384552215684
0,-0.12355667632300252,-0.13625002803771594,-0.20498564717310147,-0.2049856471731014,1.2732475942820958
1,0.5897934782277973,-0.42961508257905084,-0.7942523560985805,-0.7942523560985807,0.09312098070898182
3,0.01911335458715743,1.0372101901276238,0.5807032980608705,0.5807032980608703,0.7018894643677352
3,-0.2662267072331625,0.9114823096099088,-0.5323560410205899,-0.5323560410205898,-1.204338105971545
0,-0.6942367999636423,-0.3457964955672409,-0.46688196225109213,-0.46688196225109235,0.6168659331304792
0,-0.6942367999636423,-0.9744358981558158,0.2533329042133822,0.2533329042133819,-1.7025759990218652
2,0.4471234473176373,0.07329643949180903,-0.9906745924070736,-0.9906745924070737,-0.12794020050788338
2,0.30445341640747736,1.4982124186925787,0.38428106175237753,0.38428106175237736,2.148989966025833
3,0.16178338549731738,-0.13625002803771594,2.28302934606781,2.2830293460678095,-1.612451055910374
2,-0.6942367999636423,-0.010522147520000953,0.38428106175237753,0.38428106175237736,0.9977713530733859
0,-0.6942367999636423,-1.4354381267207705,-0.5978301197900875,-0.5978301197900878,0.23255957193808174
0,-0.6942367999636423,2.0011239407634385,-0.46688196225109213,-0.46688196225109235,1.2477405349109192
2,-0.6942367999636423,-0.1781593215436209,-1.1870968287155665,-1.1870968287155668,0.20705251256690518
0,1.588483694598917,-0.2619779085554309,0.8425996131388612,0.8425996131388612,0.598160756258283
3,-0.6942367999636423,0.9114823096099088,1.890184873450824,1.8901848734508238,1.0929977080591131
3,1.588483694598917,1.7077588862221036,1.8247107946813264,1.8247107946813264,-1.061498573492955
1,0.5897934782277973,-0.1781593215436209,-0.5323560410205899,-0.5323560410205898,1.1491132386757017
1,-0.6942367999636423,-1.1839823656853408,-1.8418376164105432,-1.8418376164105437,-0.5071451498260453
0,0.30445341640747736,0.03138714598590404,1.0390218494473542,1.0390218494473542,0.688285699369774
2,1.588483694598917,-0.010522147520000953,0.6461773768303682,0.6461773768303684,0.9722642937022095
3,-0.6942367999636423,0.32475220052723897,2.0211330309898194,2.02113303098982,-0.3779093823454165
1,1.160473601868437,1.3305752446689587,-0.33593380471209683,-0.3359338047120969,2.7186476253154486
1,-0.6942367999636423,-0.13625002803771594,-1.1870968287155665,-1.1870968287155668,-1.5070218771761763
2,-0.6942367999636423,-1.4354381267207705,0.5152292192913729,0.5152292192913729,-0.35240232297423935
0,2.016493787329397,2.5040354628342985,0.18785882544388455,0.18785882544388444,1.2290353580387223
0,-0.12355667632300252,-0.8906173111440058,-1.056148671176571,-1.0561486711765713,0.08121768633576593
1,-0.2662267072331625,0.7019358420803838,-1.8418376164105432,-1.8418376164105437,1.5980374836084137
0,0.30445341640747736,1.7077588862221036,-0.13951156840360382,-0.13951156840360396,1.8973203135635546
1,-0.6942367999636423,-0.052431441025905946,-0.27045972594259915,-0.2704597259425994,-0.042916669270627344
2,0.5897934782277973,-0.3457964955672409,0.9080736919083588,0.9080736919083586,0.6423729925016558
0,-0.6942367999636423,-1.0582544851676257,-0.6633041985595851,-0.6633041985595852,-0.7384091547913816
0,0.01911335458715743,-1.2258916591912457,-0.07403748963410614,-0.0740374896341065,-0.42722303046302484
3,-0.6942367999636423,-0.3457964955672409,1.8247107946813264,1.8247107946813264,-1.556335525293785
0,1.4458136636887569,-0.38770578907314585,-1.2525709074850642,-1.2525709074850646,0.44171745878173163
0,-0.5515667690534823,-0.8067987241321958,0.18785882544388455,0.18785882544388444,1.0436840599415043
2,-0.6942367999636423,-0.1781593215436209,0.056910667904889196,0.056910667904888974,-0.9696731597567182
2,-0.2662267072331625,1.7915774732339136,0.7771255343693636,0.7771255343693638,0.29887792630314153
0,-0.6942367999636423,1.6239402992102936,-0.20498564717310147,-0.2049856471731014,1.4637003042535492
1,-0.6942367999636423,-0.7229801371203858,-1.8418376164105432,-1.8418376164105437,0.02510215571917724
1,1.4458136636887569,0.199024320009524,-1.3835190650240596,-1.3835190650240599,-0.7860223322842452
3,-0.6942367999636423,-0.1781593215436209,-0.008563410864608474,-0.008563410864608476,0.1849463944452188
0,-0.6942367999636423,-0.13625002803771594,0.7116514555998659,0.7116514555998658,0.9926699411991511
2,-0.6942367999636423,0.07329643949180903,-0.07403748963410614,-0.0740374896341065,1.3565706548946064
0,-0.12355667632300252,0.576207961562669,0.5152292192913729,0.5152292192913729,-0.042916669270627344
2,0.01911335458715743,-1.4354381267207705,-0.20498564717310147,-0.2049856471731014,-1.8845263558695933
0,-0.6942367999636423,-0.7229801371203858,-0.20498564717310147,-0.2049856471731014,0.2155548656906309
1,-0.6942367999636423,-1.4354381267207705,-0.27045972594259915,-0.2704597259425994,-1.5308284659226081
0,-0.6942367999636423,-0.5972522566026708,-0.33593380471209683,-0.3359338047120969,-0.22656749674310067
0,0.16178338549731738,0.7857544290921938,0.5152292192913729,0.5152292192913729,-1.3522790503243702
1,2.159163818239557,0.45048008104495396,-0.5323560410205899,-0.5323560410205898,0.7784106424812656
3,-0.6942367999636423,-0.2619779085554309,2.479451582376303,2.4794515823763033,-0.5836663279395756
0,0.30445341640747736,0.6600265485744788,0.056910667904889196,0.056910667904888974,-1.6243543502835895
3,1.7311537255090768,1.5401217121984836,-0.6633041985595851,-0.6633041985595852,1.387179126140019
2,-0.6942367999636423,-1.1001637786735308,-0.7942523560985805,-0.7942523560985807,-1.513823759675157
2,-0.6942367999636423,-0.052431441025905946,0.8425996131388612,0.8425996131388612,-0.4204211479640445
0,-0.40889673814332245,-1.1001637786735308,1.1699700069863497,1.1699700069863497,-0.27418067423596426
2,2.5871739109700367,1.2467566576571487,1.2354440857558473,1.235444085755847,1.1032005318075837
1,0.5897934782277973,-0.010522147520000953,0.12238474667438687,0.122384746674387,0.603262168132518
2,-0.6942367999636423,-1.2258916591912457,0.12238474667438687,0.122384746674387,-1.6957741165228846
3,1.7311537255090768,1.0791194836335287,0.5152292192913729,0.5152292192913729,2.2833271453806976
0,0.7324635091379572,0.45048008104495396,0.8425996131388612,0.8425996131388612,0.6916866406192648
3,0.16178338549731738,0.9533916031158138,1.4318663220643402,1.4318663220643406,0.6967880524934997
2,-0.6942367999636423,-1.2678009526971508,1.4318663220643402,1.4318663220643406,-1.8029037658818272
1,4.299214281891956,-0.7229801371203858,0.38428106175237753,0.38428106175237736,0.33118686817329906
0,-0.5515667690534823,-0.09434073453181094,0.31880698298287985,0.3188069829828799,0.9875685293249155
0,-0.6942367999636423,0.9533916031158138,-0.20498564717310147,-0.2049856471731014,-0.6635884473025967
1,2.8725139727903564,1.8334867667398187,-0.4014078834815945,-0.4014078834815949,-0.07352514051603946
1,-0.6942367999636423,-0.3457964955672409,-1.056148671176571,-1.0561486711765713,-0.3473009111000044
0,0.30445341640747736,0.618117255068574,0.18785882544388455,0.18785882544388444,0.26316804318349385
1,0.16178338549731738,-1.4354381267207705,-0.5978301197900875,-0.5978301197900878,-0.8914515110184428
3,-0.6942367999636423,-0.5134336695908608,0.12238474667438687,0.122384746674387,0.4604226356539279
2,-0.2662267072331625,0.9114823096099088,-2.1692080102580316,-2.169208010258032,-1.3148686965799778
3,-0.12355667632300252,-0.052431441025905946,0.6461773768303682,0.6461773768303684,-1.6005477615371582
2,-0.12355667632300252,-0.1781593215436209,0.056910667904889196,0.056910667904888974,-1.1363192809817402
2,0.4471234473176373,0.07329643949180903,-0.7942523560985805,-0.7942523560985807,-1.1873333997240938
1,-0.6942367999636423,0.199024320009524,-0.27045972594259915,-0.2704597259425994,0.513137225021027
3,0.4471234473176373,-1.2678009526971508,0.8425996131388612,0.8425996131388612,-0.43062397171251504
3,0.16178338549731738,-1.4354381267207705,-0.13951156840360382,-0.13951156840360396,-0.5615602098178892
1,0.8751335400481172,-0.5553429630967658,0.4497551405218752,0.4497551405218754,0.22405721881435664
2,1.7311537255090768,-0.7648894306262908,-0.6633041985595851,-0.6633041985595852,0.293776514428906
0,-0.2662267072331625,0.9114823096099088,0.9735477706778566,0.9735477706778567,-0.7350082135418915
3,1.7311537255090768,-0.47152437608495584,0.38428106175237753,0.38428106175237736,0.5777551087613414
2,-0.6942367999636423,0.9533916031158138,-0.20498564717310147,-0.2049856471731014,1.113403355556054
3,-0.6942367999636423,-0.8067987241321958,0.4497551405218752,0.4497551405218754,-0.5853667985643211
2,-0.6942367999636423,0.199024320009524,0.5807032980608705,0.5807032980608703,-0.08712890551400074
0,2.016493787329397,-0.09434073453181094,-0.46688196225109213,-0.46688196225109235,-1.27575787221084
3,-0.6942367999636423,0.36666149403314396,0.7116514555998659,0.7116514555998658,-1.4066941103162143
3,-0.12355667632300252,1.2048473641512438,2.413977503606805,2.4139775036068056,-0.8659444516472656
3,-0.6942367999636423,-0.6391615501085758,0.5152292192913729,0.5152292192913729,0.6542762868748717
1,0.8751335400481172,0.40857078753904896,-0.33593380471209683,-0.3359338047120969,-0.3285957342278075
0,1.0178035709582771,-0.8067987241321958,1.300918164525345,1.3009181645253451,0.35329298629498546
0,-0.2662267072331625,-0.5134336695908608,0.12238474667438687,0.122384746674387,0.3702976925424369
2,0.5897934782277973,-0.7229801371203858,0.12238474667438687,0.122384746674387,0.4825287537756149
0,-0.6942367999636423,0.07329643949180903,-0.33593380471209683,-0.3359338047120969,0.9484577049557776
3,-0.6942367999636423,0.11520573299771401,-0.33593380471209683,-0.3359338047120969,0.293776514428906
0,-0.6942367999636423,2.6716726368579184,0.5807032980608705,0.5807032980608703,-0.5751639748158505
3,-0.6942367999636423,-0.010522147520000953,-0.5978301197900875,-0.5978301197900878,-0.9815764541299341
3,-0.12355667632300252,-0.8487080176381008,0.5807032980608705,0.5807032980608703,-0.37450844109592635
3,0.7324635091379572,-0.3038872020613359,1.0390218494473542,1.0390218494473542,-1.0870056328641315
0,0.5897934782277973,-0.010522147520000953,-0.33593380471209683,-0.3359338047120969,0.8362266437225997
0,1.588483694598917,1.1629380706453387,-0.5978301197900875,-0.5978301197900878,-1.0972084566126024
1,-0.6942367999636423,-1.2258916591912457,0.056910667904889196,0.056910667904888974,-1.1244159866085242
3,1.7311537255090768,1.8334867667398187,0.5152292192913729,0.5152292192913729,0.3907033400393779
0,-0.6942367999636423,0.7019358420803838,-0.27045972594259915,-0.2704597259425994,1.307257006776998
3,1.303143632778597,-1.1839823656853408,0.6461773768303682,0.6461773768303684,-2.025665417723438
0,1.303143632778597,0.534298668056764,-0.5978301197900875,-0.5978301197900878,0.5522480493901648
3,-0.6942367999636423,-1.0163451916617208,1.1044959282168518,1.1044959282168523,-0.6091733873107528
3,1.4458136636887569,-0.42961508257905084,-0.07403748963410614,-0.0740374896341065,-1.331873402827429
1,3.5858641273411562,0.7438451355862888,-1.056148671176571,-1.0561486711765713,1.6966647798436305
3,-0.6942367999636423,-0.8067987241321958,-0.13951156840360382,-0.13951156840360396,-1.177130575975623
3,-0.6942367999636423,-1.3516195397089608,0.38428106175237753,0.38428106175237736,-1.5393308190463335
2,-0.6942367999636423,0.07329643949180903,0.6461773768303682,0.6461773768303684,-1.4270997578131555
2,-0.6942367999636423,-0.9325266046499108,-0.13951156840360382,-0.13951156840360396,0.49273157752408536
3,1.588483694598917,-1.4354381267207705,1.1699700069863497,1.1699700069863497,-1.3709842271965669
3,2.4445038800598766,-0.7229801371203858,0.38428106175237753,0.38428106175237736,-1.8352127077519846
1,-0.6942367999636423,-0.7648894306262908,0.5152292192913729,0.5152292192913729,-0.29288585110816046
0,-0.6942367999636423,-0.7229801371203858,-0.9906745924070736,-0.9906745924070737,0.4519202825302028
3,-0.6942367999636423,-1.4354381267207705,0.18785882544388455,0.18785882544388444,-0.8030270385316967
0,-0.6942367999636423,-1.2678009526971508,-0.33593380471209683,-0.3359338047120969,-0.5819658573148309
3,2.7298439418801967,1.2886659511630538,1.1044959282168518,1.1044959282168523,0.9059459393371496
1,-0.6942367999636423,-0.052431441025905946,-0.46688196225109213,-0.46688196225109235,0.5879579325098119
0,-0.2662267072331625,-1.4354381267207705,0.12238474667438687,0.122384746674387,0.44851934128071197
2,0.01911335458715743,-0.6391615501085758,-0.07403748963410614,-0.0740374896341065,0.25296521943502337
2,0.16178338549731738,-0.2619779085554309,1.0390218494473542,1.0390218494473542,0.12032851070490377
1,-0.6942367999636423,-0.3457964955672409,-2.1692080102580316,-2.169208010258032,0.7341984062378928
1,0.01911335458715743,-0.5553429630967658,-0.20498564717310147,-0.2049856471731014,0.5420452256416938
3,0.16178338549731738,2.1687611147870585,1.1044959282168518,1.1044959282168523,1.6541530142250025
2,-0.6942367999636423,-0.6810708436144808,2.2175552672983123,2.2175552672983123,1.2664457117831154
1,-0.12355667632300252,0.11520573299771401,-0.9906745924070736,-0.9906745924070737,0.3685972219176915
0,-0.6942367999636423,-0.9325266046499108,0.5807032980608705,0.5807032980608703,0.21895580694012107
0,-0.6942367999636423,-0.2619779085554309,0.4497551405218752,0.4497551405218754,0.028503096968667405
1,0.01911335458715743,0.32475220052723897,-0.33593380471209683,-0.3359338047120969,-1.005383042876366
0,-0.6942367999636423,-1.4354381267207705,0.2533329042133822,0.2533329042133819,0.24106192506180746
2,0.30445341640747736,-0.9325266046499108,1.0390218494473542,1.0390218494473542,0.6355711100026755
2,0.8751335400481172,0.9114823096099088,-0.27045972594259915,-0.2704597259425994,0.7273965237389118
1,-0.2662267072331625,0.199024320009524,-0.33593380471209683,-0.3359338047120969,1.5674290123630017
0,-0.6942367999636423,-1.4354381267207705,-0.9252005136375758,-0.9252005136375762,-0.07182466989129468
3,1.0178035709582771,-0.5134336695908608,1.0390218494473542,1.0390218494473542,-0.44932914858471124
1,-0.12355667632300252,0.28284290702133397,-2.103733931488534,-2.1037339314885344,-1.0291896316227973
0,-0.6942367999636423,0.199024320009524,-0.7942523560985805,-0.7942523560985807,0.08801956883474686
1,-0.6942367999636423,0.45048008104495396,-0.6633041985595851,-0.6633041985595852,0.9535591168300132
0,4.584554343712276,0.28284290702133397,-2.0382598527190363,-2.0382598527190368,0.08801956883474686
0,1.160473601868437,-0.1781593215436209,1.3663922432948425,1.3663922432948425,0.3941042812888687
0,-0.6942367999636423,0.157115026503619,0.8425996131388612,0.8425996131388612,0.1475360407008257
2,0.8751335400481172,-0.3457964955672409,0.12238474667438687,0.122384746674387,0.688285699369774
2,0.30445341640747736,-0.3038872020613359,-0.20498564717310147,-0.2049856471731014,-1.0138853960000913
0,0.01911335458715743,0.6600265485744788,0.12238474667438687,0.122384746674387,-0.039515728021137175
1,0.8751335400481172,-0.13625002803771594,-0.008563410864608474,-0.008563410864608476,0.014899331970706732
0,-0.6942367999636423,0.11520573299771401,1.6937626371423309,1.6937626371423309,0.5386442843922036
3,-0.12355667632300252,-0.8906173111440058,0.38428106175237753,0.38428106175237736,0.4893306362745952
2,-0.6942367999636423,-0.8067987241321958,-0.8597264348680782,-0.8597264348680784,-0.36260514672271044
0,-0.6942367999636423,-0.5134336695908608,-0.5323560410205899,-0.5323560410205898,-0.4085178535908286
0,1.160473601868437,0.576207961562669,-0.4014078834815945,-0.4014078834815949,1.12530664992927
0,1.588483694598917,0.32475220052723897,0.18785882544388455,0.18785882544388444,0.07781674508627576
2,0.5897934782277973,0.534298668056764,0.5807032980608705,0.5807032980608703,-0.03441431614690222
0,-0.6942367999636423,0.9953008966217188,0.31880698298287985,0.3188069829828799,0.91274782183613
1,2.016493787329397,0.8276637225980988,-0.8597264348680782,-0.8597264348680784,0.3481915744207499
3,-0.6942367999636423,0.157115026503619,0.8425996131388612,0.8425996131388612,-1.7042764696466104
1,0.16178338549731738,0.240933613515429,-1.7763635376410456,-1.7763635376410458,-1.316569167204723
2,0.30445341640747736,-0.09434073453181094,1.0390218494473542,1.0390218494473542,0.6797833462460489
0,0.30445341640747736,0.6600265485744788,-2.103733931488534,-2.1037339314885344,-1.6753684690259434
1,-0.12355667632300252,1.3305752446689587,-1.3180449862545618,-1.318044986254562,0.827724290598874
2,-0.6942367999636423,-0.8906173111440058,1.300918164525345,1.3009181645253451,-0.0480180811448629
3,-0.6942367999636423,-1.3097102462030557,0.9735477706778566,0.9735477706778567,-0.34049902860102343
3,-0.6942367999636423,-0.1781593215436209,1.497340400833838,1.497340400833838,-0.2554754973637674
3,-0.6942367999636423,-1.2678009526971508,0.7116514555998659,0.7116514555998658,-1.2366470478417022
2,1.160473601868437,-0.2619779085554309,0.31880698298287985,0.3188069829828799,-1.1414206928559754
0,-0.6942367999636423,0.576207961562669,-0.07403748963410614,-0.0740374896341065,-1.2417484597159374
2,0.5897934782277973,0.40857078753904896,0.6461773768303682,0.6461773768303684,-0.7741190379110293
3,-0.6942367999636423,-0.42961508257905084,2.2175552672983123,2.2175552672983123,-0.4544305604589468
2,0.01911335458715743,0.157115026503619,0.2533329042133822,0.2533329042133819,-0.5275507973229869
0,-0.6942367999636423,-1.4354381267207705,0.2533329042133822,0.2533329042133819,-1.7365854115167676
0,-0.40889673814332245,-1.3097102462030557,-0.7942523560985805,-0.7942523560985807,-0.35750373484847486
3,0.4471234473176373,1.2048473641512438,2.0211330309898194,2.02113303098982,-0.04461713989537273
3,-0.6942367999636423,0.7438451355862888,0.9735477706778566,0.9735477706778567,-0.6499846823046355
3,-0.40889673814332245,-1.3097102462030557,-0.13951156840360382,-0.13951156840360396,-1.7178802346445714
2,-0.6942367999636423,-1.4354381267207705,0.12238474667438687,0.122384746674387,0.06421298008831508
2,0.5897934782277973,-0.3457964955672409,2.7413478974542937,2.741347897454294,-0.4425272660857309
0,1.7311537255090768,0.49238937455085896,-1.056148671176571,-1.0561486711765713,0.6304696981284399
2,0.16178338549731738,-0.7648894306262908,0.5807032980608705,0.5807032980608703,-1.529127995297863
3,0.7324635091379572,0.8695730161040038,1.7592367159118285,1.759236715911829,2.4822822084758767
2,-0.6942367999636423,-1.4354381267207705,1.0390218494473542,1.0390218494473542,-0.48333856107961354
2,-0.6942367999636423,-1.0582544851676257,0.31880698298287985,0.3188069829828799,0.3379887506722794
2,-0.6942367999636423,-1.3097102462030557,0.7771255343693636,0.7771255343693638,-0.8778477460204819
1,-0.6942367999636423,-0.6391615501085758,-1.2525709074850642,-1.2525709074850646,0.9875685293249155
3,2.159163818239557,0.36666149403314396,0.6461773768303682,0.6461773768303684,-1.2961635197077814
2,-0.6942367999636423,1.0791194836335287,-0.13951156840360382,-0.13951156840360396,-0.20786231987090445
2,-0.6942367999636423,-0.9325266046499108,-1.121622749946069,-1.1216227499460691,-0.9696731597567182
0,-0.6942367999636423,-0.5972522566026708,0.5807032980608705,0.5807032980608703,-1.0155858666248363
0,0.30445341640747736,0.49238937455085896,0.12238474667438687,0.122384746674387,-0.38301079421965145
1,1.0178035709582771,0.6600265485744788,-0.7287782773290828,-0.7287782773290833,0.7665073481080497
3,-0.6942367999636423,1.4563031251866738,0.056910667904889196,0.056910667904888974,-0.6210766816839687
1,1.4458136636887569,0.8276637225980988,0.7771255343693636,0.7771255343693638,-0.0021053742767447145
3,0.30445341640747736,1.0791194836335287,1.6937626371423309,1.6937626371423309,1.5232167761196282
3,-0.6942367999636423,-1.3097102462030557,-0.07403748963410614,-0.0740374896341065,-0.8540411572740504
2,0.5897934782277973,0.49238937455085896,-0.33593380471209683,-0.3359338047120969,-0.7843218616595004
1,-0.6942367999636423,-1.4354381267207705,-1.9073116951800408,-1.9073116951800413,-0.5054446792013005
1,-0.6942367999636423,0.199024320009524,-0.9252005136375758,-0.9252005136375762,0.9484577049557776
0,1.588483694598917,-0.13625002803771594,0.18785882544388455,0.18785882544388444,-1.5665383490422555
0,-0.6942367999636423,0.240933613515429,0.7771255343693636,0.7771255343693638,0.5301419312684779
2,0.30445341640747736,0.240933613515429,-1.7763635376410456,-1.7763635376410458,-1.670267057151708
0,-0.12355667632300252,0.11520573299771401,-0.7287782773290828,-0.7287782773290833,1.487506892999981
0,-0.6942367999636423,-1.4354381267207705,-1.1870968287155665,-1.1870968287155668,-1.503620935926686
1,-0.6942367999636423,-0.3038872020613359,-0.27045972594259915,-0.2704597259425994,-0.2010604373719235
2,1.303143632778597,0.9533916031158138,0.12238474667438687,0.122384746674387,1.040283118692014
0,-0.6942367999636423,-0.5972522566026708,0.4497551405218752,0.4497551405218754,-0.06672325801705913
3,0.16178338549731738,1.3724845381748638,1.0390218494473542,1.0390218494473542,-1.0819042209898961
3,0.7324635091379572,1.2048473641512438,0.7771255343693636,0.7771255343693638,-1.2451494009654278
2,-0.6942367999636423,-0.6391615501085758,-0.7287782773290828,-0.7287782773290833,0.3396892212970248
3,-0.6942367999636423,-0.13625002803771594,0.6461773768303682,0.6461773768303684,0.03190403821815758
3,-0.6942367999636423,-0.8067987241321958,1.890184873450824,1.8901848734508238,0.5913588737593021
0,-0.6942367999636423,-0.6810708436144808,-1.4489931437935573,-1.4489931437935575,-0.4374258542114953
0,0.7324635091379572,0.199024320009524,-1.1870968287155665,-1.1870968287155668,0.5420452256416938
2,-0.6942367999636423,0.157115026503619,0.38428106175237753,0.38428106175237736,-0.99347974850315
1,-0.6942367999636423,-0.42961508257905084,-1.4489931437935573,-1.4489931437935575,1.6881624267199054
0,2.3018338491497166,1.9173053537516287,-1.5144672225630549,-1.5144672225630553,0.6151654625057339
1,-0.6942367999636423,1.4982124186925787,-2.0382598527190363,-2.0382598527190368,1.5368205411175895
1,1.0178035709582771,1.5401217121984836,-0.7287782773290828,-0.7287782773290833,1.2426391230366836
0,-0.6942367999636423,-0.6810708436144808,-0.13951156840360382,-0.13951156840360396,0.8634341737185216
0,-0.6942367999636423,-1.4354381267207705,-0.9252005136375758,-0.9252005136375762,-0.8676449222720111
3,-0.40889673814332245,0.28284290702133397,-0.008563410864608474,-0.008563410864608476,0.6372715806274208
2,-0.12355667632300252,0.199024320009524,1.9556589522203216,1.9556589522203214,-0.02761243364792128
1,-0.6942367999636423,-1.0163451916617208,-0.4014078834815945,-0.4014078834815949,1.3429668898966456
3,0.7324635091379572,0.49238937455085896,1.0390218494473542,1.0390218494473542,-0.9628712772577379
3,0.5897934782277973,0.199024320009524,0.5807032980608705,0.5807032980608703,1.0725920605621715
1,1.588483694598917,-0.8487080176381008,-1.121622749946069,-1.1216227499460691,-1.445804934685352
2,-0.6942367999636423,-1.4354381267207705,0.31880698298287985,0.3188069829828799,-1.092107044738367
1,0.7324635091379572,1.9173053537516287,-1.121622749946069,-1.1216227499460691,1.5912356011094333
0,-0.6942367999636423,-0.9744358981558158,0.18785882544388455,0.18785882544388444,0.8209224080998936
2,-0.6942367999636423,-0.2619779085554309,0.9080736919083588,0.9080736919083586,0.4587221650291831
1,-0.6942367999636423,-1.4354381267207705,-1.5144672225630549,-1.5144672225630553,0.0404063913418833
3,-0.6942367999636423,-0.8487080176381008,1.3663922432948425,1.3663922432948425,0.2155548656906309
0,-0.6942367999636423,0.199024320009524,-0.27045972594259915,-0.2704597259425994,-0.19765949612243333
3,-0.6942367999636423,-1.3097102462030557,0.8425996131388612,0.8425996131388612,-0.12964067113262875
2,-0.6942367999636423,-0.13625002803771594,-0.4014078834815945,-0.4014078834815949,0.15943933507404162
3,-0.6942367999636423,-0.6810708436144808,0.31880698298287985,0.3188069829828799,-1.1244159866085242
0,1.4458136636887569,0.8276637225980988,0.7116514555998659,0.7116514555998658,-1.1720291641013874
3,-0.6942367999636423,-1.4354381267207705,1.7592367159118285,1.759236715911829,-2.0885828308390075
2,-0.6942367999636423,-1.0582544851676257,-0.9906745924070736,-0.9906745924070737,-1.7773967065106504
1,0.5897934782277973,0.618117255068574,-1.3180449862545618,-1.318044986254562,-0.2248670261183553
1,0.30445341640747736,-1.1001637786735308,-0.33593380471209683,-0.3359338047120969,0.3770995750414172
0,2.3018338491497166,-0.3457964955672409,0.38428106175237753,0.38428106175237736,-0.20276090799666888
1,-0.6942367999636423,-1.3097102462030557,-1.121622749946069,-1.1216227499460691,0.2495642781855332
1,0.5897934782277973,-0.42961508257905084,0.31880698298287985,0.3188069829828799,-1.4202978753141753
0,-0.2662267072331625,-0.13625002803771594,0.12238474667438687,0.122384746674387,-1.3964912865677435
1,-0.12355667632300252,0.8695730161040038,-0.5978301197900875,-0.5978301197900878,-1.049595279119739
1,-0.6942367999636423,-0.13625002803771594,-1.8418376164105432,-1.8418376164105437,0.293776514428906
0,-0.6942367999636423,-0.9744358981558158,1.0390218494473542,1.0390218494473542,0.7631064068585596
0,-0.2662267072331625,0.07329643949180903,-1.9727857739495385,-1.972785773949539,0.006396978846981009
2,-0.6942367999636423,-0.9744358981558158,0.7116514555998659,0.7116514555998658,-1.6362576446568053
0,-0.6942367999636423,0.576207961562669,-0.20498564717310147,-0.2049856471731014,0.42301228190953544
2,-0.6942367999636423,-1.1420730721794357,0.9735477706778566,0.9735477706778567,-1.7586915296384542
1,-0.6942367999636423,-0.6391615501085758,-0.20498564717310147,-0.2049856471731014,0.5335428725179681
1,-0.6942367999636423,-0.42961508257905084,-1.4489931437935573,-1.4489931437935575,-0.7707180966615391
2,-0.6942367999636423,-1.2258916591912457,0.9735477706778566,0.9735477706778567,-0.8829491578947171
1,-0.6942367999636423,1.1210287771394338,-0.4014078834815945,-0.4014078834815949,1.5538252473650402
2,0.7324635091379572,-1.0582544851676257,-0.008563410864608474,-0.008563410864608476,0.05401015633984458
2,-0.5515667690534823,-0.6391615501085758,1.1044959282168518,1.1044959282168523,0.8209224080998936
3,-0.2662267072331625,-0.3038872020613359,0.5807032980608705,0.5807032980608703,0.737599347487383
3,0.4471234473176373,-0.2619779085554309,1.300918164525345,1.3009181645253451,0.4519202825302028
1,-0.6942367999636423,0.7019358420803838,-0.07403748963410614,-0.0740374896341065,1.419488068010176
1,-0.6942367999636423,-0.5972522566026708,-0.4014078834815945,-0.4014078834815949,-1.7433872940157482
1,-0.6942367999636423,-0.3038872020613359,-0.07403748963410614,-0.0740374896341065,-1.3981917571924884
3,1.0178035709582771,-0.3457964955672409,1.497340400833838,1.497340400833838,0.29717745567839676
2,-0.12355667632300252,1.1629380706453387,2.3485034248373076,2.3485034248373085,0.7869129956049913
2,2.016493787329397,-0.9325266046499108,1.2354440857558473,1.235444085755847,-0.4000155004671029
1,-0.6942367999636423,0.36666149403314396,-0.9252005136375758,-0.9252005136375762,0.667880051872833
1,-0.6942367999636423,-0.47152437608495584,-0.27045972594259915,-0.2704597259425994,0.1067247457069431
2,-0.6942367999636423,-0.8067987241321958,0.9080736919083588,0.9080736919083586,0.3770995750414172
1,0.16178338549731738,-1.2258916591912457,-0.9252005136375758,-0.9252005136375762,0.20705251256690518
2,1.303143632778597,0.8276637225980988,0.9080736919083588,0.9080736919083586,-1.0819042209898961
1,0.30445341640747736,0.28284290702133397,-0.07403748963410614,-0.0740374896341065,-1.3284724615779389
1,0.5897934782277973,0.9114823096099088,-0.9906745924070736,-0.9906745924070737,0.9433562930815421
0,0.4471234473176373,1.0372101901276238,0.12238474667438687,0.122384746674387,0.10502427508219771
0,-0.6942367999636423,0.11520573299771401,-0.008563410864608474,-0.008563410864608476,0.35839439816922103
2,-0.6942367999636423,0.576207961562669,-0.7287782773290828,-0.7287782773290833,-0.35750373484847486
3,-0.6942367999636423,0.7019358420803838,0.6461773768303682,0.6461773768303684,-0.03441431614690222
1,-0.40889673814332245,-0.010522147520000953,-2.5620524828750177,-2.562052482875018,0.5454461668911839
0,0.7324635091379572,1.8334867667398187,-1.2525709074850642,-1.2525709074850646,1.1117028849313093
2,-0.12355667632300252,0.28284290702133397,-0.27045972594259915,-0.2704597259425994,0.39750522253835885
1,2.7298439418801967,2.2525797017988687,-0.7942523560985805,-0.7942523560985807,0.20365157131741501
0,0.7324635091379572,0.11520573299771401,0.056910667904889196,0.056910667904888974,0.7971158193534618
3,0.01911335458715743,-0.7229801371203858,-0.7287782773290828,-0.7287782773290833,-1.5444322309205691
2,-0.6942367999636423,-1.1839823656853408,0.5807032980608705,0.5807032980608703,-0.4323244423372604
0,1.0178035709582771,1.1210287771394338,-0.008563410864608474,-0.008563410864608476,1.1202052380550351
0,1.8738237564192368,0.7019358420803838,1.6937626371423309,1.6937626371423309,0.6491748750006368
3,0.30445341640747736,-1.4354381267207705,1.5628144796033356,1.5628144796033354,-0.5513573860694188
3,-0.6942367999636423,0.03138714598590404,2.479451582376303,2.4794515823763033,-1.0989089272373473
1,0.7324635091379572,0.45048008104495396,-2.103733931488534,-2.1037339314885344,-1.5308284659226081
1,1.4458136636887569,1.1210287771394338,-0.33593380471209683,-0.3359338047120969,-0.9356637472618159
0,1.0178035709582771,0.199024320009524,0.18785882544388455,0.18785882544388444,0.12542992257913932
3,1.0178035709582771,-0.9325266046499108,0.12238474667438687,0.122384746674387,0.9144482924608753
3,-0.6942367999636423,-1.1420730721794357,0.7771255343693636,0.7771255343693638,-1.0138853960000913
3,1.160473601868437,0.6600265485744788,1.890184873450824,1.8901848734508238,-0.2690792623617287
0,-0.6942367999636423,-1.2258916591912457,-0.9906745924070736,-0.9906745924070737,-0.5649611510673794
3,1.4458136636887569,0.9533916031158138,0.7771255343693636,0.7771255343693638,1.286851359280057
0,-0.6942367999636423,0.8276637225980988,-1.7763635376410456,-1.7763635376410458,1.2477405349109192
0,-0.6942367999636423,-0.5553429630967658,-0.7942523560985805,-0.7942523560985807,-1.4117955221904495
3,-0.6942367999636423,1.4982124186925787,2.872296054993289,2.872296054993289,0.8821393505907178
1,0.01911335458715743,1.0372101901276238,-1.056148671176571,-1.0561486711765713,-0.7214044485439308
0,-0.6942367999636423,0.240933613515429,-1.1870968287155665,-1.1870968287155668,-0.33709808735153324
1,-0.6942367999636423,2.2525797017988687,-0.20498564717310147,-0.2049856471731014,1.4466955980060978
2,-0.6942367999636423,-0.5972522566026708,1.0390218494473542,1.0390218494473542,-1.7229816465188066
1,0.16178338549731738,1.1629380706453387,-0.5978301197900875,-0.5978301197900878,2.5809095047110935
2,1.8738237564192368,-0.6810708436144808,0.38428106175237753,0.38428106175237736,0.9297525280835814
1,0.5897934782277973,-0.7229801371203858,-1.056148671176571,-1.0561486711765713,-1.1414206928559754
1,-0.2662267072331625,0.6600265485744788,-1.4489931437935573,-1.4489931437935575,-0.11433643550992269
2,-0.6942367999636423,-0.09434073453181094,0.6461773768303682,0.6461773768303684,-0.7418100960408723
0,-0.6942367999636423,-0.010522147520000953,-0.13951156840360382,-0.13951156840360396,0.2954769850536514
0,-0.6942367999636423,-0.7229801371203858,-0.008563410864608474,-0.008563410864608476,-0.07352514051603946
2,0.01911335458715743,-0.1781593215436209,-0.9252005136375758,-0.9252005136375762,-0.7197039779191854
2,-0.6942367999636423,-0.7229801371203858,2.086607109759317,2.0866071097593175,-1.347177638450135
0,-0.12355667632300252,-0.09434073453181094,0.7116514555998659,0.7116514555998658,0.273370866931965
2,-0.6942367999636423,-1.3516195397089608,1.4318663220643402,1.4318663220643406,-0.8489397453998148
3,0.01911335458715743,-0.38770578907314585,0.7771255343693636,0.7771255343693638,0.2172553363153757
3,-0.6942367999636423,-0.8906173111440058,-0.9906745924070736,-0.9906745924070737,0.870236056217502
2,0.7324635091379572,1.0791194836335287,0.056910667904889196,0.056910667904888974,0.4774273419013793
2,0.8751335400481172,0.07329643949180903,-1.710889458871548,-1.7108894588715482,-0.7043997422964793
3,1.0178035709582771,0.45048008104495396,1.2354440857558473,1.235444085755847,-1.6175524677846091
2,-0.40889673814332245,1.5401217121984836,0.12238474667438687,0.122384746674387,2.46017609035419
0,0.7324635091379572,0.45048008104495396,0.18785882544388455,0.18785882544388444,0.016599802595451515
3,-0.40889673814332245,-1.0582544851676257,0.7771255343693636,0.7771255343693638,0.5301419312684779
1,-0.6942367999636423,0.40857078753904896,-1.2525709074850642,-1.2525709074850646,-0.15684820112855072
0,-0.6942367999636423,0.7019358420803838,-0.8597264348680782,-0.8597264348680784,0.6015616975077732
1,-0.6942367999636423,0.7019358420803838,-0.20498564717310147,-0.2049856471731014,0.922950645584601
2,-0.6942367999636423,-1.0163451916617208,1.497340400833838,1.497340400833838,0.030203567593412792
1,-0.5515667690534823,-1.4354381267207705,-0.6633041985595851,-0.6633041985595852,-0.4595319723331823
2,-0.6942367999636423,-0.7648894306262908,-0.4014078834815945,-0.4014078834815949,1.2103301811665261
2,-0.12355667632300252,-0.3038872020613359,0.7116514555998659,0.7116514555998658,0.43661604690749667
0,-0.6942367999636423,-0.42961508257905084,-1.121622749946069,-1.1216227499460691,0.5794555793860868
3,-0.6942367999636423,-0.8067987241321958,1.5628144796033356,1.5628144796033354,-1.4356021109368813
2,-0.12355667632300252,-0.052431441025905946,-0.7942523560985805,-0.7942523560985807,0.05911156821407953
1,1.160473601868437,1.5820310057043887,-0.5978301197900875,-0.5978301197900878,2.4465723253562293
0,-0.2662267072331625,1.6239402992102936,-0.5323560410205899,-0.5323560410205898,-0.5037442085765551
2,0.7324635091379572,0.40857078753904896,0.8425996131388612,0.8425996131388612,0.37539910441667185
3,-0.6942367999636423,-1.3516195397089608,0.5152292192913729,0.5152292192913729,-0.1364425536316091
1,-0.2662267072331625,-0.09434073453181094,-0.5323560410205899,-0.5323560410205898,-1.104010339111583
3,-0.6942367999636423,-0.9744358981558158,0.9735477706778566,0.9735477706778567,-0.6193762110592232
1,-0.6942367999636423,1.0372101901276238,-0.9252005136375758,-0.9252005136375762,1.8122967823262992
1,-0.6942367999636423,-1.1420730721794357,0.056910667904889196,0.056910667904888974,0.618566403755224
3,-0.6942367999636423,1.4563031251866738,1.0390218494473542,1.0390218494473542,0.1696421588225127
3,1.303143632778597,1.5820310057043887,1.0390218494473542,1.0390218494473542,1.7850892523303772
3,-0.6942367999636423,-1.4354381267207705,0.12238474667438687,0.122384746674387,-0.5462559741951831
2,0.4471234473176373,-0.2200686150495259,0.9735477706778566,0.9735477706778567,-0.18745667237396282
0,-0.6942367999636423,-0.5972522566026708,-0.9906745924070736,-0.9906745924070737,1.2562428880346441
1,0.7324635091379572,-0.09434073453181094,-0.20498564717310147,-0.2049856471731014,-1.0376919847465231
3,-0.6942367999636423,-1.4354381267207705,1.0390218494473542,1.0390218494473542,-0.21976561424412033
1,1.7311537255090768,0.7857544290921938,0.18785882544388455,0.18785882544388444,-1.3556799915738604
2,-0.6942367999636423,-1.2678009526971508,0.9735477706778566,0.9735477706778567,-1.6311562327825702
1,-0.6942367999636423,0.07329643949180903,-1.056148671176571,-1.0561486711765713,-1.6889722340239042
1,-0.6942367999636423,-1.4354381267207705,-1.6454153801020501,-1.6454153801020504,-1.7875995302591212
1,1.588483694598917,0.32475220052723897,-0.5978301197900875,-0.5978301197900878,1.1814221805458593
3,-0.6942367999636423,0.45048008104495396,1.2354440857558473,1.235444085755847,-0.24017126174106135
0,-0.6942367999636423,-1.4354381267207705,-2.0382598527190363,-2.0382598527190368,0.645773933751146
2,-0.6942367999636423,-1.3097102462030557,0.12238474667438687,0.122384746674387,-0.5870672691890664
0,-0.6942367999636423,-1.1839823656853408,0.38428106175237753,0.38428106175237736,-0.7996260972822065
2,-0.6942367999636423,-1.3935288332148656,1.890184873450824,1.8901848734508238,-0.9475670416350318
0,1.7311537255090768,-0.010522147520000953,1.300918164525345,1.3009181645253451,-1.542731760295824
1,1.8738237564192368,0.9953008966217188,-0.5323560410205899,-0.5323560410205898,1.4092852442617054
1,-0.6942367999636423,-0.9744358981558158,-1.2525709074850642,-1.2525709074850646,0.06421298008831508
1,-0.6942367999636423,-1.3516195397089608,-0.8597264348680782,-0.8597264348680784,-0.7843218616595004
3,-0.6942367999636423,-1.4354381267207705,-0.46688196225109213,-0.46688196225109235,-0.7009988010469892
1,1.4458136636887569,-0.6391615501085758,0.056910667904889196,0.056910667904888974,0.8940426449639337
0,-0.6942367999636423,-0.5972522566026708,0.056910667904889196,0.056910667904888974,0.9416558224567972
0,-0.6942367999636423,-0.8487080176381008,0.12238474667438687,0.122384746674387,0.555648990639655
2,-0.6942367999636423,-0.9744358981558158,-0.33593380471209683,-0.3359338047120969,-1.442403993435862
1,0.16178338549731738,1.2886659511630538,-1.056148671176571,-1.0561486711765713,0.5879579325098119
3,-0.2662267072331625,1.6239402992102936,0.5152292192913729,0.5152292192913729,0.8617337030937768
2,-0.6942367999636423,-0.5972522566026708,0.18785882544388455,0.18785882544388444,0.016599802595451515
0,-0.6942367999636423,-0.42961508257905084,-1.056148671176571,-1.0561486711765713,-1.7076774108961006
1,0.01911335458715743,0.9953008966217188,-0.8597264348680782,-0.8597264348680784,1.6830610148456697
2,-0.6942367999636423,-1.2258916591912457,-0.5978301197900875,-0.5978301197900878,-0.14834584800482498
3,-0.6942367999636423,-0.9744358981558158,0.7116514555998659,0.7116514555998658,-0.15514773050380531
1,-0.6942367999636423,0.28284290702133397,-0.7942523560985805,-0.7942523560985807,-0.3115910279803567
3,1.8738237564192368,-0.13625002803771594,1.1044959282168518,1.1044959282168523,-1.2417484597159374
3,-0.6942367999636423,-0.8906173111440058,0.4497551405218752,0.4497551405218754,-1.476413405930764
0,-0.6942367999636423,-0.7648894306262908,-0.13951156840360382,-0.13951156840360396,1.5436224236165699
3,0.01911335458715743,0.49238937455085896,1.7592367159118285,1.759236715911829,-0.9713736303814633
2,0.16178338549731738,0.7019358420803838,-1.4489931437935573,-1.4489931437935575,-0.05652043426858862
0,-0.6942367999636423,-0.2200686150495259,0.18785882544388455,0.18785882544388444,-0.00890725677572505
2,1.0178035709582771,0.9953008966217188,-0.008563410864608474,-0.008563410864608476,-0.41361926546506356
3,1.8738237564192368,-1.3097102462030557,0.7116514555998659,0.7116514555998658,-0.7724185672862846
1,-0.6942367999636423,-0.9325266046499108,-0.9906745924070736,-0.9906745924070737,-1.712778822770336
1,0.16178338549731738,1.2467566576571487,0.2533329042133822,0.2533329042133819,0.5284414606437331
1,-0.6942367999636423,2.2106704082929634,-0.8597264348680782,-0.8597264348680784,-0.7673171554120489
1,1.7311537255090768,0.157115026503619,-1.2525709074850642,-1.2525709074850646,-0.7486119785398527
1,0.01911335458715743,-0.09434073453181094,-0.9252005136375758,-0.9252005136375762,0.13393227570286506
3,-0.6942367999636423,-0.8067987241321958,0.18785882544388455,0.18785882544388444,0.14413509945133554
2,-0.6942367999636423,0.9114823096099088,0.056910667904889196,0.056910667904888974,-0.11603690613466748
3,-0.6942367999636423,-1.2258916591912457,0.5152292192913729,0.5152292192913729,-0.5955696223127915
3,-0.6942367999636423,-1.1839823656853408,0.9080736919083588,0.9080736919083586,-0.5139470323250263
1,-0.5515667690534823,2.8393098108815384,-0.5323560410205899,-0.5323560410205898,-1.3267719909531934
3,-0.6942367999636423,-0.2200686150495259,0.6461773768303682,0.6461773768303684,0.36349581004345594
3,-0.40889673814332245,-0.5972522566026708,0.7116514555998659,0.7116514555998658,1.4398937155071176
2,-0.6942367999636423,-0.6391615501085758,-0.7287782773290828,-0.7287782773290833,-1.0751023384909157
1,-0.6942367999636423,-0.6810708436144808,-1.2525709074850642,-1.2525709074850646,-1.2961635197077814
0,1.160473601868437,2.1268518212811536,0.056910667904889196,0.056910667904888974,0.4893306362745952
2,1.0178035709582771,2.0011239407634385,-0.008563410864608474,-0.008563410864608476,1.4381932448823722
3,-0.2662267072331625,-0.47152437608495584,0.31880698298287985,0.3188069829828799,-1.529127995297863
3,-0.6942367999636423,-1.4354381267207705,1.0390218494473542,1.0390218494473542,-0.6278785641829491
2,-0.6942367999636423,0.11520573299771401,-1.5799413013325525,-1.579941301332553,0.10332380445745293
1,-0.6942367999636423,0.28284290702133397,-0.7287782773290828,-0.7287782773290833,-0.06332231676756896
1,-0.6942367999636423,-0.010522147520000953,-0.13951156840360382,-0.13951156840360396,-0.5309517385724771
0,2.016493787329397,-0.8487080176381008,-0.13951156840360382,-0.13951156840360396,1.1933254749190751
0,-0.6942367999636423,-1.1420730721794357,-0.27045972594259915,-0.2704597259425994,-1.7858990596343762
3,-0.6942367999636423,-1.4354381267207705,0.7771255343693636,0.7771255343693638,-0.7452110372903625
0,1.303143632778597,-1.0582544851676257,-1.2525709074850642,-1.2525709074850646,-0.25887643861325815
2,1.160473601868437,-0.5553429630967658,1.0390218494473542,1.0390218494473542,0.555648990639655
3,0.16178338549731738,1.3724845381748638,-0.6633041985595851,-0.6633041985595852,0.04720827384086364
1,-0.6942367999636423,-0.1781593215436209,-1.710889458871548,-1.7108894588715482,-0.21976561424412033
2,1.7311537255090768,-0.052431441025905946,0.18785882544388455,0.18785882544388444,-1.641359056531041
0,-0.6942367999636423,-1.3097102462030557,-0.13951156840360382,-0.13951156840360396,0.06761392133780525
1,-0.6942367999636423,-0.8906173111440058,-0.27045972594259915,-0.2704597259425994,-0.275881144860709
2,-0.5515667690534823,0.576207961562669,-0.008563410864608474,-0.008563410864608476,-0.18745667237396282
0,0.16178338549731738,2.1687611147870585,0.5807032980608705,0.5807032980608703,1.5385210117423342
0,-0.6942367999636423,0.32475220052723897,-2.103733931488534,-2.1037339314885344,1.4705021867525296
0,-0.6942367999636423,-0.5972522566026708,0.056910667904889196,0.056910667904888974,-0.3251947929783174
0,-0.6942367999636423,-0.47152437608495584,1.0390218494473542,1.0390218494473542,0.11012568695643327
1,0.5897934782277973,0.28284290702133397,-0.9906745924070736,-0.9906745924070737,-1.175430105350878
0,0.5897934782277973,0.199024320009524,-0.27045972594259915,-0.2704597259425994,0.15263745257506128
2,-0.6942367999636423,-1.2678009526971508,0.12238474667438687,0.122384746674387,-0.33879855797627867
0,-0.2662267072331625,1.9173053537516287,0.18785882544388455,0.18785882544388444,-0.036114786771647006
0,1.160473601868437,-0.13625002803771594,-0.5978301197900875,-0.5978301197900878,1.280049476781076
1,-0.5515667690534823,0.7857544290921938,-0.9906745924070736,-0.9906745924070737,0.9110473512113851
2,1.0178035709582771,-0.7229801371203858,0.9080736919083588,0.9080736919083586,1.2613442999088798
2,-0.6942367999636423,-1.0163451916617208,-1.1870968287155665,-1.1870968287155668,1.6881624267199054
3,-0.40889673814332245,-1.4354381267207705,0.5152292192913729,0.5152292192913729,-1.233246106592212
1,-0.6942367999636423,0.8695730161040038,-0.9906745924070736,-0.9906745924070737,0.7324979356131474
3,-0.6942367999636423,1.1210287771394338,1.300918164525345,1.3009181645253451,-1.0376919847465231
1,0.30445341640747736,0.36666149403314396,-0.6633041985595851,-0.6633041985595852,-1.1023098684868378
0,1.8738237564192368,-0.2619779085554309,-0.9252005136375758,-0.9252005136375762,1.6337473667280613
1,0.30445341640747736,-0.010522147520000953,-1.4489931437935573,-1.4489931437935575,-1.654962821529002
1,-0.6942367999636423,0.199024320009524,-2.49657840410552,-2.4965784041055206,0.7478021712358535
0,-0.12355667632300252,1.2886659511630538,0.18785882544388455,0.18785882544388444,0.06591345071305986
1,-0.6942367999636423,-0.3038872020613359,-1.1870968287155665,-1.1870968287155668,0.837927114347345
3,1.588483694598917,1.1629380706453387,0.7116514555998659,0.7116514555998658,1.75618125170971
3,-0.6942367999636423,-1.4354381267207705,1.5628144796033356,1.5628144796033354,-1.542731760295824
1,-0.6942367999636423,-0.6810708436144808,-0.5978301197900875,-0.5978301197900878,-1.0887061034888768
1,-0.6942367999636423,-0.9325266046499108,-1.3835190650240596,-1.3835190650240599,-1.262154107212879
3,-0.6942367999636423,-0.7648894306262908,-1.6454153801020501,-1.6454153801020504,1.2358372405377032
3,1.0178035709582771,-1.1420730721794357,-0.33593380471209683,-0.3359338047120969,-1.0444938672455035
3,0.30445341640747736,-0.09434073453181094,1.890184873450824,1.8901848734508238,0.5811560500108316
2,-0.6942367999636423,-1.4354381267207705,0.12238474667438687,0.122384746674387,-1.8148070602550432
1,-0.6942367999636423,-1.4354381267207705,-0.33593380471209683,-0.3359338047120969,0.5080358131467915
1,0.7324635091379572,0.40857078753904896,-0.07403748963410614,-0.0740374896341065,-0.35750373484847486
2,-0.6942367999636423,0.534298668056764,0.38428106175237753,0.38428106175237736,-0.9407651591360512
0,-0.12355667632300252,0.40857078753904896,-0.5323560410205899,-0.5323560410205898,-1.2264442240932314
0,1.588483694598917,0.8695730161040038,-0.33593380471209683,-0.3359338047120969,2.6523292709503887
0,1.4458136636887569,0.157115026503619,0.8425996131388612,0.8425996131388612,0.5641513437633807
2,1.4458136636887569,0.9953008966217188,0.2533329042133822,0.2533329042133819,1.6796600735961795
1,1.0178035709582771,-0.42961508257905084,-0.7287782773290828,-0.7287782773290833,-1.7382858821415126
2,-0.6942367999636423,-0.9325266046499108,-0.27045972594259915,-0.2704597259425994,-0.09903219988721663
0,-0.2662267072331625,-0.1781593215436209,-0.008563410864608474,-0.008563410864608476,-0.07352514051603946
3,-0.6942367999636423,-0.42961508257905084,0.18785882544388455,0.18785882544388444,-0.6363809173066748
0,-0.6942367999636423,-0.9325266046499108,-1.3835190650240596,-1.3835190650240599,-1.234946577216957
1,-0.6942367999636423,-0.052431441025905946,-0.13951156840360382,-0.13951156840360396,1.1151038261807995
2,-0.6942367999636423,-0.09434073453181094,0.6461773768303682,0.6461773768303684,-1.2961635197077814
0,-0.6942367999636423,0.11520573299771401,-0.7287782773290828,-0.7287782773290833,0.8787384093412277
1,-0.6942367999636423,-1.2678009526971508,-0.13951156840360382,-0.13951156840360396,-1.952545180859398
0,0.16178338549731738,1.1629380706453387,-0.20498564717310147,-0.2049856471731014,2.234013497263089
2,-0.6942367999636423,-0.8067987241321958,-0.46688196225109213,-0.46688196225109235,-0.15004631862957038
0,1.303143632778597,0.28284290702133397,-0.27045972594259915,-0.2704597259425994,0.6236678156294596
0,-0.6942367999636423,-0.5972522566026708,-1.5799413013325525,-1.579941301332553,0.7716087599822853
2,-0.2662267072331625,0.199024320009524,1.0390218494473542,1.0390218494473542,1.2477405349109192
2,-0.6942367999636423,2.1268518212811536,0.5807032980608705,0.5807032980608703,0.25296521943502337
2,-0.5515667690534823,0.45048008104495396,0.2533329042133822,0.2533329042133819,1.0334812361930337
2,0.16178338549731738,-0.8067987241321958,0.056910667904889196,0.056910667904888974,-1.6821703515249236
3,1.0178035709582771,0.199024320009524,2.086607109759317,2.0866071097593175,-0.23166890861733622
0,-0.6942367999636423,0.49238937455085896,-0.7287782773290828,-0.7287782773290833,1.164417474298408
0,-0.5515667690534823,-0.38770578907314585,-1.1870968287155665,-1.1870968287155668,-0.3473009111000044
3,0.7324635091379572,0.7438451355862888,0.2533329042133822,0.2533329042133819,-0.6363809173066748
3,-0.12355667632300252,0.7857544290921938,1.1699700069863497,1.1699700069863497,0.06761392133780525
0,-0.6942367999636423,0.32475220052723897,0.4497551405218752,0.4497551405218754,-0.2911853804834151
2,-0.6942367999636423,-0.09434073453181094,0.2533329042133822,0.2533329042133819,0.49613251877357556
0,-0.6942367999636423,0.45048008104495396,-0.7942523560985805,-0.7942523560985807,0.48422922440035965
3,-0.6942367999636423,-0.13625002803771594,-0.008563410864608474,-0.008563410864608476,-0.2554754973637674
1,-0.6942367999636423,-1.2678009526971508,0.31880698298287985,0.3188069829828799,-1.5206256421741373
3,-0.2662267072331625,-0.5972522566026708,1.4318663220643402,1.4318663220643406,-1.4083945809409593
1,-0.6942367999636423,1.2886659511630538,-0.4014078834815945,-0.4014078834815949,0.9365544105825617
2,0.5897934782277973,-0.7229801371203858,0.5807032980608705,0.5807032980608703,-1.5903449377886874
0,1.0178035709582771,-1.2258916591912457,-0.20498564717310147,-0.2049856471731014,-0.9271613941380902
3,1.160473601868437,1.8334867667398187,-0.13951156840360382,-0.13951156840360396,-1.319970108454213
1,-0.6942367999636423,-1.2258916591912457,-1.5144672225630549,-1.5144672225630553,0.2172553363153757
1,-0.6942367999636423,0.7019358420803838,-1.3835190650240596,-1.3835190650240599,0.7563045243595792
3,-0.2662267072331625,-0.6391615501085758,0.7771255343693636,0.7771255343693638,-1.7076774108961006
1,-0.12355667632300252,-0.5553429630967658,-0.9252005136375758,-0.9252005136375762,0.3770995750414172
0,0.16178338549731738,0.240933613515429,-0.5978301197900875,-0.5978301197900878,1.557226188614531
0,1.0178035709582771,0.157115026503619,0.12238474667438687,0.122384746674387,0.12032851070490377
1,0.01911335458715743,-0.1781593215436209,-1.6454153801020501,-1.6454153801020504,-0.17555337800074694
3,-0.12355667632300252,1.1629380706453387,0.7116514555998659,0.7116514555998658,-0.7673171554120489
3,-0.6942367999636423,-0.7229801371203858,1.1699700069863497,1.1699700069863497,0.3464911037960051
1,0.16178338549731738,1.1629380706453387,0.5152292192913729,0.5152292192913729,0.45021981190545735
3,0.16178338549731738,-0.13625002803771594,1.0390218494473542,1.0390218494473542,0.41961134066004524
1,0.30445341640747736,2.0011239407634385,-0.6633041985595851,-0.6633041985595852,1.116804296805545
3,0.4471234473176373,0.32475220052723897,1.497340400833838,1.497340400833838,0.32268451504957335
3,-0.12355667632300252,0.576207961562669,-0.07403748963410614,-0.0740374896341065,-0.5513573860694188
2,-0.6942367999636423,-0.2200686150495259,0.056910667904889196,0.056910667904888974,1.1661179449231533
3,0.8751335400481172,-0.13625002803771594,-0.6633041985595851,-0.6633041985595852,-1.3369748147016642
3,-0.6942367999636423,-1.4354381267207705,1.4318663220643402,1.4318663220643406,-0.8659444516472656
2,-0.2662267072331625,1.4982124186925787,0.056910667904889196,0.056910667904888974,1.2154315930407615
0,-0.40889673814332245,0.9114823096099088,-0.5978301197900875,-0.5978301197900878,2.1098791416566947
2,-0.6942367999636423,-0.7648894306262908,-0.46688196225109213,-0.46688196225109235,-0.12623972988313859
3,-0.12355667632300252,-0.7229801371203858,1.6937626371423309,1.6937626371423309,-0.09733172926247124
3,-0.6942367999636423,-0.8067987241321958,0.9735477706778566,0.9735477706778567,-0.35920420547322024
3,-0.5515667690534823,1.2886659511630538,2.0211330309898194,2.02113303098982,-0.8557416278987952
3,1.303143632778597,-0.5553429630967658,0.4497551405218752,0.4497551405218754,0.2563661606845135
3,-0.6942367999636423,-1.0582544851676257,-0.13951156840360382,-0.13951156840360396,-0.9832769247546792
0,-0.6942367999636423,1.0791194836335287,-0.46688196225109213,-0.46688196225109235,-0.49354138482808463
1,1.0178035709582771,0.9953008966217188,-0.27045972594259915,-0.2704597259425994,2.4312680897335226
2,-0.6942367999636423,-1.1420730721794357,0.31880698298287985,0.3188069829828799,-0.47143526670639824
2,-0.6942367999636423,-0.9325266046499108,0.056910667904889196,0.056910667904888974,0.47062545940239897
0,3.443194096430996,0.157115026503619,-0.20498564717310147,-0.2049856471731014,-0.5173479735745165
2,0.5897934782277973,-0.052431441025905946,-0.46688196225109213,-0.46688196225109235,-1.0529962203692291
2,-0.6942367999636423,0.11520573299771401,-0.5323560410205899,-0.5323560410205898,0.0948214513337272
3,-0.6942367999636423,-0.8067987241321958,0.38428106175237753,0.38428106175237736,-0.9815764541299341
3,2.016493787329397,0.32475220052723897,-0.20498564717310147,-0.2049856471731014,-0.41361926546506356
2,0.01911335458715743,-0.09434073453181094,2.6103997399152985,2.610399739915298,1.0487854718157397
2,-0.6942367999636423,-0.8067987241321958,-0.6633041985595851,-0.6633041985595852,-0.05311949301909845
0,-0.12355667632300252,-0.6810708436144808,0.7116514555998659,0.7116514555998658,0.33288733879804383
3,-0.6942367999636423,-1.4354381267207705,1.497340400833838,1.497340400833838,-1.641359056531041
1,-0.6942367999636423,1.8753960602457236,-1.056148671176571,-1.0561486711765713,1.116804296805545
0,-0.6942367999636423,-0.7648894306262908,-0.4014078834815945,-0.4014078834815949,1.12190570867978
2,0.01911335458715743,0.45048008104495396,-0.33593380471209683,-0.3359338047120969,0.20025063006792485
3,-0.5515667690534823,-0.3038872020613359,-0.7942523560985805,-0.7942523560985807,-0.017409609899450774
3,-0.6942367999636423,-0.7229801371203858,2.1520811885288147,2.1520811885288147,-0.2996877336071408
3,-0.6942367999636423,-0.9325266046499108,1.4318663220643402,1.4318663220643406,0.667880051872833
2,-0.6942367999636423,-0.9325266046499108,1.0390218494473542,1.0390218494473542,-1.3420762265758994
3,-0.2662267072331625,0.07329643949180903,0.5807032980608705,0.5807032980608703,1.6252450136043357
1,-0.6942367999636423,-0.9744358981558158,-1.710889458871548,-1.7108894588715482,0.800516760602952
2,3.443194096430996,-0.7648894306262908,-0.008563410864608474,-0.008563410864608476,-0.5904682104385566
0,0.7324635091379572,0.49238937455085896,-0.33593380471209683,-0.3359338047120969,0.4774273419013793
1,-0.12355667632300252,0.576207961562669,-0.008563410864608474,-0.008563410864608476,-1.0665999853671901
0,0.16178338549731738,0.157115026503619,-0.008563410864608474,-0.008563410864608476,-0.6091733873107528
2,-0.6942367999636423,0.07329643949180903,-0.07403748963410614,-0.0740374896341065,0.3124816913011028
3,-0.6942367999636423,1.5820310057043887,1.7592367159118285,1.759236715911829,1.164417474298408
3,0.01911335458715743,-0.38770578907314585,2.2175552672983123,2.2175552672983123,0.8158209962256581
3,-0.6942367999636423,-0.9325266046499108,0.5152292192913729,0.5152292192913729,0.43661604690749667
1,2.3018338491497166,-0.010522147520000953,-0.4014078834815945,-0.4014078834815949,-0.23506984986682639
2,1.588483694598917,-0.13625002803771594,-0.6633041985595851,-0.6633041985595852,-0.029312904272666668
0,0.4471234473176373,0.03138714598590404,0.056910667904889196,0.056910667904888974,0.38390145754039756
2,1.588483694598917,0.32475220052723897,0.12238474667438687,0.122384746674387,0.5267409900189877
0,2.7298439418801967,2.2525797017988687,0.12238474667438687,0.122384746674387,0.023401685094431853
0,-0.6942367999636423,2.5040354628342985,0.2533329042133822,0.2533329042133819,1.1423113561767215
2,0.16178338549731738,0.11520573299771401,0.8425996131388612,0.8425996131388612,0.8515308793453057
2,-0.6942367999636423,-1.4354381267207705,-0.5978301197900875,-0.5978301197900878,0.0183002732201969
1,0.30445341640747736,1.2886659511630538,-0.5978301197900875,-0.5978301197900878,0.42131181128479
3,1.588483694598917,-0.010522147520000953,0.8425996131388612,0.8425996131388612,-0.4646333842074173
2,1.303143632778597,0.32475220052723897,-0.33593380471209683,-0.3359338047120969,-0.039515728021137175
0,-0.6942367999636423,-1.1420730721794357,-0.07403748963410614,-0.0740374896341065,0.09312098070898182
1,0.16178338549731738,0.8695730161040038,-1.710889458871548,-1.7108894588715482,1.9381316085574378
0,-0.6942367999636423,0.9533916031158138,0.2533329042133822,0.2533329042133819,1.349768772395626
3,-0.6942367999636423,1.6239402992102936,1.2354440857558473,1.235444085755847,0.5097362837715368
3,-0.6942367999636423,0.576207961562669,0.9080736919083588,0.9080736919083586,-0.017409609899450774
1,0.16178338549731738,-0.8487080176381008,-1.2525709074850642,-1.2525709074850646,-1.0887061034888768
1,0.4471234473176373,-0.3457964955672409,-0.20498564717310147,-0.2049856471731014,0.5199391075200074
2,-0.12355667632300252,1.2467566576571487,0.12238474667438687,0.122384746674387,-0.6601875060531065
1,-0.6942367999636423,-1.1420730721794357,-0.7942523560985805,-0.7942523560985807,-0.38301079421965145
0,-0.6942367999636423,-0.8067987241321958,0.4497551405218752,0.4497551405218754,-0.21976561424412033
0,-0.6942367999636423,-0.9744358981558158,-0.46688196225109213,-0.46688196225109235,-0.42212161858878927
2,-0.6942367999636423,-1.3097102462030557,-1.6454153801020501,-1.6454153801020504,-1.8947291796180636
1,-0.6942367999636423,-0.8906173111440058,-1.121622749946069,-1.1216227499460691,-0.3336971461020431
3,-0.6942367999636423,-0.38770578907314585,0.6461773768303682,0.6461773768303684,-1.1414206928559754
2,-0.6942367999636423,0.7019358420803838,-1.5144672225630549,-1.5144672225630553,0.05230968571509919
0,-0.2662267072331625,-1.3516195397089608,-0.07403748963410614,-0.0740374896341065,-1.217941870969506
2,-0.2662267072331625,0.9533916031158138,-0.4014078834815945,-0.4014078834815949,-0.6278785641829491
2,0.5897934782277973,-0.42961508257905084,1.8247107946813264,1.8247107946813264,0.05911156821407953
1,-0.40889673814332245,0.8695730161040038,-1.4489931437935573,-1.4489931437935575,1.0589882955642103
1,2.3018338491497166,0.6600265485744788,-1.3180449862545618,-1.318044986254562,-0.2571759679885128
1,-0.6942367999636423,0.9114823096099088,0.18785882544388455,0.18785882544388444,-0.6890955066737733
0,-0.6942367999636423,-1.1420730721794357,-2.103733931488534,-2.1037339314885344,-0.1364425536316091
0,-0.6942367999636423,0.7019358420803838,-0.13951156840360382,-0.13951156840360396,1.3701744198925676
3,-0.6942367999636423,0.6600265485744788,2.28302934606781,2.2830293460678095,-0.20616184924615905
3,-0.6942367999636423,1.4143938316807687,0.4497551405218752,0.4497551405218754,1.6541530142250025
3,0.30445341640747736,1.7077588862221036,0.6461773768303682,0.6461773768303684,-0.4323244423372604
2,-0.6942367999636423,-1.3516195397089608,-0.46688196225109213,-0.46688196225109235,-0.45273008983420143
3,-0.6942367999636423,0.199024320009524,0.7771255343693636,0.7771255343693638,-0.34900138172474915
3,-0.12355667632300252,1.4982124186925787,0.4497551405218752,0.4497551405218754,1.7918911348293576
1,0.01911335458715743,1.6658495927161987,0.9080736919083588,0.9080736919083586,1.2681461824078601
3,-0.6942367999636423,1.3724845381748638,2.5449256611458004,2.5449256611458004,0.9790661762011897
0,0.01911335458715743,-1.4354381267207705,-0.33593380471209683,-0.3359338047120969,-0.40511691234133845
3,-0.40889673814332245,0.9114823096099088,0.31880698298287985,0.3188069829828799,1.1457122974262117
0,-0.2662267072331625,1.4563031251866738,-0.33593380471209683,-0.3359338047120969,-0.4765366785806332
0,-0.6942367999636423,-1.0582544851676257,-1.3180449862545618,-1.318044986254562,-0.30478914548137637
3,-0.6942367999636423,0.32475220052723897,0.7116514555998659,0.7116514555998658,-1.217941870969506
1,2.016493787329397,0.6600265485744788,-1.2525709074850642,-1.2525709074850646,0.9722642937022095
2,-0.6942367999636423,1.4563031251866738,0.5152292192913729,0.5152292192913729,0.506335342522046
0,-0.40889673814332245,2.3363982888106785,0.9080736919083588,0.9080736919083586,1.4041838323874698
3,0.5897934782277973,0.28284290702133397,0.5152292192913729,0.5152292192913729,0.09822239258321737
1,-0.6942367999636423,0.28284290702133397,-1.056148671176571,-1.0561486711765713,0.43151463503326115
2,-0.6942367999636423,-1.2258916591912457,0.8425996131388612,0.8425996131388612,-0.190857613623453
0,-0.6942367999636423,-0.3457964955672409,0.5152292192913729,0.5152292192913729,0.4026066344125938
1,0.16178338549731738,0.32475220052723897,-0.5323560410205899,-0.5323560410205898,-1.389689404068763
1,-0.6942367999636423,-0.3038872020613359,-0.46688196225109213,-0.46688196225109235,-1.6651656452774726
2,0.4471234473176373,2.7554912238697282,1.0390218494473542,1.0390218494473542,0.3958047519136135
0,0.7324635091379572,-0.2619779085554309,-0.5978301197900875,-0.5978301197900878,0.49273157752408536
1,-0.6942367999636423,-0.09434073453181094,-0.46688196225109213,-0.46688196225109235,1.1576155917994275
1,-0.6942367999636423,-1.1001637786735308,-0.9906745924070736,-0.9906745924070737,-0.17385290737600215
1,1.0178035709582771,2.7135819303638233,-1.710889458871548,-1.7108894588715482,1.572530424237237
0,-0.6942367999636423,-1.1420730721794357,-0.13951156840360382,-0.13951156840360396,-0.8506402160245596
1,-0.6942367999636423,-0.7648894306262908,-0.7942523560985805,-0.7942523560985807,-0.00040490365199932803
1,0.16178338549731738,0.8695730161040038,-2.431104325336022,-2.4311043253360225,2.001049021673007
0,0.7324635091379572,0.199024320009524,0.9735477706778566,0.9735477706778567,1.3361650073976654
3,-0.2662267072331625,0.8695730161040038,1.2354440857558473,1.235444085755847,-0.09393078801298108
0,-0.12355667632300252,-0.5553429630967658,0.4497551405218752,0.4497551405218754,0.273370866931965
3,-0.6942367999636423,-0.052431441025905946,0.6461773768303682,0.6461773768303684,-0.9628712772577379
0,0.5897934782277973,1.4982124186925787,0.12238474667438687,0.122384746674387,1.4381932448823722
2,0.4471234473176373,-0.13625002803771594,2.413977503606805,2.4139775036068056,0.21045345381639535
0,0.30445341640747736,1.8334867667398187,-1.1870968287155665,-1.1870968287155668,1.4534974805050782
2,2.016493787329397,0.6600265485744788,0.12238474667438687,0.122384746674387,-1.34547716782539
2,-0.6942367999636423,-0.6391615501085758,0.6461773768303682,0.6461773768303684,-1.3675832859470765
1,-0.6942367999636423,-1.3097102462030557,-0.4014078834815945,-0.4014078834815949,-0.8234326860286376
2,0.4471234473176373,-1.4354381267207705,-1.3835190650240596,-1.3835190650240599,-0.5275507973229869
2,-0.6942367999636423,0.199024320009524,-1.056148671176571,-1.0561486711765713,0.4825287537756149
0,-0.6942367999636423,-0.010522147520000953,0.2533329042133822,0.2533329042133819,0.013198861345961346
3,0.8751335400481172,0.576207961562669,0.7771255343693636,0.7771255343693638,0.7154932293656959
1,-0.6942367999636423,0.9533916031158138,-0.9252005136375758,-0.9252005136375762,0.1169275694554136
2,1.4458136636887569,-0.9325266046499108,0.7771255343693636,0.7771255343693638,0.020000743844941684
2,0.8751335400481172,0.40857078753904896,-0.7942523560985805,-0.7942523560985807,-0.3660060879722006
3,-0.6942367999636423,1.3305752446689587,0.5807032980608705,0.5807032980608703,0.9110473512113851
0,1.588483694598917,-0.010522147520000953,0.5152292192913729,0.5152292192913729,-0.21806514361937496
1,-0.6942367999636423,-1.0582544851676257,-1.121622749946069,-1.1216227499460691,-0.7656166847873036
3,1.4458136636887569,0.07329643949180903,0.9735477706778566,0.9735477706778567,-1.6345571740320604
3,0.01911335458715743,0.36666149403314396,0.5807032980608705,0.5807032980608703,0.161139805698787
1,-0.6942367999636423,-0.3457964955672409,-0.4014078834815945,-0.4014078834815949,0.977365705576445
0,0.30445341640747736,0.36666149403314396,0.9080736919083588,0.9080736919083586,0.32268451504957335
2,-0.6942367999636423,4.096588616058688,0.5152292192913729,0.5152292192913729,1.1814221805458593
1,-0.6942367999636423,0.28284290702133397,0.056910667904889196,0.056910667904888974,0.10162333383270754
3,0.30445341640747736,-1.1001637786735308,0.8425996131388612,0.8425996131388612,-1.1873333997240938
0,-0.6942367999636423,-0.8067987241321958,-0.7287782773290828,-0.7287782773290833,-0.17045196612651137
0,-0.12355667632300252,-0.47152437608495584,0.6461773768303682,0.6461773768303684,0.5148376956457718
2,-0.6942367999636423,-0.6391615501085758,0.4497551405218752,0.4497551405218754,-0.26227737986274835
1,0.16178338549731738,1.2467566576571487,-0.46688196225109213,-0.46688196225109235,2.427867148484033
3,-0.6942367999636423,-1.1420730721794357,0.2533329042133822,0.2533329042133819,-1.0036825722516207
1,-0.12355667632300252,0.11520573299771401,0.6461773768303682,0.6461773768303684,0.1067247457069431
3,-0.12355667632300252,0.11520573299771401,0.9735477706778566,0.9735477706778567,-1.5597364665432751
3,-0.6942367999636423,-0.5134336695908608,1.1044959282168518,1.1044959282168523,0.8090191137266777
3,0.16178338549731738,1.4563031251866738,1.890184873450824,1.8901848734508238,2.062265964163831
0,-0.6942367999636423,0.32475220052723897,-0.27045972594259915,-0.2704597259425994,0.33288733879804383
1,-0.6942367999636423,-1.4354381267207705,0.31880698298287985,0.3188069829828799,-1.8216089427540236
3,0.4471234473176373,0.9533916031158138,0.4497551405218752,0.4497551405218754,1.9194264316852416
2,-0.6942367999636423,-0.3457964955672409,0.18785882544388455,0.18785882544388444,-0.5394540916962028
2,-0.6942367999636423,2.2525797017988687,-0.9906745924070736,-0.9906745924070737,-0.6652889179273415
0,-0.6942367999636423,-0.6391615501085758,-0.008563410864608474,-0.008563410864608476,-0.49184091420333925
2,-0.6942367999636423,-0.7229801371203858,-1.121622749946069,-1.1216227499460691,0.463823576903418
0,1.303143632778597,-0.2200686150495259,0.5807032980608705,0.5807032980608703,-1.219642341594251
0,0.5897934782277973,0.45048008104495396,0.5807032980608705,0.5807032980608703,0.8753374680917375
3,1.160473601868437,-0.09434073453181094,1.300918164525345,1.3009181645253451,0.9858680587001701
1,-0.6942367999636423,0.7019358420803838,-0.7287782773290828,-0.7287782773290833,0.36349581004345594
0,-0.6942367999636423,-0.47152437608495584,-0.5978301197900875,-0.5978301197900878,-1.3658828153223312
3,0.8751335400481172,0.157115026503619,1.3663922432948425,1.3663922432948425,1.1185047674302897
2,0.5897934782277973,-0.5134336695908608,1.0390218494473542,1.0390218494473542,-0.36260514672271044
1,-0.6942367999636423,0.9114823096099088,-0.5978301197900875,-0.5978301197900878,1.2358372405377032
2,-0.40889673814332245,0.36666149403314396,0.5152292192913729,0.5152292192913729,-1.0580976322434643
2,0.8751335400481172,1.4143938316807687,-0.7287782773290828,-0.7287782773290833,-1.049595279119739
2,-0.6942367999636423,-0.8906173111440058,1.6282885583728333,1.6282885583728335,0.1628402763235318
2,2.159163818239557,-0.5553429630967658,-0.9906745924070736,-0.9906745924070737,1.2460400642861738
1,-0.6942367999636423,-1.1420730721794357,-0.46688196225109213,-0.46688196225109235,-0.3200933811040824
3,2.8725139727903564,1.9592146472575336,-0.008563410864608474,-0.008563410864608476,-0.4850390317043589
3,-0.12355667632300252,-0.6810708436144808,0.056910667904889196,0.056910667904888974,-0.017409609899450774
3,0.16178338549731738,0.8695730161040038,1.6282885583728333,1.6282885583728335,-0.9730741010062084
0,0.16178338549731738,0.7019358420803838,0.5807032980608705,0.5807032980608703,0.2954769850536514
3,-0.6942367999636423,0.36666149403314396,0.9080736919083588,0.9080736919083586,0.4825287537756149
1,-0.6942367999636423,-0.7648894306262908,-0.9252005136375758,-0.9252005136375762,0.013198861345961346
2,-0.6942367999636423,-1.4354381267207705,0.6461773768303682,0.6461773768303684,0.6049626387572634
1,-0.6942367999636423,-0.8906173111440058,-0.20498564717310147,-0.2049856471731014,-1.2536517540891534
1,0.7324635091379572,0.8695730161040038,-1.7763635376410456,-1.7763635376410458,0.8464294674710702
1,-0.6942367999636423,-1.4354381267207705,-1.121622749946069,-1.1216227499460691,0.09992286320796276
2,-0.40889673814332245,-1.1001637786735308,1.300918164525345,1.3009181645253451,-0.837036451026599
2,0.5897934782277973,2.8812191043874433,-0.9906745924070736,-0.9906745924070737,2.5009873853480733
3,1.0178035709582771,0.157115026503619,0.9735477706778566,0.9735477706778567,0.09992286320796276
0,-0.6942367999636423,0.534298668056764,-0.46688196225109213,-0.46688196225109235,1.1610165330489177
1,-0.6942367999636423,-0.5972522566026708,-0.4014078834815945,-0.4014078834815949,-0.0021053742767447145
3,0.5897934782277973,2.5040354628342985,0.5152292192913729,0.5152292192913729,0.4587221650291831
1,-0.6942367999636423,-0.1781593215436209,-0.9906745924070736,-0.9906745924070737,0.2903755731794158
1,-0.6942367999636423,-1.4354381267207705,-1.5144672225630549,-1.5144672225630553,0.05911156821407953
0,2.8725139727903564,1.6239402992102936,0.31880698298287985,0.3188069829828799,-0.09733172926247124
3,-0.6942367999636423,3.970860735540973,1.300918164525345,1.3009181645253451,1.6116412486063745
3,-0.6942367999636423,0.199024320009524,-0.13951156840360382,-0.13951156840360396,0.9178492337103655
1,4.013874220071636,-0.09434073453181094,-1.4489931437935573,-1.4489931437935575,-0.9067557466411489
0,-0.2662267072331625,2.4202168758224887,1.5628144796033356,1.5628144796033354,1.8242000766995146
3,-0.6942367999636423,-0.5972522566026708,0.18785882544388455,0.18785882544388444,0.27677180818145514
0,-0.40889673814332245,0.8695730161040038,0.7771255343693636,0.7771255343693638,0.7869129956049913
1,-0.6942367999636423,-0.8067987241321958,-0.4014078834815945,-0.4014078834815949,0.618566403755224
3,-0.40889673814332245,-0.5972522566026708,-0.008563410864608474,-0.008563410864608476,-0.03441431614690222
3,1.7311537255090768,-0.2200686150495259,0.9080736919083588,0.9080736919083586,-0.21636467299463016
0,0.8751335400481172,0.32475220052723897,-0.008563410864608474,-0.008563410864608476,0.8158209962256581
1,-0.6942367999636423,-0.47152437608495584,-1.121622749946069,-1.1216227499460691,-0.31839291047933704
0,1.160473601868437,0.7857544290921938,0.6461773768303682,0.6461773768303684,1.6082403073568843
0,-0.6942367999636423,-1.2678009526971508,0.38428106175237753,0.38428106175237736,0.006396978846981009
0,-0.6942367999636423,0.7438451355862888,-0.33593380471209683,-0.3359338047120969,2.341143146622031
3,1.8738237564192368,1.2467566576571487,1.1699700069863497,1.1699700069863497,-1.248550342214918
0,-0.6942367999636423,-0.5553429630967658,-0.07403748963410614,-0.0740374896341065,0.1288308638286295
1,-0.6942367999636423,-0.9325266046499108,-1.5144672225630549,-1.5144672225630553,-0.029312904272666668
1,-0.6942367999636423,-0.42961508257905084,-0.13951156840360382,-0.13951156840360396,-0.024211492398431112
3,-0.6942367999636423,1.0372101901276238,0.6461773768303682,0.6461773768303684,-0.7962251560327157
2,0.16178338549731738,1.2467566576571487,0.8425996131388612,0.8425996131388612,1.8190986648252796
3,0.16178338549731738,0.7857544290921938,0.38428106175237753,0.38428106175237736,1.6014384248579039
0,-0.6942367999636423,-1.4354381267207705,-1.3180449862545618,-1.318044986254562,-2.0426701239708893
0,-0.6942367999636423,-1.0163451916617208,-0.9252005136375758,-0.9252005136375762,0.1475360407008257
0,2.016493787329397,0.07329643949180903,-0.27045972594259915,-0.2704597259425994,-1.076802809115661
0,0.30445341640747736,0.240933613515429,-0.008563410864608474,-0.008563410864608476,-0.33199667547729833
1,-0.6942367999636423,-0.2619779085554309,-0.33593380471209683,-0.3359338047120969,-1.333573873452174
0,-0.6942367999636423,-1.4354381267207705,-0.33593380471209683,-0.3359338047120969,-0.06842372864180452
0,-0.6942367999636423,-0.9325266046499108,-0.4014078834815945,-0.4014078834815949,-0.31329149860510147
2,2.159163818239557,0.7438451355862888,1.1699700069863497,1.1699700069863497,-0.7639162141625587
2,1.303143632778597,0.40857078753904896,1.1044959282168518,1.1044959282168523,1.359971596144097
1,-0.6942367999636423,0.7438451355862888,-1.5144672225630549,-1.5144672225630553,0.9858680587001701
2,-0.6942367999636423,0.7438451355862888,0.7116514555998659,0.7116514555998658,-0.42722303046302484
3,1.303143632778597,0.9114823096099088,1.7592367159118285,1.759236715911829,0.746101700611108
2,-0.6942367999636423,-1.0163451916617208,0.12238474667438687,0.122384746674387,0.2257576894391014
3,2.3018338491497166,-1.0163451916617208,0.7771255343693636,0.7771255343693638,-0.24867361486478706
2,-0.6942367999636423,-1.0163451916617208,0.056910667904889196,0.056910667904888974,-0.23847079111631656
0,-0.6942367999636423,-0.5972522566026708,-1.056148671176571,-1.0561486711765713,0.02510215571917724
1,0.01911335458715743,0.8276637225980988,-0.7942523560985805,-0.7942523560985807,0.9943704118238959
0,-0.6942367999636423,0.157115026503619,0.7116514555998659,0.7116514555998658,0.822622878724639
2,0.4471234473176373,1.2048473641512438,0.6461773768303682,0.6461773768303684,0.8192219374751488
2,1.4458136636887569,0.07329643949180903,-0.20498564717310147,-0.2049856471731014,0.6219673450047148
3,-0.6942367999636423,1.7915774732339136,-0.07403748963410614,-0.0740374896341065,0.8821393505907178
3,-0.6942367999636423,-0.5134336695908608,1.300918164525345,1.3009181645253451,-1.5665383490422555
1,2.159163818239557,-0.5134336695908608,-0.33593380471209683,-0.3359338047120969,-0.07522561114078485
3,-0.6942367999636423,0.6600265485744788,-0.008563410864608474,-0.008563410864608476,0.36179533941871117
2,-0.6942367999636423,-1.4354381267207705,0.2533329042133822,0.2533329042133819,-0.18405573112447265
1,-0.12355667632300252,1.7496681797280087,-1.121622749946069,-1.1216227499460691,1.7272732510890432
0,-0.6942367999636423,0.9953008966217188,-0.07403748963410614,-0.0740374896341065,1.6167426604806099
3,-0.6942367999636423,-1.0163451916617208,0.38428106175237753,0.38428106175237736,-0.6618879766778513
3,-0.6942367999636423,-0.8487080176381008,1.3663922432948425,1.3663922432948425,1.0164765299455822
3,-0.6942367999636423,1.1210287771394338,0.38428106175237753,0.38428106175237736,1.7102685448415917
2,0.4471234473176373,1.0372101901276238,0.7771255343693636,0.7771255343693638,0.9688633524527193
0,-0.6942367999636423,-0.6810708436144808,0.4497551405218752,0.4497551405218754,0.6627786399985974
3,0.8751335400481172,-0.5553429630967658,1.6282885583728333,1.6282885583728335,0.7495026418605989
1,-0.6942367999636423,-0.13625002803771594,-0.9252005136375758,-0.9252005136375762,-0.6210766816839687
3,-0.6942367999636423,0.240933613515429,1.0390218494473542,1.0390218494473542,0.5284414606437331
0,-0.6942367999636423,-0.5553429630967658,-0.008563410864608474,-0.008563410864608476,-1.6787694102754334
1,0.8751335400481172,0.9114823096099088,-1.3180449862545618,-1.318044986254562,1.4228890092596662
1,1.7311537255090768,-0.2200686150495259,-0.9906745924070736,-0.9906745924070737,-1.755290588388964
1,0.5897934782277973,-1.4354381267207705,-0.9252005136375758,-0.9252005136375762,-0.10753455301094235
3,-0.6942367999636423,-1.1420730721794357,1.3663922432948425,1.3663922432948425,-0.11603690613466748
1,-0.6942367999636423,-1.1839823656853408,-0.7942523560985805,-0.7942523560985807,-1.683870822149669
0,-0.6942367999636423,-0.9325266046499108,1.1044959282168518,1.1044959282168523,0.44511840003122183
2,-0.6942367999636423,-1.4354381267207705,0.2533329042133822,0.2533329042133819,-0.07862655239027502
1,0.01911335458715743,-0.1781593215436209,-1.2525709074850642,-1.2525709074850646,-0.12623972988313859
2,-0.12355667632300252,0.45048008104495396,-0.07403748963410614,-0.0740374896341065,0.35329298629498546
1,0.8751335400481172,-0.6810708436144808,-1.9073116951800408,-1.9073116951800413,-1.3488781090748803
3,-0.6942367999636423,-0.42961508257905084,1.4318663220643402,1.4318663220643406,-0.43572538358675056
0,-0.6942367999636423,-0.5134336695908608,-0.46688196225109213,-0.46688196225109235,-0.5462559741951831
1,-0.6942367999636423,-1.0163451916617208,-1.3180449862545618,-1.318044986254562,-1.149923045979701
3,0.5897934782277973,-0.010522147520000953,2.5449256611458004,2.5449256611458004,-1.1431211634807203
3,-0.6942367999636423,-0.42961508257905084,0.9080736919083588,0.9080736919083586,-0.3166924398545923
0,-0.6942367999636423,-1.4354381267207705,0.38428106175237753,0.38428106175237736,-0.8319350391523633
0,-0.6942367999636423,-1.4354381267207705,-0.008563410864608474,-0.008563410864608476,-0.42552255983827947
3,-0.6942367999636423,-0.052431441025905946,0.5152292192913729,0.5152292192913729,0.31928357380008315
2,0.30445341640747736,-1.0163451916617208,-1.2525709074850642,-1.2525709074850646,-1.5172247009246471
2,-0.6942367999636423,-0.6391615501085758,-0.13951156840360382,-0.13951156840360396,0.5165381662705172
0,-0.6942367999636423,-1.3097102462030557,-0.20498564717310147,-0.2049856471731014,-0.7775199791605194
0,1.303143632778597,-0.5553429630967658,-0.9906745924070736,-0.9906745924070737,0.7410002887368731
3,-0.6942367999636423,-0.6391615501085758,0.9080736919083588,0.9080736919083586,0.016599802595451515
2,-0.6942367999636423,-1.4354381267207705,1.6282885583728333,1.6282885583728335,-1.0427933966207583
0,-0.6942367999636423,-0.7229801371203858,-0.9252005136375758,-0.9252005136375762,0.1169275694554136
3,-0.6942367999636423,0.534298668056764,0.8425996131388612,0.8425996131388612,0.013198861345961346
0,-0.6942367999636423,-0.052431441025905946,0.31880698298287985,0.3188069829828799,-0.1670510248770212
0,1.7311537255090768,1.5401217121984836,0.8425996131388612,0.8425996131388612,-0.2452726736152969
1,-0.6942367999636423,1.3724845381748638,-0.33593380471209683,-0.3359338047120969,1.4977097167484517
1,-0.6942367999636423,-1.2258916591912457,-0.9252005136375758,-0.9252005136375762,-0.08372796426451057
1,-0.6942367999636423,-1.2678009526971508,-1.3835190650240596,-1.3835190650240599,-1.9321395333624565
3,3.3005240655208365,0.36666149403314396,0.6461773768303682,0.6461773768303684,-1.8879272971190832
2,0.7324635091379572,-0.8067987241321958,-0.13951156840360382,-0.13951156840360396,-1.1703286934766424
3,-0.40889673814332245,0.618117255068574,0.38428106175237753,0.38428106175237736,-1.7059769402713554
2,-0.6942367999636423,-0.6810708436144808,2.0211330309898194,2.02113303098982,-1.0853051622393863
0,-0.6942367999636423,-0.8067987241321958,-0.8597264348680782,-0.8597264348680784,0.9331534693330715
0,1.0178035709582771,-1.2678009526971508,-1.121622749946069,-1.1216227499460691,-0.49354138482808463
2,0.5897934782277973,0.618117255068574,2.7413478974542937,2.741347897454294,0.16794168819776734
0,-0.6942367999636423,-0.8906173111440058,0.8425996131388612,0.8425996131388612,0.9739647643269542
1,1.7311537255090768,0.240933613515429,-0.13951156840360382,-0.13951156840360396,-0.41531973608980893
3,-0.6942367999636423,-1.4354381267207705,0.31880698298287985,0.3188069829828799,-0.7452110372903625
2,-0.6942367999636423,-0.5134336695908608,0.18785882544388455,0.18785882544388444,-0.20616184924615905
2,-0.40889673814332245,0.07329643949180903,2.3485034248373076,2.3485034248373085,0.822622878724639
0,-0.6942367999636423,-0.3457964955672409,-1.710889458871548,-1.7108894588715482,0.09992286320796276
0,-0.6942367999636423,1.0372101901276238,-0.008563410864608474,-0.008563410864608476,1.2477405349109192
2,-0.40889673814332245,-0.8067987241321958,-2.234682089027529,-2.2346820890275296,0.5879579325098119
2,0.7324635091379572,2.0011239407634385,-1.2525709074850642,-1.2525709074850646,1.244339593661429
0,1.0178035709582771,0.7857544290921938,-1.7763635376410456,-1.7763635376410458,2.1795984372712454
0,-0.6942367999636423,-1.2678009526971508,-0.33593380471209683,-0.3359338047120969,-0.21636467299463016
1,1.160473601868437,-1.3097102462030557,-1.121622749946069,-1.1216227499460691,0.13393227570286506
0,0.01911335458715743,-0.5972522566026708,-1.1870968287155665,-1.1870968287155668,0.6933871112440095
3,-0.6942367999636423,0.7438451355862888,-0.008563410864608474,-0.008563410864608476,1.0521864130652299
0,0.30445341640747736,0.240933613515429,-0.8597264348680782,-0.8597264348680784,-0.03441431614690222
2,1.0178035709582771,0.576207961562669,0.38428106175237753,0.38428106175237736,0.9620614699537389
1,1.588483694598917,-0.8487080176381008,-2.693000640414013,-2.693000640414013,0.7563045243595792
1,-0.6942367999636423,-1.1839823656853408,-0.7287782773290828,-0.7287782773290833,-0.14154396550584464
2,-0.6942367999636423,0.8695730161040038,-1.3835190650240596,-1.3835190650240599,-0.17045196612651137
1,0.30445341640747736,0.45048008104495396,-1.9073116951800408,-1.9073116951800413,0.5216395781447527
1,-0.6942367999636423,-0.5972522566026708,-0.20498564717310147,-0.2049856471731014,-1.48491575905449
1,0.4471234473176373,-0.13625002803771594,-1.056148671176571,-1.0561486711765713,-0.24017126174106135
3,-0.5515667690534823,0.199024320009524,1.6937626371423309,1.6937626371423309,0.5709532262623611
2,-0.6942367999636423,-0.8487080176381008,1.3663922432948425,1.3663922432948425,-1.5614369371680201
1,-0.6942367999636423,-1.4354381267207705,-0.7942523560985805,-0.7942523560985807,0.4723259300271438
2,-0.12355667632300252,0.240933613515429,-0.008563410864608474,-0.008563410864608476,-1.5801421140402165
0,-0.2662267072331625,1.9173053537516287,-1.9727857739495385,-1.972785773949539,-1.1380197516064852
1,2.7298439418801967,0.8276637225980988,-1.3835190650240596,-1.3835190650240599,0.08631909821000149
0,2.016493787329397,0.7438451355862888,0.31880698298287985,0.3188069829828799,1.6643558379734735
2,-0.6942367999636423,-0.5972522566026708,-0.6633041985595851,-0.6633041985595852,-0.7384091547913816
3,-0.6942367999636423,0.7857544290921938,0.4497551405218752,0.4497551405218754,1.7697850167076712
3,4.584554343712276,0.28284290702133397,0.4497551405218752,0.4497551405218754,-0.2996877336071408
1,-0.6942367999636423,-1.3516195397089608,-0.20498564717310147,-0.2049856471731014,-0.15004631862957038
3,-0.2662267072331625,0.618117255068574,0.9080736919083588,0.9080736919083586,-1.3369748147016642
3,1.160473601868437,1.3305752446689587,0.9080736919083588,0.9080736919083586,1.106601473057074
0,-0.6942367999636423,-0.42961508257905084,-0.7942523560985805,-0.7942523560985807,0.6661795812480876
0,-0.6942367999636423,-0.38770578907314585,-1.7763635376410456,-1.7763635376410458,0.46552404752816345
0,3.3005240655208365,-0.2200686150495259,-1.2525709074850642,-1.2525709074850646,0.1628402763235318
2,-0.6942367999636423,-1.4354381267207705,0.6461773768303682,0.6461773768303684,0.08121768633576593
2,-0.6942367999636423,0.7019358420803838,0.31880698298287985,0.3188069829828799,-1.189033870348839
1,-0.6942367999636423,0.199024320009524,-0.9906745924070736,-0.9906745924070737,-1.6634651746527274
3,-0.6942367999636423,-0.9325266046499108,0.12238474667438687,0.122384746674387,0.38560192816514294
0,-0.6942367999636423,-0.9325266046499108,-1.5144672225630549,-1.5144672225630553,-0.05311949301909845
0,-0.6942367999636423,0.32475220052723897,-0.8597264348680782,-0.8597264348680784,0.2274581600638468
0,-0.6942367999636423,0.9114823096099088,0.18785882544388455,0.18785882544388444,-1.105710809736328
0,0.30445341640747736,-1.4354381267207705,-0.6633041985595851,-0.6633041985595852,0.41961134066004524
0,0.5897934782277973,-1.4354381267207705,-0.33593380471209683,-0.3359338047120969,-0.30989055735561133
0,-0.6942367999636423,-0.13625002803771594,-0.20498564717310147,-0.2049856471731014,0.34989204504549526
2,0.01911335458715743,0.36666149403314396,-0.4014078834815945,-0.4014078834815949,1.047085001190995
2,-0.5515667690534823,-0.5553429630967658,1.1044959282168518,1.1044959282168523,1.1355094736777411
1,0.8751335400481172,0.32475220052723897,-0.9252005136375758,-0.9252005136375762,1.4824054811257457
1,-0.5515667690534823,1.3724845381748638,-0.33593380471209683,-0.3359338047120969,1.926228314184222
0,1.303143632778597,-0.3457964955672409,-0.07403748963410614,-0.0740374896341065,1.222233475539742
2,0.16178338549731738,-0.8906173111440058,0.6461773768303682,0.6461773768303684,-0.558159268568399
1,-0.6942367999636423,-0.7229801371203858,-1.3835190650240596,-1.3835190650240599,1.3208607717749592
2,0.01911335458715743,-1.4354381267207705,-1.7763635376410456,-1.7763635376410458,-0.42552255983827947
0,-0.6942367999636423,0.32475220052723897,0.38428106175237753,0.38428106175237736,0.42301228190953544
0,0.5897934782277973,-0.42961508257905084,0.7116514555998659,0.7116514555998658,0.15773886444929683
2,-0.40889673814332245,-0.8906173111440058,0.12238474667438687,0.122384746674387,0.13733321695235523
2,1.160473601868437,2.1268518212811536,0.7771255343693636,0.7771255343693638,2.002749492297753
1,-0.6942367999636423,0.36666149403314396,-1.121622749946069,-1.1216227499460691,1.0810944136858973
2,-0.6942367999636423,-0.38770578907314585,0.2533329042133822,0.2533329042133819,-0.41872067733929913
1,0.8751335400481172,0.07329643949180903,-0.4014078834815945,-0.4014078834815949,-0.16535055425227643
3,1.588483694598917,0.9953008966217188,-0.33593380471209683,-0.3359338047120969,1.0215779418198179
0,2.016493787329397,0.32475220052723897,-1.2525709074850642,-1.2525709074850646,0.251264748810278
3,0.8751335400481172,0.07329643949180903,0.12238474667438687,0.122384746674387,0.5437456962664391
3,0.30445341640747736,-0.9325266046499108,1.2354440857558473,1.235444085755847,0.3124816913011028
1,-0.6942367999636423,-0.7229801371203858,-0.13951156840360382,-0.13951156840360396,0.5165381662705172
3,-0.5515667690534823,0.534298668056764,0.5152292192913729,0.5152292192913729,-0.190857613623453
3,-0.6942367999636423,-1.0582544851676257,0.6461773768303682,0.6461773768303684,-2.1157903608349296
1,0.01911335458715743,-0.3457964955672409,-0.5978301197900875,-0.5978301197900878,-1.6226538796588446
0,-0.2662267072331625,0.9533916031158138,0.38428106175237753,0.38428106175237736,2.1404876129021067
0,-0.5515667690534823,1.7077588862221036,0.31880698298287985,0.3188069829828799,1.217132063665507
1,-0.2662267072331625,-0.3457964955672409,-2.431104325336022,-2.4311043253360225,1.1508137093004471
3,-0.6942367999636423,-1.4354381267207705,0.5152292192913729,0.5152292192913729,-0.7962251560327157
3,-0.6942367999636423,-1.4354381267207705,2.086607109759317,2.0866071097593175,-1.7433872940157482
1,-0.12355667632300252,0.03138714598590404,-0.5978301197900875,-0.5978301197900878,-1.4917176415534703
2,-0.6942367999636423,-1.4354381267207705,1.0390218494473542,1.0390218494473542,0.28527416130518085
3,-0.2662267072331625,0.07329643949180903,1.0390218494473542,1.0390218494473542,1.082794884310642
3,5.012564436442756,0.32475220052723897,1.2354440857558473,1.235444085755847,-0.20956279049564921
2,-0.6942367999636423,-0.6810708436144808,-0.008563410864608474,-0.008563410864608476,0.2053520419421598
2,-0.6942367999636423,-0.9325266046499108,-1.1870968287155665,-1.1870968287155668,0.2172553363153757
3,2.7298439418801967,-0.47152437608495584,1.0390218494473542,1.0390218494473542,-0.9645717478824829
2,-0.6942367999636423,0.6600265485744788,-0.4014078834815945,-0.4014078834815949,-0.4867395023291043
2,0.7324635091379572,2.2944889953047736,1.497340400833838,1.497340400833838,-0.7503124491645975
0,0.5897934782277973,0.618117255068574,0.31880698298287985,0.3188069829828799,-1.6396585859062955
2,-0.6942367999636423,-0.42961508257905084,1.0390218494473542,1.0390218494473542,-1.1550244578539364
3,0.8751335400481172,0.28284290702133397,0.2533329042133822,0.2533329042133819,0.34989204504549526
3,-0.6942367999636423,-0.47152437608495584,1.6937626371423309,1.6937626371423309,-0.11603690613466748
1,-0.6942367999636423,-1.4354381267207705,-1.8418376164105432,-1.8418376164105437,-0.6057724460612626
2,0.5897934782277973,-0.1781593215436209,1.0390218494473542,1.0390218494473542,0.47572687127663393
1,1.8738237564192368,-0.5553429630967658,-0.46688196225109213,-0.46688196225109235,0.5420452256416938
1,1.160473601868437,0.11520573299771401,-0.7942523560985805,-0.7942523560985807,-1.4968190534277055
0,-0.12355667632300252,-1.4354381267207705,-1.121622749946069,-1.1216227499460691,-0.5377536210714574
1,1.588483694598917,0.36666149403314396,-1.6454153801020501,-1.6454153801020504,-0.40171597109184826
1,-0.6942367999636423,-0.2200686150495259,-1.3180449862545618,-1.318044986254562,0.7273965237389118
2,1.303143632778597,0.03138714598590404,0.31880698298287985,0.3188069829828799,0.7546040537348337
1,-0.6942367999636423,-1.0582544851676257,-0.7942523560985805,-0.7942523560985807,-1.092107044738367
0,-0.6942367999636423,1.1210287771394338,-0.13951156840360382,-0.13951156840360396,1.1015000611828383
0,1.303143632778597,1.8753960602457236,0.18785882544388455,0.18785882544388444,0.7835120543555011
1,-0.6942367999636423,-0.8067987241321958,-0.4014078834815945,-0.4014078834815949,0.6848847581202838
0,2.016493787329397,-0.7648894306262908,0.9080736919083588,0.9080736919083586,1.007974176821857
2,0.16178338549731738,0.7019358420803838,-0.5323560410205899,-0.5323560410205898,0.8294247612236193
1,-0.6942367999636423,-1.4354381267207705,-1.3835190650240596,-1.3835190650240599,-1.9695498871068493
2,0.01911335458715743,-0.8906173111440058,0.9735477706778566,0.9735477706778567,-0.3353976167267885
2,1.8738237564192368,1.2467566576571487,-2.693000640414013,-2.693000640414013,0.7239955824894216
0,-0.6942367999636423,0.45048008104495396,2.0211330309898194,2.02113303098982,0.3209840444248279
0,0.30445341640747736,-1.1001637786735308,1.0390218494473542,1.0390218494473542,0.10842521633168788
0,0.7324635091379572,-0.38770578907314585,-0.13951156840360382,-0.13951156840360396,0.7512031124853437
1,3.7285341582513163,-0.13625002803771594,-2.1692080102580316,-2.169208010258032,-0.500343267327065
3,0.16178338549731738,-0.2619779085554309,1.300918164525345,1.3009181645253451,-1.7365854115167676
3,-0.6942367999636423,1.0372101901276238,1.2354440857558473,1.235444085755847,0.9110473512113851
0,0.8751335400481172,3.5517678004819233,-1.5799413013325525,-1.579941301332553,0.8209224080998936
2,-0.6942367999636423,-0.7648894306262908,-1.1870968287155665,-1.1870968287155668,-0.9968806897526402
1,0.01911335458715743,-0.9744358981558158,-0.7942523560985805,-0.7942523560985807,-1.2383475184664472
1,0.5897934782277973,0.157115026503619,-0.07403748963410614,-0.0740374896341065,-1.6753684690259434
1,-0.40889673814332245,0.6600265485744788,-0.27045972594259915,-0.2704597259425994,0.7222951118646769
1,-0.6942367999636423,2.1268518212811536,-1.6454153801020501,-1.6454153801020504,0.36689675129294674
0,-0.6942367999636423,-1.4354381267207705,-0.20498564717310147,-0.2049856471731014,0.26656898443298466
2,-0.6942367999636423,-1.4354381267207705,1.8247107946813264,1.8247107946813264,-0.7282063310429111
0,-0.6942367999636423,-0.1781593215436209,-0.5323560410205899,-0.5323560410205898,-1.304665872831507
3,3.8712041891614764,0.36666149403314396,1.6282885583728333,1.6282885583728335,-0.9322628060123257
3,-0.5515667690534823,0.9953008966217188,1.9556589522203216,1.9556589522203214,1.4790045398762555
2,-0.6942367999636423,-1.3516195397089608,1.497340400833838,1.497340400833838,-0.6295790348076944
2,-0.6942367999636423,1.3305752446689587,-1.121622749946069,-1.1216227499460691,-1.2859606959593108
1,0.5897934782277973,0.6600265485744788,-1.121622749946069,-1.1216227499460691,1.434792303632882
3,1.8738237564192368,-0.2619779085554309,0.38428106175237753,0.38428106175237736,-1.6481609390300214
1,-0.12355667632300252,-0.9325266046499108,-0.5323560410205899,-0.5323560410205898,0.3260854562990635
