Division_ID_ELT,Division_ID_LN,Division_ID_LYN,Division_ID_NC,Rainfall_Daily_mm,Rainfall_Lag_7d,Labor_Total,Est_Field_Size_Ha,Kg_Per_Worker_Potential
1.0,0.0,0.0,0.0,0.0,0.0,60.0,6.0,15.97
0.0,0.0,1.0,0.0,0.0,19.0,39.0,3.9,17.44
0.0,0.0,0.0,1.0,0.0,82.0,59.0,5.9,16.56
0.0,1.0,0.0,0.0,3.0,33.0,41.0,4.1,11.71
1.0,0.0,0.0,0.0,11.0,32.0,61.0,6.1,11.36
0.0,0.0,0.0,1.0,27.0,24.0,71.0,7.1,16.62
0.0,1.0,0.0,0.0,2.0,96.0,49.0,4.9,26.71
0.0,1.0,0.0,0.0,7.0,21.0,48.0,4.8,11.98
0.0,0.0,0.0,1.0,0.0,65.0,72.0,7.2,18.07
1.0,0.0,0.0,0.0,0.0,0.0,70.0,7.0,16.37
0.0,0.0,0.0,1.0,12.0,36.0,70.0,7.0,18.3
0.0,0.0,0.0,1.0,6.0,60.0,65.0,6.5,32.25
1.0,0.0,0.0,0.0,0.0,8.0,51.0,5.1,19.53
0.0,1.0,0.0,0.0,15.0,34.0,36.0,3.6,13.89
1.0,0.0,0.0,0.0,6.0,28.0,41.0,4.1,24.37
0.0,0.0,0.0,1.0,4.0,0.0,56.0,5.6,17.41
0.0,0.0,1.0,0.0,0.0,47.0,63.0,6.3,14.95
1.0,0.0,0.0,0.0,0.0,3.0,68.0,6.8,20.78
0.0,0.0,0.0,1.0,0.0,29.0,67.0,6.7,18.18
0.0,0.0,0.0,1.0,21.0,56.0,52.0,5.2,12.04
0.0,1.0,0.0,0.0,0.0,0.0,46.0,4.6,20.41
0.0,1.0,0.0,0.0,10.0,89.0,46.0,4.6,30.2
0.0,1.0,0.0,0.0,9.0,22.0,57.0,5.7,24.74
0.0,0.0,1.0,0.0,0.0,23.0,67.0,6.7,19.9
0.0,0.0,1.0,0.0,0.0,11.0,65.0,6.5,19.57
0.0,1.0,0.0,0.0,4.0,62.0,41.0,4.1,17.95
0.0,1.0,0.0,0.0,0.0,0.0,43.0,4.3,23.98
1.0,0.0,0.0,0.0,9.0,76.0,60.0,6.0,31.6
0.0,1.0,0.0,0.0,0.0,57.0,50.0,5.0,17.0
1.0,0.0,0.0,0.0,0.0,52.0,25.0,2.5,15.12
0.0,1.0,0.0,0.0,11.0,2.0,42.0,4.2,16.45
0.0,0.0,1.0,0.0,12.0,61.0,70.0,7.0,28.56
1.0,0.0,0.0,0.0,3.0,82.0,48.0,4.8,21.1
0.0,0.0,0.0,1.0,4.0,83.0,62.0,6.2,15.71
0.0,0.0,1.0,0.0,0.0,19.0,59.0,5.9,13.78
0.0,0.0,1.0,0.0,12.0,7.0,57.0,5.7,11.95
0.0,1.0,0.0,0.0,18.0,51.0,39.0,3.9,30.31
0.0,0.0,1.0,0.0,0.0,0.0,44.0,4.4,15.52
0.0,0.0,0.0,1.0,0.0,74.0,83.0,8.3,24.67
1.0,0.0,0.0,0.0,3.0,61.0,50.0,5.0,25.32
0.0,1.0,0.0,0.0,0.0,22.0,39.0,3.9,15.38
0.0,0.0,1.0,0.0,3.0,50.0,59.0,5.9,21.85
0.0,0.0,0.0,1.0,0.0,28.0,62.0,6.2,25.92
0.0,0.0,0.0,1.0,7.0,2.0,67.0,6.7,15.94
0.0,0.0,1.0,0.0,9.0,25.0,65.0,6.5,21.22
1.0,0.0,0.0,0.0,7.0,12.0,68.0,6.8,22.37
0.0,0.0,1.0,0.0,0.0,15.0,44.0,4.4,18.07
0.0,0.0,0.0,1.0,2.0,87.0,50.0,5.0,24.82
0.0,1.0,0.0,0.0,0.0,26.0,34.0,3.4,18.94
0.0,0.0,1.0,0.0,0.0,41.0,43.0,4.3,23.35
0.0,0.0,0.0,1.0,0.0,5.0,49.0,4.9,14.71
0.0,0.0,1.0,0.0,0.0,29.0,53.0,5.3,28.17
1.0,0.0,0.0,0.0,42.0,90.0,40.0,4.0,24.12
0.0,1.0,0.0,0.0,0.0,23.0,38.0,3.8,30.76
0.0,0.0,0.0,1.0,10.0,101.0,42.0,4.2,31.6
0.0,0.0,1.0,0.0,0.0,0.0,36.0,3.6,18.92
0.0,0.0,0.0,1.0,0.0,10.0,63.0,6.3,18.41
0.0,0.0,0.0,1.0,0.0,16.0,60.0,6.0,11.92
0.0,0.0,0.0,1.0,0.0,5.0,70.0,7.0,19.67
1.0,0.0,0.0,0.0,15.0,57.0,74.0,7.4,28.23
1.0,0.0,0.0,0.0,2.0,10.0,60.0,6.0,21.97
0.0,0.0,1.0,0.0,0.0,73.0,82.0,8.2,23.29
0.0,0.0,0.0,1.0,0.0,27.0,70.0,7.0,19.19
0.0,1.0,0.0,0.0,24.0,65.0,48.0,4.8,24.81
0.0,0.0,0.0,1.0,1.0,47.0,82.0,8.2,12.96
0.0,1.0,0.0,0.0,3.0,29.0,46.0,4.6,22.93
0.0,1.0,0.0,0.0,9.0,40.0,44.0,4.4,25.59
0.0,0.0,0.0,1.0,0.0,7.0,47.0,4.7,22.77
1.0,0.0,0.0,0.0,6.0,13.0,64.0,6.4,28.09
0.0,0.0,0.0,1.0,0.0,38.0,58.0,5.8,24.47
1.0,0.0,0.0,0.0,6.0,68.0,45.0,4.5,27.47
0.0,0.0,0.0,1.0,0.0,65.0,64.0,6.4,27.11
0.0,1.0,0.0,0.0,3.0,7.0,34.0,3.4,15.29
0.0,1.0,0.0,0.0,0.0,14.0,48.0,4.8,24.88
0.0,1.0,0.0,0.0,7.0,67.0,38.0,3.8,31.5
0.0,1.0,0.0,0.0,0.0,39.0,60.0,6.0,13.93
0.0,0.0,0.0,1.0,0.0,0.0,82.0,8.2,17.37
0.0,0.0,0.0,1.0,9.0,30.0,60.0,6.0,25.15
0.0,1.0,0.0,0.0,23.0,20.0,49.0,4.9,20.27
0.0,0.0,0.0,1.0,2.0,75.0,68.0,6.8,23.24
0.0,0.0,0.0,1.0,3.0,61.0,63.0,6.3,25.19
1.0,0.0,0.0,0.0,11.0,56.0,50.0,5.0,34.72
0.0,0.0,0.0,1.0,0.0,51.0,71.0,7.1,13.44
0.0,0.0,1.0,0.0,0.0,0.0,50.0,5.0,14.94
0.0,0.0,0.0,1.0,0.0,0.0,57.0,5.7,18.91
1.0,0.0,0.0,0.0,7.0,34.0,47.0,4.7,21.19
1.0,0.0,0.0,0.0,15.0,7.0,62.0,6.2,15.9
0.0,0.0,0.0,1.0,0.0,15.0,72.0,7.2,25.9
0.0,0.0,1.0,0.0,4.0,37.0,72.0,7.2,27.11
1.0,0.0,0.0,0.0,0.0,36.0,53.0,5.3,22.34
0.0,1.0,0.0,0.0,0.0,18.0,34.0,3.4,13.65
0.0,1.0,0.0,0.0,14.0,26.0,20.0,2.0,31.15
1.0,0.0,0.0,0.0,17.0,67.0,44.0,4.4,18.07
1.0,0.0,0.0,0.0,0.0,17.0,50.0,5.0,11.42
0.0,0.0,0.0,1.0,0.0,90.0,82.0,8.2,37.33
1.0,0.0,0.0,0.0,0.0,0.0,43.0,4.3,16.81
1.0,0.0,0.0,0.0,0.0,37.0,42.0,4.2,25.0
0.0,0.0,1.0,0.0,9.0,51.0,17.0,1.7,24.35
1.0,0.0,0.0,0.0,0.0,9.0,56.0,5.6,10.39
0.0,1.0,0.0,0.0,0.0,20.0,57.0,5.7,21.58
0.0,1.0,0.0,0.0,0.0,26.0,41.0,4.1,12.61
1.0,0.0,0.0,0.0,4.0,18.0,68.0,6.8,12.87
0.0,0.0,0.0,1.0,0.0,4.0,53.0,5.3,18.09
0.0,0.0,0.0,1.0,0.0,44.0,60.0,6.0,12.28
0.0,0.0,1.0,0.0,15.0,39.0,10.0,1.0,30.3
0.0,1.0,0.0,0.0,0.0,5.0,52.0,5.2,21.54
0.0,1.0,0.0,0.0,0.0,81.0,24.0,2.4,35.88
0.0,0.0,0.0,1.0,2.0,43.0,61.0,6.1,22.54
0.0,1.0,0.0,0.0,0.0,15.0,27.0,2.7,18.67
0.0,1.0,0.0,0.0,5.0,58.0,25.0,2.5,34.8
0.0,1.0,0.0,0.0,3.0,80.0,29.0,2.9,31.83
1.0,0.0,0.0,0.0,0.0,11.0,50.0,5.0,22.02
0.0,1.0,0.0,0.0,1.0,48.0,27.0,2.7,18.96
1.0,0.0,0.0,0.0,3.0,39.0,44.0,4.4,26.34
0.0,0.0,0.0,1.0,0.0,0.0,53.0,5.3,17.06
0.0,0.0,1.0,0.0,12.0,58.0,61.0,6.1,22.43
1.0,0.0,0.0,0.0,0.0,58.0,50.0,5.0,27.04
0.0,1.0,0.0,0.0,5.0,22.0,42.0,4.2,25.1
0.0,0.0,0.0,1.0,0.0,36.0,60.0,6.0,19.7
0.0,1.0,0.0,0.0,1.0,54.0,37.0,3.7,27.86
0.0,0.0,0.0,1.0,10.0,11.0,66.0,6.6,18.5
1.0,0.0,0.0,0.0,0.0,69.0,51.0,5.1,33.55
0.0,1.0,0.0,0.0,16.0,31.0,32.0,3.2,26.06
1.0,0.0,0.0,0.0,0.0,27.0,48.0,4.8,22.21
1.0,0.0,0.0,0.0,0.0,43.0,52.0,5.2,23.02
0.0,0.0,0.0,1.0,16.0,23.0,64.0,6.4,21.75
1.0,0.0,0.0,0.0,0.0,22.0,45.0,4.5,22.2
0.0,1.0,0.0,0.0,0.0,79.0,43.0,4.3,30.0
0.0,0.0,0.0,1.0,0.0,74.0,48.0,4.8,22.25
1.0,0.0,0.0,0.0,3.0,0.0,51.0,5.1,17.45
0.0,0.0,1.0,0.0,10.0,55.0,46.0,4.6,27.11
0.0,0.0,0.0,1.0,13.0,48.0,72.0,7.2,14.86
1.0,0.0,0.0,0.0,1.0,62.0,23.0,2.3,34.26
0.0,1.0,0.0,0.0,14.0,34.0,46.0,4.6,23.04
0.0,1.0,0.0,0.0,13.0,83.0,19.0,1.9,21.37
1.0,0.0,0.0,0.0,4.0,20.0,47.0,4.7,11.43
0.0,0.0,1.0,0.0,3.0,74.0,55.0,5.5,24.2
0.0,0.0,0.0,1.0,0.0,66.0,61.0,6.1,23.87
0.0,0.0,1.0,0.0,0.0,48.0,72.0,7.2,21.93
1.0,0.0,0.0,0.0,10.0,0.0,57.0,5.7,14.86
0.0,0.0,0.0,1.0,28.0,29.0,87.0,8.7,12.78
0.0,0.0,1.0,0.0,0.0,0.0,45.0,4.5,9.02
0.0,0.0,1.0,0.0,0.0,24.0,82.0,8.2,31.15
0.0,1.0,0.0,0.0,0.0,60.0,37.0,3.7,32.03
0.0,0.0,1.0,0.0,0.0,40.0,54.0,5.4,18.37
0.0,0.0,0.0,1.0,0.0,31.0,61.0,6.1,23.9
0.0,0.0,1.0,0.0,0.0,61.0,58.0,5.8,14.05
1.0,0.0,0.0,0.0,7.0,20.0,38.0,3.8,22.63
1.0,0.0,0.0,0.0,1.0,46.0,31.0,3.1,25.23
0.0,1.0,0.0,0.0,0.0,12.0,59.0,5.9,30.0
1.0,0.0,0.0,0.0,0.0,9.0,50.0,5.0,14.28
0.0,0.0,0.0,1.0,3.0,43.0,49.0,4.9,20.86
0.0,0.0,0.0,1.0,4.0,40.0,69.0,6.9,24.88
0.0,1.0,0.0,0.0,6.0,53.0,35.0,3.5,27.71
0.0,1.0,0.0,0.0,7.0,39.0,32.0,3.2,27.25
0.0,0.0,1.0,0.0,0.0,27.0,34.0,3.4,22.88
1.0,0.0,0.0,0.0,16.0,41.0,48.0,4.8,25.46
0.0,0.0,0.0,1.0,8.0,9.0,69.0,6.9,19.46
0.0,1.0,0.0,0.0,0.0,12.0,37.0,3.7,18.19
0.0,0.0,1.0,0.0,0.0,45.0,62.0,6.2,12.74
0.0,0.0,1.0,0.0,0.0,21.0,33.0,3.3,14.45
0.0,1.0,0.0,0.0,6.0,66.0,41.0,4.1,27.15
0.0,0.0,0.0,1.0,0.0,11.0,64.0,6.4,24.27
0.0,0.0,0.0,1.0,4.0,52.0,78.0,7.8,18.64
0.0,1.0,0.0,0.0,16.0,27.0,56.0,5.6,24.64
0.0,1.0,0.0,0.0,0.0,20.0,61.0,6.1,15.25
0.0,1.0,0.0,0.0,0.0,65.0,39.0,3.9,23.72
1.0,0.0,0.0,0.0,4.0,35.0,34.0,3.4,24.26
0.0,0.0,1.0,0.0,12.0,74.0,37.0,3.7,15.65
1.0,0.0,0.0,0.0,13.0,37.0,63.0,6.3,16.21
0.0,1.0,0.0,0.0,0.0,82.0,50.0,5.0,30.4
1.0,0.0,0.0,0.0,2.0,43.0,48.0,4.8,23.17
0.0,0.0,0.0,1.0,0.0,48.0,69.0,6.9,20.58
0.0,1.0,0.0,0.0,9.0,41.0,44.0,4.4,21.5
0.0,0.0,0.0,1.0,0.0,24.0,68.0,6.8,26.15
0.0,0.0,1.0,0.0,3.0,74.0,41.0,4.1,25.71
1.0,0.0,0.0,0.0,0.0,0.0,32.0,3.2,16.69
1.0,0.0,0.0,0.0,0.0,46.0,62.0,6.2,22.29
0.0,0.0,0.0,1.0,13.0,16.0,57.0,5.7,20.81
0.0,1.0,0.0,0.0,8.0,78.0,31.0,3.1,25.65
0.0,0.0,1.0,0.0,0.0,63.0,38.0,3.8,27.95
1.0,0.0,0.0,0.0,4.0,83.0,48.0,4.8,29.77
0.0,0.0,0.0,1.0,14.0,35.0,59.0,5.9,10.95
0.0,0.0,1.0,0.0,1.0,48.0,70.0,7.0,23.04
0.0,1.0,0.0,0.0,4.0,30.0,65.0,6.5,29.85
0.0,0.0,0.0,1.0,0.0,44.0,65.0,6.5,13.88
0.0,1.0,0.0,0.0,0.0,43.0,31.0,3.1,19.16
0.0,0.0,0.0,1.0,4.0,42.0,78.0,7.8,14.29
0.0,0.0,0.0,1.0,0.0,5.0,35.0,3.5,17.63
1.0,0.0,0.0,0.0,0.0,41.0,59.0,5.9,29.03
1.0,0.0,0.0,0.0,6.0,80.0,56.0,5.6,25.3
0.0,0.0,0.0,1.0,12.0,15.0,62.0,6.2,24.34
1.0,0.0,0.0,0.0,16.0,84.0,78.0,7.8,28.6
0.0,1.0,0.0,0.0,15.0,92.0,51.0,5.1,26.49
0.0,0.0,1.0,0.0,8.0,19.0,51.0,5.1,28.12
1.0,0.0,0.0,0.0,12.0,66.0,40.0,4.0,28.25
0.0,0.0,0.0,1.0,5.0,34.0,37.0,3.7,16.22
0.0,1.0,0.0,0.0,0.0,34.0,36.0,3.6,24.47
0.0,0.0,1.0,0.0,8.0,46.0,46.0,4.6,20.61
0.0,0.0,1.0,0.0,0.0,78.0,79.0,7.9,32.9
0.0,1.0,0.0,0.0,10.0,52.0,25.0,2.5,26.8
0.0,0.0,1.0,0.0,0.0,54.0,89.0,8.9,20.79
1.0,0.0,0.0,0.0,0.0,0.0,73.0,7.3,18.53
1.0,0.0,0.0,0.0,16.0,23.0,67.0,6.7,19.72
0.0,1.0,0.0,0.0,0.0,7.0,39.0,3.9,22.18
0.0,1.0,0.0,0.0,0.0,5.0,49.0,4.9,17.14
0.0,1.0,0.0,0.0,0.0,11.0,42.0,4.2,16.81
0.0,0.0,1.0,0.0,0.0,26.0,65.0,6.5,24.62
0.0,0.0,1.0,0.0,0.0,50.0,77.0,7.7,25.47
0.0,1.0,0.0,0.0,6.0,6.0,54.0,5.4,19.72
0.0,0.0,0.0,1.0,17.0,46.0,79.0,7.9,21.57
0.0,0.0,1.0,0.0,0.0,0.0,53.0,5.3,17.6
0.0,1.0,0.0,0.0,0.0,45.0,49.0,4.9,24.45
0.0,1.0,0.0,0.0,8.0,53.0,25.0,2.5,32.44
0.0,1.0,0.0,0.0,0.0,20.0,30.0,3.0,14.43
0.0,0.0,0.0,1.0,15.0,38.0,51.0,5.1,11.16
0.0,1.0,0.0,0.0,0.0,24.0,28.0,2.8,24.32
1.0,0.0,0.0,0.0,0.0,29.0,62.0,6.2,20.18
0.0,0.0,1.0,0.0,3.0,52.0,56.0,5.6,27.8
0.0,1.0,0.0,0.0,0.0,0.0,29.0,2.9,24.45
0.0,0.0,0.0,1.0,7.0,40.0,75.0,7.5,20.48
0.0,1.0,0.0,0.0,0.0,0.0,39.0,3.9,10.03
0.0,0.0,1.0,0.0,0.0,22.0,78.0,7.8,11.35
0.0,0.0,1.0,0.0,0.0,12.0,73.0,7.3,23.07
0.0,0.0,0.0,1.0,0.0,0.0,67.0,6.7,18.82
1.0,0.0,0.0,0.0,0.0,0.0,47.0,4.7,18.72
1.0,0.0,0.0,0.0,17.0,78.0,56.0,5.6,23.84
0.0,1.0,0.0,0.0,0.0,51.0,59.0,5.9,24.95
1.0,0.0,0.0,0.0,0.0,31.0,49.0,4.9,25.45
0.0,0.0,0.0,1.0,7.0,71.0,87.0,8.7,29.61
1.0,0.0,0.0,0.0,12.0,29.0,52.0,5.2,22.31
1.0,0.0,0.0,0.0,10.0,64.0,34.0,3.4,12.94
0.0,0.0,1.0,0.0,5.0,75.0,57.0,5.7,25.53
0.0,0.0,1.0,0.0,0.0,47.0,50.0,5.0,12.48
0.0,0.0,1.0,0.0,4.0,62.0,82.0,8.2,19.99
1.0,0.0,0.0,0.0,3.0,37.0,56.0,5.6,17.88
0.0,1.0,0.0,0.0,5.0,48.0,37.0,3.7,19.78
1.0,0.0,0.0,0.0,0.0,42.0,38.0,3.8,25.29
1.0,0.0,0.0,0.0,1.0,60.0,40.0,4.0,25.8
1.0,0.0,0.0,0.0,12.0,33.0,45.0,4.5,25.87
0.0,1.0,0.0,0.0,4.0,93.0,33.0,3.3,14.39
0.0,0.0,0.0,1.0,0.0,15.0,41.0,4.1,12.05
1.0,0.0,0.0,0.0,1.0,46.0,43.0,4.3,24.91
0.0,0.0,0.0,1.0,0.0,21.0,72.0,7.2,21.54
0.0,0.0,0.0,1.0,0.0,22.0,70.0,7.0,23.27
0.0,1.0,0.0,0.0,23.0,27.0,32.0,3.2,12.44
0.0,0.0,0.0,1.0,0.0,41.0,58.0,5.8,21.88
1.0,0.0,0.0,0.0,10.0,32.0,39.0,3.9,25.03
0.0,1.0,0.0,0.0,18.0,36.0,38.0,3.8,15.39
0.0,0.0,0.0,1.0,0.0,0.0,59.0,5.9,8.88
0.0,1.0,0.0,0.0,3.0,32.0,43.0,4.3,23.7
0.0,1.0,0.0,0.0,1.0,50.0,28.0,2.8,22.57
1.0,0.0,0.0,0.0,10.0,16.0,45.0,4.5,21.13
0.0,1.0,0.0,0.0,3.0,26.0,44.0,4.4,11.61
0.0,0.0,1.0,0.0,6.0,40.0,60.0,6.0,24.2
0.0,1.0,0.0,0.0,0.0,87.0,50.0,5.0,27.26
0.0,1.0,0.0,0.0,6.0,66.0,39.0,3.9,27.51
1.0,0.0,0.0,0.0,7.0,23.0,32.0,3.2,11.28
1.0,0.0,0.0,0.0,9.0,44.0,46.0,4.6,29.07
0.0,0.0,0.0,1.0,0.0,57.0,78.0,7.8,28.67
0.0,1.0,0.0,0.0,9.0,50.0,65.0,6.5,14.06
0.0,0.0,1.0,0.0,28.0,61.0,74.0,7.4,24.18
0.0,0.0,1.0,0.0,1.0,32.0,34.0,3.4,12.26
0.0,0.0,0.0,1.0,0.0,60.0,57.0,5.7,28.39
0.0,1.0,0.0,0.0,0.0,9.0,41.0,4.1,14.41
0.0,0.0,1.0,0.0,0.0,11.0,51.0,5.1,11.0
0.0,1.0,0.0,0.0,0.0,0.0,40.0,4.0,14.18
1.0,0.0,0.0,0.0,0.0,37.0,33.0,3.3,22.3
0.0,0.0,1.0,0.0,15.0,54.0,75.0,7.5,26.49
1.0,0.0,0.0,0.0,12.0,45.0,37.0,3.7,24.51
0.0,0.0,1.0,0.0,12.0,66.0,26.0,2.6,26.31
0.0,1.0,0.0,0.0,12.0,45.0,37.0,3.7,19.24
0.0,0.0,0.0,1.0,0.0,0.0,53.0,5.3,21.17
0.0,0.0,1.0,0.0,37.0,40.0,63.0,6.3,17.44
0.0,1.0,0.0,0.0,0.0,7.0,55.0,5.5,17.65
0.0,1.0,0.0,0.0,0.0,47.0,60.0,6.0,25.72
0.0,0.0,1.0,0.0,14.0,34.0,31.0,3.1,23.26
0.0,0.0,0.0,1.0,0.0,0.0,64.0,6.4,18.53
1.0,0.0,0.0,0.0,14.0,53.0,35.0,3.5,17.49
0.0,1.0,0.0,0.0,0.0,6.0,39.0,3.9,10.56
0.0,1.0,0.0,0.0,4.0,0.0,37.0,3.7,19.0
0.0,0.0,1.0,0.0,0.0,12.0,43.0,4.3,16.95
0.0,0.0,1.0,0.0,0.0,12.0,61.0,6.1,26.89
0.0,1.0,0.0,0.0,0.0,59.0,50.0,5.0,34.8
1.0,0.0,0.0,0.0,1.0,44.0,50.0,5.0,18.5
0.0,1.0,0.0,0.0,0.0,44.0,36.0,3.6,19.89
0.0,1.0,0.0,0.0,6.0,16.0,40.0,4.0,29.57
0.0,1.0,0.0,0.0,9.0,26.0,38.0,3.8,27.58
0.0,1.0,0.0,0.0,3.0,54.0,61.0,6.1,30.0
1.0,0.0,0.0,0.0,11.0,61.0,63.0,6.3,17.11
0.0,0.0,0.0,1.0,9.0,42.0,66.0,6.6,25.08
0.0,1.0,0.0,0.0,0.0,52.0,44.0,4.4,26.23
0.0,0.0,0.0,1.0,4.0,47.0,55.0,5.5,19.0
0.0,0.0,1.0,0.0,24.0,62.0,13.0,1.3,17.62
1.0,0.0,0.0,0.0,6.0,36.0,56.0,5.6,21.86
0.0,0.0,0.0,1.0,6.0,47.0,54.0,5.4,22.26
0.0,0.0,1.0,0.0,0.0,19.0,54.0,5.4,14.74
1.0,0.0,0.0,0.0,0.0,94.0,42.0,4.2,24.88
0.0,0.0,0.0,1.0,0.0,27.0,71.0,7.1,23.55
0.0,1.0,0.0,0.0,0.0,129.0,24.0,2.4,35.33
1.0,0.0,0.0,0.0,0.0,0.0,49.0,4.9,19.51
0.0,1.0,0.0,0.0,12.0,36.0,32.0,3.2,28.38
0.0,1.0,0.0,0.0,7.0,49.0,37.0,3.7,23.11
0.0,1.0,0.0,0.0,0.0,0.0,38.0,3.8,11.26
1.0,0.0,0.0,0.0,11.0,37.0,48.0,4.8,17.85
0.0,0.0,1.0,0.0,0.0,37.0,56.0,5.6,11.3
0.0,0.0,1.0,0.0,0.0,19.0,35.0,3.5,31.0
1.0,0.0,0.0,0.0,6.0,59.0,37.0,3.7,27.97
0.0,0.0,1.0,0.0,0.0,124.0,56.0,5.6,24.11
0.0,1.0,0.0,0.0,13.0,30.0,55.0,5.5,22.33
0.0,0.0,1.0,0.0,0.0,26.0,37.0,3.7,20.14
0.0,1.0,0.0,0.0,0.0,31.0,36.0,3.6,14.08
0.0,0.0,1.0,0.0,10.0,12.0,54.0,5.4,12.76
0.0,0.0,0.0,1.0,0.0,51.0,56.0,5.6,25.5
0.0,0.0,1.0,0.0,16.0,0.0,41.0,4.1,11.15
0.0,0.0,1.0,0.0,0.0,23.0,56.0,5.6,20.41
0.0,1.0,0.0,0.0,0.0,21.0,28.0,2.8,24.46
0.0,0.0,0.0,1.0,2.0,16.0,57.0,5.7,16.81
0.0,1.0,0.0,0.0,0.0,42.0,44.0,4.4,19.61
0.0,1.0,0.0,0.0,4.0,32.0,30.0,3.0,13.37
0.0,1.0,0.0,0.0,1.0,41.0,34.0,3.4,23.56
0.0,1.0,0.0,0.0,0.0,0.0,36.0,3.6,22.03
1.0,0.0,0.0,0.0,32.0,35.0,26.0,2.6,21.92
0.0,0.0,1.0,0.0,12.0,29.0,48.0,4.8,23.06
0.0,0.0,1.0,0.0,0.0,42.0,40.0,4.0,28.48
0.0,0.0,0.0,1.0,0.0,0.0,60.0,6.0,18.68
1.0,0.0,0.0,0.0,10.0,37.0,39.0,3.9,29.44
0.0,0.0,0.0,1.0,3.0,9.0,56.0,5.6,18.5
0.0,0.0,1.0,0.0,18.0,36.0,60.0,6.0,23.9
0.0,1.0,0.0,0.0,11.0,74.0,27.0,2.7,26.63
0.0,0.0,0.0,1.0,0.0,64.0,44.0,4.4,22.43
0.0,1.0,0.0,0.0,0.0,23.0,49.0,4.9,20.49
0.0,0.0,1.0,0.0,0.0,0.0,53.0,5.3,10.7
1.0,0.0,0.0,0.0,0.0,6.0,54.0,5.4,15.72
1.0,0.0,0.0,0.0,16.0,41.0,41.0,4.1,21.68
0.0,0.0,0.0,1.0,10.0,64.0,70.0,7.0,31.6
1.0,0.0,0.0,0.0,5.0,41.0,53.0,5.3,25.28
0.0,0.0,1.0,0.0,0.0,46.0,56.0,5.6,21.43
0.0,0.0,0.0,1.0,0.0,36.0,78.0,7.8,19.1
0.0,0.0,1.0,0.0,0.0,47.0,57.0,5.7,19.98
1.0,0.0,0.0,0.0,0.0,38.0,68.0,6.8,22.69
0.0,0.0,1.0,0.0,0.0,50.0,49.0,4.9,18.82
0.0,0.0,0.0,1.0,6.0,29.0,74.0,7.4,12.32
0.0,1.0,0.0,0.0,0.0,26.0,41.0,4.1,14.44
0.0,0.0,1.0,0.0,0.0,57.0,73.0,7.3,27.99
0.0,0.0,0.0,1.0,0.0,35.0,60.0,6.0,17.08
1.0,0.0,0.0,0.0,0.0,37.0,36.0,3.6,27.72
0.0,0.0,0.0,1.0,7.0,83.0,72.0,7.2,34.38
0.0,1.0,0.0,0.0,7.0,24.0,34.0,3.4,12.62
0.0,0.0,0.0,1.0,0.0,29.0,71.0,7.1,21.7
0.0,1.0,0.0,0.0,0.0,7.0,38.0,3.8,16.32
0.0,0.0,0.0,1.0,0.0,16.0,55.0,5.5,11.09
1.0,0.0,0.0,0.0,7.0,35.0,59.0,5.9,16.68
0.0,0.0,1.0,0.0,3.0,2.0,66.0,6.6,19.03
1.0,0.0,0.0,0.0,0.0,34.0,46.0,4.6,25.2
0.0,1.0,0.0,0.0,0.0,31.0,49.0,4.9,22.39
0.0,1.0,0.0,0.0,2.0,44.0,32.0,3.2,22.56
0.0,1.0,0.0,0.0,0.0,31.0,40.0,4.0,19.8
1.0,0.0,0.0,0.0,0.0,27.0,49.0,4.9,22.22
0.0,1.0,0.0,0.0,2.0,19.0,37.0,3.7,24.51
0.0,1.0,0.0,0.0,13.0,85.0,42.0,4.2,17.88
1.0,0.0,0.0,0.0,2.0,3.0,44.0,4.4,17.93
1.0,0.0,0.0,0.0,4.0,59.0,41.0,4.1,24.78
0.0,1.0,0.0,0.0,0.0,24.0,28.0,2.8,25.82
0.0,0.0,1.0,0.0,0.0,68.0,55.0,5.5,34.78
0.0,1.0,0.0,0.0,6.0,35.0,44.0,4.4,16.68
0.0,0.0,0.0,1.0,0.0,31.0,76.0,7.6,14.3
1.0,0.0,0.0,0.0,2.0,44.0,57.0,5.7,14.82
1.0,0.0,0.0,0.0,9.0,67.0,47.0,4.7,25.72
0.0,0.0,1.0,0.0,23.0,53.0,50.0,5.0,27.88
1.0,0.0,0.0,0.0,0.0,0.0,42.0,4.2,18.52
1.0,0.0,0.0,0.0,0.0,0.0,53.0,5.3,18.32
1.0,0.0,0.0,0.0,0.0,63.0,59.0,5.9,30.34
1.0,0.0,0.0,0.0,0.0,24.0,84.0,8.4,21.98
0.0,0.0,1.0,0.0,0.0,0.0,25.0,2.5,11.2
0.0,0.0,1.0,0.0,4.0,35.0,29.0,2.9,22.31
0.0,0.0,0.0,1.0,0.0,4.0,72.0,7.2,16.18
0.0,0.0,1.0,0.0,0.0,73.0,47.0,4.7,19.64
0.0,0.0,1.0,0.0,0.0,12.0,53.0,5.3,28.02
1.0,0.0,0.0,0.0,9.0,26.0,54.0,5.4,18.2
0.0,0.0,0.0,1.0,0.0,30.0,85.0,8.5,19.47
1.0,0.0,0.0,0.0,0.0,11.0,57.0,5.7,29.02
0.0,0.0,0.0,1.0,0.0,12.0,58.0,5.8,18.41
0.0,0.0,0.0,1.0,0.0,46.0,62.0,6.2,24.85
0.0,0.0,1.0,0.0,0.0,7.0,54.0,5.4,19.43
0.0,0.0,0.0,1.0,2.0,47.0,62.0,6.2,15.56
0.0,1.0,0.0,0.0,0.0,37.0,49.0,4.9,20.06
0.0,0.0,0.0,1.0,0.0,19.0,55.0,5.5,12.84
0.0,1.0,0.0,0.0,0.0,58.0,35.0,3.5,23.69
1.0,0.0,0.0,0.0,3.0,57.0,31.0,3.1,26.35
0.0,0.0,0.0,1.0,4.0,0.0,45.0,4.5,16.89
0.0,0.0,0.0,1.0,9.0,43.0,69.0,6.9,10.83
0.0,0.0,1.0,0.0,6.0,31.0,58.0,5.8,13.79
1.0,0.0,0.0,0.0,0.0,52.0,40.0,4.0,28.88
1.0,0.0,0.0,0.0,3.0,51.0,31.0,3.1,14.16
0.0,0.0,1.0,0.0,0.0,57.0,30.0,3.0,33.13
0.0,1.0,0.0,0.0,0.0,15.0,43.0,4.3,14.44
0.0,1.0,0.0,0.0,18.0,19.0,38.0,3.8,30.45
1.0,0.0,0.0,0.0,0.0,0.0,52.0,5.2,16.27
0.0,1.0,0.0,0.0,0.0,28.0,33.0,3.3,12.97
0.0,0.0,1.0,0.0,2.0,57.0,62.0,6.2,16.21
0.0,0.0,1.0,0.0,16.0,75.0,51.0,5.1,21.06
0.0,0.0,1.0,0.0,9.0,17.0,49.0,4.9,28.41
1.0,0.0,0.0,0.0,13.0,24.0,59.0,5.9,21.46
0.0,1.0,0.0,0.0,0.0,99.0,34.0,3.4,26.03
0.0,0.0,1.0,0.0,6.0,31.0,38.0,3.8,21.13
0.0,0.0,0.0,1.0,0.0,57.0,85.0,8.5,28.68
1.0,0.0,0.0,0.0,12.0,24.0,50.0,5.0,22.64
1.0,0.0,0.0,0.0,0.0,5.0,54.0,5.4,17.61
0.0,0.0,0.0,1.0,22.0,72.0,42.0,4.2,18.57
0.0,0.0,1.0,0.0,7.0,61.0,48.0,4.8,22.35
0.0,0.0,1.0,0.0,0.0,23.0,34.0,3.4,23.59
0.0,0.0,1.0,0.0,3.0,19.0,43.0,4.3,22.02
0.0,0.0,0.0,1.0,0.0,58.0,66.0,6.6,21.65
0.0,0.0,1.0,0.0,2.0,31.0,45.0,4.5,23.82
0.0,1.0,0.0,0.0,7.0,40.0,31.0,3.1,25.94
0.0,0.0,1.0,0.0,0.0,27.0,22.0,2.2,19.55
0.0,0.0,0.0,1.0,3.0,70.0,40.0,4.0,27.48
1.0,0.0,0.0,0.0,13.0,71.0,60.0,6.0,29.05
0.0,0.0,0.0,1.0,0.0,14.0,68.0,6.8,17.26
0.0,1.0,0.0,0.0,13.0,44.0,35.0,3.5,19.31
1.0,0.0,0.0,0.0,0.0,31.0,38.0,3.8,23.45
0.0,0.0,0.0,1.0,0.0,15.0,59.0,5.9,12.64
1.0,0.0,0.0,0.0,7.0,65.0,37.0,3.7,27.08
1.0,0.0,0.0,0.0,11.0,36.0,43.0,4.3,20.65
1.0,0.0,0.0,0.0,0.0,61.0,45.0,4.5,32.62
0.0,0.0,1.0,0.0,0.0,27.0,45.0,4.5,15.42
1.0,0.0,0.0,0.0,2.0,41.0,62.0,6.2,24.76
0.0,1.0,0.0,0.0,7.0,39.0,35.0,3.5,23.63
0.0,1.0,0.0,0.0,0.0,51.0,38.0,3.8,28.03
0.0,1.0,0.0,0.0,18.0,6.0,55.0,5.5,11.84
1.0,0.0,0.0,0.0,10.0,67.0,67.0,6.7,29.07
1.0,0.0,0.0,0.0,0.0,0.0,69.0,6.9,23.61
0.0,1.0,0.0,0.0,16.0,15.0,58.0,5.8,28.53
0.0,0.0,0.0,1.0,0.0,12.0,78.0,7.8,24.42
1.0,0.0,0.0,0.0,11.0,41.0,46.0,4.6,26.26
0.0,0.0,0.0,1.0,0.0,0.0,72.0,7.2,16.49
0.0,0.0,0.0,1.0,0.0,39.0,60.0,6.0,14.43
0.0,1.0,0.0,0.0,0.0,18.0,51.0,5.1,11.2
0.0,0.0,0.0,1.0,0.0,57.0,62.0,6.2,23.77
0.0,0.0,1.0,0.0,4.0,74.0,69.0,6.9,26.48
0.0,0.0,1.0,0.0,0.0,73.0,62.0,6.2,31.1
0.0,0.0,1.0,0.0,17.0,29.0,64.0,6.4,23.66
0.0,1.0,0.0,0.0,0.0,15.0,29.0,2.9,20.72
0.0,1.0,0.0,0.0,16.0,24.0,38.0,3.8,24.18
0.0,0.0,1.0,0.0,12.0,33.0,69.0,6.9,24.86
0.0,0.0,0.0,1.0,22.0,61.0,47.0,4.7,22.45
1.0,0.0,0.0,0.0,0.0,39.0,61.0,6.1,14.62
0.0,0.0,1.0,0.0,16.0,31.0,50.0,5.0,30.78
0.0,0.0,0.0,1.0,9.0,5.0,67.0,6.7,13.75
0.0,0.0,1.0,0.0,0.0,41.0,73.0,7.3,18.41
0.0,0.0,0.0,1.0,16.0,42.0,77.0,7.7,14.71
1.0,0.0,0.0,0.0,12.0,35.0,48.0,4.8,13.02
0.0,0.0,1.0,0.0,5.0,65.0,59.0,5.9,26.31
0.0,0.0,0.0,1.0,0.0,48.0,69.0,6.9,30.62
1.0,0.0,0.0,0.0,5.0,85.0,64.0,6.4,27.67
0.0,1.0,0.0,0.0,12.0,61.0,30.0,3.0,28.27
0.0,0.0,1.0,0.0,0.0,27.0,53.0,5.3,23.81
0.0,0.0,1.0,0.0,0.0,27.0,30.0,3.0,24.63
0.0,0.0,1.0,0.0,3.0,27.0,43.0,4.3,11.44
1.0,0.0,0.0,0.0,0.0,9.0,59.0,5.9,18.42
1.0,0.0,0.0,0.0,23.0,53.0,59.0,5.9,24.31
0.0,0.0,1.0,0.0,0.0,0.0,35.0,3.5,15.74
0.0,0.0,1.0,0.0,15.0,75.0,64.0,6.4,15.36
1.0,0.0,0.0,0.0,0.0,0.0,56.0,5.6,17.75
0.0,0.0,0.0,1.0,0.0,16.0,66.0,6.6,22.33
1.0,0.0,0.0,0.0,0.0,66.0,38.0,3.8,23.76
0.0,0.0,0.0,1.0,14.0,54.0,67.0,6.7,29.13
0.0,0.0,0.0,1.0,0.0,10.0,35.0,3.5,19.94
0.0,0.0,0.0,1.0,0.0,61.0,85.0,8.5,13.76
0.0,1.0,0.0,0.0,6.0,59.0,40.0,4.0,30.23
1.0,0.0,0.0,0.0,0.0,18.0,28.0,2.8,28.0
0.0,1.0,0.0,0.0,15.0,10.0,48.0,4.8,20.27
0.0,0.0,1.0,0.0,11.0,119.0,59.0,5.9,17.46
0.0,0.0,1.0,0.0,0.0,58.0,63.0,6.3,26.86
0.0,1.0,0.0,0.0,3.0,27.0,54.0,5.4,23.91
0.0,1.0,0.0,0.0,2.0,87.0,47.0,4.7,15.57
0.0,0.0,0.0,1.0,0.0,0.0,79.0,7.9,17.72
0.0,1.0,0.0,0.0,0.0,45.0,35.0,3.5,10.89
0.0,0.0,0.0,1.0,3.0,26.0,46.0,4.6,16.89
0.0,0.0,0.0,1.0,17.0,37.0,56.0,5.6,19.41
0.0,1.0,0.0,0.0,15.0,28.0,33.0,3.3,12.3
0.0,1.0,0.0,0.0,15.0,14.0,56.0,5.6,24.48
0.0,0.0,0.0,1.0,0.0,0.0,71.0,7.1,15.3
0.0,0.0,0.0,1.0,0.0,32.0,57.0,5.7,19.33
0.0,0.0,1.0,0.0,4.0,14.0,77.0,7.7,23.94
0.0,0.0,0.0,1.0,14.0,42.0,51.0,5.1,13.0
1.0,0.0,0.0,0.0,0.0,1.0,40.0,4.0,19.98
0.0,0.0,0.0,1.0,2.0,81.0,80.0,8.0,30.64
1.0,0.0,0.0,0.0,32.0,70.0,41.0,4.1,20.07
0.0,0.0,0.0,1.0,0.0,59.0,56.0,5.6,36.02
0.0,1.0,0.0,0.0,0.0,76.0,30.0,3.0,33.27
1.0,0.0,0.0,0.0,0.0,17.0,53.0,5.3,22.47
1.0,0.0,0.0,0.0,15.0,58.0,53.0,5.3,29.91
0.0,0.0,1.0,0.0,10.0,37.0,50.0,5.0,22.7
0.0,0.0,1.0,0.0,7.0,4.0,48.0,4.8,18.65
0.0,0.0,1.0,0.0,6.0,62.0,50.0,5.0,36.22
0.0,0.0,1.0,0.0,0.0,7.0,61.0,6.1,17.95
0.0,0.0,1.0,0.0,0.0,39.0,33.0,3.3,13.82
0.0,0.0,0.0,1.0,7.0,50.0,69.0,6.9,28.3
0.0,0.0,1.0,0.0,3.0,49.0,51.0,5.1,17.0
0.0,0.0,0.0,1.0,0.0,11.0,67.0,6.7,21.87
0.0,0.0,1.0,0.0,0.0,10.0,63.0,6.3,22.13
1.0,0.0,0.0,0.0,0.0,4.0,56.0,5.6,17.46
0.0,1.0,0.0,0.0,29.0,46.0,33.0,3.3,18.45
0.0,0.0,1.0,0.0,0.0,7.0,58.0,5.8,11.03
0.0,1.0,0.0,0.0,0.0,8.0,40.0,4.0,9.57
0.0,1.0,0.0,0.0,12.0,36.0,35.0,3.5,18.09
1.0,0.0,0.0,0.0,0.0,27.0,26.0,2.6,25.5
0.0,0.0,0.0,1.0,3.0,52.0,58.0,5.8,14.22
0.0,0.0,1.0,0.0,0.0,24.0,56.0,5.6,20.7
1.0,0.0,0.0,0.0,0.0,2.0,48.0,4.8,22.85
1.0,0.0,0.0,0.0,0.0,27.0,63.0,6.3,23.62
0.0,0.0,1.0,0.0,3.0,13.0,52.0,5.2,28.31
1.0,0.0,0.0,0.0,13.0,83.0,35.0,3.5,18.2
1.0,0.0,0.0,0.0,0.0,71.0,40.0,4.0,28.18
1.0,0.0,0.0,0.0,14.0,35.0,45.0,4.5,29.96
0.0,1.0,0.0,0.0,3.0,28.0,38.0,3.8,21.97
0.0,0.0,1.0,0.0,22.0,5.0,46.0,4.6,18.37
0.0,0.0,1.0,0.0,0.0,7.0,12.0,1.2,10.75
0.0,1.0,0.0,0.0,14.0,38.0,26.0,2.6,27.15
0.0,0.0,1.0,0.0,5.0,9.0,71.0,7.1,19.07
1.0,0.0,0.0,0.0,6.0,36.0,50.0,5.0,19.68
0.0,1.0,0.0,0.0,0.0,5.0,32.0,3.2,17.78
1.0,0.0,0.0,0.0,0.0,46.0,50.0,5.0,20.38
0.0,0.0,1.0,0.0,0.0,63.0,79.0,7.9,23.57
0.0,0.0,1.0,0.0,9.0,10.0,40.0,4.0,14.07
0.0,0.0,1.0,0.0,1.0,10.0,50.0,5.0,19.64
0.0,0.0,1.0,0.0,3.0,24.0,60.0,6.0,21.3
1.0,0.0,0.0,0.0,8.0,11.0,50.0,5.0,19.92
1.0,0.0,0.0,0.0,0.0,64.0,27.0,2.7,36.22
0.0,0.0,1.0,0.0,16.0,59.0,70.0,7.0,25.29
0.0,0.0,0.0,1.0,0.0,0.0,74.0,7.4,15.85
0.0,0.0,0.0,1.0,1.0,56.0,89.0,8.9,21.45
0.0,0.0,1.0,0.0,0.0,42.0,59.0,5.9,12.29
0.0,0.0,0.0,1.0,0.0,0.0,61.0,6.1,21.28
0.0,0.0,0.0,1.0,12.0,71.0,44.0,4.4,22.23
0.0,0.0,0.0,1.0,15.0,19.0,78.0,7.8,22.58
0.0,0.0,0.0,1.0,16.0,29.0,76.0,7.6,24.33
0.0,1.0,0.0,0.0,0.0,57.0,34.0,3.4,20.74
1.0,0.0,0.0,0.0,0.0,60.0,40.0,4.0,16.95
0.0,0.0,1.0,0.0,6.0,55.0,44.0,4.4,25.61
0.0,0.0,0.0,1.0,0.0,22.0,67.0,6.7,24.22
0.0,1.0,0.0,0.0,4.0,14.0,32.0,3.2,16.5
1.0,0.0,0.0,0.0,6.0,77.0,60.0,6.0,34.6
1.0,0.0,0.0,0.0,0.0,0.0,71.0,7.1,17.54
0.0,0.0,1.0,0.0,6.0,30.0,66.0,6.6,25.92
0.0,0.0,1.0,0.0,8.0,58.0,40.0,4.0,31.12
0.0,0.0,0.0,1.0,6.0,46.0,72.0,7.2,19.92
0.0,0.0,1.0,0.0,14.0,56.0,61.0,6.1,32.61
0.0,0.0,0.0,1.0,2.0,96.0,41.0,4.1,28.0
0.0,0.0,1.0,0.0,1.0,87.0,60.0,6.0,25.05
1.0,0.0,0.0,0.0,5.0,79.0,69.0,6.9,36.57
0.0,0.0,1.0,0.0,0.0,76.0,43.0,4.3,14.77
1.0,0.0,0.0,0.0,0.0,1.0,44.0,4.4,22.61
0.0,0.0,0.0,1.0,8.0,78.0,59.0,5.9,30.27
0.0,0.0,0.0,1.0,0.0,1.0,58.0,5.8,9.84
0.0,0.0,0.0,1.0,20.0,54.0,70.0,7.0,15.53
1.0,0.0,0.0,0.0,0.0,88.0,64.0,6.4,25.52
1.0,0.0,0.0,0.0,1.0,21.0,36.0,3.6,13.11
0.0,1.0,0.0,0.0,8.0,41.0,45.0,4.5,13.49
0.0,0.0,0.0,1.0,0.0,38.0,58.0,5.8,22.79
0.0,0.0,1.0,0.0,0.0,48.0,62.0,6.2,14.32
0.0,1.0,0.0,0.0,0.0,49.0,49.0,4.9,22.43
0.0,0.0,1.0,0.0,0.0,20.0,50.0,5.0,13.08
0.0,1.0,0.0,0.0,17.0,27.0,50.0,5.0,21.28
1.0,0.0,0.0,0.0,10.0,9.0,71.0,7.1,16.96
0.0,0.0,1.0,0.0,0.0,12.0,51.0,5.1,19.76
0.0,1.0,0.0,0.0,0.0,39.0,41.0,4.1,28.41
0.0,0.0,0.0,1.0,11.0,32.0,47.0,4.7,22.94
1.0,0.0,0.0,0.0,0.0,56.0,49.0,4.9,26.35
0.0,0.0,0.0,1.0,0.0,0.0,66.0,6.6,19.52
1.0,0.0,0.0,0.0,17.0,23.0,38.0,3.8,20.76
1.0,0.0,0.0,0.0,7.0,40.0,50.0,5.0,23.16
1.0,0.0,0.0,0.0,19.0,43.0,63.0,6.3,15.22
0.0,0.0,0.0,1.0,9.0,27.0,66.0,6.6,19.39
0.0,0.0,0.0,1.0,0.0,39.0,68.0,6.8,18.03
0.0,0.0,1.0,0.0,0.0,55.0,80.0,8.0,27.74
0.0,0.0,0.0,1.0,2.0,50.0,79.0,7.9,23.1
1.0,0.0,0.0,0.0,28.0,87.0,50.0,5.0,27.88
0.0,0.0,1.0,0.0,0.0,27.0,60.0,6.0,18.67
0.0,0.0,1.0,0.0,0.0,58.0,59.0,5.9,16.46
0.0,0.0,1.0,0.0,7.0,21.0,51.0,5.1,22.49
1.0,0.0,0.0,0.0,0.0,0.0,34.0,3.4,19.62
0.0,0.0,0.0,1.0,0.0,24.0,71.0,7.1,27.52
0.0,1.0,0.0,0.0,22.0,34.0,38.0,3.8,20.55
0.0,0.0,0.0,1.0,0.0,28.0,61.0,6.1,22.25
0.0,1.0,0.0,0.0,15.0,41.0,41.0,4.1,23.2
0.0,0.0,0.0,1.0,0.0,132.0,58.0,5.8,37.28
0.0,0.0,0.0,1.0,7.0,39.0,65.0,6.5,21.06
0.0,0.0,1.0,0.0,9.0,37.0,53.0,5.3,27.32
0.0,1.0,0.0,0.0,0.0,43.0,32.0,3.2,22.75
0.0,0.0,0.0,1.0,2.0,16.0,82.0,8.2,16.72
1.0,0.0,0.0,0.0,0.0,0.0,45.0,4.5,21.49
0.0,0.0,1.0,0.0,10.0,45.0,62.0,6.2,11.44
0.0,0.0,1.0,0.0,0.0,11.0,62.0,6.2,20.37
0.0,0.0,1.0,0.0,3.0,0.0,57.0,5.7,9.42
0.0,1.0,0.0,0.0,0.0,23.0,40.0,4.0,19.5
0.0,1.0,0.0,0.0,0.0,31.0,57.0,5.7,21.96
1.0,0.0,0.0,0.0,16.0,66.0,50.0,5.0,26.18
0.0,0.0,0.0,1.0,1.0,50.0,64.0,6.4,22.95
0.0,1.0,0.0,0.0,0.0,23.0,47.0,4.7,25.91
0.0,0.0,1.0,0.0,0.0,0.0,39.0,3.9,10.1
1.0,0.0,0.0,0.0,0.0,41.0,22.0,2.2,15.09
0.0,0.0,1.0,0.0,11.0,37.0,85.0,8.5,17.51
0.0,0.0,1.0,0.0,7.0,35.0,59.0,5.9,11.81
0.0,0.0,1.0,0.0,21.0,67.0,79.0,7.9,26.58
0.0,0.0,0.0,1.0,5.0,9.0,66.0,6.6,10.98
0.0,0.0,0.0,1.0,0.0,70.0,78.0,7.8,26.6
1.0,0.0,0.0,0.0,0.0,51.0,43.0,4.3,34.14
1.0,0.0,0.0,0.0,12.0,40.0,42.0,4.2,30.83
0.0,0.0,1.0,0.0,0.0,28.0,58.0,5.8,21.47
1.0,0.0,0.0,0.0,0.0,10.0,43.0,4.3,20.0
0.0,1.0,0.0,0.0,6.0,59.0,49.0,4.9,27.35
0.0,0.0,1.0,0.0,8.0,47.0,35.0,3.5,12.8
0.0,1.0,0.0,0.0,1.0,87.0,48.0,4.8,24.94
0.0,1.0,0.0,0.0,0.0,28.0,44.0,4.4,14.3
0.0,0.0,1.0,0.0,14.0,18.0,60.0,6.0,19.47
0.0,0.0,0.0,1.0,0.0,26.0,53.0,5.3,29.4
0.0,0.0,0.0,1.0,0.0,47.0,54.0,5.4,22.07
0.0,1.0,0.0,0.0,12.0,53.0,47.0,4.7,14.21
0.0,1.0,0.0,0.0,0.0,56.0,55.0,5.5,14.42
0.0,1.0,0.0,0.0,0.0,17.0,21.0,2.1,22.19
0.0,0.0,1.0,0.0,0.0,42.0,67.0,6.7,19.3
0.0,1.0,0.0,0.0,0.0,28.0,37.0,3.7,11.95
0.0,1.0,0.0,0.0,10.0,55.0,35.0,3.5,17.0
0.0,1.0,0.0,0.0,0.0,14.0,45.0,4.5,11.64
0.0,0.0,1.0,0.0,0.0,43.0,80.0,8.0,22.77
0.0,1.0,0.0,0.0,0.0,0.0,43.0,4.3,13.07
1.0,0.0,0.0,0.0,0.0,16.0,60.0,6.0,22.88
0.0,0.0,0.0,1.0,0.0,10.0,41.0,4.1,26.83
0.0,0.0,0.0,1.0,0.0,0.0,68.0,6.8,14.71
1.0,0.0,0.0,0.0,0.0,19.0,59.0,5.9,27.54
1.0,0.0,0.0,0.0,0.0,24.0,57.0,5.7,19.25
0.0,1.0,0.0,0.0,4.0,83.0,51.0,5.1,27.02
1.0,0.0,0.0,0.0,0.0,13.0,55.0,5.5,31.13
0.0,0.0,1.0,0.0,11.0,51.0,74.0,7.4,30.47
0.0,1.0,0.0,0.0,6.0,28.0,54.0,5.4,14.96
0.0,1.0,0.0,0.0,0.0,1.0,41.0,4.1,14.85
0.0,1.0,0.0,0.0,0.0,58.0,30.0,3.0,31.07
0.0,0.0,1.0,0.0,0.0,36.0,71.0,7.1,21.04
0.0,0.0,1.0,0.0,3.0,43.0,46.0,4.6,18.87
0.0,1.0,0.0,0.0,0.0,15.0,41.0,4.1,15.37
0.0,1.0,0.0,0.0,20.0,57.0,48.0,4.8,32.85
0.0,0.0,1.0,0.0,0.0,60.0,58.0,5.8,37.33
1.0,0.0,0.0,0.0,13.0,36.0,41.0,4.1,20.8
0.0,0.0,1.0,0.0,32.0,43.0,43.0,4.3,23.05
0.0,0.0,0.0,1.0,6.0,42.0,65.0,6.5,16.89
0.0,1.0,0.0,0.0,0.0,10.0,38.0,3.8,26.32
0.0,0.0,1.0,0.0,17.0,46.0,62.0,6.2,20.48
1.0,0.0,0.0,0.0,6.0,31.0,32.0,3.2,23.78
0.0,0.0,1.0,0.0,3.0,82.0,61.0,6.1,22.08
0.0,0.0,0.0,1.0,0.0,0.0,30.0,3.0,18.4
0.0,0.0,1.0,0.0,10.0,83.0,54.0,5.4,25.02
0.0,0.0,1.0,0.0,0.0,3.0,29.0,2.9,11.03
0.0,0.0,0.0,1.0,0.0,38.0,64.0,6.4,13.95
0.0,0.0,1.0,0.0,3.0,15.0,54.0,5.4,27.78
0.0,0.0,0.0,1.0,7.0,30.0,64.0,6.4,21.34
0.0,0.0,1.0,0.0,5.0,14.0,44.0,4.4,12.25
0.0,0.0,1.0,0.0,0.0,83.0,69.0,6.9,18.39
0.0,1.0,0.0,0.0,5.0,0.0,34.0,3.4,18.24
0.0,0.0,1.0,0.0,0.0,90.0,96.0,9.6,27.98
0.0,1.0,0.0,0.0,0.0,28.0,45.0,4.5,22.36
0.0,0.0,1.0,0.0,0.0,53.0,85.0,8.5,26.2
1.0,0.0,0.0,0.0,4.0,71.0,36.0,3.6,27.25
0.0,0.0,1.0,0.0,3.0,7.0,28.0,2.8,9.25
0.0,0.0,1.0,0.0,11.0,19.0,48.0,4.8,23.23
0.0,1.0,0.0,0.0,0.0,24.0,35.0,3.5,29.0
0.0,0.0,0.0,1.0,16.0,33.0,69.0,6.9,25.48
0.0,1.0,0.0,0.0,0.0,4.0,39.0,3.9,12.26
0.0,0.0,0.0,1.0,28.0,85.0,59.0,5.9,26.22
0.0,0.0,0.0,1.0,0.0,13.0,76.0,7.6,12.24
0.0,0.0,1.0,0.0,0.0,49.0,61.0,6.1,22.77
0.0,0.0,0.0,1.0,0.0,66.0,67.0,6.7,24.03
0.0,0.0,0.0,1.0,0.0,0.0,76.0,7.6,20.29
0.0,0.0,0.0,1.0,5.0,23.0,57.0,5.7,16.33
0.0,0.0,0.0,1.0,0.0,52.0,61.0,6.1,23.92
0.0,0.0,0.0,1.0,0.0,11.0,58.0,5.8,22.79
0.0,0.0,1.0,0.0,8.0,43.0,55.0,5.5,12.07
0.0,0.0,1.0,0.0,9.0,28.0,48.0,4.8,22.31
0.0,1.0,0.0,0.0,12.0,76.0,39.0,3.9,35.49
0.0,1.0,0.0,0.0,0.0,14.0,21.0,2.1,24.05
0.0,0.0,0.0,1.0,6.0,15.0,74.0,7.4,18.26
0.0,0.0,0.0,1.0,0.0,49.0,68.0,6.8,12.22
1.0,0.0,0.0,0.0,17.0,40.0,38.0,3.8,14.21
0.0,0.0,1.0,0.0,0.0,31.0,51.0,5.1,28.12
0.0,0.0,0.0,1.0,14.0,79.0,59.0,5.9,27.85
0.0,0.0,1.0,0.0,15.0,61.0,59.0,5.9,33.29
1.0,0.0,0.0,0.0,0.0,59.0,50.0,5.0,23.78
1.0,0.0,0.0,0.0,0.0,57.0,51.0,5.1,24.24
0.0,1.0,0.0,0.0,0.0,61.0,37.0,3.7,26.73
0.0,0.0,0.0,1.0,0.0,50.0,66.0,6.6,12.44
0.0,0.0,1.0,0.0,4.0,18.0,67.0,6.7,24.22
0.0,0.0,1.0,0.0,0.0,6.0,56.0,5.6,18.93
1.0,0.0,0.0,0.0,0.0,85.0,34.0,3.4,29.18
0.0,0.0,0.0,1.0,24.0,88.0,54.0,5.4,26.63
0.0,0.0,1.0,0.0,0.0,6.0,49.0,4.9,17.86
0.0,0.0,0.0,1.0,0.0,36.0,77.0,7.7,20.03
1.0,0.0,0.0,0.0,9.0,51.0,44.0,4.4,24.59
0.0,1.0,0.0,0.0,12.0,33.0,30.0,3.0,30.9
0.0,0.0,0.0,1.0,0.0,2.0,52.0,5.2,10.94
0.0,0.0,1.0,0.0,0.0,54.0,70.0,7.0,30.33
0.0,0.0,1.0,0.0,0.0,11.0,44.0,4.4,12.7
0.0,0.0,1.0,0.0,1.0,47.0,80.0,8.0,19.4
0.0,0.0,1.0,0.0,6.0,31.0,64.0,6.4,20.69
0.0,1.0,0.0,0.0,0.0,20.0,41.0,4.1,14.29
1.0,0.0,0.0,0.0,13.0,26.0,65.0,6.5,27.03
1.0,0.0,0.0,0.0,0.0,6.0,49.0,4.9,20.57
0.0,0.0,0.0,1.0,11.0,58.0,68.0,6.8,23.56
0.0,1.0,0.0,0.0,16.0,51.0,36.0,3.6,20.61
0.0,0.0,0.0,1.0,11.0,64.0,65.0,6.5,21.35
0.0,0.0,0.0,1.0,0.0,21.0,51.0,5.1,20.29
0.0,0.0,1.0,0.0,0.0,30.0,78.0,7.8,21.04
0.0,1.0,0.0,0.0,0.0,4.0,32.0,3.2,10.84
0.0,0.0,1.0,0.0,6.0,36.0,49.0,4.9,25.27
1.0,0.0,0.0,0.0,27.0,80.0,27.0,2.7,23.0
0.0,0.0,0.0,1.0,0.0,31.0,69.0,6.9,28.32
1.0,0.0,0.0,0.0,0.0,77.0,60.0,6.0,15.17
1.0,0.0,0.0,0.0,0.0,75.0,50.0,5.0,20.94
0.0,1.0,0.0,0.0,0.0,47.0,34.0,3.4,28.5
0.0,1.0,0.0,0.0,3.0,48.0,31.0,3.1,18.61
0.0,0.0,1.0,0.0,15.0,41.0,58.0,5.8,20.53
1.0,0.0,0.0,0.0,7.0,31.0,47.0,4.7,17.7
1.0,0.0,0.0,0.0,0.0,0.0,35.0,3.5,22.17
0.0,0.0,1.0,0.0,7.0,40.0,60.0,6.0,21.1
0.0,1.0,0.0,0.0,5.0,30.0,49.0,4.9,23.9
0.0,1.0,0.0,0.0,0.0,25.0,43.0,4.3,22.02
1.0,0.0,0.0,0.0,21.0,43.0,43.0,4.3,21.7
1.0,0.0,0.0,0.0,15.0,7.0,42.0,4.2,14.21
0.0,1.0,0.0,0.0,4.0,63.0,35.0,3.5,14.8
1.0,0.0,0.0,0.0,0.0,35.0,44.0,4.4,23.89
1.0,0.0,0.0,0.0,11.0,19.0,60.0,6.0,13.43
0.0,0.0,1.0,0.0,9.0,51.0,51.0,5.1,33.49
0.0,1.0,0.0,0.0,0.0,0.0,38.0,3.8,11.87
0.0,0.0,0.0,1.0,0.0,0.0,70.0,7.0,17.19
0.0,1.0,0.0,0.0,0.0,12.0,51.0,5.1,21.41
0.0,0.0,0.0,1.0,11.0,10.0,55.0,5.5,14.62
1.0,0.0,0.0,0.0,3.0,49.0,53.0,5.3,21.4
0.0,1.0,0.0,0.0,0.0,44.0,28.0,2.8,15.11
0.0,0.0,1.0,0.0,8.0,51.0,59.0,5.9,23.98
0.0,0.0,0.0,1.0,0.0,44.0,73.0,7.3,16.27
0.0,1.0,0.0,0.0,0.0,66.0,30.0,3.0,17.27
0.0,0.0,0.0,1.0,0.0,48.0,68.0,6.8,26.88
0.0,0.0,1.0,0.0,2.0,20.0,34.0,3.4,23.12
0.0,0.0,1.0,0.0,0.0,0.0,66.0,6.6,11.12
0.0,1.0,0.0,0.0,9.0,7.0,30.0,3.0,19.53
1.0,0.0,0.0,0.0,0.0,24.0,60.0,6.0,24.1
0.0,0.0,0.0,1.0,13.0,26.0,67.0,6.7,25.75
0.0,0.0,1.0,0.0,0.0,24.0,42.0,4.2,24.36
1.0,0.0,0.0,0.0,4.0,11.0,51.0,5.1,25.94
1.0,0.0,0.0,0.0,0.0,7.0,60.0,6.0,11.98
0.0,1.0,0.0,0.0,0.0,29.0,40.0,4.0,14.93
1.0,0.0,0.0,0.0,12.0,122.0,82.0,8.2,32.35
1.0,0.0,0.0,0.0,15.0,14.0,33.0,3.3,19.88
0.0,0.0,0.0,1.0,0.0,19.0,72.0,7.2,22.85
1.0,0.0,0.0,0.0,20.0,79.0,39.0,3.9,33.59
0.0,1.0,0.0,0.0,0.0,39.0,42.0,4.2,20.43
0.0,0.0,0.0,1.0,0.0,5.0,50.0,5.0,13.32
0.0,1.0,0.0,0.0,32.0,22.0,50.0,5.0,17.88
0.0,0.0,0.0,1.0,6.0,77.0,59.0,5.9,22.19
1.0,0.0,0.0,0.0,0.0,12.0,51.0,5.1,20.47
0.0,0.0,1.0,0.0,0.0,23.0,47.0,4.7,24.23
0.0,0.0,0.0,1.0,0.0,41.0,62.0,6.2,23.68
0.0,0.0,1.0,0.0,5.0,0.0,39.0,3.9,16.26
0.0,0.0,1.0,0.0,0.0,56.0,40.0,4.0,24.88
0.0,0.0,0.0,1.0,0.0,4.0,69.0,6.9,14.55
0.0,1.0,0.0,0.0,19.0,21.0,25.0,2.5,25.36
0.0,1.0,0.0,0.0,21.0,26.0,23.0,2.3,17.83
0.0,0.0,0.0,1.0,0.0,0.0,70.0,7.0,20.29
0.0,1.0,0.0,0.0,3.0,73.0,27.0,2.7,23.19
0.0,0.0,1.0,0.0,3.0,7.0,33.0,3.3,19.21
0.0,1.0,0.0,0.0,0.0,94.0,38.0,3.8,28.37
0.0,1.0,0.0,0.0,1.0,19.0,43.0,4.3,18.88
0.0,0.0,0.0,1.0,6.0,59.0,72.0,7.2,30.28
0.0,0.0,1.0,0.0,0.0,8.0,50.0,5.0,18.88
0.0,1.0,0.0,0.0,0.0,52.0,31.0,3.1,26.71
0.0,0.0,0.0,1.0,14.0,58.0,50.0,5.0,23.52
0.0,1.0,0.0,0.0,0.0,68.0,39.0,3.9,22.18
1.0,0.0,0.0,0.0,11.0,37.0,54.0,5.4,18.91
0.0,0.0,1.0,0.0,0.0,20.0,52.0,5.2,20.54
0.0,0.0,0.0,1.0,0.0,68.0,55.0,5.5,26.78
0.0,0.0,1.0,0.0,0.0,38.0,65.0,6.5,12.28
1.0,0.0,0.0,0.0,0.0,49.0,39.0,3.9,25.97
0.0,0.0,1.0,0.0,2.0,31.0,50.0,5.0,22.04
0.0,0.0,0.0,1.0,0.0,30.0,74.0,7.4,21.11
0.0,0.0,1.0,0.0,3.0,42.0,82.0,8.2,29.48
0.0,0.0,1.0,0.0,4.0,58.0,54.0,5.4,16.74
1.0,0.0,0.0,0.0,0.0,36.0,50.0,5.0,22.14
0.0,0.0,0.0,1.0,3.0,23.0,51.0,5.1,19.45
0.0,1.0,0.0,0.0,10.0,64.0,45.0,4.5,19.62
1.0,0.0,0.0,0.0,0.0,11.0,52.0,5.2,21.08
0.0,0.0,1.0,0.0,0.0,19.0,57.0,5.7,21.46
0.0,0.0,0.0,1.0,23.0,51.0,91.0,9.1,24.88
1.0,0.0,0.0,0.0,1.0,30.0,47.0,4.7,24.96
0.0,0.0,1.0,0.0,0.0,50.0,47.0,4.7,25.09
0.0,0.0,0.0,1.0,0.0,42.0,70.0,7.0,25.44
0.0,1.0,0.0,0.0,0.0,30.0,58.0,5.8,22.69
1.0,0.0,0.0,0.0,8.0,32.0,52.0,5.2,17.23
0.0,0.0,1.0,0.0,6.0,15.0,30.0,3.0,12.93
0.0,0.0,0.0,1.0,0.0,0.0,77.0,7.7,17.35
0.0,0.0,1.0,0.0,0.0,15.0,68.0,6.8,26.97
0.0,0.0,0.0,1.0,0.0,24.0,50.0,5.0,30.08
0.0,0.0,1.0,0.0,0.0,51.0,60.0,6.0,20.18
0.0,0.0,1.0,0.0,11.0,46.0,55.0,5.5,13.56
0.0,0.0,0.0,1.0,0.0,21.0,69.0,6.9,12.52
0.0,1.0,0.0,0.0,2.0,61.0,44.0,4.4,30.23
0.0,1.0,0.0,0.0,17.0,22.0,46.0,4.6,13.41
1.0,0.0,0.0,0.0,1.0,17.0,57.0,5.7,29.82
1.0,0.0,0.0,0.0,0.0,55.0,38.0,3.8,28.5
1.0,0.0,0.0,0.0,8.0,70.0,54.0,5.4,30.41
1.0,0.0,0.0,0.0,0.0,0.0,44.0,4.4,18.09
0.0,1.0,0.0,0.0,0.0,7.0,33.0,3.3,18.48
0.0,1.0,0.0,0.0,9.0,86.0,43.0,4.3,19.67
0.0,1.0,0.0,0.0,12.0,63.0,28.0,2.8,29.32
0.0,1.0,0.0,0.0,5.0,15.0,43.0,4.3,24.23
0.0,0.0,0.0,1.0,0.0,24.0,79.0,7.9,22.97
0.0,0.0,1.0,0.0,0.0,30.0,50.0,5.0,12.56
0.0,0.0,1.0,0.0,24.0,72.0,59.0,5.9,20.02
1.0,0.0,0.0,0.0,1.0,72.0,62.0,6.2,35.52
0.0,1.0,0.0,0.0,1.0,72.0,57.0,5.7,25.33
1.0,0.0,0.0,0.0,1.0,56.0,60.0,6.0,26.03
0.0,0.0,0.0,1.0,0.0,28.0,58.0,5.8,19.03
0.0,1.0,0.0,0.0,0.0,30.0,36.0,3.6,12.53
0.0,1.0,0.0,0.0,0.0,10.0,25.0,2.5,23.28
1.0,0.0,0.0,0.0,11.0,59.0,44.0,4.4,13.14
1.0,0.0,0.0,0.0,4.0,30.0,31.0,3.1,27.23
1.0,0.0,0.0,0.0,0.0,35.0,27.0,2.7,24.37
1.0,0.0,0.0,0.0,0.0,43.0,65.0,6.5,23.82
0.0,0.0,1.0,0.0,3.0,73.0,41.0,4.1,34.2
0.0,1.0,0.0,0.0,0.0,13.0,65.0,6.5,13.25
1.0,0.0,0.0,0.0,30.0,28.0,66.0,6.6,19.88
1.0,0.0,0.0,0.0,17.0,20.0,46.0,4.6,27.04
1.0,0.0,0.0,0.0,0.0,51.0,44.0,4.4,27.36
0.0,1.0,0.0,0.0,11.0,4.0,51.0,5.1,17.51
0.0,0.0,1.0,0.0,58.0,18.0,67.0,6.7,10.39
1.0,0.0,0.0,0.0,0.0,16.0,48.0,4.8,22.77
0.0,0.0,0.0,1.0,22.0,88.0,91.0,9.1,21.09
0.0,0.0,1.0,0.0,0.0,20.0,58.0,5.8,24.4
0.0,1.0,0.0,0.0,5.0,0.0,46.0,4.6,18.33
0.0,0.0,1.0,0.0,0.0,48.0,21.0,2.1,19.05
0.0,0.0,1.0,0.0,5.0,57.0,46.0,4.6,16.46
0.0,1.0,0.0,0.0,0.0,22.0,44.0,4.4,26.25
0.0,0.0,0.0,1.0,4.0,32.0,45.0,4.5,17.73
0.0,0.0,0.0,1.0,19.0,14.0,80.0,8.0,19.14
0.0,1.0,0.0,0.0,7.0,35.0,33.0,3.3,24.94
0.0,0.0,0.0,1.0,0.0,28.0,66.0,6.6,28.83
0.0,0.0,1.0,0.0,17.0,32.0,49.0,4.9,18.24
0.0,1.0,0.0,0.0,0.0,78.0,53.0,5.3,27.06
0.0,1.0,0.0,0.0,10.0,9.0,27.0,2.7,10.22
0.0,0.0,1.0,0.0,7.0,49.0,69.0,6.9,20.06
0.0,0.0,1.0,0.0,4.0,3.0,36.0,3.6,16.89
0.0,1.0,0.0,0.0,0.0,30.0,36.0,3.6,12.47
0.0,1.0,0.0,0.0,7.0,48.0,46.0,4.6,29.65
1.0,0.0,0.0,0.0,7.0,59.0,46.0,4.6,27.22
0.0,0.0,0.0,1.0,0.0,56.0,68.0,6.8,24.31
0.0,1.0,0.0,0.0,1.0,75.0,57.0,5.7,26.95
1.0,0.0,0.0,0.0,9.0,9.0,24.0,2.4,20.21
1.0,0.0,0.0,0.0,4.0,57.0,60.0,6.0,26.23
1.0,0.0,0.0,0.0,10.0,82.0,54.0,5.4,32.44
0.0,0.0,0.0,1.0,21.0,26.0,63.0,6.3,13.05
0.0,1.0,0.0,0.0,3.0,52.0,30.0,3.0,17.9
0.0,0.0,0.0,1.0,11.0,2.0,50.0,5.0,9.58
0.0,0.0,0.0,1.0,5.0,45.0,66.0,6.6,17.45
0.0,1.0,0.0,0.0,4.0,51.0,37.0,3.7,24.81
0.0,0.0,1.0,0.0,0.0,0.0,75.0,7.5,11.73
1.0,0.0,0.0,0.0,0.0,39.0,51.0,5.1,12.75
0.0,1.0,0.0,0.0,6.0,54.0,30.0,3.0,28.53
0.0,0.0,0.0,1.0,4.0,45.0,56.0,5.6,13.07
0.0,1.0,0.0,0.0,0.0,70.0,48.0,4.8,15.08
0.0,0.0,1.0,0.0,28.0,72.0,48.0,4.8,19.0
1.0,0.0,0.0,0.0,4.0,40.0,31.0,3.1,27.1
0.0,1.0,0.0,0.0,0.0,59.0,42.0,4.2,24.95
0.0,1.0,0.0,0.0,0.0,2.0,42.0,4.2,16.83
1.0,0.0,0.0,0.0,3.0,63.0,49.0,4.9,29.86
0.0,1.0,0.0,0.0,0.0,25.0,51.0,5.1,24.78
0.0,0.0,0.0,1.0,0.0,34.0,70.0,7.0,10.91
0.0,1.0,0.0,0.0,0.0,69.0,42.0,4.2,29.55
0.0,1.0,0.0,0.0,0.0,19.0,37.0,3.7,26.3
0.0,0.0,1.0,0.0,0.0,20.0,83.0,8.3,24.54
1.0,0.0,0.0,0.0,0.0,22.0,55.0,5.5,28.58
0.0,1.0,0.0,0.0,0.0,3.0,50.0,5.0,22.5
0.0,0.0,1.0,0.0,11.0,46.0,57.0,5.7,18.93
0.0,1.0,0.0,0.0,0.0,46.0,36.0,3.6,18.0
0.0,1.0,0.0,0.0,0.0,35.0,45.0,4.5,21.84
1.0,0.0,0.0,0.0,0.0,12.0,58.0,5.8,27.53
0.0,0.0,0.0,1.0,0.0,33.0,69.0,6.9,29.07
0.0,0.0,1.0,0.0,0.0,28.0,12.0,1.2,19.5
0.0,0.0,1.0,0.0,0.0,18.0,31.0,3.1,24.19
1.0,0.0,0.0,0.0,7.0,76.0,55.0,5.5,13.85
0.0,0.0,0.0,1.0,0.0,23.0,57.0,5.7,25.63
0.0,1.0,0.0,0.0,13.0,72.0,36.0,3.6,26.83
1.0,0.0,0.0,0.0,0.0,79.0,50.0,5.0,27.5
1.0,0.0,0.0,0.0,0.0,31.0,41.0,4.1,21.56
0.0,0.0,0.0,1.0,0.0,18.0,50.0,5.0,19.6
0.0,1.0,0.0,0.0,0.0,7.0,47.0,4.7,10.87
0.0,0.0,1.0,0.0,7.0,64.0,66.0,6.6,21.77
0.0,0.0,1.0,0.0,38.0,61.0,69.0,6.9,20.72
1.0,0.0,0.0,0.0,6.0,37.0,38.0,3.8,23.82
1.0,0.0,0.0,0.0,0.0,31.0,36.0,3.6,15.42
1.0,0.0,0.0,0.0,0.0,0.0,32.0,3.2,16.75
0.0,0.0,1.0,0.0,4.0,57.0,79.0,7.9,25.65
0.0,1.0,0.0,0.0,4.0,78.0,50.0,5.0,13.74
1.0,0.0,0.0,0.0,3.0,26.0,45.0,4.5,23.27
1.0,0.0,0.0,0.0,14.0,42.0,52.0,5.2,23.71
0.0,0.0,1.0,0.0,0.0,71.0,93.0,9.3,23.55
1.0,0.0,0.0,0.0,4.0,73.0,43.0,4.3,23.4
0.0,1.0,0.0,0.0,0.0,12.0,42.0,4.2,22.14
0.0,0.0,1.0,0.0,0.0,33.0,53.0,5.3,28.06
1.0,0.0,0.0,0.0,0.0,73.0,58.0,5.8,30.24
0.0,0.0,0.0,1.0,10.0,60.0,60.0,6.0,22.57
0.0,0.0,1.0,0.0,25.0,78.0,65.0,6.5,24.98
0.0,1.0,0.0,0.0,13.0,48.0,44.0,4.4,24.98
0.0,0.0,0.0,1.0,0.0,94.0,73.0,7.3,26.67
0.0,0.0,0.0,1.0,0.0,14.0,54.0,5.4,24.46
1.0,0.0,0.0,0.0,0.0,32.0,44.0,4.4,19.57
0.0,0.0,1.0,0.0,0.0,42.0,67.0,6.7,17.13
0.0,1.0,0.0,0.0,5.0,20.0,39.0,3.9,26.74
0.0,1.0,0.0,0.0,42.0,3.0,33.0,3.3,14.24
0.0,0.0,0.0,1.0,1.0,21.0,55.0,5.5,19.15
1.0,0.0,0.0,0.0,0.0,41.0,66.0,6.6,16.47
0.0,1.0,0.0,0.0,6.0,67.0,38.0,3.8,16.0
0.0,1.0,0.0,0.0,0.0,6.0,37.0,3.7,9.78
0.0,0.0,1.0,0.0,5.0,57.0,53.0,5.3,31.96
0.0,0.0,1.0,0.0,0.0,19.0,38.0,3.8,13.21
1.0,0.0,0.0,0.0,35.0,17.0,67.0,6.7,22.69
0.0,0.0,0.0,1.0,3.0,37.0,84.0,8.4,13.24
0.0,0.0,0.0,1.0,3.0,57.0,54.0,5.4,26.11
0.0,0.0,0.0,1.0,9.0,71.0,65.0,6.5,14.86
1.0,0.0,0.0,0.0,2.0,67.0,56.0,5.6,28.73
1.0,0.0,0.0,0.0,0.0,53.0,43.0,4.3,23.74
0.0,0.0,0.0,1.0,0.0,44.0,55.0,5.5,23.22
0.0,1.0,0.0,0.0,0.0,43.0,34.0,3.4,26.35
0.0,0.0,1.0,0.0,0.0,4.0,35.0,3.5,22.09
1.0,0.0,0.0,0.0,0.0,15.0,49.0,4.9,21.84
1.0,0.0,0.0,0.0,10.0,59.0,52.0,5.2,29.13
0.0,0.0,0.0,1.0,0.0,0.0,75.0,7.5,20.19
0.0,1.0,0.0,0.0,7.0,32.0,41.0,4.1,14.73
0.0,1.0,0.0,0.0,6.0,37.0,37.0,3.7,18.43
0.0,1.0,0.0,0.0,0.0,41.0,34.0,3.4,20.26
1.0,0.0,0.0,0.0,11.0,64.0,59.0,5.9,30.61
0.0,0.0,0.0,1.0,0.0,28.0,67.0,6.7,12.52
0.0,0.0,1.0,0.0,11.0,59.0,63.0,6.3,34.71
0.0,0.0,0.0,1.0,2.0,43.0,70.0,7.0,22.1
1.0,0.0,0.0,0.0,0.0,57.0,44.0,4.4,22.77
0.0,0.0,1.0,0.0,8.0,6.0,40.0,4.0,17.45
0.0,1.0,0.0,0.0,0.0,25.0,52.0,5.2,22.29
1.0,0.0,0.0,0.0,0.0,22.0,15.0,1.5,29.87
1.0,0.0,0.0,0.0,3.0,56.0,55.0,5.5,36.0
0.0,1.0,0.0,0.0,0.0,29.0,39.0,3.9,29.21
0.0,1.0,0.0,0.0,7.0,29.0,41.0,4.1,21.51
0.0,1.0,0.0,0.0,0.0,3.0,46.0,4.6,11.33
0.0,0.0,1.0,0.0,0.0,9.0,56.0,5.6,17.8
0.0,1.0,0.0,0.0,0.0,42.0,37.0,3.7,24.59
0.0,0.0,1.0,0.0,12.0,45.0,73.0,7.3,22.1
0.0,0.0,1.0,0.0,0.0,39.0,54.0,5.4,31.11
0.0,1.0,0.0,0.0,28.0,29.0,6.0,0.6,20.67
1.0,0.0,0.0,0.0,0.0,6.0,18.0,1.8,20.61
0.0,1.0,0.0,0.0,0.0,48.0,31.0,3.1,31.03
1.0,0.0,0.0,0.0,4.0,13.0,57.0,5.7,25.95
0.0,0.0,1.0,0.0,0.0,20.0,50.0,5.0,13.46
0.0,1.0,0.0,0.0,3.0,34.0,28.0,2.8,23.61
0.0,0.0,0.0,1.0,12.0,29.0,76.0,7.6,19.93
1.0,0.0,0.0,0.0,6.0,87.0,51.0,5.1,25.73
0.0,0.0,0.0,1.0,7.0,35.0,61.0,6.1,20.93
1.0,0.0,0.0,0.0,0.0,29.0,64.0,6.4,24.12
0.0,0.0,0.0,1.0,0.0,14.0,63.0,6.3,21.13
0.0,0.0,0.0,1.0,8.0,77.0,67.0,6.7,25.21
0.0,0.0,1.0,0.0,4.0,13.0,67.0,6.7,19.96
0.0,0.0,1.0,0.0,0.0,15.0,42.0,4.2,13.07
0.0,1.0,0.0,0.0,9.0,23.0,36.0,3.6,11.86
0.0,0.0,0.0,1.0,0.0,43.0,74.0,7.4,24.58
1.0,0.0,0.0,0.0,17.0,60.0,36.0,3.6,23.64
1.0,0.0,0.0,0.0,0.0,19.0,52.0,5.2,25.25
0.0,0.0,1.0,0.0,7.0,21.0,58.0,5.8,26.52
0.0,0.0,1.0,0.0,7.0,32.0,47.0,4.7,10.81
0.0,0.0,0.0,1.0,11.0,37.0,69.0,6.9,22.86
1.0,0.0,0.0,0.0,0.0,33.0,67.0,6.7,23.1
1.0,0.0,0.0,0.0,7.0,32.0,46.0,4.6,21.07
1.0,0.0,0.0,0.0,1.0,54.0,46.0,4.6,31.8
0.0,0.0,0.0,1.0,2.0,54.0,54.0,5.4,25.15
0.0,0.0,0.0,1.0,0.0,0.0,77.0,7.7,21.81
1.0,0.0,0.0,0.0,0.0,0.0,52.0,5.2,17.23
0.0,0.0,0.0,1.0,0.0,38.0,65.0,6.5,20.88
0.0,0.0,1.0,0.0,0.0,10.0,37.0,3.7,25.97
1.0,0.0,0.0,0.0,5.0,38.0,35.0,3.5,23.97
0.0,0.0,0.0,1.0,3.0,43.0,42.0,4.2,14.55
0.0,1.0,0.0,0.0,0.0,58.0,53.0,5.3,13.96
0.0,0.0,1.0,0.0,0.0,6.0,68.0,6.8,16.1
0.0,0.0,0.0,1.0,12.0,37.0,65.0,6.5,16.78
1.0,0.0,0.0,0.0,0.0,29.0,55.0,5.5,20.78
1.0,0.0,0.0,0.0,0.0,44.0,47.0,4.7,15.13
0.0,0.0,0.0,1.0,5.0,57.0,55.0,5.5,30.07
1.0,0.0,0.0,0.0,8.0,36.0,59.0,5.9,20.68
0.0,0.0,1.0,0.0,3.0,27.0,51.0,5.1,24.55
0.0,1.0,0.0,0.0,1.0,34.0,51.0,5.1,26.1
0.0,1.0,0.0,0.0,0.0,2.0,52.0,5.2,20.75
0.0,1.0,0.0,0.0,0.0,6.0,43.0,4.3,12.0
0.0,0.0,0.0,1.0,6.0,59.0,69.0,6.9,27.2
1.0,0.0,0.0,0.0,17.0,37.0,52.0,5.2,23.94
0.0,1.0,0.0,0.0,6.0,16.0,54.0,5.4,14.46
0.0,0.0,1.0,0.0,4.0,24.0,59.0,5.9,26.02
1.0,0.0,0.0,0.0,0.0,0.0,51.0,5.1,14.59
1.0,0.0,0.0,0.0,5.0,15.0,63.0,6.3,16.35
1.0,0.0,0.0,0.0,22.0,34.0,63.0,6.3,23.37
0.0,0.0,1.0,0.0,6.0,77.0,32.0,3.2,25.25
1.0,0.0,0.0,0.0,16.0,14.0,51.0,5.1,31.18
0.0,0.0,0.0,1.0,0.0,14.0,54.0,5.4,20.76
0.0,0.0,0.0,1.0,4.0,93.0,70.0,7.0,26.26
0.0,0.0,1.0,0.0,0.0,4.0,60.0,6.0,22.55
0.0,0.0,0.0,1.0,9.0,81.0,74.0,7.4,16.0
0.0,1.0,0.0,0.0,9.0,42.0,43.0,4.3,30.19
1.0,0.0,0.0,0.0,0.0,36.0,49.0,4.9,26.08
0.0,0.0,0.0,1.0,0.0,52.0,46.0,4.6,14.24
0.0,1.0,0.0,0.0,8.0,29.0,39.0,3.9,13.74
0.0,0.0,0.0,1.0,0.0,55.0,85.0,8.5,14.08
1.0,0.0,0.0,0.0,6.0,31.0,64.0,6.4,24.75
0.0,1.0,0.0,0.0,12.0,46.0,35.0,3.5,24.8
0.0,1.0,0.0,0.0,0.0,56.0,39.0,3.9,16.18
0.0,0.0,0.0,1.0,0.0,33.0,57.0,5.7,21.61
1.0,0.0,0.0,0.0,0.0,28.0,37.0,3.7,23.16
0.0,0.0,1.0,0.0,0.0,50.0,75.0,7.5,15.07
0.0,0.0,1.0,0.0,3.0,92.0,52.0,5.2,27.37
0.0,1.0,0.0,0.0,0.0,24.0,18.0,1.8,12.06
1.0,0.0,0.0,0.0,1.0,51.0,47.0,4.7,25.51
0.0,0.0,0.0,1.0,16.0,42.0,68.0,6.8,24.24
1.0,0.0,0.0,0.0,0.0,129.0,34.0,3.4,26.15
1.0,0.0,0.0,0.0,0.0,23.0,38.0,3.8,29.82
0.0,0.0,1.0,0.0,0.0,20.0,56.0,5.6,15.46
0.0,0.0,1.0,0.0,19.0,43.0,64.0,6.4,24.16
0.0,1.0,0.0,0.0,3.0,55.0,20.0,2.0,16.05
1.0,0.0,0.0,0.0,8.0,25.0,33.0,3.3,16.27
0.0,0.0,0.0,1.0,0.0,63.0,46.0,4.6,18.09
0.0,0.0,0.0,1.0,0.0,61.0,73.0,7.3,13.11
1.0,0.0,0.0,0.0,22.0,5.0,50.0,5.0,13.98
0.0,0.0,0.0,1.0,3.0,57.0,69.0,6.9,15.93
0.0,1.0,0.0,0.0,0.0,17.0,36.0,3.6,17.36
0.0,0.0,1.0,0.0,10.0,11.0,47.0,4.7,13.06
0.0,0.0,1.0,0.0,0.0,58.0,48.0,4.8,31.56
0.0,1.0,0.0,0.0,0.0,41.0,41.0,4.1,21.83
1.0,0.0,0.0,0.0,0.0,27.0,47.0,4.7,22.43
0.0,1.0,0.0,0.0,15.0,26.0,46.0,4.6,18.59
0.0,0.0,0.0,1.0,2.0,67.0,57.0,5.7,29.18
0.0,0.0,0.0,1.0,7.0,76.0,54.0,5.4,32.31
1.0,0.0,0.0,0.0,16.0,59.0,72.0,7.2,30.71
0.0,1.0,0.0,0.0,25.0,73.0,40.0,4.0,21.2
0.0,0.0,1.0,0.0,7.0,75.0,64.0,6.4,26.06
0.0,0.0,0.0,1.0,0.0,24.0,81.0,8.1,15.23
0.0,0.0,1.0,0.0,0.0,24.0,46.0,4.6,15.0
0.0,0.0,1.0,0.0,0.0,44.0,61.0,6.1,25.41
0.0,1.0,0.0,0.0,9.0,67.0,48.0,4.8,31.94
0.0,1.0,0.0,0.0,0.0,78.0,43.0,4.3,15.35
0.0,1.0,0.0,0.0,0.0,19.0,53.0,5.3,30.87
1.0,0.0,0.0,0.0,0.0,0.0,28.0,2.8,20.29
0.0,1.0,0.0,0.0,42.0,90.0,54.0,5.4,22.15
1.0,0.0,0.0,0.0,0.0,39.0,48.0,4.8,18.96
0.0,0.0,1.0,0.0,2.0,81.0,48.0,4.8,13.15
1.0,0.0,0.0,0.0,14.0,6.0,34.0,3.4,19.12
1.0,0.0,0.0,0.0,0.0,20.0,46.0,4.6,24.15
0.0,1.0,0.0,0.0,0.0,19.0,22.0,2.2,21.77
0.0,0.0,1.0,0.0,7.0,20.0,58.0,5.8,24.64
1.0,0.0,0.0,0.0,0.0,15.0,45.0,4.5,20.36
0.0,0.0,1.0,0.0,0.0,4.0,50.0,5.0,21.56
0.0,0.0,0.0,1.0,11.0,18.0,66.0,6.6,17.53
0.0,1.0,0.0,0.0,0.0,0.0,44.0,4.4,10.7
0.0,0.0,0.0,1.0,0.0,28.0,66.0,6.6,22.55
1.0,0.0,0.0,0.0,0.0,16.0,51.0,5.1,15.04
0.0,0.0,1.0,0.0,0.0,3.0,54.0,5.4,17.81
1.0,0.0,0.0,0.0,9.0,7.0,27.0,2.7,18.37
0.0,0.0,0.0,1.0,0.0,2.0,71.0,7.1,10.54
1.0,0.0,0.0,0.0,9.0,50.0,41.0,4.1,26.85
0.0,0.0,1.0,0.0,0.0,29.0,73.0,7.3,18.93
0.0,0.0,1.0,0.0,0.0,0.0,51.0,5.1,17.8
0.0,0.0,0.0,1.0,1.0,32.0,55.0,5.5,22.6
1.0,0.0,0.0,0.0,0.0,22.0,34.0,3.4,25.62
0.0,1.0,0.0,0.0,2.0,10.0,39.0,3.9,19.15
1.0,0.0,0.0,0.0,0.0,57.0,52.0,5.2,26.94
0.0,1.0,0.0,0.0,0.0,20.0,57.0,5.7,30.53
0.0,1.0,0.0,0.0,0.0,2.0,29.0,2.9,15.17
0.0,0.0,1.0,0.0,0.0,12.0,32.0,3.2,12.94
0.0,0.0,0.0,1.0,20.0,21.0,77.0,7.7,25.36
0.0,0.0,1.0,0.0,7.0,71.0,34.0,3.4,25.82
1.0,0.0,0.0,0.0,7.0,35.0,37.0,3.7,23.62
1.0,0.0,0.0,0.0,13.0,67.0,42.0,4.2,32.67
1.0,0.0,0.0,0.0,0.0,15.0,31.0,3.1,23.81
0.0,0.0,1.0,0.0,11.0,41.0,36.0,3.6,13.08
0.0,1.0,0.0,0.0,5.0,70.0,49.0,4.9,26.78
0.0,0.0,1.0,0.0,2.0,58.0,45.0,4.5,34.04
1.0,0.0,0.0,0.0,0.0,25.0,23.0,2.3,22.0
0.0,0.0,1.0,0.0,20.0,78.0,53.0,5.3,21.04
0.0,0.0,0.0,1.0,15.0,36.0,46.0,4.6,18.57
0.0,0.0,0.0,1.0,0.0,23.0,65.0,6.5,21.22
1.0,0.0,0.0,0.0,10.0,34.0,51.0,5.1,27.25
0.0,0.0,1.0,0.0,0.0,11.0,48.0,4.8,13.48
0.0,1.0,0.0,0.0,15.0,38.0,39.0,3.9,25.62
0.0,1.0,0.0,0.0,4.0,53.0,46.0,4.6,18.13
0.0,1.0,0.0,0.0,0.0,0.0,34.0,3.4,10.79
0.0,0.0,0.0,1.0,0.0,41.0,60.0,6.0,14.08
0.0,0.0,0.0,1.0,0.0,17.0,64.0,6.4,26.64
0.0,0.0,0.0,1.0,10.0,19.0,67.0,6.7,21.21
1.0,0.0,0.0,0.0,0.0,36.0,47.0,4.7,14.83
0.0,0.0,1.0,0.0,9.0,26.0,70.0,7.0,13.47
1.0,0.0,0.0,0.0,3.0,64.0,73.0,7.3,25.18
0.0,0.0,1.0,0.0,7.0,85.0,53.0,5.3,24.53
0.0,0.0,1.0,0.0,0.0,39.0,5.0,0.5,19.2
1.0,0.0,0.0,0.0,9.0,67.0,74.0,7.4,18.53
0.0,0.0,1.0,0.0,6.0,55.0,47.0,4.7,13.28
0.0,1.0,0.0,0.0,10.0,60.0,38.0,3.8,14.97
0.0,0.0,1.0,0.0,0.0,39.0,82.0,8.2,20.27
1.0,0.0,0.0,0.0,8.0,51.0,52.0,5.2,32.48
0.0,1.0,0.0,0.0,0.0,42.0,36.0,3.6,20.72
0.0,0.0,0.0,1.0,0.0,60.0,55.0,5.5,28.27
0.0,1.0,0.0,0.0,0.0,17.0,62.0,6.2,23.34
0.0,0.0,0.0,1.0,12.0,31.0,43.0,4.3,18.63
1.0,0.0,0.0,0.0,14.0,8.0,53.0,5.3,11.92
0.0,1.0,0.0,0.0,0.0,15.0,39.0,3.9,24.69
1.0,0.0,0.0,0.0,8.0,28.0,46.0,4.6,21.85
0.0,1.0,0.0,0.0,0.0,12.0,27.0,2.7,11.89
0.0,1.0,0.0,0.0,0.0,75.0,33.0,3.3,28.39
0.0,1.0,0.0,0.0,12.0,31.0,34.0,3.4,25.65
0.0,0.0,1.0,0.0,2.0,54.0,51.0,5.1,31.47
0.0,0.0,1.0,0.0,11.0,10.0,43.0,4.3,27.47
1.0,0.0,0.0,0.0,8.0,30.0,45.0,4.5,19.89
0.0,0.0,1.0,0.0,16.0,41.0,33.0,3.3,11.82
0.0,0.0,1.0,0.0,7.0,0.0,61.0,6.1,9.77
0.0,0.0,1.0,0.0,3.0,0.0,21.0,2.1,14.81
1.0,0.0,0.0,0.0,6.0,39.0,47.0,4.7,18.34
0.0,0.0,0.0,1.0,0.0,18.0,78.0,7.8,18.78
0.0,1.0,0.0,0.0,0.0,12.0,48.0,4.8,23.0
1.0,0.0,0.0,0.0,0.0,12.0,58.0,5.8,25.88
0.0,0.0,0.0,1.0,0.0,12.0,81.0,8.1,22.88
1.0,0.0,0.0,0.0,0.0,7.0,72.0,7.2,18.49
1.0,0.0,0.0,0.0,0.0,17.0,41.0,4.1,22.49
0.0,1.0,0.0,0.0,22.0,88.0,32.0,3.2,18.25
1.0,0.0,0.0,0.0,0.0,0.0,50.0,5.0,16.74
0.0,0.0,0.0,1.0,0.0,7.0,60.0,6.0,16.88
1.0,0.0,0.0,0.0,10.0,20.0,51.0,5.1,28.16
0.0,1.0,0.0,0.0,0.0,50.0,29.0,2.9,24.52
0.0,0.0,0.0,1.0,0.0,11.0,72.0,7.2,14.67
0.0,1.0,0.0,0.0,10.0,67.0,49.0,4.9,16.84
0.0,1.0,0.0,0.0,0.0,7.0,29.0,2.9,21.1
0.0,1.0,0.0,0.0,10.0,37.0,30.0,3.0,24.07
0.0,0.0,0.0,1.0,12.0,48.0,89.0,8.9,22.52
0.0,0.0,0.0,1.0,6.0,40.0,78.0,7.8,23.28
0.0,0.0,0.0,1.0,6.0,24.0,62.0,6.2,26.77
0.0,0.0,0.0,1.0,7.0,76.0,80.0,8.0,27.96
1.0,0.0,0.0,0.0,5.0,26.0,54.0,5.4,24.02
0.0,0.0,1.0,0.0,0.0,26.0,64.0,6.4,22.75
1.0,0.0,0.0,0.0,0.0,0.0,56.0,5.6,21.54
0.0,0.0,0.0,1.0,3.0,33.0,50.0,5.0,20.44
0.0,0.0,0.0,1.0,18.0,65.0,68.0,6.8,23.74
0.0,1.0,0.0,0.0,8.0,50.0,58.0,5.8,26.93
0.0,0.0,1.0,0.0,0.0,36.0,63.0,6.3,27.32
0.0,0.0,0.0,1.0,0.0,31.0,58.0,5.8,15.29
1.0,0.0,0.0,0.0,0.0,29.0,48.0,4.8,23.38
0.0,0.0,1.0,0.0,0.0,31.0,39.0,3.9,22.87
0.0,0.0,0.0,1.0,0.0,58.0,67.0,6.7,25.12
0.0,0.0,1.0,0.0,0.0,58.0,73.0,7.3,15.48
0.0,0.0,0.0,1.0,0.0,85.0,45.0,4.5,18.56
0.0,0.0,0.0,1.0,25.0,56.0,69.0,6.9,25.84
0.0,1.0,0.0,0.0,9.0,32.0,36.0,3.6,21.39
1.0,0.0,0.0,0.0,5.0,0.0,42.0,4.2,11.9
1.0,0.0,0.0,0.0,0.0,70.0,57.0,5.7,16.93
0.0,0.0,1.0,0.0,0.0,51.0,54.0,5.4,20.96
0.0,1.0,0.0,0.0,2.0,52.0,21.0,2.1,34.05
0.0,0.0,1.0,0.0,19.0,5.0,57.0,5.7,18.47
0.0,1.0,0.0,0.0,19.0,52.0,52.0,5.2,32.67
1.0,0.0,0.0,0.0,2.0,36.0,73.0,7.3,22.33
0.0,0.0,0.0,1.0,0.0,23.0,76.0,7.6,14.47
0.0,1.0,0.0,0.0,21.0,35.0,51.0,5.1,18.96
1.0,0.0,0.0,0.0,2.0,10.0,38.0,3.8,15.53
0.0,0.0,1.0,0.0,6.0,65.0,37.0,3.7,25.51
0.0,0.0,1.0,0.0,0.0,24.0,36.0,3.6,14.56
1.0,0.0,0.0,0.0,0.0,40.0,43.0,4.3,22.23
0.0,0.0,0.0,1.0,8.0,53.0,46.0,4.6,29.39
0.0,0.0,0.0,1.0,0.0,6.0,76.0,7.6,15.59
0.0,1.0,0.0,0.0,0.0,19.0,31.0,3.1,24.81
0.0,1.0,0.0,0.0,7.0,64.0,38.0,3.8,26.61
0.0,1.0,0.0,0.0,0.0,24.0,57.0,5.7,30.42
0.0,0.0,0.0,1.0,0.0,26.0,39.0,3.9,18.23
0.0,1.0,0.0,0.0,0.0,42.0,36.0,3.6,18.78
0.0,1.0,0.0,0.0,0.0,22.0,20.0,2.0,11.4
0.0,1.0,0.0,0.0,0.0,3.0,58.0,5.8,21.93
0.0,0.0,0.0,1.0,5.0,0.0,45.0,4.5,16.76
0.0,0.0,0.0,1.0,0.0,0.0,78.0,7.8,16.77
1.0,0.0,0.0,0.0,0.0,60.0,74.0,7.4,21.95
0.0,0.0,1.0,0.0,37.0,41.0,58.0,5.8,12.72
0.0,0.0,0.0,1.0,0.0,72.0,77.0,7.7,27.81
0.0,1.0,0.0,0.0,4.0,0.0,36.0,3.6,9.03
1.0,0.0,0.0,0.0,0.0,26.0,33.0,3.3,27.0
0.0,0.0,1.0,0.0,3.0,0.0,47.0,4.7,19.81
1.0,0.0,0.0,0.0,0.0,18.0,55.0,5.5,20.02
0.0,0.0,0.0,1.0,9.0,17.0,65.0,6.5,18.15
0.0,0.0,0.0,1.0,2.0,54.0,78.0,7.8,26.85
1.0,0.0,0.0,0.0,4.0,0.0,36.0,3.6,16.75
1.0,0.0,0.0,0.0,0.0,17.0,54.0,5.4,23.11
0.0,0.0,0.0,1.0,0.0,36.0,68.0,6.8,21.01
0.0,0.0,0.0,1.0,0.0,11.0,75.0,7.5,22.51
1.0,0.0,0.0,0.0,7.0,7.0,67.0,6.7,10.22
0.0,1.0,0.0,0.0,2.0,41.0,14.0,1.4,27.71
0.0,0.0,0.0,1.0,18.0,42.0,60.0,6.0,11.32
0.0,1.0,0.0,0.0,0.0,43.0,39.0,3.9,20.95
0.0,0.0,0.0,1.0,0.0,21.0,55.0,5.5,22.71
1.0,0.0,0.0,0.0,5.0,54.0,56.0,5.6,16.73
1.0,0.0,0.0,0.0,13.0,30.0,42.0,4.2,21.14
0.0,1.0,0.0,0.0,3.0,35.0,35.0,3.5,22.06
0.0,0.0,0.0,1.0,0.0,55.0,52.0,5.2,14.46
0.0,0.0,1.0,0.0,3.0,26.0,41.0,4.1,21.8
0.0,1.0,0.0,0.0,12.0,48.0,44.0,4.4,17.41
0.0,1.0,0.0,0.0,0.0,43.0,49.0,4.9,11.69
0.0,0.0,1.0,0.0,7.0,62.0,67.0,6.7,17.84
1.0,0.0,0.0,0.0,0.0,49.0,42.0,4.2,24.6
0.0,0.0,0.0,1.0,19.0,32.0,81.0,8.1,22.15
0.0,0.0,0.0,1.0,0.0,63.0,62.0,6.2,15.61
1.0,0.0,0.0,0.0,6.0,36.0,56.0,5.6,21.12
0.0,0.0,1.0,0.0,6.0,59.0,57.0,5.7,29.7
1.0,0.0,0.0,0.0,2.0,54.0,50.0,5.0,30.2
0.0,0.0,0.0,1.0,0.0,20.0,69.0,6.9,23.96
0.0,0.0,0.0,1.0,0.0,40.0,56.0,5.6,16.5
0.0,0.0,1.0,0.0,14.0,20.0,77.0,7.7,15.16
0.0,1.0,0.0,0.0,0.0,22.0,33.0,3.3,24.55
0.0,1.0,0.0,0.0,0.0,49.0,48.0,4.8,19.98
0.0,0.0,0.0,1.0,0.0,7.0,66.0,6.6,20.17
1.0,0.0,0.0,0.0,17.0,25.0,44.0,4.4,23.77
1.0,0.0,0.0,0.0,12.0,36.0,39.0,3.9,20.23
1.0,0.0,0.0,0.0,0.0,56.0,65.0,6.5,28.57
0.0,1.0,0.0,0.0,0.0,20.0,41.0,4.1,27.44
0.0,1.0,0.0,0.0,9.0,26.0,24.0,2.4,26.04
0.0,0.0,0.0,1.0,0.0,0.0,61.0,6.1,13.61
0.0,1.0,0.0,0.0,0.0,31.0,57.0,5.7,24.7
0.0,0.0,1.0,0.0,0.0,48.0,77.0,7.7,19.62
1.0,0.0,0.0,0.0,0.0,7.0,44.0,4.4,24.48
1.0,0.0,0.0,0.0,16.0,51.0,59.0,5.9,15.88
0.0,0.0,1.0,0.0,0.0,43.0,57.0,5.7,12.63
1.0,0.0,0.0,0.0,9.0,74.0,58.0,5.8,31.62
0.0,0.0,0.0,1.0,0.0,69.0,44.0,4.4,14.11
0.0,0.0,1.0,0.0,1.0,49.0,55.0,5.5,27.87
1.0,0.0,0.0,0.0,7.0,36.0,52.0,5.2,23.17
1.0,0.0,0.0,0.0,0.0,0.0,53.0,5.3,17.7
0.0,0.0,1.0,0.0,12.0,122.0,54.0,5.4,13.61
1.0,0.0,0.0,0.0,0.0,12.0,57.0,5.7,19.67
0.0,0.0,0.0,1.0,0.0,36.0,82.0,8.2,14.32
0.0,0.0,1.0,0.0,4.0,57.0,70.0,7.0,25.87
0.0,1.0,0.0,0.0,0.0,53.0,32.0,3.2,28.53
0.0,0.0,0.0,1.0,6.0,67.0,74.0,7.4,31.01
0.0,0.0,1.0,0.0,1.0,40.0,29.0,2.9,22.28
1.0,0.0,0.0,0.0,0.0,0.0,50.0,5.0,22.4
1.0,0.0,0.0,0.0,22.0,34.0,46.0,4.6,21.61
0.0,0.0,0.0,1.0,0.0,85.0,62.0,6.2,18.19
1.0,0.0,0.0,0.0,2.0,61.0,76.0,7.6,26.26
0.0,0.0,0.0,1.0,0.0,18.0,56.0,5.6,18.09
0.0,1.0,0.0,0.0,2.0,55.0,45.0,4.5,33.62
1.0,0.0,0.0,0.0,0.0,7.0,54.0,5.4,16.63
0.0,0.0,1.0,0.0,3.0,42.0,71.0,7.1,22.73
0.0,1.0,0.0,0.0,0.0,22.0,33.0,3.3,22.64
0.0,1.0,0.0,0.0,0.0,22.0,60.0,6.0,26.47
0.0,0.0,1.0,0.0,0.0,23.0,59.0,5.9,30.42
1.0,0.0,0.0,0.0,13.0,44.0,41.0,4.1,26.88
0.0,0.0,1.0,0.0,0.0,0.0,33.0,3.3,20.12
1.0,0.0,0.0,0.0,0.0,19.0,50.0,5.0,27.9
0.0,1.0,0.0,0.0,13.0,29.0,47.0,4.7,20.3
1.0,0.0,0.0,0.0,30.0,12.0,57.0,5.7,10.95
0.0,1.0,0.0,0.0,1.0,44.0,50.0,5.0,13.56
1.0,0.0,0.0,0.0,24.0,39.0,32.0,3.2,18.19
1.0,0.0,0.0,0.0,10.0,80.0,35.0,3.5,33.69
0.0,0.0,1.0,0.0,5.0,22.0,28.0,2.8,20.18
0.0,0.0,0.0,1.0,0.0,15.0,56.0,5.6,22.79
0.0,1.0,0.0,0.0,10.0,52.0,33.0,3.3,23.09
1.0,0.0,0.0,0.0,2.0,43.0,53.0,5.3,28.02
0.0,0.0,0.0,1.0,8.0,6.0,58.0,5.8,17.62
0.0,0.0,0.0,1.0,35.0,17.0,45.0,4.5,21.24
1.0,0.0,0.0,0.0,4.0,55.0,45.0,4.5,29.73
0.0,1.0,0.0,0.0,3.0,0.0,33.0,3.3,16.0
0.0,1.0,0.0,0.0,0.0,42.0,43.0,4.3,23.05
0.0,0.0,0.0,1.0,5.0,65.0,68.0,6.8,16.87
0.0,0.0,1.0,0.0,0.0,19.0,63.0,6.3,11.7
0.0,0.0,0.0,1.0,7.0,40.0,75.0,7.5,18.79
0.0,1.0,0.0,0.0,11.0,37.0,37.0,3.7,13.76
1.0,0.0,0.0,0.0,0.0,28.0,49.0,4.9,24.29
0.0,1.0,0.0,0.0,0.0,25.0,29.0,2.9,23.55
1.0,0.0,0.0,0.0,0.0,28.0,62.0,6.2,19.35
1.0,0.0,0.0,0.0,0.0,14.0,46.0,4.6,27.59
0.0,0.0,0.0,1.0,7.0,39.0,73.0,7.3,23.14
0.0,0.0,1.0,0.0,0.0,0.0,42.0,4.2,14.76
0.0,1.0,0.0,0.0,0.0,3.0,28.0,2.8,19.25
0.0,0.0,1.0,0.0,9.0,15.0,51.0,5.1,17.69
0.0,1.0,0.0,0.0,6.0,59.0,35.0,3.5,35.71
1.0,0.0,0.0,0.0,0.0,3.0,37.0,3.7,17.92
0.0,0.0,0.0,1.0,3.0,22.0,90.0,9.0,26.94
0.0,0.0,0.0,1.0,0.0,2.0,67.0,6.7,10.78
0.0,0.0,0.0,1.0,0.0,19.0,66.0,6.6,23.09
0.0,0.0,1.0,0.0,7.0,16.0,41.0,4.1,19.61
0.0,1.0,0.0,0.0,4.0,9.0,47.0,4.7,15.53
0.0,0.0,0.0,1.0,7.0,45.0,75.0,7.5,13.8
0.0,1.0,0.0,0.0,14.0,31.0,43.0,4.3,26.77
0.0,0.0,0.0,1.0,5.0,57.0,65.0,6.5,23.05
0.0,0.0,1.0,0.0,0.0,12.0,38.0,3.8,11.08
0.0,0.0,0.0,1.0,17.0,40.0,72.0,7.2,30.64
0.0,0.0,1.0,0.0,7.0,29.0,33.0,3.3,24.82
0.0,0.0,1.0,0.0,0.0,58.0,41.0,4.1,15.15
1.0,0.0,0.0,0.0,4.0,33.0,68.0,6.8,23.37
0.0,0.0,1.0,0.0,4.0,0.0,65.0,6.5,23.14
1.0,0.0,0.0,0.0,8.0,51.0,47.0,4.7,25.36
0.0,0.0,0.0,1.0,0.0,37.0,79.0,7.9,20.89
1.0,0.0,0.0,0.0,3.0,34.0,44.0,4.4,22.36
1.0,0.0,0.0,0.0,0.0,19.0,50.0,5.0,25.5
0.0,0.0,1.0,0.0,0.0,30.0,68.0,6.8,29.5
1.0,0.0,0.0,0.0,22.0,31.0,60.0,6.0,16.62
0.0,0.0,1.0,0.0,3.0,22.0,35.0,3.5,22.54
1.0,0.0,0.0,0.0,5.0,0.0,59.0,5.9,19.73
0.0,1.0,0.0,0.0,0.0,58.0,34.0,3.4,18.21
0.0,1.0,0.0,0.0,0.0,36.0,42.0,4.2,22.95
1.0,0.0,0.0,0.0,14.0,59.0,52.0,5.2,24.46
1.0,0.0,0.0,0.0,0.0,7.0,51.0,5.1,9.41
0.0,0.0,0.0,1.0,8.0,30.0,50.0,5.0,30.06
1.0,0.0,0.0,0.0,3.0,44.0,42.0,4.2,15.33
0.0,0.0,1.0,0.0,0.0,10.0,59.0,5.9,18.93
0.0,0.0,1.0,0.0,0.0,0.0,41.0,4.1,10.0
1.0,0.0,0.0,0.0,0.0,11.0,30.0,3.0,18.23
1.0,0.0,0.0,0.0,0.0,15.0,53.0,5.3,24.94
0.0,0.0,1.0,0.0,0.0,15.0,27.0,2.7,24.44
0.0,1.0,0.0,0.0,0.0,69.0,28.0,2.8,23.0
0.0,0.0,1.0,0.0,5.0,26.0,48.0,4.8,21.12
1.0,0.0,0.0,0.0,10.0,11.0,51.0,5.1,28.47
1.0,0.0,0.0,0.0,9.0,41.0,38.0,3.8,24.92
0.0,0.0,1.0,0.0,3.0,51.0,48.0,4.8,36.29
1.0,0.0,0.0,0.0,13.0,28.0,24.0,2.4,26.83
1.0,0.0,0.0,0.0,0.0,43.0,75.0,7.5,22.12
0.0,1.0,0.0,0.0,0.0,27.0,38.0,3.8,25.63
1.0,0.0,0.0,0.0,0.0,7.0,39.0,3.9,16.03
0.0,1.0,0.0,0.0,17.0,30.0,28.0,2.8,16.75
1.0,0.0,0.0,0.0,4.0,10.0,54.0,5.4,25.46
0.0,0.0,1.0,0.0,11.0,28.0,41.0,4.1,17.22
0.0,1.0,0.0,0.0,7.0,29.0,27.0,2.7,26.59
1.0,0.0,0.0,0.0,0.0,6.0,38.0,3.8,20.55
1.0,0.0,0.0,0.0,1.0,28.0,42.0,4.2,29.95
1.0,0.0,0.0,0.0,0.0,18.0,51.0,5.1,23.2
0.0,0.0,0.0,1.0,0.0,19.0,67.0,6.7,24.72
0.0,0.0,1.0,0.0,0.0,45.0,44.0,4.4,14.64
0.0,0.0,1.0,0.0,9.0,73.0,41.0,4.1,34.32
0.0,1.0,0.0,0.0,0.0,23.0,60.0,6.0,11.52
0.0,0.0,1.0,0.0,11.0,22.0,65.0,6.5,18.88
0.0,0.0,0.0,1.0,0.0,87.0,56.0,5.6,20.98
0.0,0.0,1.0,0.0,2.0,50.0,70.0,7.0,22.39
1.0,0.0,0.0,0.0,0.0,9.0,50.0,5.0,18.28
1.0,0.0,0.0,0.0,19.0,38.0,50.0,5.0,30.26
0.0,0.0,0.0,1.0,9.0,18.0,58.0,5.8,25.93
0.0,0.0,0.0,1.0,9.0,26.0,74.0,7.4,24.43
0.0,1.0,0.0,0.0,0.0,0.0,35.0,3.5,21.03
1.0,0.0,0.0,0.0,0.0,19.0,35.0,3.5,21.17
0.0,0.0,1.0,0.0,0.0,33.0,65.0,6.5,21.17
0.0,0.0,1.0,0.0,0.0,16.0,78.0,7.8,22.64
1.0,0.0,0.0,0.0,15.0,33.0,38.0,3.8,21.76
0.0,0.0,1.0,0.0,17.0,87.0,52.0,5.2,31.85
1.0,0.0,0.0,0.0,8.0,47.0,54.0,5.4,25.28
0.0,0.0,0.0,1.0,0.0,42.0,54.0,5.4,14.04
0.0,1.0,0.0,0.0,0.0,0.0,38.0,3.8,15.47
1.0,0.0,0.0,0.0,0.0,0.0,52.0,5.2,21.37
0.0,0.0,0.0,1.0,14.0,38.0,69.0,6.9,19.13
0.0,1.0,0.0,0.0,0.0,7.0,40.0,4.0,19.5
0.0,0.0,0.0,1.0,8.0,14.0,63.0,6.3,18.4
0.0,0.0,1.0,0.0,15.0,53.0,73.0,7.3,30.86
0.0,0.0,1.0,0.0,16.0,43.0,65.0,6.5,23.14
0.0,0.0,1.0,0.0,21.0,80.0,35.0,3.5,28.69
0.0,1.0,0.0,0.0,0.0,7.0,29.0,2.9,10.03
0.0,0.0,0.0,1.0,6.0,44.0,59.0,5.9,26.15
0.0,1.0,0.0,0.0,25.0,52.0,30.0,3.0,28.4
1.0,0.0,0.0,0.0,9.0,26.0,50.0,5.0,25.36
0.0,0.0,1.0,0.0,0.0,44.0,70.0,7.0,24.69
1.0,0.0,0.0,0.0,1.0,20.0,44.0,4.4,13.0
0.0,0.0,0.0,1.0,6.0,14.0,63.0,6.3,29.35
0.0,0.0,1.0,0.0,0.0,56.0,59.0,5.9,21.17
1.0,0.0,0.0,0.0,2.0,67.0,53.0,5.3,29.02
0.0,0.0,0.0,1.0,8.0,46.0,72.0,7.2,12.9
0.0,0.0,0.0,1.0,0.0,19.0,63.0,6.3,24.71
0.0,0.0,1.0,0.0,0.0,52.0,33.0,3.3,26.73
0.0,0.0,1.0,0.0,4.0,48.0,52.0,5.2,18.37
1.0,0.0,0.0,0.0,0.0,25.0,67.0,6.7,23.43
1.0,0.0,0.0,0.0,4.0,16.0,37.0,3.7,21.16
0.0,1.0,0.0,0.0,0.0,24.0,40.0,4.0,19.05
1.0,0.0,0.0,0.0,0.0,5.0,50.0,5.0,17.16
0.0,0.0,0.0,1.0,0.0,47.0,63.0,6.3,22.52
0.0,0.0,1.0,0.0,9.0,56.0,44.0,4.4,14.95
0.0,0.0,1.0,0.0,4.0,1.0,55.0,5.5,9.56
0.0,1.0,0.0,0.0,0.0,12.0,52.0,5.2,11.56
0.0,0.0,1.0,0.0,6.0,60.0,47.0,4.7,22.62
0.0,1.0,0.0,0.0,2.0,30.0,39.0,3.9,11.64
0.0,0.0,0.0,1.0,17.0,55.0,75.0,7.5,27.63
0.0,0.0,1.0,0.0,0.0,48.0,50.0,5.0,17.54
0.0,0.0,1.0,0.0,0.0,0.0,20.0,2.0,11.75
0.0,0.0,0.0,1.0,8.0,59.0,54.0,5.4,23.98
0.0,0.0,0.0,1.0,0.0,0.0,79.0,7.9,17.68
0.0,0.0,1.0,0.0,0.0,0.0,58.0,5.8,9.86
0.0,1.0,0.0,0.0,0.0,0.0,43.0,4.3,11.16
0.0,1.0,0.0,0.0,0.0,5.0,31.0,3.1,20.42
0.0,1.0,0.0,0.0,0.0,0.0,44.0,4.4,20.77
0.0,0.0,1.0,0.0,8.0,20.0,62.0,6.2,22.84
0.0,1.0,0.0,0.0,0.0,4.0,28.0,2.8,8.93
0.0,1.0,0.0,0.0,0.0,0.0,35.0,3.5,8.94
0.0,0.0,1.0,0.0,21.0,62.0,67.0,6.7,26.43
0.0,0.0,1.0,0.0,0.0,22.0,65.0,6.5,19.85
0.0,0.0,1.0,0.0,0.0,24.0,39.0,3.9,11.72
0.0,1.0,0.0,0.0,14.0,35.0,43.0,4.3,24.26
0.0,0.0,0.0,1.0,0.0,17.0,77.0,7.7,18.43
0.0,1.0,0.0,0.0,0.0,72.0,51.0,5.1,33.12
0.0,0.0,0.0,1.0,13.0,71.0,76.0,7.6,22.29
1.0,0.0,0.0,0.0,0.0,33.0,43.0,4.3,22.26
0.0,0.0,1.0,0.0,0.0,41.0,62.0,6.2,22.85
0.0,0.0,0.0,1.0,0.0,8.0,87.0,8.7,18.33
1.0,0.0,0.0,0.0,5.0,11.0,45.0,4.5,22.84
0.0,0.0,1.0,0.0,0.0,26.0,49.0,4.9,26.31
1.0,0.0,0.0,0.0,0.0,12.0,54.0,5.4,22.31
0.0,0.0,1.0,0.0,0.0,49.0,52.0,5.2,17.67
0.0,1.0,0.0,0.0,2.0,68.0,33.0,3.3,29.42
0.0,0.0,1.0,0.0,12.0,38.0,65.0,6.5,20.77
1.0,0.0,0.0,0.0,4.0,37.0,50.0,5.0,22.4
0.0,0.0,0.0,1.0,9.0,17.0,70.0,7.0,29.44
0.0,1.0,0.0,0.0,8.0,28.0,29.0,2.9,22.21
0.0,0.0,0.0,1.0,0.0,41.0,82.0,8.2,22.61
0.0,0.0,1.0,0.0,7.0,57.0,78.0,7.8,27.46
1.0,0.0,0.0,0.0,4.0,27.0,46.0,4.6,21.57
0.0,0.0,0.0,1.0,0.0,53.0,89.0,8.9,26.22
1.0,0.0,0.0,0.0,3.0,35.0,13.0,1.3,28.46
1.0,0.0,0.0,0.0,0.0,29.0,52.0,5.2,22.6
1.0,0.0,0.0,0.0,0.0,0.0,45.0,4.5,18.69
0.0,0.0,0.0,1.0,0.0,29.0,64.0,6.4,24.72
0.0,0.0,1.0,0.0,0.0,56.0,34.0,3.4,28.09
1.0,0.0,0.0,0.0,14.0,72.0,67.0,6.7,21.4
0.0,1.0,0.0,0.0,0.0,19.0,43.0,4.3,25.28
0.0,1.0,0.0,0.0,6.0,15.0,36.0,3.6,25.67
0.0,0.0,1.0,0.0,2.0,22.0,78.0,7.8,23.09
0.0,1.0,0.0,0.0,3.0,37.0,18.0,1.8,18.89
1.0,0.0,0.0,0.0,0.0,31.0,67.0,6.7,27.91
1.0,0.0,0.0,0.0,0.0,19.0,48.0,4.8,21.29
0.0,1.0,0.0,0.0,0.0,42.0,52.0,5.2,19.02
1.0,0.0,0.0,0.0,0.0,7.0,45.0,4.5,19.84
0.0,1.0,0.0,0.0,0.0,26.0,28.0,2.8,24.75
0.0,0.0,0.0,1.0,0.0,9.0,73.0,7.3,18.0
0.0,0.0,0.0,1.0,0.0,54.0,62.0,6.2,25.66
0.0,0.0,1.0,0.0,16.0,43.0,53.0,5.3,14.55
1.0,0.0,0.0,0.0,13.0,37.0,32.0,3.2,18.5
0.0,1.0,0.0,0.0,0.0,36.0,33.0,3.3,28.36
0.0,0.0,0.0,1.0,19.0,49.0,56.0,5.6,28.07
1.0,0.0,0.0,0.0,0.0,27.0,26.0,2.6,27.73
0.0,1.0,0.0,0.0,0.0,0.0,23.0,2.3,10.78
0.0,0.0,1.0,0.0,40.0,42.0,62.0,6.2,11.69
0.0,0.0,1.0,0.0,0.0,17.0,54.0,5.4,24.5
1.0,0.0,0.0,0.0,0.0,0.0,44.0,4.4,21.09
0.0,1.0,0.0,0.0,4.0,18.0,46.0,4.6,16.54
1.0,0.0,0.0,0.0,10.0,82.0,38.0,3.8,25.08
0.0,0.0,1.0,0.0,0.0,24.0,35.0,3.5,23.09
0.0,0.0,0.0,1.0,4.0,74.0,82.0,8.2,25.15
0.0,1.0,0.0,0.0,0.0,88.0,34.0,3.4,29.44
0.0,0.0,1.0,0.0,6.0,16.0,62.0,6.2,20.35
1.0,0.0,0.0,0.0,0.0,24.0,64.0,6.4,23.67
0.0,0.0,0.0,1.0,1.0,54.0,63.0,6.3,14.49
0.0,0.0,1.0,0.0,6.0,17.0,35.0,3.5,27.97
1.0,0.0,0.0,0.0,0.0,5.0,41.0,4.1,19.2
1.0,0.0,0.0,0.0,0.0,7.0,44.0,4.4,17.39
1.0,0.0,0.0,0.0,0.0,0.0,41.0,4.1,16.61
0.0,0.0,1.0,0.0,22.0,27.0,61.0,6.1,14.43
1.0,0.0,0.0,0.0,3.0,46.0,51.0,5.1,19.25
0.0,0.0,1.0,0.0,7.0,7.0,47.0,4.7,11.36
0.0,1.0,0.0,0.0,0.0,43.0,46.0,4.6,20.09
0.0,0.0,0.0,1.0,19.0,71.0,69.0,6.9,33.58
0.0,0.0,1.0,0.0,0.0,39.0,69.0,6.9,14.48
0.0,0.0,0.0,1.0,0.0,1.0,70.0,7.0,17.61
0.0,0.0,0.0,1.0,0.0,58.0,80.0,8.0,24.29
0.0,0.0,1.0,0.0,9.0,23.0,42.0,4.2,20.14
0.0,0.0,1.0,0.0,0.0,48.0,63.0,6.3,12.38
1.0,0.0,0.0,0.0,0.0,72.0,51.0,5.1,29.06
0.0,0.0,1.0,0.0,7.0,24.0,57.0,5.7,20.7
1.0,0.0,0.0,0.0,0.0,24.0,51.0,5.1,23.37
0.0,1.0,0.0,0.0,7.0,40.0,34.0,3.4,24.12
1.0,0.0,0.0,0.0,0.0,39.0,36.0,3.6,25.81
0.0,1.0,0.0,0.0,0.0,11.0,35.0,3.5,10.83
0.0,1.0,0.0,0.0,0.0,4.0,58.0,5.8,9.26
0.0,0.0,1.0,0.0,0.0,31.0,5.0,0.5,20.4
1.0,0.0,0.0,0.0,0.0,48.0,28.0,2.8,28.89
0.0,0.0,0.0,1.0,5.0,50.0,76.0,7.6,19.07
0.0,1.0,0.0,0.0,0.0,21.0,45.0,4.5,12.84
1.0,0.0,0.0,0.0,0.0,38.0,47.0,4.7,23.98
1.0,0.0,0.0,0.0,11.0,46.0,51.0,5.1,23.88
1.0,0.0,0.0,0.0,0.0,28.0,63.0,6.3,13.32
0.0,0.0,1.0,0.0,0.0,43.0,49.0,4.9,18.53
0.0,1.0,0.0,0.0,0.0,31.0,49.0,4.9,11.47
1.0,0.0,0.0,0.0,0.0,3.0,33.0,3.3,16.91
1.0,0.0,0.0,0.0,18.0,36.0,40.0,4.0,22.9
0.0,1.0,0.0,0.0,0.0,9.0,43.0,4.3,15.74
0.0,0.0,1.0,0.0,0.0,43.0,38.0,3.8,27.16
0.0,0.0,1.0,0.0,4.0,13.0,54.0,5.4,20.19
0.0,0.0,1.0,0.0,0.0,28.0,53.0,5.3,23.94
1.0,0.0,0.0,0.0,6.0,57.0,32.0,3.2,26.41
0.0,0.0,0.0,1.0,0.0,12.0,62.0,6.2,24.5
0.0,0.0,0.0,1.0,20.0,115.0,52.0,5.2,29.87
0.0,0.0,1.0,0.0,3.0,42.0,57.0,5.7,23.67
0.0,0.0,0.0,1.0,5.0,15.0,72.0,7.2,14.11
0.0,0.0,1.0,0.0,0.0,26.0,67.0,6.7,25.03
0.0,1.0,0.0,0.0,7.0,12.0,49.0,4.9,28.08
1.0,0.0,0.0,0.0,20.0,19.0,42.0,4.2,27.48
0.0,0.0,1.0,0.0,15.0,24.0,63.0,6.3,15.22
0.0,0.0,0.0,1.0,0.0,9.0,75.0,7.5,10.73
0.0,0.0,0.0,1.0,8.0,19.0,56.0,5.6,18.04
0.0,0.0,0.0,1.0,0.0,30.0,59.0,5.9,17.93
0.0,1.0,0.0,0.0,0.0,11.0,31.0,3.1,11.97
0.0,0.0,0.0,1.0,0.0,73.0,80.0,8.0,14.43
1.0,0.0,0.0,0.0,0.0,60.0,68.0,6.8,34.72
0.0,1.0,0.0,0.0,0.0,22.0,30.0,3.0,21.17
0.0,1.0,0.0,0.0,0.0,16.0,33.0,3.3,19.12
1.0,0.0,0.0,0.0,0.0,12.0,55.0,5.5,18.27
0.0,0.0,1.0,0.0,0.0,85.0,29.0,2.9,25.55
1.0,0.0,0.0,0.0,0.0,16.0,63.0,6.3,25.9
0.0,0.0,0.0,1.0,0.0,30.0,67.0,6.7,12.39
0.0,1.0,0.0,0.0,22.0,60.0,34.0,3.4,21.56
1.0,0.0,0.0,0.0,0.0,4.0,52.0,5.2,19.54
0.0,0.0,1.0,0.0,0.0,14.0,55.0,5.5,28.55
0.0,1.0,0.0,0.0,0.0,5.0,45.0,4.5,24.11
1.0,0.0,0.0,0.0,3.0,50.0,46.0,4.6,25.2
1.0,0.0,0.0,0.0,15.0,26.0,48.0,4.8,25.44
0.0,1.0,0.0,0.0,1.0,13.0,37.0,3.7,29.86
0.0,0.0,1.0,0.0,0.0,62.0,40.0,4.0,17.75
0.0,0.0,0.0,1.0,3.0,33.0,71.0,7.1,16.24
0.0,0.0,1.0,0.0,0.0,7.0,72.0,7.2,10.86
0.0,0.0,1.0,0.0,3.0,41.0,51.0,5.1,21.57
0.0,0.0,0.0,1.0,0.0,15.0,66.0,6.6,28.35
1.0,0.0,0.0,0.0,11.0,83.0,42.0,4.2,24.12
1.0,0.0,0.0,0.0,16.0,29.0,82.0,8.2,21.95
1.0,0.0,0.0,0.0,7.0,2.0,50.0,5.0,19.22
0.0,0.0,0.0,1.0,0.0,20.0,73.0,7.3,20.97
0.0,1.0,0.0,0.0,26.0,36.0,20.0,2.0,10.1
1.0,0.0,0.0,0.0,15.0,26.0,61.0,6.1,27.62
0.0,1.0,0.0,0.0,0.0,19.0,31.0,3.1,20.0
1.0,0.0,0.0,0.0,5.0,45.0,64.0,6.4,20.75
1.0,0.0,0.0,0.0,0.0,12.0,29.0,2.9,22.14
0.0,0.0,1.0,0.0,0.0,18.0,53.0,5.3,24.64
1.0,0.0,0.0,0.0,21.0,67.0,52.0,5.2,20.96
0.0,0.0,0.0,1.0,0.0,0.0,69.0,6.9,23.71
0.0,0.0,1.0,0.0,17.0,71.0,58.0,5.8,27.05
0.0,0.0,0.0,1.0,0.0,23.0,78.0,7.8,23.29
0.0,0.0,0.0,1.0,2.0,63.0,52.0,5.2,21.29
1.0,0.0,0.0,0.0,12.0,58.0,57.0,5.7,20.72
1.0,0.0,0.0,0.0,11.0,10.0,34.0,3.4,25.59
1.0,0.0,0.0,0.0,18.0,42.0,44.0,4.4,23.48
0.0,0.0,1.0,0.0,13.0,32.0,51.0,5.1,22.24
1.0,0.0,0.0,0.0,5.0,0.0,55.0,5.5,16.49
0.0,0.0,0.0,1.0,9.0,76.0,49.0,4.9,21.92
0.0,1.0,0.0,0.0,6.0,49.0,44.0,4.4,23.41
1.0,0.0,0.0,0.0,0.0,5.0,44.0,4.4,20.7
0.0,0.0,1.0,0.0,0.0,81.0,51.0,5.1,13.22
0.0,1.0,0.0,0.0,4.0,0.0,31.0,3.1,10.77
1.0,0.0,0.0,0.0,0.0,42.0,41.0,4.1,26.46
0.0,1.0,0.0,0.0,14.0,79.0,45.0,4.5,13.69
0.0,0.0,0.0,1.0,15.0,31.0,61.0,6.1,21.15
0.0,0.0,1.0,0.0,14.0,38.0,54.0,5.4,22.63
0.0,0.0,0.0,1.0,0.0,39.0,47.0,4.7,22.57
0.0,1.0,0.0,0.0,12.0,38.0,50.0,5.0,20.62
0.0,0.0,1.0,0.0,3.0,80.0,48.0,4.8,29.33
1.0,0.0,0.0,0.0,19.0,71.0,52.0,5.2,13.17
0.0,0.0,0.0,1.0,0.0,46.0,59.0,5.9,15.56
0.0,0.0,1.0,0.0,3.0,57.0,60.0,6.0,22.35
1.0,0.0,0.0,0.0,0.0,5.0,49.0,4.9,22.88
0.0,0.0,1.0,0.0,16.0,58.0,56.0,5.6,15.88
1.0,0.0,0.0,0.0,18.0,43.0,52.0,5.2,19.23
0.0,0.0,0.0,1.0,0.0,30.0,59.0,5.9,19.64
0.0,0.0,0.0,1.0,4.0,12.0,64.0,6.4,25.91
1.0,0.0,0.0,0.0,14.0,26.0,59.0,5.9,24.36
0.0,1.0,0.0,0.0,0.0,17.0,33.0,3.3,20.18
0.0,1.0,0.0,0.0,0.0,30.0,52.0,5.2,14.77
0.0,0.0,0.0,1.0,0.0,20.0,44.0,4.4,11.0
0.0,0.0,1.0,0.0,12.0,4.0,35.0,3.5,21.57
0.0,1.0,0.0,0.0,10.0,34.0,32.0,3.2,29.97
0.0,0.0,0.0,1.0,6.0,28.0,58.0,5.8,13.33
0.0,0.0,0.0,1.0,0.0,39.0,63.0,6.3,23.62
0.0,0.0,0.0,1.0,27.0,7.0,60.0,6.0,11.93
0.0,0.0,1.0,0.0,11.0,81.0,55.0,5.5,27.56
0.0,0.0,0.0,1.0,17.0,25.0,50.0,5.0,19.9
0.0,1.0,0.0,0.0,0.0,15.0,32.0,3.2,25.19
0.0,1.0,0.0,0.0,3.0,49.0,47.0,4.7,28.13
0.0,0.0,1.0,0.0,0.0,31.0,64.0,6.4,22.98
1.0,0.0,0.0,0.0,3.0,39.0,63.0,6.3,24.14
0.0,0.0,0.0,1.0,0.0,76.0,87.0,8.7,26.28
0.0,1.0,0.0,0.0,0.0,17.0,25.0,2.5,23.32
0.0,0.0,0.0,1.0,0.0,24.0,65.0,6.5,19.18
0.0,0.0,0.0,1.0,4.0,17.0,69.0,6.9,22.62
0.0,0.0,1.0,0.0,0.0,14.0,32.0,3.2,25.03
0.0,1.0,0.0,0.0,0.0,23.0,30.0,3.0,12.07
0.0,0.0,1.0,0.0,22.0,17.0,51.0,5.1,15.24
0.0,1.0,0.0,0.0,6.0,51.0,27.0,2.7,23.63
0.0,1.0,0.0,0.0,14.0,50.0,38.0,3.8,25.11
0.0,0.0,0.0,1.0,2.0,85.0,52.0,5.2,34.04
0.0,1.0,0.0,0.0,2.0,20.0,44.0,4.4,26.09
0.0,0.0,0.0,1.0,0.0,30.0,84.0,8.4,20.05
0.0,0.0,1.0,0.0,0.0,36.0,49.0,4.9,26.84
1.0,0.0,0.0,0.0,15.0,28.0,53.0,5.3,19.11
0.0,1.0,0.0,0.0,6.0,14.0,33.0,3.3,14.33
1.0,0.0,0.0,0.0,5.0,34.0,39.0,3.9,24.62
0.0,0.0,1.0,0.0,0.0,0.0,73.0,7.3,16.53
1.0,0.0,0.0,0.0,0.0,26.0,60.0,6.0,28.03
1.0,0.0,0.0,0.0,0.0,61.0,64.0,6.4,34.08
0.0,1.0,0.0,0.0,10.0,45.0,32.0,3.2,22.84
0.0,0.0,1.0,0.0,0.0,0.0,80.0,8.0,16.89
1.0,0.0,0.0,0.0,2.0,34.0,46.0,4.6,24.7
0.0,0.0,1.0,0.0,15.0,13.0,66.0,6.6,22.98
1.0,0.0,0.0,0.0,6.0,47.0,63.0,6.3,29.08
0.0,1.0,0.0,0.0,7.0,20.0,60.0,6.0,24.62
1.0,0.0,0.0,0.0,24.0,54.0,21.0,2.1,31.05
0.0,1.0,0.0,0.0,6.0,34.0,59.0,5.9,14.75
0.0,0.0,1.0,0.0,0.0,7.0,19.0,1.9,19.21
0.0,0.0,1.0,0.0,0.0,9.0,33.0,3.3,15.06
0.0,0.0,1.0,0.0,16.0,6.0,41.0,4.1,21.54
1.0,0.0,0.0,0.0,10.0,52.0,45.0,4.5,13.02
0.0,0.0,1.0,0.0,0.0,28.0,57.0,5.7,16.28
0.0,0.0,1.0,0.0,8.0,30.0,37.0,3.7,18.81
0.0,0.0,0.0,1.0,0.0,4.0,47.0,4.7,14.45
0.0,0.0,1.0,0.0,0.0,0.0,72.0,7.2,12.18
0.0,0.0,1.0,0.0,10.0,64.0,37.0,3.7,26.65
0.0,1.0,0.0,0.0,0.0,20.0,34.0,3.4,22.74
0.0,0.0,0.0,1.0,15.0,80.0,69.0,6.9,16.99
0.0,0.0,0.0,1.0,5.0,30.0,52.0,5.2,11.79
0.0,1.0,0.0,0.0,0.0,63.0,45.0,4.5,22.09
0.0,1.0,0.0,0.0,15.0,58.0,50.0,5.0,13.66
0.0,1.0,0.0,0.0,0.0,9.0,31.0,3.1,17.97
0.0,1.0,0.0,0.0,0.0,33.0,44.0,4.4,25.64
0.0,0.0,1.0,0.0,9.0,53.0,48.0,4.8,29.52
0.0,0.0,0.0,1.0,0.0,14.0,59.0,5.9,22.78
0.0,0.0,0.0,1.0,7.0,0.0,81.0,8.1,19.07
1.0,0.0,0.0,0.0,0.0,34.0,38.0,3.8,22.68
0.0,0.0,1.0,0.0,10.0,28.0,78.0,7.8,21.35
0.0,0.0,1.0,0.0,12.0,104.0,32.0,3.2,26.31
0.0,0.0,0.0,1.0,4.0,27.0,71.0,7.1,21.15
0.0,0.0,1.0,0.0,0.0,33.0,51.0,5.1,14.73
0.0,0.0,1.0,0.0,14.0,51.0,44.0,4.4,27.11
1.0,0.0,0.0,0.0,10.0,73.0,58.0,5.8,27.95
1.0,0.0,0.0,0.0,17.0,52.0,69.0,6.9,30.62
1.0,0.0,0.0,0.0,7.0,4.0,58.0,5.8,18.47
1.0,0.0,0.0,0.0,12.0,48.0,48.0,4.8,21.83
1.0,0.0,0.0,0.0,7.0,45.0,50.0,5.0,24.02
0.0,0.0,0.0,1.0,8.0,36.0,53.0,5.3,18.19
1.0,0.0,0.0,0.0,0.0,62.0,61.0,6.1,17.18
0.0,0.0,1.0,0.0,0.0,12.0,58.0,5.8,13.53
0.0,1.0,0.0,0.0,0.0,42.0,53.0,5.3,23.21
0.0,0.0,0.0,1.0,0.0,43.0,64.0,6.4,18.38
0.0,1.0,0.0,0.0,28.0,40.0,72.0,7.2,20.76
1.0,0.0,0.0,0.0,12.0,58.0,53.0,5.3,24.89
0.0,1.0,0.0,0.0,0.0,27.0,57.0,5.7,25.26
0.0,0.0,1.0,0.0,7.0,23.0,58.0,5.8,26.38
0.0,0.0,1.0,0.0,0.0,7.0,27.0,2.7,11.67
0.0,1.0,0.0,0.0,0.0,43.0,46.0,4.6,21.26
1.0,0.0,0.0,0.0,25.0,57.0,36.0,3.6,20.89
0.0,0.0,0.0,1.0,0.0,0.0,77.0,7.7,10.71
0.0,1.0,0.0,0.0,0.0,0.0,34.0,3.4,21.76
0.0,1.0,0.0,0.0,0.0,17.0,31.0,3.1,26.84
1.0,0.0,0.0,0.0,8.0,23.0,28.0,2.8,28.43
0.0,0.0,1.0,0.0,6.0,0.0,64.0,6.4,10.55
0.0,0.0,0.0,1.0,2.0,31.0,67.0,6.7,14.66
1.0,0.0,0.0,0.0,17.0,28.0,41.0,4.1,10.85
0.0,0.0,1.0,0.0,0.0,7.0,52.0,5.2,11.62
0.0,1.0,0.0,0.0,0.0,37.0,37.0,3.7,21.84
0.0,0.0,0.0,1.0,12.0,17.0,74.0,7.4,17.59
0.0,1.0,0.0,0.0,9.0,67.0,46.0,4.6,27.22
1.0,0.0,0.0,0.0,7.0,8.0,31.0,3.1,19.71
0.0,0.0,0.0,1.0,15.0,33.0,34.0,3.4,11.06
0.0,0.0,0.0,1.0,12.0,66.0,51.0,5.1,15.16
1.0,0.0,0.0,0.0,9.0,26.0,33.0,3.3,20.64
0.0,1.0,0.0,0.0,0.0,0.0,50.0,5.0,20.94
0.0,0.0,0.0,1.0,0.0,42.0,71.0,7.1,16.99
1.0,0.0,0.0,0.0,0.0,23.0,48.0,4.8,17.19
1.0,0.0,0.0,0.0,0.0,15.0,71.0,7.1,24.14
0.0,0.0,1.0,0.0,0.0,16.0,61.0,6.1,23.08
0.0,1.0,0.0,0.0,0.0,23.0,37.0,3.7,11.86
0.0,0.0,0.0,1.0,0.0,44.0,58.0,5.8,16.36
0.0,0.0,0.0,1.0,0.0,8.0,52.0,5.2,10.87
0.0,0.0,0.0,1.0,7.0,36.0,68.0,6.8,21.37
0.0,0.0,0.0,1.0,0.0,18.0,79.0,7.9,11.9
0.0,1.0,0.0,0.0,0.0,0.0,30.0,3.0,14.27
0.0,1.0,0.0,0.0,20.0,43.0,49.0,4.9,23.43
0.0,0.0,1.0,0.0,0.0,6.0,58.0,5.8,18.91
0.0,1.0,0.0,0.0,0.0,15.0,48.0,4.8,20.02
0.0,0.0,0.0,1.0,0.0,9.0,55.0,5.5,21.73
0.0,0.0,1.0,0.0,19.0,25.0,28.0,2.8,20.93
0.0,0.0,1.0,0.0,12.0,26.0,59.0,5.9,13.93
0.0,0.0,0.0,1.0,4.0,0.0,55.0,5.5,8.64
0.0,0.0,0.0,1.0,0.0,6.0,52.0,5.2,15.12
0.0,0.0,0.0,1.0,12.0,82.0,59.0,5.9,23.66
0.0,1.0,0.0,0.0,0.0,19.0,32.0,3.2,23.09
0.0,0.0,1.0,0.0,0.0,59.0,62.0,6.2,30.9
1.0,0.0,0.0,0.0,0.0,71.0,57.0,5.7,26.53
0.0,1.0,0.0,0.0,0.0,12.0,51.0,5.1,23.69
1.0,0.0,0.0,0.0,0.0,0.0,57.0,5.7,17.49
1.0,0.0,0.0,0.0,3.0,13.0,59.0,5.9,23.25
0.0,1.0,0.0,0.0,13.0,28.0,43.0,4.3,19.09
0.0,1.0,0.0,0.0,0.0,34.0,38.0,3.8,12.68
0.0,0.0,1.0,0.0,6.0,22.0,41.0,4.1,22.88
0.0,0.0,0.0,1.0,0.0,0.0,79.0,7.9,17.87
0.0,1.0,0.0,0.0,3.0,56.0,45.0,4.5,25.04
1.0,0.0,0.0,0.0,0.0,132.0,42.0,4.2,26.43
0.0,0.0,1.0,0.0,0.0,15.0,36.0,3.6,25.11
0.0,0.0,0.0,1.0,0.0,22.0,64.0,6.4,27.08
0.0,0.0,1.0,0.0,8.0,50.0,33.0,3.3,15.36
0.0,1.0,0.0,0.0,17.0,40.0,26.0,2.6,24.77
1.0,0.0,0.0,0.0,0.0,34.0,56.0,5.6,18.16
0.0,0.0,0.0,1.0,15.0,7.0,68.0,6.8,21.5
0.0,0.0,0.0,1.0,0.0,20.0,67.0,6.7,24.34
1.0,0.0,0.0,0.0,0.0,0.0,41.0,4.1,9.1
1.0,0.0,0.0,0.0,0.0,49.0,51.0,5.1,24.75
0.0,0.0,1.0,0.0,0.0,7.0,43.0,4.3,9.88
1.0,0.0,0.0,0.0,0.0,11.0,51.0,5.1,21.71
0.0,0.0,1.0,0.0,14.0,38.0,68.0,6.8,12.51
0.0,0.0,1.0,0.0,13.0,30.0,38.0,3.8,12.84
0.0,1.0,0.0,0.0,0.0,26.0,60.0,6.0,24.05
1.0,0.0,0.0,0.0,0.0,24.0,59.0,5.9,16.78
0.0,0.0,0.0,1.0,8.0,36.0,58.0,5.8,17.17
0.0,1.0,0.0,0.0,8.0,45.0,32.0,3.2,13.81
0.0,0.0,0.0,1.0,19.0,21.0,48.0,4.8,27.38
0.0,0.0,0.0,1.0,0.0,0.0,53.0,5.3,22.02
0.0,0.0,0.0,1.0,7.0,77.0,59.0,5.9,33.95
1.0,0.0,0.0,0.0,0.0,11.0,52.0,5.2,28.56
1.0,0.0,0.0,0.0,12.0,31.0,54.0,5.4,22.46
0.0,1.0,0.0,0.0,0.0,0.0,27.0,2.7,19.56
0.0,1.0,0.0,0.0,0.0,29.0,40.0,4.0,11.72
0.0,0.0,0.0,1.0,0.0,42.0,62.0,6.2,12.48
0.0,0.0,0.0,1.0,14.0,41.0,82.0,8.2,11.89
1.0,0.0,0.0,0.0,0.0,15.0,50.0,5.0,22.58
1.0,0.0,0.0,0.0,1.0,50.0,46.0,4.6,16.26
1.0,0.0,0.0,0.0,16.0,0.0,46.0,4.6,18.85
0.0,1.0,0.0,0.0,0.0,5.0,22.0,2.2,10.14
0.0,1.0,0.0,0.0,0.0,32.0,29.0,2.9,25.45
0.0,1.0,0.0,0.0,2.0,62.0,42.0,4.2,16.74
0.0,0.0,0.0,1.0,0.0,0.0,60.0,6.0,15.65
1.0,0.0,0.0,0.0,0.0,30.0,49.0,4.9,18.82
0.0,0.0,1.0,0.0,9.0,38.0,50.0,5.0,24.5
0.0,1.0,0.0,0.0,0.0,8.0,51.0,5.1,13.45
0.0,0.0,1.0,0.0,8.0,7.0,69.0,6.9,13.09
0.0,0.0,1.0,0.0,13.0,48.0,56.0,5.6,20.52
0.0,0.0,1.0,0.0,0.0,0.0,51.0,5.1,10.0
0.0,1.0,0.0,0.0,0.0,15.0,33.0,3.3,23.42
0.0,0.0,1.0,0.0,2.0,20.0,63.0,6.3,24.52
0.0,0.0,1.0,0.0,0.0,19.0,45.0,4.5,15.58
1.0,0.0,0.0,0.0,2.0,31.0,56.0,5.6,29.2
0.0,0.0,1.0,0.0,0.0,75.0,67.0,6.7,29.61
0.0,0.0,1.0,0.0,6.0,87.0,45.0,4.5,17.91
0.0,0.0,0.0,1.0,0.0,22.0,73.0,7.3,13.75
0.0,0.0,1.0,0.0,0.0,5.0,53.0,5.3,18.6
0.0,0.0,0.0,1.0,15.0,26.0,78.0,7.8,13.53
0.0,1.0,0.0,0.0,0.0,48.0,41.0,4.1,23.22
0.0,1.0,0.0,0.0,21.0,20.0,47.0,4.7,11.57
0.0,0.0,0.0,1.0,3.0,53.0,63.0,6.3,32.75
0.0,0.0,1.0,0.0,0.0,33.0,70.0,7.0,20.46
0.0,0.0,1.0,0.0,12.0,45.0,61.0,6.1,17.25
0.0,0.0,1.0,0.0,10.0,18.0,54.0,5.4,23.52
0.0,0.0,1.0,0.0,11.0,86.0,68.0,6.8,25.21
0.0,0.0,0.0,1.0,0.0,16.0,53.0,5.3,27.28
0.0,1.0,0.0,0.0,8.0,36.0,30.0,3.0,14.0
1.0,0.0,0.0,0.0,0.0,27.0,38.0,3.8,22.76
1.0,0.0,0.0,0.0,1.0,47.0,55.0,5.5,24.78
0.0,0.0,0.0,1.0,6.0,37.0,75.0,7.5,11.92
0.0,0.0,0.0,1.0,8.0,36.0,55.0,5.5,18.33
1.0,0.0,0.0,0.0,7.0,21.0,53.0,5.3,22.0
0.0,0.0,0.0,1.0,16.0,46.0,76.0,7.6,24.21
0.0,0.0,0.0,1.0,0.0,0.0,73.0,7.3,19.1
0.0,0.0,1.0,0.0,5.0,22.0,63.0,6.3,24.87
0.0,0.0,0.0,1.0,4.0,71.0,55.0,5.5,23.4
0.0,0.0,1.0,0.0,0.0,23.0,55.0,5.5,19.91
1.0,0.0,0.0,0.0,18.0,77.0,55.0,5.5,26.11
1.0,0.0,0.0,0.0,0.0,0.0,38.0,3.8,19.76
0.0,0.0,0.0,1.0,0.0,5.0,83.0,8.3,14.48
0.0,0.0,0.0,1.0,0.0,32.0,52.0,5.2,22.21
0.0,0.0,0.0,1.0,0.0,30.0,67.0,6.7,22.52
0.0,1.0,0.0,0.0,0.0,0.0,47.0,4.7,17.98
0.0,0.0,1.0,0.0,7.0,0.0,58.0,5.8,16.4
0.0,0.0,0.0,1.0,15.0,51.0,73.0,7.3,15.12
0.0,0.0,1.0,0.0,2.0,90.0,49.0,4.9,20.2
0.0,0.0,0.0,1.0,0.0,15.0,70.0,7.0,20.26
0.0,0.0,0.0,1.0,3.0,50.0,77.0,7.7,22.36
0.0,0.0,0.0,1.0,2.0,30.0,84.0,8.4,22.07
0.0,0.0,1.0,0.0,31.0,51.0,42.0,4.2,21.79
0.0,1.0,0.0,0.0,0.0,0.0,49.0,4.9,18.67
0.0,0.0,1.0,0.0,0.0,0.0,60.0,6.0,23.43
0.0,0.0,1.0,0.0,16.0,52.0,68.0,6.8,12.99
0.0,0.0,1.0,0.0,0.0,28.0,66.0,6.6,11.53
1.0,0.0,0.0,0.0,26.0,41.0,50.0,5.0,17.56
0.0,0.0,1.0,0.0,0.0,41.0,45.0,4.5,16.42
0.0,0.0,0.0,1.0,8.0,59.0,68.0,6.8,35.26
1.0,0.0,0.0,0.0,0.0,43.0,48.0,4.8,24.4
0.0,1.0,0.0,0.0,0.0,52.0,35.0,3.5,22.89
0.0,1.0,0.0,0.0,0.0,31.0,30.0,3.0,12.13
0.0,0.0,1.0,0.0,0.0,22.0,57.0,5.7,21.04
0.0,0.0,1.0,0.0,2.0,61.0,64.0,6.4,24.62
0.0,1.0,0.0,0.0,10.0,20.0,36.0,3.6,22.17
0.0,0.0,0.0,1.0,6.0,17.0,67.0,6.7,18.91
1.0,0.0,0.0,0.0,0.0,9.0,62.0,6.2,24.34
1.0,0.0,0.0,0.0,3.0,27.0,68.0,6.8,20.75
0.0,0.0,0.0,1.0,0.0,43.0,66.0,6.6,12.47
0.0,0.0,0.0,1.0,15.0,37.0,51.0,5.1,21.94
1.0,0.0,0.0,0.0,0.0,6.0,42.0,4.2,24.26
0.0,0.0,1.0,0.0,1.0,24.0,55.0,5.5,11.11
0.0,0.0,0.0,1.0,0.0,20.0,67.0,6.7,21.73
0.0,0.0,1.0,0.0,0.0,20.0,43.0,4.3,24.84
1.0,0.0,0.0,0.0,7.0,45.0,47.0,4.7,23.4
1.0,0.0,0.0,0.0,0.0,14.0,50.0,5.0,13.76
0.0,0.0,0.0,1.0,12.0,104.0,62.0,6.2,20.77
0.0,0.0,0.0,1.0,10.0,0.0,75.0,7.5,14.27
0.0,0.0,0.0,1.0,7.0,34.0,55.0,5.5,20.05
0.0,0.0,0.0,1.0,1.0,102.0,89.0,8.9,23.47
0.0,0.0,0.0,1.0,3.0,0.0,72.0,7.2,17.31
0.0,0.0,0.0,1.0,19.0,16.0,76.0,7.6,15.53
0.0,0.0,1.0,0.0,7.0,31.0,31.0,3.1,19.29
0.0,0.0,1.0,0.0,0.0,65.0,43.0,4.3,33.19
0.0,0.0,1.0,0.0,0.0,48.0,78.0,7.8,17.92
0.0,0.0,1.0,0.0,4.0,71.0,61.0,6.1,19.57
1.0,0.0,0.0,0.0,0.0,53.0,67.0,6.7,26.61
0.0,0.0,1.0,0.0,14.0,58.0,53.0,5.3,17.6
1.0,0.0,0.0,0.0,0.0,12.0,47.0,4.7,21.38
0.0,0.0,1.0,0.0,0.0,12.0,32.0,3.2,20.03
0.0,1.0,0.0,0.0,22.0,20.0,47.0,4.7,20.04
0.0,1.0,0.0,0.0,10.0,54.0,40.0,4.0,25.8
0.0,0.0,0.0,1.0,7.0,24.0,87.0,8.7,16.92
1.0,0.0,0.0,0.0,7.0,41.0,48.0,4.8,21.85
0.0,0.0,1.0,0.0,15.0,24.0,66.0,6.6,22.52
0.0,0.0,0.0,1.0,0.0,48.0,66.0,6.6,20.02
0.0,0.0,0.0,1.0,8.0,26.0,68.0,6.8,12.5
1.0,0.0,0.0,0.0,0.0,4.0,40.0,4.0,18.1
0.0,0.0,1.0,0.0,0.0,21.0,79.0,7.9,18.94
1.0,0.0,0.0,0.0,3.0,53.0,32.0,3.2,22.72
0.0,0.0,0.0,1.0,13.0,31.0,75.0,7.5,12.75
1.0,0.0,0.0,0.0,13.0,21.0,57.0,5.7,19.81
0.0,0.0,1.0,0.0,2.0,44.0,54.0,5.4,26.09
0.0,0.0,0.0,1.0,0.0,18.0,61.0,6.1,23.26
0.0,0.0,0.0,1.0,0.0,18.0,63.0,6.3,14.63
0.0,0.0,0.0,1.0,0.0,9.0,76.0,7.6,12.39
0.0,0.0,0.0,1.0,25.0,57.0,48.0,4.8,19.17
1.0,0.0,0.0,0.0,0.0,10.0,21.0,2.1,24.76
0.0,1.0,0.0,0.0,0.0,22.0,25.0,2.5,23.08
0.0,0.0,1.0,0.0,5.0,58.0,35.0,3.5,18.31
0.0,0.0,0.0,1.0,0.0,35.0,58.0,5.8,30.97
0.0,1.0,0.0,0.0,1.0,21.0,39.0,3.9,23.64
0.0,0.0,1.0,0.0,8.0,28.0,58.0,5.8,14.0
0.0,1.0,0.0,0.0,0.0,52.0,52.0,5.2,22.77
0.0,0.0,0.0,1.0,0.0,16.0,80.0,8.0,17.21
0.0,0.0,1.0,0.0,10.0,63.0,53.0,5.3,27.58
0.0,0.0,1.0,0.0,0.0,0.0,37.0,3.7,16.54
0.0,1.0,0.0,0.0,3.0,50.0,41.0,4.1,12.29
1.0,0.0,0.0,0.0,3.0,41.0,61.0,6.1,24.52
1.0,0.0,0.0,0.0,0.0,20.0,52.0,5.2,18.81
1.0,0.0,0.0,0.0,0.0,50.0,39.0,3.9,15.08
0.0,0.0,1.0,0.0,0.0,37.0,44.0,4.4,11.27
1.0,0.0,0.0,0.0,13.0,72.0,30.0,3.0,32.63
0.0,1.0,0.0,0.0,1.0,0.0,33.0,3.3,18.0
0.0,0.0,0.0,1.0,2.0,105.0,73.0,7.3,18.49
0.0,0.0,1.0,0.0,0.0,105.0,68.0,6.8,14.84
0.0,0.0,0.0,1.0,1.0,15.0,77.0,7.7,12.26
1.0,0.0,0.0,0.0,6.0,37.0,46.0,4.6,30.41
0.0,0.0,1.0,0.0,0.0,42.0,41.0,4.1,17.85
0.0,1.0,0.0,0.0,7.0,44.0,55.0,5.5,22.02
0.0,0.0,0.0,1.0,0.0,56.0,65.0,6.5,25.95
0.0,0.0,1.0,0.0,0.0,11.0,34.0,3.4,20.56
0.0,0.0,1.0,0.0,0.0,0.0,72.0,7.2,17.44
0.0,0.0,1.0,0.0,4.0,14.0,33.0,3.3,27.7
0.0,0.0,1.0,0.0,0.0,0.0,68.0,6.8,10.57
0.0,1.0,0.0,0.0,18.0,65.0,44.0,4.4,13.7
0.0,0.0,0.0,1.0,1.0,56.0,73.0,7.3,16.55
0.0,0.0,0.0,1.0,9.0,50.0,57.0,5.7,24.49
1.0,0.0,0.0,0.0,0.0,20.0,27.0,2.7,12.26
0.0,0.0,1.0,0.0,18.0,42.0,65.0,6.5,14.69
1.0,0.0,0.0,0.0,0.0,66.0,24.0,2.4,22.67
0.0,1.0,0.0,0.0,0.0,98.0,36.0,3.6,24.58
0.0,0.0,0.0,1.0,0.0,27.0,83.0,8.3,17.17
0.0,0.0,1.0,0.0,23.0,60.0,53.0,5.3,18.77
0.0,0.0,0.0,1.0,0.0,7.0,67.0,6.7,15.42
0.0,0.0,1.0,0.0,0.0,0.0,34.0,3.4,11.03
1.0,0.0,0.0,0.0,0.0,30.0,54.0,5.4,20.5
1.0,0.0,0.0,0.0,0.0,11.0,21.0,2.1,21.0
0.0,1.0,0.0,0.0,0.0,24.0,29.0,2.9,19.79
1.0,0.0,0.0,0.0,12.0,29.0,56.0,5.6,23.7
1.0,0.0,0.0,0.0,0.0,53.0,45.0,4.5,34.33
0.0,0.0,0.0,1.0,15.0,24.0,68.0,6.8,19.4
0.0,0.0,1.0,0.0,0.0,66.0,46.0,4.6,26.61
0.0,0.0,1.0,0.0,0.0,42.0,36.0,3.6,22.56
1.0,0.0,0.0,0.0,7.0,13.0,42.0,4.2,27.55
0.0,0.0,0.0,1.0,0.0,18.0,79.0,7.9,21.53
1.0,0.0,0.0,0.0,3.0,77.0,42.0,4.2,25.29
0.0,0.0,1.0,0.0,8.0,2.0,34.0,3.4,14.15
0.0,0.0,0.0,1.0,0.0,37.0,61.0,6.1,12.67
0.0,0.0,1.0,0.0,0.0,19.0,47.0,4.7,11.64
0.0,0.0,1.0,0.0,18.0,31.0,61.0,6.1,16.44
0.0,0.0,0.0,1.0,20.0,45.0,82.0,8.2,19.1
0.0,0.0,0.0,1.0,9.0,17.0,61.0,6.1,24.08
1.0,0.0,0.0,0.0,1.0,11.0,65.0,6.5,28.82
0.0,0.0,0.0,1.0,0.0,71.0,77.0,7.7,22.18
0.0,0.0,1.0,0.0,0.0,14.0,65.0,6.5,30.22
1.0,0.0,0.0,0.0,6.0,66.0,39.0,3.9,32.13
0.0,0.0,1.0,0.0,5.0,30.0,74.0,7.4,19.68
1.0,0.0,0.0,0.0,0.0,69.0,53.0,5.3,34.15
0.0,1.0,0.0,0.0,0.0,34.0,27.0,2.7,27.78
0.0,1.0,0.0,0.0,3.0,61.0,31.0,3.1,23.26
0.0,1.0,0.0,0.0,16.0,55.0,30.0,3.0,25.4
0.0,1.0,0.0,0.0,6.0,47.0,41.0,4.1,13.34
0.0,0.0,1.0,0.0,2.0,67.0,78.0,7.8,20.59
0.0,1.0,0.0,0.0,0.0,13.0,28.0,2.8,22.39
0.0,1.0,0.0,0.0,0.0,0.0,27.0,2.7,21.19
0.0,1.0,0.0,0.0,5.0,9.0,50.0,5.0,16.3
0.0,1.0,0.0,0.0,0.0,38.0,45.0,4.5,28.56
0.0,1.0,0.0,0.0,10.0,56.0,34.0,3.4,30.65
0.0,0.0,0.0,1.0,0.0,35.0,55.0,5.5,13.82
0.0,0.0,1.0,0.0,0.0,26.0,21.0,2.1,27.38
0.0,1.0,0.0,0.0,0.0,15.0,43.0,4.3,25.7
0.0,1.0,0.0,0.0,0.0,17.0,43.0,4.3,11.84
0.0,0.0,1.0,0.0,0.0,12.0,45.0,4.5,10.91
0.0,1.0,0.0,0.0,10.0,53.0,39.0,3.9,34.1
0.0,0.0,0.0,1.0,5.0,54.0,70.0,7.0,25.84
0.0,1.0,0.0,0.0,0.0,10.0,52.0,5.2,27.38
0.0,0.0,0.0,1.0,0.0,26.0,75.0,7.5,11.44
0.0,1.0,0.0,0.0,18.0,77.0,39.0,3.9,13.59
0.0,0.0,1.0,0.0,0.0,129.0,27.0,2.7,15.07
0.0,0.0,1.0,0.0,0.0,29.0,52.0,5.2,22.73
1.0,0.0,0.0,0.0,0.0,41.0,46.0,4.6,13.93
0.0,1.0,0.0,0.0,3.0,9.0,42.0,4.2,23.6
1.0,0.0,0.0,0.0,9.0,103.0,66.0,6.6,14.53
0.0,0.0,1.0,0.0,0.0,7.0,93.0,9.3,18.04
0.0,1.0,0.0,0.0,0.0,28.0,36.0,3.6,20.69
0.0,0.0,1.0,0.0,0.0,60.0,71.0,7.1,31.07
0.0,0.0,0.0,1.0,14.0,22.0,33.0,3.3,18.21
1.0,0.0,0.0,0.0,0.0,56.0,57.0,5.7,13.05
0.0,1.0,0.0,0.0,12.0,92.0,48.0,4.8,14.12
0.0,0.0,1.0,0.0,3.0,31.0,27.0,2.7,28.15
0.0,0.0,0.0,1.0,12.0,90.0,38.0,3.8,31.79
0.0,1.0,0.0,0.0,0.0,0.0,53.0,5.3,17.66
0.0,1.0,0.0,0.0,0.0,55.0,39.0,3.9,26.56
0.0,0.0,0.0,1.0,4.0,39.0,69.0,6.9,12.07
0.0,1.0,0.0,0.0,0.0,22.0,51.0,5.1,23.18
0.0,0.0,1.0,0.0,1.0,17.0,25.0,2.5,17.4
0.0,1.0,0.0,0.0,8.0,12.0,36.0,3.6,19.5
0.0,0.0,1.0,0.0,25.0,52.0,44.0,4.4,14.14
1.0,0.0,0.0,0.0,2.0,54.0,54.0,5.4,18.13
0.0,0.0,1.0,0.0,0.0,51.0,37.0,3.7,23.68
0.0,0.0,0.0,1.0,0.0,11.0,87.0,8.7,19.25
1.0,0.0,0.0,0.0,2.0,58.0,54.0,5.4,22.5
0.0,0.0,1.0,0.0,0.0,18.0,59.0,5.9,22.2
0.0,0.0,1.0,0.0,13.0,3.0,52.0,5.2,19.08
1.0,0.0,0.0,0.0,9.0,55.0,46.0,4.6,31.02
0.0,0.0,0.0,1.0,0.0,14.0,57.0,5.7,18.81
0.0,0.0,0.0,1.0,10.0,62.0,86.0,8.6,26.83
1.0,0.0,0.0,0.0,0.0,2.0,53.0,5.3,19.98
0.0,0.0,1.0,0.0,3.0,63.0,68.0,6.8,27.0
0.0,0.0,1.0,0.0,4.0,78.0,72.0,7.2,30.58
0.0,0.0,0.0,1.0,0.0,12.0,40.0,4.0,22.75
0.0,0.0,0.0,1.0,9.0,74.0,62.0,6.2,29.73
1.0,0.0,0.0,0.0,0.0,12.0,70.0,7.0,20.19
0.0,0.0,0.0,1.0,0.0,4.0,69.0,6.9,16.07
1.0,0.0,0.0,0.0,0.0,31.0,56.0,5.6,30.88
0.0,0.0,1.0,0.0,0.0,17.0,52.0,5.2,30.85
0.0,0.0,1.0,0.0,0.0,15.0,71.0,7.1,21.28
0.0,0.0,0.0,1.0,0.0,39.0,78.0,7.8,21.79
0.0,0.0,1.0,0.0,0.0,24.0,87.0,8.7,22.85
0.0,1.0,0.0,0.0,15.0,24.0,59.0,5.9,25.39
0.0,0.0,0.0,1.0,10.0,6.0,60.0,6.0,10.28
1.0,0.0,0.0,0.0,0.0,51.0,40.0,4.0,29.38
1.0,0.0,0.0,0.0,0.0,0.0,70.0,7.0,16.07
1.0,0.0,0.0,0.0,0.0,35.0,60.0,6.0,22.15
0.0,0.0,1.0,0.0,4.0,35.0,82.0,8.2,17.43
0.0,1.0,0.0,0.0,2.0,30.0,28.0,2.8,15.14
1.0,0.0,0.0,0.0,8.0,65.0,45.0,4.5,26.4
0.0,1.0,0.0,0.0,3.0,27.0,38.0,3.8,29.0
0.0,1.0,0.0,0.0,0.0,3.0,56.0,5.6,19.55
0.0,1.0,0.0,0.0,5.0,30.0,21.0,2.1,21.95
0.0,0.0,1.0,0.0,22.0,61.0,47.0,4.7,30.43
1.0,0.0,0.0,0.0,0.0,33.0,35.0,3.5,16.57
0.0,1.0,0.0,0.0,0.0,0.0,29.0,2.9,18.79
0.0,0.0,0.0,1.0,0.0,0.0,94.0,9.4,19.0
0.0,0.0,1.0,0.0,0.0,22.0,52.0,5.2,19.08
0.0,1.0,0.0,0.0,10.0,12.0,48.0,4.8,24.94
0.0,0.0,1.0,0.0,2.0,43.0,36.0,3.6,12.14
0.0,0.0,0.0,1.0,19.0,5.0,68.0,6.8,9.03
0.0,0.0,1.0,0.0,5.0,26.0,80.0,8.0,25.74
0.0,1.0,0.0,0.0,0.0,11.0,22.0,2.2,21.64
0.0,0.0,0.0,1.0,0.0,36.0,53.0,5.3,24.23
1.0,0.0,0.0,0.0,0.0,31.0,53.0,5.3,30.68
0.0,0.0,1.0,0.0,7.0,7.0,54.0,5.4,19.69
0.0,0.0,0.0,1.0,18.0,58.0,71.0,7.1,16.03
0.0,0.0,0.0,1.0,11.0,4.0,54.0,5.4,9.35
1.0,0.0,0.0,0.0,9.0,41.0,63.0,6.3,27.1
0.0,1.0,0.0,0.0,9.0,57.0,38.0,3.8,31.21
1.0,0.0,0.0,0.0,0.0,12.0,76.0,7.6,28.42
0.0,0.0,0.0,1.0,18.0,22.0,62.0,6.2,23.76
1.0,0.0,0.0,0.0,27.0,7.0,40.0,4.0,17.07
1.0,0.0,0.0,0.0,0.0,0.0,58.0,5.8,19.1
0.0,0.0,1.0,0.0,0.0,28.0,73.0,7.3,14.41
1.0,0.0,0.0,0.0,0.0,7.0,48.0,4.8,22.46
0.0,1.0,0.0,0.0,20.0,10.0,42.0,4.2,22.5
0.0,0.0,1.0,0.0,2.0,34.0,57.0,5.7,12.93
0.0,0.0,1.0,0.0,7.0,60.0,19.0,1.9,29.05
0.0,0.0,0.0,1.0,31.0,51.0,56.0,5.6,15.32
0.0,1.0,0.0,0.0,0.0,31.0,33.0,3.3,18.21
0.0,0.0,1.0,0.0,0.0,7.0,54.0,5.4,22.11
0.0,0.0,1.0,0.0,6.0,6.0,76.0,7.6,21.03
0.0,0.0,0.0,1.0,14.0,70.0,73.0,7.3,30.49
0.0,0.0,1.0,0.0,21.0,29.0,43.0,4.3,18.53
0.0,1.0,0.0,0.0,0.0,48.0,30.0,3.0,10.93
0.0,1.0,0.0,0.0,5.0,57.0,51.0,5.1,16.16
1.0,0.0,0.0,0.0,38.0,61.0,35.0,3.5,28.69
0.0,0.0,0.0,1.0,5.0,53.0,76.0,7.6,18.0
0.0,0.0,1.0,0.0,0.0,8.0,65.0,6.5,19.28
0.0,0.0,1.0,0.0,9.0,50.0,65.0,6.5,14.65
0.0,0.0,0.0,1.0,4.0,21.0,79.0,7.9,12.34
0.0,1.0,0.0,0.0,12.0,43.0,38.0,3.8,30.29
0.0,1.0,0.0,0.0,8.0,19.0,50.0,5.0,15.54
1.0,0.0,0.0,0.0,11.0,46.0,44.0,4.4,30.45
1.0,0.0,0.0,0.0,0.0,34.0,51.0,5.1,14.61
0.0,0.0,0.0,1.0,37.0,19.0,60.0,6.0,19.98
0.0,1.0,0.0,0.0,0.0,4.0,44.0,4.4,19.84
0.0,1.0,0.0,0.0,17.0,53.0,32.0,3.2,30.5
0.0,0.0,1.0,0.0,25.0,81.0,52.0,5.2,27.65
0.0,0.0,0.0,1.0,26.0,58.0,69.0,6.9,23.26
0.0,0.0,1.0,0.0,0.0,3.0,64.0,6.4,17.59
0.0,0.0,0.0,1.0,0.0,1.0,81.0,8.1,19.67
1.0,0.0,0.0,0.0,0.0,30.0,37.0,3.7,25.11
0.0,1.0,0.0,0.0,1.0,25.0,45.0,4.5,14.73
1.0,0.0,0.0,0.0,6.0,66.0,36.0,3.6,16.17
1.0,0.0,0.0,0.0,2.0,44.0,43.0,4.3,27.6
0.0,1.0,0.0,0.0,0.0,90.0,42.0,4.2,31.98
0.0,0.0,0.0,1.0,11.0,40.0,63.0,6.3,21.68
1.0,0.0,0.0,0.0,4.0,7.0,55.0,5.5,20.84
0.0,0.0,1.0,0.0,0.0,11.0,65.0,6.5,14.08
0.0,0.0,0.0,1.0,2.0,36.0,61.0,6.1,26.34
0.0,0.0,0.0,1.0,16.0,0.0,66.0,6.6,18.62
0.0,1.0,0.0,0.0,5.0,64.0,43.0,4.3,29.35
0.0,0.0,0.0,1.0,0.0,16.0,87.0,8.7,12.77
1.0,0.0,0.0,0.0,0.0,66.0,42.0,4.2,32.14
0.0,0.0,0.0,1.0,0.0,19.0,66.0,6.6,16.42
0.0,0.0,1.0,0.0,0.0,47.0,35.0,3.5,25.69
0.0,1.0,0.0,0.0,0.0,36.0,33.0,3.3,12.7
1.0,0.0,0.0,0.0,0.0,36.0,45.0,4.5,23.27
0.0,0.0,1.0,0.0,3.0,0.0,51.0,5.1,15.65
0.0,1.0,0.0,0.0,3.0,43.0,34.0,3.4,29.47
0.0,0.0,0.0,1.0,0.0,45.0,89.0,8.9,18.24
0.0,0.0,0.0,1.0,0.0,56.0,78.0,7.8,28.08
0.0,0.0,0.0,1.0,11.0,19.0,63.0,6.3,18.24
0.0,1.0,0.0,0.0,4.0,35.0,42.0,4.2,28.48
1.0,0.0,0.0,0.0,0.0,58.0,72.0,7.2,20.53
0.0,1.0,0.0,0.0,8.0,6.0,35.0,3.5,9.71
0.0,0.0,0.0,1.0,0.0,48.0,55.0,5.5,18.93
1.0,0.0,0.0,0.0,3.0,42.0,56.0,5.6,14.79
0.0,1.0,0.0,0.0,0.0,15.0,42.0,4.2,23.71
0.0,0.0,1.0,0.0,20.0,115.0,62.0,6.2,16.77
0.0,1.0,0.0,0.0,0.0,46.0,36.0,3.6,30.56
1.0,0.0,0.0,0.0,0.0,0.0,63.0,6.3,15.98
0.0,0.0,0.0,1.0,6.0,6.0,52.0,5.2,17.02
0.0,0.0,0.0,1.0,0.0,42.0,74.0,7.4,10.91
1.0,0.0,0.0,0.0,0.0,11.0,40.0,4.0,18.02
0.0,1.0,0.0,0.0,0.0,37.0,32.0,3.2,23.97
0.0,0.0,0.0,1.0,15.0,40.0,55.0,5.5,12.38
1.0,0.0,0.0,0.0,0.0,43.0,48.0,4.8,21.17
1.0,0.0,0.0,0.0,12.0,32.0,25.0,2.5,10.8
0.0,0.0,1.0,0.0,0.0,37.0,55.0,5.5,25.0
1.0,0.0,0.0,0.0,10.0,69.0,62.0,6.2,25.5
0.0,0.0,0.0,1.0,0.0,11.0,68.0,6.8,26.25
0.0,0.0,1.0,0.0,9.0,51.0,65.0,6.5,27.35
1.0,0.0,0.0,0.0,1.0,39.0,38.0,3.8,22.34
0.0,0.0,1.0,0.0,0.0,43.0,51.0,5.1,20.06
0.0,0.0,0.0,1.0,15.0,33.0,72.0,7.2,13.21
1.0,0.0,0.0,0.0,0.0,99.0,43.0,4.3,14.4
0.0,1.0,0.0,0.0,8.0,43.0,40.0,4.0,22.57
0.0,0.0,1.0,0.0,7.0,45.0,42.0,4.2,13.98
1.0,0.0,0.0,0.0,3.0,80.0,55.0,5.5,22.24
0.0,0.0,1.0,0.0,15.0,10.0,83.0,8.3,21.3
0.0,0.0,0.0,1.0,0.0,12.0,78.0,7.8,14.99
0.0,1.0,0.0,0.0,16.0,0.0,32.0,3.2,23.12
0.0,1.0,0.0,0.0,0.0,20.0,51.0,5.1,22.61
0.0,0.0,0.0,1.0,15.0,57.0,65.0,6.5,26.14
0.0,0.0,0.0,1.0,0.0,47.0,70.0,7.0,13.2
0.0,1.0,0.0,0.0,0.0,73.0,38.0,3.8,27.95
0.0,0.0,0.0,1.0,4.0,52.0,73.0,7.3,25.45
1.0,0.0,0.0,0.0,0.0,55.0,67.0,6.7,27.19
0.0,0.0,0.0,1.0,9.0,53.0,95.0,9.5,28.8
1.0,0.0,0.0,0.0,19.0,14.0,62.0,6.2,24.15
0.0,0.0,0.0,1.0,0.0,8.0,65.0,6.5,19.62
1.0,0.0,0.0,0.0,0.0,61.0,44.0,4.4,26.3
0.0,1.0,0.0,0.0,2.0,34.0,45.0,4.5,25.8
0.0,0.0,1.0,0.0,0.0,0.0,47.0,4.7,16.13
0.0,0.0,1.0,0.0,0.0,20.0,76.0,7.6,22.45
0.0,0.0,0.0,1.0,0.0,7.0,60.0,6.0,14.87
0.0,1.0,0.0,0.0,0.0,5.0,32.0,3.2,17.31
1.0,0.0,0.0,0.0,17.0,93.0,54.0,5.4,22.22
1.0,0.0,0.0,0.0,0.0,56.0,71.0,7.1,28.11
0.0,0.0,0.0,1.0,0.0,37.0,80.0,8.0,18.82
0.0,1.0,0.0,0.0,17.0,28.0,42.0,4.2,17.24
0.0,0.0,1.0,0.0,2.0,49.0,80.0,8.0,21.25
0.0,1.0,0.0,0.0,3.0,80.0,32.0,3.2,14.25
0.0,1.0,0.0,0.0,0.0,4.0,29.0,2.9,16.79
0.0,0.0,1.0,0.0,0.0,0.0,63.0,6.3,16.97
0.0,0.0,1.0,0.0,0.0,68.0,70.0,7.0,25.63
0.0,0.0,1.0,0.0,3.0,23.0,85.0,8.5,13.61
0.0,0.0,1.0,0.0,0.0,18.0,71.0,7.1,22.04
0.0,1.0,0.0,0.0,0.0,4.0,10.0,1.0,10.4
0.0,1.0,0.0,0.0,7.0,6.0,64.0,6.4,23.48
0.0,0.0,0.0,1.0,0.0,68.0,74.0,7.4,26.2
0.0,1.0,0.0,0.0,10.0,83.0,35.0,3.5,25.23
0.0,1.0,0.0,0.0,6.0,67.0,45.0,4.5,22.18
0.0,0.0,1.0,0.0,19.0,71.0,67.0,6.7,26.45
0.0,0.0,1.0,0.0,0.0,53.0,50.0,5.0,25.28
0.0,1.0,0.0,0.0,0.0,15.0,42.0,4.2,22.95
0.0,0.0,0.0,1.0,0.0,15.0,77.0,7.7,15.03
1.0,0.0,0.0,0.0,13.0,13.0,37.0,3.7,11.92
0.0,0.0,1.0,0.0,0.0,40.0,91.0,9.1,13.46
0.0,0.0,0.0,1.0,0.0,0.0,75.0,7.5,18.64
0.0,0.0,0.0,1.0,0.0,34.0,70.0,7.0,30.14
1.0,0.0,0.0,0.0,17.0,46.0,67.0,6.7,27.34
0.0,0.0,0.0,1.0,0.0,12.0,90.0,9.0,26.81
0.0,1.0,0.0,0.0,0.0,77.0,31.0,3.1,17.29
0.0,1.0,0.0,0.0,8.0,36.0,53.0,5.3,25.38
0.0,1.0,0.0,0.0,0.0,41.0,46.0,4.6,20.87
0.0,0.0,0.0,1.0,0.0,84.0,47.0,4.7,27.4
0.0,1.0,0.0,0.0,0.0,67.0,59.0,5.9,34.1
0.0,0.0,1.0,0.0,0.0,66.0,75.0,7.5,28.15
0.0,0.0,0.0,1.0,17.0,38.0,76.0,7.6,27.5
1.0,0.0,0.0,0.0,12.0,16.0,57.0,5.7,28.3
0.0,1.0,0.0,0.0,0.0,56.0,50.0,5.0,16.0
0.0,1.0,0.0,0.0,10.0,0.0,48.0,4.8,12.04
0.0,0.0,1.0,0.0,0.0,44.0,49.0,4.9,22.14
0.0,0.0,0.0,1.0,13.0,22.0,66.0,6.6,11.86
0.0,0.0,0.0,1.0,0.0,18.0,73.0,7.3,21.64
0.0,0.0,0.0,1.0,0.0,28.0,67.0,6.7,21.78
0.0,0.0,1.0,0.0,0.0,8.0,64.0,6.4,19.06
1.0,0.0,0.0,0.0,0.0,42.0,33.0,3.3,20.42
1.0,0.0,0.0,0.0,0.0,20.0,47.0,4.7,21.64
0.0,1.0,0.0,0.0,0.0,0.0,36.0,3.6,11.31
0.0,1.0,0.0,0.0,0.0,65.0,28.0,2.8,31.07
0.0,0.0,0.0,1.0,7.0,62.0,68.0,6.8,27.01
1.0,0.0,0.0,0.0,0.0,31.0,27.0,2.7,22.44
1.0,0.0,0.0,0.0,3.0,21.0,44.0,4.4,21.34
0.0,1.0,0.0,0.0,3.0,92.0,22.0,2.2,29.91
0.0,1.0,0.0,0.0,16.0,40.0,37.0,3.7,19.78
0.0,0.0,0.0,1.0,0.0,24.0,85.0,8.5,21.71
0.0,1.0,0.0,0.0,0.0,57.0,27.0,2.7,24.15
0.0,0.0,1.0,0.0,0.0,98.0,64.0,6.4,37.33
1.0,0.0,0.0,0.0,0.0,31.0,47.0,4.7,30.89
1.0,0.0,0.0,0.0,0.0,51.0,57.0,5.7,26.42
0.0,0.0,0.0,1.0,0.0,11.0,77.0,7.7,20.51
0.0,0.0,0.0,1.0,4.0,37.0,69.0,6.9,14.17
1.0,0.0,0.0,0.0,0.0,12.0,23.0,2.3,20.83
0.0,0.0,0.0,1.0,3.0,36.0,45.0,4.5,16.76
0.0,1.0,0.0,0.0,0.0,27.0,45.0,4.5,29.2
0.0,1.0,0.0,0.0,0.0,0.0,36.0,3.6,22.86
0.0,1.0,0.0,0.0,0.0,0.0,35.0,3.5,18.91
1.0,0.0,0.0,0.0,0.0,43.0,37.0,3.7,20.86
0.0,0.0,1.0,0.0,0.0,35.0,45.0,4.5,20.13
1.0,0.0,0.0,0.0,6.0,31.0,40.0,4.0,27.23
0.0,1.0,0.0,0.0,0.0,3.0,56.0,5.6,17.77
0.0,0.0,0.0,1.0,0.0,98.0,58.0,5.8,26.69
0.0,0.0,1.0,0.0,0.0,0.0,53.0,5.3,18.85
1.0,0.0,0.0,0.0,9.0,40.0,53.0,5.3,21.55
0.0,0.0,1.0,0.0,0.0,55.0,32.0,3.2,19.81
0.0,0.0,1.0,0.0,0.0,12.0,61.0,6.1,14.67
0.0,1.0,0.0,0.0,38.0,42.0,51.0,5.1,17.1
0.0,1.0,0.0,0.0,0.0,66.0,46.0,4.6,27.59
0.0,1.0,0.0,0.0,0.0,48.0,32.0,3.2,25.31
0.0,0.0,1.0,0.0,5.0,27.0,62.0,6.2,23.15
0.0,0.0,1.0,0.0,3.0,30.0,72.0,7.2,12.21
0.0,0.0,1.0,0.0,0.0,5.0,58.0,5.8,17.84
1.0,0.0,0.0,0.0,0.0,7.0,51.0,5.1,20.1
1.0,0.0,0.0,0.0,14.0,22.0,45.0,4.5,24.58
0.0,1.0,0.0,0.0,0.0,15.0,47.0,4.7,12.26
1.0,0.0,0.0,0.0,17.0,28.0,77.0,7.7,21.31
0.0,1.0,0.0,0.0,0.0,0.0,46.0,4.6,18.13
0.0,1.0,0.0,0.0,7.0,85.0,43.0,4.3,27.93
1.0,0.0,0.0,0.0,0.0,18.0,41.0,4.1,13.63
0.0,0.0,0.0,1.0,0.0,0.0,61.0,6.1,19.67
0.0,0.0,0.0,1.0,0.0,0.0,70.0,7.0,17.3
1.0,0.0,0.0,0.0,24.0,38.0,53.0,5.3,17.3
0.0,1.0,0.0,0.0,4.0,33.0,27.0,2.7,11.22
0.0,0.0,0.0,1.0,0.0,3.0,57.0,5.7,10.02
0.0,0.0,1.0,0.0,9.0,39.0,15.0,1.5,21.67
0.0,0.0,0.0,1.0,20.0,52.0,73.0,7.3,27.86
0.0,1.0,0.0,0.0,22.0,61.0,31.0,3.1,23.52
0.0,0.0,1.0,0.0,12.0,103.0,66.0,6.6,34.15
0.0,0.0,1.0,0.0,7.0,43.0,53.0,5.3,12.11
0.0,0.0,0.0,1.0,0.0,58.0,66.0,6.6,24.76
1.0,0.0,0.0,0.0,9.0,52.0,63.0,6.3,16.22
1.0,0.0,0.0,0.0,12.0,104.0,42.0,4.2,25.33
0.0,1.0,0.0,0.0,7.0,6.0,27.0,2.7,21.07
0.0,0.0,1.0,0.0,0.0,53.0,55.0,5.5,27.8
1.0,0.0,0.0,0.0,10.0,89.0,57.0,5.7,33.18
0.0,1.0,0.0,0.0,11.0,46.0,44.0,4.4,23.7
0.0,0.0,0.0,1.0,0.0,20.0,86.0,8.6,27.58
1.0,0.0,0.0,0.0,0.0,81.0,46.0,4.6,31.39
0.0,0.0,0.0,1.0,0.0,12.0,80.0,8.0,19.49
0.0,1.0,0.0,0.0,0.0,7.0,28.0,2.8,11.93
0.0,1.0,0.0,0.0,19.0,32.0,42.0,4.2,18.48
0.0,1.0,0.0,0.0,0.0,82.0,51.0,5.1,35.39
1.0,0.0,0.0,0.0,0.0,43.0,58.0,5.8,29.93
0.0,0.0,1.0,0.0,0.0,15.0,53.0,5.3,20.19
0.0,1.0,0.0,0.0,0.0,52.0,36.0,3.6,16.31
0.0,1.0,0.0,0.0,6.0,36.0,36.0,3.6,11.58
0.0,0.0,1.0,0.0,4.0,17.0,76.0,7.6,25.17
0.0,1.0,0.0,0.0,10.0,28.0,51.0,5.1,20.06
0.0,0.0,0.0,1.0,0.0,100.0,73.0,7.3,29.67
0.0,1.0,0.0,0.0,0.0,23.0,23.0,2.3,30.61
0.0,0.0,1.0,0.0,0.0,77.0,32.0,3.2,17.0
1.0,0.0,0.0,0.0,12.0,95.0,63.0,6.3,16.71
0.0,0.0,0.0,1.0,7.0,29.0,73.0,7.3,22.96
0.0,1.0,0.0,0.0,8.0,36.0,44.0,4.4,15.3
0.0,0.0,0.0,1.0,0.0,6.0,90.0,9.0,20.44
0.0,1.0,0.0,0.0,3.0,24.0,51.0,5.1,18.75
0.0,1.0,0.0,0.0,10.0,18.0,33.0,3.3,22.73
0.0,1.0,0.0,0.0,0.0,15.0,36.0,3.6,18.58
1.0,0.0,0.0,0.0,2.0,20.0,63.0,6.3,24.22
1.0,0.0,0.0,0.0,0.0,26.0,39.0,3.9,25.72
1.0,0.0,0.0,0.0,0.0,19.0,61.0,6.1,22.28
1.0,0.0,0.0,0.0,0.0,8.0,57.0,5.7,10.82
0.0,1.0,0.0,0.0,5.0,22.0,24.0,2.4,25.62
0.0,0.0,1.0,0.0,0.0,18.0,47.0,4.7,21.36
1.0,0.0,0.0,0.0,0.0,20.0,64.0,6.4,30.16
1.0,0.0,0.0,0.0,7.0,52.0,48.0,4.8,14.54
0.0,1.0,0.0,0.0,0.0,18.0,45.0,4.5,12.62
0.0,0.0,0.0,1.0,0.0,27.0,82.0,8.2,25.93
0.0,1.0,0.0,0.0,0.0,7.0,48.0,4.8,24.83
0.0,0.0,1.0,0.0,6.0,20.0,84.0,8.4,20.17
1.0,0.0,0.0,0.0,0.0,27.0,52.0,5.2,23.44
0.0,0.0,1.0,0.0,5.0,79.0,64.0,6.4,20.33
0.0,1.0,0.0,0.0,14.0,9.0,34.0,3.4,15.71
0.0,1.0,0.0,0.0,0.0,46.0,33.0,3.3,14.52
0.0,0.0,0.0,1.0,7.0,32.0,68.0,6.8,17.63
0.0,0.0,1.0,0.0,0.0,38.0,58.0,5.8,19.41
0.0,1.0,0.0,0.0,7.0,39.0,25.0,2.5,11.32
1.0,0.0,0.0,0.0,0.0,2.0,54.0,5.4,17.43
0.0,0.0,1.0,0.0,0.0,18.0,63.0,6.3,20.7
0.0,0.0,0.0,1.0,6.0,5.0,81.0,8.1,24.05
0.0,0.0,0.0,1.0,13.0,72.0,67.0,6.7,31.12
0.0,0.0,0.0,1.0,0.0,49.0,86.0,8.6,14.42
1.0,0.0,0.0,0.0,0.0,4.0,49.0,4.9,11.8
0.0,0.0,1.0,0.0,0.0,70.0,65.0,6.5,36.05
0.0,0.0,0.0,1.0,6.0,68.0,78.0,7.8,22.76
0.0,0.0,1.0,0.0,12.0,92.0,83.0,8.3,26.89
1.0,0.0,0.0,0.0,4.0,71.0,36.0,3.6,26.19
0.0,0.0,1.0,0.0,6.0,74.0,77.0,7.7,26.7
0.0,1.0,0.0,0.0,4.0,48.0,49.0,4.9,23.9
0.0,0.0,1.0,0.0,0.0,36.0,46.0,4.6,16.39
1.0,0.0,0.0,0.0,0.0,41.0,30.0,3.0,22.4
0.0,0.0,0.0,1.0,0.0,48.0,66.0,6.6,28.55
0.0,1.0,0.0,0.0,0.0,0.0,39.0,3.9,18.69
0.0,0.0,1.0,0.0,0.0,38.0,31.0,3.1,20.42
0.0,0.0,0.0,1.0,9.0,7.0,53.0,5.3,17.94
0.0,1.0,0.0,0.0,0.0,51.0,35.0,3.5,28.83
0.0,0.0,0.0,1.0,3.0,106.0,69.0,6.9,22.99
0.0,1.0,0.0,0.0,14.0,59.0,27.0,2.7,15.63
0.0,0.0,1.0,0.0,0.0,10.0,74.0,7.4,13.93
0.0,1.0,0.0,0.0,4.0,52.0,45.0,4.5,32.11
0.0,0.0,1.0,0.0,0.0,0.0,24.0,2.4,17.62
0.0,0.0,1.0,0.0,0.0,40.0,51.0,5.1,23.84
0.0,1.0,0.0,0.0,3.0,31.0,38.0,3.8,17.92
1.0,0.0,0.0,0.0,0.0,2.0,67.0,6.7,17.28
0.0,0.0,1.0,0.0,3.0,37.0,51.0,5.1,17.84
0.0,0.0,1.0,0.0,0.0,15.0,53.0,5.3,17.28
1.0,0.0,0.0,0.0,4.0,52.0,54.0,5.4,26.83
1.0,0.0,0.0,0.0,0.0,3.0,65.0,6.5,13.74
0.0,0.0,0.0,1.0,0.0,31.0,61.0,6.1,24.43
0.0,0.0,0.0,1.0,0.0,19.0,58.0,5.8,29.43
0.0,0.0,1.0,0.0,23.0,64.0,54.0,5.4,22.8
0.0,0.0,1.0,0.0,0.0,43.0,48.0,4.8,11.58
0.0,1.0,0.0,0.0,0.0,75.0,39.0,3.9,26.74
1.0,0.0,0.0,0.0,9.0,112.0,39.0,3.9,27.08
1.0,0.0,0.0,0.0,6.0,46.0,45.0,4.5,11.36
0.0,0.0,0.0,1.0,0.0,50.0,66.0,6.6,12.68
0.0,0.0,0.0,1.0,1.0,72.0,83.0,8.3,13.51
0.0,0.0,0.0,1.0,0.0,25.0,42.0,4.2,13.79
0.0,0.0,0.0,1.0,9.0,41.0,46.0,4.6,14.65
1.0,0.0,0.0,0.0,0.0,16.0,69.0,6.9,12.14
0.0,1.0,0.0,0.0,1.0,43.0,34.0,3.4,25.35
0.0,1.0,0.0,0.0,0.0,0.0,24.0,2.4,11.96
0.0,0.0,1.0,0.0,0.0,30.0,55.0,5.5,26.62
0.0,1.0,0.0,0.0,0.0,14.0,36.0,3.6,21.83
0.0,1.0,0.0,0.0,6.0,31.0,41.0,4.1,24.24
0.0,1.0,0.0,0.0,9.0,44.0,48.0,4.8,20.96
0.0,1.0,0.0,0.0,6.0,48.0,39.0,3.9,23.49
0.0,1.0,0.0,0.0,0.0,26.0,25.0,2.5,25.36
0.0,0.0,0.0,1.0,4.0,51.0,70.0,7.0,26.84
0.0,0.0,0.0,1.0,29.0,66.0,50.0,5.0,25.3
0.0,0.0,1.0,0.0,0.0,77.0,54.0,5.4,26.17
0.0,0.0,1.0,0.0,26.0,15.0,43.0,4.3,18.3
0.0,0.0,1.0,0.0,5.0,13.0,69.0,6.9,23.78
1.0,0.0,0.0,0.0,0.0,22.0,52.0,5.2,26.5
1.0,0.0,0.0,0.0,4.0,72.0,53.0,5.3,26.68
1.0,0.0,0.0,0.0,4.0,93.0,55.0,5.5,23.05
0.0,0.0,0.0,1.0,7.0,48.0,72.0,7.2,19.38
0.0,0.0,1.0,0.0,0.0,17.0,54.0,5.4,18.46
0.0,0.0,0.0,1.0,0.0,73.0,80.0,8.0,22.76
0.0,1.0,0.0,0.0,0.0,22.0,46.0,4.6,19.78
0.0,0.0,1.0,0.0,17.0,28.0,51.0,5.1,23.0
0.0,0.0,0.0,1.0,10.0,15.0,71.0,7.1,15.52
1.0,0.0,0.0,0.0,0.0,33.0,35.0,3.5,21.74
0.0,1.0,0.0,0.0,0.0,5.0,34.0,3.4,19.97
0.0,0.0,1.0,0.0,0.0,12.0,25.0,2.5,12.12
0.0,1.0,0.0,0.0,14.0,54.0,51.0,5.1,29.0
0.0,1.0,0.0,0.0,0.0,12.0,39.0,3.9,11.77
0.0,0.0,1.0,0.0,0.0,22.0,58.0,5.8,28.02
1.0,0.0,0.0,0.0,2.0,85.0,63.0,6.3,20.81
0.0,0.0,0.0,1.0,0.0,7.0,62.0,6.2,18.21
1.0,0.0,0.0,0.0,4.0,4.0,39.0,3.9,9.56
0.0,0.0,1.0,0.0,0.0,7.0,62.0,6.2,10.95
1.0,0.0,0.0,0.0,0.0,26.0,37.0,3.7,11.46
0.0,1.0,0.0,0.0,5.0,15.0,58.0,5.8,25.6
0.0,1.0,0.0,0.0,7.0,27.0,31.0,3.1,24.65
0.0,1.0,0.0,0.0,0.0,0.0,37.0,3.7,16.05
0.0,0.0,1.0,0.0,0.0,8.0,23.0,2.3,22.39
0.0,0.0,0.0,1.0,0.0,18.0,84.0,8.4,21.81
1.0,0.0,0.0,0.0,0.0,84.0,35.0,3.5,29.31
1.0,0.0,0.0,0.0,0.0,30.0,62.0,6.2,25.08
1.0,0.0,0.0,0.0,7.0,39.0,65.0,6.5,18.32
0.0,0.0,0.0,1.0,0.0,65.0,61.0,6.1,14.87
0.0,0.0,1.0,0.0,0.0,64.0,58.0,5.8,20.76
1.0,0.0,0.0,0.0,17.0,48.0,37.0,3.7,23.97
0.0,0.0,0.0,1.0,0.0,13.0,73.0,7.3,21.4
1.0,0.0,0.0,0.0,10.0,45.0,56.0,5.6,25.5
0.0,0.0,0.0,1.0,3.0,30.0,53.0,5.3,14.96
0.0,1.0,0.0,0.0,0.0,5.0,48.0,4.8,18.1
0.0,0.0,1.0,0.0,20.0,79.0,67.0,6.7,15.25
0.0,0.0,0.0,1.0,0.0,44.0,83.0,8.3,27.1
0.0,1.0,0.0,0.0,6.0,22.0,31.0,3.1,19.52
0.0,0.0,1.0,0.0,6.0,0.0,64.0,6.4,18.48
0.0,0.0,0.0,1.0,12.0,24.0,72.0,7.2,20.28
0.0,0.0,1.0,0.0,0.0,37.0,69.0,6.9,21.86
0.0,0.0,1.0,0.0,19.0,94.0,63.0,6.3,20.98
0.0,0.0,1.0,0.0,10.0,68.0,83.0,8.3,30.55
0.0,0.0,0.0,1.0,10.0,18.0,55.0,5.5,25.38
0.0,0.0,1.0,0.0,0.0,33.0,85.0,8.5,14.72
0.0,1.0,0.0,0.0,0.0,5.0,38.0,3.8,12.45
0.0,0.0,1.0,0.0,25.0,56.0,67.0,6.7,20.13
1.0,0.0,0.0,0.0,0.0,51.0,65.0,6.5,23.89
0.0,0.0,1.0,0.0,0.0,1.0,53.0,5.3,21.68
0.0,0.0,1.0,0.0,0.0,59.0,52.0,5.2,25.77
0.0,1.0,0.0,0.0,20.0,51.0,31.0,3.1,26.45
1.0,0.0,0.0,0.0,0.0,51.0,53.0,5.3,32.25
0.0,1.0,0.0,0.0,11.0,10.0,43.0,4.3,20.07
0.0,0.0,0.0,1.0,0.0,0.0,58.0,5.8,13.72
0.0,1.0,0.0,0.0,0.0,55.0,45.0,4.5,23.6
0.0,0.0,0.0,1.0,0.0,29.0,64.0,6.4,18.27
0.0,1.0,0.0,0.0,11.0,21.0,37.0,3.7,16.76
0.0,0.0,1.0,0.0,0.0,27.0,73.0,7.3,25.79
0.0,1.0,0.0,0.0,7.0,20.0,43.0,4.3,14.12
0.0,1.0,0.0,0.0,0.0,21.0,26.0,2.6,18.69
0.0,1.0,0.0,0.0,0.0,39.0,41.0,4.1,17.95
0.0,0.0,1.0,0.0,7.0,72.0,55.0,5.5,30.85
1.0,0.0,0.0,0.0,0.0,58.0,46.0,4.6,33.28
0.0,0.0,0.0,1.0,0.0,61.0,69.0,6.9,15.41
1.0,0.0,0.0,0.0,0.0,18.0,65.0,6.5,22.78
0.0,1.0,0.0,0.0,0.0,30.0,51.0,5.1,27.84
0.0,0.0,0.0,1.0,0.0,8.0,40.0,4.0,19.15
0.0,1.0,0.0,0.0,0.0,17.0,45.0,4.5,20.49
1.0,0.0,0.0,0.0,9.0,32.0,52.0,5.2,19.48
1.0,0.0,0.0,0.0,0.0,13.0,55.0,5.5,22.96
1.0,0.0,0.0,0.0,0.0,0.0,29.0,2.9,17.28
0.0,0.0,0.0,1.0,0.0,30.0,70.0,7.0,15.11
0.0,0.0,1.0,0.0,7.0,53.0,44.0,4.4,34.55
0.0,1.0,0.0,0.0,0.0,0.0,51.0,5.1,22.53
0.0,1.0,0.0,0.0,18.0,31.0,30.0,3.0,25.27
0.0,0.0,0.0,1.0,18.0,14.0,61.0,6.1,17.74
0.0,0.0,0.0,1.0,13.0,86.0,70.0,7.0,27.94
0.0,0.0,0.0,1.0,0.0,14.0,59.0,5.9,19.2
0.0,0.0,1.0,0.0,0.0,26.0,62.0,6.2,23.0
0.0,0.0,1.0,0.0,18.0,42.0,62.0,6.2,19.31
0.0,0.0,1.0,0.0,4.0,76.0,86.0,8.6,14.87
0.0,0.0,0.0,1.0,0.0,6.0,68.0,6.8,19.59
0.0,0.0,0.0,1.0,0.0,78.0,78.0,7.8,26.72
1.0,0.0,0.0,0.0,0.0,52.0,47.0,4.7,13.43
1.0,0.0,0.0,0.0,3.0,20.0,41.0,4.1,20.27
0.0,0.0,1.0,0.0,1.0,67.0,39.0,3.9,17.44
0.0,0.0,1.0,0.0,23.0,51.0,67.0,6.7,29.25
0.0,0.0,0.0,1.0,5.0,45.0,78.0,7.8,16.24
0.0,0.0,0.0,1.0,0.0,14.0,63.0,6.3,20.98
1.0,0.0,0.0,0.0,0.0,0.0,61.0,6.1,19.15
1.0,0.0,0.0,0.0,46.0,14.0,45.0,4.5,11.36
0.0,0.0,0.0,1.0,10.0,39.0,52.0,5.2,22.56
0.0,1.0,0.0,0.0,3.0,53.0,59.0,5.9,32.2
1.0,0.0,0.0,0.0,12.0,37.0,51.0,5.1,23.24
1.0,0.0,0.0,0.0,0.0,25.0,65.0,6.5,24.83
0.0,0.0,1.0,0.0,10.0,14.0,44.0,4.4,20.75
0.0,1.0,0.0,0.0,0.0,27.0,41.0,4.1,22.17
1.0,0.0,0.0,0.0,0.0,58.0,59.0,5.9,20.42
0.0,0.0,0.0,1.0,21.0,80.0,55.0,5.5,23.69
1.0,0.0,0.0,0.0,4.0,64.0,51.0,5.1,25.78
1.0,0.0,0.0,0.0,0.0,3.0,38.0,3.8,15.24
0.0,0.0,0.0,1.0,0.0,22.0,70.0,7.0,23.09
0.0,1.0,0.0,0.0,0.0,11.0,52.0,5.2,23.83
0.0,0.0,1.0,0.0,0.0,55.0,51.0,5.1,24.57
0.0,0.0,0.0,1.0,0.0,18.0,64.0,6.4,14.03
0.0,0.0,1.0,0.0,0.0,19.0,70.0,7.0,14.37
1.0,0.0,0.0,0.0,16.0,42.0,41.0,4.1,25.88
0.0,0.0,1.0,0.0,0.0,21.0,66.0,6.6,30.06
1.0,0.0,0.0,0.0,2.0,5.0,65.0,6.5,21.25
0.0,1.0,0.0,0.0,20.0,115.0,33.0,3.3,34.94
0.0,0.0,1.0,0.0,6.0,59.0,51.0,5.1,27.02
0.0,0.0,1.0,0.0,9.0,94.0,65.0,6.5,29.72
0.0,1.0,0.0,0.0,0.0,33.0,54.0,5.4,19.94
0.0,1.0,0.0,0.0,0.0,18.0,30.0,3.0,22.07
0.0,0.0,1.0,0.0,7.0,46.0,32.0,3.2,23.0
0.0,1.0,0.0,0.0,5.0,43.0,49.0,4.9,12.18
1.0,0.0,0.0,0.0,1.0,30.0,18.0,1.8,24.94
0.0,1.0,0.0,0.0,12.0,42.0,28.0,2.8,22.07
0.0,0.0,0.0,1.0,0.0,59.0,47.0,4.7,18.11
0.0,0.0,1.0,0.0,8.0,53.0,66.0,6.6,16.21
0.0,1.0,0.0,0.0,0.0,69.0,38.0,3.8,36.95
1.0,0.0,0.0,0.0,3.0,30.0,53.0,5.3,22.58
0.0,0.0,0.0,1.0,0.0,22.0,54.0,5.4,23.17
0.0,1.0,0.0,0.0,0.0,4.0,58.0,5.8,21.6
0.0,1.0,0.0,0.0,16.0,28.0,42.0,4.2,24.86
0.0,1.0,0.0,0.0,0.0,2.0,61.0,6.1,11.26
0.0,1.0,0.0,0.0,7.0,54.0,58.0,5.8,29.86
1.0,0.0,0.0,0.0,28.0,61.0,21.0,2.1,23.71
0.0,0.0,1.0,0.0,19.0,98.0,35.0,3.5,15.69
0.0,1.0,0.0,0.0,8.0,11.0,39.0,3.9,24.62
1.0,0.0,0.0,0.0,0.0,20.0,53.0,5.3,14.17
0.0,0.0,1.0,0.0,17.0,46.0,41.0,4.1,18.59
0.0,0.0,1.0,0.0,8.0,55.0,53.0,5.3,20.09
0.0,0.0,0.0,1.0,0.0,0.0,68.0,6.8,20.6
0.0,1.0,0.0,0.0,0.0,41.0,56.0,5.6,27.14
0.0,0.0,0.0,1.0,0.0,0.0,54.0,5.4,17.65
0.0,1.0,0.0,0.0,7.0,45.0,28.0,2.8,22.18
0.0,1.0,0.0,0.0,0.0,0.0,29.0,2.9,9.24
0.0,1.0,0.0,0.0,0.0,100.0,26.0,2.6,25.27
1.0,0.0,0.0,0.0,0.0,0.0,56.0,5.6,16.64
0.0,0.0,1.0,0.0,0.0,44.0,55.0,5.5,25.15
0.0,0.0,1.0,0.0,12.0,36.0,37.0,3.7,12.46
0.0,0.0,1.0,0.0,8.0,19.0,49.0,4.9,18.18
1.0,0.0,0.0,0.0,1.0,48.0,59.0,5.9,14.56
0.0,0.0,1.0,0.0,2.0,16.0,50.0,5.0,26.46
0.0,1.0,0.0,0.0,3.0,22.0,43.0,4.3,11.53
1.0,0.0,0.0,0.0,0.0,34.0,47.0,4.7,21.49
1.0,0.0,0.0,0.0,0.0,6.0,41.0,4.1,20.39
0.0,0.0,1.0,0.0,3.0,69.0,24.0,2.4,36.29
0.0,1.0,0.0,0.0,0.0,51.0,26.0,2.6,28.69
1.0,0.0,0.0,0.0,5.0,41.0,79.0,7.9,13.91
1.0,0.0,0.0,0.0,12.0,32.0,47.0,4.7,27.13
0.0,0.0,0.0,1.0,2.0,91.0,36.0,3.6,25.81
0.0,0.0,0.0,1.0,0.0,23.0,39.0,3.9,22.15
0.0,0.0,0.0,1.0,0.0,0.0,49.0,4.9,15.76
1.0,0.0,0.0,0.0,11.0,38.0,60.0,6.0,11.73
1.0,0.0,0.0,0.0,0.0,50.0,56.0,5.6,21.11
0.0,1.0,0.0,0.0,10.0,62.0,40.0,4.0,27.73
0.0,0.0,0.0,1.0,0.0,16.0,74.0,7.4,17.96
0.0,1.0,0.0,0.0,5.0,41.0,34.0,3.4,23.06
1.0,0.0,0.0,0.0,3.0,30.0,57.0,5.7,24.95
0.0,1.0,0.0,0.0,0.0,19.0,43.0,4.3,21.16
0.0,0.0,0.0,1.0,0.0,43.0,51.0,5.1,23.76
0.0,0.0,1.0,0.0,0.0,0.0,43.0,4.3,9.65
0.0,0.0,0.0,1.0,11.0,42.0,65.0,6.5,22.23
0.0,0.0,1.0,0.0,13.0,9.0,57.0,5.7,14.11
0.0,1.0,0.0,0.0,24.0,23.0,38.0,3.8,10.03
0.0,0.0,0.0,1.0,4.0,7.0,68.0,6.8,8.66
1.0,0.0,0.0,0.0,0.0,56.0,49.0,4.9,32.29
0.0,1.0,0.0,0.0,0.0,0.0,45.0,4.5,10.02
0.0,1.0,0.0,0.0,0.0,47.0,31.0,3.1,27.42
0.0,1.0,0.0,0.0,0.0,44.0,49.0,4.9,13.37
0.0,1.0,0.0,0.0,0.0,0.0,42.0,4.2,15.17
1.0,0.0,0.0,0.0,0.0,19.0,34.0,3.4,25.06
1.0,0.0,0.0,0.0,0.0,0.0,42.0,4.2,16.95
0.0,1.0,0.0,0.0,0.0,58.0,42.0,4.2,25.55
0.0,0.0,1.0,0.0,3.0,37.0,42.0,4.2,23.17
0.0,0.0,0.0,1.0,12.0,16.0,41.0,4.1,14.59
1.0,0.0,0.0,0.0,9.0,48.0,46.0,4.6,25.5
0.0,1.0,0.0,0.0,0.0,84.0,35.0,3.5,15.14
1.0,0.0,0.0,0.0,15.0,29.0,40.0,4.0,27.23
0.0,0.0,1.0,0.0,0.0,34.0,62.0,6.2,19.16
0.0,0.0,1.0,0.0,0.0,14.0,48.0,4.8,23.08
0.0,0.0,1.0,0.0,14.0,79.0,60.0,6.0,31.38
0.0,1.0,0.0,0.0,5.0,45.0,46.0,4.6,15.57
0.0,1.0,0.0,0.0,0.0,25.0,21.0,2.1,24.0
0.0,0.0,0.0,1.0,0.0,36.0,60.0,6.0,17.9
1.0,0.0,0.0,0.0,8.0,46.0,57.0,5.7,24.3
0.0,0.0,0.0,1.0,0.0,11.0,74.0,7.4,24.93
0.0,0.0,0.0,1.0,6.0,31.0,79.0,7.9,15.04
0.0,0.0,1.0,0.0,0.0,20.0,64.0,6.4,24.61
0.0,0.0,1.0,0.0,0.0,18.0,53.0,5.3,28.96
0.0,0.0,0.0,1.0,0.0,78.0,62.0,6.2,14.97
1.0,0.0,0.0,0.0,0.0,15.0,48.0,4.8,22.46
0.0,0.0,0.0,1.0,0.0,3.0,65.0,6.5,16.38
1.0,0.0,0.0,0.0,4.0,17.0,34.0,3.4,21.59
0.0,1.0,0.0,0.0,0.0,0.0,41.0,4.1,16.8
0.0,1.0,0.0,0.0,0.0,63.0,28.0,2.8,24.5
0.0,0.0,0.0,1.0,5.0,79.0,79.0,7.9,24.65
0.0,1.0,0.0,0.0,0.0,51.0,50.0,5.0,13.66
0.0,0.0,1.0,0.0,19.0,49.0,69.0,6.9,25.96
0.0,0.0,1.0,0.0,18.0,43.0,53.0,5.3,21.42
0.0,1.0,0.0,0.0,9.0,9.0,50.0,5.0,16.84
1.0,0.0,0.0,0.0,13.0,28.0,53.0,5.3,11.11
0.0,0.0,0.0,1.0,17.0,16.0,58.0,5.8,19.19
1.0,0.0,0.0,0.0,0.0,17.0,44.0,4.4,23.34
0.0,0.0,0.0,1.0,12.0,42.0,61.0,6.1,26.77
0.0,1.0,0.0,0.0,0.0,3.0,47.0,4.7,20.6
1.0,0.0,0.0,0.0,0.0,13.0,54.0,5.4,23.81
0.0,0.0,1.0,0.0,4.0,42.0,69.0,6.9,16.29
0.0,0.0,1.0,0.0,15.0,31.0,36.0,3.6,24.17
0.0,0.0,0.0,1.0,3.0,39.0,59.0,5.9,18.85
0.0,1.0,0.0,0.0,15.0,40.0,59.0,5.9,23.17
0.0,1.0,0.0,0.0,7.0,16.0,37.0,3.7,24.19
1.0,0.0,0.0,0.0,0.0,27.0,75.0,7.5,25.75
0.0,0.0,0.0,1.0,0.0,12.0,52.0,5.2,20.87
0.0,1.0,0.0,0.0,12.0,33.0,34.0,3.4,12.85
0.0,0.0,0.0,1.0,12.0,41.0,78.0,7.8,26.79
0.0,0.0,0.0,1.0,11.0,22.0,67.0,6.7,19.4
0.0,0.0,1.0,0.0,0.0,78.0,63.0,6.3,24.79
0.0,0.0,1.0,0.0,0.0,0.0,76.0,7.6,16.79
1.0,0.0,0.0,0.0,6.0,55.0,54.0,5.4,27.59
0.0,0.0,1.0,0.0,0.0,23.0,62.0,6.2,20.31
0.0,0.0,0.0,1.0,2.0,36.0,55.0,5.5,30.18
0.0,0.0,0.0,1.0,5.0,0.0,65.0,6.5,18.05
0.0,1.0,0.0,0.0,0.0,17.0,41.0,4.1,25.22
1.0,0.0,0.0,0.0,4.0,62.0,34.0,3.4,27.15
0.0,0.0,0.0,1.0,8.0,50.0,72.0,7.2,22.68
0.0,1.0,0.0,0.0,0.0,17.0,39.0,3.9,24.46
1.0,0.0,0.0,0.0,0.0,70.0,40.0,4.0,30.32
0.0,0.0,0.0,1.0,17.0,93.0,79.0,7.9,30.25
0.0,1.0,0.0,0.0,4.0,13.0,43.0,4.3,23.93
1.0,0.0,0.0,0.0,0.0,12.0,59.0,5.9,20.22
0.0,1.0,0.0,0.0,2.0,12.0,49.0,4.9,13.45
1.0,0.0,0.0,0.0,12.0,82.0,56.0,5.6,30.12
0.0,1.0,0.0,0.0,0.0,37.0,39.0,3.9,30.62
1.0,0.0,0.0,0.0,0.0,7.0,31.0,3.1,17.42
0.0,0.0,0.0,1.0,0.0,43.0,81.0,8.1,12.52
0.0,1.0,0.0,0.0,6.0,28.0,44.0,4.4,20.11
0.0,0.0,0.0,1.0,6.0,16.0,44.0,4.4,18.86
0.0,1.0,0.0,0.0,0.0,7.0,54.0,5.4,9.31
0.0,0.0,1.0,0.0,9.0,55.0,74.0,7.4,23.74
1.0,0.0,0.0,0.0,0.0,23.0,58.0,5.8,24.1
0.0,1.0,0.0,0.0,0.0,3.0,58.0,5.8,11.9
0.0,1.0,0.0,0.0,10.0,41.0,46.0,4.6,25.72
0.0,0.0,0.0,1.0,0.0,7.0,90.0,9.0,18.72
1.0,0.0,0.0,0.0,3.0,9.0,90.0,9.0,16.99
1.0,0.0,0.0,0.0,6.0,64.0,74.0,7.4,13.64
0.0,0.0,0.0,1.0,8.0,51.0,77.0,7.7,36.12
0.0,1.0,0.0,0.0,21.0,52.0,34.0,3.4,11.59
0.0,0.0,0.0,1.0,0.0,37.0,74.0,7.4,22.59
1.0,0.0,0.0,0.0,8.0,55.0,54.0,5.4,26.7
0.0,0.0,1.0,0.0,11.0,40.0,48.0,4.8,10.96
0.0,1.0,0.0,0.0,0.0,0.0,48.0,4.8,9.85
0.0,0.0,0.0,1.0,10.0,56.0,74.0,7.4,25.65
0.0,0.0,0.0,1.0,0.0,11.0,60.0,6.0,13.13
0.0,0.0,0.0,1.0,29.0,16.0,71.0,7.1,10.1
0.0,1.0,0.0,0.0,21.0,62.0,38.0,3.8,28.21
0.0,0.0,1.0,0.0,0.0,42.0,63.0,6.3,18.02
0.0,1.0,0.0,0.0,16.0,62.0,34.0,3.4,26.47
0.0,0.0,1.0,0.0,5.0,41.0,33.0,3.3,30.91
1.0,0.0,0.0,0.0,0.0,0.0,34.0,3.4,12.26
0.0,0.0,1.0,0.0,5.0,48.0,37.0,3.7,23.19
0.0,0.0,0.0,1.0,14.0,96.0,72.0,7.2,24.39
0.0,1.0,0.0,0.0,3.0,33.0,44.0,4.4,29.36
0.0,0.0,1.0,0.0,0.0,53.0,57.0,5.7,15.04
0.0,1.0,0.0,0.0,19.0,42.0,39.0,3.9,12.41
0.0,1.0,0.0,0.0,0.0,85.0,21.0,2.1,15.67
0.0,0.0,0.0,1.0,0.0,52.0,64.0,6.4,33.27
0.0,0.0,1.0,0.0,10.0,32.0,61.0,6.1,24.15
0.0,0.0,1.0,0.0,7.0,82.0,75.0,7.5,37.36
0.0,0.0,0.0,1.0,0.0,41.0,57.0,5.7,26.89
0.0,0.0,1.0,0.0,0.0,56.0,65.0,6.5,27.14
0.0,0.0,1.0,0.0,0.0,44.0,47.0,4.7,22.45
1.0,0.0,0.0,0.0,3.0,57.0,52.0,5.2,24.73
0.0,0.0,1.0,0.0,0.0,0.0,73.0,7.3,10.04
0.0,0.0,0.0,1.0,0.0,30.0,71.0,7.1,19.45
0.0,0.0,1.0,0.0,0.0,12.0,57.0,5.7,25.07
0.0,0.0,0.0,1.0,0.0,0.0,69.0,6.9,17.42
0.0,0.0,0.0,1.0,0.0,16.0,63.0,6.3,22.71
1.0,0.0,0.0,0.0,5.0,0.0,70.0,7.0,18.86
1.0,0.0,0.0,0.0,0.0,9.0,37.0,3.7,9.65
0.0,0.0,0.0,1.0,0.0,7.0,65.0,6.5,19.18
0.0,1.0,0.0,0.0,5.0,25.0,44.0,4.4,22.59
0.0,0.0,0.0,1.0,15.0,9.0,63.0,6.3,18.1
0.0,1.0,0.0,0.0,4.0,54.0,24.0,2.4,28.38
1.0,0.0,0.0,0.0,0.0,52.0,63.0,6.3,31.67
1.0,0.0,0.0,0.0,0.0,0.0,61.0,6.1,14.54
1.0,0.0,0.0,0.0,0.0,50.0,55.0,5.5,23.36
0.0,1.0,0.0,0.0,2.0,71.0,40.0,4.0,27.15
0.0,1.0,0.0,0.0,3.0,58.0,39.0,3.9,26.69
0.0,0.0,1.0,0.0,0.0,0.0,56.0,5.6,22.75
0.0,0.0,0.0,1.0,0.0,34.0,69.0,6.9,22.41
1.0,0.0,0.0,0.0,0.0,4.0,42.0,4.2,15.83
1.0,0.0,0.0,0.0,0.0,13.0,55.0,5.5,14.13
0.0,0.0,0.0,1.0,0.0,4.0,64.0,6.4,15.3
0.0,0.0,1.0,0.0,14.0,71.0,49.0,4.9,21.16
0.0,1.0,0.0,0.0,0.0,8.0,36.0,3.6,15.19
0.0,0.0,0.0,1.0,0.0,9.0,95.0,9.5,8.86
0.0,0.0,1.0,0.0,4.0,53.0,49.0,4.9,31.73
0.0,1.0,0.0,0.0,4.0,5.0,46.0,4.6,17.83
0.0,0.0,0.0,1.0,0.0,48.0,70.0,7.0,30.26
0.0,1.0,0.0,0.0,0.0,29.0,52.0,5.2,14.33
0.0,1.0,0.0,0.0,0.0,11.0,37.0,3.7,24.49
0.0,0.0,0.0,1.0,16.0,57.0,72.0,7.2,25.43
0.0,1.0,0.0,0.0,0.0,16.0,44.0,4.4,18.16
0.0,0.0,1.0,0.0,6.0,11.0,55.0,5.5,24.85
0.0,1.0,0.0,0.0,11.0,60.0,26.0,2.6,26.35
0.0,0.0,1.0,0.0,0.0,37.0,45.0,4.5,17.49
1.0,0.0,0.0,0.0,0.0,27.0,72.0,7.2,18.94
0.0,1.0,0.0,0.0,5.0,39.0,63.0,6.3,22.46
0.0,1.0,0.0,0.0,12.0,9.0,43.0,4.3,17.05
1.0,0.0,0.0,0.0,0.0,3.0,47.0,4.7,20.51
0.0,0.0,1.0,0.0,5.0,36.0,54.0,5.4,25.44
0.0,1.0,0.0,0.0,16.0,43.0,50.0,5.0,26.74
0.0,0.0,0.0,1.0,0.0,39.0,53.0,5.3,21.75
0.0,0.0,0.0,1.0,1.0,41.0,54.0,5.4,12.54
0.0,1.0,0.0,0.0,0.0,24.0,57.0,5.7,25.98
0.0,0.0,1.0,0.0,24.0,21.0,44.0,4.4,9.59
0.0,0.0,1.0,0.0,9.0,41.0,66.0,6.6,24.24
0.0,1.0,0.0,0.0,0.0,61.0,37.0,3.7,22.16
0.0,0.0,1.0,0.0,12.0,16.0,54.0,5.4,20.26
0.0,0.0,1.0,0.0,6.0,17.0,48.0,4.8,24.23
0.0,0.0,0.0,1.0,0.0,42.0,56.0,5.6,13.5
0.0,0.0,1.0,0.0,2.0,63.0,43.0,4.3,23.93
0.0,0.0,0.0,1.0,9.0,44.0,47.0,4.7,12.09
0.0,1.0,0.0,0.0,0.0,19.0,55.0,5.5,27.44
0.0,0.0,1.0,0.0,12.0,9.0,51.0,5.1,14.96
0.0,1.0,0.0,0.0,0.0,12.0,9.0,0.9,13.22
0.0,0.0,0.0,1.0,0.0,29.0,55.0,5.5,15.15
0.0,1.0,0.0,0.0,0.0,36.0,31.0,3.1,17.9
0.0,0.0,0.0,1.0,7.0,67.0,63.0,6.3,21.67
0.0,1.0,0.0,0.0,3.0,30.0,37.0,3.7,29.65
0.0,0.0,1.0,0.0,0.0,61.0,36.0,3.6,21.53
1.0,0.0,0.0,0.0,0.0,0.0,38.0,3.8,16.76
0.0,0.0,0.0,1.0,22.0,34.0,77.0,7.7,17.56
0.0,0.0,1.0,0.0,0.0,13.0,42.0,4.2,29.88
0.0,0.0,0.0,1.0,2.0,61.0,72.0,7.2,24.5
1.0,0.0,0.0,0.0,0.0,18.0,52.0,5.2,20.9
0.0,0.0,0.0,1.0,0.0,0.0,75.0,7.5,13.45
1.0,0.0,0.0,0.0,2.0,91.0,43.0,4.3,28.47
0.0,0.0,1.0,0.0,0.0,24.0,39.0,3.9,25.67
0.0,0.0,1.0,0.0,0.0,25.0,58.0,5.8,12.45
0.0,1.0,0.0,0.0,0.0,61.0,40.0,4.0,18.1
0.0,0.0,1.0,0.0,5.0,58.0,44.0,4.4,24.82
0.0,0.0,0.0,1.0,3.0,39.0,64.0,6.4,21.55
0.0,0.0,0.0,1.0,0.0,3.0,69.0,6.9,15.43
0.0,0.0,1.0,0.0,0.0,33.0,67.0,6.7,24.42
0.0,1.0,0.0,0.0,16.0,66.0,38.0,3.8,14.16
1.0,0.0,0.0,0.0,3.0,36.0,38.0,3.8,22.79
0.0,1.0,0.0,0.0,12.0,7.0,48.0,4.8,22.69
0.0,0.0,0.0,1.0,0.0,56.0,67.0,6.7,17.46
1.0,0.0,0.0,0.0,0.0,37.0,45.0,4.5,21.07
0.0,1.0,0.0,0.0,13.0,32.0,45.0,4.5,27.84
1.0,0.0,0.0,0.0,2.0,43.0,61.0,6.1,12.08
1.0,0.0,0.0,0.0,9.0,59.0,51.0,5.1,33.9
0.0,1.0,0.0,0.0,0.0,0.0,37.0,3.7,18.03
0.0,0.0,1.0,0.0,0.0,23.0,27.0,2.7,16.26
0.0,0.0,0.0,1.0,0.0,11.0,44.0,4.4,11.91
0.0,0.0,0.0,1.0,0.0,22.0,52.0,5.2,21.31
0.0,0.0,0.0,1.0,0.0,18.0,54.0,5.4,29.98
0.0,0.0,1.0,0.0,1.0,21.0,58.0,5.8,13.93
0.0,0.0,1.0,0.0,16.0,40.0,61.0,6.1,21.16
0.0,0.0,0.0,1.0,14.0,51.0,82.0,8.2,30.1
1.0,0.0,0.0,0.0,0.0,7.0,53.0,5.3,17.42
0.0,0.0,1.0,0.0,0.0,17.0,75.0,7.5,12.44
0.0,0.0,0.0,1.0,14.0,18.0,44.0,4.4,14.5
0.0,0.0,0.0,1.0,3.0,24.0,59.0,5.9,11.15
0.0,0.0,1.0,0.0,21.0,52.0,47.0,4.7,23.81
1.0,0.0,0.0,0.0,25.0,52.0,28.0,2.8,22.25
0.0,0.0,1.0,0.0,18.0,42.0,36.0,3.6,10.94
0.0,1.0,0.0,0.0,0.0,8.0,33.0,3.3,19.52
0.0,0.0,0.0,1.0,7.0,20.0,64.0,6.4,17.84
0.0,1.0,0.0,0.0,10.0,25.0,34.0,3.4,30.35
0.0,0.0,1.0,0.0,0.0,32.0,26.0,2.6,20.0
1.0,0.0,0.0,0.0,3.0,43.0,25.0,2.5,28.96
0.0,0.0,1.0,0.0,2.0,61.0,50.0,5.0,32.06
1.0,0.0,0.0,0.0,16.0,32.0,58.0,5.8,22.12
1.0,0.0,0.0,0.0,0.0,44.0,48.0,4.8,24.98
0.0,0.0,0.0,1.0,5.0,79.0,78.0,7.8,14.74
0.0,1.0,0.0,0.0,0.0,36.0,38.0,3.8,22.68
1.0,0.0,0.0,0.0,0.0,21.0,51.0,5.1,13.8
0.0,0.0,0.0,1.0,0.0,7.0,74.0,7.4,10.39
0.0,1.0,0.0,0.0,6.0,40.0,46.0,4.6,19.28
0.0,1.0,0.0,0.0,0.0,14.0,39.0,3.9,15.18
0.0,0.0,1.0,0.0,0.0,17.0,72.0,7.2,24.53
1.0,0.0,0.0,0.0,0.0,59.0,53.0,5.3,29.98
1.0,0.0,0.0,0.0,0.0,65.0,43.0,4.3,26.98
1.0,0.0,0.0,0.0,0.0,72.0,41.0,4.1,30.73
1.0,0.0,0.0,0.0,5.0,41.0,41.0,4.1,28.05
0.0,0.0,0.0,1.0,0.0,66.0,67.0,6.7,27.01
1.0,0.0,0.0,0.0,6.0,51.0,60.0,6.0,29.55
0.0,1.0,0.0,0.0,14.0,41.0,51.0,5.1,19.31
1.0,0.0,0.0,0.0,0.0,17.0,36.0,3.6,25.92
0.0,1.0,0.0,0.0,0.0,58.0,42.0,4.2,26.95
0.0,0.0,1.0,0.0,26.0,36.0,67.0,6.7,21.63
0.0,0.0,0.0,1.0,0.0,4.0,69.0,6.9,18.42
0.0,1.0,0.0,0.0,0.0,19.0,37.0,3.7,15.3
0.0,0.0,1.0,0.0,0.0,30.0,60.0,6.0,26.73
0.0,0.0,1.0,0.0,33.0,42.0,50.0,5.0,15.84
0.0,1.0,0.0,0.0,4.0,14.0,50.0,5.0,12.14
0.0,1.0,0.0,0.0,0.0,24.0,44.0,4.4,27.23
0.0,1.0,0.0,0.0,0.0,34.0,32.0,3.2,21.41
0.0,0.0,1.0,0.0,0.0,5.0,51.0,5.1,18.45
1.0,0.0,0.0,0.0,22.0,27.0,50.0,5.0,21.48
1.0,0.0,0.0,0.0,0.0,11.0,69.0,6.9,26.28
0.0,0.0,1.0,0.0,6.0,64.0,68.0,6.8,16.41
0.0,0.0,0.0,1.0,22.0,46.0,67.0,6.7,15.52
0.0,0.0,0.0,1.0,25.0,50.0,51.0,5.1,26.14
0.0,0.0,0.0,1.0,12.0,36.0,66.0,6.6,21.59
0.0,0.0,1.0,0.0,0.0,3.0,54.0,5.4,17.48
0.0,0.0,1.0,0.0,13.0,67.0,38.0,3.8,25.03
0.0,0.0,0.0,1.0,0.0,105.0,60.0,6.0,30.33
1.0,0.0,0.0,0.0,0.0,22.0,45.0,4.5,16.98
0.0,1.0,0.0,0.0,12.0,63.0,35.0,3.5,27.8
0.0,0.0,1.0,0.0,0.0,6.0,87.0,8.7,8.87
0.0,1.0,0.0,0.0,0.0,58.0,51.0,5.1,26.18
0.0,0.0,1.0,0.0,3.0,14.0,86.0,8.6,23.12
0.0,0.0,1.0,0.0,0.0,58.0,59.0,5.9,16.27
0.0,0.0,0.0,1.0,7.0,41.0,85.0,8.5,22.34
0.0,1.0,0.0,0.0,2.0,54.0,44.0,4.4,15.2
0.0,0.0,0.0,1.0,0.0,50.0,58.0,5.8,24.14
1.0,0.0,0.0,0.0,0.0,87.0,57.0,5.7,23.82
1.0,0.0,0.0,0.0,0.0,4.0,62.0,6.2,19.63
1.0,0.0,0.0,0.0,8.0,36.0,54.0,5.4,22.94
0.0,1.0,0.0,0.0,5.0,10.0,30.0,3.0,11.13
0.0,0.0,1.0,0.0,0.0,28.0,57.0,5.7,17.51
0.0,0.0,1.0,0.0,20.0,10.0,46.0,4.6,12.48
0.0,1.0,0.0,0.0,0.0,44.0,24.0,2.4,11.29
0.0,1.0,0.0,0.0,15.0,36.0,51.0,5.1,12.2
0.0,0.0,1.0,0.0,0.0,25.0,64.0,6.4,18.83
1.0,0.0,0.0,0.0,0.0,54.0,74.0,7.4,34.31
0.0,0.0,1.0,0.0,20.0,79.0,61.0,6.1,29.54
1.0,0.0,0.0,0.0,0.0,52.0,36.0,3.6,31.03
0.0,1.0,0.0,0.0,12.0,34.0,40.0,4.0,13.1
1.0,0.0,0.0,0.0,0.0,24.0,49.0,4.9,18.78
0.0,0.0,0.0,1.0,0.0,9.0,43.0,4.3,9.19
0.0,0.0,1.0,0.0,0.0,52.0,75.0,7.5,30.44
0.0,0.0,0.0,1.0,21.0,62.0,66.0,6.6,22.83
1.0,0.0,0.0,0.0,0.0,0.0,47.0,4.7,14.74
0.0,1.0,0.0,0.0,16.0,23.0,39.0,3.9,10.95
0.0,0.0,1.0,0.0,15.0,33.0,46.0,4.6,17.22
1.0,0.0,0.0,0.0,14.0,70.0,49.0,4.9,21.47
0.0,1.0,0.0,0.0,13.0,48.0,44.0,4.4,24.39
0.0,1.0,0.0,0.0,14.0,51.0,56.0,5.6,27.5
1.0,0.0,0.0,0.0,0.0,0.0,67.0,6.7,21.42
1.0,0.0,0.0,0.0,6.0,24.0,54.0,5.4,21.87
1.0,0.0,0.0,0.0,9.0,27.0,55.0,5.5,23.16
0.0,0.0,0.0,1.0,0.0,37.0,61.0,6.1,20.57
0.0,0.0,1.0,0.0,5.0,20.0,60.0,6.0,10.8
1.0,0.0,0.0,0.0,9.0,86.0,43.0,4.3,13.23
1.0,0.0,0.0,0.0,11.0,86.0,56.0,5.6,21.59
0.0,1.0,0.0,0.0,0.0,78.0,54.0,5.4,22.2
0.0,0.0,0.0,1.0,0.0,0.0,81.0,8.1,24.81
0.0,0.0,0.0,1.0,0.0,19.0,83.0,8.3,25.86
0.0,0.0,0.0,1.0,13.0,28.0,71.0,7.1,18.83
1.0,0.0,0.0,0.0,0.0,51.0,44.0,4.4,33.2
0.0,1.0,0.0,0.0,0.0,42.0,37.0,3.7,18.35
1.0,0.0,0.0,0.0,10.0,15.0,63.0,6.3,25.78
0.0,1.0,0.0,0.0,0.0,24.0,40.0,4.0,13.55
1.0,0.0,0.0,0.0,9.0,57.0,41.0,4.1,30.61
1.0,0.0,0.0,0.0,15.0,19.0,36.0,3.6,20.5
0.0,0.0,1.0,0.0,10.0,44.0,43.0,4.3,27.91
1.0,0.0,0.0,0.0,2.0,90.0,81.0,8.1,31.64
1.0,0.0,0.0,0.0,0.0,6.0,36.0,3.6,15.97
1.0,0.0,0.0,0.0,0.0,11.0,49.0,4.9,25.92
0.0,0.0,0.0,1.0,11.0,46.0,71.0,7.1,13.01
1.0,0.0,0.0,0.0,0.0,12.0,48.0,4.8,21.15
0.0,0.0,1.0,0.0,0.0,26.0,48.0,4.8,12.27
0.0,0.0,1.0,0.0,12.0,39.0,70.0,7.0,11.51
0.0,1.0,0.0,0.0,0.0,40.0,48.0,4.8,23.27
0.0,1.0,0.0,0.0,0.0,22.0,47.0,4.7,18.4
0.0,1.0,0.0,0.0,28.0,43.0,39.0,3.9,17.33
1.0,0.0,0.0,0.0,16.0,10.0,25.0,2.5,24.2
0.0,1.0,0.0,0.0,2.0,0.0,45.0,4.5,19.38
1.0,0.0,0.0,0.0,4.0,33.0,44.0,4.4,19.68
0.0,1.0,0.0,0.0,15.0,13.0,33.0,3.3,22.94
1.0,0.0,0.0,0.0,0.0,2.0,46.0,4.6,18.63
0.0,0.0,0.0,1.0,1.0,70.0,56.0,5.6,13.88
0.0,0.0,0.0,1.0,2.0,35.0,46.0,4.6,30.28
0.0,0.0,0.0,1.0,0.0,39.0,75.0,7.5,16.87
0.0,0.0,0.0,1.0,10.0,11.0,49.0,4.9,24.33
0.0,1.0,0.0,0.0,17.0,93.0,39.0,3.9,26.1
1.0,0.0,0.0,0.0,4.0,63.0,48.0,4.8,29.88
0.0,0.0,1.0,0.0,0.0,51.0,46.0,4.6,27.2
1.0,0.0,0.0,0.0,0.0,23.0,55.0,5.5,26.15
0.0,1.0,0.0,0.0,15.0,7.0,51.0,5.1,19.27
1.0,0.0,0.0,0.0,16.0,14.0,35.0,3.5,18.57
0.0,0.0,1.0,0.0,8.0,36.0,43.0,4.3,19.84
0.0,0.0,0.0,1.0,15.0,14.0,60.0,6.0,29.02
0.0,1.0,0.0,0.0,14.0,96.0,42.0,4.2,29.05
0.0,1.0,0.0,0.0,0.0,9.0,30.0,3.0,18.7
0.0,1.0,0.0,0.0,9.0,53.0,61.0,6.1,20.43
0.0,0.0,0.0,1.0,6.0,74.0,71.0,7.1,36.7
0.0,0.0,0.0,1.0,11.0,37.0,73.0,7.3,14.08
1.0,0.0,0.0,0.0,0.0,36.0,26.0,2.6,23.23
0.0,1.0,0.0,0.0,0.0,32.0,50.0,5.0,11.06
1.0,0.0,0.0,0.0,0.0,46.0,50.0,5.0,24.74
0.0,0.0,0.0,1.0,0.0,51.0,53.0,5.3,22.53
0.0,0.0,0.0,1.0,2.0,61.0,67.0,6.7,16.87
0.0,0.0,1.0,0.0,0.0,36.0,45.0,4.5,11.84
0.0,0.0,0.0,1.0,0.0,52.0,57.0,5.7,31.19
1.0,0.0,0.0,0.0,0.0,4.0,55.0,5.5,16.69
0.0,1.0,0.0,0.0,23.0,101.0,41.0,4.1,27.88
0.0,0.0,1.0,0.0,0.0,12.0,33.0,3.3,10.97
0.0,1.0,0.0,0.0,0.0,36.0,60.0,6.0,26.2
0.0,0.0,1.0,0.0,2.0,33.0,46.0,4.6,25.74
0.0,0.0,1.0,0.0,0.0,15.0,41.0,4.1,15.41
0.0,0.0,0.0,1.0,3.0,41.0,76.0,7.6,19.14
0.0,0.0,1.0,0.0,10.0,19.0,62.0,6.2,20.61
0.0,1.0,0.0,0.0,11.0,85.0,31.0,3.1,27.65
0.0,1.0,0.0,0.0,0.0,36.0,40.0,4.0,13.93
0.0,0.0,0.0,1.0,0.0,44.0,90.0,9.0,16.61
0.0,0.0,0.0,1.0,0.0,43.0,47.0,4.7,24.96
0.0,0.0,0.0,1.0,1.0,9.0,68.0,6.8,18.34
0.0,0.0,1.0,0.0,0.0,27.0,56.0,5.6,21.89
0.0,0.0,1.0,0.0,0.0,12.0,55.0,5.5,21.2
0.0,0.0,1.0,0.0,0.0,59.0,24.0,2.4,21.46
0.0,1.0,0.0,0.0,16.0,84.0,40.0,4.0,15.5
0.0,0.0,1.0,0.0,17.0,23.0,71.0,7.1,18.58
1.0,0.0,0.0,0.0,0.0,0.0,46.0,4.6,23.11
0.0,0.0,1.0,0.0,8.0,45.0,30.0,3.0,28.07
0.0,0.0,0.0,1.0,10.0,80.0,85.0,8.5,23.16
0.0,1.0,0.0,0.0,0.0,8.0,24.0,2.4,9.5
0.0,0.0,0.0,1.0,0.0,24.0,75.0,7.5,21.17
1.0,0.0,0.0,0.0,14.0,18.0,47.0,4.7,22.11
0.0,0.0,1.0,0.0,0.0,78.0,28.0,2.8,22.68
0.0,0.0,0.0,1.0,0.0,33.0,56.0,5.6,26.91
1.0,0.0,0.0,0.0,26.0,24.0,35.0,3.5,10.0
0.0,0.0,1.0,0.0,4.0,71.0,59.0,5.9,28.51
0.0,0.0,1.0,0.0,14.0,58.0,71.0,7.1,24.42
0.0,0.0,1.0,0.0,14.0,47.0,40.0,4.0,19.35
0.0,0.0,0.0,1.0,38.0,42.0,63.0,6.3,9.65
0.0,0.0,0.0,1.0,0.0,41.0,55.0,5.5,14.65
0.0,1.0,0.0,0.0,7.0,30.0,22.0,2.2,23.18
1.0,0.0,0.0,0.0,0.0,6.0,69.0,6.9,18.7
1.0,0.0,0.0,0.0,0.0,18.0,58.0,5.8,28.34
1.0,0.0,0.0,0.0,0.0,11.0,40.0,4.0,24.45
1.0,0.0,0.0,0.0,0.0,47.0,59.0,5.9,24.88
0.0,0.0,0.0,1.0,0.0,34.0,57.0,5.7,24.07
0.0,1.0,0.0,0.0,8.0,58.0,54.0,5.4,21.13
0.0,0.0,0.0,1.0,3.0,30.0,47.0,4.7,13.87
0.0,0.0,1.0,0.0,12.0,53.0,64.0,6.4,27.91
0.0,0.0,1.0,0.0,0.0,10.0,48.0,4.8,19.31
0.0,1.0,0.0,0.0,0.0,7.0,47.0,4.7,17.57
0.0,0.0,0.0,1.0,0.0,46.0,69.0,6.9,23.57
0.0,0.0,0.0,1.0,15.0,29.0,53.0,5.3,14.25
0.0,0.0,1.0,0.0,24.0,23.0,13.0,1.3,12.46
0.0,1.0,0.0,0.0,4.0,73.0,18.0,1.8,31.83
0.0,0.0,1.0,0.0,15.0,80.0,61.0,6.1,22.31
0.0,0.0,1.0,0.0,0.0,0.0,55.0,5.5,11.25
0.0,0.0,0.0,1.0,0.0,27.0,59.0,5.9,15.42
0.0,0.0,0.0,1.0,24.0,38.0,44.0,4.4,18.02
0.0,1.0,0.0,0.0,11.0,42.0,45.0,4.5,12.27
0.0,1.0,0.0,0.0,10.0,54.0,40.0,4.0,34.3
0.0,0.0,1.0,0.0,13.0,48.0,53.0,5.3,17.85
1.0,0.0,0.0,0.0,0.0,72.0,68.0,6.8,14.63
0.0,1.0,0.0,0.0,0.0,33.0,30.0,3.0,25.1
0.0,0.0,1.0,0.0,0.0,17.0,44.0,4.4,13.11
0.0,1.0,0.0,0.0,0.0,59.0,17.0,1.7,31.65
1.0,0.0,0.0,0.0,0.0,36.0,62.0,6.2,12.24
1.0,0.0,0.0,0.0,0.0,61.0,57.0,5.7,17.89
1.0,0.0,0.0,0.0,6.0,47.0,57.0,5.7,25.42
0.0,0.0,1.0,0.0,0.0,15.0,56.0,5.6,21.55
0.0,1.0,0.0,0.0,27.0,7.0,40.0,4.0,7.95
0.0,1.0,0.0,0.0,23.0,17.0,45.0,4.5,20.51
0.0,0.0,0.0,1.0,0.0,15.0,77.0,7.7,14.97
0.0,1.0,0.0,0.0,0.0,20.0,36.0,3.6,22.67
0.0,0.0,1.0,0.0,0.0,66.0,35.0,3.5,24.57
1.0,0.0,0.0,0.0,0.0,0.0,58.0,5.8,17.02
0.0,1.0,0.0,0.0,0.0,60.0,44.0,4.4,37.34
0.0,0.0,1.0,0.0,0.0,25.0,12.0,1.2,19.58
0.0,0.0,1.0,0.0,6.0,14.0,69.0,6.9,22.87
0.0,0.0,1.0,0.0,3.0,54.0,57.0,5.7,30.98
0.0,1.0,0.0,0.0,0.0,33.0,47.0,4.7,12.55
0.0,1.0,0.0,0.0,0.0,8.0,51.0,5.1,17.78
1.0,0.0,0.0,0.0,9.0,56.0,29.0,2.9,30.83
1.0,0.0,0.0,0.0,6.0,5.0,78.0,7.8,17.79
0.0,0.0,0.0,1.0,14.0,29.0,51.0,5.1,27.08
0.0,0.0,1.0,0.0,12.0,32.0,56.0,5.6,21.73
0.0,1.0,0.0,0.0,0.0,3.0,40.0,4.0,17.1
0.0,1.0,0.0,0.0,0.0,33.0,42.0,4.2,15.36
0.0,0.0,1.0,0.0,0.0,2.0,69.0,6.9,16.29
0.0,1.0,0.0,0.0,0.0,13.0,43.0,4.3,15.28
0.0,1.0,0.0,0.0,6.0,13.0,23.0,2.3,21.61
0.0,0.0,0.0,1.0,7.0,31.0,49.0,4.9,22.1
1.0,0.0,0.0,0.0,6.0,60.0,50.0,5.0,19.86
0.0,0.0,1.0,0.0,42.0,90.0,55.0,5.5,14.62
0.0,1.0,0.0,0.0,10.0,51.0,42.0,4.2,32.17
0.0,0.0,1.0,0.0,33.0,25.0,62.0,6.2,15.81
0.0,0.0,1.0,0.0,25.0,57.0,57.0,5.7,14.18
0.0,0.0,1.0,0.0,10.0,52.0,67.0,6.7,33.27
0.0,1.0,0.0,0.0,0.0,22.0,31.0,3.1,11.23
0.0,1.0,0.0,0.0,0.0,59.0,29.0,2.9,34.69
1.0,0.0,0.0,0.0,6.0,55.0,46.0,4.6,33.35
0.0,1.0,0.0,0.0,0.0,0.0,46.0,4.6,19.41
0.0,0.0,1.0,0.0,4.0,9.0,67.0,6.7,17.34
0.0,0.0,0.0,1.0,6.0,36.0,65.0,6.5,18.2
0.0,1.0,0.0,0.0,0.0,26.0,55.0,5.5,30.09
0.0,0.0,0.0,1.0,4.0,15.0,68.0,6.8,23.88
0.0,0.0,1.0,0.0,0.0,53.0,68.0,6.8,27.19
0.0,0.0,1.0,0.0,5.0,79.0,82.0,8.2,18.21
0.0,0.0,0.0,1.0,4.0,48.0,49.0,4.9,10.92
1.0,0.0,0.0,0.0,3.0,51.0,39.0,3.9,29.56
0.0,0.0,1.0,0.0,3.0,7.0,50.0,5.0,18.14
0.0,1.0,0.0,0.0,2.0,14.0,54.0,5.4,20.57
1.0,0.0,0.0,0.0,5.0,13.0,53.0,5.3,17.15
0.0,0.0,1.0,0.0,2.0,12.0,70.0,7.0,12.13
0.0,1.0,0.0,0.0,0.0,0.0,31.0,3.1,22.45
0.0,0.0,1.0,0.0,12.0,38.0,76.0,7.6,13.38
0.0,0.0,1.0,0.0,0.0,12.0,51.0,5.1,23.43
0.0,0.0,0.0,1.0,0.0,0.0,59.0,5.9,17.66
0.0,0.0,0.0,1.0,7.0,39.0,65.0,6.5,16.37
0.0,0.0,0.0,1.0,8.0,35.0,46.0,4.6,28.39
0.0,0.0,0.0,1.0,19.0,26.0,60.0,6.0,19.95
0.0,0.0,1.0,0.0,0.0,15.0,32.0,3.2,22.81
0.0,1.0,0.0,0.0,1.0,62.0,41.0,4.1,25.71
0.0,0.0,0.0,1.0,3.0,64.0,63.0,6.3,19.6
1.0,0.0,0.0,0.0,8.0,61.0,37.0,3.7,26.89
0.0,0.0,0.0,1.0,0.0,27.0,59.0,5.9,30.76
0.0,0.0,0.0,1.0,10.0,39.0,83.0,8.3,13.45
0.0,0.0,0.0,1.0,0.0,5.0,67.0,6.7,12.03
1.0,0.0,0.0,0.0,4.0,59.0,38.0,3.8,26.13
1.0,0.0,0.0,0.0,3.0,24.0,58.0,5.8,30.16
0.0,1.0,0.0,0.0,12.0,36.0,28.0,2.8,26.14
1.0,0.0,0.0,0.0,0.0,38.0,48.0,4.8,28.77
1.0,0.0,0.0,0.0,0.0,23.0,64.0,6.4,21.17
1.0,0.0,0.0,0.0,0.0,34.0,43.0,4.3,23.19
0.0,0.0,1.0,0.0,3.0,31.0,60.0,6.0,19.33
0.0,1.0,0.0,0.0,4.0,17.0,36.0,3.6,15.08
0.0,0.0,0.0,1.0,9.0,23.0,60.0,6.0,13.75
0.0,0.0,1.0,0.0,16.0,57.0,57.0,5.7,14.25
0.0,0.0,0.0,1.0,22.0,34.0,69.0,6.9,15.96
0.0,0.0,1.0,0.0,0.0,52.0,61.0,6.1,21.52
0.0,1.0,0.0,0.0,0.0,19.0,47.0,4.7,21.62
0.0,0.0,0.0,1.0,10.0,44.0,71.0,7.1,23.49
0.0,1.0,0.0,0.0,12.0,122.0,57.0,5.7,35.93
1.0,0.0,0.0,0.0,0.0,25.0,60.0,6.0,29.33
0.0,0.0,1.0,0.0,0.0,23.0,54.0,5.4,20.0
0.0,0.0,0.0,1.0,24.0,23.0,66.0,6.6,15.52
0.0,1.0,0.0,0.0,0.0,71.0,44.0,4.4,25.7
0.0,0.0,1.0,0.0,0.0,52.0,67.0,6.7,17.78
0.0,1.0,0.0,0.0,13.0,24.0,43.0,4.3,25.72
0.0,0.0,0.0,1.0,7.0,35.0,56.0,5.6,23.93
1.0,0.0,0.0,0.0,8.0,41.0,48.0,4.8,22.44
0.0,0.0,0.0,1.0,21.0,3.0,53.0,5.3,18.49
0.0,1.0,0.0,0.0,5.0,17.0,56.0,5.6,20.02
1.0,0.0,0.0,0.0,3.0,70.0,51.0,5.1,25.45
0.0,0.0,0.0,1.0,0.0,0.0,64.0,6.4,18.73
0.0,0.0,0.0,1.0,45.0,10.0,61.0,6.1,22.38
0.0,0.0,1.0,0.0,12.0,63.0,57.0,5.7,24.53
0.0,0.0,0.0,1.0,24.0,35.0,66.0,6.6,17.73
1.0,0.0,0.0,0.0,0.0,41.0,48.0,4.8,21.79
0.0,0.0,1.0,0.0,0.0,0.0,48.0,4.8,12.0
0.0,0.0,0.0,1.0,28.0,72.0,70.0,7.0,15.5
0.0,0.0,0.0,1.0,8.0,79.0,76.0,7.6,35.74
0.0,1.0,0.0,0.0,8.0,29.0,40.0,4.0,20.07
0.0,0.0,1.0,0.0,0.0,26.0,56.0,5.6,23.02
0.0,0.0,0.0,1.0,8.0,31.0,53.0,5.3,26.96
0.0,1.0,0.0,0.0,0.0,0.0,59.0,5.9,23.56
0.0,0.0,1.0,0.0,7.0,30.0,44.0,4.4,25.39
1.0,0.0,0.0,0.0,16.0,33.0,52.0,5.2,21.04
0.0,0.0,0.0,1.0,0.0,14.0,91.0,9.1,21.93
0.0,0.0,0.0,1.0,10.0,72.0,62.0,6.2,18.23
0.0,0.0,1.0,0.0,0.0,56.0,27.0,2.7,24.96
0.0,0.0,1.0,0.0,0.0,33.0,66.0,6.6,24.26
0.0,1.0,0.0,0.0,5.0,25.0,52.0,5.2,21.37
1.0,0.0,0.0,0.0,16.0,52.0,60.0,6.0,32.07
0.0,0.0,1.0,0.0,7.0,34.0,32.0,3.2,28.47
1.0,0.0,0.0,0.0,1.0,34.0,51.0,5.1,26.47
0.0,0.0,0.0,1.0,17.0,22.0,60.0,6.0,19.25
0.0,0.0,0.0,1.0,3.0,75.0,63.0,6.3,19.57
0.0,1.0,0.0,0.0,2.0,20.0,47.0,4.7,20.77
1.0,0.0,0.0,0.0,0.0,0.0,36.0,3.6,23.72
0.0,1.0,0.0,0.0,0.0,5.0,34.0,3.4,21.74
0.0,1.0,0.0,0.0,0.0,43.0,36.0,3.6,30.64
1.0,0.0,0.0,0.0,7.0,10.0,42.0,4.2,28.31
0.0,0.0,0.0,1.0,0.0,11.0,61.0,6.1,21.08
0.0,0.0,1.0,0.0,0.0,13.0,32.0,3.2,22.81
0.0,0.0,0.0,1.0,8.0,30.0,62.0,6.2,23.34
1.0,0.0,0.0,0.0,7.0,71.0,37.0,3.7,28.41
0.0,0.0,1.0,0.0,11.0,31.0,61.0,6.1,16.44
0.0,0.0,1.0,0.0,15.0,7.0,57.0,5.7,17.61
0.0,1.0,0.0,0.0,22.0,31.0,42.0,4.2,21.17
0.0,0.0,1.0,0.0,12.0,1.0,51.0,5.1,17.18
0.0,0.0,0.0,1.0,0.0,22.0,47.0,4.7,26.96
0.0,0.0,0.0,1.0,7.0,76.0,51.0,5.1,30.76
1.0,0.0,0.0,0.0,6.0,15.0,49.0,4.9,19.82
0.0,0.0,0.0,1.0,18.0,18.0,67.0,6.7,16.33
0.0,1.0,0.0,0.0,38.0,61.0,45.0,4.5,24.22
0.0,1.0,0.0,0.0,0.0,60.0,48.0,4.8,21.94
1.0,0.0,0.0,0.0,0.0,68.0,68.0,6.8,32.24
0.0,0.0,1.0,0.0,0.0,24.0,57.0,5.7,21.86
0.0,1.0,0.0,0.0,17.0,46.0,39.0,3.9,13.08
1.0,0.0,0.0,0.0,0.0,35.0,47.0,4.7,25.68
0.0,0.0,0.0,1.0,6.0,40.0,58.0,5.8,22.05
0.0,0.0,0.0,1.0,10.0,35.0,60.0,6.0,16.25
0.0,0.0,1.0,0.0,0.0,0.0,68.0,6.8,15.56
0.0,1.0,0.0,0.0,0.0,14.0,47.0,4.7,31.15
0.0,1.0,0.0,0.0,0.0,6.0,47.0,4.7,23.02
0.0,0.0,0.0,1.0,0.0,28.0,60.0,6.0,18.17
0.0,0.0,0.0,1.0,20.0,7.0,73.0,7.3,13.22
0.0,1.0,0.0,0.0,16.0,98.0,20.0,2.0,13.65
0.0,0.0,0.0,1.0,8.0,19.0,60.0,6.0,14.25
0.0,0.0,1.0,0.0,0.0,33.0,63.0,6.3,14.1
0.0,0.0,1.0,0.0,0.0,40.0,59.0,5.9,19.49
0.0,0.0,1.0,0.0,2.0,20.0,27.0,2.7,24.56
0.0,0.0,0.0,1.0,12.0,39.0,54.0,5.4,25.28
1.0,0.0,0.0,0.0,0.0,5.0,57.0,5.7,20.74
0.0,0.0,1.0,0.0,0.0,2.0,61.0,6.1,14.87
0.0,0.0,1.0,0.0,9.0,48.0,84.0,8.4,13.74
0.0,0.0,1.0,0.0,0.0,0.0,50.0,5.0,18.04
0.0,1.0,0.0,0.0,10.0,81.0,45.0,4.5,30.18
0.0,1.0,0.0,0.0,0.0,27.0,42.0,4.2,21.62
0.0,0.0,1.0,0.0,0.0,28.0,58.0,5.8,25.67
0.0,0.0,1.0,0.0,0.0,42.0,57.0,5.7,20.21
0.0,0.0,0.0,1.0,0.0,41.0,61.0,6.1,18.26
0.0,1.0,0.0,0.0,14.0,18.0,50.0,5.0,24.1
0.0,1.0,0.0,0.0,8.0,65.0,61.0,6.1,29.74
0.0,1.0,0.0,0.0,18.0,43.0,26.0,2.6,10.96
0.0,0.0,0.0,1.0,0.0,8.0,69.0,6.9,20.67
0.0,0.0,1.0,0.0,0.0,0.0,46.0,4.6,11.93
0.0,0.0,1.0,0.0,0.0,69.0,52.0,5.2,24.87
0.0,0.0,1.0,0.0,0.0,64.0,44.0,4.4,15.89
1.0,0.0,0.0,0.0,0.0,41.0,34.0,3.4,27.44
0.0,0.0,0.0,1.0,14.0,53.0,71.0,7.1,25.58
1.0,0.0,0.0,0.0,0.0,65.0,38.0,3.8,26.26
0.0,0.0,1.0,0.0,1.0,46.0,43.0,4.3,19.12
0.0,1.0,0.0,0.0,10.0,19.0,58.0,5.8,30.38
1.0,0.0,0.0,0.0,16.0,23.0,42.0,4.2,20.86
0.0,0.0,1.0,0.0,0.0,0.0,69.0,6.9,8.71
0.0,1.0,0.0,0.0,2.0,30.0,44.0,4.4,14.48
0.0,0.0,1.0,0.0,0.0,24.0,71.0,7.1,20.25
0.0,0.0,1.0,0.0,0.0,26.0,48.0,4.8,23.08
0.0,0.0,0.0,1.0,16.0,15.0,84.0,8.4,30.71
0.0,1.0,0.0,0.0,0.0,36.0,49.0,4.9,18.8
0.0,0.0,1.0,0.0,0.0,65.0,31.0,3.1,22.06
0.0,0.0,1.0,0.0,0.0,66.0,58.0,5.8,18.0
0.0,1.0,0.0,0.0,8.0,7.0,44.0,4.4,18.66
0.0,0.0,1.0,0.0,2.0,16.0,39.0,3.9,27.46
1.0,0.0,0.0,0.0,4.0,53.0,35.0,3.5,27.29
0.0,0.0,1.0,0.0,0.0,6.0,58.0,5.8,22.19
0.0,1.0,0.0,0.0,23.0,51.0,47.0,4.7,23.68
0.0,0.0,0.0,1.0,18.0,36.0,86.0,8.6,21.22
0.0,0.0,0.0,1.0,8.0,29.0,78.0,7.8,13.45
0.0,0.0,0.0,1.0,15.0,34.0,53.0,5.3,18.68
0.0,0.0,0.0,1.0,0.0,42.0,62.0,6.2,24.85
0.0,1.0,0.0,0.0,4.0,24.0,54.0,5.4,22.83
0.0,1.0,0.0,0.0,16.0,42.0,36.0,3.6,24.47
0.0,0.0,0.0,1.0,0.0,39.0,44.0,4.4,15.05
0.0,0.0,1.0,0.0,7.0,76.0,77.0,7.7,29.75
0.0,1.0,0.0,0.0,23.0,52.0,47.0,4.7,19.96
0.0,1.0,0.0,0.0,0.0,20.0,46.0,4.6,27.83
0.0,0.0,0.0,1.0,0.0,36.0,78.0,7.8,24.41
0.0,0.0,1.0,0.0,0.0,7.0,64.0,6.4,16.14
0.0,0.0,1.0,0.0,24.0,93.0,59.0,5.9,22.47
0.0,0.0,0.0,1.0,4.0,11.0,47.0,4.7,18.26
0.0,0.0,0.0,1.0,0.0,22.0,56.0,5.6,17.86
0.0,0.0,1.0,0.0,0.0,46.0,19.0,1.9,12.26
0.0,1.0,0.0,0.0,0.0,16.0,50.0,5.0,13.84
0.0,0.0,0.0,1.0,0.0,55.0,58.0,5.8,30.12
0.0,1.0,0.0,0.0,4.0,7.0,47.0,4.7,19.43
1.0,0.0,0.0,0.0,0.0,6.0,51.0,5.1,14.67
0.0,1.0,0.0,0.0,0.0,0.0,43.0,4.3,9.47
0.0,0.0,1.0,0.0,0.0,7.0,38.0,3.8,8.76
1.0,0.0,0.0,0.0,0.0,14.0,34.0,3.4,27.56
0.0,0.0,0.0,1.0,1.0,46.0,79.0,7.9,26.53
0.0,1.0,0.0,0.0,3.0,106.0,60.0,6.0,34.23
0.0,0.0,0.0,1.0,12.0,33.0,53.0,5.3,16.89
0.0,0.0,0.0,1.0,0.0,1.0,85.0,8.5,10.86
0.0,1.0,0.0,0.0,3.0,0.0,46.0,4.6,19.72
0.0,0.0,1.0,0.0,0.0,13.0,71.0,7.1,24.83
0.0,0.0,0.0,1.0,17.0,87.0,60.0,6.0,22.08
0.0,0.0,0.0,1.0,6.0,26.0,76.0,7.6,15.37
0.0,1.0,0.0,0.0,10.0,50.0,39.0,3.9,20.31
1.0,0.0,0.0,0.0,0.0,51.0,52.0,5.2,29.38
0.0,0.0,1.0,0.0,16.0,42.0,41.0,4.1,13.27
0.0,0.0,0.0,1.0,1.0,15.0,99.0,9.9,20.41
1.0,0.0,0.0,0.0,4.0,33.0,55.0,5.5,23.2
0.0,1.0,0.0,0.0,0.0,13.0,42.0,4.2,22.95
0.0,1.0,0.0,0.0,8.0,46.0,38.0,3.8,23.18
1.0,0.0,0.0,0.0,4.0,58.0,59.0,5.9,30.71
1.0,0.0,0.0,0.0,10.0,62.0,41.0,4.1,30.2
1.0,0.0,0.0,0.0,0.0,43.0,46.0,4.6,18.37
0.0,0.0,1.0,0.0,6.0,40.0,67.0,6.7,28.31
1.0,0.0,0.0,0.0,0.0,5.0,54.0,5.4,19.81
0.0,0.0,0.0,1.0,0.0,20.0,59.0,5.9,20.51
0.0,0.0,1.0,0.0,7.0,39.0,57.0,5.7,20.3
1.0,0.0,0.0,0.0,0.0,7.0,59.0,5.9,18.85
1.0,0.0,0.0,0.0,0.0,23.0,33.0,3.3,23.24
0.0,1.0,0.0,0.0,0.0,58.0,46.0,4.6,29.5
0.0,1.0,0.0,0.0,20.0,47.0,50.0,5.0,22.36
0.0,0.0,1.0,0.0,0.0,11.0,56.0,5.6,11.02
1.0,0.0,0.0,0.0,6.0,40.0,62.0,6.2,23.66
0.0,0.0,0.0,1.0,0.0,18.0,45.0,4.5,11.44
1.0,0.0,0.0,0.0,0.0,10.0,53.0,5.3,22.0
1.0,0.0,0.0,0.0,7.0,39.0,52.0,5.2,31.15
0.0,1.0,0.0,0.0,3.0,42.0,57.0,5.7,25.28
0.0,0.0,1.0,0.0,0.0,33.0,57.0,5.7,13.4
0.0,0.0,1.0,0.0,8.0,21.0,58.0,5.8,23.43
0.0,1.0,0.0,0.0,0.0,71.0,63.0,6.3,30.3
0.0,0.0,0.0,1.0,0.0,59.0,72.0,7.2,27.49
1.0,0.0,0.0,0.0,0.0,17.0,51.0,5.1,18.92
0.0,0.0,0.0,1.0,8.0,101.0,67.0,6.7,23.06
0.0,0.0,1.0,0.0,0.0,0.0,45.0,4.5,18.82
0.0,0.0,1.0,0.0,4.0,51.0,69.0,6.9,27.99
0.0,0.0,1.0,0.0,20.0,46.0,66.0,6.6,27.64
0.0,1.0,0.0,0.0,23.0,53.0,49.0,4.9,13.43
0.0,0.0,1.0,0.0,0.0,31.0,66.0,6.6,19.53
0.0,0.0,1.0,0.0,0.0,1.0,54.0,5.4,10.87
0.0,0.0,1.0,0.0,0.0,17.0,46.0,4.6,20.43
0.0,0.0,1.0,0.0,0.0,41.0,69.0,6.9,22.75
0.0,1.0,0.0,0.0,10.0,45.0,39.0,3.9,21.85
0.0,0.0,1.0,0.0,3.0,62.0,63.0,6.3,26.11
1.0,0.0,0.0,0.0,15.0,75.0,51.0,5.1,25.9
1.0,0.0,0.0,0.0,0.0,26.0,54.0,5.4,22.8
1.0,0.0,0.0,0.0,0.0,13.0,57.0,5.7,23.09
0.0,0.0,1.0,0.0,9.0,51.0,71.0,7.1,25.01
0.0,1.0,0.0,0.0,0.0,45.0,30.0,3.0,27.3
0.0,1.0,0.0,0.0,0.0,27.0,46.0,4.6,24.61
0.0,0.0,0.0,1.0,5.0,22.0,38.0,3.8,12.66
0.0,0.0,1.0,0.0,0.0,46.0,37.0,3.7,13.14
0.0,0.0,1.0,0.0,1.0,32.0,80.0,8.0,14.16
0.0,1.0,0.0,0.0,0.0,11.0,46.0,4.6,20.85
0.0,0.0,0.0,1.0,1.0,49.0,65.0,6.5,22.26
0.0,1.0,0.0,0.0,0.0,0.0,50.0,5.0,20.52
0.0,1.0,0.0,0.0,9.0,71.0,33.0,3.3,28.03
1.0,0.0,0.0,0.0,0.0,0.0,73.0,7.3,19.84
0.0,1.0,0.0,0.0,6.0,40.0,38.0,3.8,22.58
0.0,0.0,0.0,1.0,5.0,42.0,59.0,5.9,14.02
0.0,0.0,0.0,1.0,0.0,42.0,82.0,8.2,11.17
1.0,0.0,0.0,0.0,9.0,15.0,64.0,6.4,25.7
0.0,0.0,1.0,0.0,0.0,50.0,42.0,4.2,20.55
0.0,1.0,0.0,0.0,8.0,59.0,22.0,2.2,27.73
0.0,0.0,0.0,1.0,8.0,7.0,54.0,5.4,10.65
0.0,0.0,0.0,1.0,5.0,41.0,58.0,5.8,23.02
1.0,0.0,0.0,0.0,0.0,23.0,66.0,6.6,18.5
0.0,0.0,1.0,0.0,12.0,83.0,35.0,3.5,29.11
0.0,1.0,0.0,0.0,0.0,46.0,47.0,4.7,11.68
0.0,0.0,1.0,0.0,11.0,4.0,54.0,5.4,16.57
0.0,0.0,1.0,0.0,5.0,15.0,61.0,6.1,17.51
0.0,0.0,1.0,0.0,0.0,50.0,50.0,5.0,22.22
1.0,0.0,0.0,0.0,0.0,43.0,48.0,4.8,26.1
1.0,0.0,0.0,0.0,0.0,29.0,48.0,4.8,20.44
0.0,0.0,1.0,0.0,9.0,50.0,50.0,5.0,21.54
0.0,0.0,1.0,0.0,0.0,33.0,29.0,2.9,25.55
1.0,0.0,0.0,0.0,0.0,9.0,66.0,6.6,24.11
1.0,0.0,0.0,0.0,18.0,3.0,74.0,7.4,15.81
0.0,0.0,1.0,0.0,2.0,36.0,84.0,8.4,21.71
0.0,1.0,0.0,0.0,0.0,19.0,15.0,1.5,23.47
0.0,1.0,0.0,0.0,0.0,78.0,21.0,2.1,22.19
0.0,1.0,0.0,0.0,11.0,86.0,35.0,3.5,27.49
0.0,1.0,0.0,0.0,0.0,15.0,44.0,4.4,11.89
0.0,0.0,0.0,1.0,4.0,0.0,68.0,6.8,16.16
1.0,0.0,0.0,0.0,0.0,58.0,71.0,7.1,26.94
0.0,0.0,0.0,1.0,3.0,0.0,53.0,5.3,20.36
1.0,0.0,0.0,0.0,0.0,0.0,42.0,4.2,22.21
0.0,1.0,0.0,0.0,0.0,0.0,46.0,4.6,21.02
0.0,1.0,0.0,0.0,0.0,29.0,39.0,3.9,18.82
0.0,0.0,1.0,0.0,12.0,52.0,53.0,5.3,30.83
0.0,0.0,0.0,1.0,7.0,0.0,52.0,5.2,14.79
0.0,0.0,1.0,0.0,16.0,55.0,44.0,4.4,23.39
1.0,0.0,0.0,0.0,0.0,26.0,66.0,6.6,21.73
0.0,0.0,0.0,1.0,12.0,76.0,59.0,5.9,35.75
0.0,1.0,0.0,0.0,17.0,59.0,53.0,5.3,24.74
0.0,0.0,1.0,0.0,29.0,38.0,35.0,3.5,20.03
0.0,0.0,1.0,0.0,8.0,59.0,44.0,4.4,23.52
0.0,0.0,0.0,1.0,0.0,21.0,80.0,8.0,28.5
0.0,1.0,0.0,0.0,0.0,43.0,24.0,2.4,22.71
0.0,0.0,0.0,1.0,15.0,39.0,73.0,7.3,24.89
1.0,0.0,0.0,0.0,0.0,15.0,27.0,2.7,27.7
0.0,0.0,0.0,1.0,4.0,35.0,83.0,8.3,22.06
1.0,0.0,0.0,0.0,5.0,38.0,49.0,4.9,22.45
0.0,1.0,0.0,0.0,0.0,15.0,36.0,3.6,25.0
1.0,0.0,0.0,0.0,0.0,54.0,43.0,4.3,35.88
0.0,1.0,0.0,0.0,15.0,36.0,30.0,3.0,22.37
0.0,1.0,0.0,0.0,6.0,80.0,30.0,3.0,16.93
0.0,1.0,0.0,0.0,0.0,52.0,40.0,4.0,16.8
0.0,1.0,0.0,0.0,3.0,57.0,29.0,2.9,34.79
1.0,0.0,0.0,0.0,20.0,80.0,46.0,4.6,30.5
0.0,0.0,0.0,1.0,0.0,0.0,59.0,5.9,15.92
0.0,0.0,0.0,1.0,13.0,24.0,42.0,4.2,29.55
0.0,0.0,0.0,1.0,12.0,52.0,71.0,7.1,34.17
0.0,0.0,1.0,0.0,3.0,37.0,85.0,8.5,12.95
1.0,0.0,0.0,0.0,0.0,11.0,50.0,5.0,20.82
1.0,0.0,0.0,0.0,9.0,23.0,53.0,5.3,24.53
1.0,0.0,0.0,0.0,0.0,0.0,34.0,3.4,19.35
1.0,0.0,0.0,0.0,0.0,32.0,46.0,4.6,20.83
0.0,0.0,0.0,1.0,0.0,22.0,48.0,4.8,30.17
0.0,1.0,0.0,0.0,10.0,78.0,42.0,4.2,24.67
0.0,0.0,1.0,0.0,8.0,45.0,81.0,8.1,28.02
0.0,1.0,0.0,0.0,0.0,35.0,43.0,4.3,12.44
0.0,1.0,0.0,0.0,0.0,27.0,44.0,4.4,11.57
0.0,0.0,0.0,1.0,0.0,6.0,71.0,7.1,15.28
0.0,0.0,0.0,1.0,0.0,94.0,65.0,6.5,21.88
0.0,0.0,1.0,0.0,0.0,2.0,77.0,7.7,20.77
0.0,0.0,1.0,0.0,4.0,47.0,57.0,5.7,14.05
0.0,0.0,1.0,0.0,8.0,35.0,66.0,6.6,19.97
0.0,0.0,0.0,1.0,0.0,1.0,62.0,6.2,10.13
0.0,0.0,1.0,0.0,0.0,20.0,39.0,3.9,19.1
0.0,0.0,1.0,0.0,0.0,17.0,72.0,7.2,22.28
0.0,0.0,0.0,1.0,0.0,17.0,61.0,6.1,12.59
0.0,1.0,0.0,0.0,0.0,0.0,41.0,4.1,12.05
0.0,0.0,1.0,0.0,0.0,15.0,39.0,3.9,17.9
0.0,0.0,1.0,0.0,0.0,51.0,61.0,6.1,25.84
0.0,0.0,1.0,0.0,0.0,30.0,27.0,2.7,22.74
0.0,0.0,0.0,1.0,0.0,2.0,91.0,9.1,11.59
1.0,0.0,0.0,0.0,27.0,24.0,56.0,5.6,21.34
0.0,1.0,0.0,0.0,0.0,20.0,32.0,3.2,16.78
0.0,1.0,0.0,0.0,8.0,20.0,57.0,5.7,26.37
0.0,1.0,0.0,0.0,0.0,0.0,39.0,3.9,18.41
0.0,0.0,0.0,1.0,12.0,36.0,66.0,6.6,15.26
0.0,0.0,1.0,0.0,0.0,0.0,72.0,7.2,14.86
0.0,1.0,0.0,0.0,0.0,12.0,50.0,5.0,14.4
0.0,0.0,1.0,0.0,7.0,32.0,48.0,4.8,20.98
1.0,0.0,0.0,0.0,10.0,51.0,60.0,6.0,28.33
0.0,0.0,1.0,0.0,0.0,5.0,52.0,5.2,11.77
1.0,0.0,0.0,0.0,1.0,56.0,41.0,4.1,26.29
0.0,0.0,0.0,1.0,0.0,9.0,54.0,5.4,19.52
0.0,0.0,0.0,1.0,9.0,24.0,55.0,5.5,21.18
1.0,0.0,0.0,0.0,0.0,1.0,37.0,3.7,22.16
1.0,0.0,0.0,0.0,3.0,39.0,49.0,4.9,19.96
0.0,0.0,1.0,0.0,0.0,30.0,54.0,5.4,23.48
0.0,0.0,0.0,1.0,0.0,24.0,58.0,5.8,22.03
0.0,0.0,1.0,0.0,0.0,0.0,82.0,8.2,9.72
1.0,0.0,0.0,0.0,0.0,19.0,46.0,4.6,22.83
0.0,0.0,0.0,1.0,0.0,22.0,48.0,4.8,11.62
0.0,0.0,1.0,0.0,0.0,13.0,68.0,6.8,27.88
0.0,1.0,0.0,0.0,0.0,0.0,46.0,4.6,9.63
0.0,0.0,0.0,1.0,0.0,6.0,75.0,7.5,13.03
0.0,0.0,0.0,1.0,0.0,11.0,41.0,4.1,28.76
1.0,0.0,0.0,0.0,10.0,79.0,48.0,4.8,26.21
0.0,1.0,0.0,0.0,0.0,71.0,30.0,3.0,17.5
0.0,0.0,0.0,1.0,6.0,6.0,87.0,8.7,16.48
0.0,0.0,0.0,1.0,0.0,5.0,61.0,6.1,12.03
0.0,1.0,0.0,0.0,4.0,14.0,46.0,4.6,14.87
0.0,0.0,1.0,0.0,18.0,28.0,55.0,5.5,16.87
0.0,0.0,0.0,1.0,0.0,13.0,73.0,7.3,12.74
0.0,0.0,1.0,0.0,0.0,0.0,26.0,2.6,19.5
0.0,0.0,1.0,0.0,0.0,0.0,36.0,3.6,12.39
1.0,0.0,0.0,0.0,17.0,22.0,64.0,6.4,22.84
0.0,0.0,0.0,1.0,0.0,26.0,86.0,8.6,14.72
0.0,0.0,0.0,1.0,31.0,51.0,69.0,6.9,21.71
0.0,0.0,0.0,1.0,9.0,71.0,87.0,8.7,31.15
0.0,0.0,0.0,1.0,0.0,15.0,50.0,5.0,25.86
0.0,1.0,0.0,0.0,0.0,12.0,46.0,4.6,19.76
0.0,0.0,0.0,1.0,7.0,59.0,67.0,6.7,31.84
1.0,0.0,0.0,0.0,0.0,15.0,52.0,5.2,22.73
0.0,1.0,0.0,0.0,0.0,40.0,32.0,3.2,24.81
1.0,0.0,0.0,0.0,6.0,77.0,40.0,4.0,30.45
0.0,0.0,1.0,0.0,0.0,0.0,84.0,8.4,15.9
1.0,0.0,0.0,0.0,0.0,36.0,46.0,4.6,13.33
0.0,1.0,0.0,0.0,0.0,78.0,46.0,4.6,23.35
0.0,1.0,0.0,0.0,9.0,27.0,59.0,5.9,27.29
0.0,1.0,0.0,0.0,1.0,10.0,40.0,4.0,20.8
0.0,1.0,0.0,0.0,10.0,68.0,59.0,5.9,25.85
0.0,0.0,0.0,1.0,0.0,36.0,71.0,7.1,25.21
0.0,1.0,0.0,0.0,12.0,52.0,31.0,3.1,15.97
0.0,0.0,1.0,0.0,0.0,40.0,62.0,6.2,11.47
0.0,0.0,0.0,1.0,0.0,43.0,59.0,5.9,15.0
0.0,1.0,0.0,0.0,2.0,90.0,45.0,4.5,33.07
0.0,1.0,0.0,0.0,15.0,33.0,52.0,5.2,21.21
0.0,1.0,0.0,0.0,0.0,4.0,42.0,4.2,21.24
1.0,0.0,0.0,0.0,0.0,13.0,51.0,5.1,18.02
0.0,0.0,0.0,1.0,2.0,64.0,70.0,7.0,15.1
0.0,0.0,0.0,1.0,0.0,22.0,50.0,5.0,13.96
0.0,0.0,0.0,1.0,0.0,3.0,54.0,5.4,14.96
0.0,0.0,0.0,1.0,6.0,65.0,84.0,8.4,14.25
0.0,0.0,1.0,0.0,8.0,37.0,61.0,6.1,13.33
0.0,1.0,0.0,0.0,10.0,37.0,34.0,3.4,22.88
1.0,0.0,0.0,0.0,0.0,49.0,65.0,6.5,28.14
0.0,1.0,0.0,0.0,0.0,37.0,40.0,4.0,30.12
0.0,1.0,0.0,0.0,0.0,11.0,36.0,3.6,21.08
0.0,0.0,1.0,0.0,0.0,4.0,80.0,8.0,18.62
0.0,1.0,0.0,0.0,12.0,90.0,31.0,3.1,20.77
0.0,0.0,1.0,0.0,0.0,6.0,48.0,4.8,11.42
0.0,0.0,1.0,0.0,0.0,0.0,46.0,4.6,8.76
1.0,0.0,0.0,0.0,0.0,0.0,43.0,4.3,9.12
1.0,0.0,0.0,0.0,3.0,56.0,42.0,4.2,33.02
0.0,0.0,1.0,0.0,11.0,86.0,67.0,6.7,34.12
0.0,0.0,0.0,1.0,19.0,94.0,59.0,5.9,17.27
0.0,0.0,1.0,0.0,0.0,61.0,70.0,7.0,26.46
0.0,1.0,0.0,0.0,14.0,56.0,36.0,3.6,17.36
1.0,0.0,0.0,0.0,42.0,3.0,48.0,4.8,20.67
1.0,0.0,0.0,0.0,0.0,0.0,84.0,8.4,24.2
0.0,1.0,0.0,0.0,7.0,7.0,51.0,5.1,22.51
0.0,0.0,0.0,1.0,7.0,35.0,71.0,7.1,25.24
0.0,0.0,0.0,1.0,7.0,44.0,56.0,5.6,26.96
0.0,0.0,1.0,0.0,11.0,74.0,47.0,4.7,28.79
1.0,0.0,0.0,0.0,5.0,52.0,65.0,6.5,18.09
1.0,0.0,0.0,0.0,11.0,1.0,48.0,4.8,21.83
0.0,0.0,0.0,1.0,8.0,15.0,75.0,7.5,14.52
0.0,0.0,0.0,1.0,4.0,45.0,72.0,7.2,17.08
1.0,0.0,0.0,0.0,9.0,71.0,27.0,2.7,16.85
0.0,0.0,1.0,0.0,3.0,49.0,52.0,5.2,24.17
0.0,0.0,0.0,1.0,0.0,13.0,63.0,6.3,14.33
1.0,0.0,0.0,0.0,4.0,40.0,66.0,6.6,20.65
0.0,1.0,0.0,0.0,12.0,40.0,39.0,3.9,21.64
0.0,1.0,0.0,0.0,0.0,0.0,31.0,3.1,16.52
1.0,0.0,0.0,0.0,8.0,29.0,51.0,5.1,23.71
0.0,0.0,0.0,1.0,0.0,57.0,54.0,5.4,27.11
0.0,1.0,0.0,0.0,11.0,64.0,40.0,4.0,29.0
0.0,1.0,0.0,0.0,0.0,53.0,37.0,3.7,30.14
0.0,0.0,1.0,0.0,17.0,67.0,49.0,4.9,30.61
1.0,0.0,0.0,0.0,0.0,48.0,55.0,5.5,24.53
0.0,0.0,0.0,1.0,16.0,27.0,66.0,6.6,20.41
1.0,0.0,0.0,0.0,0.0,5.0,43.0,4.3,17.44
0.0,1.0,0.0,0.0,2.0,12.0,48.0,4.8,22.17
0.0,0.0,1.0,0.0,0.0,0.0,52.0,5.2,11.27
0.0,1.0,0.0,0.0,0.0,17.0,48.0,4.8,15.27
0.0,0.0,0.0,1.0,0.0,26.0,49.0,4.9,26.29
1.0,0.0,0.0,0.0,6.0,70.0,39.0,3.9,26.41
0.0,1.0,0.0,0.0,8.0,30.0,49.0,4.9,25.18
0.0,0.0,0.0,1.0,0.0,7.0,66.0,6.6,21.02
0.0,1.0,0.0,0.0,4.0,59.0,33.0,3.3,15.03
1.0,0.0,0.0,0.0,0.0,9.0,62.0,6.2,13.02
0.0,0.0,0.0,1.0,0.0,40.0,59.0,5.9,23.9
0.0,1.0,0.0,0.0,12.0,29.0,45.0,4.5,21.38
0.0,0.0,0.0,1.0,0.0,78.0,77.0,7.7,33.45
0.0,0.0,0.0,1.0,11.0,22.0,69.0,6.9,30.81
0.0,0.0,0.0,1.0,0.0,59.0,63.0,6.3,21.0
1.0,0.0,0.0,0.0,0.0,27.0,33.0,3.3,19.64
0.0,0.0,1.0,0.0,4.0,27.0,58.0,5.8,15.17
0.0,0.0,0.0,1.0,0.0,24.0,64.0,6.4,11.47
1.0,0.0,0.0,0.0,0.0,27.0,42.0,4.2,28.55
0.0,0.0,1.0,0.0,2.0,58.0,43.0,4.3,30.86
1.0,0.0,0.0,0.0,4.0,17.0,11.0,1.1,23.18
0.0,0.0,0.0,1.0,0.0,22.0,68.0,6.8,22.69
0.0,0.0,0.0,1.0,0.0,5.0,65.0,6.5,14.52
0.0,1.0,0.0,0.0,0.0,34.0,41.0,4.1,15.34
1.0,0.0,0.0,0.0,0.0,14.0,39.0,3.9,25.95
0.0,0.0,0.0,1.0,13.0,9.0,70.0,7.0,12.21
1.0,0.0,0.0,0.0,0.0,9.0,55.0,5.5,15.15
0.0,0.0,0.0,1.0,0.0,30.0,70.0,7.0,20.99
0.0,0.0,1.0,0.0,0.0,61.0,44.0,4.4,19.57
0.0,0.0,0.0,1.0,0.0,71.0,58.0,5.8,16.98
0.0,0.0,1.0,0.0,10.0,79.0,54.0,5.4,25.33
0.0,0.0,0.0,1.0,0.0,4.0,73.0,7.3,14.79
0.0,0.0,1.0,0.0,0.0,72.0,63.0,6.3,14.65
1.0,0.0,0.0,0.0,0.0,63.0,57.0,5.7,24.79
1.0,0.0,0.0,0.0,24.0,23.0,43.0,4.3,18.19
0.0,0.0,0.0,1.0,0.0,12.0,44.0,4.4,14.7
0.0,1.0,0.0,0.0,0.0,45.0,36.0,3.6,23.08
1.0,0.0,0.0,0.0,0.0,0.0,35.0,3.5,16.83
0.0,1.0,0.0,0.0,0.0,19.0,41.0,4.1,19.63
0.0,0.0,1.0,0.0,30.0,28.0,58.0,5.8,21.66
1.0,0.0,0.0,0.0,3.0,55.0,21.0,2.1,22.05
0.0,1.0,0.0,0.0,0.0,23.0,64.0,6.4,11.61
0.0,0.0,1.0,0.0,10.0,55.0,60.0,6.0,23.45
0.0,1.0,0.0,0.0,0.0,19.0,39.0,3.9,12.74
1.0,0.0,0.0,0.0,0.0,57.0,56.0,5.6,17.43
0.0,1.0,0.0,0.0,6.0,60.0,35.0,3.5,24.66
0.0,0.0,0.0,1.0,18.0,42.0,80.0,8.0,21.6
0.0,0.0,1.0,0.0,0.0,0.0,47.0,4.7,12.11
0.0,0.0,1.0,0.0,0.0,51.0,61.0,6.1,23.93
0.0,0.0,1.0,0.0,3.0,58.0,43.0,4.3,28.3
1.0,0.0,0.0,0.0,4.0,35.0,47.0,4.7,18.94
1.0,0.0,0.0,0.0,0.0,31.0,48.0,4.8,20.17
0.0,0.0,1.0,0.0,2.0,87.0,52.0,5.2,24.02
1.0,0.0,0.0,0.0,0.0,0.0,53.0,5.3,19.25
0.0,1.0,0.0,0.0,0.0,1.0,53.0,5.3,17.81
1.0,0.0,0.0,0.0,0.0,3.0,39.0,3.9,17.36
0.0,0.0,1.0,0.0,0.0,54.0,40.0,4.0,26.2
0.0,0.0,0.0,1.0,2.0,62.0,81.0,8.1,24.04
0.0,0.0,1.0,0.0,24.0,23.0,50.0,5.0,20.14
0.0,1.0,0.0,0.0,0.0,14.0,25.0,2.5,10.96
0.0,0.0,0.0,1.0,8.0,14.0,56.0,5.6,20.82
0.0,0.0,0.0,1.0,15.0,58.0,64.0,6.4,22.19
0.0,0.0,1.0,0.0,0.0,0.0,46.0,4.6,8.7
0.0,0.0,0.0,1.0,8.0,33.0,81.0,8.1,23.4
0.0,0.0,1.0,0.0,0.0,56.0,53.0,5.3,25.68
1.0,0.0,0.0,0.0,6.0,35.0,66.0,6.6,15.21
0.0,1.0,0.0,0.0,3.0,36.0,31.0,3.1,21.26
1.0,0.0,0.0,0.0,0.0,30.0,68.0,6.8,11.41
1.0,0.0,0.0,0.0,40.0,42.0,68.0,6.8,19.68
0.0,1.0,0.0,0.0,3.0,19.0,46.0,4.6,24.15
0.0,0.0,0.0,1.0,10.0,12.0,78.0,7.8,21.19
0.0,0.0,0.0,1.0,0.0,43.0,41.0,4.1,23.12
0.0,0.0,1.0,0.0,0.0,59.0,56.0,5.6,30.16
0.0,0.0,1.0,0.0,23.0,52.0,51.0,5.1,18.78
0.0,0.0,1.0,0.0,0.0,29.0,68.0,6.8,24.5
0.0,0.0,1.0,0.0,3.0,16.0,30.0,3.0,22.9
0.0,1.0,0.0,0.0,0.0,0.0,27.0,2.7,11.48
0.0,0.0,1.0,0.0,0.0,16.0,51.0,5.1,20.88
0.0,0.0,1.0,0.0,22.0,34.0,47.0,4.7,11.79
0.0,1.0,0.0,0.0,9.0,17.0,46.0,4.6,21.35
1.0,0.0,0.0,0.0,10.0,53.0,36.0,3.6,22.42
0.0,0.0,0.0,1.0,0.0,24.0,84.0,8.4,19.24
0.0,0.0,1.0,0.0,0.0,7.0,66.0,6.6,18.45
0.0,0.0,1.0,0.0,0.0,11.0,58.0,5.8,14.33
0.0,1.0,0.0,0.0,29.0,66.0,29.0,2.9,19.83
0.0,1.0,0.0,0.0,58.0,18.0,39.0,3.9,25.77
0.0,0.0,1.0,0.0,24.0,35.0,61.0,6.1,23.79
1.0,0.0,0.0,0.0,0.0,17.0,68.0,6.8,19.94
0.0,0.0,0.0,1.0,0.0,44.0,73.0,7.3,13.25
0.0,0.0,0.0,1.0,6.0,37.0,75.0,7.5,13.25
0.0,0.0,0.0,1.0,21.0,67.0,58.0,5.8,20.17
0.0,0.0,0.0,1.0,0.0,5.0,52.0,5.2,16.58
0.0,0.0,1.0,0.0,0.0,11.0,35.0,3.5,12.23
0.0,1.0,0.0,0.0,8.0,56.0,42.0,4.2,34.21
0.0,1.0,0.0,0.0,17.0,55.0,45.0,4.5,33.11
0.0,0.0,1.0,0.0,0.0,43.0,54.0,5.4,20.74
0.0,1.0,0.0,0.0,0.0,54.0,38.0,3.8,15.71
0.0,0.0,1.0,0.0,0.0,0.0,61.0,6.1,9.41
0.0,0.0,0.0,1.0,0.0,27.0,58.0,5.8,13.95
1.0,0.0,0.0,0.0,0.0,15.0,58.0,5.8,27.6
0.0,0.0,1.0,0.0,0.0,5.0,44.0,4.4,19.45
0.0,0.0,1.0,0.0,1.0,22.0,31.0,3.1,25.65
0.0,0.0,1.0,0.0,0.0,8.0,68.0,6.8,10.44
0.0,1.0,0.0,0.0,8.0,3.0,43.0,4.3,14.65
0.0,0.0,1.0,0.0,5.0,10.0,55.0,5.5,23.25
0.0,0.0,1.0,0.0,0.0,27.0,45.0,4.5,14.36
0.0,0.0,0.0,1.0,12.0,63.0,52.0,5.2,18.0
0.0,0.0,1.0,0.0,0.0,3.0,58.0,5.8,17.45
1.0,0.0,0.0,0.0,0.0,35.0,57.0,5.7,10.93
1.0,0.0,0.0,0.0,15.0,41.0,70.0,7.0,27.69
1.0,0.0,0.0,0.0,12.0,22.0,31.0,3.1,26.06
1.0,0.0,0.0,0.0,0.0,5.0,36.0,3.6,16.83
0.0,0.0,1.0,0.0,0.0,78.0,62.0,6.2,28.27
0.0,0.0,0.0,1.0,2.0,38.0,67.0,6.7,21.03
0.0,0.0,0.0,1.0,0.0,0.0,92.0,9.2,8.95
1.0,0.0,0.0,0.0,0.0,58.0,71.0,7.1,31.55
0.0,0.0,1.0,0.0,1.0,30.0,53.0,5.3,12.7
0.0,1.0,0.0,0.0,4.0,33.0,40.0,4.0,21.5
0.0,1.0,0.0,0.0,0.0,20.0,46.0,4.6,16.28
0.0,0.0,1.0,0.0,0.0,67.0,41.0,4.1,27.56
0.0,0.0,1.0,0.0,3.0,46.0,27.0,2.7,28.15
0.0,0.0,1.0,0.0,0.0,5.0,56.0,5.6,9.8
0.0,0.0,1.0,0.0,5.0,21.0,77.0,7.7,19.87
0.0,0.0,0.0,1.0,19.0,43.0,72.0,7.2,22.25
0.0,0.0,1.0,0.0,0.0,16.0,56.0,5.6,16.45
0.0,0.0,0.0,1.0,0.0,11.0,69.0,6.9,24.14
1.0,0.0,0.0,0.0,10.0,41.0,57.0,5.7,19.63
0.0,0.0,0.0,1.0,0.0,15.0,92.0,9.2,17.08
0.0,0.0,1.0,0.0,2.0,9.0,28.0,2.8,17.04
0.0,0.0,1.0,0.0,0.0,39.0,36.0,3.6,25.47
0.0,1.0,0.0,0.0,0.0,46.0,17.0,1.7,22.88
1.0,0.0,0.0,0.0,0.0,24.0,45.0,4.5,25.76
1.0,0.0,0.0,0.0,2.0,30.0,67.0,6.7,20.24
0.0,0.0,0.0,1.0,0.0,0.0,77.0,7.7,20.65
0.0,0.0,0.0,1.0,16.0,55.0,59.0,5.9,15.2
0.0,0.0,0.0,1.0,0.0,42.0,58.0,5.8,15.47
1.0,0.0,0.0,0.0,10.0,44.0,56.0,5.6,11.04
1.0,0.0,0.0,0.0,5.0,32.0,58.0,5.8,13.1
0.0,1.0,0.0,0.0,0.0,110.0,36.0,3.6,15.14
0.0,1.0,0.0,0.0,12.0,38.0,23.0,2.3,23.13
0.0,1.0,0.0,0.0,7.0,34.0,44.0,4.4,22.41
0.0,0.0,1.0,0.0,14.0,6.0,51.0,5.1,12.98
0.0,0.0,0.0,1.0,10.0,15.0,68.0,6.8,18.57
0.0,0.0,0.0,1.0,0.0,2.0,64.0,6.4,9.59
0.0,0.0,0.0,1.0,8.0,50.0,61.0,6.1,24.95
0.0,0.0,0.0,1.0,6.0,25.0,79.0,7.9,14.51
0.0,0.0,0.0,1.0,0.0,7.0,74.0,7.4,15.12
1.0,0.0,0.0,0.0,3.0,49.0,57.0,5.7,26.33
0.0,0.0,0.0,1.0,10.0,73.0,54.0,5.4,21.69
0.0,1.0,0.0,0.0,12.0,45.0,43.0,4.3,25.14
1.0,0.0,0.0,0.0,0.0,8.0,41.0,4.1,9.41
0.0,0.0,1.0,0.0,0.0,27.0,65.0,6.5,18.55
0.0,0.0,0.0,1.0,0.0,3.0,58.0,5.8,18.47
1.0,0.0,0.0,0.0,0.0,26.0,43.0,4.3,20.91
1.0,0.0,0.0,0.0,3.0,31.0,47.0,4.7,18.51
1.0,0.0,0.0,0.0,0.0,59.0,49.0,4.9,29.71
1.0,0.0,0.0,0.0,8.0,29.0,57.0,5.7,29.12
0.0,1.0,0.0,0.0,2.0,42.0,37.0,3.7,24.38
0.0,1.0,0.0,0.0,8.0,23.0,49.0,4.9,24.08
0.0,0.0,1.0,0.0,0.0,27.0,45.0,4.5,20.04
0.0,1.0,0.0,0.0,0.0,31.0,50.0,5.0,27.98
0.0,0.0,1.0,0.0,8.0,12.0,42.0,4.2,19.55
0.0,1.0,0.0,0.0,6.0,67.0,13.0,1.3,34.23
0.0,0.0,1.0,0.0,0.0,44.0,64.0,6.4,22.78
0.0,0.0,0.0,1.0,7.0,56.0,60.0,6.0,15.02
0.0,0.0,0.0,1.0,17.0,53.0,82.0,8.2,30.98
0.0,0.0,1.0,0.0,0.0,61.0,35.0,3.5,19.57
0.0,1.0,0.0,0.0,17.0,25.0,35.0,3.5,15.03
0.0,1.0,0.0,0.0,0.0,6.0,23.0,2.3,17.39
1.0,0.0,0.0,0.0,2.0,25.0,53.0,5.3,28.91
0.0,0.0,1.0,0.0,11.0,59.0,81.0,8.1,23.01
0.0,0.0,0.0,1.0,0.0,12.0,78.0,7.8,21.79
0.0,0.0,0.0,1.0,11.0,71.0,78.0,7.8,15.86
1.0,0.0,0.0,0.0,11.0,51.0,44.0,4.4,20.18
0.0,0.0,0.0,1.0,5.0,30.0,52.0,5.2,30.46
1.0,0.0,0.0,0.0,6.0,42.0,66.0,6.6,25.08
0.0,0.0,0.0,1.0,4.0,16.0,67.0,6.7,24.69
0.0,0.0,0.0,1.0,0.0,45.0,66.0,6.6,21.45
0.0,0.0,1.0,0.0,0.0,0.0,72.0,7.2,22.51
0.0,0.0,0.0,1.0,33.0,32.0,66.0,6.6,12.0
1.0,0.0,0.0,0.0,0.0,15.0,51.0,5.1,13.45
0.0,0.0,0.0,1.0,0.0,43.0,77.0,7.7,24.4
0.0,0.0,0.0,1.0,0.0,9.0,60.0,6.0,11.83
0.0,1.0,0.0,0.0,8.0,31.0,31.0,3.1,14.39
0.0,1.0,0.0,0.0,2.0,63.0,43.0,4.3,14.98
0.0,1.0,0.0,0.0,0.0,0.0,41.0,4.1,19.0
0.0,0.0,1.0,0.0,4.0,51.0,69.0,6.9,31.06
1.0,0.0,0.0,0.0,0.0,15.0,53.0,5.3,25.19
1.0,0.0,0.0,0.0,11.0,86.0,31.0,3.1,23.84
0.0,0.0,0.0,1.0,0.0,65.0,67.0,6.7,28.06
0.0,1.0,0.0,0.0,0.0,56.0,38.0,3.8,24.39
1.0,0.0,0.0,0.0,13.0,72.0,58.0,5.8,33.19
0.0,0.0,0.0,1.0,0.0,7.0,69.0,6.9,14.64
0.0,0.0,0.0,1.0,1.0,30.0,57.0,5.7,18.7
1.0,0.0,0.0,0.0,11.0,71.0,54.0,5.4,34.93
0.0,1.0,0.0,0.0,12.0,58.0,27.0,2.7,24.11
0.0,1.0,0.0,0.0,2.0,31.0,41.0,4.1,11.24
0.0,0.0,0.0,1.0,0.0,7.0,46.0,4.6,17.52
0.0,0.0,0.0,1.0,24.0,62.0,73.0,7.3,15.67
0.0,0.0,0.0,1.0,5.0,54.0,86.0,8.6,27.44
0.0,0.0,1.0,0.0,2.0,19.0,63.0,6.3,13.46
1.0,0.0,0.0,0.0,0.0,26.0,40.0,4.0,23.95
1.0,0.0,0.0,0.0,37.0,41.0,46.0,4.6,20.57
1.0,0.0,0.0,0.0,8.0,46.0,51.0,5.1,12.33
1.0,0.0,0.0,0.0,10.0,64.0,52.0,5.2,21.88
0.0,0.0,1.0,0.0,20.0,45.0,66.0,6.6,11.88
0.0,0.0,0.0,1.0,0.0,6.0,37.0,3.7,17.14
0.0,1.0,0.0,0.0,4.0,51.0,42.0,4.2,17.76
0.0,0.0,1.0,0.0,0.0,39.0,36.0,3.6,23.08
0.0,0.0,0.0,1.0,14.0,8.0,64.0,6.4,22.47
0.0,1.0,0.0,0.0,10.0,18.0,46.0,4.6,22.37
0.0,0.0,1.0,0.0,0.0,15.0,50.0,5.0,27.62
0.0,1.0,0.0,0.0,0.0,5.0,21.0,2.1,15.86
0.0,0.0,0.0,1.0,0.0,13.0,62.0,6.2,17.19
0.0,1.0,0.0,0.0,14.0,53.0,29.0,2.9,24.17
0.0,0.0,0.0,1.0,1.0,22.0,73.0,7.3,21.67
0.0,0.0,1.0,0.0,0.0,7.0,74.0,7.4,11.96
1.0,0.0,0.0,0.0,0.0,51.0,53.0,5.3,25.53
0.0,0.0,1.0,0.0,3.0,0.0,35.0,3.5,17.03
0.0,0.0,0.0,1.0,0.0,26.0,53.0,5.3,11.72
0.0,0.0,1.0,0.0,0.0,20.0,90.0,9.0,23.77
0.0,1.0,0.0,0.0,0.0,33.0,45.0,4.5,27.84
0.0,0.0,0.0,1.0,0.0,3.0,61.0,6.1,16.7
0.0,0.0,1.0,0.0,0.0,10.0,52.0,5.2,21.58
0.0,0.0,1.0,0.0,0.0,7.0,36.0,3.6,18.03
0.0,0.0,0.0,1.0,6.0,22.0,51.0,5.1,25.88
1.0,0.0,0.0,0.0,11.0,42.0,45.0,4.5,23.96
0.0,0.0,0.0,1.0,10.0,53.0,89.0,8.9,29.35
0.0,0.0,1.0,0.0,17.0,26.0,28.0,2.8,12.29
0.0,0.0,0.0,1.0,20.0,22.0,72.0,7.2,20.42
0.0,1.0,0.0,0.0,10.0,51.0,35.0,3.5,26.2
0.0,0.0,1.0,0.0,0.0,0.0,51.0,5.1,20.0
0.0,0.0,1.0,0.0,0.0,19.0,42.0,4.2,20.21
0.0,0.0,0.0,1.0,5.0,58.0,69.0,6.9,15.55
0.0,0.0,1.0,0.0,7.0,49.0,57.0,5.7,20.35
1.0,0.0,0.0,0.0,0.0,66.0,67.0,6.7,37.43
0.0,0.0,0.0,1.0,0.0,28.0,70.0,7.0,13.94
1.0,0.0,0.0,0.0,0.0,22.0,44.0,4.4,18.86
1.0,0.0,0.0,0.0,9.0,24.0,37.0,3.7,22.54
1.0,0.0,0.0,0.0,0.0,24.0,62.0,6.2,26.18
1.0,0.0,0.0,0.0,8.0,69.0,28.0,2.8,28.57
1.0,0.0,0.0,0.0,2.0,38.0,44.0,4.4,12.93
0.0,0.0,0.0,1.0,0.0,15.0,67.0,6.7,12.1
0.0,0.0,1.0,0.0,0.0,5.0,33.0,3.3,10.21
0.0,0.0,1.0,0.0,0.0,15.0,43.0,4.3,21.33
0.0,0.0,0.0,1.0,17.0,67.0,65.0,6.5,30.12
0.0,1.0,0.0,0.0,3.0,75.0,32.0,3.2,15.12
0.0,1.0,0.0,0.0,16.0,10.0,59.0,5.9,30.41
0.0,1.0,0.0,0.0,0.0,24.0,32.0,3.2,20.97
0.0,0.0,0.0,1.0,0.0,27.0,75.0,7.5,22.88
0.0,0.0,1.0,0.0,0.0,0.0,62.0,6.2,21.18
0.0,1.0,0.0,0.0,0.0,12.0,28.0,2.8,18.86
1.0,0.0,0.0,0.0,0.0,19.0,43.0,4.3,21.86
1.0,0.0,0.0,0.0,0.0,82.0,56.0,5.6,27.25
1.0,0.0,0.0,0.0,0.0,8.0,48.0,4.8,14.54
0.0,0.0,1.0,0.0,17.0,22.0,57.0,5.7,14.09
0.0,1.0,0.0,0.0,10.0,42.0,35.0,3.5,25.57
0.0,0.0,0.0,1.0,0.0,33.0,77.0,7.7,19.65
1.0,0.0,0.0,0.0,5.0,10.0,32.0,3.2,25.16
0.0,0.0,1.0,0.0,0.0,39.0,61.0,6.1,15.07
0.0,1.0,0.0,0.0,7.0,78.0,28.0,2.8,37.0
0.0,0.0,1.0,0.0,1.0,35.0,20.0,2.0,23.95
1.0,0.0,0.0,0.0,0.0,5.0,30.0,3.0,14.8
0.0,1.0,0.0,0.0,0.0,18.0,17.0,1.7,24.71
0.0,1.0,0.0,0.0,0.0,22.0,35.0,3.5,12.06
1.0,0.0,0.0,0.0,0.0,31.0,48.0,4.8,24.48
1.0,0.0,0.0,0.0,22.0,72.0,37.0,3.7,21.54
0.0,0.0,1.0,0.0,0.0,5.0,53.0,5.3,15.25
0.0,0.0,0.0,1.0,8.0,12.0,65.0,6.5,12.88
1.0,0.0,0.0,0.0,0.0,47.0,51.0,5.1,25.37
0.0,1.0,0.0,0.0,0.0,48.0,35.0,3.5,20.46
1.0,0.0,0.0,0.0,0.0,33.0,27.0,2.7,15.3
1.0,0.0,0.0,0.0,4.0,39.0,52.0,5.2,18.92
0.0,0.0,0.0,1.0,0.0,5.0,57.0,5.7,17.21
0.0,0.0,1.0,0.0,0.0,16.0,43.0,4.3,21.47
0.0,0.0,0.0,1.0,3.0,13.0,62.0,6.2,19.95
1.0,0.0,0.0,0.0,5.0,43.0,45.0,4.5,21.04
0.0,0.0,1.0,0.0,31.0,31.0,42.0,4.2,19.62
0.0,0.0,1.0,0.0,0.0,8.0,54.0,5.4,21.35
0.0,1.0,0.0,0.0,0.0,22.0,22.0,2.2,22.45
0.0,0.0,0.0,1.0,12.0,39.0,68.0,6.8,14.96
1.0,0.0,0.0,0.0,6.0,37.0,81.0,8.1,27.89
1.0,0.0,0.0,0.0,2.0,81.0,26.0,2.6,30.69
0.0,0.0,0.0,1.0,0.0,48.0,74.0,7.4,22.91
0.0,0.0,0.0,1.0,6.0,30.0,44.0,4.4,20.75
0.0,1.0,0.0,0.0,0.0,37.0,53.0,5.3,11.3
0.0,0.0,1.0,0.0,0.0,22.0,73.0,7.3,25.25
0.0,0.0,1.0,0.0,7.0,56.0,86.0,8.6,26.58
1.0,0.0,0.0,0.0,0.0,18.0,47.0,4.7,21.79
1.0,0.0,0.0,0.0,18.0,42.0,63.0,6.3,23.52
0.0,0.0,1.0,0.0,0.0,0.0,56.0,5.6,18.84
1.0,0.0,0.0,0.0,0.0,47.0,53.0,5.3,28.55
0.0,0.0,1.0,0.0,0.0,10.0,57.0,5.7,14.25
0.0,1.0,0.0,0.0,0.0,0.0,39.0,3.9,17.51
0.0,0.0,1.0,0.0,26.0,58.0,36.0,3.6,23.47
1.0,0.0,0.0,0.0,3.0,0.0,75.0,7.5,11.36
0.0,1.0,0.0,0.0,6.0,37.0,46.0,4.6,18.26
0.0,1.0,0.0,0.0,0.0,42.0,49.0,4.9,19.96
0.0,1.0,0.0,0.0,13.0,71.0,54.0,5.4,36.67
1.0,0.0,0.0,0.0,0.0,42.0,54.0,5.4,29.91
0.0,1.0,0.0,0.0,0.0,46.0,32.0,3.2,21.78
1.0,0.0,0.0,0.0,6.0,6.0,57.0,5.7,16.44
0.0,1.0,0.0,0.0,0.0,41.0,41.0,4.1,19.15
0.0,1.0,0.0,0.0,0.0,51.0,39.0,3.9,22.85
0.0,0.0,0.0,1.0,0.0,49.0,61.0,6.1,13.23
0.0,1.0,0.0,0.0,0.0,3.0,52.0,5.2,22.25
0.0,1.0,0.0,0.0,0.0,53.0,27.0,2.7,27.11
0.0,0.0,0.0,1.0,18.0,20.0,35.0,3.5,22.69
1.0,0.0,0.0,0.0,20.0,115.0,64.0,6.4,30.44
0.0,1.0,0.0,0.0,0.0,15.0,49.0,4.9,14.92
0.0,0.0,1.0,0.0,18.0,14.0,50.0,5.0,20.04
1.0,0.0,0.0,0.0,5.0,58.0,33.0,3.3,29.06
0.0,1.0,0.0,0.0,3.0,52.0,40.0,4.0,28.85
1.0,0.0,0.0,0.0,0.0,29.0,69.0,6.9,19.72
0.0,1.0,0.0,0.0,10.0,73.0,51.0,5.1,30.51
1.0,0.0,0.0,0.0,0.0,41.0,43.0,4.3,21.93
0.0,1.0,0.0,0.0,0.0,13.0,36.0,3.6,11.67
0.0,0.0,1.0,0.0,18.0,60.0,29.0,2.9,32.1
1.0,0.0,0.0,0.0,10.0,44.0,45.0,4.5,14.78
1.0,0.0,0.0,0.0,0.0,30.0,49.0,4.9,20.24
0.0,0.0,1.0,0.0,5.0,67.0,71.0,7.1,16.56
0.0,0.0,1.0,0.0,0.0,59.0,68.0,6.8,30.84
1.0,0.0,0.0,0.0,19.0,54.0,55.0,5.5,18.6
1.0,0.0,0.0,0.0,0.0,12.0,55.0,5.5,27.78
0.0,0.0,1.0,0.0,0.0,54.0,30.0,3.0,14.47
1.0,0.0,0.0,0.0,0.0,69.0,69.0,6.9,26.65
0.0,1.0,0.0,0.0,0.0,0.0,48.0,4.8,10.29
1.0,0.0,0.0,0.0,0.0,12.0,40.0,4.0,23.73
0.0,0.0,1.0,0.0,0.0,27.0,59.0,5.9,25.22
0.0,0.0,0.0,1.0,0.0,11.0,59.0,5.9,21.27
1.0,0.0,0.0,0.0,9.0,41.0,48.0,4.8,20.92
0.0,0.0,1.0,0.0,8.0,36.0,63.0,6.3,27.21
1.0,0.0,0.0,0.0,0.0,3.0,36.0,3.6,17.61
0.0,0.0,0.0,1.0,0.0,16.0,79.0,7.9,16.29
0.0,0.0,1.0,0.0,0.0,0.0,87.0,8.7,21.28
1.0,0.0,0.0,0.0,1.0,27.0,46.0,4.6,23.43
0.0,1.0,0.0,0.0,0.0,0.0,36.0,3.6,17.47
0.0,0.0,0.0,1.0,0.0,43.0,80.0,8.0,19.09
0.0,0.0,0.0,1.0,0.0,34.0,69.0,6.9,14.57
1.0,0.0,0.0,0.0,13.0,0.0,56.0,5.6,23.8
1.0,0.0,0.0,0.0,9.0,25.0,43.0,4.3,31.05
0.0,0.0,0.0,1.0,0.0,0.0,59.0,5.9,15.63
0.0,0.0,0.0,1.0,0.0,5.0,55.0,5.5,21.67
1.0,0.0,0.0,0.0,0.0,56.0,26.0,2.6,20.15
1.0,0.0,0.0,0.0,0.0,26.0,59.0,5.9,21.42
0.0,1.0,0.0,0.0,0.0,21.0,15.0,1.5,22.6
0.0,1.0,0.0,0.0,0.0,0.0,36.0,3.6,17.69
0.0,1.0,0.0,0.0,0.0,7.0,43.0,4.3,10.07
1.0,0.0,0.0,0.0,2.0,13.0,39.0,3.9,30.05
0.0,0.0,0.0,1.0,0.0,43.0,60.0,6.0,12.73
0.0,0.0,1.0,0.0,7.0,40.0,82.0,8.2,27.02
0.0,1.0,0.0,0.0,0.0,23.0,34.0,3.4,20.56
0.0,0.0,0.0,1.0,13.0,30.0,74.0,7.4,23.51
0.0,1.0,0.0,0.0,12.0,52.0,42.0,4.2,24.67
0.0,0.0,1.0,0.0,0.0,100.0,90.0,9.0,35.04
0.0,1.0,0.0,0.0,19.0,59.0,30.0,3.0,26.37
0.0,0.0,1.0,0.0,17.0,50.0,29.0,2.9,20.93
1.0,0.0,0.0,0.0,8.0,51.0,68.0,6.8,25.46
0.0,0.0,1.0,0.0,0.0,1.0,53.0,5.3,13.04
0.0,1.0,0.0,0.0,0.0,28.0,42.0,4.2,11.86
0.0,0.0,0.0,1.0,0.0,66.0,62.0,6.2,28.48
0.0,1.0,0.0,0.0,0.0,3.0,64.0,6.4,23.56
0.0,0.0,1.0,0.0,16.0,29.0,64.0,6.4,12.03
1.0,0.0,0.0,0.0,0.0,71.0,48.0,4.8,28.23
0.0,1.0,0.0,0.0,4.0,39.0,38.0,3.8,19.05
0.0,0.0,1.0,0.0,12.0,16.0,46.0,4.6,25.22
0.0,0.0,1.0,0.0,12.0,76.0,46.0,4.6,17.11
0.0,0.0,1.0,0.0,1.0,46.0,57.0,5.7,19.82
0.0,1.0,0.0,0.0,0.0,15.0,31.0,3.1,23.52
0.0,0.0,0.0,1.0,0.0,9.0,56.0,5.6,22.29
0.0,0.0,0.0,1.0,0.0,14.0,79.0,7.9,19.95
1.0,0.0,0.0,0.0,0.0,7.0,59.0,5.9,21.53
0.0,0.0,0.0,1.0,1.0,17.0,77.0,7.7,15.04
0.0,0.0,1.0,0.0,0.0,47.0,82.0,8.2,19.22
0.0,0.0,1.0,0.0,9.0,34.0,24.0,2.4,16.88
0.0,0.0,1.0,0.0,0.0,19.0,54.0,5.4,21.02
0.0,1.0,0.0,0.0,0.0,43.0,46.0,4.6,14.15
0.0,1.0,0.0,0.0,0.0,2.0,35.0,3.5,19.6
0.0,0.0,0.0,1.0,0.0,36.0,49.0,4.9,18.82
0.0,0.0,0.0,1.0,0.0,18.0,70.0,7.0,18.07
0.0,0.0,0.0,1.0,7.0,27.0,52.0,5.2,21.67
0.0,1.0,0.0,0.0,5.0,0.0,37.0,3.7,21.54
0.0,0.0,1.0,0.0,1.0,12.0,59.0,5.9,27.2
1.0,0.0,0.0,0.0,10.0,81.0,39.0,3.9,34.1
0.0,0.0,1.0,0.0,13.0,0.0,72.0,7.2,15.03
1.0,0.0,0.0,0.0,0.0,44.0,40.0,4.0,29.57
0.0,0.0,1.0,0.0,0.0,6.0,73.0,7.3,22.62
0.0,0.0,1.0,0.0,0.0,27.0,53.0,5.3,28.96
0.0,0.0,1.0,0.0,0.0,4.0,58.0,5.8,19.26
0.0,0.0,1.0,0.0,0.0,34.0,60.0,6.0,27.6
0.0,0.0,1.0,0.0,0.0,14.0,48.0,4.8,22.29
1.0,0.0,0.0,0.0,6.0,16.0,55.0,5.5,21.25
0.0,0.0,1.0,0.0,16.0,0.0,38.0,3.8,20.26
0.0,0.0,0.0,1.0,7.0,50.0,67.0,6.7,24.66
0.0,0.0,1.0,0.0,0.0,0.0,88.0,8.8,19.17
1.0,0.0,0.0,0.0,1.0,47.0,50.0,5.0,24.08
1.0,0.0,0.0,0.0,0.0,10.0,52.0,5.2,25.44
1.0,0.0,0.0,0.0,20.0,47.0,51.0,5.1,11.18
1.0,0.0,0.0,0.0,0.0,25.0,43.0,4.3,24.21
1.0,0.0,0.0,0.0,0.0,5.0,59.0,5.9,15.9
1.0,0.0,0.0,0.0,0.0,46.0,33.0,3.3,22.12
0.0,0.0,1.0,0.0,11.0,64.0,50.0,5.0,13.72
0.0,0.0,1.0,0.0,0.0,11.0,46.0,4.6,21.28
0.0,0.0,0.0,1.0,11.0,46.0,69.0,6.9,19.87
0.0,0.0,1.0,0.0,4.0,40.0,30.0,3.0,14.73
1.0,0.0,0.0,0.0,9.0,50.0,55.0,5.5,22.62
0.0,1.0,0.0,0.0,7.0,32.0,40.0,4.0,29.57
0.0,1.0,0.0,0.0,9.0,76.0,43.0,4.3,33.3
0.0,1.0,0.0,0.0,0.0,64.0,46.0,4.6,26.83
1.0,0.0,0.0,0.0,0.0,25.0,50.0,5.0,23.24
0.0,0.0,0.0,1.0,0.0,9.0,72.0,7.2,22.21
0.0,0.0,0.0,1.0,14.0,54.0,58.0,5.8,25.05
1.0,0.0,0.0,0.0,3.0,27.0,47.0,4.7,17.91
0.0,0.0,0.0,1.0,0.0,58.0,50.0,5.0,22.34
0.0,1.0,0.0,0.0,16.0,0.0,60.0,6.0,11.72
0.0,0.0,0.0,1.0,0.0,0.0,71.0,7.1,9.83
1.0,0.0,0.0,0.0,0.0,0.0,37.0,3.7,9.73
1.0,0.0,0.0,0.0,4.0,54.0,55.0,5.5,30.31
0.0,1.0,0.0,0.0,6.0,40.0,24.0,2.4,20.75
0.0,0.0,1.0,0.0,17.0,60.0,30.0,3.0,32.37
1.0,0.0,0.0,0.0,29.0,46.0,19.0,1.9,19.79
0.0,0.0,0.0,1.0,0.0,31.0,71.0,7.1,14.93
0.0,0.0,1.0,0.0,0.0,17.0,64.0,6.4,27.36
0.0,0.0,0.0,1.0,5.0,14.0,75.0,7.5,20.03
0.0,1.0,0.0,0.0,22.0,34.0,50.0,5.0,24.04
0.0,0.0,1.0,0.0,3.0,39.0,34.0,3.4,11.38
0.0,0.0,0.0,1.0,0.0,55.0,71.0,7.1,13.8
0.0,0.0,0.0,1.0,0.0,39.0,79.0,7.9,16.54
0.0,0.0,1.0,0.0,0.0,61.0,48.0,4.8,31.25
0.0,1.0,0.0,0.0,1.0,46.0,46.0,4.6,22.52
0.0,1.0,0.0,0.0,0.0,66.0,15.0,1.5,27.8
1.0,0.0,0.0,0.0,0.0,61.0,33.0,3.3,27.15
0.0,0.0,1.0,0.0,10.0,77.0,42.0,4.2,29.38
0.0,0.0,0.0,1.0,0.0,37.0,51.0,5.1,25.47
1.0,0.0,0.0,0.0,4.0,16.0,51.0,5.1,26.59
1.0,0.0,0.0,0.0,12.0,36.0,43.0,4.3,29.91
0.0,1.0,0.0,0.0,0.0,0.0,42.0,4.2,17.45
1.0,0.0,0.0,0.0,22.0,112.0,45.0,4.5,19.91
0.0,0.0,0.0,1.0,8.0,32.0,61.0,6.1,29.66
0.0,0.0,0.0,1.0,15.0,58.0,66.0,6.6,27.33
1.0,0.0,0.0,0.0,20.0,10.0,48.0,4.8,27.69
0.0,0.0,1.0,0.0,2.0,3.0,64.0,6.4,13.14
1.0,0.0,0.0,0.0,25.0,45.0,39.0,3.9,15.51
1.0,0.0,0.0,0.0,8.0,28.0,32.0,3.2,22.88
0.0,0.0,1.0,0.0,7.0,0.0,48.0,4.8,20.12
0.0,0.0,0.0,1.0,0.0,46.0,32.0,3.2,25.22
0.0,0.0,0.0,1.0,9.0,112.0,87.0,8.7,22.75
1.0,0.0,0.0,0.0,6.0,40.0,47.0,4.7,13.06
0.0,1.0,0.0,0.0,0.0,59.0,42.0,4.2,27.12
1.0,0.0,0.0,0.0,0.0,22.0,51.0,5.1,23.94
0.0,0.0,0.0,1.0,0.0,6.0,79.0,7.9,13.82
0.0,0.0,1.0,0.0,10.0,41.0,61.0,6.1,22.31
1.0,0.0,0.0,0.0,0.0,0.0,33.0,3.3,16.7
1.0,0.0,0.0,0.0,0.0,19.0,62.0,6.2,23.48
0.0,1.0,0.0,0.0,6.0,36.0,38.0,3.8,11.29
0.0,1.0,0.0,0.0,5.0,85.0,47.0,4.7,18.19
0.0,0.0,0.0,1.0,12.0,37.0,77.0,7.7,17.23
1.0,0.0,0.0,0.0,17.0,55.0,44.0,4.4,25.27
0.0,1.0,0.0,0.0,0.0,30.0,44.0,4.4,13.95
0.0,1.0,0.0,0.0,10.0,55.0,39.0,3.9,26.05
0.0,0.0,0.0,1.0,6.0,31.0,74.0,7.4,15.45
0.0,0.0,0.0,1.0,0.0,19.0,73.0,7.3,15.55
0.0,0.0,1.0,0.0,0.0,35.0,56.0,5.6,22.0
0.0,1.0,0.0,0.0,0.0,0.0,29.0,2.9,23.14
0.0,1.0,0.0,0.0,0.0,5.0,50.0,5.0,9.9
0.0,0.0,0.0,1.0,0.0,12.0,46.0,4.6,17.3
0.0,1.0,0.0,0.0,0.0,4.0,17.0,1.7,11.18
1.0,0.0,0.0,0.0,3.0,58.0,26.0,2.6,14.92
0.0,0.0,1.0,0.0,9.0,51.0,65.0,6.5,29.25
0.0,1.0,0.0,0.0,0.0,22.0,54.0,5.4,14.85
0.0,0.0,1.0,0.0,0.0,59.0,34.0,3.4,26.26
0.0,0.0,0.0,1.0,13.0,43.0,63.0,6.3,20.67
0.0,1.0,0.0,0.0,7.0,20.0,45.0,4.5,15.4
1.0,0.0,0.0,0.0,0.0,17.0,46.0,4.6,24.41
1.0,0.0,0.0,0.0,5.0,23.0,57.0,5.7,18.88
0.0,1.0,0.0,0.0,0.0,60.0,32.0,3.2,23.34
0.0,1.0,0.0,0.0,0.0,10.0,35.0,3.5,16.34
0.0,0.0,0.0,1.0,0.0,40.0,71.0,7.1,22.46
0.0,0.0,0.0,1.0,0.0,0.0,59.0,5.9,17.41
0.0,0.0,1.0,0.0,0.0,6.0,67.0,6.7,16.49
0.0,1.0,0.0,0.0,0.0,31.0,61.0,6.1,18.41
0.0,0.0,1.0,0.0,17.0,34.0,47.0,4.7,25.17
1.0,0.0,0.0,0.0,21.0,56.0,79.0,7.9,30.68
1.0,0.0,0.0,0.0,13.0,54.0,65.0,6.5,15.6
0.0,0.0,0.0,1.0,10.0,28.0,58.0,5.8,15.14
0.0,0.0,0.0,1.0,0.0,23.0,58.0,5.8,22.93
0.0,1.0,0.0,0.0,0.0,6.0,47.0,4.7,11.64
0.0,0.0,1.0,0.0,0.0,5.0,24.0,2.4,12.29
0.0,0.0,1.0,0.0,0.0,39.0,47.0,4.7,22.32
0.0,0.0,0.0,1.0,0.0,22.0,60.0,6.0,23.18
0.0,0.0,1.0,0.0,0.0,45.0,56.0,5.6,27.89
0.0,0.0,0.0,1.0,2.0,30.0,65.0,6.5,21.91
0.0,0.0,1.0,0.0,0.0,28.0,56.0,5.6,19.45
0.0,0.0,0.0,1.0,3.0,20.0,70.0,7.0,23.99
1.0,0.0,0.0,0.0,0.0,1.0,50.0,5.0,11.54
0.0,1.0,0.0,0.0,2.0,90.0,45.0,4.5,22.33
0.0,1.0,0.0,0.0,0.0,0.0,45.0,4.5,22.82
0.0,0.0,0.0,1.0,0.0,2.0,64.0,6.4,11.36
1.0,0.0,0.0,0.0,0.0,0.0,37.0,3.7,17.62
1.0,0.0,0.0,0.0,0.0,65.0,50.0,5.0,35.28
0.0,1.0,0.0,0.0,0.0,25.0,49.0,4.9,18.8
0.0,0.0,1.0,0.0,6.0,80.0,54.0,5.4,24.61
0.0,0.0,1.0,0.0,0.0,14.0,76.0,7.6,11.38
1.0,0.0,0.0,0.0,0.0,33.0,62.0,6.2,18.48
0.0,1.0,0.0,0.0,25.0,45.0,33.0,3.3,18.97
0.0,0.0,1.0,0.0,0.0,11.0,35.0,3.5,31.09
0.0,1.0,0.0,0.0,5.0,35.0,59.0,5.9,12.61
0.0,1.0,0.0,0.0,12.0,16.0,34.0,3.4,12.74
0.0,1.0,0.0,0.0,0.0,0.0,34.0,3.4,18.24
0.0,0.0,0.0,1.0,0.0,23.0,77.0,7.7,13.75
1.0,0.0,0.0,0.0,4.0,39.0,52.0,5.2,25.96
0.0,1.0,0.0,0.0,0.0,50.0,16.0,1.6,20.81
0.0,0.0,1.0,0.0,5.0,85.0,56.0,5.6,32.25
1.0,0.0,0.0,0.0,3.0,62.0,62.0,6.2,27.16
0.0,0.0,1.0,0.0,22.0,20.0,59.0,5.9,16.97
0.0,1.0,0.0,0.0,0.0,53.0,36.0,3.6,24.86
0.0,1.0,0.0,0.0,2.0,57.0,73.0,7.3,28.29
0.0,1.0,0.0,0.0,0.0,44.0,30.0,3.0,18.3
0.0,0.0,0.0,1.0,0.0,10.0,59.0,5.9,12.29
1.0,0.0,0.0,0.0,2.0,52.0,43.0,4.3,20.63
1.0,0.0,0.0,0.0,0.0,31.0,50.0,5.0,22.94
0.0,0.0,1.0,0.0,6.0,44.0,79.0,7.9,21.51
1.0,0.0,0.0,0.0,0.0,12.0,38.0,3.8,19.82
1.0,0.0,0.0,0.0,0.0,60.0,60.0,6.0,32.52
0.0,0.0,1.0,0.0,0.0,60.0,51.0,5.1,15.71
0.0,0.0,0.0,1.0,2.0,12.0,61.0,6.1,23.21
0.0,0.0,1.0,0.0,0.0,26.0,42.0,4.2,18.52
0.0,1.0,0.0,0.0,0.0,26.0,36.0,3.6,27.44
0.0,1.0,0.0,0.0,0.0,33.0,34.0,3.4,22.68
0.0,0.0,0.0,1.0,5.0,38.0,83.0,8.3,13.65
0.0,0.0,1.0,0.0,0.0,59.0,70.0,7.0,16.2
1.0,0.0,0.0,0.0,0.0,37.0,53.0,5.3,13.89
1.0,0.0,0.0,0.0,8.0,78.0,50.0,5.0,16.84
1.0,0.0,0.0,0.0,12.0,42.0,20.0,2.0,20.0
0.0,0.0,1.0,0.0,9.0,71.0,45.0,4.5,32.36
1.0,0.0,0.0,0.0,0.0,40.0,54.0,5.4,21.0
0.0,1.0,0.0,0.0,0.0,20.0,34.0,3.4,28.62
0.0,0.0,0.0,1.0,6.0,48.0,66.0,6.6,11.18
1.0,0.0,0.0,0.0,0.0,49.0,54.0,5.4,24.41
0.0,0.0,0.0,1.0,10.0,37.0,55.0,5.5,11.25
0.0,0.0,0.0,1.0,0.0,44.0,79.0,7.9,24.54
0.0,1.0,0.0,0.0,5.0,23.0,48.0,4.8,12.56
0.0,0.0,0.0,1.0,9.0,72.0,55.0,5.5,15.44
0.0,1.0,0.0,0.0,14.0,49.0,30.0,3.0,13.5
0.0,0.0,0.0,1.0,9.0,51.0,79.0,7.9,22.94
0.0,0.0,0.0,1.0,0.0,13.0,73.0,7.3,18.48
0.0,0.0,0.0,1.0,0.0,42.0,55.0,5.5,19.93
0.0,0.0,0.0,1.0,0.0,27.0,61.0,6.1,20.95
0.0,1.0,0.0,0.0,0.0,7.0,51.0,5.1,23.71
1.0,0.0,0.0,0.0,0.0,18.0,63.0,6.3,21.05
1.0,0.0,0.0,0.0,3.0,30.0,43.0,4.3,24.02
0.0,0.0,1.0,0.0,10.0,27.0,58.0,5.8,19.43
0.0,0.0,0.0,1.0,0.0,51.0,78.0,7.8,17.21
0.0,0.0,0.0,1.0,0.0,0.0,51.0,5.1,14.18
0.0,0.0,1.0,0.0,20.0,43.0,40.0,4.0,22.68
0.0,1.0,0.0,0.0,9.0,41.0,34.0,3.4,24.88
0.0,1.0,0.0,0.0,1.0,56.0,46.0,4.6,30.37
0.0,0.0,1.0,0.0,0.0,0.0,42.0,4.2,17.62
0.0,0.0,0.0,1.0,0.0,48.0,46.0,4.6,13.96
0.0,0.0,0.0,1.0,0.0,4.0,74.0,7.4,14.47
0.0,1.0,0.0,0.0,11.0,46.0,31.0,3.1,25.48
0.0,0.0,1.0,0.0,0.0,0.0,31.0,3.1,12.03
0.0,1.0,0.0,0.0,20.0,46.0,34.0,3.4,11.94
0.0,1.0,0.0,0.0,0.0,12.0,26.0,2.6,11.46
0.0,0.0,0.0,1.0,5.0,32.0,67.0,6.7,22.27
0.0,0.0,1.0,0.0,0.0,1.0,40.0,4.0,15.85
0.0,1.0,0.0,0.0,0.0,0.0,37.0,3.7,24.81
0.0,0.0,0.0,1.0,0.0,32.0,68.0,6.8,18.04
0.0,0.0,1.0,0.0,24.0,65.0,30.0,3.0,20.83
0.0,0.0,1.0,0.0,0.0,22.0,65.0,6.5,25.83
1.0,0.0,0.0,0.0,3.0,51.0,54.0,5.4,33.37
1.0,0.0,0.0,0.0,0.0,30.0,58.0,5.8,20.36
1.0,0.0,0.0,0.0,5.0,39.0,49.0,4.9,13.94
1.0,0.0,0.0,0.0,0.0,70.0,44.0,4.4,14.84
0.0,1.0,0.0,0.0,7.0,43.0,58.0,5.8,30.74
0.0,0.0,0.0,1.0,0.0,88.0,84.0,8.4,33.77
1.0,0.0,0.0,0.0,7.0,43.0,49.0,4.9,19.33
0.0,0.0,0.0,1.0,3.0,30.0,61.0,6.1,11.0
0.0,1.0,0.0,0.0,0.0,6.0,29.0,2.9,21.0
0.0,0.0,1.0,0.0,2.0,64.0,64.0,6.4,23.19
0.0,1.0,0.0,0.0,10.0,16.0,51.0,5.1,27.98
0.0,1.0,0.0,0.0,0.0,0.0,43.0,4.3,11.4
1.0,0.0,0.0,0.0,5.0,31.0,54.0,5.4,20.67
0.0,0.0,0.0,1.0,0.0,38.0,76.0,7.6,24.01
0.0,1.0,0.0,0.0,4.0,65.0,36.0,3.6,26.39
0.0,0.0,0.0,1.0,4.0,39.0,68.0,6.8,25.97
1.0,0.0,0.0,0.0,0.0,50.0,51.0,5.1,25.39
0.0,0.0,1.0,0.0,0.0,0.0,53.0,5.3,12.36
0.0,0.0,0.0,1.0,18.0,6.0,86.0,8.6,15.05
0.0,1.0,0.0,0.0,3.0,65.0,26.0,2.6,29.62
0.0,0.0,0.0,1.0,22.0,5.0,78.0,7.8,15.56
1.0,0.0,0.0,0.0,0.0,12.0,48.0,4.8,18.79
0.0,0.0,1.0,0.0,0.0,14.0,79.0,7.9,22.82
0.0,0.0,1.0,0.0,0.0,43.0,51.0,5.1,18.08
0.0,0.0,0.0,1.0,15.0,14.0,56.0,5.6,22.93
0.0,0.0,0.0,1.0,3.0,56.0,68.0,6.8,33.25
0.0,0.0,1.0,0.0,0.0,43.0,73.0,7.3,17.56
0.0,1.0,0.0,0.0,0.0,0.0,41.0,4.1,9.54
0.0,1.0,0.0,0.0,0.0,14.0,33.0,3.3,14.58
0.0,0.0,1.0,0.0,0.0,78.0,73.0,7.3,26.86
0.0,1.0,0.0,0.0,0.0,7.0,44.0,4.4,10.89
1.0,0.0,0.0,0.0,3.0,76.0,35.0,3.5,25.57
0.0,0.0,0.0,1.0,0.0,44.0,72.0,7.2,26.72
0.0,0.0,1.0,0.0,0.0,3.0,40.0,4.0,9.65
0.0,1.0,0.0,0.0,2.0,41.0,45.0,4.5,11.8
0.0,0.0,1.0,0.0,4.0,10.0,26.0,2.6,11.38
0.0,1.0,0.0,0.0,0.0,12.0,34.0,3.4,25.35
0.0,0.0,0.0,1.0,2.0,3.0,57.0,5.7,11.79
1.0,0.0,0.0,0.0,5.0,57.0,56.0,5.6,22.02
1.0,0.0,0.0,0.0,18.0,22.0,48.0,4.8,25.46
0.0,0.0,1.0,0.0,20.0,23.0,70.0,7.0,22.14
0.0,0.0,1.0,0.0,3.0,27.0,67.0,6.7,13.87
0.0,1.0,0.0,0.0,3.0,22.0,47.0,4.7,17.15
0.0,1.0,0.0,0.0,0.0,51.0,49.0,4.9,36.8
0.0,0.0,0.0,1.0,6.0,16.0,60.0,6.0,20.38
0.0,0.0,0.0,1.0,0.0,58.0,68.0,6.8,18.49
1.0,0.0,0.0,0.0,7.0,44.0,34.0,3.4,17.94
1.0,0.0,0.0,0.0,0.0,17.0,49.0,4.9,13.9
0.0,0.0,0.0,1.0,0.0,15.0,59.0,5.9,14.69
0.0,0.0,0.0,1.0,0.0,4.0,47.0,4.7,17.85
1.0,0.0,0.0,0.0,0.0,1.0,76.0,7.6,8.74
0.0,1.0,0.0,0.0,0.0,17.0,30.0,3.0,21.7
1.0,0.0,0.0,0.0,0.0,11.0,57.0,5.7,17.21
1.0,0.0,0.0,0.0,0.0,82.0,61.0,6.1,32.2
0.0,0.0,0.0,1.0,29.0,38.0,83.0,8.3,22.58
0.0,0.0,1.0,0.0,0.0,34.0,64.0,6.4,20.94
0.0,0.0,0.0,1.0,0.0,0.0,71.0,7.1,15.06
1.0,0.0,0.0,0.0,0.0,5.0,57.0,5.7,17.95
0.0,1.0,0.0,0.0,0.0,8.0,46.0,4.6,19.2
0.0,0.0,0.0,1.0,6.0,17.0,45.0,4.5,22.8
0.0,0.0,0.0,1.0,12.0,4.0,51.0,5.1,13.61
0.0,0.0,1.0,0.0,0.0,51.0,56.0,5.6,16.18
0.0,0.0,1.0,0.0,0.0,76.0,70.0,7.0,26.84
1.0,0.0,0.0,0.0,0.0,8.0,66.0,6.6,17.15
1.0,0.0,0.0,0.0,0.0,24.0,50.0,5.0,17.12
1.0,0.0,0.0,0.0,0.0,39.0,33.0,3.3,19.82
1.0,0.0,0.0,0.0,0.0,30.0,52.0,5.2,11.73
0.0,0.0,1.0,0.0,1.0,47.0,35.0,3.5,24.49
0.0,0.0,1.0,0.0,20.0,7.0,32.0,3.2,20.88
0.0,1.0,0.0,0.0,0.0,67.0,36.0,3.6,33.69
0.0,0.0,0.0,1.0,5.0,64.0,59.0,5.9,26.41
0.0,0.0,0.0,1.0,3.0,77.0,56.0,5.6,30.46
0.0,0.0,0.0,1.0,6.0,37.0,55.0,5.5,21.15
0.0,0.0,0.0,1.0,0.0,36.0,63.0,6.3,21.75
0.0,0.0,0.0,1.0,12.0,45.0,60.0,6.0,13.35
0.0,0.0,1.0,0.0,0.0,29.0,67.0,6.7,20.25
0.0,1.0,0.0,0.0,16.0,59.0,11.0,1.1,18.18
0.0,0.0,0.0,1.0,16.0,69.0,67.0,6.7,22.76
0.0,0.0,1.0,0.0,11.0,42.0,45.0,4.5,22.71
0.0,0.0,0.0,1.0,0.0,18.0,63.0,6.3,22.75
0.0,0.0,0.0,1.0,16.0,14.0,100.0,10.0,14.49
0.0,0.0,1.0,0.0,0.0,61.0,73.0,7.3,20.23
1.0,0.0,0.0,0.0,6.0,59.0,55.0,5.5,20.09
0.0,0.0,0.0,1.0,3.0,49.0,58.0,5.8,13.41
1.0,0.0,0.0,0.0,0.0,23.0,45.0,4.5,22.42
0.0,0.0,0.0,1.0,0.0,3.0,45.0,4.5,19.27
0.0,1.0,0.0,0.0,5.0,53.0,29.0,2.9,21.72
0.0,0.0,1.0,0.0,5.0,0.0,24.0,2.4,20.75
0.0,0.0,1.0,0.0,5.0,26.0,36.0,3.6,22.67
1.0,0.0,0.0,0.0,0.0,12.0,48.0,4.8,26.71
0.0,1.0,0.0,0.0,0.0,54.0,41.0,4.1,22.9
1.0,0.0,0.0,0.0,0.0,0.0,38.0,3.8,10.03
1.0,0.0,0.0,0.0,0.0,56.0,53.0,5.3,28.53
0.0,0.0,1.0,0.0,0.0,68.0,41.0,4.1,33.8
0.0,0.0,0.0,1.0,5.0,10.0,61.0,6.1,20.36
0.0,0.0,0.0,1.0,16.0,52.0,43.0,4.3,23.16
0.0,1.0,0.0,0.0,0.0,12.0,47.0,4.7,22.4
0.0,0.0,1.0,0.0,0.0,66.0,67.0,6.7,21.88
0.0,1.0,0.0,0.0,6.0,46.0,52.0,5.2,21.02
1.0,0.0,0.0,0.0,26.0,52.0,54.0,5.4,25.22
0.0,1.0,0.0,0.0,2.0,36.0,30.0,3.0,23.07
0.0,0.0,1.0,0.0,10.0,0.0,47.0,4.7,22.81
0.0,0.0,1.0,0.0,0.0,0.0,82.0,8.2,15.88
0.0,0.0,0.0,1.0,17.0,28.0,59.0,5.9,26.59
0.0,1.0,0.0,0.0,0.0,1.0,47.0,4.7,15.45
0.0,0.0,1.0,0.0,0.0,34.0,72.0,7.2,14.89
0.0,1.0,0.0,0.0,0.0,11.0,44.0,4.4,20.16
0.0,1.0,0.0,0.0,1.0,40.0,34.0,3.4,23.94
0.0,0.0,0.0,1.0,0.0,0.0,72.0,7.2,9.61
0.0,1.0,0.0,0.0,0.0,11.0,24.0,2.4,11.67
1.0,0.0,0.0,0.0,6.0,16.0,45.0,4.5,28.42
0.0,0.0,1.0,0.0,0.0,8.0,75.0,7.5,15.23
1.0,0.0,0.0,0.0,2.0,34.0,56.0,5.6,14.48
1.0,0.0,0.0,0.0,3.0,52.0,45.0,4.5,23.91
0.0,1.0,0.0,0.0,4.0,11.0,37.0,3.7,11.62
1.0,0.0,0.0,0.0,0.0,48.0,58.0,5.8,19.72
1.0,0.0,0.0,0.0,0.0,48.0,58.0,5.8,29.97
0.0,0.0,0.0,1.0,0.0,37.0,61.0,6.1,18.0
0.0,0.0,0.0,1.0,0.0,0.0,35.0,3.5,22.94
0.0,0.0,0.0,1.0,0.0,6.0,66.0,6.6,17.45
0.0,1.0,0.0,0.0,0.0,39.0,36.0,3.6,21.17
0.0,0.0,1.0,0.0,12.0,38.0,81.0,8.1,15.15
0.0,0.0,0.0,1.0,3.0,49.0,63.0,6.3,20.1
0.0,0.0,0.0,1.0,13.0,35.0,70.0,7.0,11.86
0.0,0.0,0.0,1.0,0.0,31.0,55.0,5.5,23.33
0.0,0.0,0.0,1.0,0.0,0.0,46.0,4.6,15.63
0.0,0.0,0.0,1.0,0.0,40.0,77.0,7.7,22.19
0.0,1.0,0.0,0.0,0.0,61.0,43.0,4.3,27.05
0.0,0.0,0.0,1.0,8.0,36.0,71.0,7.1,16.76
0.0,0.0,0.0,1.0,12.0,95.0,69.0,6.9,30.07
1.0,0.0,0.0,0.0,0.0,40.0,53.0,5.3,13.26
0.0,0.0,1.0,0.0,0.0,34.0,62.0,6.2,25.35
0.0,0.0,0.0,1.0,5.0,0.0,73.0,7.3,14.41
1.0,0.0,0.0,0.0,0.0,9.0,47.0,4.7,21.74
0.0,0.0,1.0,0.0,18.0,65.0,30.0,3.0,27.47
0.0,0.0,0.0,1.0,0.0,33.0,80.0,8.0,20.82
0.0,0.0,0.0,1.0,0.0,11.0,79.0,7.9,20.7
1.0,0.0,0.0,0.0,0.0,30.0,34.0,3.4,25.47
0.0,0.0,0.0,1.0,0.0,53.0,65.0,6.5,18.46
0.0,0.0,0.0,1.0,25.0,78.0,59.0,5.9,26.97
0.0,1.0,0.0,0.0,3.0,31.0,44.0,4.4,22.16
0.0,0.0,1.0,0.0,0.0,31.0,57.0,5.7,23.26
0.0,1.0,0.0,0.0,0.0,25.0,38.0,3.8,26.63
0.0,0.0,0.0,1.0,16.0,52.0,26.0,2.6,31.15
0.0,0.0,1.0,0.0,7.0,35.0,73.0,7.3,23.32
0.0,0.0,1.0,0.0,6.0,35.0,81.0,8.1,26.02
0.0,0.0,0.0,1.0,9.0,0.0,41.0,4.1,20.05
1.0,0.0,0.0,0.0,20.0,7.0,46.0,4.6,17.61
0.0,0.0,1.0,0.0,4.0,20.0,61.0,6.1,30.74
1.0,0.0,0.0,0.0,0.0,10.0,41.0,4.1,21.93
1.0,0.0,0.0,0.0,0.0,20.0,46.0,4.6,20.67
1.0,0.0,0.0,0.0,8.0,36.0,36.0,3.6,24.36
0.0,0.0,0.0,1.0,2.0,57.0,69.0,6.9,22.42
0.0,0.0,0.0,1.0,23.0,101.0,74.0,7.4,18.59
0.0,0.0,0.0,1.0,0.0,0.0,46.0,4.6,17.67
1.0,0.0,0.0,0.0,0.0,63.0,38.0,3.8,32.5
0.0,1.0,0.0,0.0,2.0,16.0,54.0,5.4,13.3
0.0,0.0,0.0,1.0,0.0,5.0,72.0,7.2,19.65
1.0,0.0,0.0,0.0,0.0,68.0,29.0,2.9,13.79
0.0,1.0,0.0,0.0,0.0,0.0,44.0,4.4,20.05
1.0,0.0,0.0,0.0,10.0,0.0,41.0,4.1,19.27
0.0,0.0,0.0,1.0,0.0,59.0,75.0,7.5,33.48
1.0,0.0,0.0,0.0,0.0,3.0,62.0,6.2,18.74
0.0,0.0,0.0,1.0,8.0,37.0,82.0,8.2,21.49
0.0,0.0,0.0,1.0,0.0,24.0,45.0,4.5,26.53
0.0,0.0,0.0,1.0,0.0,37.0,55.0,5.5,15.13
1.0,0.0,0.0,0.0,0.0,66.0,36.0,3.6,32.97
0.0,1.0,0.0,0.0,0.0,66.0,33.0,3.3,13.45
0.0,0.0,0.0,1.0,3.0,74.0,65.0,6.5,13.29
1.0,0.0,0.0,0.0,0.0,56.0,45.0,4.5,23.36
1.0,0.0,0.0,0.0,0.0,40.0,49.0,4.9,17.02
0.0,0.0,0.0,1.0,0.0,15.0,49.0,4.9,19.86
0.0,0.0,0.0,1.0,2.0,43.0,45.0,4.5,13.33
0.0,0.0,1.0,0.0,0.0,41.0,51.0,5.1,16.49
0.0,1.0,0.0,0.0,1.0,49.0,36.0,3.6,15.33
1.0,0.0,0.0,0.0,0.0,12.0,56.0,5.6,22.07
0.0,0.0,0.0,1.0,0.0,26.0,68.0,6.8,12.19
1.0,0.0,0.0,0.0,0.0,4.0,47.0,4.7,20.17
0.0,0.0,1.0,0.0,16.0,19.0,61.0,6.1,20.43
0.0,0.0,1.0,0.0,0.0,75.0,75.0,7.5,26.16
1.0,0.0,0.0,0.0,0.0,16.0,65.0,6.5,15.22
0.0,1.0,0.0,0.0,8.0,30.0,33.0,3.3,28.03
0.0,0.0,0.0,1.0,10.0,52.0,55.0,5.5,15.78
1.0,0.0,0.0,0.0,18.0,60.0,52.0,5.2,25.27
1.0,0.0,0.0,0.0,3.0,54.0,67.0,6.7,28.66
0.0,1.0,0.0,0.0,0.0,0.0,45.0,4.5,9.42
0.0,1.0,0.0,0.0,5.0,45.0,46.0,4.6,14.07
0.0,0.0,1.0,0.0,14.0,59.0,34.0,3.4,24.56
0.0,0.0,0.0,1.0,32.0,22.0,90.0,9.0,9.67
0.0,0.0,0.0,1.0,9.0,50.0,80.0,8.0,19.02
0.0,1.0,0.0,0.0,16.0,42.0,46.0,4.6,27.09
0.0,0.0,1.0,0.0,0.0,18.0,59.0,5.9,29.14
0.0,0.0,1.0,0.0,17.0,40.0,34.0,3.4,28.56
0.0,1.0,0.0,0.0,0.0,28.0,50.0,5.0,18.32
1.0,0.0,0.0,0.0,5.0,42.0,41.0,4.1,23.78
0.0,1.0,0.0,0.0,0.0,30.0,37.0,3.7,14.14
1.0,0.0,0.0,0.0,10.0,54.0,31.0,3.1,28.42
0.0,1.0,0.0,0.0,0.0,3.0,53.0,5.3,21.09
0.0,0.0,1.0,0.0,27.0,80.0,58.0,5.8,21.47
0.0,0.0,1.0,0.0,0.0,15.0,27.0,2.7,19.44
1.0,0.0,0.0,0.0,0.0,0.0,61.0,6.1,16.54
0.0,0.0,0.0,1.0,0.0,11.0,81.0,8.1,23.11
0.0,1.0,0.0,0.0,0.0,66.0,45.0,4.5,14.91
0.0,0.0,1.0,0.0,7.0,34.0,67.0,6.7,22.97
0.0,0.0,0.0,1.0,17.0,22.0,70.0,7.0,18.21
0.0,1.0,0.0,0.0,0.0,27.0,20.0,2.0,12.35
0.0,1.0,0.0,0.0,0.0,30.0,26.0,2.6,13.58
0.0,1.0,0.0,0.0,0.0,48.0,31.0,3.1,26.61
0.0,1.0,0.0,0.0,32.0,35.0,48.0,4.8,22.12
0.0,0.0,0.0,1.0,0.0,0.0,63.0,6.3,16.52
1.0,0.0,0.0,0.0,0.0,59.0,73.0,7.3,19.96
1.0,0.0,0.0,0.0,0.0,2.0,37.0,3.7,22.3
0.0,1.0,0.0,0.0,12.0,39.0,41.0,4.1,23.88
0.0,0.0,0.0,1.0,0.0,29.0,61.0,6.1,22.97
0.0,0.0,0.0,1.0,7.0,43.0,71.0,7.1,24.68
0.0,0.0,1.0,0.0,9.0,41.0,60.0,6.0,20.38
1.0,0.0,0.0,0.0,8.0,21.0,72.0,7.2,20.19
0.0,0.0,1.0,0.0,0.0,50.0,34.0,3.4,11.32
0.0,0.0,1.0,0.0,11.0,85.0,78.0,7.8,36.63
0.0,0.0,1.0,0.0,0.0,21.0,75.0,7.5,21.17
0.0,1.0,0.0,0.0,3.0,63.0,59.0,5.9,13.42
0.0,1.0,0.0,0.0,7.0,35.0,43.0,4.3,13.42
0.0,0.0,0.0,1.0,5.0,30.0,52.0,5.2,30.29
0.0,1.0,0.0,0.0,2.0,43.0,44.0,4.4,16.39
0.0,1.0,0.0,0.0,6.0,54.0,41.0,4.1,26.54
0.0,0.0,0.0,1.0,3.0,65.0,69.0,6.9,15.16
0.0,0.0,1.0,0.0,17.0,25.0,78.0,7.8,23.19
0.0,0.0,0.0,1.0,0.0,57.0,60.0,6.0,26.95
0.0,0.0,1.0,0.0,0.0,10.0,54.0,5.4,11.35
0.0,0.0,1.0,0.0,14.0,49.0,57.0,5.7,27.56
1.0,0.0,0.0,0.0,8.0,79.0,38.0,3.8,25.68
1.0,0.0,0.0,0.0,2.0,64.0,49.0,4.9,30.55
0.0,1.0,0.0,0.0,0.0,30.0,48.0,4.8,17.35
0.0,0.0,1.0,0.0,8.0,28.0,75.0,7.5,23.04
0.0,0.0,1.0,0.0,13.0,26.0,61.0,6.1,15.38
0.0,0.0,0.0,1.0,0.0,15.0,53.0,5.3,11.58
0.0,0.0,1.0,0.0,17.0,30.0,51.0,5.1,28.24
0.0,1.0,0.0,0.0,0.0,19.0,30.0,3.0,23.33
0.0,1.0,0.0,0.0,2.0,43.0,38.0,3.8,27.92
0.0,0.0,1.0,0.0,0.0,0.0,52.0,5.2,10.44
0.0,0.0,0.0,1.0,0.0,3.0,68.0,6.8,19.43
0.0,1.0,0.0,0.0,0.0,44.0,27.0,2.7,14.44
0.0,1.0,0.0,0.0,0.0,0.0,52.0,5.2,8.88
0.0,0.0,0.0,1.0,14.0,44.0,60.0,6.0,22.35
0.0,0.0,0.0,1.0,3.0,70.0,61.0,6.1,23.2
0.0,0.0,1.0,0.0,0.0,3.0,51.0,5.1,9.94
0.0,0.0,0.0,1.0,0.0,3.0,52.0,5.2,20.98
0.0,0.0,1.0,0.0,0.0,99.0,48.0,4.8,36.06
0.0,1.0,0.0,0.0,0.0,26.0,40.0,4.0,12.68
0.0,0.0,0.0,1.0,0.0,22.0,60.0,6.0,13.48
0.0,0.0,0.0,1.0,0.0,10.0,87.0,8.7,12.66
1.0,0.0,0.0,0.0,0.0,17.0,34.0,3.4,28.74
0.0,0.0,1.0,0.0,5.0,48.0,28.0,2.8,14.57
0.0,0.0,1.0,0.0,0.0,40.0,60.0,6.0,28.62
1.0,0.0,0.0,0.0,10.0,55.0,52.0,5.2,31.27
0.0,0.0,0.0,1.0,0.0,3.0,55.0,5.5,13.56
0.0,0.0,1.0,0.0,4.0,45.0,41.0,4.1,23.68
0.0,0.0,1.0,0.0,4.0,59.0,66.0,6.6,30.82
0.0,1.0,0.0,0.0,5.0,13.0,49.0,4.9,19.98
0.0,1.0,0.0,0.0,20.0,19.0,35.0,3.5,22.43
0.0,1.0,0.0,0.0,0.0,27.0,50.0,5.0,25.54
1.0,0.0,0.0,0.0,31.0,51.0,48.0,4.8,23.4
0.0,0.0,1.0,0.0,2.0,12.0,48.0,4.8,27.88
1.0,0.0,0.0,0.0,0.0,22.0,56.0,5.6,23.61
0.0,0.0,1.0,0.0,0.0,30.0,70.0,7.0,19.07
0.0,0.0,1.0,0.0,0.0,39.0,63.0,6.3,21.51
1.0,0.0,0.0,0.0,6.0,42.0,51.0,5.1,28.71
0.0,0.0,1.0,0.0,0.0,4.0,55.0,5.5,16.27
0.0,0.0,1.0,0.0,7.0,20.0,56.0,5.6,22.84
0.0,0.0,1.0,0.0,19.0,59.0,61.0,6.1,27.87
0.0,0.0,0.0,1.0,0.0,27.0,52.0,5.2,22.33
0.0,0.0,1.0,0.0,5.0,59.0,50.0,5.0,24.16
1.0,0.0,0.0,0.0,0.0,32.0,39.0,3.9,19.9
0.0,0.0,0.0,1.0,0.0,31.0,57.0,5.7,14.42
0.0,0.0,1.0,0.0,1.0,8.0,51.0,5.1,16.33
1.0,0.0,0.0,0.0,16.0,52.0,50.0,5.0,28.48
0.0,0.0,0.0,1.0,4.0,1.0,53.0,5.3,16.25
0.0,0.0,0.0,1.0,6.0,44.0,69.0,6.9,18.78
1.0,0.0,0.0,0.0,0.0,12.0,50.0,5.0,26.04
0.0,0.0,0.0,1.0,10.0,45.0,74.0,7.4,19.49
0.0,0.0,0.0,1.0,0.0,75.0,73.0,7.3,16.51
1.0,0.0,0.0,0.0,7.0,39.0,38.0,3.8,25.26
0.0,0.0,0.0,1.0,0.0,30.0,58.0,5.8,12.69
0.0,0.0,0.0,1.0,8.0,20.0,60.0,6.0,14.73
0.0,1.0,0.0,0.0,2.0,13.0,32.0,3.2,20.97
0.0,0.0,1.0,0.0,4.0,39.0,58.0,5.8,25.45
0.0,0.0,0.0,1.0,16.0,42.0,47.0,4.7,28.26
1.0,0.0,0.0,0.0,23.0,35.0,41.0,4.1,18.8
0.0,0.0,0.0,1.0,0.0,10.0,44.0,4.4,14.3
0.0,0.0,1.0,0.0,3.0,52.0,66.0,6.6,25.03
1.0,0.0,0.0,0.0,0.0,27.0,48.0,4.8,28.33
1.0,0.0,0.0,0.0,0.0,11.0,33.0,3.3,29.21
0.0,1.0,0.0,0.0,5.0,67.0,60.0,6.0,22.98
0.0,0.0,0.0,1.0,29.0,46.0,78.0,7.8,18.9
0.0,0.0,1.0,0.0,15.0,37.0,38.0,3.8,22.66
0.0,0.0,1.0,0.0,2.0,55.0,61.0,6.1,18.57
0.0,0.0,1.0,0.0,0.0,14.0,52.0,5.2,20.98
0.0,0.0,0.0,1.0,16.0,31.0,63.0,6.3,24.95
1.0,0.0,0.0,0.0,0.0,67.0,35.0,3.5,24.74
1.0,0.0,0.0,0.0,0.0,38.0,37.0,3.7,30.68
1.0,0.0,0.0,0.0,0.0,10.0,17.0,1.7,26.41
0.0,0.0,1.0,0.0,0.0,49.0,63.0,6.3,22.46
0.0,0.0,1.0,0.0,7.0,20.0,53.0,5.3,13.23
1.0,0.0,0.0,0.0,0.0,5.0,54.0,5.4,12.98
0.0,1.0,0.0,0.0,3.0,20.0,40.0,4.0,21.38
0.0,0.0,1.0,0.0,11.0,55.0,46.0,4.6,30.85
0.0,1.0,0.0,0.0,0.0,26.0,27.0,2.7,22.0
0.0,0.0,1.0,0.0,2.0,41.0,67.0,6.7,24.57
0.0,0.0,1.0,0.0,0.0,0.0,65.0,6.5,21.65
1.0,0.0,0.0,0.0,0.0,20.0,50.0,5.0,24.88
0.0,0.0,0.0,1.0,0.0,17.0,64.0,6.4,19.81
0.0,1.0,0.0,0.0,3.0,56.0,29.0,2.9,27.62
1.0,0.0,0.0,0.0,12.0,48.0,41.0,4.1,14.0
0.0,0.0,1.0,0.0,0.0,29.0,53.0,5.3,27.85
0.0,0.0,0.0,1.0,0.0,26.0,75.0,7.5,14.76
0.0,0.0,1.0,0.0,22.0,88.0,40.0,4.0,26.0
1.0,0.0,0.0,0.0,29.0,16.0,35.0,3.5,23.63
0.0,0.0,0.0,1.0,0.0,8.0,74.0,7.4,13.81
0.0,0.0,1.0,0.0,14.0,26.0,49.0,4.9,13.86
0.0,1.0,0.0,0.0,0.0,18.0,29.0,2.9,20.45
0.0,1.0,0.0,0.0,3.0,70.0,42.0,4.2,16.26
0.0,0.0,0.0,1.0,16.0,32.0,59.0,5.9,19.27
0.0,0.0,0.0,1.0,20.0,19.0,72.0,7.2,18.51
0.0,0.0,0.0,1.0,3.0,53.0,42.0,4.2,27.19
0.0,0.0,0.0,1.0,0.0,70.0,68.0,6.8,31.28
1.0,0.0,0.0,0.0,0.0,13.0,42.0,4.2,26.24
0.0,1.0,0.0,0.0,0.0,41.0,52.0,5.2,14.85
0.0,0.0,1.0,0.0,2.0,50.0,52.0,5.2,14.17
0.0,0.0,1.0,0.0,8.0,50.0,52.0,5.2,11.46
0.0,1.0,0.0,0.0,2.0,36.0,50.0,5.0,22.48
0.0,0.0,1.0,0.0,0.0,0.0,54.0,5.4,12.11
0.0,0.0,1.0,0.0,0.0,15.0,72.0,7.2,27.38
1.0,0.0,0.0,0.0,0.0,28.0,66.0,6.6,21.86
0.0,0.0,0.0,1.0,0.0,12.0,52.0,5.2,20.94
1.0,0.0,0.0,0.0,0.0,53.0,33.0,3.3,33.15
0.0,1.0,0.0,0.0,0.0,12.0,31.0,3.1,20.87
0.0,0.0,0.0,1.0,6.0,52.0,66.0,6.6,30.32
1.0,0.0,0.0,0.0,0.0,35.0,57.0,5.7,24.26
0.0,1.0,0.0,0.0,0.0,41.0,36.0,3.6,23.5
0.0,0.0,0.0,1.0,0.0,30.0,46.0,4.6,26.02
1.0,0.0,0.0,0.0,0.0,1.0,64.0,6.4,22.62
0.0,0.0,1.0,0.0,6.0,55.0,26.0,2.6,23.5
0.0,1.0,0.0,0.0,3.0,23.0,68.0,6.8,22.76
0.0,1.0,0.0,0.0,0.0,26.0,35.0,3.5,23.83
0.0,1.0,0.0,0.0,0.0,4.0,52.0,5.2,19.17
1.0,0.0,0.0,0.0,0.0,26.0,71.0,7.1,17.85
0.0,0.0,0.0,1.0,0.0,14.0,76.0,7.6,19.11
0.0,0.0,1.0,0.0,0.0,56.0,73.0,7.3,27.79
0.0,0.0,1.0,0.0,5.0,25.0,69.0,6.9,12.12
0.0,1.0,0.0,0.0,0.0,85.0,44.0,4.4,29.89
0.0,1.0,0.0,0.0,11.0,71.0,47.0,4.7,29.06
1.0,0.0,0.0,0.0,0.0,23.0,47.0,4.7,25.28
1.0,0.0,0.0,0.0,0.0,31.0,66.0,6.6,23.23
0.0,0.0,1.0,0.0,3.0,80.0,52.0,5.2,27.31
0.0,1.0,0.0,0.0,2.0,38.0,45.0,4.5,12.78
0.0,0.0,1.0,0.0,0.0,37.0,34.0,3.4,24.21
0.0,0.0,0.0,1.0,0.0,18.0,69.0,6.9,19.7
0.0,0.0,0.0,1.0,0.0,11.0,68.0,6.8,17.75
1.0,0.0,0.0,0.0,18.0,55.0,57.0,5.7,24.04
0.0,1.0,0.0,0.0,0.0,7.0,36.0,3.6,17.72
0.0,1.0,0.0,0.0,0.0,73.0,47.0,4.7,17.36
0.0,0.0,0.0,1.0,24.0,72.0,53.0,5.3,24.08
0.0,0.0,1.0,0.0,9.0,33.0,63.0,6.3,21.29
1.0,0.0,0.0,0.0,11.0,4.0,73.0,7.3,18.23
1.0,0.0,0.0,0.0,0.0,41.0,52.0,5.2,29.42
0.0,0.0,0.0,1.0,0.0,9.0,61.0,6.1,18.51
0.0,0.0,1.0,0.0,0.0,42.0,68.0,6.8,21.04
1.0,0.0,0.0,0.0,0.0,20.0,55.0,5.5,25.84
0.0,0.0,0.0,1.0,10.0,32.0,86.0,8.6,21.13
0.0,0.0,1.0,0.0,16.0,41.0,38.0,3.8,13.58
1.0,0.0,0.0,0.0,5.0,39.0,61.0,6.1,29.57
0.0,0.0,0.0,1.0,0.0,10.0,67.0,6.7,18.64
1.0,0.0,0.0,0.0,5.0,16.0,61.0,6.1,19.89
1.0,0.0,0.0,0.0,0.0,0.0,47.0,4.7,17.02
0.0,0.0,0.0,1.0,0.0,7.0,77.0,7.7,17.7
0.0,1.0,0.0,0.0,7.0,13.0,32.0,3.2,19.53
1.0,0.0,0.0,0.0,0.0,22.0,42.0,4.2,29.19
1.0,0.0,0.0,0.0,7.0,13.0,68.0,6.8,29.43
0.0,0.0,1.0,0.0,0.0,57.0,64.0,6.4,27.55
0.0,0.0,1.0,0.0,0.0,22.0,59.0,5.9,20.44
0.0,1.0,0.0,0.0,6.0,17.0,38.0,3.8,11.89
0.0,0.0,0.0,1.0,0.0,24.0,45.0,4.5,20.56
0.0,1.0,0.0,0.0,7.0,43.0,55.0,5.5,13.55
1.0,0.0,0.0,0.0,0.0,7.0,50.0,5.0,15.94
0.0,0.0,0.0,1.0,0.0,12.0,79.0,7.9,11.7
0.0,0.0,0.0,1.0,2.0,68.0,47.0,4.7,16.09
0.0,1.0,0.0,0.0,4.0,74.0,44.0,4.4,13.59
0.0,0.0,1.0,0.0,0.0,12.0,56.0,5.6,25.05
0.0,1.0,0.0,0.0,3.0,69.0,41.0,4.1,23.44
0.0,0.0,0.0,1.0,9.0,32.0,57.0,5.7,30.47
0.0,0.0,1.0,0.0,0.0,47.0,43.0,4.3,18.56
0.0,0.0,0.0,1.0,3.0,7.0,63.0,6.3,17.14
0.0,0.0,0.0,1.0,0.0,1.0,67.0,6.7,9.09
0.0,0.0,0.0,1.0,0.0,18.0,63.0,6.3,22.63
0.0,1.0,0.0,0.0,3.0,39.0,27.0,2.7,24.15
0.0,1.0,0.0,0.0,0.0,22.0,46.0,4.6,27.89
0.0,0.0,0.0,1.0,0.0,56.0,64.0,6.4,18.5
0.0,0.0,1.0,0.0,0.0,16.0,32.0,3.2,13.44
1.0,0.0,0.0,0.0,0.0,5.0,46.0,4.6,19.48
0.0,0.0,1.0,0.0,3.0,57.0,44.0,4.4,16.64
0.0,0.0,0.0,1.0,10.0,42.0,51.0,5.1,23.73
0.0,1.0,0.0,0.0,16.0,55.0,28.0,2.8,24.32
0.0,1.0,0.0,0.0,18.0,20.0,47.0,4.7,20.3
0.0,0.0,0.0,1.0,0.0,16.0,46.0,4.6,21.7
0.0,0.0,0.0,1.0,0.0,6.0,89.0,8.9,15.13
1.0,0.0,0.0,0.0,7.0,67.0,48.0,4.8,30.27
0.0,0.0,0.0,1.0,0.0,51.0,81.0,8.1,29.49
1.0,0.0,0.0,0.0,16.0,58.0,32.0,3.2,28.84
0.0,0.0,0.0,1.0,0.0,20.0,80.0,8.0,18.79
0.0,0.0,1.0,0.0,0.0,43.0,76.0,7.6,20.84
1.0,0.0,0.0,0.0,0.0,19.0,51.0,5.1,25.55
0.0,0.0,0.0,1.0,0.0,27.0,57.0,5.7,24.09
0.0,0.0,0.0,1.0,3.0,80.0,74.0,7.4,26.7
0.0,0.0,0.0,1.0,5.0,39.0,86.0,8.6,19.97
1.0,0.0,0.0,0.0,5.0,26.0,56.0,5.6,20.09
0.0,0.0,1.0,0.0,1.0,62.0,24.0,2.4,27.08
0.0,0.0,1.0,0.0,0.0,1.0,59.0,5.9,23.03
0.0,0.0,1.0,0.0,10.0,53.0,81.0,8.1,30.54
0.0,1.0,0.0,0.0,0.0,7.0,48.0,4.8,18.73
1.0,0.0,0.0,0.0,6.0,62.0,37.0,3.7,14.08
0.0,0.0,1.0,0.0,8.0,63.0,57.0,5.7,20.96
0.0,1.0,0.0,0.0,11.0,48.0,43.0,4.3,22.88
0.0,1.0,0.0,0.0,0.0,72.0,36.0,3.6,24.47
0.0,0.0,0.0,1.0,0.0,33.0,76.0,7.6,23.75
1.0,0.0,0.0,0.0,3.0,74.0,40.0,4.0,20.55
1.0,0.0,0.0,0.0,0.0,1.0,63.0,6.3,12.22
0.0,0.0,0.0,1.0,1.0,67.0,40.0,4.0,28.35
0.0,1.0,0.0,0.0,0.0,48.0,48.0,4.8,23.38
0.0,0.0,1.0,0.0,0.0,43.0,54.0,5.4,19.31
0.0,0.0,0.0,1.0,12.0,61.0,79.0,7.9,26.41
0.0,0.0,1.0,0.0,0.0,24.0,61.0,6.1,21.0
0.0,0.0,1.0,0.0,5.0,0.0,60.0,6.0,24.22
0.0,0.0,1.0,0.0,0.0,24.0,54.0,5.4,14.61
0.0,0.0,1.0,0.0,5.0,29.0,55.0,5.5,11.51
0.0,0.0,1.0,0.0,0.0,8.0,48.0,4.8,18.75
0.0,0.0,0.0,1.0,0.0,13.0,63.0,6.3,20.73
0.0,0.0,0.0,1.0,0.0,30.0,84.0,8.4,21.55
0.0,1.0,0.0,0.0,0.0,12.0,59.0,5.9,17.68
0.0,1.0,0.0,0.0,18.0,35.0,45.0,4.5,24.53
0.0,0.0,1.0,0.0,0.0,23.0,69.0,6.9,24.14
1.0,0.0,0.0,0.0,0.0,26.0,18.0,1.8,22.94
0.0,1.0,0.0,0.0,13.0,42.0,33.0,3.3,23.94
0.0,0.0,1.0,0.0,0.0,1.0,50.0,5.0,14.22
0.0,0.0,1.0,0.0,0.0,51.0,66.0,6.6,31.47
0.0,1.0,0.0,0.0,25.0,50.0,68.0,6.8,21.13
0.0,0.0,0.0,1.0,10.0,77.0,64.0,6.4,31.66
0.0,1.0,0.0,0.0,12.0,82.0,48.0,4.8,14.15
0.0,0.0,1.0,0.0,5.0,15.0,51.0,5.1,17.06
1.0,0.0,0.0,0.0,4.0,35.0,38.0,3.8,29.0
0.0,1.0,0.0,0.0,0.0,36.0,53.0,5.3,16.57
1.0,0.0,0.0,0.0,3.0,28.0,53.0,5.3,25.06
0.0,0.0,0.0,1.0,5.0,45.0,66.0,6.6,25.32
1.0,0.0,0.0,0.0,5.0,74.0,45.0,4.5,35.09
0.0,0.0,1.0,0.0,15.0,57.0,52.0,5.2,15.71
0.0,1.0,0.0,0.0,0.0,11.0,53.0,5.3,19.58
1.0,0.0,0.0,0.0,23.0,101.0,49.0,4.9,24.65
0.0,0.0,1.0,0.0,15.0,57.0,67.0,6.7,22.09
0.0,0.0,0.0,1.0,9.0,67.0,54.0,5.4,30.76
0.0,0.0,0.0,1.0,9.0,50.0,68.0,6.8,14.35
1.0,0.0,0.0,0.0,0.0,13.0,54.0,5.4,20.44
0.0,1.0,0.0,0.0,0.0,15.0,43.0,4.3,24.6
0.0,0.0,0.0,1.0,0.0,27.0,59.0,5.9,16.83
1.0,0.0,0.0,0.0,0.0,87.0,56.0,5.6,28.11
0.0,0.0,0.0,1.0,0.0,30.0,62.0,6.2,17.66
0.0,0.0,0.0,1.0,0.0,5.0,69.0,6.9,16.49
0.0,0.0,0.0,1.0,14.0,52.0,86.0,8.6,25.14
0.0,0.0,0.0,1.0,0.0,59.0,43.0,4.3,14.47
1.0,0.0,0.0,0.0,8.0,31.0,59.0,5.9,23.95
0.0,0.0,1.0,0.0,0.0,0.0,53.0,5.3,9.42
0.0,0.0,0.0,1.0,11.0,19.0,52.0,5.2,20.13
0.0,0.0,0.0,1.0,0.0,24.0,63.0,6.3,14.25
0.0,0.0,0.0,1.0,0.0,47.0,75.0,7.5,22.99
1.0,0.0,0.0,0.0,8.0,50.0,62.0,6.2,20.5
0.0,1.0,0.0,0.0,6.0,70.0,32.0,3.2,24.78
0.0,1.0,0.0,0.0,0.0,10.0,35.0,3.5,14.17
1.0,0.0,0.0,0.0,6.0,17.0,35.0,3.5,18.29
0.0,0.0,1.0,0.0,0.0,9.0,71.0,7.1,18.35
0.0,0.0,1.0,0.0,3.0,30.0,49.0,4.9,16.41
1.0,0.0,0.0,0.0,0.0,5.0,55.0,5.5,20.71
0.0,0.0,0.0,1.0,0.0,0.0,82.0,8.2,19.96
0.0,0.0,0.0,1.0,4.0,57.0,65.0,6.5,18.55
1.0,0.0,0.0,0.0,2.0,57.0,36.0,3.6,29.97
0.0,0.0,0.0,1.0,10.0,37.0,47.0,4.7,13.34
0.0,0.0,0.0,1.0,0.0,2.0,34.0,3.4,19.32
0.0,0.0,0.0,1.0,0.0,14.0,62.0,6.2,21.42
0.0,0.0,0.0,1.0,0.0,0.0,81.0,8.1,22.68
0.0,0.0,0.0,1.0,42.0,3.0,63.0,6.3,8.54
0.0,0.0,1.0,0.0,22.0,34.0,73.0,7.3,13.15
0.0,0.0,1.0,0.0,9.0,59.0,57.0,5.7,20.91
1.0,0.0,0.0,0.0,15.0,39.0,45.0,4.5,13.38
1.0,0.0,0.0,0.0,4.0,24.0,43.0,4.3,12.6
0.0,0.0,0.0,1.0,0.0,43.0,67.0,6.7,14.96
0.0,0.0,0.0,1.0,3.0,0.0,71.0,7.1,21.14
0.0,1.0,0.0,0.0,0.0,12.0,40.0,4.0,23.77
0.0,0.0,1.0,0.0,18.0,18.0,43.0,4.3,21.35
0.0,0.0,0.0,1.0,0.0,0.0,63.0,6.3,21.05
0.0,0.0,1.0,0.0,6.0,40.0,35.0,3.5,14.6
0.0,0.0,0.0,1.0,0.0,17.0,65.0,6.5,28.28
0.0,0.0,0.0,1.0,0.0,7.0,48.0,4.8,21.31
0.0,0.0,0.0,1.0,0.0,58.0,53.0,5.3,30.4
0.0,1.0,0.0,0.0,23.0,60.0,25.0,2.5,21.68
0.0,1.0,0.0,0.0,6.0,37.0,41.0,4.1,23.8
0.0,0.0,1.0,0.0,10.0,28.0,36.0,3.6,16.89
0.0,1.0,0.0,0.0,9.0,47.0,39.0,3.9,27.67
0.0,0.0,1.0,0.0,0.0,78.0,27.0,2.7,25.56
0.0,0.0,1.0,0.0,0.0,30.0,67.0,6.7,20.43
0.0,0.0,0.0,1.0,1.0,43.0,85.0,8.5,22.07
0.0,0.0,1.0,0.0,8.0,15.0,56.0,5.6,17.45
0.0,1.0,0.0,0.0,5.0,0.0,30.0,3.0,11.4
1.0,0.0,0.0,0.0,0.0,30.0,60.0,6.0,22.62
0.0,0.0,1.0,0.0,0.0,8.0,47.0,4.7,14.49
0.0,0.0,1.0,0.0,4.0,5.0,60.0,6.0,17.7
1.0,0.0,0.0,0.0,2.0,31.0,48.0,4.8,19.92
0.0,0.0,0.0,1.0,0.0,33.0,70.0,7.0,20.2
0.0,1.0,0.0,0.0,9.0,7.0,56.0,5.6,17.46
1.0,0.0,0.0,0.0,0.0,48.0,26.0,2.6,21.85
0.0,1.0,0.0,0.0,12.0,16.0,56.0,5.6,21.95
1.0,0.0,0.0,0.0,0.0,13.0,54.0,5.4,24.98
0.0,0.0,1.0,0.0,32.0,22.0,81.0,8.1,15.47
0.0,0.0,1.0,0.0,6.0,6.0,52.0,5.2,8.75
1.0,0.0,0.0,0.0,0.0,25.0,58.0,5.8,24.41
0.0,1.0,0.0,0.0,3.0,0.0,43.0,4.3,17.28
1.0,0.0,0.0,0.0,0.0,0.0,42.0,4.2,17.29
0.0,1.0,0.0,0.0,0.0,29.0,26.0,2.6,14.0
0.0,0.0,1.0,0.0,0.0,39.0,72.0,7.2,22.78
0.0,0.0,1.0,0.0,0.0,29.0,70.0,7.0,17.81
0.0,1.0,0.0,0.0,0.0,60.0,46.0,4.6,24.83
1.0,0.0,0.0,0.0,0.0,43.0,53.0,5.3,16.77
0.0,1.0,0.0,0.0,0.0,33.0,35.0,3.5,14.26
0.0,0.0,1.0,0.0,0.0,22.0,76.0,7.6,25.01
0.0,0.0,0.0,1.0,0.0,20.0,74.0,7.4,21.64
0.0,0.0,0.0,1.0,16.0,55.0,79.0,7.9,33.51
0.0,0.0,0.0,1.0,0.0,15.0,59.0,5.9,17.36
0.0,0.0,1.0,0.0,19.0,16.0,71.0,7.1,17.49
0.0,0.0,1.0,0.0,0.0,0.0,26.0,2.6,14.46
1.0,0.0,0.0,0.0,0.0,19.0,37.0,3.7,25.0
0.0,1.0,0.0,0.0,3.0,30.0,29.0,2.9,21.55
0.0,1.0,0.0,0.0,0.0,8.0,35.0,3.5,17.34
0.0,0.0,1.0,0.0,0.0,22.0,70.0,7.0,23.34
0.0,0.0,1.0,0.0,5.0,54.0,52.0,5.2,14.75
0.0,0.0,0.0,1.0,0.0,0.0,38.0,3.8,18.34
1.0,0.0,0.0,0.0,4.0,49.0,59.0,5.9,30.25
1.0,0.0,0.0,0.0,38.0,42.0,40.0,4.0,25.07
1.0,0.0,0.0,0.0,0.0,24.0,52.0,5.2,19.9
0.0,0.0,0.0,1.0,33.0,25.0,66.0,6.6,24.12
1.0,0.0,0.0,0.0,0.0,0.0,65.0,6.5,18.17
0.0,0.0,1.0,0.0,21.0,3.0,75.0,7.5,15.55
1.0,0.0,0.0,0.0,8.0,14.0,53.0,5.3,18.75
0.0,0.0,0.0,1.0,0.0,0.0,65.0,6.5,24.2
0.0,1.0,0.0,0.0,1.0,35.0,48.0,4.8,26.92
1.0,0.0,0.0,0.0,5.0,67.0,49.0,4.9,37.33
0.0,0.0,1.0,0.0,3.0,33.0,46.0,4.6,13.13
0.0,0.0,0.0,1.0,11.0,64.0,48.0,4.8,26.75
1.0,0.0,0.0,0.0,8.0,30.0,50.0,5.0,19.22
1.0,0.0,0.0,0.0,8.0,58.0,42.0,4.2,14.83
0.0,0.0,1.0,0.0,7.0,2.0,79.0,7.9,24.52
1.0,0.0,0.0,0.0,10.0,63.0,55.0,5.5,30.64
0.0,0.0,0.0,1.0,0.0,0.0,55.0,5.5,20.15
0.0,0.0,1.0,0.0,6.0,31.0,71.0,7.1,20.96
0.0,1.0,0.0,0.0,7.0,0.0,46.0,4.6,20.57
0.0,0.0,1.0,0.0,0.0,29.0,29.0,2.9,23.79
0.0,1.0,0.0,0.0,0.0,37.0,56.0,5.6,25.29
0.0,0.0,0.0,1.0,0.0,33.0,72.0,7.2,19.89
0.0,0.0,0.0,1.0,3.0,10.0,63.0,6.3,13.14
0.0,0.0,0.0,1.0,7.0,8.0,62.0,6.2,15.35
0.0,0.0,0.0,1.0,0.0,43.0,60.0,6.0,18.97
1.0,0.0,0.0,0.0,0.0,8.0,31.0,3.1,18.16
0.0,1.0,0.0,0.0,0.0,0.0,16.0,1.6,14.31
1.0,0.0,0.0,0.0,4.0,45.0,28.0,2.8,22.11
0.0,0.0,0.0,1.0,15.0,28.0,62.0,6.2,21.97
0.0,0.0,0.0,1.0,0.0,25.0,44.0,4.4,25.16
0.0,0.0,0.0,1.0,6.0,64.0,53.0,5.3,30.91
0.0,0.0,1.0,0.0,11.0,2.0,99.0,9.9,14.66
0.0,1.0,0.0,0.0,4.0,52.0,54.0,5.4,31.65
0.0,0.0,0.0,1.0,0.0,0.0,66.0,6.6,17.74
0.0,0.0,0.0,1.0,4.0,33.0,67.0,6.7,17.66
0.0,0.0,0.0,1.0,1.0,50.0,68.0,6.8,22.9
0.0,1.0,0.0,0.0,26.0,15.0,38.0,3.8,24.03
0.0,1.0,0.0,0.0,0.0,15.0,59.0,5.9,25.71
0.0,0.0,1.0,0.0,21.0,56.0,52.0,5.2,17.85
1.0,0.0,0.0,0.0,11.0,26.0,49.0,4.9,20.31
0.0,1.0,0.0,0.0,4.0,59.0,53.0,5.3,33.17
0.0,0.0,0.0,1.0,3.0,76.0,91.0,9.1,26.69
0.0,1.0,0.0,0.0,0.0,34.0,49.0,4.9,17.71
0.0,0.0,1.0,0.0,2.0,10.0,38.0,3.8,20.29
0.0,0.0,1.0,0.0,0.0,31.0,50.0,5.0,16.96
1.0,0.0,0.0,0.0,0.0,24.0,53.0,5.3,24.4
0.0,1.0,0.0,0.0,8.0,53.0,40.0,4.0,24.98
0.0,0.0,1.0,0.0,4.0,39.0,59.0,5.9,20.58
0.0,0.0,1.0,0.0,0.0,17.0,27.0,2.7,18.0
0.0,1.0,0.0,0.0,0.0,20.0,28.0,2.8,29.64
0.0,0.0,0.0,1.0,7.0,39.0,63.0,6.3,11.57
0.0,1.0,0.0,0.0,8.0,20.0,38.0,3.8,19.26
0.0,0.0,0.0,1.0,4.0,23.0,72.0,7.2,19.0
1.0,0.0,0.0,0.0,0.0,48.0,52.0,5.2,25.02
1.0,0.0,0.0,0.0,0.0,5.0,54.0,5.4,14.57
0.0,1.0,0.0,0.0,0.0,7.0,37.0,3.7,19.95
0.0,0.0,1.0,0.0,0.0,40.0,35.0,3.5,15.43
0.0,0.0,1.0,0.0,0.0,23.0,70.0,7.0,22.83
1.0,0.0,0.0,0.0,3.0,75.0,60.0,6.0,25.42
0.0,0.0,1.0,0.0,22.0,72.0,64.0,6.4,11.55
1.0,0.0,0.0,0.0,4.0,9.0,42.0,4.2,23.9
0.0,1.0,0.0,0.0,28.0,72.0,21.0,2.1,25.9
0.0,1.0,0.0,0.0,22.0,5.0,51.0,5.1,9.41
0.0,0.0,0.0,1.0,0.0,6.0,68.0,6.8,10.24
0.0,0.0,0.0,1.0,6.0,76.0,81.0,8.1,21.96
0.0,0.0,1.0,0.0,7.0,76.0,68.0,6.8,33.37
1.0,0.0,0.0,0.0,0.0,8.0,60.0,6.0,19.65
0.0,1.0,0.0,0.0,10.0,31.0,36.0,3.6,22.67
0.0,0.0,0.0,1.0,0.0,40.0,63.0,6.3,19.37
0.0,1.0,0.0,0.0,0.0,10.0,32.0,3.2,23.91
0.0,1.0,0.0,0.0,3.0,14.0,45.0,4.5,12.0
0.0,0.0,1.0,0.0,8.0,77.0,57.0,5.7,28.65
0.0,0.0,0.0,1.0,0.0,14.0,79.0,7.9,24.14
1.0,0.0,0.0,0.0,0.0,40.0,29.0,2.9,14.48
0.0,0.0,0.0,1.0,0.0,6.0,68.0,6.8,14.0
1.0,0.0,0.0,0.0,1.0,19.0,57.0,5.7,13.61
0.0,0.0,1.0,0.0,0.0,38.0,63.0,6.3,21.02
0.0,0.0,1.0,0.0,4.0,52.0,65.0,6.5,15.45
0.0,0.0,0.0,1.0,13.0,30.0,60.0,6.0,21.88
0.0,0.0,0.0,1.0,0.0,72.0,59.0,5.9,31.17
0.0,0.0,0.0,1.0,21.0,35.0,74.0,7.4,9.57
0.0,0.0,1.0,0.0,1.0,25.0,53.0,5.3,28.06
0.0,0.0,0.0,1.0,0.0,29.0,68.0,6.8,20.28
0.0,1.0,0.0,0.0,0.0,33.0,34.0,3.4,25.03
0.0,0.0,1.0,0.0,19.0,54.0,39.0,3.9,37.23
0.0,1.0,0.0,0.0,11.0,41.0,38.0,3.8,21.61
0.0,0.0,1.0,0.0,0.0,20.0,50.0,5.0,26.3
0.0,1.0,0.0,0.0,5.0,32.0,34.0,3.4,14.12
0.0,1.0,0.0,0.0,12.0,32.0,47.0,4.7,21.21
0.0,0.0,0.0,1.0,0.0,16.0,63.0,6.3,11.62
0.0,1.0,0.0,0.0,0.0,30.0,38.0,3.8,29.11
0.0,1.0,0.0,0.0,7.0,78.0,40.0,4.0,36.83
0.0,0.0,1.0,0.0,0.0,30.0,44.0,4.4,29.57
1.0,0.0,0.0,0.0,3.0,37.0,54.0,5.4,26.0
0.0,0.0,1.0,0.0,0.0,46.0,38.0,3.8,21.84
0.0,0.0,1.0,0.0,11.0,32.0,68.0,6.8,24.91
0.0,1.0,0.0,0.0,0.0,3.0,37.0,3.7,23.38
1.0,0.0,0.0,0.0,13.0,35.0,20.0,2.0,29.5
0.0,1.0,0.0,0.0,0.0,92.0,25.0,2.5,35.24
1.0,0.0,0.0,0.0,0.0,47.0,70.0,7.0,30.63
0.0,1.0,0.0,0.0,0.0,35.0,44.0,4.4,20.11
1.0,0.0,0.0,0.0,8.0,3.0,43.0,4.3,9.79
0.0,1.0,0.0,0.0,6.0,6.0,40.0,4.0,10.2
0.0,1.0,0.0,0.0,0.0,19.0,45.0,4.5,21.8
1.0,0.0,0.0,0.0,6.0,59.0,52.0,5.2,29.77
0.0,0.0,0.0,1.0,5.0,45.0,70.0,7.0,27.47
0.0,1.0,0.0,0.0,7.0,46.0,33.0,3.3,12.79
1.0,0.0,0.0,0.0,0.0,14.0,57.0,5.7,25.18
0.0,0.0,1.0,0.0,3.0,32.0,62.0,6.2,25.68
1.0,0.0,0.0,0.0,4.0,0.0,52.0,5.2,10.62
0.0,1.0,0.0,0.0,19.0,71.0,46.0,4.6,26.46
0.0,0.0,0.0,1.0,15.0,49.0,63.0,6.3,14.05
0.0,1.0,0.0,0.0,21.0,43.0,39.0,3.9,25.92
0.0,0.0,1.0,0.0,6.0,54.0,41.0,4.1,20.0
1.0,0.0,0.0,0.0,0.0,4.0,51.0,5.1,18.1
0.0,1.0,0.0,0.0,1.0,65.0,50.0,5.0,26.36
0.0,1.0,0.0,0.0,3.0,49.0,26.0,2.6,22.19
0.0,1.0,0.0,0.0,1.0,58.0,43.0,4.3,23.05
0.0,0.0,1.0,0.0,2.0,75.0,15.0,1.5,13.33
1.0,0.0,0.0,0.0,0.0,28.0,51.0,5.1,26.27
1.0,0.0,0.0,0.0,0.0,43.0,65.0,6.5,27.45
0.0,0.0,1.0,0.0,13.0,36.0,70.0,7.0,23.54
0.0,1.0,0.0,0.0,13.0,54.0,38.0,3.8,27.42
0.0,0.0,1.0,0.0,0.0,0.0,51.0,5.1,19.12
0.0,0.0,1.0,0.0,0.0,9.0,53.0,5.3,19.83
1.0,0.0,0.0,0.0,0.0,40.0,43.0,4.3,21.53
0.0,0.0,0.0,1.0,0.0,12.0,64.0,6.4,11.0
0.0,0.0,0.0,1.0,0.0,19.0,67.0,6.7,22.58
0.0,0.0,0.0,1.0,0.0,0.0,80.0,8.0,10.66
0.0,0.0,0.0,1.0,0.0,26.0,68.0,6.8,15.04
0.0,1.0,0.0,0.0,5.0,65.0,54.0,5.4,24.13
0.0,0.0,0.0,1.0,0.0,53.0,51.0,5.1,29.71
1.0,0.0,0.0,0.0,0.0,68.0,50.0,5.0,14.28
0.0,0.0,0.0,1.0,0.0,40.0,55.0,5.5,22.95
0.0,0.0,1.0,0.0,18.0,6.0,31.0,3.1,18.94
0.0,0.0,0.0,1.0,0.0,24.0,56.0,5.6,21.3
1.0,0.0,0.0,0.0,6.0,34.0,43.0,4.3,22.88
1.0,0.0,0.0,0.0,0.0,20.0,71.0,7.1,26.46
0.0,0.0,0.0,1.0,2.0,33.0,67.0,6.7,21.27
1.0,0.0,0.0,0.0,0.0,85.0,53.0,5.3,30.47
0.0,1.0,0.0,0.0,29.0,16.0,30.0,3.0,19.4
0.0,1.0,0.0,0.0,6.0,17.0,46.0,4.6,14.33
0.0,1.0,0.0,0.0,6.0,68.0,35.0,3.5,26.29
0.0,0.0,0.0,1.0,2.0,43.0,80.0,8.0,24.79
0.0,0.0,0.0,1.0,9.0,53.0,52.0,5.2,26.02
0.0,1.0,0.0,0.0,11.0,58.0,47.0,4.7,26.64
0.0,0.0,0.0,1.0,5.0,20.0,56.0,5.6,17.46
0.0,1.0,0.0,0.0,8.0,36.0,47.0,4.7,28.13
0.0,1.0,0.0,0.0,37.0,40.0,54.0,5.4,12.63
1.0,0.0,0.0,0.0,1.0,43.0,53.0,5.3,26.15
1.0,0.0,0.0,0.0,26.0,58.0,70.0,7.0,20.09
0.0,1.0,0.0,0.0,18.0,42.0,66.0,6.6,27.32
0.0,0.0,0.0,1.0,28.0,87.0,55.0,5.5,23.33
0.0,1.0,0.0,0.0,1.0,20.0,30.0,3.0,19.87
0.0,0.0,1.0,0.0,7.0,36.0,45.0,4.5,23.96
1.0,0.0,0.0,0.0,0.0,29.0,45.0,4.5,13.44
0.0,1.0,0.0,0.0,2.0,67.0,64.0,6.4,22.97
0.0,0.0,1.0,0.0,0.0,4.0,67.0,6.7,17.85
0.0,1.0,0.0,0.0,0.0,35.0,46.0,4.6,17.46
0.0,1.0,0.0,0.0,0.0,10.0,37.0,3.7,23.03
0.0,0.0,1.0,0.0,0.0,61.0,48.0,4.8,28.6
0.0,0.0,0.0,1.0,0.0,15.0,76.0,7.6,19.63
0.0,0.0,0.0,1.0,0.0,24.0,55.0,5.5,11.78
1.0,0.0,0.0,0.0,0.0,55.0,8.0,0.8,29.75
0.0,0.0,1.0,0.0,0.0,16.0,57.0,5.7,26.37
0.0,0.0,1.0,0.0,4.0,50.0,58.0,5.8,25.05
0.0,0.0,0.0,1.0,0.0,11.0,66.0,6.6,21.44
0.0,0.0,1.0,0.0,3.0,80.0,59.0,5.9,16.15
1.0,0.0,0.0,0.0,0.0,0.0,34.0,3.4,16.44
0.0,0.0,1.0,0.0,0.0,71.0,48.0,4.8,25.31
0.0,1.0,0.0,0.0,0.0,33.0,42.0,4.2,15.24
1.0,0.0,0.0,0.0,25.0,78.0,51.0,5.1,13.47
0.0,0.0,0.0,1.0,0.0,19.0,53.0,5.3,17.47
0.0,0.0,0.0,1.0,0.0,92.0,62.0,6.2,27.44
0.0,0.0,1.0,0.0,29.0,66.0,39.0,3.9,27.97
0.0,0.0,1.0,0.0,0.0,58.0,71.0,7.1,28.01
0.0,0.0,0.0,1.0,0.0,16.0,82.0,8.2,17.11
0.0,0.0,0.0,1.0,0.0,4.0,63.0,6.3,15.92
1.0,0.0,0.0,0.0,0.0,88.0,52.0,5.2,29.83
0.0,0.0,1.0,0.0,9.0,45.0,51.0,5.1,17.12
0.0,1.0,0.0,0.0,0.0,18.0,47.0,4.7,22.28
1.0,0.0,0.0,0.0,11.0,55.0,52.0,5.2,14.44
1.0,0.0,0.0,0.0,12.0,63.0,42.0,4.2,29.5
0.0,0.0,1.0,0.0,0.0,49.0,39.0,3.9,20.31
0.0,1.0,0.0,0.0,0.0,65.0,53.0,5.3,34.17
1.0,0.0,0.0,0.0,0.0,35.0,42.0,4.2,17.12
0.0,1.0,0.0,0.0,0.0,45.0,38.0,3.8,14.5
0.0,1.0,0.0,0.0,19.0,40.0,29.0,2.9,15.45
0.0,1.0,0.0,0.0,0.0,56.0,41.0,4.1,34.78
0.0,1.0,0.0,0.0,0.0,5.0,44.0,4.4,11.5
0.0,0.0,0.0,1.0,0.0,0.0,68.0,6.8,16.96
1.0,0.0,0.0,0.0,0.0,60.0,77.0,7.7,36.34
0.0,1.0,0.0,0.0,0.0,18.0,47.0,4.7,14.36
1.0,0.0,0.0,0.0,2.0,56.0,57.0,5.7,16.21
0.0,0.0,1.0,0.0,0.0,22.0,32.0,3.2,25.28
1.0,0.0,0.0,0.0,0.0,58.0,64.0,6.4,29.08
1.0,0.0,0.0,0.0,8.0,20.0,44.0,4.4,22.89
1.0,0.0,0.0,0.0,0.0,49.0,68.0,6.8,19.0
0.0,1.0,0.0,0.0,9.0,37.0,41.0,4.1,14.27
0.0,0.0,1.0,0.0,0.0,42.0,51.0,5.1,13.39
0.0,1.0,0.0,0.0,0.0,54.0,34.0,3.4,36.68
0.0,0.0,0.0,1.0,4.0,64.0,62.0,6.2,31.06
1.0,0.0,0.0,0.0,0.0,0.0,38.0,3.8,21.71
1.0,0.0,0.0,0.0,0.0,7.0,54.0,5.4,21.13
0.0,0.0,0.0,1.0,9.0,25.0,64.0,6.4,13.67
1.0,0.0,0.0,0.0,18.0,65.0,70.0,7.0,30.6
1.0,0.0,0.0,0.0,0.0,29.0,32.0,3.2,22.94
0.0,0.0,1.0,0.0,0.0,11.0,63.0,6.3,17.92
0.0,1.0,0.0,0.0,2.0,58.0,46.0,4.6,27.89
0.0,1.0,0.0,0.0,0.0,9.0,26.0,2.6,19.73
0.0,0.0,1.0,0.0,6.0,16.0,36.0,3.6,19.86
0.0,0.0,0.0,1.0,20.0,57.0,89.0,8.9,27.01
0.0,1.0,0.0,0.0,2.0,36.0,42.0,4.2,26.69
0.0,0.0,0.0,1.0,3.0,46.0,56.0,5.6,19.8
0.0,0.0,1.0,0.0,3.0,75.0,49.0,4.9,28.73
0.0,1.0,0.0,0.0,0.0,0.0,38.0,3.8,15.89
0.0,1.0,0.0,0.0,14.0,42.0,46.0,4.6,25.96
0.0,0.0,0.0,1.0,0.0,5.0,75.0,7.5,16.97
0.0,1.0,0.0,0.0,0.0,54.0,28.0,2.8,22.46
0.0,1.0,0.0,0.0,0.0,0.0,41.0,4.1,10.27
1.0,0.0,0.0,0.0,0.0,0.0,37.0,3.7,16.89
0.0,0.0,1.0,0.0,16.0,32.0,61.0,6.1,15.21
0.0,1.0,0.0,0.0,11.0,31.0,60.0,6.0,20.18
0.0,1.0,0.0,0.0,1.0,47.0,40.0,4.0,12.62
0.0,0.0,0.0,1.0,10.0,81.0,67.0,6.7,27.84
0.0,1.0,0.0,0.0,0.0,65.0,53.0,5.3,27.64
0.0,0.0,1.0,0.0,5.0,45.0,65.0,6.5,14.18
1.0,0.0,0.0,0.0,0.0,13.0,37.0,3.7,19.51
0.0,0.0,1.0,0.0,5.0,12.0,56.0,5.6,21.29
0.0,0.0,1.0,0.0,0.0,20.0,45.0,4.5,16.31
0.0,0.0,0.0,1.0,14.0,49.0,74.0,7.4,19.72
0.0,1.0,0.0,0.0,0.0,5.0,46.0,4.6,18.22
0.0,0.0,1.0,0.0,0.0,24.0,62.0,6.2,20.85
0.0,1.0,0.0,0.0,16.0,46.0,34.0,3.4,11.03
0.0,0.0,0.0,1.0,0.0,3.0,56.0,5.6,24.41
1.0,0.0,0.0,0.0,0.0,15.0,32.0,3.2,19.97
1.0,0.0,0.0,0.0,0.0,0.0,42.0,4.2,21.05
1.0,0.0,0.0,0.0,0.0,24.0,23.0,2.3,25.17
0.0,0.0,1.0,0.0,0.0,38.0,50.0,5.0,10.94
0.0,0.0,1.0,0.0,0.0,20.0,72.0,7.2,23.47
0.0,0.0,0.0,1.0,23.0,60.0,72.0,7.2,11.61
0.0,0.0,1.0,0.0,5.0,50.0,48.0,4.8,12.85
1.0,0.0,0.0,0.0,0.0,23.0,65.0,6.5,19.8
0.0,1.0,0.0,0.0,11.0,1.0,36.0,3.6,21.61
1.0,0.0,0.0,0.0,0.0,49.0,49.0,4.9,11.0
0.0,0.0,0.0,1.0,0.0,8.0,57.0,5.7,11.53
0.0,0.0,1.0,0.0,7.0,2.0,49.0,4.9,17.12
1.0,0.0,0.0,0.0,0.0,7.0,60.0,6.0,18.57
1.0,0.0,0.0,0.0,0.0,12.0,64.0,6.4,12.52
0.0,1.0,0.0,0.0,0.0,43.0,43.0,4.3,25.72
1.0,0.0,0.0,0.0,0.0,4.0,69.0,6.9,15.3
0.0,0.0,1.0,0.0,20.0,51.0,46.0,4.6,22.02
0.0,0.0,1.0,0.0,10.0,6.0,50.0,5.0,17.76
1.0,0.0,0.0,0.0,0.0,39.0,48.0,4.8,18.54
0.0,1.0,0.0,0.0,4.0,3.0,46.0,4.6,12.15
0.0,0.0,0.0,1.0,0.0,17.0,66.0,6.6,18.38
0.0,0.0,0.0,1.0,0.0,57.0,61.0,6.1,26.23
0.0,0.0,1.0,0.0,0.0,21.0,47.0,4.7,28.94
0.0,0.0,1.0,0.0,3.0,56.0,34.0,3.4,29.15
0.0,0.0,1.0,0.0,0.0,6.0,66.0,6.6,19.12
0.0,0.0,0.0,1.0,0.0,50.0,68.0,6.8,24.82
0.0,0.0,0.0,1.0,12.0,42.0,68.0,6.8,25.74
0.0,1.0,0.0,0.0,7.0,76.0,37.0,3.7,21.41
0.0,1.0,0.0,0.0,30.0,28.0,35.0,3.5,17.57
1.0,0.0,0.0,0.0,10.0,53.0,69.0,6.9,31.17
1.0,0.0,0.0,0.0,6.0,30.0,49.0,4.9,18.98
0.0,0.0,0.0,1.0,9.0,37.0,75.0,7.5,12.87
0.0,1.0,0.0,0.0,0.0,46.0,48.0,4.8,26.42
0.0,0.0,0.0,1.0,4.0,3.0,68.0,6.8,15.6
0.0,0.0,1.0,0.0,5.0,45.0,77.0,7.7,24.62
0.0,0.0,1.0,0.0,0.0,15.0,65.0,6.5,23.11
1.0,0.0,0.0,0.0,0.0,4.0,62.0,6.2,17.15
1.0,0.0,0.0,0.0,0.0,18.0,52.0,5.2,25.56
0.0,1.0,0.0,0.0,26.0,55.0,50.0,5.0,23.8
0.0,0.0,0.0,1.0,0.0,11.0,63.0,6.3,11.11
0.0,1.0,0.0,0.0,0.0,59.0,20.0,2.0,14.9
0.0,0.0,1.0,0.0,0.0,51.0,65.0,6.5,13.31
0.0,1.0,0.0,0.0,5.0,12.0,34.0,3.4,10.94
0.0,0.0,0.0,1.0,3.0,44.0,57.0,5.7,20.46
0.0,1.0,0.0,0.0,0.0,24.0,30.0,3.0,22.5
0.0,0.0,0.0,1.0,7.0,78.0,65.0,6.5,26.05
1.0,0.0,0.0,0.0,19.0,26.0,59.0,5.9,25.05
1.0,0.0,0.0,0.0,10.0,37.0,47.0,4.7,23.3
0.0,0.0,0.0,1.0,15.0,12.0,70.0,7.0,15.57
1.0,0.0,0.0,0.0,11.0,19.0,61.0,6.1,23.18
0.0,0.0,0.0,1.0,0.0,65.0,67.0,6.7,27.64
1.0,0.0,0.0,0.0,0.0,11.0,54.0,5.4,11.93
1.0,0.0,0.0,0.0,3.0,57.0,25.0,2.5,27.24
0.0,0.0,0.0,1.0,0.0,55.0,48.0,4.8,17.35
0.0,0.0,0.0,1.0,0.0,35.0,68.0,6.8,18.85
0.0,0.0,0.0,1.0,0.0,19.0,66.0,6.6,21.89
0.0,0.0,1.0,0.0,3.0,26.0,32.0,3.2,15.28
1.0,0.0,0.0,0.0,3.0,53.0,65.0,6.5,24.46
0.0,0.0,1.0,0.0,11.0,10.0,42.0,4.2,22.69
1.0,0.0,0.0,0.0,10.0,101.0,46.0,4.6,15.89
0.0,0.0,0.0,1.0,3.0,27.0,76.0,7.6,21.0
0.0,0.0,0.0,1.0,0.0,0.0,63.0,6.3,15.83
0.0,1.0,0.0,0.0,0.0,9.0,55.0,5.5,24.13
1.0,0.0,0.0,0.0,12.0,52.0,54.0,5.4,29.43
1.0,0.0,0.0,0.0,12.0,46.0,28.0,2.8,19.96
1.0,0.0,0.0,0.0,2.0,38.0,51.0,5.1,24.2
0.0,1.0,0.0,0.0,9.0,66.0,49.0,4.9,14.43
0.0,1.0,0.0,0.0,12.0,103.0,59.0,5.9,14.9
0.0,0.0,1.0,0.0,6.0,38.0,28.0,2.8,21.36
0.0,1.0,0.0,0.0,0.0,27.0,58.0,5.8,25.66
0.0,1.0,0.0,0.0,0.0,20.0,53.0,5.3,28.51
0.0,0.0,0.0,1.0,0.0,51.0,56.0,5.6,18.16
0.0,0.0,0.0,1.0,17.0,26.0,76.0,7.6,22.34
0.0,0.0,0.0,1.0,16.0,40.0,95.0,9.5,13.08
0.0,1.0,0.0,0.0,0.0,23.0,42.0,4.2,20.29
0.0,1.0,0.0,0.0,0.0,0.0,30.0,3.0,18.4
1.0,0.0,0.0,0.0,0.0,12.0,60.0,6.0,27.48
0.0,0.0,0.0,1.0,0.0,18.0,69.0,6.9,20.33
0.0,0.0,0.0,1.0,0.0,76.0,72.0,7.2,24.49
0.0,1.0,0.0,0.0,0.0,20.0,27.0,2.7,14.96
0.0,1.0,0.0,0.0,20.0,79.0,45.0,4.5,36.29
1.0,0.0,0.0,0.0,0.0,40.0,35.0,3.5,20.74
1.0,0.0,0.0,0.0,0.0,60.0,53.0,5.3,24.79
0.0,0.0,0.0,1.0,0.0,12.0,79.0,7.9,22.67
0.0,0.0,1.0,0.0,0.0,33.0,39.0,3.9,22.46
0.0,0.0,0.0,1.0,0.0,19.0,96.0,9.6,20.07
0.0,0.0,1.0,0.0,0.0,14.0,46.0,4.6,28.26
1.0,0.0,0.0,0.0,0.0,55.0,41.0,4.1,35.44
0.0,0.0,0.0,1.0,5.0,48.0,61.0,6.1,21.05
0.0,0.0,1.0,0.0,3.0,54.0,30.0,3.0,23.53
0.0,0.0,1.0,0.0,0.0,45.0,46.0,4.6,11.13
0.0,0.0,1.0,0.0,0.0,37.0,41.0,4.1,15.51
1.0,0.0,0.0,0.0,0.0,20.0,61.0,6.1,20.92
1.0,0.0,0.0,0.0,1.0,67.0,50.0,5.0,31.48
1.0,0.0,0.0,0.0,0.0,5.0,39.0,3.9,15.05
0.0,0.0,1.0,0.0,0.0,59.0,48.0,4.8,23.44
0.0,1.0,0.0,0.0,0.0,11.0,41.0,4.1,22.29
0.0,0.0,1.0,0.0,0.0,49.0,53.0,5.3,19.3
0.0,1.0,0.0,0.0,11.0,59.0,38.0,3.8,28.37
0.0,1.0,0.0,0.0,16.0,34.0,44.0,4.4,11.98
0.0,0.0,1.0,0.0,0.0,22.0,53.0,5.3,16.66
0.0,0.0,1.0,0.0,0.0,44.0,37.0,3.7,23.38
0.0,0.0,0.0,1.0,46.0,14.0,53.0,5.3,18.4
0.0,1.0,0.0,0.0,0.0,84.0,36.0,3.6,17.22
1.0,0.0,0.0,0.0,0.0,20.0,49.0,4.9,21.24
0.0,1.0,0.0,0.0,0.0,60.0,45.0,4.5,20.71
1.0,0.0,0.0,0.0,0.0,20.0,33.0,3.3,20.36
0.0,0.0,0.0,1.0,6.0,55.0,60.0,6.0,26.02
1.0,0.0,0.0,0.0,1.0,45.0,65.0,6.5,25.49
0.0,0.0,0.0,1.0,0.0,59.0,70.0,7.0,24.99
0.0,0.0,1.0,0.0,4.0,24.0,43.0,4.3,26.26
0.0,0.0,0.0,1.0,16.0,6.0,54.0,5.4,20.87
0.0,0.0,1.0,0.0,0.0,19.0,33.0,3.3,20.15
1.0,0.0,0.0,0.0,9.0,30.0,43.0,4.3,16.79
1.0,0.0,0.0,0.0,0.0,9.0,56.0,5.6,14.46
0.0,1.0,0.0,0.0,1.0,48.0,33.0,3.3,22.55
0.0,0.0,0.0,1.0,0.0,10.0,40.0,4.0,11.82
1.0,0.0,0.0,0.0,0.0,58.0,35.0,3.5,25.63
0.0,0.0,1.0,0.0,0.0,30.0,79.0,7.9,27.92
1.0,0.0,0.0,0.0,10.0,77.0,65.0,6.5,17.14
0.0,0.0,0.0,1.0,10.0,34.0,59.0,5.9,22.41
0.0,1.0,0.0,0.0,0.0,11.0,32.0,3.2,13.69
0.0,1.0,0.0,0.0,0.0,5.0,45.0,4.5,20.2
0.0,0.0,1.0,0.0,0.0,30.0,40.0,4.0,17.57
0.0,1.0,0.0,0.0,0.0,43.0,64.0,6.4,12.88
0.0,1.0,0.0,0.0,0.0,30.0,33.0,3.3,14.12
0.0,0.0,0.0,1.0,0.0,19.0,52.0,5.2,21.46
0.0,0.0,0.0,1.0,2.0,66.0,62.0,6.2,19.87
0.0,0.0,0.0,1.0,0.0,60.0,72.0,7.2,26.31
1.0,0.0,0.0,0.0,0.0,0.0,68.0,6.8,18.47
0.0,0.0,0.0,1.0,0.0,0.0,86.0,8.6,16.35
0.0,1.0,0.0,0.0,0.0,51.0,34.0,3.4,30.5
0.0,0.0,0.0,1.0,3.0,48.0,61.0,6.1,13.97
0.0,0.0,1.0,0.0,0.0,0.0,73.0,7.3,10.78
0.0,0.0,0.0,1.0,0.0,7.0,72.0,7.2,15.71
1.0,0.0,0.0,0.0,3.0,27.0,42.0,4.2,27.62
1.0,0.0,0.0,0.0,0.0,48.0,53.0,5.3,23.19
0.0,0.0,0.0,1.0,0.0,36.0,58.0,5.8,24.29
0.0,1.0,0.0,0.0,11.0,37.0,33.0,3.3,20.21
1.0,0.0,0.0,0.0,7.0,43.0,51.0,5.1,25.02
0.0,1.0,0.0,0.0,6.0,69.0,28.0,2.8,25.11
0.0,0.0,1.0,0.0,19.0,42.0,38.0,3.8,27.29
0.0,1.0,0.0,0.0,5.0,13.0,43.0,4.3,26.88
0.0,0.0,0.0,1.0,12.0,74.0,54.0,5.4,22.83
0.0,0.0,0.0,1.0,0.0,53.0,67.0,6.7,24.85
1.0,0.0,0.0,0.0,4.0,51.0,45.0,4.5,29.96
0.0,0.0,0.0,1.0,9.0,46.0,64.0,6.4,14.3
0.0,0.0,0.0,1.0,4.0,50.0,65.0,6.5,21.92
1.0,0.0,0.0,0.0,0.0,18.0,36.0,3.6,23.22
0.0,1.0,0.0,0.0,0.0,28.0,63.0,6.3,21.49
0.0,0.0,0.0,1.0,0.0,40.0,56.0,5.6,22.55
0.0,0.0,1.0,0.0,10.0,69.0,54.0,5.4,26.24
0.0,0.0,0.0,1.0,3.0,37.0,67.0,6.7,28.6
0.0,1.0,0.0,0.0,0.0,54.0,37.0,3.7,13.78
0.0,0.0,0.0,1.0,13.0,18.0,71.0,7.1,28.51
0.0,1.0,0.0,0.0,7.0,36.0,37.0,3.7,27.81
0.0,1.0,0.0,0.0,8.0,14.0,42.0,4.2,13.76
0.0,0.0,1.0,0.0,0.0,7.0,86.0,8.6,16.69
1.0,0.0,0.0,0.0,0.0,3.0,69.0,6.9,17.83
0.0,0.0,0.0,1.0,9.0,17.0,68.0,6.8,22.26
0.0,1.0,0.0,0.0,7.0,8.0,41.0,4.1,11.63
1.0,0.0,0.0,0.0,0.0,6.0,68.0,6.8,19.82
0.0,1.0,0.0,0.0,9.0,5.0,32.0,3.2,11.62
1.0,0.0,0.0,0.0,4.0,3.0,57.0,5.7,15.47
0.0,0.0,0.0,1.0,7.0,13.0,55.0,5.5,22.56
0.0,1.0,0.0,0.0,3.0,50.0,60.0,6.0,13.88
0.0,0.0,0.0,1.0,7.0,0.0,58.0,5.8,9.86
0.0,1.0,0.0,0.0,0.0,22.0,42.0,4.2,25.26
0.0,0.0,0.0,1.0,0.0,18.0,58.0,5.8,20.55
0.0,1.0,0.0,0.0,0.0,2.0,46.0,4.6,16.72
1.0,0.0,0.0,0.0,0.0,29.0,56.0,5.6,21.52
0.0,1.0,0.0,0.0,11.0,107.0,39.0,3.9,33.41
0.0,0.0,0.0,1.0,0.0,16.0,63.0,6.3,12.57
1.0,0.0,0.0,0.0,12.0,53.0,62.0,6.2,24.52
0.0,1.0,0.0,0.0,2.0,58.0,33.0,3.3,15.18
0.0,0.0,0.0,1.0,10.0,16.0,54.0,5.4,30.04
0.0,1.0,0.0,0.0,0.0,12.0,37.0,3.7,12.24
0.0,0.0,1.0,0.0,0.0,16.0,49.0,4.9,19.0
1.0,0.0,0.0,0.0,0.0,52.0,52.0,5.2,30.0
0.0,1.0,0.0,0.0,0.0,3.0,51.0,5.1,15.92
0.0,0.0,0.0,1.0,0.0,25.0,56.0,5.6,11.8
0.0,0.0,1.0,0.0,2.0,41.0,60.0,6.0,11.67
1.0,0.0,0.0,0.0,0.0,6.0,59.0,5.9,16.85
1.0,0.0,0.0,0.0,9.0,5.0,37.0,3.7,19.89
0.0,0.0,0.0,1.0,26.0,36.0,39.0,3.9,15.08
0.0,0.0,0.0,1.0,3.0,57.0,68.0,6.8,26.24
0.0,1.0,0.0,0.0,0.0,76.0,29.0,2.9,26.69
0.0,0.0,0.0,1.0,4.0,66.0,75.0,7.5,29.03
0.0,1.0,0.0,0.0,27.0,80.0,37.0,3.7,26.46
1.0,0.0,0.0,0.0,6.0,69.0,56.0,5.6,14.52
0.0,0.0,1.0,0.0,0.0,11.0,44.0,4.4,25.5
0.0,0.0,0.0,1.0,3.0,52.0,65.0,6.5,24.08
1.0,0.0,0.0,0.0,1.0,65.0,50.0,5.0,31.82
0.0,0.0,0.0,1.0,0.0,40.0,71.0,7.1,23.13
0.0,1.0,0.0,0.0,0.0,43.0,41.0,4.1,19.07
0.0,1.0,0.0,0.0,0.0,4.0,17.0,1.7,8.82
0.0,0.0,1.0,0.0,0.0,15.0,42.0,4.2,22.83
0.0,0.0,0.0,1.0,23.0,53.0,52.0,5.2,22.87
1.0,0.0,0.0,0.0,5.0,9.0,38.0,3.8,10.39
0.0,0.0,0.0,1.0,0.0,15.0,56.0,5.6,22.64
0.0,1.0,0.0,0.0,0.0,33.0,35.0,3.5,16.6
0.0,1.0,0.0,0.0,4.0,34.0,35.0,3.5,14.43
0.0,1.0,0.0,0.0,0.0,0.0,46.0,4.6,19.57
0.0,0.0,0.0,1.0,16.0,23.0,79.0,7.9,21.24
0.0,0.0,0.0,1.0,1.0,40.0,59.0,5.9,12.64
1.0,0.0,0.0,0.0,0.0,51.0,42.0,4.2,27.74
0.0,0.0,0.0,1.0,0.0,72.0,71.0,7.1,30.06
0.0,0.0,1.0,0.0,0.0,7.0,45.0,4.5,23.56
0.0,0.0,0.0,1.0,0.0,17.0,73.0,7.3,31.03
0.0,0.0,1.0,0.0,7.0,78.0,75.0,7.5,14.79
1.0,0.0,0.0,0.0,0.0,0.0,64.0,6.4,18.11
0.0,0.0,1.0,0.0,4.0,33.0,62.0,6.2,19.98
0.0,0.0,0.0,1.0,0.0,44.0,70.0,7.0,22.61
0.0,0.0,0.0,1.0,0.0,22.0,75.0,7.5,20.52
1.0,0.0,0.0,0.0,0.0,53.0,53.0,5.3,27.77
0.0,1.0,0.0,0.0,0.0,13.0,51.0,5.1,30.51
0.0,0.0,0.0,1.0,0.0,28.0,91.0,9.1,24.44
1.0,0.0,0.0,0.0,0.0,52.0,40.0,4.0,26.45
0.0,1.0,0.0,0.0,0.0,12.0,45.0,4.5,13.91
0.0,0.0,0.0,1.0,6.0,17.0,66.0,6.6,20.12
0.0,0.0,0.0,1.0,4.0,14.0,61.0,6.1,17.1
0.0,0.0,1.0,0.0,0.0,26.0,29.0,2.9,18.24
0.0,0.0,0.0,1.0,4.0,25.0,57.0,5.7,27.79
0.0,1.0,0.0,0.0,0.0,3.0,37.0,3.7,17.3
0.0,0.0,0.0,1.0,0.0,25.0,57.0,5.7,13.58
1.0,0.0,0.0,0.0,26.0,36.0,49.0,4.9,15.31
0.0,0.0,0.0,1.0,0.0,51.0,58.0,5.8,14.19
1.0,0.0,0.0,0.0,0.0,49.0,46.0,4.6,30.74
1.0,0.0,0.0,0.0,0.0,11.0,52.0,5.2,27.21
1.0,0.0,0.0,0.0,3.0,45.0,50.0,5.0,19.46
0.0,1.0,0.0,0.0,0.0,4.0,27.0,2.7,10.33
0.0,0.0,1.0,0.0,10.0,82.0,69.0,6.9,14.54
0.0,0.0,1.0,0.0,17.0,40.0,73.0,7.3,22.21
0.0,0.0,1.0,0.0,0.0,23.0,64.0,6.4,17.45
0.0,0.0,1.0,0.0,1.0,17.0,64.0,6.4,23.06
0.0,0.0,0.0,1.0,0.0,73.0,34.0,3.4,35.91
0.0,0.0,0.0,1.0,0.0,14.0,68.0,6.8,19.41
0.0,0.0,0.0,1.0,1.0,51.0,72.0,7.2,35.22
0.0,0.0,0.0,1.0,0.0,20.0,76.0,7.6,24.54
0.0,0.0,0.0,1.0,8.0,59.0,81.0,8.1,16.52
0.0,0.0,0.0,1.0,7.0,27.0,57.0,5.7,19.77
1.0,0.0,0.0,0.0,0.0,77.0,44.0,4.4,27.16
0.0,1.0,0.0,0.0,7.0,34.0,32.0,3.2,11.28
0.0,0.0,0.0,1.0,0.0,4.0,62.0,6.2,19.16
1.0,0.0,0.0,0.0,11.0,74.0,54.0,5.4,15.06
0.0,0.0,0.0,1.0,0.0,52.0,58.0,5.8,25.12
0.0,0.0,0.0,1.0,11.0,10.0,78.0,7.8,17.82
0.0,1.0,0.0,0.0,3.0,16.0,48.0,4.8,22.02
1.0,0.0,0.0,0.0,5.0,64.0,66.0,6.6,33.64
0.0,0.0,1.0,0.0,15.0,92.0,56.0,5.6,36.07
0.0,0.0,1.0,0.0,7.0,78.0,45.0,4.5,15.22
1.0,0.0,0.0,0.0,12.0,90.0,47.0,4.7,16.26
1.0,0.0,0.0,0.0,0.0,10.0,42.0,4.2,15.4
0.0,1.0,0.0,0.0,0.0,11.0,24.0,2.4,11.92
0.0,0.0,1.0,0.0,4.0,0.0,51.0,5.1,20.84
0.0,0.0,1.0,0.0,0.0,31.0,26.0,2.6,25.92
0.0,1.0,0.0,0.0,32.0,43.0,57.0,5.7,9.51
0.0,1.0,0.0,0.0,15.0,14.0,56.0,5.6,12.7
1.0,0.0,0.0,0.0,15.0,57.0,51.0,5.1,19.67
0.0,0.0,0.0,1.0,40.0,41.0,63.0,6.3,19.41
0.0,0.0,1.0,0.0,6.0,37.0,48.0,4.8,18.9
1.0,0.0,0.0,0.0,17.0,22.0,43.0,4.3,24.16
1.0,0.0,0.0,0.0,0.0,16.0,32.0,3.2,23.84
0.0,0.0,0.0,1.0,0.0,44.0,40.0,4.0,11.35
0.0,0.0,0.0,1.0,0.0,69.0,59.0,5.9,26.08
0.0,0.0,1.0,0.0,0.0,7.0,59.0,5.9,16.69
0.0,0.0,1.0,0.0,9.0,66.0,45.0,4.5,30.36
0.0,1.0,0.0,0.0,0.0,11.0,20.0,2.0,24.6
1.0,0.0,0.0,0.0,3.0,33.0,40.0,4.0,18.32
0.0,0.0,0.0,1.0,0.0,0.0,62.0,6.2,11.97
0.0,0.0,0.0,1.0,0.0,0.0,51.0,5.1,18.84
0.0,0.0,1.0,0.0,0.0,92.0,67.0,6.7,15.7
0.0,0.0,1.0,0.0,3.0,36.0,84.0,8.4,22.38
0.0,1.0,0.0,0.0,0.0,57.0,25.0,2.5,15.56
0.0,0.0,0.0,1.0,0.0,53.0,46.0,4.6,29.24
0.0,0.0,0.0,1.0,7.0,72.0,61.0,6.1,33.93
0.0,0.0,1.0,0.0,3.0,21.0,79.0,7.9,20.85
0.0,0.0,0.0,1.0,0.0,35.0,52.0,5.2,27.06
0.0,0.0,0.0,1.0,0.0,66.0,80.0,8.0,27.59
0.0,0.0,1.0,0.0,0.0,0.0,60.0,6.0,22.07
0.0,0.0,1.0,0.0,7.0,44.0,38.0,3.8,21.95
1.0,0.0,0.0,0.0,0.0,44.0,49.0,4.9,23.41
0.0,0.0,1.0,0.0,6.0,28.0,41.0,4.1,23.1
0.0,1.0,0.0,0.0,0.0,16.0,40.0,4.0,21.18
0.0,1.0,0.0,0.0,8.0,45.0,44.0,4.4,20.73
1.0,0.0,0.0,0.0,0.0,26.0,24.0,2.4,23.04
0.0,0.0,0.0,1.0,10.0,55.0,66.0,6.6,23.74
0.0,0.0,1.0,0.0,28.0,40.0,43.0,4.3,19.47
1.0,0.0,0.0,0.0,0.0,27.0,43.0,4.3,18.3
1.0,0.0,0.0,0.0,10.0,52.0,63.0,6.3,36.19
0.0,0.0,0.0,1.0,0.0,51.0,80.0,8.0,13.09
1.0,0.0,0.0,0.0,0.0,3.0,27.0,2.7,14.15
0.0,0.0,1.0,0.0,0.0,0.0,68.0,6.8,10.81
0.0,0.0,1.0,0.0,0.0,24.0,46.0,4.6,19.98
1.0,0.0,0.0,0.0,4.0,23.0,54.0,5.4,27.44
0.0,0.0,1.0,0.0,12.0,29.0,43.0,4.3,10.81
0.0,1.0,0.0,0.0,0.0,12.0,50.0,5.0,13.36
0.0,0.0,1.0,0.0,0.0,23.0,61.0,6.1,13.43
0.0,0.0,0.0,1.0,5.0,38.0,66.0,6.6,12.24
0.0,1.0,0.0,0.0,0.0,22.0,24.0,2.4,19.75
0.0,0.0,0.0,1.0,0.0,6.0,72.0,7.2,17.62
0.0,1.0,0.0,0.0,10.0,15.0,50.0,5.0,23.18
0.0,0.0,0.0,1.0,0.0,11.0,69.0,6.9,19.12
0.0,0.0,1.0,0.0,0.0,57.0,57.0,5.7,30.61
0.0,0.0,1.0,0.0,0.0,43.0,44.0,4.4,11.5
1.0,0.0,0.0,0.0,0.0,30.0,41.0,4.1,28.2
0.0,1.0,0.0,0.0,14.0,20.0,46.0,4.6,30.43
1.0,0.0,0.0,0.0,10.0,15.0,38.0,3.8,27.03
1.0,0.0,0.0,0.0,8.0,4.0,64.0,6.4,20.17
1.0,0.0,0.0,0.0,0.0,78.0,64.0,6.4,30.59
1.0,0.0,0.0,0.0,0.0,53.0,45.0,4.5,27.22
0.0,0.0,0.0,1.0,1.0,44.0,65.0,6.5,21.51
0.0,1.0,0.0,0.0,0.0,17.0,32.0,3.2,20.81
0.0,0.0,0.0,1.0,0.0,57.0,36.0,3.6,13.47
0.0,0.0,0.0,1.0,0.0,41.0,46.0,4.6,23.43
0.0,1.0,0.0,0.0,0.0,42.0,42.0,4.2,27.55
0.0,0.0,0.0,1.0,1.0,48.0,55.0,5.5,14.71
0.0,0.0,0.0,1.0,20.0,78.0,70.0,7.0,16.54
0.0,1.0,0.0,0.0,8.0,32.0,24.0,2.4,23.88
1.0,0.0,0.0,0.0,0.0,30.0,51.0,5.1,27.2
1.0,0.0,0.0,0.0,7.0,53.0,46.0,4.6,17.76
0.0,0.0,0.0,1.0,0.0,26.0,74.0,7.4,24.24
1.0,0.0,0.0,0.0,5.0,75.0,57.0,5.7,29.91
0.0,0.0,0.0,1.0,0.0,50.0,30.0,3.0,23.3
1.0,0.0,0.0,0.0,0.0,43.0,32.0,3.2,21.84
0.0,1.0,0.0,0.0,9.0,73.0,45.0,4.5,26.22
1.0,0.0,0.0,0.0,0.0,20.0,57.0,5.7,19.37
0.0,0.0,0.0,1.0,16.0,59.0,62.0,6.2,26.11
0.0,1.0,0.0,0.0,0.0,38.0,26.0,2.6,11.58
0.0,1.0,0.0,0.0,14.0,29.0,56.0,5.6,17.02
0.0,1.0,0.0,0.0,0.0,0.0,45.0,4.5,24.4
0.0,0.0,0.0,1.0,0.0,33.0,54.0,5.4,20.7
1.0,0.0,0.0,0.0,2.0,66.0,41.0,4.1,23.34
1.0,0.0,0.0,0.0,0.0,83.0,47.0,4.7,15.32
1.0,0.0,0.0,0.0,3.0,32.0,31.0,3.1,18.71
0.0,1.0,0.0,0.0,0.0,27.0,34.0,3.4,12.88
0.0,0.0,1.0,0.0,15.0,38.0,39.0,3.9,23.15
0.0,0.0,1.0,0.0,0.0,0.0,67.0,6.7,22.93
0.0,0.0,1.0,0.0,1.0,34.0,57.0,5.7,13.68
0.0,0.0,0.0,1.0,0.0,79.0,55.0,5.5,24.07
0.0,0.0,0.0,1.0,6.0,54.0,68.0,6.8,30.96
0.0,1.0,0.0,0.0,12.0,1.0,52.0,5.2,8.75
0.0,1.0,0.0,0.0,0.0,19.0,25.0,2.5,27.0
0.0,0.0,0.0,1.0,2.0,34.0,68.0,6.8,21.51
0.0,0.0,1.0,0.0,0.0,0.0,53.0,5.3,8.96
1.0,0.0,0.0,0.0,12.0,42.0,56.0,5.6,17.62
0.0,0.0,0.0,1.0,3.0,30.0,73.0,7.3,24.77
1.0,0.0,0.0,0.0,24.0,65.0,48.0,4.8,23.15
0.0,0.0,1.0,0.0,0.0,3.0,50.0,5.0,14.58
0.0,0.0,1.0,0.0,2.0,44.0,55.0,5.5,12.07
0.0,1.0,0.0,0.0,0.0,42.0,34.0,3.4,25.56
0.0,1.0,0.0,0.0,16.0,6.0,17.0,1.7,18.47
0.0,1.0,0.0,0.0,30.0,12.0,32.0,3.2,15.25
0.0,1.0,0.0,0.0,12.0,37.0,23.0,2.3,15.52
0.0,1.0,0.0,0.0,11.0,64.0,47.0,4.7,13.04
1.0,0.0,0.0,0.0,0.0,17.0,24.0,2.4,18.46
0.0,1.0,0.0,0.0,1.0,17.0,49.0,4.9,22.33
0.0,0.0,1.0,0.0,0.0,31.0,73.0,7.3,12.3
0.0,0.0,1.0,0.0,13.0,51.0,73.0,7.3,33.47
0.0,1.0,0.0,0.0,46.0,14.0,35.0,3.5,16.89
1.0,0.0,0.0,0.0,0.0,60.0,63.0,6.3,16.76
0.0,0.0,0.0,1.0,2.0,30.0,68.0,6.8,18.97
0.0,0.0,0.0,1.0,0.0,7.0,49.0,4.9,14.98
0.0,0.0,1.0,0.0,7.0,27.0,76.0,7.6,27.43
0.0,0.0,0.0,1.0,3.0,51.0,58.0,5.8,22.72
1.0,0.0,0.0,0.0,21.0,10.0,67.0,6.7,17.94
0.0,1.0,0.0,0.0,4.0,23.0,41.0,4.1,25.59
0.0,0.0,1.0,0.0,1.0,47.0,19.0,1.9,20.0
0.0,0.0,1.0,0.0,0.0,0.0,42.0,4.2,20.07
0.0,0.0,0.0,1.0,0.0,56.0,58.0,5.8,18.03
0.0,0.0,1.0,0.0,15.0,15.0,64.0,6.4,14.59
1.0,0.0,0.0,0.0,0.0,76.0,50.0,5.0,30.76
1.0,0.0,0.0,0.0,6.0,54.0,24.0,2.4,26.08
0.0,1.0,0.0,0.0,0.0,59.0,47.0,4.7,14.4
0.0,1.0,0.0,0.0,0.0,52.0,39.0,3.9,26.33
0.0,1.0,0.0,0.0,0.0,50.0,37.0,3.7,22.16
0.0,0.0,0.0,1.0,0.0,24.0,73.0,7.3,13.63
0.0,0.0,1.0,0.0,10.0,16.0,57.0,5.7,21.07
1.0,0.0,0.0,0.0,11.0,22.0,27.0,2.7,16.67
0.0,1.0,0.0,0.0,5.0,20.0,25.0,2.5,13.08
0.0,1.0,0.0,0.0,0.0,29.0,43.0,4.3,15.35
0.0,0.0,1.0,0.0,1.0,44.0,32.0,3.2,22.81
0.0,1.0,0.0,0.0,0.0,7.0,33.0,3.3,14.79
1.0,0.0,0.0,0.0,21.0,50.0,63.0,6.3,21.56
0.0,1.0,0.0,0.0,0.0,0.0,33.0,3.3,11.09
1.0,0.0,0.0,0.0,3.0,37.0,57.0,5.7,14.6
0.0,0.0,0.0,1.0,0.0,0.0,44.0,4.4,20.45
0.0,0.0,0.0,1.0,9.0,28.0,73.0,7.3,16.4
0.0,1.0,0.0,0.0,0.0,10.0,37.0,3.7,21.84
0.0,0.0,1.0,0.0,0.0,42.0,65.0,6.5,19.63
0.0,0.0,1.0,0.0,4.0,66.0,46.0,4.6,32.3
1.0,0.0,0.0,0.0,0.0,45.0,69.0,6.9,28.55
1.0,0.0,0.0,0.0,4.0,48.0,70.0,7.0,24.31
0.0,0.0,0.0,1.0,2.0,42.0,56.0,5.6,14.34
0.0,1.0,0.0,0.0,2.0,38.0,29.0,2.9,19.28
0.0,0.0,0.0,1.0,0.0,43.0,70.0,7.0,24.14
1.0,0.0,0.0,0.0,0.0,0.0,45.0,4.5,15.87
0.0,1.0,0.0,0.0,1.0,50.0,41.0,4.1,23.56
0.0,0.0,1.0,0.0,0.0,15.0,74.0,7.4,20.86
0.0,0.0,1.0,0.0,18.0,20.0,69.0,6.9,29.28
0.0,0.0,1.0,0.0,12.0,62.0,71.0,7.1,28.8
0.0,0.0,1.0,0.0,0.0,44.0,49.0,4.9,17.55
0.0,0.0,0.0,1.0,0.0,19.0,68.0,6.8,21.74
0.0,0.0,0.0,1.0,0.0,12.0,74.0,7.4,19.57
0.0,0.0,0.0,1.0,24.0,93.0,83.0,8.3,20.37
0.0,0.0,1.0,0.0,10.0,20.0,50.0,5.0,21.54
0.0,1.0,0.0,0.0,0.0,0.0,33.0,3.3,20.88
1.0,0.0,0.0,0.0,0.0,28.0,56.0,5.6,22.16
0.0,1.0,0.0,0.0,0.0,16.0,51.0,5.1,29.22
0.0,0.0,1.0,0.0,0.0,34.0,31.0,3.1,22.71
0.0,1.0,0.0,0.0,0.0,26.0,39.0,3.9,21.54
0.0,0.0,1.0,0.0,0.0,22.0,59.0,5.9,20.92
0.0,1.0,0.0,0.0,0.0,29.0,35.0,3.5,12.69
0.0,0.0,1.0,0.0,6.0,31.0,85.0,8.5,13.25
0.0,1.0,0.0,0.0,10.0,72.0,40.0,4.0,29.6
1.0,0.0,0.0,0.0,0.0,50.0,78.0,7.8,22.45
0.0,1.0,0.0,0.0,0.0,27.0,21.0,2.1,23.9
0.0,0.0,0.0,1.0,9.0,24.0,73.0,7.3,30.4
1.0,0.0,0.0,0.0,22.0,4.0,55.0,5.5,13.73
0.0,0.0,1.0,0.0,0.0,11.0,38.0,3.8,11.08
0.0,1.0,0.0,0.0,4.0,64.0,49.0,4.9,35.53
0.0,0.0,0.0,1.0,4.0,55.0,84.0,8.4,21.46
1.0,0.0,0.0,0.0,0.0,35.0,52.0,5.2,18.9
1.0,0.0,0.0,0.0,1.0,24.0,79.0,7.9,24.61
1.0,0.0,0.0,0.0,0.0,39.0,59.0,5.9,21.64
0.0,1.0,0.0,0.0,10.0,36.0,52.0,5.2,21.85
0.0,0.0,1.0,0.0,26.0,24.0,27.0,2.7,26.33
0.0,1.0,0.0,0.0,1.0,47.0,44.0,4.4,24.7
0.0,0.0,1.0,0.0,5.0,67.0,54.0,5.4,27.35
0.0,0.0,0.0,1.0,0.0,48.0,68.0,6.8,12.72
1.0,0.0,0.0,0.0,0.0,7.0,55.0,5.5,11.44
0.0,0.0,0.0,1.0,7.0,45.0,59.0,5.9,20.24
0.0,0.0,1.0,0.0,0.0,2.0,65.0,6.5,14.51
1.0,0.0,0.0,0.0,16.0,6.0,50.0,5.0,11.36
0.0,0.0,0.0,1.0,0.0,58.0,88.0,8.8,15.56
0.0,0.0,0.0,1.0,0.0,0.0,57.0,5.7,22.93
0.0,0.0,1.0,0.0,0.0,15.0,73.0,7.3,19.42
0.0,1.0,0.0,0.0,4.0,16.0,35.0,3.5,26.86
1.0,0.0,0.0,0.0,0.0,12.0,29.0,2.9,22.69
0.0,0.0,0.0,1.0,3.0,0.0,49.0,4.9,10.08
0.0,1.0,0.0,0.0,6.0,61.0,26.0,2.6,27.27
1.0,0.0,0.0,0.0,10.0,83.0,56.0,5.6,32.46
0.0,0.0,0.0,1.0,3.0,28.0,64.0,6.4,11.02
0.0,0.0,0.0,1.0,0.0,85.0,61.0,6.1,23.39
0.0,1.0,0.0,0.0,9.0,52.0,32.0,3.2,19.84
1.0,0.0,0.0,0.0,7.0,48.0,50.0,5.0,22.2
0.0,0.0,1.0,0.0,11.0,1.0,53.0,5.3,18.96
0.0,0.0,0.0,1.0,14.0,58.0,86.0,8.6,14.59
0.0,1.0,0.0,0.0,0.0,35.0,19.0,1.9,21.47
0.0,1.0,0.0,0.0,7.0,35.0,43.0,4.3,27.42
1.0,0.0,0.0,0.0,0.0,42.0,37.0,3.7,22.32
0.0,1.0,0.0,0.0,3.0,80.0,37.0,3.7,24.38
0.0,0.0,0.0,1.0,0.0,0.0,65.0,6.5,18.45
0.0,0.0,1.0,0.0,1.0,54.0,53.0,5.3,19.6
0.0,0.0,1.0,0.0,0.0,42.0,64.0,6.4,22.83
0.0,0.0,1.0,0.0,7.0,48.0,74.0,7.4,17.65
0.0,1.0,0.0,0.0,0.0,8.0,47.0,4.7,12.06
0.0,0.0,0.0,1.0,5.0,10.0,45.0,4.5,18.49
1.0,0.0,0.0,0.0,1.0,102.0,55.0,5.5,30.45
0.0,1.0,0.0,0.0,13.0,36.0,36.0,3.6,14.83
0.0,1.0,0.0,0.0,4.0,45.0,40.0,4.0,12.68
0.0,0.0,1.0,0.0,5.0,30.0,35.0,3.5,22.11
0.0,0.0,1.0,0.0,0.0,0.0,75.0,7.5,10.83
0.0,0.0,0.0,1.0,11.0,44.0,47.0,4.7,15.53
0.0,0.0,1.0,0.0,0.0,10.0,53.0,5.3,11.6
0.0,0.0,1.0,0.0,4.0,63.0,68.0,6.8,23.84
0.0,0.0,0.0,1.0,3.0,50.0,34.0,3.4,25.06
0.0,1.0,0.0,0.0,9.0,37.0,55.0,5.5,25.0
0.0,0.0,0.0,1.0,0.0,31.0,56.0,5.6,19.25
0.0,0.0,0.0,1.0,13.0,67.0,68.0,6.8,16.26
0.0,0.0,1.0,0.0,13.0,72.0,84.0,8.4,22.42
0.0,1.0,0.0,0.0,0.0,0.0,40.0,4.0,16.82
0.0,1.0,0.0,0.0,10.0,11.0,43.0,4.3,22.42
0.0,0.0,0.0,1.0,0.0,52.0,61.0,6.1,25.84
0.0,0.0,0.0,1.0,3.0,61.0,57.0,5.7,33.93
0.0,0.0,0.0,1.0,3.0,4.0,67.0,6.7,15.91
0.0,0.0,1.0,0.0,15.0,7.0,67.0,6.7,19.85
1.0,0.0,0.0,0.0,1.0,13.0,48.0,4.8,24.65
1.0,0.0,0.0,0.0,9.0,17.0,77.0,7.7,20.49
0.0,1.0,0.0,0.0,0.0,0.0,24.0,2.4,21.96
0.0,1.0,0.0,0.0,9.0,18.0,51.0,5.1,24.35
1.0,0.0,0.0,0.0,0.0,15.0,32.0,3.2,24.16
0.0,0.0,0.0,1.0,0.0,0.0,65.0,6.5,18.4
1.0,0.0,0.0,0.0,5.0,30.0,58.0,5.8,22.95
1.0,0.0,0.0,0.0,9.0,66.0,55.0,5.5,25.35
0.0,0.0,1.0,0.0,0.0,0.0,56.0,5.6,19.29
0.0,0.0,0.0,1.0,19.0,59.0,83.0,8.3,28.23
0.0,0.0,1.0,0.0,0.0,14.0,45.0,4.5,13.51
0.0,0.0,1.0,0.0,0.0,17.0,41.0,4.1,18.15
1.0,0.0,0.0,0.0,15.0,31.0,30.0,3.0,24.5
1.0,0.0,0.0,0.0,0.0,72.0,47.0,4.7,29.77
0.0,0.0,0.0,1.0,12.0,52.0,73.0,7.3,27.79
1.0,0.0,0.0,0.0,0.0,46.0,63.0,6.3,12.22
0.0,1.0,0.0,0.0,0.0,31.0,25.0,2.5,22.8
1.0,0.0,0.0,0.0,10.0,20.0,38.0,3.8,24.76
0.0,0.0,0.0,1.0,0.0,7.0,64.0,6.4,14.69
0.0,0.0,1.0,0.0,0.0,1.0,69.0,6.9,19.88
1.0,0.0,0.0,0.0,15.0,51.0,57.0,5.7,32.77
0.0,0.0,0.0,1.0,19.0,71.0,73.0,7.3,17.4
1.0,0.0,0.0,0.0,0.0,59.0,54.0,5.4,34.19
0.0,0.0,0.0,1.0,0.0,31.0,61.0,6.1,21.02
1.0,0.0,0.0,0.0,0.0,42.0,47.0,4.7,14.38
0.0,0.0,0.0,1.0,12.0,32.0,76.0,7.6,12.82
1.0,0.0,0.0,0.0,0.0,39.0,57.0,5.7,22.7
0.0,1.0,0.0,0.0,0.0,6.0,45.0,4.5,19.56
0.0,0.0,1.0,0.0,5.0,74.0,48.0,4.8,26.48
0.0,0.0,0.0,1.0,0.0,50.0,75.0,7.5,20.92
0.0,0.0,1.0,0.0,0.0,30.0,69.0,6.9,23.33
1.0,0.0,0.0,0.0,15.0,18.0,52.0,5.2,21.29
1.0,0.0,0.0,0.0,11.0,28.0,44.0,4.4,25.5
0.0,1.0,0.0,0.0,0.0,18.0,60.0,6.0,11.0
1.0,0.0,0.0,0.0,0.0,90.0,59.0,5.9,27.31
0.0,1.0,0.0,0.0,19.0,94.0,32.0,3.2,30.19
1.0,0.0,0.0,0.0,0.0,61.0,43.0,4.3,33.14
1.0,0.0,0.0,0.0,0.0,10.0,46.0,4.6,27.3
0.0,0.0,1.0,0.0,6.0,47.0,72.0,7.2,27.19
1.0,0.0,0.0,0.0,0.0,55.0,43.0,4.3,18.4
0.0,1.0,0.0,0.0,0.0,27.0,37.0,3.7,27.84
0.0,0.0,0.0,1.0,6.0,59.0,62.0,6.2,24.74
0.0,1.0,0.0,0.0,6.0,20.0,38.0,3.8,25.71
0.0,1.0,0.0,0.0,0.0,29.0,32.0,3.2,12.78
0.0,0.0,1.0,0.0,0.0,10.0,40.0,4.0,23.52
0.0,1.0,0.0,0.0,0.0,0.0,10.0,1.0,14.0
0.0,0.0,0.0,1.0,18.0,43.0,69.0,6.9,16.94
1.0,0.0,0.0,0.0,8.0,42.0,48.0,4.8,20.65
1.0,0.0,0.0,0.0,0.0,60.0,58.0,5.8,15.24
0.0,0.0,1.0,0.0,0.0,1.0,68.0,6.8,13.32
0.0,1.0,0.0,0.0,0.0,1.0,41.0,4.1,15.78
0.0,0.0,1.0,0.0,2.0,38.0,51.0,5.1,25.39
0.0,1.0,0.0,0.0,0.0,6.0,41.0,4.1,21.85
0.0,1.0,0.0,0.0,11.0,119.0,20.0,2.0,32.2
0.0,0.0,0.0,1.0,0.0,18.0,64.0,6.4,21.58
0.0,1.0,0.0,0.0,0.0,50.0,43.0,4.3,19.51
0.0,0.0,0.0,1.0,0.0,24.0,75.0,7.5,18.28
0.0,0.0,1.0,0.0,0.0,19.0,26.0,2.6,19.0
0.0,0.0,1.0,0.0,2.0,56.0,40.0,4.0,23.93
0.0,0.0,1.0,0.0,2.0,68.0,56.0,5.6,20.41
0.0,0.0,0.0,1.0,0.0,90.0,78.0,7.8,30.08
0.0,0.0,0.0,1.0,6.0,37.0,60.0,6.0,17.6
0.0,0.0,0.0,1.0,1.0,21.0,54.0,5.4,27.72
0.0,1.0,0.0,0.0,0.0,36.0,39.0,3.9,27.15
0.0,0.0,1.0,0.0,0.0,63.0,68.0,6.8,19.65
0.0,1.0,0.0,0.0,0.0,30.0,42.0,4.2,15.29
0.0,0.0,0.0,1.0,3.0,54.0,85.0,8.5,27.34
0.0,1.0,0.0,0.0,9.0,33.0,41.0,4.1,22.0
0.0,0.0,0.0,1.0,0.0,12.0,62.0,6.2,22.69
1.0,0.0,0.0,0.0,0.0,15.0,58.0,5.8,27.17
0.0,0.0,0.0,1.0,5.0,21.0,43.0,4.3,10.86
1.0,0.0,0.0,0.0,0.0,85.0,64.0,6.4,34.84
0.0,1.0,0.0,0.0,0.0,9.0,45.0,4.5,16.69
0.0,0.0,0.0,1.0,0.0,51.0,73.0,7.3,15.56
0.0,0.0,1.0,0.0,6.0,31.0,34.0,3.4,16.65
0.0,0.0,1.0,0.0,0.0,37.0,68.0,6.8,11.62
0.0,0.0,0.0,1.0,4.0,35.0,43.0,4.3,11.23
1.0,0.0,0.0,0.0,0.0,40.0,57.0,5.7,23.05
0.0,0.0,1.0,0.0,0.0,0.0,64.0,6.4,19.19
0.0,0.0,0.0,1.0,17.0,33.0,56.0,5.6,24.7
0.0,0.0,1.0,0.0,8.0,70.0,52.0,5.2,21.37
0.0,0.0,1.0,0.0,0.0,54.0,71.0,7.1,24.62
1.0,0.0,0.0,0.0,0.0,33.0,63.0,6.3,17.71
0.0,0.0,1.0,0.0,0.0,4.0,79.0,7.9,8.97
0.0,1.0,0.0,0.0,5.0,31.0,23.0,2.3,30.91
0.0,0.0,1.0,0.0,0.0,72.0,61.0,6.1,25.34
1.0,0.0,0.0,0.0,16.0,46.0,34.0,3.4,22.76
0.0,0.0,1.0,0.0,8.0,49.0,76.0,7.6,14.36
0.0,0.0,1.0,0.0,8.0,101.0,46.0,4.6,13.15
1.0,0.0,0.0,0.0,0.0,28.0,60.0,6.0,24.0
1.0,0.0,0.0,0.0,0.0,26.0,71.0,7.1,19.35
0.0,0.0,1.0,0.0,10.0,53.0,62.0,6.2,23.63
1.0,0.0,0.0,0.0,20.0,22.0,35.0,3.5,11.06
0.0,0.0,1.0,0.0,0.0,47.0,52.0,5.2,22.63
0.0,0.0,1.0,0.0,0.0,36.0,36.0,3.6,28.56
1.0,0.0,0.0,0.0,2.0,61.0,64.0,6.4,31.33
0.0,0.0,1.0,0.0,0.0,4.0,58.0,5.8,17.19
0.0,0.0,0.0,1.0,16.0,41.0,61.0,6.1,19.11
0.0,0.0,0.0,1.0,0.0,27.0,43.0,4.3,21.63
1.0,0.0,0.0,0.0,0.0,78.0,19.0,1.9,37.11
0.0,0.0,0.0,1.0,15.0,75.0,71.0,7.1,30.72
0.0,1.0,0.0,0.0,3.0,30.0,41.0,4.1,23.02
0.0,0.0,0.0,1.0,0.0,49.0,58.0,5.8,12.74
0.0,0.0,0.0,1.0,0.0,39.0,44.0,4.4,21.66
0.0,1.0,0.0,0.0,0.0,2.0,29.0,2.9,19.03
0.0,0.0,0.0,1.0,12.0,7.0,54.0,5.4,18.17
1.0,0.0,0.0,0.0,0.0,10.0,26.0,2.6,25.12
0.0,1.0,0.0,0.0,0.0,12.0,37.0,3.7,28.05
1.0,0.0,0.0,0.0,7.0,40.0,56.0,5.6,16.64
1.0,0.0,0.0,0.0,0.0,47.0,65.0,6.5,22.23
0.0,0.0,0.0,1.0,5.0,58.0,69.0,6.9,28.87
0.0,0.0,0.0,1.0,0.0,3.0,70.0,7.0,18.3
0.0,1.0,0.0,0.0,0.0,24.0,45.0,4.5,24.78
0.0,0.0,0.0,1.0,7.0,36.0,43.0,4.3,23.74
0.0,0.0,1.0,0.0,20.0,65.0,57.0,5.7,24.37
0.0,0.0,0.0,1.0,0.0,23.0,62.0,6.2,14.48
1.0,0.0,0.0,0.0,0.0,23.0,50.0,5.0,27.22
0.0,0.0,0.0,1.0,0.0,75.0,75.0,7.5,36.67
0.0,0.0,1.0,0.0,0.0,13.0,67.0,6.7,30.07
0.0,0.0,0.0,1.0,2.0,14.0,73.0,7.3,19.9
0.0,0.0,1.0,0.0,7.0,22.0,72.0,7.2,20.1
0.0,0.0,1.0,0.0,8.0,59.0,44.0,4.4,16.07
0.0,0.0,1.0,0.0,5.0,15.0,42.0,4.2,20.83
0.0,0.0,1.0,0.0,0.0,8.0,105.0,10.5,21.91
0.0,0.0,0.0,1.0,0.0,22.0,67.0,6.7,16.85
0.0,1.0,0.0,0.0,14.0,26.0,29.0,2.9,27.24
1.0,0.0,0.0,0.0,17.0,16.0,26.0,2.6,20.15
0.0,0.0,1.0,0.0,0.0,0.0,81.0,8.1,21.11
0.0,1.0,0.0,0.0,0.0,6.0,45.0,4.5,9.53
0.0,1.0,0.0,0.0,3.0,104.0,42.0,4.2,20.57
0.0,0.0,0.0,1.0,9.0,51.0,58.0,5.8,13.9
0.0,0.0,0.0,1.0,5.0,26.0,63.0,6.3,29.06
0.0,1.0,0.0,0.0,18.0,28.0,41.0,4.1,21.68
0.0,0.0,0.0,1.0,0.0,45.0,60.0,6.0,27.23
0.0,1.0,0.0,0.0,0.0,30.0,36.0,3.6,22.86
0.0,0.0,0.0,1.0,0.0,10.0,81.0,8.1,25.96
1.0,0.0,0.0,0.0,28.0,72.0,39.0,3.9,25.74
0.0,0.0,0.0,1.0,0.0,17.0,66.0,6.6,13.86
0.0,0.0,0.0,1.0,0.0,27.0,50.0,5.0,25.36
0.0,0.0,1.0,0.0,5.0,53.0,59.0,5.9,34.93
1.0,0.0,0.0,0.0,14.0,51.0,36.0,3.6,22.67
0.0,1.0,0.0,0.0,7.0,34.0,30.0,3.0,15.03
1.0,0.0,0.0,0.0,0.0,3.0,55.0,5.5,19.27
1.0,0.0,0.0,0.0,1.0,48.0,57.0,5.7,24.07
0.0,1.0,0.0,0.0,6.0,55.0,45.0,4.5,28.29
0.0,0.0,0.0,1.0,0.0,19.0,59.0,5.9,26.07
1.0,0.0,0.0,0.0,0.0,3.0,33.0,3.3,18.3
0.0,0.0,1.0,0.0,1.0,28.0,31.0,3.1,18.19
0.0,0.0,0.0,1.0,0.0,0.0,60.0,6.0,15.37
0.0,1.0,0.0,0.0,0.0,29.0,45.0,4.5,22.51
0.0,0.0,1.0,0.0,4.0,83.0,72.0,7.2,20.11
0.0,1.0,0.0,0.0,9.0,51.0,44.0,4.4,15.68
0.0,0.0,1.0,0.0,0.0,53.0,51.0,5.1,14.73
1.0,0.0,0.0,0.0,0.0,31.0,46.0,4.6,18.17
0.0,0.0,1.0,0.0,42.0,3.0,36.0,3.6,15.25
0.0,1.0,0.0,0.0,0.0,0.0,49.0,4.9,15.65
1.0,0.0,0.0,0.0,0.0,78.0,41.0,4.1,17.73
0.0,0.0,1.0,0.0,0.0,47.0,59.0,5.9,18.95
0.0,0.0,0.0,1.0,5.0,48.0,54.0,5.4,27.98
0.0,1.0,0.0,0.0,1.0,30.0,45.0,4.5,28.2
0.0,0.0,0.0,1.0,0.0,8.0,72.0,7.2,21.06
0.0,0.0,0.0,1.0,0.0,61.0,72.0,7.2,14.06
1.0,0.0,0.0,0.0,0.0,5.0,60.0,6.0,21.25
0.0,0.0,1.0,0.0,3.0,37.0,46.0,4.6,23.46
1.0,0.0,0.0,0.0,0.0,22.0,40.0,4.0,18.05
0.0,0.0,1.0,0.0,1.0,75.0,80.0,8.0,22.35
1.0,0.0,0.0,0.0,0.0,34.0,58.0,5.8,24.52
1.0,0.0,0.0,0.0,4.0,14.0,50.0,5.0,21.4
0.0,1.0,0.0,0.0,22.0,112.0,44.0,4.4,20.27
0.0,0.0,1.0,0.0,0.0,59.0,54.0,5.4,28.09
1.0,0.0,0.0,0.0,0.0,47.0,66.0,6.6,24.53
0.0,0.0,1.0,0.0,16.0,27.0,61.0,6.1,12.08
1.0,0.0,0.0,0.0,0.0,4.0,51.0,5.1,14.82
0.0,0.0,1.0,0.0,6.0,26.0,49.0,4.9,21.24
0.0,1.0,0.0,0.0,0.0,37.0,34.0,3.4,26.5
0.0,0.0,1.0,0.0,0.0,31.0,68.0,6.8,20.07
0.0,1.0,0.0,0.0,7.0,83.0,51.0,5.1,25.33
1.0,0.0,0.0,0.0,0.0,12.0,57.0,5.7,23.33
0.0,0.0,1.0,0.0,0.0,7.0,57.0,5.7,22.23
0.0,1.0,0.0,0.0,7.0,71.0,49.0,4.9,28.24
1.0,0.0,0.0,0.0,1.0,0.0,62.0,6.2,22.85
0.0,1.0,0.0,0.0,13.0,51.0,46.0,4.6,13.26
0.0,1.0,0.0,0.0,18.0,27.0,41.0,4.1,27.68
0.0,1.0,0.0,0.0,7.0,40.0,38.0,3.8,26.92
0.0,1.0,0.0,0.0,14.0,37.0,30.0,3.0,21.43
0.0,1.0,0.0,0.0,0.0,28.0,36.0,3.6,18.69
0.0,0.0,0.0,1.0,0.0,0.0,78.0,7.8,19.0
1.0,0.0,0.0,0.0,15.0,26.0,54.0,5.4,28.56
0.0,0.0,1.0,0.0,0.0,37.0,55.0,5.5,13.75
0.0,0.0,0.0,1.0,0.0,24.0,58.0,5.8,13.79
0.0,0.0,0.0,1.0,0.0,87.0,48.0,4.8,18.06
0.0,0.0,0.0,1.0,0.0,28.0,62.0,6.2,25.56
0.0,0.0,0.0,1.0,0.0,12.0,71.0,7.1,22.86
0.0,1.0,0.0,0.0,0.0,59.0,42.0,4.2,24.88
0.0,0.0,0.0,1.0,2.0,81.0,57.0,5.7,27.23
0.0,1.0,0.0,0.0,0.0,0.0,39.0,3.9,24.1
1.0,0.0,0.0,0.0,0.0,6.0,34.0,3.4,16.88
0.0,0.0,0.0,1.0,0.0,31.0,54.0,5.4,14.17
1.0,0.0,0.0,0.0,5.0,0.0,36.0,3.6,15.78
0.0,0.0,1.0,0.0,7.0,77.0,44.0,4.4,36.66
0.0,0.0,0.0,1.0,0.0,0.0,61.0,6.1,16.66
0.0,0.0,1.0,0.0,13.0,66.0,32.0,3.2,13.59
0.0,0.0,0.0,1.0,0.0,51.0,88.0,8.8,30.11
0.0,1.0,0.0,0.0,0.0,8.0,52.0,5.2,8.88
0.0,1.0,0.0,0.0,0.0,40.0,52.0,5.2,27.6
0.0,1.0,0.0,0.0,8.0,57.0,41.0,4.1,24.07
0.0,0.0,0.0,1.0,0.0,4.0,43.0,4.3,17.56
1.0,0.0,0.0,0.0,0.0,48.0,37.0,3.7,23.03
1.0,0.0,0.0,0.0,7.0,82.0,47.0,4.7,14.55
1.0,0.0,0.0,0.0,0.0,23.0,61.0,6.1,25.56
0.0,0.0,0.0,1.0,0.0,11.0,70.0,7.0,14.87
0.0,0.0,1.0,0.0,0.0,49.0,78.0,7.8,19.94
0.0,0.0,0.0,1.0,20.0,59.0,76.0,7.6,30.11
0.0,0.0,0.0,1.0,0.0,11.0,80.0,8.0,24.39
0.0,0.0,1.0,0.0,0.0,26.0,56.0,5.6,12.73
1.0,0.0,0.0,0.0,37.0,19.0,39.0,3.9,9.87
0.0,0.0,0.0,1.0,0.0,5.0,83.0,8.3,20.4
1.0,0.0,0.0,0.0,0.0,37.0,50.0,5.0,21.28
0.0,0.0,1.0,0.0,0.0,0.0,64.0,6.4,9.0
0.0,0.0,0.0,1.0,8.0,6.0,69.0,6.9,17.88
0.0,0.0,0.0,1.0,9.0,47.0,46.0,4.6,22.76
0.0,0.0,0.0,1.0,0.0,20.0,65.0,6.5,11.35
0.0,1.0,0.0,0.0,5.0,0.0,43.0,4.3,12.19
1.0,0.0,0.0,0.0,14.0,31.0,44.0,4.4,20.05
1.0,0.0,0.0,0.0,3.0,8.0,42.0,4.2,22.83
0.0,0.0,1.0,0.0,0.0,9.0,54.0,5.4,15.96
0.0,1.0,0.0,0.0,21.0,15.0,47.0,4.7,11.85
0.0,0.0,0.0,1.0,12.0,43.0,68.0,6.8,23.71
1.0,0.0,0.0,0.0,0.0,42.0,62.0,6.2,19.03
1.0,0.0,0.0,0.0,7.0,56.0,21.0,2.1,12.95
1.0,0.0,0.0,0.0,0.0,58.0,52.0,5.2,16.81
0.0,1.0,0.0,0.0,0.0,9.0,49.0,4.9,17.18
0.0,0.0,1.0,0.0,0.0,30.0,51.0,5.1,29.37
1.0,0.0,0.0,0.0,5.0,15.0,20.0,2.0,28.8
0.0,1.0,0.0,0.0,0.0,21.0,39.0,3.9,12.92
1.0,0.0,0.0,0.0,17.0,26.0,43.0,4.3,27.86
0.0,0.0,1.0,0.0,5.0,46.0,70.0,7.0,17.83
0.0,1.0,0.0,0.0,0.0,57.0,34.0,3.4,25.18
0.0,1.0,0.0,0.0,0.0,44.0,40.0,4.0,14.82
0.0,1.0,0.0,0.0,0.0,55.0,37.0,3.7,22.76
0.0,0.0,1.0,0.0,0.0,52.0,74.0,7.4,24.69
0.0,0.0,0.0,1.0,0.0,23.0,78.0,7.8,22.33
0.0,0.0,1.0,0.0,4.0,70.0,43.0,4.3,26.65
1.0,0.0,0.0,0.0,15.0,53.0,42.0,4.2,22.67
0.0,1.0,0.0,0.0,0.0,40.0,54.0,5.4,23.13
0.0,0.0,1.0,0.0,0.0,8.0,40.0,4.0,24.93
1.0,0.0,0.0,0.0,0.0,22.0,40.0,4.0,25.77
0.0,0.0,0.0,1.0,0.0,16.0,57.0,5.7,22.47
1.0,0.0,0.0,0.0,2.0,16.0,19.0,1.9,18.95
0.0,0.0,1.0,0.0,0.0,29.0,65.0,6.5,18.78
0.0,0.0,0.0,1.0,15.0,12.0,54.0,5.4,28.09
0.0,0.0,0.0,1.0,0.0,30.0,61.0,6.1,21.74
0.0,0.0,0.0,1.0,4.0,6.0,60.0,6.0,12.38
0.0,0.0,1.0,0.0,13.0,12.0,36.0,3.6,30.61
0.0,0.0,1.0,0.0,16.0,23.0,69.0,6.9,20.57
0.0,0.0,1.0,0.0,0.0,0.0,85.0,8.5,11.39
1.0,0.0,0.0,0.0,20.0,79.0,50.0,5.0,21.4
1.0,0.0,0.0,0.0,5.0,12.0,48.0,4.8,21.0
1.0,0.0,0.0,0.0,0.0,0.0,22.0,2.2,21.32
0.0,0.0,1.0,0.0,0.0,23.0,55.0,5.5,14.07
0.0,1.0,0.0,0.0,8.0,63.0,44.0,4.4,29.73
0.0,0.0,1.0,0.0,0.0,22.0,64.0,6.4,30.8
0.0,0.0,1.0,0.0,0.0,28.0,52.0,5.2,18.25
0.0,1.0,0.0,0.0,4.0,24.0,50.0,5.0,15.1
0.0,0.0,0.0,1.0,0.0,35.0,72.0,7.2,24.82
1.0,0.0,0.0,0.0,0.0,44.0,27.0,2.7,15.0
1.0,0.0,0.0,0.0,0.0,33.0,43.0,4.3,25.26
0.0,0.0,1.0,0.0,15.0,12.0,50.0,5.0,22.16
0.0,0.0,1.0,0.0,11.0,31.0,70.0,7.0,22.79
0.0,0.0,0.0,1.0,0.0,60.0,83.0,8.3,21.46
0.0,0.0,0.0,1.0,11.0,1.0,51.0,5.1,18.33
0.0,1.0,0.0,0.0,2.0,49.0,38.0,3.8,24.68
0.0,0.0,0.0,1.0,4.0,24.0,73.0,7.3,26.11
0.0,0.0,0.0,1.0,12.0,92.0,74.0,7.4,25.32
0.0,0.0,1.0,0.0,0.0,31.0,30.0,3.0,19.73
1.0,0.0,0.0,0.0,0.0,15.0,55.0,5.5,22.02
0.0,0.0,1.0,0.0,7.0,43.0,42.0,4.2,25.62
0.0,0.0,1.0,0.0,8.0,51.0,60.0,6.0,26.15
0.0,0.0,1.0,0.0,6.0,37.0,87.0,8.7,11.57
0.0,1.0,0.0,0.0,2.0,54.0,60.0,6.0,20.52
0.0,0.0,0.0,1.0,0.0,60.0,55.0,5.5,13.98
0.0,1.0,0.0,0.0,0.0,58.0,37.0,3.7,27.57
1.0,0.0,0.0,0.0,25.0,50.0,67.0,6.7,15.6
1.0,0.0,0.0,0.0,2.0,62.0,52.0,5.2,29.12
0.0,0.0,0.0,1.0,3.0,0.0,64.0,6.4,18.66
0.0,1.0,0.0,0.0,0.0,52.0,22.0,2.2,30.73
0.0,1.0,0.0,0.0,12.0,29.0,50.0,5.0,26.52
0.0,0.0,1.0,0.0,18.0,3.0,69.0,6.9,18.16
0.0,1.0,0.0,0.0,0.0,15.0,43.0,4.3,25.86
0.0,1.0,0.0,0.0,0.0,39.0,41.0,4.1,24.66
0.0,0.0,1.0,0.0,0.0,36.0,62.0,6.2,10.84
0.0,0.0,1.0,0.0,0.0,15.0,80.0,8.0,23.7
0.0,0.0,0.0,1.0,6.0,16.0,59.0,5.9,11.14
1.0,0.0,0.0,0.0,0.0,29.0,48.0,4.8,23.46
1.0,0.0,0.0,0.0,0.0,69.0,49.0,4.9,36.43
1.0,0.0,0.0,0.0,2.0,68.0,43.0,4.3,28.26
1.0,0.0,0.0,0.0,0.0,42.0,64.0,6.4,26.08
0.0,0.0,1.0,0.0,5.0,10.0,78.0,7.8,14.58
0.0,0.0,1.0,0.0,10.0,0.0,42.0,4.2,18.52
0.0,1.0,0.0,0.0,8.0,25.0,56.0,5.6,15.23
0.0,0.0,1.0,0.0,0.0,34.0,83.0,8.3,23.69
0.0,0.0,0.0,1.0,0.0,15.0,74.0,7.4,10.99
1.0,0.0,0.0,0.0,0.0,22.0,56.0,5.6,25.02
1.0,0.0,0.0,0.0,0.0,21.0,56.0,5.6,24.21
1.0,0.0,0.0,0.0,0.0,39.0,70.0,7.0,28.16
1.0,0.0,0.0,0.0,0.0,36.0,35.0,3.5,28.57
0.0,0.0,1.0,0.0,0.0,20.0,61.0,6.1,14.95
1.0,0.0,0.0,0.0,20.0,51.0,44.0,4.4,34.48
0.0,0.0,0.0,1.0,0.0,28.0,52.0,5.2,28.48
0.0,0.0,1.0,0.0,9.0,17.0,58.0,5.8,22.14
1.0,0.0,0.0,0.0,20.0,54.0,52.0,5.2,28.52
0.0,0.0,1.0,0.0,4.0,37.0,45.0,4.5,23.13
0.0,0.0,0.0,1.0,0.0,15.0,87.0,8.7,17.82
0.0,0.0,1.0,0.0,0.0,17.0,37.0,3.7,18.59
0.0,0.0,1.0,0.0,6.0,47.0,40.0,4.0,23.3
1.0,0.0,0.0,0.0,17.0,59.0,49.0,4.9,15.33
0.0,1.0,0.0,0.0,0.0,30.0,32.0,3.2,11.41
1.0,0.0,0.0,0.0,11.0,64.0,66.0,6.6,22.27
0.0,0.0,0.0,1.0,0.0,8.0,68.0,6.8,16.4
0.0,0.0,0.0,1.0,0.0,19.0,39.0,3.9,25.62
0.0,0.0,0.0,1.0,5.0,32.0,63.0,6.3,21.38
0.0,0.0,1.0,0.0,4.0,17.0,78.0,7.8,20.68
1.0,0.0,0.0,0.0,21.0,35.0,31.0,3.1,20.0
1.0,0.0,0.0,0.0,0.0,33.0,37.0,3.7,25.89
0.0,1.0,0.0,0.0,0.0,72.0,43.0,4.3,29.37
0.0,0.0,0.0,1.0,7.0,34.0,55.0,5.5,21.89
1.0,0.0,0.0,0.0,2.0,26.0,36.0,3.6,27.17
0.0,0.0,1.0,0.0,0.0,15.0,53.0,5.3,18.23
0.0,1.0,0.0,0.0,0.0,0.0,27.0,2.7,19.11
0.0,1.0,0.0,0.0,0.0,3.0,22.0,2.2,21.68
0.0,1.0,0.0,0.0,8.0,44.0,46.0,4.6,22.37
1.0,0.0,0.0,0.0,0.0,57.0,59.0,5.9,29.14
0.0,0.0,1.0,0.0,0.0,62.0,45.0,4.5,26.76
0.0,0.0,1.0,0.0,4.0,0.0,58.0,5.8,16.91
0.0,0.0,1.0,0.0,14.0,22.0,56.0,5.6,26.27
1.0,0.0,0.0,0.0,0.0,24.0,42.0,4.2,28.0
0.0,1.0,0.0,0.0,10.0,6.0,37.0,3.7,20.54
0.0,0.0,1.0,0.0,9.0,5.0,54.0,5.4,22.3
0.0,1.0,0.0,0.0,0.0,47.0,31.0,3.1,12.97
0.0,0.0,0.0,1.0,15.0,10.0,49.0,4.9,14.94
0.0,0.0,1.0,0.0,0.0,57.0,56.0,5.6,25.16
0.0,0.0,1.0,0.0,16.0,14.0,70.0,7.0,28.2
1.0,0.0,0.0,0.0,14.0,2.0,31.0,3.1,18.19
0.0,1.0,0.0,0.0,4.0,57.0,31.0,3.1,27.13
0.0,0.0,0.0,1.0,0.0,12.0,77.0,7.7,26.94
1.0,0.0,0.0,0.0,11.0,37.0,30.0,3.0,27.8
0.0,0.0,0.0,1.0,0.0,51.0,62.0,6.2,15.81
0.0,0.0,0.0,1.0,15.0,15.0,71.0,7.1,24.32
0.0,0.0,1.0,0.0,0.0,20.0,66.0,6.6,21.58
0.0,0.0,0.0,1.0,0.0,31.0,52.0,5.2,10.85
1.0,0.0,0.0,0.0,0.0,66.0,45.0,4.5,30.22
0.0,0.0,0.0,1.0,0.0,31.0,65.0,6.5,23.23
0.0,1.0,0.0,0.0,26.0,58.0,24.0,2.4,12.83
1.0,0.0,0.0,0.0,0.0,92.0,70.0,7.0,33.41
1.0,0.0,0.0,0.0,0.0,5.0,38.0,3.8,20.0
0.0,1.0,0.0,0.0,8.0,50.0,33.0,3.3,22.18
0.0,1.0,0.0,0.0,5.0,46.0,41.0,4.1,22.24
0.0,0.0,0.0,1.0,7.0,13.0,44.0,4.4,12.41
0.0,1.0,0.0,0.0,0.0,24.0,42.0,4.2,21.12
0.0,0.0,1.0,0.0,5.0,41.0,65.0,6.5,23.11
0.0,0.0,0.0,1.0,0.0,54.0,80.0,8.0,25.26
1.0,0.0,0.0,0.0,0.0,15.0,46.0,4.6,22.63
1.0,0.0,0.0,0.0,0.0,15.0,64.0,6.4,22.5
0.0,0.0,0.0,1.0,1.0,35.0,43.0,4.3,24.81
0.0,0.0,1.0,0.0,0.0,15.0,57.0,5.7,19.82
1.0,0.0,0.0,0.0,2.0,35.0,71.0,7.1,22.66
0.0,1.0,0.0,0.0,0.0,20.0,40.0,4.0,27.73
0.0,0.0,1.0,0.0,6.0,14.0,62.0,6.2,18.16
0.0,1.0,0.0,0.0,15.0,26.0,48.0,4.8,26.77
0.0,0.0,0.0,1.0,12.0,29.0,63.0,6.3,22.08
0.0,1.0,0.0,0.0,14.0,47.0,43.0,4.3,23.51
0.0,1.0,0.0,0.0,8.0,63.0,47.0,4.7,13.94
0.0,0.0,0.0,1.0,9.0,56.0,64.0,6.4,29.81
0.0,0.0,1.0,0.0,7.0,39.0,26.0,2.6,21.35
0.0,0.0,0.0,1.0,0.0,0.0,72.0,7.2,9.31
1.0,0.0,0.0,0.0,0.0,0.0,66.0,6.6,17.77
0.0,1.0,0.0,0.0,0.0,105.0,56.0,5.6,27.84
0.0,0.0,0.0,1.0,0.0,42.0,52.0,5.2,27.9
0.0,1.0,0.0,0.0,17.0,32.0,18.0,1.8,23.17
0.0,0.0,0.0,1.0,0.0,2.0,81.0,8.1,9.12
0.0,1.0,0.0,0.0,0.0,40.0,40.0,4.0,30.27
0.0,0.0,0.0,1.0,0.0,43.0,68.0,6.8,14.97
0.0,0.0,1.0,0.0,0.0,39.0,34.0,3.4,12.76
0.0,1.0,0.0,0.0,0.0,24.0,50.0,5.0,19.14
0.0,0.0,0.0,1.0,6.0,55.0,63.0,6.3,30.38
1.0,0.0,0.0,0.0,9.0,72.0,46.0,4.6,29.15
1.0,0.0,0.0,0.0,0.0,39.0,51.0,5.1,20.61
0.0,0.0,1.0,0.0,0.0,44.0,73.0,7.3,27.18
1.0,0.0,0.0,0.0,0.0,61.0,58.0,5.8,34.78
0.0,1.0,0.0,0.0,0.0,16.0,35.0,3.5,17.77
0.0,1.0,0.0,0.0,4.0,71.0,39.0,3.9,13.51
1.0,0.0,0.0,0.0,14.0,37.0,59.0,5.9,28.2
0.0,1.0,0.0,0.0,0.0,11.0,48.0,4.8,23.92
0.0,1.0,0.0,0.0,1.0,45.0,47.0,4.7,12.36
0.0,1.0,0.0,0.0,0.0,61.0,37.0,3.7,24.84
0.0,0.0,0.0,1.0,8.0,21.0,52.0,5.2,19.54
0.0,0.0,0.0,1.0,19.0,54.0,72.0,7.2,27.78
0.0,0.0,1.0,0.0,0.0,51.0,65.0,6.5,25.48
0.0,0.0,1.0,0.0,17.0,60.0,58.0,5.8,24.76
0.0,0.0,0.0,1.0,4.0,34.0,68.0,6.8,20.07
0.0,0.0,0.0,1.0,13.0,48.0,68.0,6.8,12.59
0.0,1.0,0.0,0.0,0.0,23.0,33.0,3.3,15.45
0.0,0.0,0.0,1.0,10.0,82.0,62.0,6.2,33.65
1.0,0.0,0.0,0.0,0.0,78.0,38.0,3.8,31.68
0.0,0.0,1.0,0.0,2.0,105.0,64.0,6.4,26.16
1.0,0.0,0.0,0.0,0.0,22.0,33.0,3.3,14.45
0.0,0.0,1.0,0.0,0.0,17.0,51.0,5.1,13.92
0.0,1.0,0.0,0.0,16.0,41.0,48.0,4.8,24.29
0.0,1.0,0.0,0.0,5.0,38.0,55.0,5.5,22.31
1.0,0.0,0.0,0.0,13.0,3.0,28.0,2.8,17.79
0.0,0.0,1.0,0.0,1.0,56.0,26.0,2.6,27.31
0.0,1.0,0.0,0.0,0.0,6.0,32.0,3.2,11.81
0.0,1.0,0.0,0.0,5.0,48.0,50.0,5.0,28.84
1.0,0.0,0.0,0.0,0.0,43.0,71.0,7.1,25.49
0.0,1.0,0.0,0.0,1.0,8.0,28.0,2.8,14.39
0.0,0.0,1.0,0.0,6.0,24.0,46.0,4.6,22.22
0.0,0.0,0.0,1.0,8.0,36.0,74.0,7.4,25.92
0.0,0.0,1.0,0.0,5.0,42.0,80.0,8.0,21.39
0.0,1.0,0.0,0.0,0.0,73.0,58.0,5.8,36.31
0.0,0.0,1.0,0.0,10.0,55.0,66.0,6.6,23.14
0.0,1.0,0.0,0.0,1.0,32.0,46.0,4.6,23.2
0.0,0.0,1.0,0.0,13.0,43.0,50.0,5.0,14.9
0.0,0.0,0.0,1.0,2.0,12.0,52.0,5.2,22.38
0.0,0.0,0.0,1.0,0.0,51.0,66.0,6.6,14.02
0.0,0.0,1.0,0.0,0.0,9.0,65.0,6.5,23.38
0.0,1.0,0.0,0.0,0.0,70.0,26.0,2.6,17.92
0.0,0.0,0.0,1.0,0.0,45.0,72.0,7.2,19.1
0.0,0.0,0.0,1.0,7.0,64.0,23.0,2.3,26.78
0.0,0.0,0.0,1.0,6.0,0.0,66.0,6.6,16.06
0.0,0.0,0.0,1.0,9.0,49.0,59.0,5.9,26.44
0.0,0.0,0.0,1.0,0.0,6.0,58.0,5.8,9.19
0.0,1.0,0.0,0.0,0.0,51.0,41.0,4.1,18.56
0.0,0.0,0.0,1.0,0.0,28.0,42.0,4.2,11.93
0.0,0.0,0.0,1.0,0.0,0.0,42.0,4.2,9.62
0.0,1.0,0.0,0.0,13.0,67.0,32.0,3.2,21.69
0.0,0.0,0.0,1.0,0.0,4.0,79.0,7.9,14.2
0.0,1.0,0.0,0.0,0.0,54.0,29.0,2.9,30.34
0.0,1.0,0.0,0.0,0.0,47.0,53.0,5.3,25.49
0.0,0.0,1.0,0.0,10.0,34.0,62.0,6.2,14.77
0.0,1.0,0.0,0.0,15.0,53.0,49.0,4.9,14.67
0.0,1.0,0.0,0.0,0.0,34.0,28.0,2.8,14.21
0.0,1.0,0.0,0.0,0.0,24.0,43.0,4.3,22.05
0.0,0.0,0.0,1.0,18.0,49.0,77.0,7.7,23.68
0.0,0.0,1.0,0.0,0.0,16.0,79.0,7.9,26.3
1.0,0.0,0.0,0.0,0.0,0.0,56.0,5.6,20.07
0.0,0.0,0.0,1.0,0.0,20.0,83.0,8.3,26.84
0.0,1.0,0.0,0.0,0.0,11.0,25.0,2.5,30.2
0.0,0.0,0.0,1.0,0.0,0.0,71.0,7.1,18.62
1.0,0.0,0.0,0.0,0.0,11.0,53.0,5.3,23.0
0.0,1.0,0.0,0.0,7.0,10.0,39.0,3.9,27.08
1.0,0.0,0.0,0.0,0.0,51.0,44.0,4.4,27.14
0.0,0.0,0.0,1.0,8.0,43.0,69.0,6.9,21.28
0.0,1.0,0.0,0.0,10.0,63.0,28.0,2.8,22.39
1.0,0.0,0.0,0.0,0.0,31.0,49.0,4.9,23.2
0.0,0.0,1.0,0.0,6.0,70.0,40.0,4.0,22.5
0.0,1.0,0.0,0.0,0.0,18.0,38.0,3.8,13.55
0.0,0.0,1.0,0.0,0.0,56.0,35.0,3.5,32.31
0.0,1.0,0.0,0.0,12.0,26.0,46.0,4.6,22.26
0.0,1.0,0.0,0.0,0.0,15.0,49.0,4.9,20.33
0.0,0.0,1.0,0.0,20.0,47.0,39.0,3.9,25.97
1.0,0.0,0.0,0.0,24.0,72.0,57.0,5.7,21.16
0.0,0.0,1.0,0.0,6.0,37.0,32.0,3.2,22.62
0.0,0.0,1.0,0.0,0.0,22.0,29.0,2.9,22.55
0.0,0.0,0.0,1.0,5.0,26.0,73.0,7.3,21.14
0.0,0.0,0.0,1.0,0.0,65.0,63.0,6.3,23.25
1.0,0.0,0.0,0.0,17.0,53.0,39.0,3.9,22.87
0.0,0.0,1.0,0.0,0.0,37.0,24.0,2.4,20.58
1.0,0.0,0.0,0.0,0.0,0.0,74.0,7.4,20.96
1.0,0.0,0.0,0.0,0.0,19.0,64.0,6.4,24.44
0.0,1.0,0.0,0.0,12.0,72.0,34.0,3.4,29.24
0.0,0.0,1.0,0.0,8.0,65.0,55.0,5.5,25.4
0.0,1.0,0.0,0.0,0.0,35.0,51.0,5.1,21.18
0.0,0.0,1.0,0.0,0.0,0.0,50.0,5.0,9.82
0.0,1.0,0.0,0.0,6.0,29.0,41.0,4.1,24.15
0.0,1.0,0.0,0.0,17.0,22.0,24.0,2.4,25.92
0.0,0.0,1.0,0.0,23.0,101.0,48.0,4.8,12.81
0.0,0.0,0.0,1.0,0.0,13.0,67.0,6.7,25.93
0.0,0.0,1.0,0.0,8.0,42.0,42.0,4.2,26.6
0.0,0.0,0.0,1.0,18.0,77.0,74.0,7.4,21.57
1.0,0.0,0.0,0.0,0.0,35.0,36.0,3.6,25.81
0.0,0.0,1.0,0.0,7.0,35.0,58.0,5.8,25.76
1.0,0.0,0.0,0.0,0.0,11.0,51.0,5.1,24.73
0.0,1.0,0.0,0.0,3.0,50.0,38.0,3.8,21.0
0.0,0.0,1.0,0.0,15.0,34.0,39.0,3.9,22.41
0.0,0.0,1.0,0.0,9.0,40.0,42.0,4.2,21.38
0.0,1.0,0.0,0.0,10.0,55.0,35.0,3.5,30.54
0.0,0.0,1.0,0.0,23.0,20.0,88.0,8.8,17.59
0.0,0.0,1.0,0.0,0.0,94.0,51.0,5.1,25.69
1.0,0.0,0.0,0.0,0.0,43.0,44.0,4.4,27.7
1.0,0.0,0.0,0.0,0.0,66.0,30.0,3.0,21.63
0.0,1.0,0.0,0.0,0.0,72.0,31.0,3.1,26.26
0.0,0.0,0.0,1.0,0.0,15.0,60.0,6.0,14.37
1.0,0.0,0.0,0.0,6.0,74.0,47.0,4.7,21.19
0.0,0.0,1.0,0.0,0.0,66.0,66.0,6.6,25.65
1.0,0.0,0.0,0.0,10.0,28.0,31.0,3.1,29.39
0.0,1.0,0.0,0.0,0.0,20.0,18.0,1.8,19.89
0.0,1.0,0.0,0.0,0.0,31.0,46.0,4.6,11.13
1.0,0.0,0.0,0.0,0.0,0.0,39.0,3.9,18.59
0.0,0.0,1.0,0.0,0.0,9.0,49.0,4.9,18.37
0.0,0.0,0.0,1.0,0.0,20.0,47.0,4.7,11.51
0.0,0.0,1.0,0.0,0.0,30.0,70.0,7.0,17.89
0.0,0.0,1.0,0.0,0.0,56.0,68.0,6.8,32.43
0.0,1.0,0.0,0.0,0.0,14.0,30.0,3.0,27.5
1.0,0.0,0.0,0.0,12.0,75.0,36.0,3.6,25.39
1.0,0.0,0.0,0.0,0.0,51.0,20.0,2.0,34.1
1.0,0.0,0.0,0.0,0.0,30.0,57.0,5.7,23.4
0.0,0.0,0.0,1.0,16.0,14.0,58.0,5.8,20.1
0.0,0.0,0.0,1.0,0.0,10.0,57.0,5.7,22.49
0.0,0.0,0.0,1.0,23.0,64.0,57.0,5.7,12.04
0.0,0.0,0.0,1.0,13.0,36.0,68.0,6.8,20.68
0.0,1.0,0.0,0.0,0.0,47.0,52.0,5.2,18.83
1.0,0.0,0.0,0.0,0.0,68.0,55.0,5.5,21.07
0.0,0.0,1.0,0.0,3.0,8.0,48.0,4.8,9.56
0.0,0.0,0.0,1.0,0.0,70.0,59.0,5.9,26.08
1.0,0.0,0.0,0.0,0.0,52.0,55.0,5.5,36.71
0.0,1.0,0.0,0.0,13.0,12.0,19.0,1.9,17.58
1.0,0.0,0.0,0.0,0.0,42.0,57.0,5.7,27.89
1.0,0.0,0.0,0.0,0.0,19.0,31.0,3.1,20.1
0.0,0.0,1.0,0.0,0.0,0.0,74.0,7.4,15.97
0.0,0.0,0.0,1.0,0.0,35.0,68.0,6.8,23.87
1.0,0.0,0.0,0.0,1.0,17.0,86.0,8.6,30.49
0.0,0.0,1.0,0.0,0.0,60.0,76.0,7.6,27.21
0.0,1.0,0.0,0.0,5.0,34.0,35.0,3.5,21.49
1.0,0.0,0.0,0.0,0.0,51.0,57.0,5.7,27.28
0.0,1.0,0.0,0.0,20.0,79.0,52.0,5.2,28.21
0.0,1.0,0.0,0.0,0.0,53.0,37.0,3.7,25.11
0.0,1.0,0.0,0.0,0.0,57.0,16.0,1.6,25.12
0.0,0.0,1.0,0.0,17.0,59.0,39.0,3.9,35.41
0.0,0.0,0.0,1.0,0.0,30.0,65.0,6.5,26.23
0.0,0.0,0.0,1.0,15.0,18.0,84.0,8.4,25.32
1.0,0.0,0.0,0.0,17.0,45.0,43.0,4.3,22.47
0.0,0.0,1.0,0.0,5.0,20.0,55.0,5.5,24.18
0.0,0.0,1.0,0.0,10.0,56.0,49.0,4.9,13.37
0.0,0.0,1.0,0.0,0.0,17.0,43.0,4.3,25.47
1.0,0.0,0.0,0.0,0.0,0.0,54.0,5.4,20.09
0.0,1.0,0.0,0.0,6.0,87.0,38.0,3.8,28.5
0.0,1.0,0.0,0.0,31.0,51.0,41.0,4.1,22.54
0.0,0.0,1.0,0.0,15.0,9.0,44.0,4.4,9.09
0.0,1.0,0.0,0.0,10.0,37.0,38.0,3.8,21.34
0.0,0.0,1.0,0.0,4.0,48.0,56.0,5.6,26.95
0.0,0.0,1.0,0.0,0.0,4.0,57.0,5.7,18.93
0.0,0.0,1.0,0.0,0.0,9.0,54.0,5.4,18.48
0.0,1.0,0.0,0.0,6.0,74.0,45.0,4.5,25.42
0.0,1.0,0.0,0.0,7.0,56.0,43.0,4.3,26.12
0.0,0.0,1.0,0.0,13.0,44.0,18.0,1.8,22.11
0.0,0.0,0.0,1.0,9.0,57.0,44.0,4.4,24.91
1.0,0.0,0.0,0.0,0.0,11.0,29.0,2.9,23.24
0.0,0.0,0.0,1.0,6.0,24.0,59.0,5.9,14.32
0.0,0.0,1.0,0.0,0.0,39.0,56.0,5.6,26.93
0.0,0.0,0.0,1.0,0.0,23.0,70.0,7.0,23.26
0.0,0.0,1.0,0.0,0.0,4.0,58.0,5.8,21.4
0.0,0.0,0.0,1.0,28.0,61.0,63.0,6.3,23.19
0.0,0.0,1.0,0.0,0.0,42.0,66.0,6.6,13.48
1.0,0.0,0.0,0.0,0.0,20.0,35.0,3.5,11.43
0.0,0.0,0.0,1.0,12.0,40.0,53.0,5.3,13.36
1.0,0.0,0.0,0.0,8.0,101.0,50.0,5.0,26.9
0.0,0.0,0.0,1.0,0.0,25.0,75.0,7.5,14.03
1.0,0.0,0.0,0.0,3.0,7.0,50.0,5.0,18.12
0.0,0.0,1.0,0.0,11.0,1.0,57.0,5.7,11.68
0.0,0.0,1.0,0.0,1.0,56.0,64.0,6.4,27.53
1.0,0.0,0.0,0.0,8.0,19.0,59.0,5.9,26.69
0.0,1.0,0.0,0.0,0.0,46.0,46.0,4.6,23.37
0.0,0.0,1.0,0.0,10.0,37.0,49.0,4.9,28.12
0.0,0.0,0.0,1.0,0.0,27.0,56.0,5.6,23.34
0.0,1.0,0.0,0.0,5.0,38.0,44.0,4.4,24.73
0.0,0.0,0.0,1.0,0.0,39.0,60.0,6.0,25.97
1.0,0.0,0.0,0.0,9.0,71.0,45.0,4.5,29.87
1.0,0.0,0.0,0.0,0.0,22.0,45.0,4.5,19.93
0.0,0.0,1.0,0.0,16.0,15.0,73.0,7.3,23.4
1.0,0.0,0.0,0.0,7.0,20.0,52.0,5.2,25.92
0.0,0.0,1.0,0.0,0.0,30.0,70.0,7.0,18.94
0.0,1.0,0.0,0.0,5.0,9.0,15.0,1.5,15.27
0.0,0.0,1.0,0.0,0.0,26.0,20.0,2.0,12.9
0.0,1.0,0.0,0.0,7.0,49.0,46.0,4.6,13.91
0.0,0.0,0.0,1.0,5.0,74.0,67.0,6.7,16.15
0.0,1.0,0.0,0.0,15.0,57.0,27.0,2.7,29.7
0.0,0.0,0.0,1.0,8.0,53.0,60.0,6.0,28.43
0.0,1.0,0.0,0.0,4.0,37.0,39.0,3.9,12.36
0.0,0.0,0.0,1.0,15.0,26.0,59.0,5.9,21.59
0.0,0.0,1.0,0.0,0.0,24.0,58.0,5.8,25.14
1.0,0.0,0.0,0.0,3.0,14.0,25.0,2.5,28.72
0.0,0.0,1.0,0.0,13.0,53.0,52.0,5.2,34.04
0.0,0.0,0.0,1.0,7.0,78.0,62.0,6.2,27.82
0.0,0.0,1.0,0.0,0.0,7.0,24.0,2.4,11.04
0.0,1.0,0.0,0.0,3.0,8.0,31.0,3.1,21.42
0.0,1.0,0.0,0.0,3.0,42.0,50.0,5.0,22.96
0.0,0.0,0.0,1.0,0.0,14.0,64.0,6.4,22.78
1.0,0.0,0.0,0.0,5.0,25.0,57.0,5.7,22.63
0.0,0.0,0.0,1.0,0.0,8.0,63.0,6.3,19.41
0.0,1.0,0.0,0.0,0.0,23.0,26.0,2.6,20.46
1.0,0.0,0.0,0.0,5.0,22.0,39.0,3.9,24.1
1.0,0.0,0.0,0.0,22.0,60.0,45.0,4.5,30.69
0.0,1.0,0.0,0.0,0.0,39.0,29.0,2.9,26.86
0.0,1.0,0.0,0.0,0.0,62.0,37.0,3.7,35.19
1.0,0.0,0.0,0.0,0.0,14.0,52.0,5.2,24.33
1.0,0.0,0.0,0.0,0.0,19.0,40.0,4.0,26.9
0.0,1.0,0.0,0.0,3.0,7.0,33.0,3.3,24.82
1.0,0.0,0.0,0.0,23.0,64.0,41.0,4.1,21.34
0.0,0.0,1.0,0.0,0.0,22.0,48.0,4.8,21.98
0.0,0.0,0.0,1.0,5.0,41.0,48.0,4.8,12.77
1.0,0.0,0.0,0.0,13.0,53.0,58.0,5.8,23.66
0.0,1.0,0.0,0.0,7.0,7.0,34.0,3.4,18.06
0.0,0.0,1.0,0.0,6.0,57.0,69.0,6.9,31.26
0.0,0.0,1.0,0.0,0.0,48.0,74.0,7.4,21.42
0.0,0.0,0.0,1.0,0.0,43.0,87.0,8.7,19.38
0.0,0.0,0.0,1.0,0.0,51.0,62.0,6.2,18.52
0.0,0.0,1.0,0.0,6.0,36.0,59.0,5.9,24.69
0.0,1.0,0.0,0.0,0.0,83.0,45.0,4.5,35.31
0.0,1.0,0.0,0.0,11.0,38.0,18.0,1.8,19.61
1.0,0.0,0.0,0.0,0.0,12.0,43.0,4.3,24.7
0.0,1.0,0.0,0.0,0.0,60.0,44.0,4.4,21.68
1.0,0.0,0.0,0.0,3.0,57.0,44.0,4.4,28.11
0.0,0.0,0.0,1.0,6.0,61.0,80.0,8.0,23.54
0.0,1.0,0.0,0.0,12.0,15.0,31.0,3.1,21.81
1.0,0.0,0.0,0.0,0.0,0.0,34.0,3.4,17.71
0.0,0.0,0.0,1.0,0.0,4.0,60.0,6.0,15.05
0.0,0.0,1.0,0.0,9.0,71.0,45.0,4.5,24.33
1.0,0.0,0.0,0.0,0.0,0.0,54.0,5.4,15.91
0.0,1.0,0.0,0.0,15.0,7.0,30.0,3.0,18.23
0.0,0.0,1.0,0.0,11.0,10.0,37.0,3.7,22.03
0.0,0.0,1.0,0.0,3.0,20.0,44.0,4.4,15.3
1.0,0.0,0.0,0.0,0.0,7.0,44.0,4.4,17.55
1.0,0.0,0.0,0.0,21.0,20.0,20.0,2.0,15.4
0.0,0.0,0.0,1.0,0.0,14.0,68.0,6.8,22.44
0.0,0.0,1.0,0.0,2.0,91.0,41.0,4.1,25.88
1.0,0.0,0.0,0.0,4.0,39.0,43.0,4.3,24.09
0.0,0.0,1.0,0.0,0.0,7.0,37.0,3.7,9.35
0.0,1.0,0.0,0.0,10.0,64.0,44.0,4.4,17.16
0.0,0.0,0.0,1.0,11.0,68.0,81.0,8.1,23.21
0.0,0.0,1.0,0.0,1.0,53.0,55.0,5.5,25.35
1.0,0.0,0.0,0.0,33.0,25.0,37.0,3.7,17.16
0.0,0.0,0.0,1.0,1.0,65.0,53.0,5.3,27.42
0.0,0.0,1.0,0.0,0.0,0.0,46.0,4.6,20.85
0.0,1.0,0.0,0.0,0.0,0.0,57.0,5.7,9.14
1.0,0.0,0.0,0.0,0.0,52.0,38.0,3.8,31.79
0.0,0.0,0.0,1.0,7.0,23.0,56.0,5.6,22.07
0.0,0.0,1.0,0.0,2.0,66.0,39.0,3.9,32.79
0.0,0.0,1.0,0.0,9.0,27.0,74.0,7.4,22.3
0.0,0.0,1.0,0.0,0.0,12.0,63.0,6.3,30.25
0.0,0.0,1.0,0.0,13.0,29.0,54.0,5.4,23.06
0.0,1.0,0.0,0.0,0.0,37.0,32.0,3.2,20.06
0.0,0.0,1.0,0.0,5.0,54.0,23.0,2.3,28.0
0.0,0.0,0.0,1.0,0.0,18.0,60.0,6.0,21.93
0.0,0.0,1.0,0.0,8.0,4.0,79.0,7.9,12.28
0.0,0.0,1.0,0.0,0.0,85.0,69.0,6.9,16.01
0.0,0.0,0.0,1.0,9.0,14.0,42.0,4.2,22.79
0.0,0.0,1.0,0.0,6.0,86.0,29.0,2.9,13.69
1.0,0.0,0.0,0.0,0.0,55.0,63.0,6.3,17.71
0.0,0.0,0.0,1.0,0.0,12.0,70.0,7.0,14.43
0.0,0.0,0.0,1.0,3.0,42.0,70.0,7.0,26.29
0.0,0.0,0.0,1.0,0.0,4.0,78.0,7.8,16.4
0.0,0.0,0.0,1.0,0.0,13.0,48.0,4.8,24.38
0.0,0.0,1.0,0.0,6.0,53.0,66.0,6.6,36.44
0.0,1.0,0.0,0.0,10.0,20.0,33.0,3.3,26.12
0.0,0.0,1.0,0.0,0.0,0.0,55.0,5.5,18.49
0.0,1.0,0.0,0.0,0.0,0.0,18.0,1.8,17.5
0.0,0.0,1.0,0.0,0.0,0.0,50.0,5.0,16.8
0.0,0.0,0.0,1.0,4.0,9.0,61.0,6.1,11.28
0.0,1.0,0.0,0.0,7.0,70.0,33.0,3.3,23.76
1.0,0.0,0.0,0.0,0.0,6.0,54.0,5.4,17.83
0.0,0.0,1.0,0.0,12.0,50.0,65.0,6.5,18.75
1.0,0.0,0.0,0.0,5.0,36.0,64.0,6.4,23.88
1.0,0.0,0.0,0.0,2.0,50.0,53.0,5.3,26.55
0.0,0.0,1.0,0.0,0.0,42.0,85.0,8.5,17.95
1.0,0.0,0.0,0.0,0.0,29.0,78.0,7.8,18.12
0.0,1.0,0.0,0.0,9.0,17.0,46.0,4.6,29.83
0.0,0.0,0.0,1.0,0.0,15.0,60.0,6.0,14.6
0.0,0.0,1.0,0.0,0.0,53.0,68.0,6.8,29.38
0.0,0.0,0.0,1.0,6.0,36.0,65.0,6.5,11.2
1.0,0.0,0.0,0.0,4.0,12.0,54.0,5.4,11.87
1.0,0.0,0.0,0.0,0.0,59.0,44.0,4.4,26.89
1.0,0.0,0.0,0.0,0.0,14.0,51.0,5.1,13.49
0.0,0.0,1.0,0.0,3.0,61.0,18.0,1.8,33.28
0.0,1.0,0.0,0.0,13.0,86.0,26.0,2.6,28.46
0.0,0.0,1.0,0.0,0.0,71.0,54.0,5.4,31.44
0.0,0.0,0.0,1.0,1.0,56.0,67.0,6.7,34.73
0.0,0.0,1.0,0.0,3.0,0.0,48.0,4.8,20.81
0.0,1.0,0.0,0.0,0.0,65.0,43.0,4.3,25.49
0.0,0.0,0.0,1.0,4.0,78.0,49.0,4.9,21.94
0.0,0.0,1.0,0.0,0.0,36.0,74.0,7.4,21.8
0.0,0.0,0.0,1.0,0.0,46.0,65.0,6.5,18.25
1.0,0.0,0.0,0.0,0.0,28.0,60.0,6.0,22.05
0.0,0.0,1.0,0.0,0.0,2.0,50.0,5.0,14.36
0.0,0.0,1.0,0.0,5.0,45.0,69.0,6.9,24.94
0.0,0.0,1.0,0.0,15.0,36.0,52.0,5.2,20.29
0.0,0.0,0.0,1.0,0.0,24.0,71.0,7.1,20.31
1.0,0.0,0.0,0.0,0.0,0.0,38.0,3.8,18.58
0.0,1.0,0.0,0.0,0.0,39.0,40.0,4.0,27.12
0.0,0.0,1.0,0.0,2.0,81.0,37.0,3.7,28.3
0.0,0.0,0.0,1.0,2.0,52.0,68.0,6.8,33.34
1.0,0.0,0.0,0.0,6.0,17.0,36.0,3.6,10.86
0.0,1.0,0.0,0.0,0.0,24.0,25.0,2.5,30.24
0.0,0.0,0.0,1.0,0.0,27.0,65.0,6.5,12.92
0.0,1.0,0.0,0.0,0.0,0.0,43.0,4.3,15.05
0.0,1.0,0.0,0.0,0.0,53.0,32.0,3.2,34.91
0.0,1.0,0.0,0.0,7.0,0.0,38.0,3.8,20.68
0.0,0.0,1.0,0.0,0.0,51.0,70.0,7.0,25.11
1.0,0.0,0.0,0.0,1.0,22.0,46.0,4.6,24.5
0.0,1.0,0.0,0.0,16.0,57.0,23.0,2.3,32.13
0.0,0.0,0.0,1.0,0.0,19.0,79.0,7.9,20.38
0.0,1.0,0.0,0.0,0.0,0.0,38.0,3.8,9.92
0.0,0.0,0.0,1.0,0.0,31.0,68.0,6.8,22.71
0.0,0.0,1.0,0.0,4.0,59.0,84.0,8.4,15.51
0.0,1.0,0.0,0.0,8.0,70.0,45.0,4.5,27.24
1.0,0.0,0.0,0.0,0.0,25.0,57.0,5.7,26.68
0.0,1.0,0.0,0.0,6.0,42.0,23.0,2.3,22.52
0.0,0.0,0.0,1.0,0.0,5.0,52.0,5.2,9.42
1.0,0.0,0.0,0.0,0.0,54.0,37.0,3.7,21.84
0.0,0.0,0.0,1.0,0.0,7.0,54.0,5.4,16.22
0.0,0.0,0.0,1.0,0.0,17.0,71.0,7.1,21.89
1.0,0.0,0.0,0.0,13.0,84.0,39.0,3.9,27.95
0.0,0.0,0.0,1.0,0.0,31.0,46.0,4.6,25.63
0.0,1.0,0.0,0.0,10.0,14.0,35.0,3.5,13.49
0.0,0.0,0.0,1.0,26.0,41.0,63.0,6.3,14.49
1.0,0.0,0.0,0.0,13.0,9.0,50.0,5.0,24.36
1.0,0.0,0.0,0.0,0.0,28.0,42.0,4.2,18.1
0.0,1.0,0.0,0.0,0.0,0.0,41.0,4.1,18.9
0.0,0.0,0.0,1.0,0.0,22.0,87.0,8.7,22.77
0.0,0.0,1.0,0.0,14.0,37.0,53.0,5.3,16.89
1.0,0.0,0.0,0.0,12.0,50.0,52.0,5.2,24.56
1.0,0.0,0.0,0.0,20.0,78.0,65.0,6.5,36.06
0.0,0.0,1.0,0.0,11.0,47.0,40.0,4.0,25.02
0.0,1.0,0.0,0.0,0.0,19.0,53.0,5.3,12.81
1.0,0.0,0.0,0.0,0.0,15.0,62.0,6.2,23.21
0.0,0.0,1.0,0.0,3.0,30.0,22.0,2.2,13.55
0.0,0.0,0.0,1.0,0.0,5.0,53.0,5.3,16.25
0.0,0.0,0.0,1.0,8.0,45.0,78.0,7.8,28.22
1.0,0.0,0.0,0.0,0.0,63.0,28.0,2.8,28.46
0.0,0.0,0.0,1.0,15.0,53.0,82.0,8.2,24.23
0.0,0.0,1.0,0.0,0.0,11.0,48.0,4.8,11.52
1.0,0.0,0.0,0.0,0.0,21.0,45.0,4.5,26.31
0.0,0.0,0.0,1.0,0.0,62.0,43.0,4.3,25.33
1.0,0.0,0.0,0.0,4.0,57.0,57.0,5.7,29.0
0.0,0.0,1.0,0.0,0.0,12.0,56.0,5.6,17.77
0.0,1.0,0.0,0.0,0.0,12.0,28.0,2.8,11.43
0.0,1.0,0.0,0.0,11.0,51.0,41.0,4.1,32.46
1.0,0.0,0.0,0.0,0.0,26.0,57.0,5.7,24.98
0.0,0.0,1.0,0.0,0.0,0.0,51.0,5.1,10.47
0.0,0.0,1.0,0.0,1.0,73.0,47.0,4.7,28.85
0.0,1.0,0.0,0.0,0.0,52.0,30.0,3.0,21.5
0.0,0.0,0.0,1.0,0.0,1.0,75.0,7.5,20.67
0.0,1.0,0.0,0.0,18.0,14.0,34.0,3.4,11.5
1.0,0.0,0.0,0.0,3.0,32.0,70.0,7.0,24.59
1.0,0.0,0.0,0.0,16.0,15.0,27.0,2.7,23.37
0.0,1.0,0.0,0.0,0.0,9.0,35.0,3.5,16.86
0.0,0.0,0.0,1.0,0.0,78.0,57.0,5.7,18.53
1.0,0.0,0.0,0.0,9.0,51.0,60.0,6.0,20.0
0.0,1.0,0.0,0.0,12.0,7.0,23.0,2.3,17.0
0.0,0.0,1.0,0.0,0.0,48.0,51.0,5.1,27.06
1.0,0.0,0.0,0.0,14.0,49.0,44.0,4.4,18.02
0.0,0.0,1.0,0.0,0.0,24.0,65.0,6.5,11.52
0.0,0.0,1.0,0.0,14.0,54.0,45.0,4.5,13.8
0.0,0.0,0.0,1.0,17.0,40.0,72.0,7.2,25.47
0.0,1.0,0.0,0.0,7.0,0.0,29.0,2.9,17.9
0.0,0.0,1.0,0.0,0.0,59.0,65.0,6.5,23.12
0.0,0.0,0.0,1.0,0.0,52.0,47.0,4.7,13.09
0.0,0.0,1.0,0.0,8.0,51.0,29.0,2.9,20.17
0.0,1.0,0.0,0.0,0.0,42.0,39.0,3.9,23.21
0.0,0.0,0.0,1.0,0.0,40.0,57.0,5.7,22.65
0.0,0.0,0.0,1.0,6.0,34.0,59.0,5.9,18.02
1.0,0.0,0.0,0.0,0.0,9.0,64.0,6.4,10.78
1.0,0.0,0.0,0.0,7.0,27.0,49.0,4.9,21.84
0.0,0.0,0.0,1.0,9.0,73.0,42.0,4.2,25.21
1.0,0.0,0.0,0.0,0.0,25.0,44.0,4.4,24.3
1.0,0.0,0.0,0.0,0.0,21.0,33.0,3.3,24.45
1.0,0.0,0.0,0.0,4.0,78.0,42.0,4.2,25.95
0.0,1.0,0.0,0.0,9.0,15.0,45.0,4.5,21.0
0.0,0.0,1.0,0.0,4.0,35.0,24.0,2.4,13.79
0.0,1.0,0.0,0.0,0.0,32.0,33.0,3.3,13.73
1.0,0.0,0.0,0.0,7.0,72.0,54.0,5.4,20.39
0.0,0.0,0.0,1.0,0.0,9.0,74.0,7.4,19.45
0.0,0.0,0.0,1.0,4.0,58.0,69.0,6.9,24.1
0.0,1.0,0.0,0.0,8.0,9.0,48.0,4.8,17.29
1.0,0.0,0.0,0.0,6.0,55.0,38.0,3.8,23.0
0.0,0.0,1.0,0.0,0.0,24.0,56.0,5.6,14.04
0.0,1.0,0.0,0.0,0.0,58.0,36.0,3.6,26.0
0.0,0.0,0.0,1.0,0.0,5.0,54.0,5.4,21.65
1.0,0.0,0.0,0.0,0.0,36.0,44.0,4.4,20.18
0.0,1.0,0.0,0.0,12.0,104.0,50.0,5.0,14.36
0.0,0.0,0.0,1.0,0.0,45.0,66.0,6.6,25.67
0.0,1.0,0.0,0.0,13.0,78.0,33.0,3.3,27.06
0.0,0.0,1.0,0.0,1.0,65.0,67.0,6.7,13.3
0.0,0.0,1.0,0.0,0.0,0.0,73.0,7.3,11.79
1.0,0.0,0.0,0.0,2.0,47.0,58.0,5.8,29.55
0.0,0.0,0.0,1.0,3.0,32.0,73.0,7.3,20.79
1.0,0.0,0.0,0.0,2.0,0.0,41.0,4.1,19.39
0.0,0.0,1.0,0.0,0.0,45.0,43.0,4.3,25.26
0.0,0.0,1.0,0.0,3.0,32.0,36.0,3.6,27.75
1.0,0.0,0.0,0.0,0.0,19.0,54.0,5.4,25.89
0.0,0.0,0.0,1.0,0.0,34.0,74.0,7.4,22.38
1.0,0.0,0.0,0.0,8.0,25.0,66.0,6.6,20.05
0.0,0.0,0.0,1.0,23.0,35.0,51.0,5.1,11.78
0.0,1.0,0.0,0.0,3.0,51.0,40.0,4.0,25.02
0.0,0.0,0.0,1.0,0.0,20.0,61.0,6.1,11.31
0.0,0.0,0.0,1.0,0.0,51.0,45.0,4.5,17.82
1.0,0.0,0.0,0.0,0.0,0.0,38.0,3.8,8.92
0.0,1.0,0.0,0.0,13.0,21.0,31.0,3.1,13.06
0.0,1.0,0.0,0.0,0.0,14.0,40.0,4.0,17.15
0.0,0.0,0.0,1.0,2.0,25.0,56.0,5.6,11.86
0.0,0.0,0.0,1.0,4.0,0.0,64.0,6.4,18.34
0.0,0.0,1.0,0.0,9.0,42.0,52.0,5.2,15.23
0.0,0.0,0.0,1.0,6.0,49.0,75.0,7.5,11.07
0.0,0.0,0.0,1.0,0.0,30.0,87.0,8.7,11.37
1.0,0.0,0.0,0.0,15.0,92.0,31.0,3.1,13.9
1.0,0.0,0.0,0.0,0.0,41.0,72.0,7.2,25.03
1.0,0.0,0.0,0.0,0.0,28.0,62.0,6.2,23.82
0.0,0.0,0.0,1.0,5.0,26.0,64.0,6.4,27.38
0.0,1.0,0.0,0.0,3.0,53.0,39.0,3.9,13.72
0.0,0.0,1.0,0.0,0.0,57.0,45.0,4.5,27.36
0.0,0.0,0.0,1.0,37.0,41.0,64.0,6.4,20.86
0.0,0.0,1.0,0.0,0.0,0.0,64.0,6.4,17.91
0.0,1.0,0.0,0.0,0.0,37.0,37.0,3.7,24.38
0.0,0.0,0.0,1.0,0.0,0.0,59.0,5.9,18.51
0.0,1.0,0.0,0.0,3.0,17.0,37.0,3.7,27.92
0.0,0.0,1.0,0.0,0.0,55.0,69.0,6.9,25.74
0.0,0.0,0.0,1.0,6.0,51.0,50.0,5.0,35.4
0.0,1.0,0.0,0.0,0.0,29.0,38.0,3.8,15.39
0.0,1.0,0.0,0.0,12.0,45.0,31.0,3.1,13.13
0.0,0.0,0.0,1.0,0.0,54.0,61.0,6.1,17.38
1.0,0.0,0.0,0.0,3.0,33.0,60.0,6.0,22.58
1.0,0.0,0.0,0.0,13.0,40.0,91.0,9.1,22.23
0.0,1.0,0.0,0.0,16.0,69.0,33.0,3.3,16.27
1.0,0.0,0.0,0.0,5.0,32.0,44.0,4.4,20.36
0.0,1.0,0.0,0.0,10.0,39.0,55.0,5.5,15.29
0.0,0.0,0.0,1.0,0.0,20.0,48.0,4.8,20.4
0.0,1.0,0.0,0.0,37.0,41.0,47.0,4.7,11.13
0.0,1.0,0.0,0.0,0.0,50.0,38.0,3.8,25.42
1.0,0.0,0.0,0.0,0.0,23.0,55.0,5.5,19.89
1.0,0.0,0.0,0.0,17.0,53.0,34.0,3.4,29.59
0.0,1.0,0.0,0.0,0.0,12.0,37.0,3.7,27.76
0.0,0.0,0.0,1.0,4.0,59.0,32.0,3.2,27.16
0.0,1.0,0.0,0.0,4.0,79.0,37.0,3.7,31.65
0.0,1.0,0.0,0.0,0.0,0.0,45.0,4.5,18.42
0.0,0.0,1.0,0.0,0.0,0.0,66.0,6.6,11.53
0.0,0.0,0.0,1.0,11.0,31.0,62.0,6.2,11.11
0.0,1.0,0.0,0.0,13.0,35.0,42.0,4.2,24.76
1.0,0.0,0.0,0.0,0.0,30.0,47.0,4.7,26.64
1.0,0.0,0.0,0.0,0.0,18.0,59.0,5.9,21.34
0.0,0.0,1.0,0.0,0.0,37.0,60.0,6.0,13.13
0.0,1.0,0.0,0.0,0.0,77.0,31.0,3.1,27.71
1.0,0.0,0.0,0.0,6.0,17.0,60.0,6.0,21.08
0.0,0.0,1.0,0.0,15.0,38.0,75.0,7.5,22.12
0.0,0.0,0.0,1.0,0.0,39.0,65.0,6.5,25.82
0.0,0.0,1.0,0.0,0.0,29.0,69.0,6.9,12.72
1.0,0.0,0.0,0.0,0.0,0.0,19.0,1.9,13.11
1.0,0.0,0.0,0.0,6.0,14.0,32.0,3.2,18.97
0.0,1.0,0.0,0.0,12.0,41.0,50.0,5.0,25.1
1.0,0.0,0.0,0.0,12.0,83.0,51.0,5.1,23.73
0.0,0.0,0.0,1.0,0.0,31.0,53.0,5.3,21.3
0.0,0.0,0.0,1.0,14.0,38.0,57.0,5.7,14.16
0.0,0.0,0.0,1.0,2.0,22.0,44.0,4.4,25.05
0.0,0.0,1.0,0.0,4.0,44.0,61.0,6.1,24.59
1.0,0.0,0.0,0.0,9.0,7.0,59.0,5.9,19.58
1.0,0.0,0.0,0.0,1.0,40.0,51.0,5.1,28.06
0.0,0.0,1.0,0.0,0.0,82.0,72.0,7.2,15.17
0.0,0.0,1.0,0.0,0.0,0.0,55.0,5.5,14.4
0.0,0.0,0.0,1.0,0.0,44.0,52.0,5.2,13.67
0.0,0.0,0.0,1.0,0.0,56.0,70.0,7.0,13.21
0.0,0.0,1.0,0.0,0.0,17.0,32.0,3.2,23.38
0.0,0.0,1.0,0.0,1.0,13.0,67.0,6.7,14.97
0.0,1.0,0.0,0.0,0.0,11.0,39.0,3.9,29.87
0.0,0.0,1.0,0.0,0.0,57.0,62.0,6.2,15.21
0.0,0.0,0.0,1.0,0.0,54.0,56.0,5.6,26.21
0.0,0.0,1.0,0.0,9.0,40.0,66.0,6.6,11.42
0.0,0.0,1.0,0.0,0.0,33.0,62.0,6.2,18.37
0.0,0.0,1.0,0.0,0.0,11.0,80.0,8.0,19.07
0.0,1.0,0.0,0.0,4.0,0.0,37.0,3.7,17.84
0.0,0.0,1.0,0.0,0.0,5.0,58.0,5.8,10.12
0.0,0.0,1.0,0.0,8.0,44.0,64.0,6.4,14.67
1.0,0.0,0.0,0.0,5.0,26.0,59.0,5.9,19.66
1.0,0.0,0.0,0.0,0.0,36.0,28.0,2.8,11.04
0.0,0.0,0.0,1.0,3.0,42.0,61.0,6.1,12.93
0.0,1.0,0.0,0.0,0.0,4.0,42.0,4.2,11.43
0.0,0.0,1.0,0.0,35.0,17.0,68.0,6.8,9.66
0.0,0.0,0.0,1.0,4.0,26.0,75.0,7.5,19.23
1.0,0.0,0.0,0.0,0.0,0.0,32.0,3.2,21.31
1.0,0.0,0.0,0.0,0.0,4.0,49.0,4.9,21.0
0.0,0.0,0.0,1.0,3.0,62.0,87.0,8.7,17.61
1.0,0.0,0.0,0.0,19.0,25.0,78.0,7.8,22.22
1.0,0.0,0.0,0.0,8.0,49.0,60.0,6.0,20.27
0.0,0.0,0.0,1.0,8.0,46.0,66.0,6.6,20.39
1.0,0.0,0.0,0.0,0.0,15.0,47.0,4.7,27.66
0.0,0.0,1.0,0.0,6.0,66.0,50.0,5.0,17.98
0.0,1.0,0.0,0.0,13.0,42.0,33.0,3.3,25.45
0.0,0.0,0.0,1.0,0.0,71.0,73.0,7.3,20.01
1.0,0.0,0.0,0.0,33.0,42.0,53.0,5.3,20.32
1.0,0.0,0.0,0.0,0.0,39.0,68.0,6.8,27.18
0.0,0.0,0.0,1.0,0.0,22.0,104.0,10.4,30.04
0.0,1.0,0.0,0.0,6.0,86.0,32.0,3.2,30.22
0.0,1.0,0.0,0.0,0.0,30.0,23.0,2.3,11.78
0.0,0.0,1.0,0.0,0.0,0.0,82.0,8.2,20.15
0.0,0.0,0.0,1.0,0.0,66.0,80.0,8.0,22.75
0.0,0.0,1.0,0.0,2.0,0.0,54.0,5.4,16.83
1.0,0.0,0.0,0.0,16.0,40.0,54.0,5.4,29.5
0.0,0.0,1.0,0.0,0.0,35.0,36.0,3.6,24.97
0.0,0.0,1.0,0.0,15.0,49.0,49.0,4.9,18.8
1.0,0.0,0.0,0.0,9.0,33.0,53.0,5.3,22.53
0.0,1.0,0.0,0.0,0.0,0.0,19.0,1.9,16.68
0.0,0.0,1.0,0.0,11.0,83.0,35.0,3.5,28.26
0.0,1.0,0.0,0.0,9.0,59.0,34.0,3.4,24.29
0.0,0.0,0.0,1.0,6.0,62.0,92.0,9.2,29.26
0.0,0.0,0.0,1.0,18.0,27.0,83.0,8.3,25.51
0.0,0.0,1.0,0.0,0.0,13.0,65.0,6.5,24.55
1.0,0.0,0.0,0.0,5.0,13.0,55.0,5.5,23.29
0.0,1.0,0.0,0.0,9.0,33.0,41.0,4.1,20.17
1.0,0.0,0.0,0.0,16.0,43.0,65.0,6.5,24.68
0.0,0.0,0.0,1.0,21.0,43.0,79.0,7.9,18.13
0.0,1.0,0.0,0.0,16.0,52.0,25.0,2.5,35.24
0.0,0.0,0.0,1.0,20.0,79.0,81.0,8.1,27.91
0.0,1.0,0.0,0.0,0.0,9.0,32.0,3.2,18.25
1.0,0.0,0.0,0.0,0.0,6.0,39.0,3.9,18.97
0.0,0.0,1.0,0.0,0.0,8.0,50.0,5.0,22.8
0.0,1.0,0.0,0.0,11.0,47.0,27.0,2.7,21.04
0.0,1.0,0.0,0.0,0.0,1.0,25.0,2.5,23.28
0.0,0.0,0.0,1.0,8.0,52.0,51.0,5.1,26.82
1.0,0.0,0.0,0.0,12.0,43.0,56.0,5.6,24.55
1.0,0.0,0.0,0.0,10.0,31.0,27.0,2.7,27.52
1.0,0.0,0.0,0.0,4.0,24.0,40.0,4.0,22.38
0.0,0.0,0.0,1.0,0.0,60.0,62.0,6.2,32.61
0.0,0.0,0.0,1.0,0.0,18.0,67.0,6.7,25.03
0.0,0.0,1.0,0.0,5.0,41.0,70.0,7.0,13.91
0.0,0.0,0.0,1.0,12.0,5.0,82.0,8.2,24.55
0.0,0.0,1.0,0.0,11.0,58.0,64.0,6.4,18.14
0.0,0.0,0.0,1.0,1.0,32.0,59.0,5.9,10.95
0.0,0.0,1.0,0.0,0.0,4.0,39.0,3.9,20.95
0.0,1.0,0.0,0.0,7.0,27.0,33.0,3.3,13.09
0.0,0.0,1.0,0.0,9.0,70.0,55.0,5.5,31.6
0.0,0.0,1.0,0.0,13.0,22.0,42.0,4.2,16.45
0.0,0.0,0.0,1.0,0.0,55.0,68.0,6.8,28.87
0.0,1.0,0.0,0.0,17.0,71.0,40.0,4.0,31.93
0.0,0.0,0.0,1.0,3.0,29.0,69.0,6.9,12.07
0.0,0.0,0.0,1.0,0.0,7.0,62.0,6.2,15.68
0.0,1.0,0.0,0.0,12.0,74.0,51.0,5.1,33.8
0.0,0.0,1.0,0.0,10.0,15.0,75.0,7.5,18.01
0.0,0.0,0.0,1.0,0.0,30.0,60.0,6.0,22.1
0.0,1.0,0.0,0.0,0.0,26.0,29.0,2.9,24.38
0.0,0.0,1.0,0.0,4.0,37.0,65.0,6.5,20.35
0.0,1.0,0.0,0.0,0.0,17.0,47.0,4.7,26.21
1.0,0.0,0.0,0.0,1.0,10.0,58.0,5.8,28.33
1.0,0.0,0.0,0.0,7.0,30.0,52.0,5.2,11.02
0.0,0.0,1.0,0.0,6.0,68.0,44.0,4.4,13.02
0.0,0.0,0.0,1.0,0.0,12.0,72.0,7.2,15.07
0.0,0.0,0.0,1.0,5.0,13.0,61.0,6.1,23.61
0.0,0.0,0.0,1.0,0.0,3.0,63.0,6.3,8.89
1.0,0.0,0.0,0.0,0.0,3.0,42.0,4.2,15.0
1.0,0.0,0.0,0.0,0.0,59.0,45.0,4.5,31.98
0.0,0.0,1.0,0.0,12.0,12.0,56.0,5.6,24.7
0.0,0.0,0.0,1.0,19.0,36.0,51.0,5.1,23.84
0.0,1.0,0.0,0.0,11.0,10.0,33.0,3.3,11.24
0.0,0.0,0.0,1.0,3.0,80.0,62.0,6.2,24.11
0.0,0.0,1.0,0.0,14.0,62.0,65.0,6.5,24.2
0.0,1.0,0.0,0.0,0.0,13.0,25.0,2.5,15.4
0.0,0.0,1.0,0.0,0.0,1.0,67.0,6.7,21.1
0.0,0.0,1.0,0.0,5.0,15.0,60.0,6.0,18.5
1.0,0.0,0.0,0.0,0.0,39.0,37.0,3.7,24.41
0.0,1.0,0.0,0.0,4.0,17.0,52.0,5.2,13.54
0.0,0.0,1.0,0.0,8.0,92.0,37.0,3.7,29.08
0.0,1.0,0.0,0.0,6.0,57.0,31.0,3.1,17.35
0.0,0.0,0.0,1.0,5.0,34.0,49.0,4.9,21.88
1.0,0.0,0.0,0.0,0.0,18.0,58.0,5.8,26.22
0.0,1.0,0.0,0.0,3.0,37.0,29.0,2.9,23.45
0.0,0.0,1.0,0.0,0.0,68.0,44.0,4.4,16.75
1.0,0.0,0.0,0.0,12.0,9.0,34.0,3.4,23.32
0.0,1.0,0.0,0.0,12.0,22.0,43.0,4.3,23.14
0.0,0.0,1.0,0.0,0.0,43.0,47.0,4.7,23.3
0.0,0.0,1.0,0.0,7.0,83.0,94.0,9.4,28.22
0.0,1.0,0.0,0.0,0.0,7.0,42.0,4.2,19.05
0.0,0.0,0.0,1.0,0.0,18.0,51.0,5.1,24.29
0.0,1.0,0.0,0.0,0.0,27.0,36.0,3.6,25.89
1.0,0.0,0.0,0.0,0.0,0.0,70.0,7.0,16.1
0.0,0.0,1.0,0.0,0.0,39.0,32.0,3.2,14.94
0.0,1.0,0.0,0.0,0.0,9.0,37.0,3.7,16.49
0.0,0.0,0.0,1.0,0.0,46.0,58.0,5.8,25.71
0.0,0.0,0.0,1.0,4.0,57.0,48.0,4.8,24.38
0.0,0.0,0.0,1.0,3.0,35.0,63.0,6.3,14.7
0.0,0.0,0.0,1.0,11.0,86.0,92.0,9.2,37.09
0.0,0.0,0.0,1.0,0.0,9.0,80.0,8.0,11.1
0.0,0.0,0.0,1.0,28.0,36.0,82.0,8.2,18.01
0.0,1.0,0.0,0.0,8.0,92.0,45.0,4.5,16.09
0.0,1.0,0.0,0.0,0.0,48.0,48.0,4.8,21.31
1.0,0.0,0.0,0.0,0.0,11.0,61.0,6.1,23.49
0.0,0.0,0.0,1.0,0.0,87.0,72.0,7.2,27.71
1.0,0.0,0.0,0.0,0.0,44.0,48.0,4.8,19.12
0.0,0.0,1.0,0.0,14.0,16.0,64.0,6.4,19.86
0.0,1.0,0.0,0.0,0.0,30.0,57.0,5.7,23.11
0.0,0.0,0.0,1.0,0.0,16.0,44.0,4.4,20.77
1.0,0.0,0.0,0.0,0.0,0.0,32.0,3.2,15.88
0.0,1.0,0.0,0.0,0.0,19.0,36.0,3.6,21.64
1.0,0.0,0.0,0.0,0.0,44.0,60.0,6.0,18.15
0.0,1.0,0.0,0.0,13.0,22.0,40.0,4.0,19.12
1.0,0.0,0.0,0.0,0.0,0.0,37.0,3.7,18.22
1.0,0.0,0.0,0.0,0.0,12.0,37.0,3.7,23.19
0.0,0.0,0.0,1.0,11.0,26.0,54.0,5.4,20.76
0.0,0.0,0.0,1.0,2.0,55.0,80.0,8.0,31.1
0.0,0.0,0.0,1.0,9.0,7.0,63.0,6.3,10.08
1.0,0.0,0.0,0.0,10.0,60.0,50.0,5.0,28.1
1.0,0.0,0.0,0.0,4.0,66.0,63.0,6.3,17.75
0.0,0.0,0.0,1.0,11.0,107.0,70.0,7.0,36.1
0.0,0.0,0.0,1.0,15.0,7.0,71.0,7.1,21.55
1.0,0.0,0.0,0.0,0.0,0.0,40.0,4.0,16.85
0.0,0.0,1.0,0.0,0.0,11.0,92.0,9.2,22.51
1.0,0.0,0.0,0.0,0.0,27.0,75.0,7.5,17.77
0.0,1.0,0.0,0.0,0.0,10.0,47.0,4.7,21.11
0.0,0.0,0.0,1.0,0.0,17.0,53.0,5.3,24.36
1.0,0.0,0.0,0.0,6.0,40.0,48.0,4.8,26.69
0.0,1.0,0.0,0.0,0.0,15.0,49.0,4.9,29.18
0.0,0.0,0.0,1.0,0.0,36.0,74.0,7.4,13.38
0.0,0.0,0.0,1.0,1.0,53.0,52.0,5.2,14.62
0.0,0.0,0.0,1.0,0.0,17.0,68.0,6.8,22.65
1.0,0.0,0.0,0.0,0.0,50.0,34.0,3.4,26.0
1.0,0.0,0.0,0.0,0.0,17.0,68.0,6.8,20.31
0.0,1.0,0.0,0.0,1.0,56.0,29.0,2.9,24.86
0.0,0.0,1.0,0.0,21.0,20.0,67.0,6.7,19.04
0.0,0.0,0.0,1.0,3.0,45.0,65.0,6.5,22.8
0.0,0.0,0.0,1.0,0.0,25.0,71.0,7.1,14.15
0.0,0.0,0.0,1.0,5.0,15.0,55.0,5.5,24.98
0.0,0.0,1.0,0.0,8.0,41.0,67.0,6.7,26.39
0.0,0.0,1.0,0.0,0.0,2.0,50.0,5.0,13.46
0.0,0.0,1.0,0.0,0.0,3.0,68.0,6.8,10.09
0.0,0.0,1.0,0.0,0.0,40.0,61.0,6.1,19.69
1.0,0.0,0.0,0.0,19.0,56.0,66.0,6.6,27.92
0.0,0.0,1.0,0.0,24.0,88.0,40.0,4.0,19.18
0.0,1.0,0.0,0.0,0.0,0.0,36.0,3.6,20.06
1.0,0.0,0.0,0.0,0.0,65.0,50.0,5.0,26.32
1.0,0.0,0.0,0.0,18.0,49.0,54.0,5.4,21.13
1.0,0.0,0.0,0.0,12.0,52.0,39.0,3.9,19.79
1.0,0.0,0.0,0.0,0.0,26.0,62.0,6.2,17.53
0.0,0.0,0.0,1.0,0.0,7.0,61.0,6.1,16.77
0.0,1.0,0.0,0.0,5.0,14.0,29.0,2.9,24.03
1.0,0.0,0.0,0.0,5.0,65.0,37.0,3.7,35.24
0.0,0.0,0.0,1.0,0.0,4.0,68.0,6.8,15.56
0.0,1.0,0.0,0.0,0.0,35.0,51.0,5.1,22.2
0.0,0.0,1.0,0.0,26.0,41.0,27.0,2.7,20.3
1.0,0.0,0.0,0.0,0.0,19.0,66.0,6.6,23.12
1.0,0.0,0.0,0.0,0.0,39.0,51.0,5.1,26.43
0.0,0.0,1.0,0.0,0.0,41.0,63.0,6.3,26.7
0.0,0.0,0.0,1.0,11.0,83.0,53.0,5.3,29.09
0.0,0.0,0.0,1.0,6.0,55.0,48.0,4.8,17.62
0.0,0.0,0.0,1.0,17.0,32.0,56.0,5.6,15.54
1.0,0.0,0.0,0.0,0.0,84.0,67.0,6.7,30.42
0.0,0.0,1.0,0.0,8.0,11.0,57.0,5.7,21.51
0.0,0.0,0.0,1.0,0.0,11.0,63.0,6.3,22.32
1.0,0.0,0.0,0.0,3.0,0.0,50.0,5.0,14.78
0.0,1.0,0.0,0.0,0.0,14.0,39.0,3.9,10.95
0.0,0.0,0.0,1.0,0.0,11.0,83.0,8.3,21.49
0.0,1.0,0.0,0.0,0.0,56.0,52.0,5.2,16.33
0.0,1.0,0.0,0.0,0.0,9.0,38.0,3.8,16.5
0.0,0.0,1.0,0.0,0.0,25.0,66.0,6.6,20.02
0.0,0.0,0.0,1.0,5.0,75.0,54.0,5.4,19.85
0.0,0.0,0.0,1.0,0.0,28.0,41.0,4.1,19.15
0.0,1.0,0.0,0.0,10.0,35.0,42.0,4.2,12.24
0.0,0.0,0.0,1.0,3.0,57.0,53.0,5.3,23.0
0.0,1.0,0.0,0.0,0.0,33.0,58.0,5.8,27.52
0.0,1.0,0.0,0.0,0.0,40.0,43.0,4.3,16.21
1.0,0.0,0.0,0.0,17.0,40.0,44.0,4.4,22.59
0.0,0.0,0.0,1.0,0.0,34.0,69.0,6.9,18.84
1.0,0.0,0.0,0.0,0.0,7.0,46.0,4.6,19.83
0.0,1.0,0.0,0.0,14.0,21.0,25.0,2.5,11.52
1.0,0.0,0.0,0.0,6.0,14.0,45.0,4.5,18.16
0.0,1.0,0.0,0.0,0.0,22.0,44.0,4.4,18.86
0.0,0.0,1.0,0.0,9.0,52.0,61.0,6.1,33.7
0.0,0.0,0.0,1.0,9.0,33.0,83.0,8.3,13.24
0.0,0.0,0.0,1.0,0.0,1.0,64.0,6.4,20.34
1.0,0.0,0.0,0.0,20.0,3.0,58.0,5.8,13.9
0.0,0.0,1.0,0.0,0.0,85.0,70.0,7.0,21.06
0.0,0.0,0.0,1.0,6.0,13.0,43.0,4.3,11.35
0.0,0.0,1.0,0.0,6.0,40.0,42.0,4.2,17.4
0.0,0.0,0.0,1.0,18.0,21.0,73.0,7.3,14.7
0.0,0.0,1.0,0.0,0.0,20.0,36.0,3.6,27.42
0.0,1.0,0.0,0.0,15.0,12.0,48.0,4.8,21.96
0.0,0.0,1.0,0.0,13.0,83.0,51.0,5.1,34.41
0.0,0.0,0.0,1.0,0.0,27.0,57.0,5.7,16.35
1.0,0.0,0.0,0.0,11.0,68.0,56.0,5.6,24.98
1.0,0.0,0.0,0.0,0.0,7.0,37.0,3.7,11.0
0.0,0.0,1.0,0.0,2.0,61.0,65.0,6.5,24.66
1.0,0.0,0.0,0.0,7.0,34.0,61.0,6.1,23.33
0.0,1.0,0.0,0.0,5.0,57.0,49.0,4.9,22.02
0.0,0.0,0.0,1.0,9.0,27.0,67.0,6.7,26.99
0.0,0.0,1.0,0.0,3.0,44.0,28.0,2.8,23.5
0.0,0.0,1.0,0.0,0.0,15.0,81.0,8.1,18.95
1.0,0.0,0.0,0.0,0.0,65.0,61.0,6.1,33.67
0.0,1.0,0.0,0.0,1.0,56.0,38.0,3.8,14.63
1.0,0.0,0.0,0.0,0.0,56.0,43.0,4.3,23.88
0.0,0.0,1.0,0.0,9.0,57.0,45.0,4.5,16.91
0.0,0.0,0.0,1.0,14.0,9.0,74.0,7.4,8.72
0.0,1.0,0.0,0.0,1.0,21.0,44.0,4.4,18.34
1.0,0.0,0.0,0.0,0.0,0.0,61.0,6.1,19.28
0.0,0.0,0.0,1.0,23.0,27.0,81.0,8.1,13.85
0.0,0.0,1.0,0.0,0.0,58.0,68.0,6.8,17.07
0.0,0.0,0.0,1.0,2.0,55.0,73.0,7.3,30.37
1.0,0.0,0.0,0.0,6.0,37.0,43.0,4.3,12.91
0.0,1.0,0.0,0.0,0.0,11.0,33.0,3.3,28.52
0.0,1.0,0.0,0.0,0.0,4.0,29.0,2.9,24.76
0.0,0.0,0.0,1.0,7.0,82.0,71.0,7.1,25.49
0.0,0.0,0.0,1.0,0.0,12.0,65.0,6.5,24.83
0.0,0.0,1.0,0.0,0.0,36.0,60.0,6.0,19.82
0.0,0.0,0.0,1.0,0.0,15.0,64.0,6.4,19.34
0.0,0.0,1.0,0.0,0.0,0.0,59.0,5.9,17.1
0.0,1.0,0.0,0.0,7.0,2.0,54.0,5.4,9.78
1.0,0.0,0.0,0.0,0.0,0.0,37.0,3.7,17.32
1.0,0.0,0.0,0.0,0.0,2.0,60.0,6.0,15.5
1.0,0.0,0.0,0.0,0.0,0.0,31.0,3.1,12.29
1.0,0.0,0.0,0.0,3.0,7.0,50.0,5.0,22.44
0.0,0.0,0.0,1.0,0.0,12.0,78.0,7.8,18.69
0.0,0.0,0.0,1.0,0.0,43.0,74.0,7.4,20.82
0.0,0.0,1.0,0.0,0.0,50.0,25.0,2.5,27.88
0.0,1.0,0.0,0.0,28.0,36.0,41.0,4.1,23.07
0.0,0.0,0.0,1.0,20.0,10.0,86.0,8.6,20.27
0.0,0.0,0.0,1.0,5.0,57.0,74.0,7.4,24.88
0.0,1.0,0.0,0.0,6.0,29.0,29.0,2.9,20.86
0.0,0.0,0.0,1.0,0.0,37.0,87.0,8.7,23.37
0.0,0.0,1.0,0.0,0.0,27.0,62.0,6.2,18.69
0.0,0.0,1.0,0.0,17.0,45.0,77.0,7.7,15.49
0.0,1.0,0.0,0.0,14.0,35.0,35.0,3.5,28.17
0.0,1.0,0.0,0.0,1.0,70.0,29.0,2.9,28.52
0.0,1.0,0.0,0.0,14.0,14.0,41.0,4.1,25.98
0.0,0.0,1.0,0.0,3.0,64.0,38.0,3.8,29.16
1.0,0.0,0.0,0.0,8.0,9.0,57.0,5.7,17.72
0.0,0.0,1.0,0.0,18.0,77.0,60.0,6.0,29.78
0.0,0.0,0.0,1.0,0.0,49.0,84.0,8.4,11.58
1.0,0.0,0.0,0.0,0.0,4.0,49.0,4.9,18.04
0.0,0.0,1.0,0.0,19.0,40.0,46.0,4.6,20.63
0.0,1.0,0.0,0.0,3.0,30.0,47.0,4.7,20.96
0.0,0.0,1.0,0.0,6.0,36.0,31.0,3.1,17.06
0.0,0.0,1.0,0.0,18.0,19.0,54.0,5.4,11.15
0.0,0.0,1.0,0.0,3.0,50.0,31.0,3.1,24.35
0.0,0.0,1.0,0.0,3.0,32.0,55.0,5.5,18.02
0.0,0.0,1.0,0.0,16.0,98.0,82.0,8.2,33.13
1.0,0.0,0.0,0.0,5.0,79.0,52.0,5.2,23.79
0.0,0.0,0.0,1.0,4.0,49.0,69.0,6.9,11.74
1.0,0.0,0.0,0.0,20.0,65.0,33.0,3.3,34.94
0.0,0.0,1.0,0.0,30.0,12.0,80.0,8.0,20.82
0.0,0.0,1.0,0.0,0.0,20.0,62.0,6.2,24.85
0.0,0.0,0.0,1.0,0.0,36.0,78.0,7.8,21.55
0.0,0.0,1.0,0.0,1.0,70.0,54.0,5.4,26.57
0.0,0.0,0.0,1.0,9.0,51.0,75.0,7.5,27.21
0.0,1.0,0.0,0.0,1.0,65.0,40.0,4.0,29.38
1.0,0.0,0.0,0.0,0.0,36.0,46.0,4.6,22.98
0.0,0.0,0.0,1.0,0.0,0.0,52.0,5.2,17.46
1.0,0.0,0.0,0.0,3.0,49.0,23.0,2.3,22.43
1.0,0.0,0.0,0.0,2.0,61.0,38.0,3.8,26.03
0.0,1.0,0.0,0.0,8.0,21.0,33.0,3.3,15.12
0.0,0.0,1.0,0.0,3.0,51.0,45.0,4.5,24.44
0.0,0.0,0.0,1.0,10.0,53.0,47.0,4.7,26.36
0.0,0.0,1.0,0.0,3.0,22.0,66.0,6.6,22.89
1.0,0.0,0.0,0.0,7.0,36.0,42.0,4.2,14.0
0.0,1.0,0.0,0.0,4.0,70.0,53.0,5.3,32.87
1.0,0.0,0.0,0.0,7.0,0.0,48.0,4.8,18.06
1.0,0.0,0.0,0.0,19.0,59.0,49.0,4.9,15.24
1.0,0.0,0.0,0.0,0.0,73.0,50.0,5.0,25.5
1.0,0.0,0.0,0.0,0.0,29.0,63.0,6.3,19.03
1.0,0.0,0.0,0.0,18.0,18.0,49.0,4.9,22.0
1.0,0.0,0.0,0.0,0.0,0.0,56.0,5.6,8.98
0.0,0.0,0.0,1.0,2.0,56.0,52.0,5.2,13.42
0.0,0.0,0.0,1.0,8.0,31.0,67.0,6.7,17.94
0.0,0.0,1.0,0.0,28.0,87.0,29.0,2.9,15.69
0.0,0.0,0.0,1.0,6.0,42.0,72.0,7.2,13.99
0.0,0.0,0.0,1.0,0.0,3.0,52.0,5.2,16.62
0.0,1.0,0.0,0.0,6.0,15.0,39.0,3.9,22.49
0.0,1.0,0.0,0.0,10.0,0.0,47.0,4.7,12.02
1.0,0.0,0.0,0.0,2.0,43.0,38.0,3.8,20.32
0.0,1.0,0.0,0.0,0.0,55.0,56.0,5.6,25.45
0.0,0.0,1.0,0.0,0.0,73.0,46.0,4.6,26.59
1.0,0.0,0.0,0.0,16.0,31.0,47.0,4.7,19.91
0.0,0.0,0.0,1.0,0.0,3.0,62.0,6.2,20.23
0.0,0.0,0.0,1.0,17.0,20.0,43.0,4.3,20.47
1.0,0.0,0.0,0.0,14.0,83.0,33.0,3.3,28.24
0.0,0.0,1.0,0.0,0.0,0.0,18.0,1.8,11.89
0.0,0.0,1.0,0.0,0.0,24.0,57.0,5.7,23.32
0.0,0.0,1.0,0.0,0.0,11.0,47.0,4.7,23.26
0.0,1.0,0.0,0.0,0.0,7.0,40.0,4.0,12.03
0.0,0.0,1.0,0.0,0.0,12.0,32.0,3.2,12.81
1.0,0.0,0.0,0.0,20.0,57.0,64.0,6.4,27.14
0.0,1.0,0.0,0.0,0.0,0.0,39.0,3.9,17.51
0.0,1.0,0.0,0.0,12.0,37.0,40.0,4.0,13.82
0.0,1.0,0.0,0.0,0.0,0.0,30.0,3.0,16.53
0.0,0.0,0.0,1.0,10.0,45.0,61.0,6.1,21.84
0.0,1.0,0.0,0.0,14.0,8.0,37.0,3.7,16.57
1.0,0.0,0.0,0.0,0.0,43.0,46.0,4.6,28.3
0.0,0.0,1.0,0.0,0.0,30.0,49.0,4.9,25.31
0.0,1.0,0.0,0.0,10.0,45.0,38.0,3.8,12.82
0.0,1.0,0.0,0.0,11.0,68.0,53.0,5.3,30.02
0.0,1.0,0.0,0.0,0.0,28.0,13.0,1.3,14.92
1.0,0.0,0.0,0.0,0.0,24.0,77.0,7.7,25.39
0.0,0.0,0.0,1.0,0.0,61.0,57.0,5.7,20.89
1.0,0.0,0.0,0.0,0.0,59.0,47.0,4.7,13.47
0.0,0.0,0.0,1.0,7.0,4.0,50.0,5.0,13.24
0.0,0.0,0.0,1.0,0.0,30.0,58.0,5.8,11.88
0.0,0.0,1.0,0.0,0.0,13.0,60.0,6.0,13.07
0.0,0.0,0.0,1.0,0.0,0.0,67.0,6.7,18.55
1.0,0.0,0.0,0.0,4.0,1.0,38.0,3.8,22.34
0.0,0.0,1.0,0.0,2.0,54.0,44.0,4.4,28.2
0.0,0.0,0.0,1.0,0.0,7.0,69.0,6.9,20.72
0.0,1.0,0.0,0.0,17.0,16.0,48.0,4.8,13.17
1.0,0.0,0.0,0.0,10.0,51.0,55.0,5.5,31.0
1.0,0.0,0.0,0.0,0.0,25.0,27.0,2.7,30.22
0.0,1.0,0.0,0.0,0.0,0.0,47.0,4.7,18.02
0.0,1.0,0.0,0.0,0.0,9.0,40.0,4.0,17.9
1.0,0.0,0.0,0.0,17.0,29.0,52.0,5.2,22.58
0.0,0.0,0.0,1.0,11.0,1.0,66.0,6.6,17.61
0.0,1.0,0.0,0.0,0.0,85.0,25.0,2.5,23.0
1.0,0.0,0.0,0.0,0.0,30.0,35.0,3.5,22.69
0.0,0.0,1.0,0.0,13.0,13.0,48.0,4.8,25.31
0.0,1.0,0.0,0.0,3.0,30.0,46.0,4.6,25.33
0.0,0.0,1.0,0.0,1.0,15.0,45.0,4.5,12.11
0.0,0.0,1.0,0.0,0.0,43.0,46.0,4.6,18.61
0.0,0.0,1.0,0.0,0.0,40.0,73.0,7.3,15.51
0.0,0.0,0.0,1.0,0.0,61.0,49.0,4.9,17.39
1.0,0.0,0.0,0.0,0.0,19.0,58.0,5.8,24.66
1.0,0.0,0.0,0.0,15.0,80.0,40.0,4.0,29.82
0.0,1.0,0.0,0.0,5.0,15.0,41.0,4.1,18.51
0.0,0.0,1.0,0.0,0.0,41.0,41.0,4.1,26.27
0.0,0.0,0.0,1.0,12.0,61.0,90.0,9.0,24.94
0.0,0.0,1.0,0.0,1.0,0.0,84.0,8.4,21.82
0.0,0.0,1.0,0.0,0.0,42.0,53.0,5.3,17.74
1.0,0.0,0.0,0.0,2.0,22.0,70.0,7.0,11.63
0.0,0.0,1.0,0.0,0.0,19.0,56.0,5.6,21.2
1.0,0.0,0.0,0.0,0.0,58.0,53.0,5.3,26.62
0.0,0.0,1.0,0.0,2.0,85.0,52.0,5.2,26.04
0.0,0.0,0.0,1.0,11.0,60.0,45.0,4.5,24.42
1.0,0.0,0.0,0.0,0.0,12.0,54.0,5.4,18.28
1.0,0.0,0.0,0.0,0.0,1.0,50.0,5.0,22.64
1.0,0.0,0.0,0.0,0.0,15.0,73.0,7.3,19.52
0.0,0.0,0.0,1.0,0.0,36.0,60.0,6.0,11.93
0.0,0.0,0.0,1.0,10.0,18.0,43.0,4.3,23.12
0.0,0.0,1.0,0.0,0.0,6.0,69.0,6.9,16.49
0.0,0.0,1.0,0.0,0.0,3.0,58.0,5.8,15.34
1.0,0.0,0.0,0.0,13.0,24.0,43.0,4.3,17.42
0.0,0.0,0.0,1.0,0.0,19.0,60.0,6.0,14.42
1.0,0.0,0.0,0.0,11.0,85.0,51.0,5.1,13.43
0.0,0.0,0.0,1.0,6.0,65.0,83.0,8.3,28.46
0.0,0.0,0.0,1.0,0.0,19.0,92.0,9.2,12.66
0.0,0.0,1.0,0.0,0.0,11.0,60.0,6.0,20.58
0.0,0.0,0.0,1.0,0.0,10.0,50.0,5.0,13.92
0.0,0.0,1.0,0.0,0.0,16.0,64.0,6.4,29.3
0.0,1.0,0.0,0.0,2.0,0.0,35.0,3.5,9.71
1.0,0.0,0.0,0.0,0.0,14.0,61.0,6.1,23.08
1.0,0.0,0.0,0.0,7.0,16.0,73.0,7.3,25.56
0.0,0.0,1.0,0.0,0.0,5.0,49.0,4.9,9.06
1.0,0.0,0.0,0.0,4.0,52.0,42.0,4.2,24.0
0.0,0.0,0.0,1.0,5.0,11.0,51.0,5.1,17.9
0.0,0.0,0.0,1.0,18.0,55.0,61.0,6.1,34.51
0.0,1.0,0.0,0.0,0.0,32.0,42.0,4.2,17.64
1.0,0.0,0.0,0.0,16.0,31.0,48.0,4.8,17.81
0.0,0.0,0.0,1.0,0.0,11.0,65.0,6.5,21.25
0.0,0.0,1.0,0.0,0.0,12.0,64.0,6.4,20.42
0.0,0.0,1.0,0.0,0.0,4.0,49.0,4.9,18.9
0.0,0.0,1.0,0.0,5.0,34.0,52.0,5.2,21.81
0.0,0.0,0.0,1.0,0.0,0.0,78.0,7.8,13.23
0.0,1.0,0.0,0.0,0.0,0.0,48.0,4.8,14.96
0.0,0.0,1.0,0.0,14.0,51.0,49.0,4.9,22.39
0.0,0.0,1.0,0.0,18.0,27.0,57.0,5.7,15.18
0.0,0.0,1.0,0.0,0.0,82.0,69.0,6.9,24.9
0.0,0.0,0.0,1.0,0.0,31.0,68.0,6.8,12.56
1.0,0.0,0.0,0.0,0.0,42.0,63.0,6.3,28.7
1.0,0.0,0.0,0.0,16.0,98.0,45.0,4.5,26.36
1.0,0.0,0.0,0.0,7.0,29.0,56.0,5.6,25.62
0.0,0.0,0.0,1.0,3.0,39.0,58.0,5.8,21.84
0.0,0.0,1.0,0.0,0.0,35.0,43.0,4.3,18.07
0.0,0.0,1.0,0.0,3.0,10.0,32.0,3.2,22.41
0.0,0.0,0.0,1.0,20.0,23.0,47.0,4.7,13.77
1.0,0.0,0.0,0.0,9.0,37.0,53.0,5.3,20.47
0.0,0.0,1.0,0.0,10.0,45.0,59.0,5.9,22.88
0.0,0.0,0.0,1.0,3.0,57.0,42.0,4.2,28.52
0.0,1.0,0.0,0.0,2.0,69.0,40.0,4.0,31.32
1.0,0.0,0.0,0.0,10.0,18.0,48.0,4.8,22.58
0.0,0.0,1.0,0.0,6.0,15.0,63.0,6.3,20.33
0.0,0.0,0.0,1.0,0.0,27.0,75.0,7.5,12.04
0.0,1.0,0.0,0.0,0.0,0.0,43.0,4.3,24.16
0.0,1.0,0.0,0.0,0.0,16.0,55.0,5.5,13.47
1.0,0.0,0.0,0.0,0.0,26.0,58.0,5.8,27.47
0.0,0.0,0.0,1.0,9.0,55.0,64.0,6.4,16.11
1.0,0.0,0.0,0.0,0.0,0.0,42.0,4.2,17.4
0.0,0.0,0.0,1.0,10.0,59.0,51.0,5.1,27.76
0.0,0.0,1.0,0.0,0.0,60.0,78.0,7.8,30.92
1.0,0.0,0.0,0.0,0.0,8.0,39.0,3.9,15.44
0.0,1.0,0.0,0.0,12.0,75.0,34.0,3.4,30.94
0.0,0.0,0.0,1.0,10.0,54.0,51.0,5.1,21.88
0.0,0.0,1.0,0.0,0.0,10.0,65.0,6.5,12.11
0.0,1.0,0.0,0.0,0.0,12.0,33.0,3.3,15.58
0.0,0.0,1.0,0.0,13.0,37.0,59.0,5.9,26.85
0.0,0.0,1.0,0.0,17.0,28.0,29.0,2.9,12.38
0.0,1.0,0.0,0.0,0.0,18.0,46.0,4.6,12.43
0.0,1.0,0.0,0.0,1.0,22.0,36.0,3.6,15.08
0.0,0.0,0.0,1.0,0.0,25.0,52.0,5.2,13.67
0.0,0.0,0.0,1.0,11.0,51.0,44.0,4.4,33.39
0.0,0.0,0.0,1.0,0.0,56.0,68.0,6.8,24.41
0.0,0.0,0.0,1.0,30.0,52.0,58.0,5.8,23.03
0.0,0.0,1.0,0.0,17.0,53.0,60.0,6.0,24.28
1.0,0.0,0.0,0.0,14.0,58.0,40.0,4.0,27.45
0.0,1.0,0.0,0.0,33.0,25.0,44.0,4.4,23.25
0.0,0.0,0.0,1.0,0.0,29.0,52.0,5.2,20.96
0.0,0.0,0.0,1.0,16.0,41.0,72.0,7.2,25.1
0.0,1.0,0.0,0.0,7.0,26.0,41.0,4.1,15.59
0.0,0.0,0.0,1.0,0.0,15.0,70.0,7.0,14.03
0.0,1.0,0.0,0.0,5.0,54.0,46.0,4.6,29.07
1.0,0.0,0.0,0.0,0.0,0.0,37.0,3.7,10.0
0.0,0.0,0.0,1.0,17.0,48.0,58.0,5.8,14.07
1.0,0.0,0.0,0.0,14.0,54.0,38.0,3.8,25.84
0.0,1.0,0.0,0.0,3.0,61.0,49.0,4.9,17.65
0.0,0.0,1.0,0.0,6.0,62.0,84.0,8.4,13.14
0.0,0.0,0.0,1.0,19.0,38.0,73.0,7.3,12.63
0.0,0.0,0.0,1.0,5.0,35.0,85.0,8.5,21.48
0.0,0.0,1.0,0.0,6.0,59.0,70.0,7.0,18.67
0.0,0.0,1.0,0.0,5.0,11.0,47.0,4.7,28.0
0.0,1.0,0.0,0.0,20.0,7.0,45.0,4.5,11.0
1.0,0.0,0.0,0.0,0.0,11.0,22.0,2.2,24.68
1.0,0.0,0.0,0.0,0.0,22.0,54.0,5.4,30.19
0.0,0.0,0.0,1.0,10.0,55.0,48.0,4.8,22.27
0.0,0.0,0.0,1.0,0.0,24.0,77.0,7.7,19.01
0.0,1.0,0.0,0.0,0.0,16.0,31.0,3.1,12.13
0.0,0.0,1.0,0.0,18.0,55.0,53.0,5.3,22.25
0.0,0.0,1.0,0.0,0.0,14.0,64.0,6.4,23.06
0.0,1.0,0.0,0.0,0.0,10.0,39.0,3.9,21.79
0.0,0.0,1.0,0.0,12.0,76.0,80.0,8.0,26.05
0.0,0.0,1.0,0.0,0.0,0.0,39.0,3.9,17.59
0.0,0.0,1.0,0.0,0.0,27.0,32.0,3.2,14.75
1.0,0.0,0.0,0.0,1.0,53.0,63.0,6.3,32.4
0.0,0.0,0.0,1.0,4.0,59.0,66.0,6.6,22.83
1.0,0.0,0.0,0.0,13.0,86.0,50.0,5.0,30.6
0.0,0.0,0.0,1.0,21.0,52.0,57.0,5.7,19.19
0.0,1.0,0.0,0.0,0.0,43.0,24.0,2.4,22.21
0.0,1.0,0.0,0.0,0.0,35.0,30.0,3.0,12.27
1.0,0.0,0.0,0.0,0.0,23.0,27.0,2.7,23.22
1.0,0.0,0.0,0.0,6.0,11.0,79.0,7.9,14.97
0.0,1.0,0.0,0.0,7.0,40.0,41.0,4.1,21.24
0.0,1.0,0.0,0.0,0.0,11.0,39.0,3.9,11.64
0.0,0.0,0.0,1.0,0.0,18.0,65.0,6.5,19.14
0.0,0.0,0.0,1.0,9.0,67.0,76.0,7.6,34.78
1.0,0.0,0.0,0.0,0.0,7.0,50.0,5.0,16.22
1.0,0.0,0.0,0.0,0.0,19.0,46.0,4.6,14.11
0.0,0.0,1.0,0.0,0.0,3.0,77.0,7.7,9.42
0.0,1.0,0.0,0.0,0.0,0.0,31.0,3.1,23.94
0.0,0.0,0.0,1.0,0.0,20.0,66.0,6.6,19.0
0.0,0.0,0.0,1.0,0.0,11.0,86.0,8.6,20.62
0.0,0.0,0.0,1.0,0.0,0.0,78.0,7.8,8.97
1.0,0.0,0.0,0.0,13.0,42.0,66.0,6.6,30.35
0.0,0.0,0.0,1.0,26.0,52.0,56.0,5.6,15.14
0.0,1.0,0.0,0.0,0.0,16.0,36.0,3.6,12.5
0.0,0.0,1.0,0.0,0.0,61.0,32.0,3.2,20.78
0.0,0.0,1.0,0.0,1.0,46.0,57.0,5.7,15.07
0.0,1.0,0.0,0.0,0.0,70.0,41.0,4.1,26.29
0.0,0.0,0.0,1.0,0.0,6.0,41.0,4.1,20.59
0.0,0.0,1.0,0.0,0.0,46.0,57.0,5.7,25.14
0.0,0.0,1.0,0.0,0.0,0.0,40.0,4.0,22.62
0.0,1.0,0.0,0.0,0.0,28.0,53.0,5.3,24.98
0.0,0.0,0.0,1.0,2.0,15.0,56.0,5.6,21.79
0.0,0.0,0.0,1.0,5.0,23.0,64.0,6.4,24.7
1.0,0.0,0.0,0.0,2.0,31.0,42.0,4.2,25.12
0.0,0.0,0.0,1.0,17.0,46.0,76.0,7.6,13.39
0.0,0.0,1.0,0.0,29.0,46.0,73.0,7.3,10.08
0.0,0.0,0.0,1.0,1.0,87.0,54.0,5.4,15.81
0.0,1.0,0.0,0.0,0.0,27.0,46.0,4.6,27.46
0.0,0.0,0.0,1.0,0.0,18.0,68.0,6.8,20.54
0.0,0.0,1.0,0.0,10.0,36.0,63.0,6.3,12.76
0.0,0.0,1.0,0.0,0.0,26.0,74.0,7.4,18.99
1.0,0.0,0.0,0.0,4.0,14.0,48.0,4.8,19.83
0.0,0.0,1.0,0.0,6.0,42.0,77.0,7.7,21.64
1.0,0.0,0.0,0.0,0.0,7.0,33.0,3.3,16.67
0.0,0.0,0.0,1.0,4.0,0.0,68.0,6.8,14.68
0.0,1.0,0.0,0.0,5.0,15.0,51.0,5.1,24.76
0.0,0.0,1.0,0.0,5.0,0.0,70.0,7.0,10.01
0.0,1.0,0.0,0.0,5.0,52.0,32.0,3.2,23.75
0.0,0.0,1.0,0.0,3.0,52.0,64.0,6.4,23.78
0.0,0.0,1.0,0.0,0.0,22.0,52.0,5.2,12.33
0.0,0.0,1.0,0.0,0.0,11.0,38.0,3.8,22.55
1.0,0.0,0.0,0.0,0.0,76.0,47.0,4.7,30.83
1.0,0.0,0.0,0.0,7.0,78.0,39.0,3.9,31.87
0.0,0.0,0.0,1.0,0.0,58.0,57.0,5.7,20.96
0.0,0.0,1.0,0.0,2.0,52.0,59.0,5.9,26.17
0.0,0.0,1.0,0.0,15.0,19.0,33.0,3.3,21.85
0.0,0.0,0.0,1.0,8.0,20.0,54.0,5.4,29.61
0.0,1.0,0.0,0.0,0.0,41.0,41.0,4.1,23.15
0.0,0.0,1.0,0.0,3.0,45.0,43.0,4.3,22.21
0.0,0.0,0.0,1.0,2.0,28.0,45.0,4.5,18.16
1.0,0.0,0.0,0.0,9.0,27.0,75.0,7.5,16.57
0.0,0.0,0.0,1.0,14.0,35.0,68.0,6.8,24.47
0.0,1.0,0.0,0.0,0.0,56.0,28.0,2.8,27.0
1.0,0.0,0.0,0.0,0.0,50.0,43.0,4.3,16.26
0.0,0.0,1.0,0.0,23.0,35.0,90.0,9.0,14.5
0.0,0.0,0.0,1.0,6.0,66.0,46.0,4.6,21.96
1.0,0.0,0.0,0.0,3.0,4.0,75.0,7.5,18.17
0.0,1.0,0.0,0.0,0.0,14.0,35.0,3.5,15.0
0.0,0.0,0.0,1.0,0.0,7.0,64.0,6.4,16.22
0.0,0.0,0.0,1.0,13.0,13.0,71.0,7.1,27.8
0.0,0.0,1.0,0.0,20.0,54.0,45.0,4.5,21.82
0.0,1.0,0.0,0.0,0.0,56.0,46.0,4.6,25.63
0.0,0.0,0.0,1.0,11.0,10.0,35.0,3.5,11.86
0.0,0.0,1.0,0.0,0.0,59.0,49.0,4.9,13.2
0.0,0.0,1.0,0.0,12.0,71.0,56.0,5.6,15.82
0.0,0.0,0.0,1.0,0.0,21.0,40.0,4.0,17.85
0.0,0.0,1.0,0.0,0.0,31.0,68.0,6.8,18.5
0.0,0.0,1.0,0.0,0.0,78.0,73.0,7.3,26.36
0.0,0.0,1.0,0.0,0.0,41.0,50.0,5.0,14.92
0.0,0.0,0.0,1.0,0.0,20.0,89.0,8.9,21.94
0.0,0.0,1.0,0.0,20.0,19.0,70.0,7.0,14.97
0.0,1.0,0.0,0.0,0.0,45.0,44.0,4.4,25.45
0.0,1.0,0.0,0.0,0.0,14.0,37.0,3.7,23.68
0.0,0.0,0.0,1.0,0.0,69.0,73.0,7.3,17.64
0.0,0.0,1.0,0.0,22.0,60.0,41.0,4.1,21.83
1.0,0.0,0.0,0.0,1.0,41.0,16.0,1.6,25.56
1.0,0.0,0.0,0.0,0.0,0.0,32.0,3.2,18.41
0.0,0.0,0.0,1.0,10.0,45.0,54.0,5.4,22.74
0.0,0.0,1.0,0.0,0.0,2.0,61.0,6.1,14.36
0.0,1.0,0.0,0.0,8.0,61.0,49.0,4.9,15.57
0.0,1.0,0.0,0.0,6.0,31.0,39.0,3.9,24.9
0.0,0.0,0.0,1.0,0.0,11.0,75.0,7.5,13.56
0.0,0.0,1.0,0.0,7.0,26.0,44.0,4.4,22.89
0.0,1.0,0.0,0.0,10.0,46.0,51.0,5.1,24.59
1.0,0.0,0.0,0.0,0.0,18.0,57.0,5.7,21.16
0.0,0.0,1.0,0.0,0.0,6.0,89.0,8.9,10.4
0.0,0.0,0.0,1.0,1.0,8.0,65.0,6.5,9.29
1.0,0.0,0.0,0.0,0.0,24.0,20.0,2.0,21.2
1.0,0.0,0.0,0.0,0.0,28.0,61.0,6.1,17.15
0.0,0.0,1.0,0.0,0.0,11.0,62.0,6.2,25.77
0.0,1.0,0.0,0.0,11.0,19.0,43.0,4.3,21.07
0.0,0.0,0.0,1.0,0.0,17.0,51.0,5.1,15.45
0.0,0.0,1.0,0.0,0.0,67.0,44.0,4.4,17.05
0.0,1.0,0.0,0.0,0.0,11.0,47.0,4.7,26.91
1.0,0.0,0.0,0.0,6.0,28.0,40.0,4.0,18.93
0.0,0.0,0.0,1.0,3.0,42.0,62.0,6.2,26.1
0.0,0.0,1.0,0.0,0.0,5.0,58.0,5.8,12.0
0.0,0.0,1.0,0.0,0.0,4.0,34.0,3.4,9.82
0.0,1.0,0.0,0.0,4.0,0.0,38.0,3.8,10.21
0.0,0.0,0.0,1.0,9.0,23.0,82.0,8.2,20.18
1.0,0.0,0.0,0.0,7.0,2.0,54.0,5.4,12.39
1.0,0.0,0.0,0.0,1.0,32.0,58.0,5.8,25.24
0.0,0.0,0.0,1.0,3.0,16.0,36.0,3.6,20.36
0.0,1.0,0.0,0.0,0.0,0.0,28.0,2.8,20.04
0.0,0.0,0.0,1.0,0.0,30.0,62.0,6.2,28.02
0.0,1.0,0.0,0.0,0.0,11.0,48.0,4.8,24.19
0.0,1.0,0.0,0.0,0.0,31.0,51.0,5.1,15.02
0.0,0.0,0.0,1.0,22.0,31.0,72.0,7.2,24.08
0.0,0.0,0.0,1.0,16.0,43.0,66.0,6.6,20.95
1.0,0.0,0.0,0.0,3.0,52.0,35.0,3.5,30.17
0.0,0.0,1.0,0.0,0.0,61.0,47.0,4.7,21.79
0.0,1.0,0.0,0.0,0.0,63.0,40.0,4.0,37.3
0.0,1.0,0.0,0.0,9.0,70.0,37.0,3.7,17.32
0.0,0.0,1.0,0.0,0.0,48.0,35.0,3.5,17.66
0.0,0.0,1.0,0.0,16.0,0.0,5.0,0.5,21.2
0.0,1.0,0.0,0.0,7.0,19.0,41.0,4.1,14.95
0.0,1.0,0.0,0.0,16.0,52.0,27.0,2.7,33.11
0.0,0.0,1.0,0.0,20.0,3.0,54.0,5.4,19.7
1.0,0.0,0.0,0.0,0.0,28.0,24.0,2.4,22.83
1.0,0.0,0.0,0.0,7.0,29.0,67.0,6.7,23.43
0.0,1.0,0.0,0.0,0.0,0.0,61.0,6.1,23.95
0.0,1.0,0.0,0.0,0.0,7.0,46.0,4.6,17.63
0.0,0.0,1.0,0.0,0.0,110.0,81.0,8.1,26.9
0.0,0.0,0.0,1.0,5.0,39.0,65.0,6.5,12.4
1.0,0.0,0.0,0.0,16.0,75.0,49.0,4.9,37.14
0.0,0.0,0.0,1.0,10.0,64.0,66.0,6.6,19.56
0.0,0.0,0.0,1.0,0.0,12.0,52.0,5.2,20.71
0.0,1.0,0.0,0.0,0.0,16.0,40.0,4.0,28.23
1.0,0.0,0.0,0.0,0.0,5.0,49.0,4.9,20.08
0.0,1.0,0.0,0.0,2.0,15.0,38.0,3.8,12.84
0.0,0.0,0.0,1.0,0.0,35.0,86.0,8.6,10.86
1.0,0.0,0.0,0.0,8.0,59.0,51.0,5.1,34.75
0.0,0.0,0.0,1.0,13.0,44.0,68.0,6.8,14.99
0.0,1.0,0.0,0.0,16.0,0.0,26.0,2.6,8.92
1.0,0.0,0.0,0.0,15.0,24.0,37.0,3.7,30.86
0.0,0.0,1.0,0.0,0.0,9.0,38.0,3.8,12.16
1.0,0.0,0.0,0.0,12.0,7.0,58.0,5.8,9.41
1.0,0.0,0.0,0.0,0.0,39.0,52.0,5.2,11.4
0.0,1.0,0.0,0.0,8.0,19.0,35.0,3.5,23.74
0.0,1.0,0.0,0.0,22.0,46.0,52.0,5.2,11.96
0.0,0.0,0.0,1.0,1.0,25.0,64.0,6.4,17.08
0.0,0.0,1.0,0.0,1.0,72.0,58.0,5.8,19.55
0.0,1.0,0.0,0.0,13.0,86.0,43.0,4.3,15.21
0.0,0.0,1.0,0.0,12.0,15.0,45.0,4.5,24.91
0.0,1.0,0.0,0.0,18.0,18.0,32.0,3.2,12.0
0.0,1.0,0.0,0.0,0.0,9.0,43.0,4.3,14.44
1.0,0.0,0.0,0.0,7.0,6.0,52.0,5.2,17.75
0.0,1.0,0.0,0.0,7.0,47.0,28.0,2.8,23.75
0.0,0.0,1.0,0.0,0.0,13.0,25.0,2.5,27.12
0.0,1.0,0.0,0.0,2.0,8.0,36.0,3.6,17.5
0.0,0.0,0.0,1.0,8.0,29.0,56.0,5.6,21.45
1.0,0.0,0.0,0.0,0.0,48.0,64.0,6.4,22.78
1.0,0.0,0.0,0.0,0.0,28.0,35.0,3.5,21.54
0.0,0.0,0.0,1.0,7.0,20.0,62.0,6.2,24.65
0.0,0.0,0.0,1.0,6.0,64.0,67.0,6.7,32.57
0.0,1.0,0.0,0.0,0.0,4.0,34.0,3.4,8.91
1.0,0.0,0.0,0.0,0.0,27.0,61.0,6.1,30.41
1.0,0.0,0.0,0.0,22.0,20.0,39.0,3.9,20.05
1.0,0.0,0.0,0.0,0.0,8.0,57.0,5.7,9.25
1.0,0.0,0.0,0.0,15.0,36.0,49.0,4.9,23.53
1.0,0.0,0.0,0.0,3.0,19.0,49.0,4.9,26.65
0.0,0.0,0.0,1.0,13.0,83.0,74.0,7.4,27.55
0.0,0.0,1.0,0.0,0.0,19.0,39.0,3.9,13.62
0.0,1.0,0.0,0.0,24.0,23.0,43.0,4.3,19.86
0.0,0.0,0.0,1.0,0.0,28.0,41.0,4.1,19.8
0.0,0.0,0.0,1.0,0.0,27.0,81.0,8.1,28.44
0.0,0.0,0.0,1.0,0.0,27.0,69.0,6.9,23.45
0.0,0.0,0.0,1.0,8.0,0.0,71.0,7.1,16.77
0.0,0.0,0.0,1.0,22.0,112.0,58.0,5.8,23.88
0.0,1.0,0.0,0.0,0.0,124.0,35.0,3.5,25.63
0.0,0.0,0.0,1.0,0.0,9.0,48.0,4.8,11.08
1.0,0.0,0.0,0.0,2.0,49.0,39.0,3.9,28.64
1.0,0.0,0.0,0.0,18.0,20.0,63.0,6.3,11.22
0.0,0.0,1.0,0.0,0.0,18.0,45.0,4.5,26.89
0.0,0.0,0.0,1.0,0.0,47.0,69.0,6.9,25.52
0.0,1.0,0.0,0.0,0.0,0.0,33.0,3.3,22.58
0.0,0.0,1.0,0.0,10.0,51.0,48.0,4.8,17.46
1.0,0.0,0.0,0.0,4.0,70.0,49.0,4.9,26.65
1.0,0.0,0.0,0.0,3.0,65.0,43.0,4.3,36.35
0.0,0.0,1.0,0.0,7.0,67.0,75.0,7.5,18.29
0.0,0.0,1.0,0.0,0.0,0.0,68.0,6.8,19.29
0.0,0.0,0.0,1.0,0.0,30.0,68.0,6.8,25.18
1.0,0.0,0.0,0.0,4.0,0.0,41.0,4.1,24.73
1.0,0.0,0.0,0.0,0.0,65.0,38.0,3.8,21.68
0.0,0.0,0.0,1.0,5.0,70.0,77.0,7.7,13.0
0.0,0.0,1.0,0.0,0.0,47.0,54.0,5.4,12.11
1.0,0.0,0.0,0.0,14.0,57.0,52.0,5.2,34.06
0.0,0.0,0.0,1.0,20.0,46.0,88.0,8.8,16.92
0.0,1.0,0.0,0.0,6.0,59.0,37.0,3.7,15.03
0.0,1.0,0.0,0.0,16.0,41.0,43.0,4.3,29.23
0.0,1.0,0.0,0.0,5.0,45.0,30.0,3.0,22.8
0.0,0.0,0.0,1.0,4.0,58.0,62.0,6.2,36.98
0.0,1.0,0.0,0.0,6.0,77.0,42.0,4.2,15.5
0.0,0.0,0.0,1.0,8.0,56.0,57.0,5.7,26.81
1.0,0.0,0.0,0.0,0.0,0.0,49.0,4.9,10.57
0.0,0.0,1.0,0.0,3.0,50.0,64.0,6.4,24.34
0.0,1.0,0.0,0.0,3.0,19.0,48.0,4.8,18.5
1.0,0.0,0.0,0.0,0.0,16.0,52.0,5.2,19.12
0.0,0.0,0.0,1.0,0.0,1.0,53.0,5.3,16.55
0.0,1.0,0.0,0.0,6.0,77.0,48.0,4.8,28.9
1.0,0.0,0.0,0.0,3.0,10.0,58.0,5.8,23.45
0.0,1.0,0.0,0.0,0.0,12.0,34.0,3.4,23.32
0.0,0.0,1.0,0.0,0.0,35.0,65.0,6.5,12.32
1.0,0.0,0.0,0.0,0.0,48.0,25.0,2.5,23.64
0.0,1.0,0.0,0.0,3.0,13.0,44.0,4.4,15.52
0.0,0.0,0.0,1.0,0.0,31.0,64.0,6.4,14.97
0.0,0.0,0.0,1.0,0.0,42.0,58.0,5.8,15.31
1.0,0.0,0.0,0.0,0.0,50.0,56.0,5.6,28.27
0.0,1.0,0.0,0.0,17.0,45.0,33.0,3.3,28.48
0.0,0.0,1.0,0.0,2.0,14.0,61.0,6.1,26.56
0.0,0.0,0.0,1.0,0.0,51.0,55.0,5.5,27.62
0.0,1.0,0.0,0.0,0.0,48.0,39.0,3.9,13.97
0.0,0.0,1.0,0.0,0.0,28.0,59.0,5.9,22.37
0.0,0.0,1.0,0.0,0.0,15.0,52.0,5.2,22.13
1.0,0.0,0.0,0.0,0.0,62.0,35.0,3.5,24.26
0.0,1.0,0.0,0.0,9.0,40.0,39.0,3.9,21.95
1.0,0.0,0.0,0.0,0.0,38.0,24.0,2.4,23.12
0.0,0.0,1.0,0.0,0.0,0.0,68.0,6.8,18.97
1.0,0.0,0.0,0.0,3.0,29.0,40.0,4.0,24.55
0.0,0.0,1.0,0.0,3.0,33.0,38.0,3.8,23.39
0.0,0.0,1.0,0.0,4.0,18.0,42.0,4.2,28.24
1.0,0.0,0.0,0.0,0.0,18.0,49.0,4.9,22.86
0.0,0.0,1.0,0.0,5.0,37.0,48.0,4.8,23.17
0.0,0.0,0.0,1.0,8.0,51.0,59.0,5.9,17.02
0.0,0.0,0.0,1.0,3.0,8.0,70.0,7.0,19.54
0.0,1.0,0.0,0.0,0.0,18.0,39.0,3.9,12.0
1.0,0.0,0.0,0.0,0.0,16.0,72.0,7.2,22.29
0.0,1.0,0.0,0.0,0.0,20.0,18.0,1.8,23.72
0.0,0.0,1.0,0.0,10.0,31.0,70.0,7.0,15.14
0.0,1.0,0.0,0.0,2.0,105.0,44.0,4.4,24.57
0.0,0.0,0.0,1.0,4.0,10.0,64.0,6.4,19.3
1.0,0.0,0.0,0.0,0.0,4.0,44.0,4.4,20.11
0.0,0.0,1.0,0.0,0.0,18.0,73.0,7.3,12.16
0.0,1.0,0.0,0.0,0.0,8.0,48.0,4.8,14.77
0.0,0.0,0.0,1.0,0.0,41.0,42.0,4.2,14.33
0.0,0.0,0.0,1.0,7.0,22.0,73.0,7.3,19.11
1.0,0.0,0.0,0.0,0.0,11.0,39.0,3.9,23.79
1.0,0.0,0.0,0.0,0.0,15.0,55.0,5.5,23.15
1.0,0.0,0.0,0.0,3.0,15.0,54.0,5.4,22.96
0.0,0.0,1.0,0.0,1.0,56.0,72.0,7.2,28.03
0.0,0.0,1.0,0.0,14.0,8.0,45.0,4.5,20.2
1.0,0.0,0.0,0.0,15.0,34.0,61.0,6.1,21.48
0.0,0.0,1.0,0.0,0.0,18.0,40.0,4.0,28.43
1.0,0.0,0.0,0.0,0.0,69.0,27.0,2.7,23.56
0.0,1.0,0.0,0.0,0.0,48.0,53.0,5.3,21.66
0.0,1.0,0.0,0.0,8.0,37.0,32.0,3.2,28.12
0.0,0.0,0.0,1.0,0.0,61.0,71.0,7.1,32.58
0.0,0.0,0.0,1.0,0.0,56.0,67.0,6.7,34.97
0.0,0.0,0.0,1.0,0.0,27.0,68.0,6.8,11.12
0.0,0.0,0.0,1.0,19.0,50.0,46.0,4.6,24.5
0.0,0.0,0.0,1.0,9.0,70.0,86.0,8.6,21.67
0.0,1.0,0.0,0.0,0.0,12.0,43.0,4.3,15.19
0.0,1.0,0.0,0.0,2.0,44.0,24.0,2.4,29.25
0.0,0.0,1.0,0.0,0.0,29.0,67.0,6.7,21.57
1.0,0.0,0.0,0.0,8.0,2.0,43.0,4.3,24.53
0.0,0.0,1.0,0.0,0.0,72.0,54.0,5.4,16.69
0.0,1.0,0.0,0.0,18.0,60.0,32.0,3.2,16.44
1.0,0.0,0.0,0.0,0.0,74.0,53.0,5.3,25.4
0.0,1.0,0.0,0.0,10.0,101.0,45.0,4.5,20.11
0.0,0.0,1.0,0.0,26.0,52.0,65.0,6.5,20.49
1.0,0.0,0.0,0.0,0.0,14.0,54.0,5.4,21.5
0.0,0.0,1.0,0.0,16.0,84.0,51.0,5.1,29.16
0.0,0.0,0.0,1.0,0.0,15.0,65.0,6.5,17.97
0.0,0.0,1.0,0.0,0.0,0.0,40.0,4.0,16.62
0.0,0.0,1.0,0.0,0.0,39.0,71.0,7.1,22.49
0.0,0.0,1.0,0.0,14.0,83.0,35.0,3.5,24.83
0.0,0.0,1.0,0.0,5.0,38.0,56.0,5.6,18.09
1.0,0.0,0.0,0.0,7.0,54.0,57.0,5.7,28.07
0.0,1.0,0.0,0.0,0.0,26.0,32.0,3.2,26.16
0.0,0.0,0.0,1.0,0.0,42.0,66.0,6.6,13.48
0.0,0.0,1.0,0.0,8.0,20.0,63.0,6.3,23.1
0.0,0.0,0.0,1.0,7.0,78.0,69.0,6.9,28.55
1.0,0.0,0.0,0.0,8.0,37.0,45.0,4.5,22.64
0.0,1.0,0.0,0.0,2.0,67.0,33.0,3.3,30.55
1.0,0.0,0.0,0.0,0.0,0.0,60.0,6.0,18.5
0.0,0.0,0.0,1.0,0.0,69.0,41.0,4.1,25.61
0.0,0.0,0.0,1.0,0.0,6.0,65.0,6.5,17.09
0.0,0.0,0.0,1.0,0.0,5.0,54.0,5.4,18.91
0.0,0.0,0.0,1.0,17.0,60.0,87.0,8.7,30.1
0.0,0.0,1.0,0.0,0.0,19.0,71.0,7.1,12.8
0.0,0.0,0.0,1.0,10.0,67.0,64.0,6.4,22.25
0.0,0.0,1.0,0.0,12.0,41.0,71.0,7.1,21.42
0.0,1.0,0.0,0.0,19.0,16.0,70.0,7.0,19.03
0.0,1.0,0.0,0.0,14.0,57.0,44.0,4.4,22.98
0.0,0.0,1.0,0.0,0.0,28.0,44.0,4.4,21.98
1.0,0.0,0.0,0.0,0.0,11.0,41.0,4.1,12.8
0.0,0.0,1.0,0.0,10.0,66.0,55.0,5.5,16.18
1.0,0.0,0.0,0.0,0.0,14.0,38.0,3.8,22.97
0.0,1.0,0.0,0.0,10.0,19.0,47.0,4.7,12.94
1.0,0.0,0.0,0.0,8.0,63.0,52.0,5.2,22.37
0.0,0.0,0.0,1.0,1.0,45.0,66.0,6.6,17.77
0.0,1.0,0.0,0.0,5.0,36.0,44.0,4.4,12.57
1.0,0.0,0.0,0.0,4.0,76.0,50.0,5.0,27.06
1.0,0.0,0.0,0.0,0.0,15.0,27.0,2.7,26.3
0.0,0.0,0.0,1.0,0.0,41.0,54.0,5.4,26.46
1.0,0.0,0.0,0.0,0.0,3.0,55.0,5.5,18.13
0.0,1.0,0.0,0.0,0.0,11.0,60.0,6.0,25.32
1.0,0.0,0.0,0.0,0.0,0.0,40.0,4.0,11.93
1.0,0.0,0.0,0.0,2.0,50.0,44.0,4.4,22.16
0.0,1.0,0.0,0.0,0.0,44.0,36.0,3.6,21.14
1.0,0.0,0.0,0.0,15.0,12.0,56.0,5.6,29.93
0.0,0.0,0.0,1.0,8.0,44.0,76.0,7.6,24.09
0.0,0.0,0.0,1.0,0.0,38.0,72.0,7.2,13.57
0.0,1.0,0.0,0.0,4.0,39.0,42.0,4.2,21.26
1.0,0.0,0.0,0.0,4.0,50.0,60.0,6.0,18.48
0.0,0.0,1.0,0.0,0.0,7.0,66.0,6.6,24.38
1.0,0.0,0.0,0.0,10.0,55.0,72.0,7.2,22.65
0.0,0.0,0.0,1.0,0.0,41.0,76.0,7.6,22.26
0.0,0.0,1.0,0.0,0.0,84.0,76.0,7.6,32.33
1.0,0.0,0.0,0.0,8.0,45.0,64.0,6.4,14.53
0.0,0.0,0.0,1.0,1.0,13.0,77.0,7.7,22.34
0.0,0.0,1.0,0.0,0.0,28.0,48.0,4.8,22.88
0.0,0.0,0.0,1.0,0.0,0.0,61.0,6.1,9.39
1.0,0.0,0.0,0.0,5.0,20.0,36.0,3.6,27.75
1.0,0.0,0.0,0.0,0.0,15.0,69.0,6.9,22.13
1.0,0.0,0.0,0.0,11.0,81.0,59.0,5.9,25.44
0.0,1.0,0.0,0.0,0.0,9.0,37.0,3.7,23.14
0.0,1.0,0.0,0.0,8.0,36.0,25.0,2.5,27.44
1.0,0.0,0.0,0.0,10.0,66.0,73.0,7.3,27.53
0.0,0.0,0.0,1.0,2.0,10.0,57.0,5.7,28.35
1.0,0.0,0.0,0.0,2.0,16.0,31.0,3.1,20.74
0.0,0.0,0.0,1.0,0.0,22.0,69.0,6.9,14.74
0.0,1.0,0.0,0.0,0.0,11.0,46.0,4.6,21.0
1.0,0.0,0.0,0.0,0.0,11.0,53.0,5.3,22.28
0.0,0.0,0.0,1.0,6.0,31.0,73.0,7.3,19.42
0.0,0.0,0.0,1.0,0.0,10.0,64.0,6.4,18.25
0.0,1.0,0.0,0.0,13.0,0.0,49.0,4.9,20.37
0.0,0.0,1.0,0.0,0.0,24.0,50.0,5.0,13.08
0.0,1.0,0.0,0.0,4.0,27.0,37.0,3.7,11.86
0.0,0.0,1.0,0.0,0.0,11.0,54.0,5.4,16.74
1.0,0.0,0.0,0.0,4.0,26.0,47.0,4.7,24.02
0.0,0.0,0.0,1.0,0.0,67.0,70.0,7.0,25.7
0.0,0.0,1.0,0.0,0.0,15.0,61.0,6.1,16.7
0.0,0.0,1.0,0.0,0.0,18.0,48.0,4.8,13.67
1.0,0.0,0.0,0.0,3.0,14.0,48.0,4.8,20.48
0.0,1.0,0.0,0.0,0.0,24.0,43.0,4.3,15.28
0.0,0.0,1.0,0.0,10.0,52.0,70.0,7.0,21.57
1.0,0.0,0.0,0.0,7.0,49.0,24.0,2.4,18.29
0.0,0.0,0.0,1.0,0.0,24.0,92.0,9.2,16.21
0.0,1.0,0.0,0.0,0.0,12.0,40.0,4.0,27.93
0.0,0.0,0.0,1.0,4.0,62.0,61.0,6.1,27.13
0.0,0.0,1.0,0.0,0.0,30.0,77.0,7.7,26.47
0.0,1.0,0.0,0.0,0.0,40.0,32.0,3.2,14.97
0.0,0.0,1.0,0.0,12.0,29.0,101.0,10.1,20.84
0.0,0.0,0.0,1.0,14.0,20.0,52.0,5.2,25.13
0.0,0.0,1.0,0.0,0.0,42.0,44.0,4.4,19.36
1.0,0.0,0.0,0.0,0.0,0.0,47.0,4.7,16.43
0.0,0.0,1.0,0.0,0.0,43.0,65.0,6.5,13.4
0.0,1.0,0.0,0.0,0.0,15.0,27.0,2.7,23.96
0.0,1.0,0.0,0.0,11.0,37.0,62.0,6.2,25.37
1.0,0.0,0.0,0.0,7.0,83.0,48.0,4.8,20.9
1.0,0.0,0.0,0.0,0.0,44.0,76.0,7.6,18.11
0.0,0.0,0.0,1.0,0.0,12.0,46.0,4.6,16.46
0.0,0.0,0.0,1.0,0.0,39.0,42.0,4.2,15.21
0.0,1.0,0.0,0.0,0.0,15.0,32.0,3.2,12.69
0.0,0.0,0.0,1.0,0.0,20.0,82.0,8.2,28.63
0.0,0.0,0.0,1.0,13.0,21.0,66.0,6.6,19.52
0.0,0.0,1.0,0.0,0.0,15.0,43.0,4.3,16.26
0.0,1.0,0.0,0.0,2.0,33.0,33.0,3.3,14.45
0.0,0.0,1.0,0.0,3.0,48.0,66.0,6.6,19.47
0.0,0.0,1.0,0.0,19.0,56.0,65.0,6.5,18.06
0.0,1.0,0.0,0.0,0.0,50.0,37.0,3.7,21.62
0.0,1.0,0.0,0.0,19.0,14.0,44.0,4.4,26.75
0.0,1.0,0.0,0.0,0.0,34.0,45.0,4.5,24.02
0.0,1.0,0.0,0.0,14.0,22.0,38.0,3.8,15.13
0.0,0.0,0.0,1.0,31.0,31.0,67.0,6.7,13.07
0.0,1.0,0.0,0.0,0.0,6.0,35.0,3.5,9.54
0.0,0.0,0.0,1.0,0.0,0.0,102.0,10.2,9.58
0.0,0.0,1.0,0.0,5.0,32.0,32.0,3.2,23.44
0.0,0.0,1.0,0.0,7.0,43.0,41.0,4.1,16.29
0.0,0.0,1.0,0.0,0.0,15.0,67.0,6.7,27.7
0.0,0.0,0.0,1.0,0.0,47.0,52.0,5.2,17.67
0.0,0.0,0.0,1.0,0.0,0.0,45.0,4.5,15.22
1.0,0.0,0.0,0.0,5.0,23.0,54.0,5.4,25.93
0.0,0.0,1.0,0.0,0.0,35.0,35.0,3.5,24.17
0.0,1.0,0.0,0.0,8.0,36.0,23.0,2.3,13.04
0.0,1.0,0.0,0.0,24.0,21.0,60.0,6.0,19.85
0.0,0.0,1.0,0.0,0.0,2.0,70.0,7.0,18.26
0.0,0.0,1.0,0.0,37.0,19.0,24.0,2.4,23.17
0.0,0.0,0.0,1.0,0.0,9.0,90.0,9.0,11.14
0.0,1.0,0.0,0.0,5.0,45.0,29.0,2.9,22.17
0.0,0.0,0.0,1.0,17.0,59.0,70.0,7.0,27.07
0.0,1.0,0.0,0.0,40.0,41.0,27.0,2.7,19.59
0.0,1.0,0.0,0.0,0.0,38.0,48.0,4.8,25.94
1.0,0.0,0.0,0.0,13.0,43.0,65.0,6.5,23.2
0.0,0.0,1.0,0.0,2.0,31.0,50.0,5.0,20.14
1.0,0.0,0.0,0.0,0.0,0.0,58.0,5.8,17.21
0.0,0.0,0.0,1.0,0.0,4.0,63.0,6.3,13.14
1.0,0.0,0.0,0.0,0.0,46.0,51.0,5.1,27.78
0.0,0.0,0.0,1.0,5.0,13.0,82.0,8.2,24.17
1.0,0.0,0.0,0.0,0.0,23.0,46.0,4.6,23.67
0.0,0.0,0.0,1.0,0.0,19.0,74.0,7.4,20.55
1.0,0.0,0.0,0.0,6.0,14.0,37.0,3.7,23.73
0.0,0.0,1.0,0.0,0.0,31.0,46.0,4.6,22.87
0.0,1.0,0.0,0.0,0.0,11.0,52.0,5.2,23.56
0.0,0.0,1.0,0.0,0.0,18.0,47.0,4.7,26.11
0.0,1.0,0.0,0.0,0.0,59.0,31.0,3.1,30.68
1.0,0.0,0.0,0.0,16.0,55.0,49.0,4.9,16.53
0.0,1.0,0.0,0.0,6.0,47.0,51.0,5.1,24.31
0.0,1.0,0.0,0.0,0.0,9.0,33.0,3.3,22.58
1.0,0.0,0.0,0.0,0.0,58.0,52.0,5.2,24.56
1.0,0.0,0.0,0.0,0.0,8.0,52.0,5.2,22.04
0.0,0.0,0.0,1.0,0.0,62.0,69.0,6.9,27.48
0.0,1.0,0.0,0.0,12.0,5.0,37.0,3.7,16.0
0.0,0.0,1.0,0.0,0.0,11.0,47.0,4.7,29.83
1.0,0.0,0.0,0.0,11.0,46.0,50.0,5.0,23.48
1.0,0.0,0.0,0.0,4.0,34.0,44.0,4.4,19.82
0.0,1.0,0.0,0.0,9.0,53.0,35.0,3.5,30.03
0.0,0.0,1.0,0.0,0.0,2.0,51.0,5.1,20.76
1.0,0.0,0.0,0.0,0.0,35.0,37.0,3.7,22.32
0.0,0.0,1.0,0.0,25.0,73.0,55.0,5.5,24.53
1.0,0.0,0.0,0.0,24.0,23.0,39.0,3.9,18.56
0.0,0.0,0.0,1.0,10.0,52.0,52.0,5.2,31.12
1.0,0.0,0.0,0.0,0.0,16.0,58.0,5.8,21.41
0.0,1.0,0.0,0.0,13.0,18.0,31.0,3.1,16.39
0.0,0.0,0.0,1.0,0.0,8.0,76.0,7.6,16.07
0.0,1.0,0.0,0.0,7.0,50.0,43.0,4.3,16.58
0.0,0.0,1.0,0.0,6.0,67.0,39.0,3.9,29.18
0.0,1.0,0.0,0.0,19.0,43.0,30.0,3.0,18.8
0.0,0.0,0.0,1.0,0.0,43.0,68.0,6.8,19.99
0.0,0.0,0.0,1.0,0.0,44.0,62.0,6.2,20.39
1.0,0.0,0.0,0.0,0.0,45.0,32.0,3.2,20.25
0.0,1.0,0.0,0.0,21.0,29.0,37.0,3.7,19.92
0.0,0.0,0.0,1.0,4.0,33.0,66.0,6.6,19.33
0.0,0.0,1.0,0.0,0.0,52.0,39.0,3.9,28.69
0.0,0.0,0.0,1.0,3.0,104.0,66.0,6.6,32.68
0.0,0.0,1.0,0.0,0.0,15.0,55.0,5.5,20.33
0.0,0.0,0.0,1.0,10.0,66.0,58.0,5.8,25.0
0.0,1.0,0.0,0.0,0.0,0.0,40.0,4.0,9.97
0.0,0.0,0.0,1.0,3.0,32.0,65.0,6.5,22.2
0.0,0.0,0.0,1.0,7.0,65.0,70.0,7.0,18.63
1.0,0.0,0.0,0.0,6.0,15.0,47.0,4.7,22.62
0.0,0.0,1.0,0.0,0.0,18.0,69.0,6.9,24.38
1.0,0.0,0.0,0.0,12.0,38.0,46.0,4.6,28.02
1.0,0.0,0.0,0.0,0.0,15.0,24.0,2.4,27.54
0.0,0.0,0.0,1.0,4.0,23.0,68.0,6.8,13.79
0.0,0.0,0.0,1.0,0.0,11.0,60.0,6.0,14.5
0.0,1.0,0.0,0.0,6.0,31.0,65.0,6.5,23.85
1.0,0.0,0.0,0.0,3.0,30.0,46.0,4.6,27.52
0.0,0.0,1.0,0.0,12.0,58.0,81.0,8.1,22.07
0.0,0.0,0.0,1.0,12.0,45.0,56.0,5.6,18.55
0.0,0.0,1.0,0.0,7.0,29.0,50.0,5.0,22.28
0.0,0.0,1.0,0.0,3.0,53.0,53.0,5.3,29.45
1.0,0.0,0.0,0.0,0.0,51.0,41.0,4.1,30.34
1.0,0.0,0.0,0.0,0.0,30.0,29.0,2.9,22.83
1.0,0.0,0.0,0.0,23.0,52.0,29.0,2.9,27.28
0.0,1.0,0.0,0.0,24.0,38.0,31.0,3.1,23.26
0.0,0.0,1.0,0.0,0.0,60.0,62.0,6.2,30.08
0.0,0.0,0.0,1.0,7.0,7.0,61.0,6.1,16.69
1.0,0.0,0.0,0.0,0.0,15.0,55.0,5.5,22.18
0.0,0.0,0.0,1.0,0.0,0.0,74.0,7.4,19.69
0.0,1.0,0.0,0.0,14.0,51.0,40.0,4.0,27.07
1.0,0.0,0.0,0.0,4.0,41.0,48.0,4.8,22.88
0.0,1.0,0.0,0.0,17.0,20.0,46.0,4.6,25.2
0.0,1.0,0.0,0.0,11.0,86.0,43.0,4.3,16.35
0.0,1.0,0.0,0.0,0.0,27.0,57.0,5.7,14.04
0.0,0.0,0.0,1.0,13.0,42.0,73.0,7.3,14.96
0.0,1.0,0.0,0.0,0.0,7.0,38.0,3.8,10.5
0.0,1.0,0.0,0.0,0.0,43.0,45.0,4.5,19.56
0.0,0.0,0.0,1.0,0.0,51.0,63.0,6.3,13.0
1.0,0.0,0.0,0.0,0.0,24.0,52.0,5.2,22.1
0.0,0.0,0.0,1.0,0.0,19.0,49.0,4.9,25.9
1.0,0.0,0.0,0.0,8.0,19.0,37.0,3.7,24.14
0.0,1.0,0.0,0.0,6.0,30.0,19.0,1.9,12.21
1.0,0.0,0.0,0.0,0.0,40.0,51.0,5.1,14.94
0.0,0.0,0.0,1.0,19.0,56.0,64.0,6.4,26.09
0.0,0.0,1.0,0.0,0.0,31.0,59.0,5.9,29.54
0.0,0.0,1.0,0.0,3.0,76.0,56.0,5.6,13.54
0.0,1.0,0.0,0.0,7.0,22.0,35.0,3.5,14.66
0.0,0.0,0.0,1.0,0.0,59.0,63.0,6.3,17.79
0.0,1.0,0.0,0.0,17.0,37.0,44.0,4.4,31.07
0.0,0.0,0.0,1.0,3.0,49.0,66.0,6.6,28.21
0.0,0.0,1.0,0.0,3.0,49.0,60.0,6.0,20.28
0.0,0.0,1.0,0.0,9.0,50.0,61.0,6.1,23.21
0.0,0.0,1.0,0.0,0.0,27.0,47.0,4.7,20.57
0.0,1.0,0.0,0.0,18.0,42.0,46.0,4.6,22.54
1.0,0.0,0.0,0.0,23.0,27.0,33.0,3.3,16.21
0.0,1.0,0.0,0.0,0.0,7.0,37.0,3.7,18.05
1.0,0.0,0.0,0.0,0.0,15.0,65.0,6.5,23.94
0.0,1.0,0.0,0.0,0.0,23.0,39.0,3.9,14.03
0.0,0.0,1.0,0.0,0.0,0.0,75.0,7.5,18.85
0.0,0.0,1.0,0.0,8.0,27.0,50.0,5.0,23.78
0.0,1.0,0.0,0.0,0.0,73.0,52.0,5.2,31.33
0.0,1.0,0.0,0.0,2.0,5.0,56.0,5.6,24.88
0.0,1.0,0.0,0.0,5.0,42.0,44.0,4.4,25.36
0.0,0.0,1.0,0.0,0.0,17.0,58.0,5.8,18.21
1.0,0.0,0.0,0.0,6.0,67.0,62.0,6.2,30.97
0.0,0.0,1.0,0.0,0.0,6.0,30.0,3.0,12.13
0.0,0.0,1.0,0.0,0.0,44.0,45.0,4.5,25.33
0.0,1.0,0.0,0.0,6.0,45.0,41.0,4.1,23.27
0.0,0.0,0.0,1.0,6.0,77.0,82.0,8.2,18.33
0.0,0.0,0.0,1.0,0.0,8.0,63.0,6.3,16.57
0.0,0.0,1.0,0.0,3.0,57.0,26.0,2.6,18.04
1.0,0.0,0.0,0.0,0.0,15.0,55.0,5.5,21.0
1.0,0.0,0.0,0.0,12.0,1.0,40.0,4.0,18.38
1.0,0.0,0.0,0.0,24.0,93.0,55.0,5.5,12.38
0.0,0.0,0.0,1.0,7.0,6.0,54.0,5.4,20.56
1.0,0.0,0.0,0.0,0.0,8.0,34.0,3.4,10.65
1.0,0.0,0.0,0.0,15.0,10.0,42.0,4.2,30.48
1.0,0.0,0.0,0.0,7.0,26.0,39.0,3.9,22.28
0.0,1.0,0.0,0.0,0.0,19.0,34.0,3.4,25.03
0.0,0.0,0.0,1.0,14.0,51.0,40.0,4.0,23.0
0.0,1.0,0.0,0.0,0.0,11.0,36.0,3.6,20.72
0.0,0.0,1.0,0.0,0.0,0.0,50.0,5.0,15.28
0.0,0.0,1.0,0.0,12.0,99.0,70.0,7.0,24.71
0.0,1.0,0.0,0.0,3.0,15.0,48.0,4.8,13.65
0.0,1.0,0.0,0.0,0.0,10.0,43.0,4.3,10.84
1.0,0.0,0.0,0.0,0.0,4.0,45.0,4.5,18.84
1.0,0.0,0.0,0.0,11.0,21.0,46.0,4.6,15.02
0.0,0.0,0.0,1.0,8.0,45.0,75.0,7.5,18.64
0.0,0.0,1.0,0.0,0.0,0.0,54.0,5.4,10.59
0.0,0.0,0.0,1.0,9.0,26.0,69.0,6.9,15.13
1.0,0.0,0.0,0.0,0.0,23.0,37.0,3.7,25.14
1.0,0.0,0.0,0.0,0.0,2.0,39.0,3.9,22.28
0.0,1.0,0.0,0.0,0.0,36.0,53.0,5.3,20.19
0.0,1.0,0.0,0.0,0.0,50.0,54.0,5.4,27.31
0.0,0.0,1.0,0.0,0.0,15.0,53.0,5.3,20.89
1.0,0.0,0.0,0.0,13.0,16.0,48.0,4.8,23.81
1.0,0.0,0.0,0.0,15.0,15.0,44.0,4.4,26.98
0.0,0.0,0.0,1.0,0.0,5.0,56.0,5.6,19.54
0.0,0.0,1.0,0.0,0.0,0.0,47.0,4.7,13.79
0.0,1.0,0.0,0.0,16.0,23.0,26.0,2.6,24.35
0.0,0.0,0.0,1.0,8.0,65.0,48.0,4.8,14.29
0.0,0.0,0.0,1.0,0.0,76.0,55.0,5.5,25.78
0.0,1.0,0.0,0.0,1.0,46.0,47.0,4.7,25.26
0.0,1.0,0.0,0.0,3.0,77.0,28.0,2.8,33.75
0.0,0.0,1.0,0.0,8.0,36.0,89.0,8.9,21.21
0.0,0.0,0.0,1.0,2.0,36.0,73.0,7.3,30.77
1.0,0.0,0.0,0.0,7.0,20.0,38.0,3.8,24.55
0.0,1.0,0.0,0.0,0.0,38.0,42.0,4.2,15.26
0.0,1.0,0.0,0.0,0.0,23.0,34.0,3.4,14.88
0.0,1.0,0.0,0.0,4.0,10.0,35.0,3.5,22.11
0.0,1.0,0.0,0.0,0.0,49.0,40.0,4.0,18.18
0.0,0.0,1.0,0.0,8.0,29.0,49.0,4.9,24.92
0.0,0.0,0.0,1.0,3.0,35.0,79.0,7.9,12.35
1.0,0.0,0.0,0.0,0.0,52.0,55.0,5.5,13.62
1.0,0.0,0.0,0.0,4.0,48.0,63.0,6.3,25.4
0.0,0.0,1.0,0.0,0.0,14.0,41.0,4.1,28.29
1.0,0.0,0.0,0.0,12.0,36.0,61.0,6.1,25.11
0.0,0.0,1.0,0.0,14.0,2.0,30.0,3.0,16.77
0.0,0.0,0.0,1.0,0.0,49.0,56.0,5.6,28.21
1.0,0.0,0.0,0.0,0.0,3.0,38.0,3.8,19.47
0.0,1.0,0.0,0.0,3.0,51.0,34.0,3.4,28.44
0.0,0.0,0.0,1.0,0.0,20.0,59.0,5.9,10.85
0.0,1.0,0.0,0.0,0.0,13.0,26.0,2.6,22.38
0.0,0.0,1.0,0.0,0.0,15.0,23.0,2.3,23.52
1.0,0.0,0.0,0.0,0.0,20.0,56.0,5.6,13.05
0.0,0.0,1.0,0.0,13.0,86.0,71.0,7.1,27.54
1.0,0.0,0.0,0.0,0.0,9.0,50.0,5.0,21.44
1.0,0.0,0.0,0.0,7.0,7.0,56.0,5.6,17.3
0.0,0.0,1.0,0.0,0.0,4.0,39.0,3.9,18.1
0.0,0.0,1.0,0.0,13.0,16.0,58.0,5.8,22.78
1.0,0.0,0.0,0.0,0.0,90.0,44.0,4.4,21.27
0.0,1.0,0.0,0.0,0.0,23.0,37.0,3.7,12.38
0.0,0.0,0.0,1.0,2.0,20.0,76.0,7.6,26.75
0.0,0.0,1.0,0.0,0.0,31.0,31.0,3.1,26.52
1.0,0.0,0.0,0.0,12.0,26.0,35.0,3.5,26.17
1.0,0.0,0.0,0.0,0.0,0.0,9.0,0.9,16.33
0.0,1.0,0.0,0.0,0.0,10.0,41.0,4.1,18.8
1.0,0.0,0.0,0.0,0.0,0.0,61.0,6.1,16.08
0.0,0.0,1.0,0.0,21.0,35.0,56.0,5.6,19.39
0.0,0.0,1.0,0.0,17.0,53.0,75.0,7.5,28.6
1.0,0.0,0.0,0.0,4.0,27.0,51.0,5.1,19.73
0.0,0.0,0.0,1.0,7.0,43.0,64.0,6.4,18.11
0.0,0.0,1.0,0.0,13.0,28.0,50.0,5.0,27.02
0.0,0.0,1.0,0.0,37.0,41.0,68.0,6.8,21.21
0.0,1.0,0.0,0.0,0.0,49.0,46.0,4.6,22.98
0.0,0.0,1.0,0.0,3.0,53.0,51.0,5.1,26.67
0.0,0.0,1.0,0.0,7.0,13.0,41.0,4.1,11.49
1.0,0.0,0.0,0.0,2.0,36.0,63.0,6.3,19.03
0.0,0.0,1.0,0.0,0.0,55.0,42.0,4.2,17.74
0.0,1.0,0.0,0.0,1.0,17.0,25.0,2.5,23.56
1.0,0.0,0.0,0.0,0.0,49.0,64.0,6.4,23.5
0.0,0.0,1.0,0.0,0.0,13.0,76.0,7.6,16.28
0.0,0.0,0.0,1.0,23.0,17.0,52.0,5.2,11.81
0.0,1.0,0.0,0.0,0.0,14.0,36.0,3.6,11.08
1.0,0.0,0.0,0.0,3.0,23.0,83.0,8.3,21.43
1.0,0.0,0.0,0.0,0.0,68.0,69.0,6.9,28.49
0.0,1.0,0.0,0.0,15.0,12.0,44.0,4.4,16.61
0.0,0.0,0.0,1.0,0.0,63.0,57.0,5.7,16.32
0.0,0.0,1.0,0.0,22.0,112.0,64.0,6.4,24.8
0.0,1.0,0.0,0.0,2.0,85.0,29.0,2.9,25.48
0.0,0.0,1.0,0.0,1.0,43.0,66.0,6.6,11.12
0.0,0.0,1.0,0.0,0.0,11.0,34.0,3.4,15.41
1.0,0.0,0.0,0.0,16.0,0.0,40.0,4.0,14.95
0.0,1.0,0.0,0.0,0.0,0.0,47.0,4.7,24.85
0.0,1.0,0.0,0.0,3.0,35.0,37.0,3.7,23.76
0.0,0.0,1.0,0.0,0.0,27.0,42.0,4.2,18.24
0.0,1.0,0.0,0.0,9.0,51.0,33.0,3.3,16.42
0.0,1.0,0.0,0.0,4.0,49.0,48.0,4.8,22.33
1.0,0.0,0.0,0.0,15.0,9.0,55.0,5.5,17.95
1.0,0.0,0.0,0.0,0.0,15.0,48.0,4.8,22.83
1.0,0.0,0.0,0.0,6.0,29.0,50.0,5.0,28.7
0.0,0.0,1.0,0.0,6.0,37.0,30.0,3.0,19.03
1.0,0.0,0.0,0.0,0.0,24.0,66.0,6.6,25.15
0.0,1.0,0.0,0.0,0.0,25.0,51.0,5.1,23.59
0.0,0.0,0.0,1.0,5.0,42.0,72.0,7.2,19.26
0.0,0.0,0.0,1.0,0.0,3.0,59.0,5.9,24.66
1.0,0.0,0.0,0.0,6.0,24.0,55.0,5.5,12.96
0.0,1.0,0.0,0.0,19.0,38.0,34.0,3.4,19.97
0.0,0.0,0.0,1.0,0.0,0.0,50.0,5.0,18.46
0.0,0.0,0.0,1.0,18.0,19.0,50.0,5.0,23.88
0.0,0.0,1.0,0.0,2.0,62.0,42.0,4.2,32.38
0.0,0.0,1.0,0.0,0.0,59.0,34.0,3.4,15.38
0.0,0.0,1.0,0.0,10.0,59.0,63.0,6.3,15.43
0.0,0.0,0.0,1.0,0.0,13.0,65.0,6.5,12.62
0.0,0.0,0.0,1.0,9.0,52.0,55.0,5.5,27.53
0.0,0.0,1.0,0.0,0.0,22.0,79.0,7.9,11.94
1.0,0.0,0.0,0.0,1.0,70.0,69.0,6.9,29.97
0.0,1.0,0.0,0.0,20.0,54.0,41.0,4.1,29.54
0.0,1.0,0.0,0.0,16.0,58.0,32.0,3.2,33.06
1.0,0.0,0.0,0.0,0.0,3.0,34.0,3.4,14.88
0.0,0.0,0.0,1.0,0.0,27.0,92.0,9.2,27.5
0.0,1.0,0.0,0.0,13.0,13.0,60.0,6.0,20.1
1.0,0.0,0.0,0.0,0.0,68.0,47.0,4.7,33.45
1.0,0.0,0.0,0.0,0.0,24.0,47.0,4.7,26.45
0.0,0.0,0.0,1.0,0.0,7.0,60.0,6.0,14.72
0.0,1.0,0.0,0.0,3.0,74.0,50.0,5.0,21.98
1.0,0.0,0.0,0.0,10.0,56.0,53.0,5.3,27.83
0.0,1.0,0.0,0.0,0.0,29.0,28.0,2.8,11.11
0.0,1.0,0.0,0.0,0.0,30.0,42.0,4.2,11.05
0.0,0.0,1.0,0.0,0.0,13.0,55.0,5.5,25.73
0.0,0.0,1.0,0.0,14.0,50.0,34.0,3.4,11.59
0.0,1.0,0.0,0.0,0.0,24.0,35.0,3.5,14.49
1.0,0.0,0.0,0.0,7.0,23.0,31.0,3.1,23.1
1.0,0.0,0.0,0.0,0.0,36.0,38.0,3.8,13.87
0.0,0.0,0.0,1.0,3.0,7.0,64.0,6.4,18.59
0.0,1.0,0.0,0.0,6.0,14.0,43.0,4.3,21.33
1.0,0.0,0.0,0.0,0.0,4.0,44.0,4.4,18.55
1.0,0.0,0.0,0.0,6.0,14.0,38.0,3.8,23.29
0.0,0.0,0.0,1.0,10.0,0.0,64.0,6.4,13.53
0.0,0.0,1.0,0.0,0.0,1.0,48.0,4.8,20.54
1.0,0.0,0.0,0.0,0.0,24.0,49.0,4.9,19.31
0.0,0.0,1.0,0.0,6.0,29.0,54.0,5.4,22.65
0.0,0.0,0.0,1.0,0.0,29.0,68.0,6.8,21.75
1.0,0.0,0.0,0.0,10.0,42.0,55.0,5.5,22.25
1.0,0.0,0.0,0.0,0.0,0.0,47.0,4.7,19.72
1.0,0.0,0.0,0.0,3.0,32.0,40.0,4.0,24.0
1.0,0.0,0.0,0.0,0.0,0.0,43.0,4.3,11.74
0.0,1.0,0.0,0.0,10.0,52.0,39.0,3.9,30.74
0.0,1.0,0.0,0.0,0.0,64.0,35.0,3.5,27.14
1.0,0.0,0.0,0.0,0.0,56.0,61.0,6.1,30.2
0.0,1.0,0.0,0.0,0.0,4.0,37.0,3.7,8.86
0.0,0.0,1.0,0.0,1.0,51.0,50.0,5.0,28.18
1.0,0.0,0.0,0.0,0.0,5.0,47.0,4.7,14.36
0.0,0.0,1.0,0.0,0.0,36.0,68.0,6.8,10.79
0.0,0.0,0.0,1.0,8.0,25.0,61.0,6.1,22.02
1.0,0.0,0.0,0.0,6.0,28.0,41.0,4.1,24.41
0.0,0.0,0.0,1.0,0.0,56.0,49.0,4.9,29.27
1.0,0.0,0.0,0.0,2.0,42.0,37.0,3.7,28.24
0.0,0.0,1.0,0.0,0.0,58.0,68.0,6.8,24.56
0.0,0.0,0.0,1.0,0.0,0.0,82.0,8.2,22.43
0.0,0.0,0.0,1.0,11.0,56.0,62.0,6.2,16.45
1.0,0.0,0.0,0.0,0.0,32.0,66.0,6.6,26.56
0.0,0.0,1.0,0.0,0.0,30.0,50.0,5.0,26.36
0.0,0.0,0.0,1.0,0.0,30.0,65.0,6.5,27.66
0.0,0.0,1.0,0.0,0.0,25.0,40.0,4.0,18.68
0.0,0.0,0.0,1.0,0.0,3.0,70.0,7.0,19.0
0.0,0.0,1.0,0.0,0.0,12.0,80.0,8.0,26.24
0.0,0.0,1.0,0.0,12.0,43.0,20.0,2.0,14.45
0.0,0.0,0.0,1.0,11.0,85.0,85.0,8.5,31.05
1.0,0.0,0.0,0.0,0.0,0.0,42.0,4.2,17.88
0.0,0.0,1.0,0.0,3.0,80.0,45.0,4.5,24.98
0.0,1.0,0.0,0.0,3.0,36.0,51.0,5.1,28.04
0.0,0.0,0.0,1.0,0.0,39.0,66.0,6.6,22.14
0.0,1.0,0.0,0.0,0.0,37.0,32.0,3.2,27.84
1.0,0.0,0.0,0.0,5.0,34.0,38.0,3.8,14.61
1.0,0.0,0.0,0.0,12.0,61.0,52.0,5.2,18.42
1.0,0.0,0.0,0.0,3.0,23.0,56.0,5.6,22.34
0.0,0.0,0.0,1.0,0.0,19.0,60.0,6.0,23.18
0.0,1.0,0.0,0.0,0.0,18.0,42.0,4.2,13.1
0.0,0.0,1.0,0.0,12.0,40.0,62.0,6.2,17.81
0.0,0.0,1.0,0.0,0.0,18.0,64.0,6.4,26.17
0.0,0.0,1.0,0.0,7.0,36.0,52.0,5.2,15.0
0.0,0.0,1.0,0.0,0.0,14.0,37.0,3.7,25.05
0.0,1.0,0.0,0.0,0.0,24.0,35.0,3.5,27.46
1.0,0.0,0.0,0.0,8.0,56.0,51.0,5.1,23.86
0.0,1.0,0.0,0.0,19.0,14.0,47.0,4.7,13.81
0.0,0.0,0.0,1.0,20.0,80.0,85.0,8.5,26.09
0.0,1.0,0.0,0.0,3.0,57.0,31.0,3.1,24.97
1.0,0.0,0.0,0.0,0.0,9.0,74.0,7.4,19.69
0.0,0.0,1.0,0.0,4.0,23.0,53.0,5.3,14.47
0.0,0.0,1.0,0.0,0.0,61.0,53.0,5.3,26.79
0.0,1.0,0.0,0.0,0.0,31.0,26.0,2.6,21.42
0.0,0.0,1.0,0.0,3.0,50.0,56.0,5.6,18.29
0.0,1.0,0.0,0.0,1.0,27.0,50.0,5.0,29.28
1.0,0.0,0.0,0.0,26.0,28.0,75.0,7.5,9.44
0.0,1.0,0.0,0.0,0.0,58.0,37.0,3.7,30.46
0.0,0.0,1.0,0.0,4.0,52.0,42.0,4.2,19.98
1.0,0.0,0.0,0.0,0.0,0.0,51.0,5.1,19.55
0.0,1.0,0.0,0.0,3.0,10.0,66.0,6.6,21.44
0.0,0.0,1.0,0.0,6.0,77.0,51.0,5.1,27.35
1.0,0.0,0.0,0.0,11.0,18.0,48.0,4.8,18.69
1.0,0.0,0.0,0.0,0.0,11.0,48.0,4.8,25.06
0.0,1.0,0.0,0.0,0.0,12.0,20.0,2.0,28.45
0.0,0.0,1.0,0.0,8.0,33.0,42.0,4.2,28.02
0.0,0.0,0.0,1.0,10.0,78.0,59.0,5.9,28.07
0.0,0.0,0.0,1.0,0.0,7.0,75.0,7.5,17.69
1.0,0.0,0.0,0.0,0.0,17.0,35.0,3.5,20.51
0.0,0.0,1.0,0.0,0.0,42.0,54.0,5.4,26.43
1.0,0.0,0.0,0.0,0.0,22.0,39.0,3.9,21.51
1.0,0.0,0.0,0.0,0.0,55.0,59.0,5.9,27.27
0.0,0.0,1.0,0.0,13.0,72.0,31.0,3.1,15.39
0.0,0.0,0.0,1.0,3.0,31.0,63.0,6.3,22.6
0.0,0.0,0.0,1.0,4.0,44.0,66.0,6.6,23.89
1.0,0.0,0.0,0.0,0.0,48.0,56.0,5.6,23.05
0.0,1.0,0.0,0.0,0.0,43.0,56.0,5.6,20.52
1.0,0.0,0.0,0.0,4.0,14.0,41.0,4.1,13.98
0.0,0.0,0.0,1.0,0.0,18.0,72.0,7.2,24.58
0.0,0.0,1.0,0.0,0.0,12.0,37.0,3.7,14.81
1.0,0.0,0.0,0.0,1.0,12.0,33.0,3.3,20.3
0.0,0.0,1.0,0.0,10.0,5.0,46.0,4.6,11.67
0.0,0.0,1.0,0.0,0.0,27.0,52.0,5.2,19.77
0.0,0.0,1.0,0.0,0.0,31.0,34.0,3.4,19.94
0.0,0.0,0.0,1.0,0.0,9.0,53.0,5.3,17.85
0.0,0.0,0.0,1.0,11.0,46.0,81.0,8.1,11.83
0.0,1.0,0.0,0.0,0.0,7.0,35.0,3.5,12.29
0.0,0.0,1.0,0.0,0.0,3.0,35.0,3.5,8.86
0.0,0.0,0.0,1.0,20.0,65.0,74.0,7.4,13.01
0.0,1.0,0.0,0.0,5.0,38.0,35.0,3.5,24.57
0.0,1.0,0.0,0.0,9.0,48.0,42.0,4.2,24.38
0.0,0.0,0.0,1.0,6.0,14.0,49.0,4.9,29.84
0.0,1.0,0.0,0.0,7.0,48.0,40.0,4.0,25.55
1.0,0.0,0.0,0.0,0.0,17.0,51.0,5.1,24.59
0.0,0.0,1.0,0.0,10.0,37.0,53.0,5.3,17.32
0.0,1.0,0.0,0.0,7.0,21.0,46.0,4.6,11.04
1.0,0.0,0.0,0.0,10.0,16.0,24.0,2.4,21.0
1.0,0.0,0.0,0.0,0.0,30.0,57.0,5.7,23.28
1.0,0.0,0.0,0.0,3.0,54.0,62.0,6.2,23.16
0.0,0.0,1.0,0.0,0.0,26.0,48.0,4.8,16.38
0.0,0.0,1.0,0.0,9.0,74.0,47.0,4.7,14.87
0.0,0.0,1.0,0.0,16.0,41.0,48.0,4.8,20.92
1.0,0.0,0.0,0.0,12.0,39.0,47.0,4.7,20.74
1.0,0.0,0.0,0.0,0.0,71.0,59.0,5.9,25.37
1.0,0.0,0.0,0.0,6.0,37.0,73.0,7.3,23.75
0.0,0.0,0.0,1.0,0.0,0.0,46.0,4.6,18.3
1.0,0.0,0.0,0.0,20.0,52.0,50.0,5.0,33.46
0.0,0.0,0.0,1.0,26.0,89.0,70.0,7.0,25.49
0.0,0.0,0.0,1.0,20.0,3.0,44.0,4.4,24.45
0.0,0.0,0.0,1.0,0.0,37.0,64.0,6.4,12.58
1.0,0.0,0.0,0.0,10.0,18.0,37.0,3.7,22.27
1.0,0.0,0.0,0.0,2.0,33.0,49.0,4.9,21.2
0.0,0.0,1.0,0.0,0.0,59.0,58.0,5.8,27.24
0.0,1.0,0.0,0.0,17.0,87.0,52.0,5.2,16.23
0.0,0.0,0.0,1.0,5.0,67.0,57.0,5.7,15.09
0.0,0.0,0.0,1.0,0.0,17.0,77.0,7.7,28.03
0.0,1.0,0.0,0.0,7.0,78.0,48.0,4.8,26.77
0.0,0.0,0.0,1.0,32.0,35.0,73.0,7.3,15.93
0.0,1.0,0.0,0.0,0.0,26.0,16.0,1.6,20.88
0.0,0.0,1.0,0.0,7.0,56.0,46.0,4.6,27.09
0.0,1.0,0.0,0.0,0.0,71.0,49.0,4.9,18.49
0.0,0.0,1.0,0.0,13.0,78.0,41.0,4.1,25.95
1.0,0.0,0.0,0.0,7.0,48.0,48.0,4.8,23.19
0.0,1.0,0.0,0.0,4.0,6.0,34.0,3.4,15.82
0.0,0.0,0.0,1.0,10.0,5.0,84.0,8.4,16.15
0.0,1.0,0.0,0.0,15.0,57.0,47.0,4.7,34.26
0.0,1.0,0.0,0.0,0.0,24.0,44.0,4.4,19.91
0.0,0.0,1.0,0.0,0.0,77.0,44.0,4.4,26.16
0.0,1.0,0.0,0.0,13.0,53.0,27.0,2.7,14.63
0.0,0.0,1.0,0.0,3.0,43.0,54.0,5.4,14.13
0.0,0.0,1.0,0.0,0.0,52.0,60.0,6.0,24.23
1.0,0.0,0.0,0.0,0.0,7.0,44.0,4.4,18.93
0.0,1.0,0.0,0.0,0.0,9.0,36.0,3.6,19.89
0.0,0.0,1.0,0.0,7.0,18.0,82.0,8.2,22.29
0.0,0.0,0.0,1.0,23.0,52.0,55.0,5.5,12.18
0.0,1.0,0.0,0.0,10.0,39.0,32.0,3.2,24.72
0.0,0.0,0.0,1.0,25.0,45.0,67.0,6.7,22.25
0.0,0.0,0.0,1.0,9.0,86.0,57.0,5.7,23.82
1.0,0.0,0.0,0.0,13.0,51.0,57.0,5.7,28.74
0.0,0.0,1.0,0.0,0.0,18.0,23.0,2.3,15.3
0.0,0.0,1.0,0.0,0.0,79.0,66.0,6.6,16.38
0.0,1.0,0.0,0.0,6.0,24.0,24.0,2.4,16.38
0.0,0.0,1.0,0.0,0.0,17.0,47.0,4.7,13.06
1.0,0.0,0.0,0.0,5.0,57.0,45.0,4.5,32.87
0.0,0.0,1.0,0.0,0.0,90.0,65.0,6.5,25.91
0.0,1.0,0.0,0.0,8.0,59.0,42.0,4.2,22.67
1.0,0.0,0.0,0.0,11.0,2.0,54.0,5.4,17.65
1.0,0.0,0.0,0.0,19.0,98.0,38.0,3.8,30.53
0.0,0.0,1.0,0.0,13.0,72.0,48.0,4.8,32.23
0.0,0.0,1.0,0.0,0.0,46.0,57.0,5.7,12.6
1.0,0.0,0.0,0.0,0.0,11.0,31.0,3.1,25.97
0.0,0.0,1.0,0.0,0.0,65.0,34.0,3.4,20.88
0.0,0.0,0.0,1.0,0.0,34.0,55.0,5.5,28.84
1.0,0.0,0.0,0.0,0.0,44.0,51.0,5.1,30.35
0.0,1.0,0.0,0.0,0.0,34.0,33.0,3.3,22.61
0.0,0.0,1.0,0.0,0.0,43.0,54.0,5.4,14.33
0.0,1.0,0.0,0.0,1.0,39.0,45.0,4.5,25.6
0.0,0.0,1.0,0.0,0.0,17.0,67.0,6.7,21.88
0.0,0.0,1.0,0.0,15.0,26.0,47.0,4.7,14.68
0.0,1.0,0.0,0.0,13.0,84.0,43.0,4.3,13.02
0.0,0.0,1.0,0.0,9.0,86.0,82.0,8.2,34.05
0.0,0.0,0.0,1.0,8.0,51.0,51.0,5.1,34.06
0.0,0.0,0.0,1.0,4.0,73.0,85.0,8.5,31.36
0.0,0.0,1.0,0.0,0.0,37.0,33.0,3.3,24.73
1.0,0.0,0.0,0.0,10.0,11.0,49.0,4.9,12.51
0.0,0.0,1.0,0.0,0.0,27.0,30.0,3.0,21.7
0.0,0.0,1.0,0.0,0.0,57.0,56.0,5.6,21.07
0.0,1.0,0.0,0.0,0.0,61.0,36.0,3.6,31.36
1.0,0.0,0.0,0.0,0.0,11.0,26.0,2.6,21.92
0.0,0.0,1.0,0.0,1.0,58.0,42.0,4.2,27.33
0.0,1.0,0.0,0.0,0.0,5.0,44.0,4.4,18.25
0.0,0.0,0.0,1.0,0.0,26.0,51.0,5.1,23.12
0.0,0.0,0.0,1.0,42.0,90.0,49.0,4.9,25.71
0.0,0.0,1.0,0.0,9.0,37.0,27.0,2.7,19.96
0.0,0.0,1.0,0.0,0.0,11.0,65.0,6.5,27.03
0.0,0.0,1.0,0.0,8.0,9.0,72.0,7.2,14.81
0.0,1.0,0.0,0.0,9.0,51.0,60.0,6.0,23.9
0.0,1.0,0.0,0.0,0.0,35.0,63.0,6.3,24.41
1.0,0.0,0.0,0.0,0.0,15.0,63.0,6.3,21.89
0.0,1.0,0.0,0.0,4.0,42.0,20.0,2.0,21.95
0.0,1.0,0.0,0.0,6.0,15.0,49.0,4.9,15.0
0.0,0.0,0.0,1.0,3.0,50.0,59.0,5.9,22.05
0.0,1.0,0.0,0.0,0.0,24.0,36.0,3.6,22.83
0.0,0.0,0.0,1.0,0.0,45.0,72.0,7.2,23.94
1.0,0.0,0.0,0.0,0.0,33.0,44.0,4.4,23.11
0.0,0.0,1.0,0.0,15.0,51.0,55.0,5.5,24.67
1.0,0.0,0.0,0.0,10.0,18.0,52.0,5.2,26.02
0.0,0.0,1.0,0.0,20.0,80.0,65.0,6.5,33.62
0.0,0.0,0.0,1.0,10.0,44.0,70.0,7.0,24.49
0.0,0.0,1.0,0.0,6.0,46.0,46.0,4.6,30.15
0.0,0.0,1.0,0.0,9.0,43.0,53.0,5.3,22.43
1.0,0.0,0.0,0.0,5.0,19.0,57.0,5.7,21.75
0.0,1.0,0.0,0.0,26.0,89.0,33.0,3.3,26.33
0.0,0.0,0.0,1.0,0.0,10.0,64.0,6.4,20.98
1.0,0.0,0.0,0.0,0.0,0.0,45.0,4.5,20.38
0.0,0.0,0.0,1.0,11.0,59.0,55.0,5.5,14.73
0.0,0.0,1.0,0.0,0.0,11.0,58.0,5.8,12.07
0.0,0.0,0.0,1.0,0.0,0.0,71.0,7.1,13.11
0.0,0.0,0.0,1.0,0.0,8.0,81.0,8.1,21.49
1.0,0.0,0.0,0.0,0.0,18.0,52.0,5.2,23.08
1.0,0.0,0.0,0.0,10.0,27.0,29.0,2.9,29.76
0.0,0.0,0.0,1.0,13.0,84.0,67.0,6.7,25.42
1.0,0.0,0.0,0.0,0.0,0.0,38.0,3.8,16.16
0.0,0.0,0.0,1.0,16.0,84.0,76.0,7.6,21.68
0.0,0.0,0.0,1.0,22.0,60.0,75.0,7.5,15.71
0.0,0.0,0.0,1.0,0.0,7.0,57.0,5.7,13.25
0.0,0.0,1.0,0.0,0.0,0.0,71.0,7.1,15.13
0.0,0.0,0.0,1.0,0.0,59.0,60.0,6.0,24.35
0.0,0.0,1.0,0.0,5.0,31.0,68.0,6.8,12.91
0.0,0.0,1.0,0.0,3.0,56.0,56.0,5.6,27.05
1.0,0.0,0.0,0.0,7.0,61.0,57.0,5.7,21.68
0.0,0.0,1.0,0.0,10.0,51.0,48.0,4.8,21.27
0.0,1.0,0.0,0.0,0.0,0.0,46.0,4.6,13.96
1.0,0.0,0.0,0.0,14.0,51.0,74.0,7.4,25.34
0.0,0.0,1.0,0.0,13.0,30.0,26.0,2.6,14.38
0.0,0.0,1.0,0.0,0.0,4.0,53.0,5.3,16.62
0.0,1.0,0.0,0.0,0.0,16.0,31.0,3.1,21.97
0.0,0.0,1.0,0.0,0.0,24.0,43.0,4.3,19.74
0.0,0.0,1.0,0.0,9.0,26.0,55.0,5.5,20.91
1.0,0.0,0.0,0.0,4.0,31.0,49.0,4.9,28.59
0.0,1.0,0.0,0.0,9.0,24.0,40.0,4.0,21.65
0.0,0.0,0.0,1.0,5.0,59.0,61.0,6.1,25.23
0.0,0.0,0.0,1.0,3.0,56.0,44.0,4.4,14.02
1.0,0.0,0.0,0.0,0.0,26.0,45.0,4.5,24.73
1.0,0.0,0.0,0.0,0.0,11.0,56.0,5.6,11.09
0.0,0.0,1.0,0.0,8.0,36.0,37.0,3.7,20.35
0.0,0.0,1.0,0.0,7.0,70.0,58.0,5.8,33.74
0.0,0.0,0.0,1.0,6.0,31.0,87.0,8.7,11.62
0.0,0.0,1.0,0.0,0.0,34.0,58.0,5.8,26.97
1.0,0.0,0.0,0.0,0.0,0.0,43.0,4.3,22.47
1.0,0.0,0.0,0.0,0.0,82.0,45.0,4.5,28.44
0.0,0.0,1.0,0.0,0.0,30.0,34.0,3.4,22.32
1.0,0.0,0.0,0.0,16.0,28.0,65.0,6.5,24.62
0.0,0.0,0.0,1.0,0.0,56.0,81.0,8.1,27.53
0.0,0.0,0.0,1.0,16.0,75.0,80.0,8.0,14.86
0.0,1.0,0.0,0.0,9.0,30.0,44.0,4.4,27.86
0.0,1.0,0.0,0.0,0.0,6.0,24.0,2.4,18.12
1.0,0.0,0.0,0.0,7.0,35.0,68.0,6.8,25.15
0.0,0.0,1.0,0.0,16.0,34.0,62.0,6.2,26.82
0.0,0.0,0.0,1.0,0.0,42.0,83.0,8.3,18.88
0.0,1.0,0.0,0.0,13.0,66.0,47.0,4.7,37.09
0.0,1.0,0.0,0.0,0.0,31.0,34.0,3.4,12.24
0.0,0.0,1.0,0.0,0.0,0.0,60.0,6.0,19.03
1.0,0.0,0.0,0.0,19.0,94.0,55.0,5.5,28.33
1.0,0.0,0.0,0.0,4.0,13.0,36.0,3.6,21.58
0.0,1.0,0.0,0.0,3.0,51.0,24.0,2.4,30.5
1.0,0.0,0.0,0.0,7.0,75.0,50.0,5.0,32.26
0.0,1.0,0.0,0.0,0.0,33.0,48.0,4.8,20.85
0.0,0.0,1.0,0.0,9.0,26.0,66.0,6.6,24.88
1.0,0.0,0.0,0.0,0.0,9.0,42.0,4.2,16.76
1.0,0.0,0.0,0.0,5.0,5.0,51.0,5.1,18.59
0.0,0.0,0.0,1.0,0.0,26.0,80.0,8.0,11.95
1.0,0.0,0.0,0.0,15.0,25.0,33.0,3.3,23.7
1.0,0.0,0.0,0.0,1.0,15.0,55.0,5.5,27.24
0.0,0.0,1.0,0.0,0.0,30.0,53.0,5.3,15.4
0.0,0.0,1.0,0.0,3.0,77.0,64.0,6.4,22.86
1.0,0.0,0.0,0.0,0.0,73.0,49.0,4.9,29.71
0.0,1.0,0.0,0.0,0.0,17.0,24.0,2.4,21.25
0.0,1.0,0.0,0.0,15.0,39.0,31.0,3.1,16.48
0.0,0.0,0.0,1.0,0.0,30.0,52.0,5.2,22.19
1.0,0.0,0.0,0.0,0.0,31.0,63.0,6.3,26.94
0.0,0.0,1.0,0.0,0.0,36.0,51.0,5.1,29.08
1.0,0.0,0.0,0.0,4.0,48.0,60.0,6.0,20.85
0.0,0.0,1.0,0.0,5.0,0.0,49.0,4.9,10.02
1.0,0.0,0.0,0.0,0.0,17.0,49.0,4.9,22.37
0.0,1.0,0.0,0.0,0.0,0.0,48.0,4.8,12.1
1.0,0.0,0.0,0.0,0.0,20.0,47.0,4.7,19.77
1.0,0.0,0.0,0.0,6.0,53.0,60.0,6.0,13.15
0.0,1.0,0.0,0.0,20.0,45.0,44.0,4.4,25.68
0.0,0.0,0.0,1.0,0.0,28.0,90.0,9.0,17.67
1.0,0.0,0.0,0.0,7.0,50.0,53.0,5.3,11.55
0.0,0.0,0.0,1.0,17.0,71.0,42.0,4.2,29.26
0.0,0.0,1.0,0.0,0.0,8.0,40.0,4.0,12.2
0.0,0.0,1.0,0.0,0.0,33.0,65.0,6.5,18.63
1.0,0.0,0.0,0.0,2.0,8.0,70.0,7.0,19.49
0.0,0.0,1.0,0.0,23.0,64.0,71.0,7.1,27.59
0.0,1.0,0.0,0.0,9.0,34.0,54.0,5.4,24.65
0.0,0.0,1.0,0.0,0.0,5.0,54.0,5.4,11.13
0.0,0.0,0.0,1.0,17.0,60.0,60.0,6.0,34.53
1.0,0.0,0.0,0.0,10.0,45.0,65.0,6.5,25.17
0.0,0.0,0.0,1.0,6.0,57.0,74.0,7.4,25.2
0.0,0.0,1.0,0.0,0.0,4.0,74.0,7.4,10.5
0.0,1.0,0.0,0.0,35.0,17.0,58.0,5.8,23.05
1.0,0.0,0.0,0.0,1.0,32.0,57.0,5.7,26.91
1.0,0.0,0.0,0.0,0.0,57.0,49.0,4.9,17.2
0.0,1.0,0.0,0.0,25.0,78.0,46.0,4.6,20.67
0.0,1.0,0.0,0.0,0.0,26.0,36.0,3.6,19.06
1.0,0.0,0.0,0.0,7.0,49.0,55.0,5.5,22.65
0.0,1.0,0.0,0.0,6.0,0.0,43.0,4.3,15.86
0.0,0.0,0.0,1.0,0.0,22.0,54.0,5.4,23.81
0.0,0.0,1.0,0.0,3.0,56.0,19.0,1.9,13.37
0.0,0.0,0.0,1.0,4.0,33.0,62.0,6.2,11.69
0.0,0.0,1.0,0.0,4.0,30.0,53.0,5.3,14.42
0.0,0.0,1.0,0.0,8.0,36.0,40.0,4.0,14.12
0.0,1.0,0.0,0.0,0.0,39.0,48.0,4.8,24.12
0.0,0.0,0.0,1.0,8.0,4.0,65.0,6.5,18.57
0.0,0.0,0.0,1.0,6.0,0.0,50.0,5.0,17.8
0.0,1.0,0.0,0.0,11.0,21.0,59.0,5.9,22.42
0.0,0.0,1.0,0.0,17.0,16.0,42.0,4.2,22.83
1.0,0.0,0.0,0.0,3.0,56.0,67.0,6.7,16.78
0.0,0.0,0.0,1.0,17.0,23.0,58.0,5.8,24.5
0.0,0.0,1.0,0.0,0.0,57.0,49.0,4.9,27.65
0.0,0.0,0.0,1.0,0.0,15.0,59.0,5.9,17.66
0.0,0.0,1.0,0.0,0.0,39.0,61.0,6.1,20.59
1.0,0.0,0.0,0.0,19.0,32.0,45.0,4.5,13.6
0.0,0.0,0.0,1.0,0.0,43.0,63.0,6.3,12.83
0.0,0.0,0.0,1.0,4.0,63.0,89.0,8.9,16.01
0.0,0.0,0.0,1.0,0.0,19.0,60.0,6.0,24.95
0.0,1.0,0.0,0.0,11.0,44.0,47.0,4.7,19.17
1.0,0.0,0.0,0.0,12.0,15.0,72.0,7.2,23.18
1.0,0.0,0.0,0.0,3.0,22.0,54.0,5.4,23.28
0.0,0.0,1.0,0.0,9.0,17.0,54.0,5.4,23.94
1.0,0.0,0.0,0.0,0.0,36.0,47.0,4.7,26.68
0.0,0.0,0.0,1.0,0.0,37.0,47.0,4.7,22.83
1.0,0.0,0.0,0.0,0.0,98.0,61.0,6.1,17.72
0.0,0.0,0.0,1.0,0.0,34.0,43.0,4.3,15.33
0.0,0.0,0.0,1.0,4.0,14.0,61.0,6.1,18.9
0.0,0.0,0.0,1.0,10.0,27.0,68.0,6.8,14.71
1.0,0.0,0.0,0.0,9.0,34.0,47.0,4.7,26.02
1.0,0.0,0.0,0.0,16.0,62.0,43.0,4.3,14.65
0.0,1.0,0.0,0.0,0.0,5.0,53.0,5.3,14.49
0.0,0.0,0.0,1.0,17.0,78.0,60.0,6.0,23.4
1.0,0.0,0.0,0.0,0.0,51.0,48.0,4.8,28.79
0.0,0.0,0.0,1.0,14.0,6.0,62.0,6.2,9.19
1.0,0.0,0.0,0.0,14.0,47.0,43.0,4.3,24.35
0.0,0.0,0.0,1.0,0.0,10.0,69.0,6.9,17.52
0.0,0.0,0.0,1.0,15.0,24.0,51.0,5.1,13.27
0.0,1.0,0.0,0.0,30.0,52.0,36.0,3.6,31.08
0.0,0.0,0.0,1.0,0.0,15.0,50.0,5.0,14.18
0.0,0.0,0.0,1.0,0.0,2.0,58.0,5.8,12.05
0.0,0.0,1.0,0.0,0.0,36.0,62.0,6.2,12.71
0.0,0.0,1.0,0.0,0.0,12.0,50.0,5.0,24.0
0.0,0.0,0.0,1.0,16.0,0.0,70.0,7.0,13.04
0.0,0.0,0.0,1.0,22.0,17.0,58.0,5.8,10.31
0.0,1.0,0.0,0.0,0.0,16.0,60.0,6.0,19.38
1.0,0.0,0.0,0.0,0.0,17.0,37.0,3.7,23.76
0.0,0.0,0.0,1.0,0.0,0.0,55.0,5.5,16.38
1.0,0.0,0.0,0.0,0.0,4.0,47.0,4.7,17.68
0.0,0.0,0.0,1.0,24.0,65.0,69.0,6.9,26.43
0.0,1.0,0.0,0.0,0.0,33.0,45.0,4.5,24.56
1.0,0.0,0.0,0.0,3.0,0.0,54.0,5.4,23.74
0.0,0.0,1.0,0.0,5.0,19.0,51.0,5.1,22.59
0.0,0.0,1.0,0.0,6.0,28.0,68.0,6.8,21.81
0.0,1.0,0.0,0.0,0.0,26.0,19.0,1.9,25.42
0.0,1.0,0.0,0.0,5.0,21.0,49.0,4.9,24.29
0.0,0.0,0.0,1.0,6.0,86.0,69.0,6.9,30.83
0.0,0.0,1.0,0.0,0.0,18.0,86.0,8.6,28.55
0.0,1.0,0.0,0.0,4.0,37.0,37.0,3.7,23.27
1.0,0.0,0.0,0.0,0.0,12.0,61.0,6.1,22.39
1.0,0.0,0.0,0.0,0.0,28.0,59.0,5.9,21.27
0.0,1.0,0.0,0.0,5.0,42.0,47.0,4.7,15.19
1.0,0.0,0.0,0.0,0.0,0.0,56.0,5.6,22.52
0.0,0.0,1.0,0.0,7.0,12.0,68.0,6.8,24.84
0.0,0.0,1.0,0.0,11.0,56.0,48.0,4.8,25.38
0.0,1.0,0.0,0.0,3.0,39.0,47.0,4.7,30.32
1.0,0.0,0.0,0.0,0.0,0.0,38.0,3.8,20.68
0.0,0.0,0.0,1.0,12.0,22.0,68.0,6.8,18.46
0.0,1.0,0.0,0.0,4.0,41.0,20.0,2.0,15.05
1.0,0.0,0.0,0.0,0.0,39.0,40.0,4.0,21.62
0.0,1.0,0.0,0.0,0.0,45.0,42.0,4.2,26.71
1.0,0.0,0.0,0.0,37.0,41.0,21.0,2.1,21.62
1.0,0.0,0.0,0.0,13.0,30.0,73.0,7.3,23.42
1.0,0.0,0.0,0.0,0.0,38.0,65.0,6.5,21.97
0.0,0.0,1.0,0.0,11.0,26.0,54.0,5.4,25.15
0.0,0.0,1.0,0.0,7.0,27.0,49.0,4.9,15.14
1.0,0.0,0.0,0.0,5.0,50.0,54.0,5.4,20.87
0.0,1.0,0.0,0.0,11.0,31.0,52.0,5.2,21.19
1.0,0.0,0.0,0.0,0.0,37.0,78.0,7.8,24.27
0.0,0.0,0.0,1.0,4.0,13.0,58.0,5.8,23.98
0.0,0.0,1.0,0.0,0.0,15.0,39.0,3.9,18.97
1.0,0.0,0.0,0.0,0.0,22.0,44.0,4.4,18.7
1.0,0.0,0.0,0.0,13.0,48.0,46.0,4.6,27.72
1.0,0.0,0.0,0.0,16.0,42.0,55.0,5.5,21.56
0.0,0.0,1.0,0.0,9.0,47.0,61.0,6.1,20.9
1.0,0.0,0.0,0.0,0.0,58.0,57.0,5.7,26.47
0.0,1.0,0.0,0.0,19.0,54.0,39.0,3.9,23.15
0.0,0.0,0.0,1.0,0.0,38.0,65.0,6.5,11.08
0.0,1.0,0.0,0.0,6.0,40.0,25.0,2.5,13.36
0.0,0.0,1.0,0.0,7.0,32.0,68.0,6.8,25.1
1.0,0.0,0.0,0.0,7.0,50.0,20.0,2.0,11.25
0.0,1.0,0.0,0.0,4.0,66.0,32.0,3.2,25.97
0.0,0.0,1.0,0.0,0.0,13.0,72.0,7.2,20.82
0.0,0.0,0.0,1.0,0.0,3.0,67.0,6.7,19.1
0.0,0.0,0.0,1.0,0.0,30.0,75.0,7.5,19.6
0.0,0.0,0.0,1.0,0.0,4.0,63.0,6.3,13.83
0.0,0.0,1.0,0.0,13.0,28.0,57.0,5.7,14.39
1.0,0.0,0.0,0.0,0.0,48.0,51.0,5.1,13.8
0.0,0.0,1.0,0.0,9.0,44.0,62.0,6.2,16.55
0.0,0.0,0.0,1.0,0.0,24.0,86.0,8.6,18.43
0.0,0.0,1.0,0.0,5.0,38.0,56.0,5.6,18.0
1.0,0.0,0.0,0.0,0.0,0.0,56.0,5.6,10.89
1.0,0.0,0.0,0.0,2.0,3.0,40.0,4.0,19.0
0.0,0.0,0.0,1.0,8.0,63.0,83.0,8.3,20.84
0.0,0.0,0.0,1.0,0.0,52.0,67.0,6.7,17.28
0.0,0.0,0.0,1.0,2.0,3.0,50.0,5.0,11.0
0.0,0.0,1.0,0.0,0.0,0.0,54.0,5.4,21.48
0.0,0.0,1.0,0.0,9.0,26.0,94.0,9.4,18.5
1.0,0.0,0.0,0.0,17.0,46.0,36.0,3.6,24.81
0.0,0.0,1.0,0.0,6.0,16.0,61.0,6.1,12.11
0.0,0.0,0.0,1.0,10.0,55.0,79.0,7.9,35.7
0.0,0.0,1.0,0.0,0.0,0.0,68.0,6.8,18.26
0.0,0.0,1.0,0.0,0.0,9.0,57.0,5.7,23.09
0.0,0.0,1.0,0.0,0.0,3.0,64.0,6.4,15.94
0.0,1.0,0.0,0.0,0.0,19.0,33.0,3.3,26.91
0.0,0.0,0.0,1.0,20.0,43.0,62.0,6.2,13.48
0.0,0.0,1.0,0.0,0.0,60.0,50.0,5.0,19.88
0.0,0.0,1.0,0.0,0.0,12.0,35.0,3.5,15.4
1.0,0.0,0.0,0.0,0.0,20.0,61.0,6.1,15.13
1.0,0.0,0.0,0.0,7.0,46.0,54.0,5.4,18.85
0.0,1.0,0.0,0.0,12.0,50.0,41.0,4.1,25.61
0.0,0.0,0.0,1.0,0.0,69.0,53.0,5.3,17.45
0.0,1.0,0.0,0.0,15.0,54.0,64.0,6.4,21.09
0.0,0.0,0.0,1.0,7.0,60.0,78.0,7.8,30.06
0.0,0.0,0.0,1.0,0.0,3.0,51.0,5.1,16.08
0.0,0.0,1.0,0.0,9.0,46.0,47.0,4.7,16.49
0.0,1.0,0.0,0.0,0.0,0.0,23.0,2.3,18.13
0.0,1.0,0.0,0.0,0.0,39.0,38.0,3.8,26.68
1.0,0.0,0.0,0.0,16.0,31.0,55.0,5.5,11.89
1.0,0.0,0.0,0.0,0.0,40.0,64.0,6.4,24.22
0.0,0.0,1.0,0.0,7.0,40.0,25.0,2.5,11.28
1.0,0.0,0.0,0.0,4.0,37.0,41.0,4.1,29.85
1.0,0.0,0.0,0.0,0.0,0.0,34.0,3.4,12.26
0.0,1.0,0.0,0.0,0.0,27.0,48.0,4.8,19.92
0.0,0.0,1.0,0.0,14.0,57.0,54.0,5.4,27.22
1.0,0.0,0.0,0.0,0.0,20.0,59.0,5.9,20.71
0.0,0.0,0.0,1.0,6.0,67.0,68.0,6.8,14.74
0.0,0.0,0.0,1.0,10.0,63.0,64.0,6.4,13.78
0.0,0.0,1.0,0.0,0.0,19.0,41.0,4.1,23.1
0.0,0.0,0.0,1.0,0.0,31.0,62.0,6.2,21.29
0.0,0.0,0.0,1.0,0.0,15.0,81.0,8.1,24.58
1.0,0.0,0.0,0.0,0.0,18.0,30.0,3.0,18.53
1.0,0.0,0.0,0.0,10.0,39.0,34.0,3.4,24.29
0.0,0.0,1.0,0.0,0.0,38.0,58.0,5.8,15.26
0.0,1.0,0.0,0.0,0.0,24.0,30.0,3.0,31.03
1.0,0.0,0.0,0.0,21.0,80.0,29.0,2.9,24.72
0.0,1.0,0.0,0.0,0.0,70.0,21.0,2.1,30.14
0.0,1.0,0.0,0.0,12.0,71.0,41.0,4.1,28.41
1.0,0.0,0.0,0.0,0.0,18.0,50.0,5.0,26.18
1.0,0.0,0.0,0.0,0.0,0.0,38.0,3.8,16.0
0.0,0.0,0.0,1.0,2.0,41.0,52.0,5.2,24.85
0.0,0.0,1.0,0.0,4.0,39.0,82.0,8.2,20.94
0.0,1.0,0.0,0.0,0.0,10.0,46.0,4.6,29.0
0.0,0.0,0.0,1.0,10.0,46.0,68.0,6.8,15.44
0.0,0.0,0.0,1.0,9.0,39.0,61.0,6.1,27.41
0.0,1.0,0.0,0.0,16.0,14.0,35.0,3.5,12.6
0.0,0.0,1.0,0.0,0.0,0.0,57.0,5.7,14.68
0.0,1.0,0.0,0.0,10.0,80.0,35.0,3.5,30.46
1.0,0.0,0.0,0.0,0.0,11.0,55.0,5.5,25.93
0.0,0.0,1.0,0.0,0.0,28.0,66.0,6.6,23.8
0.0,1.0,0.0,0.0,0.0,0.0,29.0,2.9,21.34
0.0,0.0,0.0,1.0,0.0,14.0,73.0,7.3,22.37
1.0,0.0,0.0,0.0,0.0,39.0,48.0,4.8,19.94
0.0,0.0,0.0,1.0,0.0,3.0,65.0,6.5,20.34
0.0,0.0,1.0,0.0,0.0,31.0,46.0,4.6,22.04
0.0,0.0,0.0,1.0,0.0,18.0,57.0,5.7,14.49
1.0,0.0,0.0,0.0,15.0,54.0,63.0,6.3,14.21
0.0,0.0,0.0,1.0,0.0,0.0,79.0,7.9,8.82
0.0,0.0,1.0,0.0,0.0,9.0,37.0,3.7,10.65
0.0,1.0,0.0,0.0,9.0,49.0,32.0,3.2,19.78
0.0,1.0,0.0,0.0,7.0,8.0,47.0,4.7,23.32
1.0,0.0,0.0,0.0,21.0,26.0,58.0,5.8,19.91
0.0,1.0,0.0,0.0,0.0,3.0,35.0,3.5,22.57
0.0,1.0,0.0,0.0,9.0,24.0,57.0,5.7,12.75
1.0,0.0,0.0,0.0,3.0,31.0,54.0,5.4,12.89
0.0,1.0,0.0,0.0,4.0,55.0,43.0,4.3,14.93
0.0,1.0,0.0,0.0,0.0,31.0,24.0,2.4,22.83
1.0,0.0,0.0,0.0,0.0,11.0,68.0,6.8,25.59
1.0,0.0,0.0,0.0,3.0,36.0,22.0,2.2,21.14
0.0,0.0,1.0,0.0,0.0,11.0,63.0,6.3,11.48
1.0,0.0,0.0,0.0,0.0,48.0,49.0,4.9,23.59
0.0,0.0,1.0,0.0,0.0,7.0,67.0,6.7,10.76
0.0,1.0,0.0,0.0,0.0,19.0,49.0,4.9,24.24
0.0,1.0,0.0,0.0,0.0,24.0,30.0,3.0,16.57
0.0,0.0,1.0,0.0,0.0,5.0,67.0,6.7,15.91
0.0,1.0,0.0,0.0,0.0,61.0,46.0,4.6,30.24
0.0,0.0,1.0,0.0,10.0,9.0,52.0,5.2,21.42
0.0,0.0,1.0,0.0,1.0,19.0,69.0,6.9,25.93
0.0,0.0,0.0,1.0,3.0,27.0,61.0,6.1,25.44
0.0,0.0,0.0,1.0,8.0,28.0,72.0,7.2,23.76
0.0,1.0,0.0,0.0,0.0,51.0,51.0,5.1,29.45
0.0,1.0,0.0,0.0,0.0,20.0,46.0,4.6,10.85
0.0,1.0,0.0,0.0,0.0,27.0,51.0,5.1,12.88
0.0,0.0,0.0,1.0,12.0,26.0,75.0,7.5,22.85
0.0,0.0,1.0,0.0,4.0,62.0,88.0,8.8,25.73
0.0,0.0,1.0,0.0,19.0,12.0,71.0,7.1,18.75
0.0,1.0,0.0,0.0,0.0,43.0,38.0,3.8,25.03
0.0,1.0,0.0,0.0,0.0,23.0,48.0,4.8,21.73
0.0,0.0,1.0,0.0,0.0,15.0,66.0,6.6,23.32
0.0,1.0,0.0,0.0,6.0,5.0,38.0,3.8,22.32
0.0,0.0,1.0,0.0,14.0,54.0,66.0,6.6,14.74
0.0,1.0,0.0,0.0,7.0,41.0,51.0,5.1,13.29
0.0,1.0,0.0,0.0,9.0,56.0,37.0,3.7,26.65
1.0,0.0,0.0,0.0,8.0,59.0,54.0,5.4,21.72
1.0,0.0,0.0,0.0,0.0,37.0,52.0,5.2,23.21
0.0,0.0,1.0,0.0,0.0,48.0,41.0,4.1,19.0
0.0,0.0,0.0,1.0,0.0,51.0,62.0,6.2,20.9
0.0,1.0,0.0,0.0,2.0,34.0,13.0,1.3,24.31
1.0,0.0,0.0,0.0,10.0,78.0,33.0,3.3,27.64
0.0,0.0,1.0,0.0,4.0,41.0,48.0,4.8,23.44
0.0,1.0,0.0,0.0,24.0,88.0,40.0,4.0,22.3
1.0,0.0,0.0,0.0,10.0,37.0,53.0,5.3,25.79
0.0,0.0,0.0,1.0,5.0,17.0,41.0,4.1,12.02
0.0,0.0,1.0,0.0,0.0,6.0,61.0,6.1,18.56
1.0,0.0,0.0,0.0,12.0,61.0,52.0,5.2,27.69
1.0,0.0,0.0,0.0,18.0,51.0,78.0,7.8,24.92
0.0,0.0,0.0,1.0,7.0,0.0,76.0,7.6,17.86
0.0,0.0,0.0,1.0,0.0,35.0,90.0,9.0,14.64
0.0,1.0,0.0,0.0,10.0,45.0,20.0,2.0,12.1
0.0,1.0,0.0,0.0,15.0,61.0,47.0,4.7,15.6
1.0,0.0,0.0,0.0,12.0,39.0,55.0,5.5,21.84
0.0,0.0,0.0,1.0,12.0,12.0,54.0,5.4,26.48
0.0,0.0,0.0,1.0,0.0,7.0,64.0,6.4,15.14
0.0,0.0,0.0,1.0,13.0,50.0,81.0,8.1,19.52
1.0,0.0,0.0,0.0,0.0,5.0,37.0,3.7,17.78
0.0,0.0,0.0,1.0,15.0,57.0,64.0,6.4,28.67
1.0,0.0,0.0,0.0,0.0,54.0,25.0,2.5,28.44
1.0,0.0,0.0,0.0,0.0,21.0,40.0,4.0,12.8
0.0,0.0,0.0,1.0,0.0,70.0,96.0,9.6,26.29
0.0,1.0,0.0,0.0,5.0,59.0,36.0,3.6,16.86
1.0,0.0,0.0,0.0,0.0,40.0,34.0,3.4,19.12
0.0,1.0,0.0,0.0,0.0,88.0,49.0,4.9,29.61
0.0,0.0,1.0,0.0,0.0,20.0,68.0,6.8,10.97
0.0,1.0,0.0,0.0,6.0,62.0,43.0,4.3,36.28
0.0,0.0,1.0,0.0,18.0,18.0,58.0,5.8,26.57
0.0,1.0,0.0,0.0,9.0,17.0,36.0,3.6,14.39
0.0,1.0,0.0,0.0,3.0,50.0,30.0,3.0,20.43
0.0,0.0,1.0,0.0,0.0,32.0,62.0,6.2,16.74
1.0,0.0,0.0,0.0,0.0,34.0,50.0,5.0,22.84
1.0,0.0,0.0,0.0,0.0,17.0,52.0,5.2,20.67
0.0,0.0,1.0,0.0,5.0,30.0,38.0,3.8,16.87
0.0,0.0,1.0,0.0,0.0,17.0,84.0,8.4,13.18
1.0,0.0,0.0,0.0,4.0,32.0,63.0,6.3,22.71
0.0,0.0,1.0,0.0,0.0,2.0,74.0,7.4,16.11
0.0,0.0,0.0,1.0,5.0,25.0,64.0,6.4,22.38
0.0,0.0,0.0,1.0,0.0,13.0,37.0,3.7,26.22
0.0,0.0,1.0,0.0,10.0,60.0,53.0,5.3,23.91
0.0,0.0,1.0,0.0,11.0,36.0,26.0,2.6,16.96
0.0,0.0,0.0,1.0,12.0,45.0,71.0,7.1,11.59
0.0,0.0,1.0,0.0,2.0,71.0,54.0,5.4,35.57
1.0,0.0,0.0,0.0,10.0,45.0,55.0,5.5,21.2
0.0,0.0,0.0,1.0,2.0,9.0,64.0,6.4,24.22
0.0,1.0,0.0,0.0,0.0,44.0,33.0,3.3,20.18
1.0,0.0,0.0,0.0,0.0,51.0,39.0,3.9,24.64
0.0,1.0,0.0,0.0,0.0,51.0,49.0,4.9,26.53
0.0,0.0,1.0,0.0,0.0,10.0,75.0,7.5,21.28
0.0,1.0,0.0,0.0,1.0,0.0,42.0,4.2,18.4
0.0,0.0,1.0,0.0,0.0,16.0,46.0,4.6,28.22
0.0,0.0,1.0,0.0,4.0,27.0,63.0,6.3,23.67
1.0,0.0,0.0,0.0,0.0,24.0,35.0,3.5,24.51
0.0,0.0,0.0,1.0,0.0,15.0,76.0,7.6,12.66
0.0,0.0,1.0,0.0,4.0,33.0,40.0,4.0,21.45
0.0,1.0,0.0,0.0,13.0,72.0,43.0,4.3,35.49
1.0,0.0,0.0,0.0,3.0,73.0,44.0,4.4,18.14
0.0,0.0,1.0,0.0,10.0,44.0,65.0,6.5,23.31
0.0,0.0,0.0,1.0,0.0,2.0,60.0,6.0,20.3
0.0,1.0,0.0,0.0,3.0,32.0,44.0,4.4,14.61
0.0,0.0,0.0,1.0,0.0,11.0,67.0,6.7,17.46
0.0,1.0,0.0,0.0,0.0,59.0,38.0,3.8,31.76
0.0,1.0,0.0,0.0,0.0,7.0,53.0,5.3,24.74
0.0,0.0,0.0,1.0,0.0,69.0,68.0,6.8,22.1
0.0,0.0,0.0,1.0,14.0,72.0,68.0,6.8,31.6
0.0,0.0,0.0,1.0,0.0,0.0,54.0,5.4,17.89
0.0,0.0,1.0,0.0,8.0,29.0,67.0,6.7,20.0
1.0,0.0,0.0,0.0,0.0,20.0,37.0,3.7,28.49
0.0,1.0,0.0,0.0,10.0,32.0,49.0,4.9,15.0
0.0,0.0,0.0,1.0,0.0,0.0,68.0,6.8,19.81
0.0,1.0,0.0,0.0,17.0,53.0,55.0,5.5,13.13
0.0,0.0,1.0,0.0,0.0,4.0,67.0,6.7,11.51
0.0,1.0,0.0,0.0,0.0,36.0,36.0,3.6,11.17
0.0,1.0,0.0,0.0,0.0,0.0,27.0,2.7,10.59
0.0,1.0,0.0,0.0,16.0,42.0,43.0,4.3,28.05
0.0,0.0,0.0,1.0,0.0,45.0,71.0,7.1,19.69
1.0,0.0,0.0,0.0,0.0,0.0,21.0,2.1,24.9
0.0,0.0,1.0,0.0,0.0,3.0,54.0,5.4,17.65
1.0,0.0,0.0,0.0,0.0,6.0,58.0,5.8,16.4
0.0,0.0,1.0,0.0,0.0,1.0,81.0,8.1,15.53
1.0,0.0,0.0,0.0,17.0,34.0,72.0,7.2,12.03
0.0,1.0,0.0,0.0,18.0,58.0,44.0,4.4,29.39
0.0,1.0,0.0,0.0,0.0,11.0,33.0,3.3,21.48
0.0,1.0,0.0,0.0,0.0,2.0,39.0,3.9,16.49
0.0,0.0,0.0,1.0,0.0,0.0,45.0,4.5,16.98
0.0,1.0,0.0,0.0,15.0,19.0,53.0,5.3,26.36
1.0,0.0,0.0,0.0,0.0,20.0,53.0,5.3,26.64
1.0,0.0,0.0,0.0,0.0,14.0,54.0,5.4,24.37
0.0,0.0,1.0,0.0,0.0,11.0,47.0,4.7,12.62
0.0,1.0,0.0,0.0,6.0,65.0,36.0,3.6,24.56
0.0,0.0,0.0,1.0,3.0,73.0,60.0,6.0,26.17
0.0,0.0,1.0,0.0,0.0,20.0,55.0,5.5,21.2
1.0,0.0,0.0,0.0,0.0,24.0,36.0,3.6,11.06
0.0,1.0,0.0,0.0,5.0,58.0,39.0,3.9,31.0
0.0,0.0,1.0,0.0,0.0,5.0,43.0,4.3,20.23
0.0,0.0,0.0,1.0,0.0,11.0,63.0,6.3,20.19
0.0,1.0,0.0,0.0,0.0,41.0,40.0,4.0,19.27
0.0,0.0,0.0,1.0,18.0,31.0,69.0,6.9,13.8
0.0,0.0,0.0,1.0,0.0,13.0,59.0,5.9,12.42
1.0,0.0,0.0,0.0,0.0,16.0,50.0,5.0,30.18
0.0,0.0,0.0,1.0,5.0,46.0,79.0,7.9,15.39
0.0,0.0,1.0,0.0,6.0,51.0,30.0,3.0,20.77
1.0,0.0,0.0,0.0,0.0,29.0,55.0,5.5,21.05
0.0,0.0,1.0,0.0,12.0,58.0,52.0,5.2,18.67
0.0,0.0,0.0,1.0,18.0,3.0,63.0,6.3,16.56
0.0,1.0,0.0,0.0,0.0,12.0,37.0,3.7,11.03
0.0,1.0,0.0,0.0,6.0,64.0,56.0,5.6,24.21
0.0,1.0,0.0,0.0,0.0,87.0,39.0,3.9,16.59
0.0,1.0,0.0,0.0,17.0,38.0,33.0,3.3,16.7
0.0,1.0,0.0,0.0,5.0,32.0,38.0,3.8,21.89
0.0,0.0,0.0,1.0,0.0,15.0,55.0,5.5,21.95
0.0,0.0,1.0,0.0,0.0,56.0,53.0,5.3,20.42
0.0,0.0,0.0,1.0,0.0,5.0,60.0,6.0,17.6
0.0,0.0,0.0,1.0,0.0,6.0,66.0,6.6,18.08
0.0,1.0,0.0,0.0,1.0,102.0,44.0,4.4,13.3
0.0,0.0,0.0,1.0,0.0,29.0,62.0,6.2,23.24
0.0,0.0,0.0,1.0,2.0,20.0,63.0,6.3,29.57
0.0,0.0,1.0,0.0,0.0,19.0,41.0,4.1,14.78
0.0,1.0,0.0,0.0,0.0,18.0,33.0,3.3,13.48
1.0,0.0,0.0,0.0,13.0,85.0,53.0,5.3,23.98
0.0,0.0,1.0,0.0,12.0,82.0,52.0,5.2,29.56
0.0,0.0,0.0,1.0,3.0,23.0,57.0,5.7,12.11
0.0,0.0,0.0,1.0,0.0,0.0,68.0,6.8,17.41
0.0,0.0,1.0,0.0,0.0,37.0,28.0,2.8,21.71
0.0,1.0,0.0,0.0,0.0,41.0,41.0,4.1,20.73
0.0,1.0,0.0,0.0,0.0,34.0,50.0,5.0,17.98
1.0,0.0,0.0,0.0,19.0,14.0,50.0,5.0,28.12
1.0,0.0,0.0,0.0,0.0,7.0,48.0,4.8,10.6
0.0,0.0,0.0,1.0,0.0,0.0,64.0,6.4,16.72
1.0,0.0,0.0,0.0,14.0,9.0,33.0,3.3,19.58
0.0,0.0,1.0,0.0,13.0,21.0,68.0,6.8,24.37
0.0,0.0,0.0,1.0,6.0,67.0,42.0,4.2,21.38
0.0,1.0,0.0,0.0,0.0,30.0,26.0,2.6,19.81
0.0,0.0,1.0,0.0,17.0,33.0,55.0,5.5,11.45
1.0,0.0,0.0,0.0,0.0,3.0,50.0,5.0,21.5
0.0,1.0,0.0,0.0,0.0,13.0,48.0,4.8,19.48
0.0,0.0,1.0,0.0,1.0,48.0,52.0,5.2,20.0
1.0,0.0,0.0,0.0,6.0,86.0,61.0,6.1,30.15
1.0,0.0,0.0,0.0,0.0,42.0,20.0,2.0,29.75
1.0,0.0,0.0,0.0,0.0,20.0,53.0,5.3,19.19
1.0,0.0,0.0,0.0,0.0,23.0,68.0,6.8,21.75
0.0,1.0,0.0,0.0,9.0,41.0,37.0,3.7,14.19
1.0,0.0,0.0,0.0,9.0,39.0,48.0,4.8,22.0
0.0,0.0,1.0,0.0,0.0,4.0,54.0,5.4,19.11
1.0,0.0,0.0,0.0,3.0,80.0,55.0,5.5,20.89
1.0,0.0,0.0,0.0,13.0,31.0,43.0,4.3,28.63
0.0,1.0,0.0,0.0,1.0,53.0,37.0,3.7,26.46
0.0,0.0,1.0,0.0,12.0,17.0,66.0,6.6,28.52
0.0,0.0,1.0,0.0,0.0,10.0,34.0,3.4,31.03
0.0,0.0,0.0,1.0,2.0,0.0,60.0,6.0,13.85
0.0,1.0,0.0,0.0,0.0,55.0,37.0,3.7,25.41
0.0,0.0,0.0,1.0,0.0,61.0,72.0,7.2,15.0
0.0,1.0,0.0,0.0,7.0,43.0,42.0,4.2,14.62
1.0,0.0,0.0,0.0,18.0,28.0,38.0,3.8,30.71
0.0,1.0,0.0,0.0,7.0,34.0,30.0,3.0,11.37
0.0,1.0,0.0,0.0,0.0,39.0,14.0,1.4,25.5
1.0,0.0,0.0,0.0,4.0,65.0,55.0,5.5,21.49
0.0,1.0,0.0,0.0,0.0,27.0,34.0,3.4,26.03
0.0,0.0,0.0,1.0,16.0,62.0,63.0,6.3,31.43
0.0,0.0,0.0,1.0,0.0,0.0,76.0,7.6,12.03
0.0,1.0,0.0,0.0,0.0,18.0,43.0,4.3,14.7
0.0,1.0,0.0,0.0,0.0,12.0,31.0,3.1,13.68
0.0,0.0,0.0,1.0,0.0,16.0,27.0,2.7,28.37
0.0,0.0,0.0,1.0,12.0,7.0,47.0,4.7,14.96
0.0,0.0,0.0,1.0,7.0,32.0,81.0,8.1,24.52
0.0,0.0,1.0,0.0,0.0,0.0,54.0,5.4,10.43
0.0,1.0,0.0,0.0,0.0,0.0,47.0,4.7,24.09
0.0,1.0,0.0,0.0,10.0,44.0,51.0,5.1,19.0
0.0,0.0,1.0,0.0,0.0,47.0,58.0,5.8,15.57
1.0,0.0,0.0,0.0,4.0,44.0,44.0,4.4,13.89
1.0,0.0,0.0,0.0,16.0,55.0,47.0,4.7,36.7
1.0,0.0,0.0,0.0,15.0,38.0,65.0,6.5,24.42
0.0,0.0,1.0,0.0,15.0,58.0,56.0,5.6,30.98
0.0,1.0,0.0,0.0,12.0,24.0,41.0,4.1,10.88
0.0,0.0,1.0,0.0,0.0,12.0,48.0,4.8,20.52
1.0,0.0,0.0,0.0,3.0,30.0,52.0,5.2,20.67
0.0,0.0,0.0,1.0,0.0,24.0,55.0,5.5,17.36
1.0,0.0,0.0,0.0,0.0,12.0,31.0,3.1,13.84
0.0,1.0,0.0,0.0,0.0,33.0,50.0,5.0,27.66
0.0,0.0,1.0,0.0,0.0,32.0,62.0,6.2,13.48
1.0,0.0,0.0,0.0,0.0,37.0,41.0,4.1,26.27
0.0,1.0,0.0,0.0,0.0,4.0,50.0,5.0,9.62
1.0,0.0,0.0,0.0,6.0,62.0,49.0,4.9,34.24
0.0,0.0,1.0,0.0,0.0,15.0,45.0,4.5,20.22
1.0,0.0,0.0,0.0,14.0,41.0,48.0,4.8,24.77
1.0,0.0,0.0,0.0,0.0,20.0,28.0,2.8,25.64
0.0,0.0,1.0,0.0,3.0,39.0,68.0,6.8,28.44
0.0,0.0,1.0,0.0,0.0,85.0,61.0,6.1,22.59
0.0,0.0,1.0,0.0,1.0,45.0,56.0,5.6,27.18
0.0,0.0,1.0,0.0,6.0,15.0,53.0,5.3,11.21
0.0,0.0,0.0,1.0,12.0,39.0,84.0,8.4,19.74
1.0,0.0,0.0,0.0,0.0,46.0,41.0,4.1,27.95
1.0,0.0,0.0,0.0,1.0,25.0,34.0,3.4,19.06
0.0,0.0,0.0,1.0,10.0,52.0,56.0,5.6,17.36
0.0,0.0,0.0,1.0,4.0,53.0,70.0,7.0,21.5
1.0,0.0,0.0,0.0,0.0,42.0,59.0,5.9,19.39
0.0,0.0,1.0,0.0,0.0,32.0,56.0,5.6,24.02
1.0,0.0,0.0,0.0,0.0,45.0,40.0,4.0,23.95
0.0,0.0,0.0,1.0,0.0,31.0,52.0,5.2,19.6
0.0,1.0,0.0,0.0,0.0,4.0,57.0,5.7,12.16
0.0,0.0,0.0,1.0,3.0,20.0,74.0,7.4,12.82
0.0,1.0,0.0,0.0,0.0,65.0,46.0,4.6,26.61
0.0,0.0,1.0,0.0,9.0,17.0,61.0,6.1,11.75
1.0,0.0,0.0,0.0,12.0,5.0,49.0,4.9,15.65
0.0,0.0,0.0,1.0,13.0,78.0,50.0,5.0,13.34
0.0,1.0,0.0,0.0,0.0,5.0,29.0,2.9,22.38
0.0,1.0,0.0,0.0,0.0,51.0,31.0,3.1,25.55
0.0,0.0,0.0,1.0,3.0,19.0,64.0,6.4,11.06
0.0,1.0,0.0,0.0,4.0,21.0,38.0,3.8,23.32
1.0,0.0,0.0,0.0,6.0,40.0,43.0,4.3,30.26
1.0,0.0,0.0,0.0,12.0,38.0,54.0,5.4,21.81
0.0,1.0,0.0,0.0,5.0,30.0,27.0,2.7,20.07
0.0,0.0,0.0,1.0,4.0,62.0,63.0,6.3,16.59
0.0,0.0,0.0,1.0,0.0,17.0,70.0,7.0,23.14
0.0,1.0,0.0,0.0,6.0,62.0,60.0,6.0,23.75
0.0,0.0,0.0,1.0,6.0,31.0,68.0,6.8,23.57
0.0,1.0,0.0,0.0,7.0,82.0,42.0,4.2,27.67
0.0,0.0,0.0,1.0,8.0,42.0,75.0,7.5,23.0
0.0,0.0,0.0,1.0,4.0,48.0,51.0,5.1,17.86
0.0,0.0,1.0,0.0,0.0,29.0,53.0,5.3,27.96
0.0,0.0,0.0,1.0,11.0,31.0,42.0,4.2,13.24
0.0,0.0,0.0,1.0,0.0,0.0,74.0,7.4,16.01
0.0,0.0,1.0,0.0,3.0,70.0,53.0,5.3,28.25
1.0,0.0,0.0,0.0,2.0,56.0,43.0,4.3,33.51
0.0,0.0,1.0,0.0,0.0,16.0,45.0,4.5,20.36
0.0,0.0,0.0,1.0,4.0,17.0,78.0,7.8,20.53
0.0,0.0,0.0,1.0,0.0,15.0,67.0,6.7,18.99
0.0,0.0,0.0,1.0,1.0,65.0,83.0,8.3,16.07
0.0,0.0,0.0,1.0,14.0,21.0,59.0,5.9,22.61
0.0,0.0,0.0,1.0,0.0,9.0,50.0,5.0,15.32
1.0,0.0,0.0,0.0,0.0,60.0,45.0,4.5,18.2
0.0,1.0,0.0,0.0,12.0,58.0,48.0,4.8,35.4
0.0,0.0,1.0,0.0,0.0,7.0,57.0,5.7,18.33
0.0,0.0,1.0,0.0,0.0,12.0,53.0,5.3,23.87
1.0,0.0,0.0,0.0,29.0,38.0,49.0,4.9,18.06
0.0,0.0,1.0,0.0,9.0,33.0,45.0,4.5,14.91
0.0,0.0,1.0,0.0,0.0,37.0,44.0,4.4,21.66
0.0,0.0,0.0,1.0,0.0,15.0,58.0,5.8,15.33
0.0,0.0,0.0,1.0,19.0,42.0,49.0,4.9,18.67
0.0,0.0,1.0,0.0,5.0,32.0,92.0,9.2,27.27
0.0,0.0,1.0,0.0,0.0,15.0,42.0,4.2,20.79
1.0,0.0,0.0,0.0,4.0,18.0,63.0,6.3,23.06
0.0,0.0,0.0,1.0,0.0,0.0,75.0,7.5,11.45
0.0,1.0,0.0,0.0,0.0,79.0,36.0,3.6,27.67
1.0,0.0,0.0,0.0,0.0,16.0,46.0,4.6,27.7
0.0,0.0,1.0,0.0,5.0,45.0,47.0,4.7,22.28
0.0,0.0,0.0,1.0,1.0,27.0,40.0,4.0,21.0
0.0,0.0,0.0,1.0,0.0,17.0,85.0,8.5,19.34
0.0,0.0,0.0,1.0,0.0,12.0,74.0,7.4,25.03
0.0,0.0,1.0,0.0,0.0,12.0,68.0,6.8,13.21
0.0,0.0,0.0,1.0,3.0,36.0,61.0,6.1,30.66
0.0,1.0,0.0,0.0,0.0,11.0,26.0,2.6,25.81
0.0,0.0,1.0,0.0,29.0,16.0,52.0,5.2,17.63
1.0,0.0,0.0,0.0,10.0,46.0,47.0,4.7,23.91
0.0,1.0,0.0,0.0,4.0,48.0,52.0,5.2,14.83
1.0,0.0,0.0,0.0,6.0,38.0,52.0,5.2,17.52
0.0,0.0,1.0,0.0,0.0,36.0,51.0,5.1,22.94
0.0,0.0,0.0,1.0,0.0,72.0,79.0,7.9,27.95
0.0,0.0,0.0,1.0,5.0,25.0,86.0,8.6,25.9
0.0,0.0,0.0,1.0,0.0,12.0,60.0,6.0,23.67
0.0,1.0,0.0,0.0,21.0,34.0,46.0,4.6,19.72
0.0,0.0,1.0,0.0,16.0,31.0,42.0,4.2,20.93
1.0,0.0,0.0,0.0,8.0,35.0,53.0,5.3,23.36
0.0,0.0,1.0,0.0,16.0,42.0,54.0,5.4,24.2
1.0,0.0,0.0,0.0,24.0,88.0,54.0,5.4,21.24
1.0,0.0,0.0,0.0,0.0,94.0,56.0,5.6,27.82
0.0,0.0,1.0,0.0,6.0,37.0,65.0,6.5,26.11
0.0,0.0,1.0,0.0,0.0,0.0,43.0,4.3,21.21
0.0,1.0,0.0,0.0,7.0,65.0,43.0,4.3,23.58
0.0,0.0,0.0,1.0,16.0,34.0,65.0,6.5,18.37
0.0,0.0,1.0,0.0,14.0,42.0,47.0,4.7,20.87
1.0,0.0,0.0,0.0,0.0,7.0,51.0,5.1,21.65
0.0,1.0,0.0,0.0,6.0,55.0,26.0,2.6,32.5
1.0,0.0,0.0,0.0,0.0,57.0,56.0,5.6,29.04
0.0,0.0,0.0,1.0,0.0,73.0,71.0,7.1,24.1
0.0,0.0,0.0,1.0,0.0,48.0,66.0,6.6,21.0
0.0,1.0,0.0,0.0,6.0,14.0,33.0,3.3,14.7
0.0,1.0,0.0,0.0,8.0,26.0,49.0,4.9,24.16
0.0,0.0,1.0,0.0,4.0,64.0,54.0,5.4,17.22
0.0,1.0,0.0,0.0,0.0,7.0,40.0,4.0,18.85
1.0,0.0,0.0,0.0,0.0,15.0,59.0,5.9,19.81
1.0,0.0,0.0,0.0,0.0,11.0,45.0,4.5,18.62
0.0,0.0,1.0,0.0,0.0,3.0,27.0,2.7,9.96
0.0,1.0,0.0,0.0,0.0,13.0,35.0,3.5,19.14
0.0,0.0,0.0,1.0,0.0,25.0,62.0,6.2,14.39
0.0,0.0,1.0,0.0,0.0,51.0,29.0,2.9,21.41
1.0,0.0,0.0,0.0,3.0,2.0,51.0,5.1,13.94
0.0,0.0,1.0,0.0,3.0,57.0,46.0,4.6,17.41
0.0,0.0,1.0,0.0,9.0,24.0,80.0,8.0,21.45
0.0,1.0,0.0,0.0,2.0,55.0,30.0,3.0,27.33
0.0,1.0,0.0,0.0,21.0,50.0,32.0,3.2,19.59
0.0,1.0,0.0,0.0,0.0,56.0,55.0,5.5,17.05
1.0,0.0,0.0,0.0,0.0,7.0,20.0,2.0,20.3
1.0,0.0,0.0,0.0,0.0,51.0,50.0,5.0,29.16
0.0,0.0,0.0,1.0,0.0,50.0,87.0,8.7,19.89
0.0,0.0,0.0,1.0,0.0,68.0,59.0,5.9,30.83
0.0,0.0,0.0,1.0,7.0,75.0,62.0,6.2,18.56
0.0,0.0,1.0,0.0,0.0,2.0,45.0,4.5,18.44
0.0,0.0,0.0,1.0,0.0,39.0,64.0,6.4,19.05
0.0,0.0,0.0,1.0,4.0,70.0,59.0,5.9,31.64
0.0,1.0,0.0,0.0,5.0,74.0,66.0,6.6,28.56
0.0,0.0,0.0,1.0,0.0,67.0,91.0,9.1,26.86
1.0,0.0,0.0,0.0,5.0,0.0,47.0,4.7,18.72
0.0,0.0,0.0,1.0,2.0,56.0,57.0,5.7,27.84
1.0,0.0,0.0,0.0,3.0,69.0,47.0,4.7,18.3
1.0,0.0,0.0,0.0,0.0,9.0,32.0,3.2,19.31
0.0,0.0,0.0,1.0,0.0,42.0,63.0,6.3,13.94
0.0,1.0,0.0,0.0,19.0,50.0,33.0,3.3,26.82
0.0,0.0,1.0,0.0,0.0,69.0,60.0,6.0,24.08
1.0,0.0,0.0,0.0,2.0,90.0,66.0,6.6,29.36
0.0,0.0,0.0,1.0,9.0,41.0,60.0,6.0,21.68
0.0,1.0,0.0,0.0,0.0,41.0,36.0,3.6,23.64
0.0,0.0,1.0,0.0,0.0,5.0,65.0,6.5,19.98
1.0,0.0,0.0,0.0,0.0,26.0,60.0,6.0,23.47
0.0,1.0,0.0,0.0,6.0,42.0,44.0,4.4,12.93
0.0,1.0,0.0,0.0,0.0,27.0,45.0,4.5,11.31
0.0,0.0,1.0,0.0,8.0,100.0,68.0,6.8,23.43
1.0,0.0,0.0,0.0,10.0,28.0,43.0,4.3,24.0
0.0,1.0,0.0,0.0,0.0,32.0,45.0,4.5,27.91
0.0,1.0,0.0,0.0,0.0,8.0,37.0,3.7,20.08
0.0,1.0,0.0,0.0,12.0,99.0,26.0,2.6,30.35
1.0,0.0,0.0,0.0,0.0,7.0,50.0,5.0,16.1
0.0,1.0,0.0,0.0,0.0,16.0,40.0,4.0,21.1
0.0,1.0,0.0,0.0,6.0,55.0,15.0,1.5,32.87
1.0,0.0,0.0,0.0,10.0,39.0,67.0,6.7,28.96
0.0,0.0,0.0,1.0,3.0,55.0,71.0,7.1,20.55
1.0,0.0,0.0,0.0,4.0,21.0,59.0,5.9,22.71
0.0,0.0,0.0,1.0,0.0,33.0,62.0,6.2,15.44
1.0,0.0,0.0,0.0,9.0,70.0,54.0,5.4,29.56
0.0,0.0,1.0,0.0,8.0,31.0,89.0,8.9,22.34
1.0,0.0,0.0,0.0,7.0,78.0,34.0,3.4,29.65
0.0,0.0,1.0,0.0,19.0,50.0,54.0,5.4,13.19
0.0,0.0,1.0,0.0,0.0,19.0,62.0,6.2,13.06
0.0,1.0,0.0,0.0,0.0,3.0,46.0,4.6,16.26
0.0,0.0,1.0,0.0,8.0,0.0,31.0,3.1,18.0
0.0,0.0,1.0,0.0,0.0,39.0,36.0,3.6,23.94
1.0,0.0,0.0,0.0,0.0,34.0,56.0,5.6,21.18
0.0,0.0,0.0,1.0,11.0,48.0,64.0,6.4,25.31
0.0,1.0,0.0,0.0,0.0,57.0,38.0,3.8,21.79
0.0,0.0,1.0,0.0,15.0,12.0,64.0,6.4,21.22
0.0,0.0,1.0,0.0,11.0,44.0,40.0,4.0,18.95
0.0,0.0,0.0,1.0,0.0,66.0,61.0,6.1,26.46
1.0,0.0,0.0,0.0,16.0,34.0,60.0,6.0,19.82
0.0,1.0,0.0,0.0,0.0,9.0,35.0,3.5,16.6
0.0,0.0,0.0,1.0,15.0,36.0,67.0,6.7,11.49
0.0,0.0,0.0,1.0,5.0,43.0,61.0,6.1,22.05
0.0,1.0,0.0,0.0,0.0,26.0,46.0,4.6,26.85
1.0,0.0,0.0,0.0,7.0,43.0,66.0,6.6,23.0
0.0,0.0,1.0,0.0,0.0,132.0,60.0,6.0,28.05
0.0,1.0,0.0,0.0,0.0,41.0,53.0,5.3,21.7
0.0,0.0,0.0,1.0,7.0,8.0,65.0,6.5,14.12
1.0,0.0,0.0,0.0,0.0,15.0,41.0,4.1,20.1
1.0,0.0,0.0,0.0,4.0,23.0,62.0,6.2,24.13
0.0,0.0,1.0,0.0,0.0,19.0,59.0,5.9,19.56
0.0,1.0,0.0,0.0,6.0,64.0,45.0,4.5,35.38
0.0,0.0,0.0,1.0,0.0,7.0,56.0,5.6,15.2
0.0,1.0,0.0,0.0,4.0,37.0,62.0,6.2,21.73
0.0,0.0,0.0,1.0,4.0,37.0,67.0,6.7,11.93
0.0,0.0,0.0,1.0,0.0,22.0,69.0,6.9,25.86
0.0,0.0,0.0,1.0,6.0,69.0,81.0,8.1,33.23
1.0,0.0,0.0,0.0,0.0,42.0,48.0,4.8,23.06
0.0,1.0,0.0,0.0,0.0,0.0,57.0,5.7,10.39
0.0,0.0,0.0,1.0,8.0,57.0,59.0,5.9,32.39
0.0,0.0,1.0,0.0,0.0,26.0,55.0,5.5,17.93
0.0,0.0,1.0,0.0,0.0,88.0,37.0,3.7,17.19
1.0,0.0,0.0,0.0,0.0,19.0,52.0,5.2,18.21
0.0,0.0,1.0,0.0,0.0,17.0,35.0,3.5,23.83
1.0,0.0,0.0,0.0,14.0,29.0,61.0,6.1,13.93
1.0,0.0,0.0,0.0,9.0,45.0,61.0,6.1,26.25
0.0,0.0,0.0,1.0,13.0,32.0,72.0,7.2,26.9
0.0,1.0,0.0,0.0,0.0,51.0,41.0,4.1,23.24
1.0,0.0,0.0,0.0,0.0,23.0,43.0,4.3,13.07
0.0,0.0,0.0,1.0,11.0,38.0,73.0,7.3,27.68
0.0,0.0,1.0,0.0,9.0,22.0,68.0,6.8,18.97
0.0,1.0,0.0,0.0,0.0,56.0,43.0,4.3,28.37
0.0,0.0,1.0,0.0,2.0,43.0,60.0,6.0,14.88
0.0,0.0,1.0,0.0,11.0,68.0,41.0,4.1,14.93
0.0,0.0,1.0,0.0,0.0,13.0,77.0,7.7,22.06
0.0,0.0,1.0,0.0,20.0,21.0,37.0,3.7,28.43
0.0,1.0,0.0,0.0,0.0,7.0,45.0,4.5,19.22
0.0,0.0,0.0,1.0,25.0,81.0,52.0,5.2,18.25
0.0,0.0,0.0,1.0,4.0,18.0,53.0,5.3,21.0
0.0,0.0,0.0,1.0,6.0,55.0,77.0,7.7,15.38
1.0,0.0,0.0,0.0,6.0,51.0,61.0,6.1,22.84
0.0,0.0,0.0,1.0,0.0,43.0,66.0,6.6,23.94
0.0,1.0,0.0,0.0,0.0,16.0,38.0,3.8,21.18
0.0,0.0,1.0,0.0,0.0,0.0,62.0,6.2,24.66
0.0,1.0,0.0,0.0,0.0,13.0,49.0,4.9,13.73
0.0,1.0,0.0,0.0,10.0,55.0,25.0,2.5,26.08
0.0,1.0,0.0,0.0,0.0,0.0,35.0,3.5,21.69
0.0,0.0,1.0,0.0,2.0,8.0,72.0,7.2,16.18
0.0,0.0,1.0,0.0,9.0,103.0,37.0,3.7,35.81
0.0,0.0,0.0,1.0,12.0,38.0,67.0,6.7,21.69
1.0,0.0,0.0,0.0,0.0,47.0,45.0,4.5,27.93
0.0,1.0,0.0,0.0,0.0,20.0,46.0,4.6,21.09
0.0,0.0,0.0,1.0,9.0,94.0,60.0,6.0,23.8
0.0,1.0,0.0,0.0,0.0,30.0,37.0,3.7,22.81
0.0,1.0,0.0,0.0,0.0,0.0,29.0,2.9,21.45
1.0,0.0,0.0,0.0,25.0,73.0,57.0,5.7,20.53
0.0,0.0,0.0,1.0,0.0,129.0,72.0,7.2,30.58
0.0,0.0,0.0,1.0,0.0,39.0,50.0,5.0,26.5
0.0,1.0,0.0,0.0,33.0,32.0,30.0,3.0,15.77
1.0,0.0,0.0,0.0,3.0,92.0,76.0,7.6,31.83
0.0,0.0,0.0,1.0,0.0,20.0,55.0,5.5,22.73
1.0,0.0,0.0,0.0,2.0,55.0,64.0,6.4,25.73
0.0,1.0,0.0,0.0,0.0,15.0,46.0,4.6,24.74
0.0,0.0,0.0,1.0,2.0,20.0,52.0,5.2,20.9
0.0,0.0,0.0,1.0,17.0,29.0,66.0,6.6,19.83
1.0,0.0,0.0,0.0,11.0,42.0,52.0,5.2,25.9
0.0,1.0,0.0,0.0,0.0,23.0,35.0,3.5,19.23
1.0,0.0,0.0,0.0,13.0,53.0,62.0,6.2,30.56
1.0,0.0,0.0,0.0,0.0,4.0,58.0,5.8,21.14
1.0,0.0,0.0,0.0,0.0,52.0,47.0,4.7,34.87
0.0,0.0,0.0,1.0,18.0,64.0,70.0,7.0,13.76
1.0,0.0,0.0,0.0,0.0,21.0,51.0,5.1,21.86
0.0,1.0,0.0,0.0,0.0,12.0,29.0,2.9,20.93
0.0,1.0,0.0,0.0,0.0,24.0,50.0,5.0,20.96
0.0,0.0,0.0,1.0,0.0,59.0,62.0,6.2,16.42
0.0,0.0,1.0,0.0,6.0,64.0,65.0,6.5,31.8
0.0,0.0,0.0,1.0,6.0,53.0,58.0,5.8,30.52
1.0,0.0,0.0,0.0,0.0,0.0,32.0,3.2,9.09
1.0,0.0,0.0,0.0,0.0,10.0,38.0,3.8,21.97
1.0,0.0,0.0,0.0,19.0,36.0,48.0,4.8,14.77
1.0,0.0,0.0,0.0,7.0,40.0,52.0,5.2,19.15
0.0,1.0,0.0,0.0,0.0,28.0,47.0,4.7,13.26
1.0,0.0,0.0,0.0,0.0,0.0,47.0,4.7,20.7
1.0,0.0,0.0,0.0,0.0,12.0,46.0,4.6,19.26
0.0,0.0,1.0,0.0,20.0,52.0,70.0,7.0,16.61
0.0,0.0,1.0,0.0,14.0,44.0,69.0,6.9,29.1
0.0,1.0,0.0,0.0,0.0,52.0,29.0,2.9,26.9
0.0,0.0,1.0,0.0,0.0,52.0,63.0,6.3,18.59
0.0,0.0,0.0,1.0,14.0,56.0,79.0,7.9,25.49
0.0,0.0,1.0,0.0,0.0,10.0,54.0,5.4,22.43
0.0,0.0,0.0,1.0,21.0,10.0,64.0,6.4,19.64
0.0,0.0,1.0,0.0,0.0,10.0,53.0,5.3,19.7
1.0,0.0,0.0,0.0,0.0,20.0,36.0,3.6,21.25
0.0,1.0,0.0,0.0,5.0,54.0,40.0,4.0,26.95
1.0,0.0,0.0,0.0,0.0,38.0,63.0,6.3,25.94
0.0,0.0,1.0,0.0,8.0,63.0,62.0,6.2,25.92
0.0,0.0,1.0,0.0,15.0,36.0,49.0,4.9,24.76
0.0,0.0,0.0,1.0,0.0,77.0,51.0,5.1,26.29
0.0,0.0,0.0,1.0,0.0,22.0,72.0,7.2,11.89
0.0,1.0,0.0,0.0,20.0,22.0,47.0,4.7,20.66
0.0,0.0,0.0,1.0,0.0,50.0,52.0,5.2,23.23
0.0,0.0,1.0,0.0,0.0,0.0,56.0,5.6,20.02
0.0,1.0,0.0,0.0,4.0,76.0,35.0,3.5,31.26
1.0,0.0,0.0,0.0,0.0,58.0,51.0,5.1,30.61
0.0,0.0,0.0,1.0,0.0,10.0,58.0,5.8,17.21
0.0,0.0,0.0,1.0,0.0,14.0,73.0,7.3,27.08
0.0,0.0,0.0,1.0,0.0,61.0,58.0,5.8,31.16
0.0,0.0,1.0,0.0,8.0,59.0,64.0,6.4,26.8
1.0,0.0,0.0,0.0,0.0,18.0,59.0,5.9,25.0
0.0,0.0,0.0,1.0,11.0,21.0,77.0,7.7,25.51
0.0,1.0,0.0,0.0,0.0,31.0,38.0,3.8,17.45
0.0,0.0,0.0,1.0,0.0,40.0,68.0,6.8,24.21
1.0,0.0,0.0,0.0,0.0,21.0,52.0,5.2,11.23
0.0,1.0,0.0,0.0,11.0,56.0,32.0,3.2,29.47
0.0,1.0,0.0,0.0,17.0,29.0,37.0,3.7,10.78
0.0,1.0,0.0,0.0,9.0,0.0,38.0,3.8,20.47
0.0,0.0,0.0,1.0,0.0,7.0,73.0,7.3,20.42
0.0,1.0,0.0,0.0,0.0,6.0,40.0,4.0,11.2
1.0,0.0,0.0,0.0,0.0,12.0,69.0,6.9,23.72
0.0,0.0,1.0,0.0,0.0,0.0,56.0,5.6,20.64
0.0,1.0,0.0,0.0,5.0,30.0,33.0,3.3,20.36
0.0,0.0,1.0,0.0,4.0,45.0,51.0,5.1,23.18
0.0,1.0,0.0,0.0,11.0,18.0,23.0,2.3,13.17
0.0,0.0,0.0,1.0,0.0,24.0,74.0,7.4,18.54
1.0,0.0,0.0,0.0,0.0,22.0,45.0,4.5,17.89
0.0,1.0,0.0,0.0,0.0,10.0,32.0,3.2,14.34
0.0,0.0,0.0,1.0,9.0,34.0,91.0,9.1,14.38
0.0,0.0,0.0,1.0,0.0,24.0,66.0,6.6,19.24
1.0,0.0,0.0,0.0,0.0,0.0,58.0,5.8,16.21
1.0,0.0,0.0,0.0,0.0,0.0,52.0,5.2,18.6
0.0,0.0,0.0,1.0,0.0,33.0,60.0,6.0,22.98
0.0,0.0,1.0,0.0,7.0,10.0,33.0,3.3,12.18
0.0,0.0,1.0,0.0,0.0,19.0,50.0,5.0,24.14
1.0,0.0,0.0,0.0,0.0,3.0,49.0,4.9,16.53
1.0,0.0,0.0,0.0,14.0,21.0,37.0,3.7,25.46
0.0,0.0,0.0,1.0,0.0,19.0,66.0,6.6,21.2
0.0,0.0,1.0,0.0,0.0,0.0,77.0,7.7,14.97
1.0,0.0,0.0,0.0,0.0,17.0,38.0,3.8,21.79
0.0,0.0,0.0,1.0,0.0,47.0,65.0,6.5,21.18
1.0,0.0,0.0,0.0,0.0,33.0,57.0,5.7,20.12
1.0,0.0,0.0,0.0,17.0,71.0,65.0,6.5,19.66
0.0,1.0,0.0,0.0,0.0,67.0,47.0,4.7,29.91
0.0,1.0,0.0,0.0,0.0,5.0,38.0,3.8,20.61
0.0,1.0,0.0,0.0,0.0,4.0,31.0,3.1,9.74
0.0,0.0,0.0,1.0,28.0,43.0,62.0,6.2,10.0
0.0,0.0,1.0,0.0,10.0,15.0,50.0,5.0,14.22
0.0,0.0,0.0,1.0,2.0,49.0,58.0,5.8,11.07
0.0,0.0,1.0,0.0,0.0,18.0,83.0,8.3,14.72
1.0,0.0,0.0,0.0,0.0,15.0,39.0,3.9,26.59
1.0,0.0,0.0,0.0,12.0,4.0,35.0,3.5,18.2
0.0,0.0,1.0,0.0,9.0,49.0,94.0,9.4,22.09
1.0,0.0,0.0,0.0,0.0,13.0,65.0,6.5,26.83
0.0,1.0,0.0,0.0,17.0,40.0,50.0,5.0,18.66
0.0,0.0,0.0,1.0,0.0,0.0,57.0,5.7,16.72
0.0,0.0,1.0,0.0,0.0,22.0,55.0,5.5,19.89
0.0,0.0,1.0,0.0,2.0,36.0,88.0,8.8,25.94
1.0,0.0,0.0,0.0,0.0,26.0,26.0,2.6,21.69
1.0,0.0,0.0,0.0,0.0,59.0,52.0,5.2,28.44
0.0,0.0,1.0,0.0,2.0,15.0,18.0,1.8,24.56
0.0,0.0,1.0,0.0,10.0,82.0,33.0,3.3,28.42
1.0,0.0,0.0,0.0,12.0,53.0,25.0,2.5,33.92
1.0,0.0,0.0,0.0,0.0,4.0,47.0,4.7,19.83
0.0,1.0,0.0,0.0,13.0,3.0,35.0,3.5,21.89
1.0,0.0,0.0,0.0,5.0,20.0,34.0,3.4,25.18
0.0,0.0,0.0,1.0,0.0,52.0,52.0,5.2,27.29
1.0,0.0,0.0,0.0,7.0,40.0,39.0,3.9,20.9
0.0,0.0,1.0,0.0,12.0,48.0,58.0,5.8,26.76
0.0,1.0,0.0,0.0,16.0,14.0,11.0,1.1,25.55
0.0,1.0,0.0,0.0,0.0,6.0,41.0,4.1,20.27
0.0,0.0,1.0,0.0,0.0,55.0,31.0,3.1,20.1
0.0,1.0,0.0,0.0,7.0,45.0,23.0,2.3,24.17
0.0,1.0,0.0,0.0,0.0,20.0,49.0,4.9,12.37
0.0,1.0,0.0,0.0,8.0,31.0,36.0,3.6,19.69
0.0,0.0,0.0,1.0,1.0,39.0,78.0,7.8,24.46
0.0,0.0,1.0,0.0,0.0,14.0,73.0,7.3,11.92
0.0,1.0,0.0,0.0,0.0,0.0,40.0,4.0,23.88
0.0,0.0,1.0,0.0,4.0,40.0,52.0,5.2,11.81
1.0,0.0,0.0,0.0,3.0,80.0,22.0,2.2,14.41
0.0,1.0,0.0,0.0,24.0,54.0,31.0,3.1,21.61
1.0,0.0,0.0,0.0,19.0,52.0,57.0,5.7,30.89
0.0,0.0,1.0,0.0,0.0,20.0,42.0,4.2,16.76
0.0,0.0,0.0,1.0,0.0,53.0,59.0,5.9,31.51
0.0,0.0,0.0,1.0,37.0,41.0,59.0,5.9,19.34
0.0,1.0,0.0,0.0,0.0,2.0,49.0,4.9,20.22
0.0,0.0,0.0,1.0,3.0,49.0,66.0,6.6,13.24
0.0,0.0,0.0,1.0,13.0,66.0,66.0,6.6,27.61
1.0,0.0,0.0,0.0,0.0,24.0,40.0,4.0,25.02
1.0,0.0,0.0,0.0,0.0,25.0,25.0,2.5,23.84
1.0,0.0,0.0,0.0,28.0,29.0,33.0,3.3,22.06
0.0,0.0,1.0,0.0,0.0,0.0,62.0,6.2,21.58
0.0,0.0,1.0,0.0,0.0,51.0,57.0,5.7,14.11
0.0,1.0,0.0,0.0,0.0,39.0,37.0,3.7,11.32
0.0,0.0,0.0,1.0,0.0,12.0,54.0,5.4,23.37
1.0,0.0,0.0,0.0,0.0,12.0,29.0,2.9,20.79
1.0,0.0,0.0,0.0,0.0,42.0,39.0,3.9,22.44
1.0,0.0,0.0,0.0,0.0,56.0,55.0,5.5,14.6
1.0,0.0,0.0,0.0,7.0,0.0,42.0,4.2,23.57
1.0,0.0,0.0,0.0,9.0,0.0,47.0,4.7,19.28
1.0,0.0,0.0,0.0,0.0,31.0,49.0,4.9,23.16
0.0,0.0,1.0,0.0,5.0,43.0,46.0,4.6,27.26
0.0,0.0,1.0,0.0,1.0,21.0,69.0,6.9,27.78
0.0,1.0,0.0,0.0,11.0,42.0,38.0,3.8,29.82
0.0,1.0,0.0,0.0,1.0,67.0,47.0,4.7,32.43
1.0,0.0,0.0,0.0,14.0,26.0,51.0,5.1,28.29
0.0,0.0,1.0,0.0,6.0,13.0,62.0,6.2,17.82
0.0,1.0,0.0,0.0,0.0,17.0,31.0,3.1,28.87
0.0,0.0,1.0,0.0,5.0,0.0,25.0,2.5,18.6
1.0,0.0,0.0,0.0,0.0,42.0,58.0,5.8,23.59
1.0,0.0,0.0,0.0,9.0,24.0,63.0,6.3,22.03
0.0,0.0,1.0,0.0,2.0,13.0,54.0,5.4,21.91
0.0,0.0,1.0,0.0,13.0,85.0,64.0,6.4,32.88
0.0,1.0,0.0,0.0,0.0,43.0,35.0,3.5,27.46
0.0,0.0,1.0,0.0,0.0,25.0,56.0,5.6,18.64
0.0,1.0,0.0,0.0,11.0,36.0,46.0,4.6,20.13
0.0,0.0,0.0,1.0,16.0,58.0,47.0,4.7,27.11
1.0,0.0,0.0,0.0,19.0,42.0,33.0,3.3,22.58
0.0,0.0,0.0,1.0,11.0,36.0,54.0,5.4,24.3
0.0,0.0,0.0,1.0,7.0,12.0,71.0,7.1,22.94
0.0,1.0,0.0,0.0,0.0,17.0,50.0,5.0,24.14
0.0,0.0,0.0,1.0,1.0,47.0,60.0,6.0,19.98
0.0,0.0,0.0,1.0,0.0,9.0,62.0,6.2,8.66
0.0,1.0,0.0,0.0,5.0,26.0,43.0,4.3,11.56
1.0,0.0,0.0,0.0,3.0,57.0,58.0,5.8,33.69
1.0,0.0,0.0,0.0,1.0,75.0,57.0,5.7,28.26
0.0,1.0,0.0,0.0,3.0,26.0,15.0,1.5,27.87
0.0,0.0,0.0,1.0,0.0,0.0,60.0,6.0,16.42
0.0,0.0,0.0,1.0,0.0,0.0,84.0,8.4,10.85
0.0,1.0,0.0,0.0,4.0,35.0,43.0,4.3,12.33
0.0,0.0,1.0,0.0,0.0,0.0,68.0,6.8,22.78
0.0,0.0,0.0,1.0,3.0,36.0,68.0,6.8,27.47
0.0,0.0,0.0,1.0,40.0,42.0,71.0,7.1,19.87
0.0,0.0,1.0,0.0,0.0,18.0,52.0,5.2,22.31
0.0,0.0,1.0,0.0,0.0,12.0,34.0,3.4,22.38
0.0,0.0,0.0,1.0,24.0,23.0,68.0,6.8,15.43
0.0,0.0,1.0,0.0,0.0,50.0,46.0,4.6,18.24
0.0,0.0,1.0,0.0,10.0,89.0,75.0,7.5,16.69
1.0,0.0,0.0,0.0,9.0,49.0,57.0,5.7,11.46
0.0,0.0,1.0,0.0,0.0,24.0,68.0,6.8,14.31
0.0,0.0,0.0,1.0,11.0,41.0,56.0,5.6,23.16
0.0,0.0,0.0,1.0,0.0,23.0,78.0,7.8,20.42
0.0,1.0,0.0,0.0,0.0,0.0,24.0,2.4,17.54
0.0,0.0,1.0,0.0,9.0,30.0,68.0,6.8,23.9
0.0,1.0,0.0,0.0,18.0,21.0,45.0,4.5,24.29
0.0,1.0,0.0,0.0,13.0,37.0,40.0,4.0,12.3
1.0,0.0,0.0,0.0,4.0,0.0,35.0,3.5,17.94
0.0,1.0,0.0,0.0,16.0,43.0,27.0,2.7,18.74
0.0,1.0,0.0,0.0,0.0,29.0,32.0,3.2,25.38
0.0,0.0,1.0,0.0,14.0,35.0,57.0,5.7,25.54
0.0,1.0,0.0,0.0,0.0,9.0,40.0,4.0,14.68
1.0,0.0,0.0,0.0,0.0,61.0,50.0,5.0,27.58
1.0,0.0,0.0,0.0,14.0,79.0,55.0,5.5,25.71
0.0,1.0,0.0,0.0,0.0,15.0,46.0,4.6,25.13
1.0,0.0,0.0,0.0,19.0,16.0,66.0,6.6,27.03
0.0,0.0,1.0,0.0,6.0,51.0,44.0,4.4,25.98
0.0,1.0,0.0,0.0,0.0,0.0,31.0,3.1,9.52
0.0,0.0,1.0,0.0,5.0,13.0,67.0,6.7,19.13
0.0,0.0,1.0,0.0,18.0,64.0,11.0,1.1,25.36
1.0,0.0,0.0,0.0,0.0,45.0,83.0,8.3,22.99
1.0,0.0,0.0,0.0,7.0,8.0,68.0,6.8,21.74
1.0,0.0,0.0,0.0,10.0,25.0,50.0,5.0,25.52
0.0,1.0,0.0,0.0,31.0,31.0,19.0,1.9,18.16
0.0,0.0,0.0,1.0,6.0,28.0,72.0,7.2,10.89
0.0,0.0,0.0,1.0,0.0,59.0,71.0,7.1,26.46
1.0,0.0,0.0,0.0,11.0,119.0,28.0,2.8,25.93
0.0,0.0,1.0,0.0,0.0,16.0,34.0,3.4,15.24
0.0,1.0,0.0,0.0,5.0,11.0,40.0,4.0,13.82
0.0,1.0,0.0,0.0,9.0,38.0,51.0,5.1,11.25
0.0,1.0,0.0,0.0,2.0,50.0,48.0,4.8,25.35
0.0,1.0,0.0,0.0,0.0,85.0,27.0,2.7,23.26
1.0,0.0,0.0,0.0,0.0,0.0,49.0,4.9,22.67
0.0,0.0,1.0,0.0,0.0,0.0,80.0,8.0,16.82
1.0,0.0,0.0,0.0,0.0,30.0,44.0,4.4,13.43
0.0,0.0,0.0,1.0,32.0,43.0,77.0,7.7,15.62
0.0,0.0,0.0,1.0,1.0,58.0,82.0,8.2,29.8
0.0,0.0,1.0,0.0,0.0,2.0,75.0,7.5,17.4
0.0,0.0,1.0,0.0,0.0,66.0,35.0,3.5,13.54
0.0,1.0,0.0,0.0,9.0,50.0,35.0,3.5,29.54
0.0,0.0,0.0,1.0,18.0,28.0,58.0,5.8,11.41
0.0,1.0,0.0,0.0,4.0,12.0,44.0,4.4,23.02
