train_actual_kg,train_predicted_kg,train_actual_log,train_predicted_log,val_actual_kg,val_predicted_kg,val_actual_log,val_predicted_log,test_actual_kg,test_predicted_kg,test_actual_log,test_predicted_log
12.761208791208794,12.936901,2.621853676845084,2.63454,13.59333333333333,13.095719,2.680564803426607,2.6458712,15.408999999999999,17.85597,2.797829964793013,2.9368296
13.035306122448981,13.037308,2.6415760209367924,2.6417186,29.398717948717955,27.849627,3.41440043478334,3.362097,18.507356321839083,19.122137,2.9707916417036384,3.0018206
13.134999999999998,13.059588,2.6486539911455536,2.6433046,13.686185567010305,13.668409,2.686907294589676,2.6856961,12.672500000000001,13.39036,2.615386516238791,2.6665585
11.835844155844157,11.014641,2.5522415819962925,2.486126,11.7475641025641,12.012635,2.545340202572624,2.5659208,19.046333333333322,19.00809,2.998046260885721,2.9961367
11.928082191780824,12.6690445,2.5594018594148435,2.6151338,12.67989247311828,13.034272,2.6159270520113407,2.6415024,16.860602409638556,16.725437,2.882597304422557,2.8750007
11.1,11.769729,2.4932054526026954,2.5470774,14.423661971830994,14.044932,2.7359028219013117,2.7110412,20.11127659574468,22.898256,3.0498073335393445,3.1738055
11.096629213483142,11.380227,2.492926836394717,2.5161006,51.30203703703703,55.09952,3.9570353193953074,4.0271273,17.223170731707313,16.949993,2.902693901483094,2.8875897
12.487575757575755,12.881471,2.601768947441565,2.630555,14.295949367088607,13.528004,2.7275880460975395,2.676078,47.87218390804597,43.019424,3.889208398395836,3.784631
12.95,13.02042,2.6354795082673745,2.6405149,12.95,13.084398,2.6354795082673745,2.6450677,16.811724137931026,17.662169,2.879856899911444,2.9264984
32.3383908045977,37.524715,3.50670960994897,3.6513,12.575584415584414,12.53339,2.608272915765117,2.60516,15.873432835820893,17.00811,2.8257403634576104,2.8908222
12.760273972602741,12.810569,2.621785743106598,2.6254342,13.042500000000002,13.239108,2.642088445424451,2.6559923,18.492272727272727,18.39318,2.970018116637569,2.9649215
12.487499999999999,12.886016,2.601763330584253,2.6308823,12.8575,13.128113,2.6288266023118227,2.6481667,57.67478873239436,51.300476,4.072010141089691,3.9570055
12.853373493975901,12.394119,2.6285287765463883,2.5948157,12.241847826086953,13.653131,2.583382104674575,2.684654,15.929852941176474,16.016674,2.8290785098212266,2.8341937
12.117439024390238,12.527271,2.573942568150944,2.6047077,19.05050847457627,19.564062,2.998254513759004,3.023545,20.197101449275376,20.164042,3.053864448239592,3.0523036
11.1,11.85672,2.4932054526026954,2.5538666,37.34849315068493,42.36727,3.646715235012237,3.769705,41.53329268292681,18.963432,3.7502871265115623,2.9939022
12.8575,12.612616,2.6288266023118227,2.610997,48.891343283582124,37.250805,3.909847506416914,3.6441646,67.48632653061226,56.79942,4.226634112651123,4.0569787
13.221228070175437,12.875465,2.6547357828243974,2.6301222,16.372045454545457,15.595644,2.854862331209876,2.8091402,19.77857142857142,19.353119,3.033922235885897,3.0132341
12.025,12.449345,2.5668705876394307,2.5989304,16.144838709677416,15.588606,2.841697178444411,2.808716,14.997692307692308,15.649553,2.772444481068293,2.8123834
12.668433734939757,14.649936,2.6150890673564926,2.7504668,13.520000000000005,12.971711,2.6755270093966503,2.6370347,16.182696629213485,17.751396,2.843902867522334,2.9312682
12.579999999999997,11.890172,2.60859812213055,2.5564651,16.614216867469878,15.741512,2.8687063525289944,2.8178914,19.45295918367347,18.92523,3.0181275753784056,2.9919868
10.540746268656719,11.139108,2.4458839269835853,2.4964323,17.41933333333333,16.494991,2.913400837627859,2.8619146,15.869830508474582,16.466343,2.8255268495882944,2.8602757
12.204406779661014,12.60548,2.58055062082185,2.6104727,57.56189655172412,55.563892,4.070084255599324,4.035371,16.919859154929572,18.09698,2.885909547857949,2.9495301
43.83814814814814,59.319656,3.803059298246492,4.099658,14.901714285714288,14.994504,2.7664269201259724,2.7722452,21.347977528089885,20.431995,3.106735826051824,3.064885
11.187846153846152,11.439307,2.50043923828749,2.5208614,11.800769230769227,11.93842,2.549505265273716,2.5602012,15.431363636363638,15.193911,2.7991919253406,2.7846353
12.66774647887324,13.126503,2.6150387855642827,2.6480527,13.978588235294117,13.573565,2.7066217303430955,2.6792092,18.97142857142857,19.387163,2.9943026807443966,3.0149055
12.761208791208794,12.86485,2.621853676845084,2.6293569,16.64692307692308,16.48601,2.870561438262707,2.861401,33.7920253164557,16.3742,3.549388202946708,2.8549864
12.209999999999999,11.842939,2.580974118534234,2.5527942,16.419135802469135,17.567854,2.8575693606914188,2.9214318,19.116842105263146,18.929022,3.001557379894394,2.992177
13.32000000000001,13.709134,2.6616571615325,2.6884687,14.362068965517238,13.7168865,2.73190141692439,2.6889956,21.872625000000003,20.771229,3.1299407806347705,3.0805893
11.192439024390243,11.388903,2.500816007514334,2.516801,14.136781609195404,15.45116,2.717127650061591,2.800396,16.480136986301368,16.85855,2.861065206941612,2.8824823
12.203529411764698,12.030512,2.580484173531893,2.5672936,16.745205479452046,16.183002,2.876115365600425,2.8439207,14.702162162162166,14.71713,2.7537984202072705,2.7547512
12.575696202531647,12.796464,2.608281150142626,2.6244123,15.726933333333331,16.64454,2.8170201947497007,2.8704264,13.31582089552239,13.70945,2.661365282034962,2.6884902
12.672500000000001,12.951509,2.615386516238791,2.6355877,14.974418604651165,14.521348,2.7709886055262736,2.7422163,12.754590163934425,13.125819,2.6213725985080307,2.6480043
12.01984126984127,12.010607,2.5664744454496784,2.565765,12.837500000000002,13.265725,2.6273822980347554,2.6578598,32.483999999999995,41.903866,3.51106771279781,3.758962
12.85206349206349,12.572786,2.6284342101322906,2.6080668,18.350735294117644,16.956142,2.962730418449823,2.8879323,16.06140845070422,16.87107,2.836819097313681,2.8831832
13.2275,13.0057335,2.655176711495142,2.6394668,51.188,45.763702,3.9548525834035018,3.8451073,14.345205479452057,14.875048,2.730803078627341,2.7647486
13.134999999999998,13.183616,2.6486539911455536,2.6520875,17.786197183098587,17.026152,2.933122407796307,2.8918235,16.627397260273977,16.825687,2.8694543542164803,2.8806405
12.11063829787234,11.922275,2.573423984452509,2.5589526,15.123943661971818,15.060934,2.780305351200925,2.7763898,18.446349206349204,18.700771,2.9676593509732805,2.9806578
12.117564102564103,12.868741,2.573952103364129,2.6296375,15.205243902439022,14.166178,2.785334887540968,2.7190678,16.63634146341463,17.803732,2.8699616290351,2.9340553
12.391683168316831,13.372571,2.5946338551874515,2.6653216,12.942368421052638,12.543694,2.63493229198064,2.605921,20.019215686274514,20.146114,3.045437052015965,3.0514562
13.227575757575751,14.924647,2.655182036209537,2.767868,12.308051948051947,12.476486,2.5883692616691967,2.6009464,18.098271604938276,18.525288,2.949597839069898,2.9717104
10.264752475247526,11.171459,2.421678600739784,2.4990938,12.566666666666672,12.365266,2.60761580378044,2.5926592,18.18585365853658,19.218103,2.954173218853718,3.0065784
12.1132,12.622027,2.5736193564729364,2.6116881,15.175384615384615,14.901,2.7834906184897106,2.766382,51.315625000000004,45.370125,3.9572950836220127,3.8366554
11.747499999999999,12.3183155,2.5453351739471737,2.5891402,16.550555555555555,16.54897,2.8650856049980584,2.8649952,13.730000000000002,14.185181,2.689886230474539,2.72032
55.31360655737707,54.955254,4.030936185472976,4.0245523,42.84194444444442,50.17908,3.780590994859754,3.9353309,13.937681159420295,15.069464,2.703886957445488,2.7769208
12.298554216867467,12.875846,2.5876553238201505,2.6301496,17.27623376623377,18.920712,2.90560151450529,2.99176,13.685494505494505,13.616508,2.686860238274598,2.6821516
22.64038461538462,21.884804,3.162956462091868,3.1304731,21.255151515151514,22.178375,3.1025735105844543,3.1432197,17.201454545454542,17.613071,2.90150151096923,2.9238641
11.840000000000002,12.181229,2.552565298261815,2.5787938,16.700952380952387,17.87115,2.873618444965716,2.9376342,14.041168831168823,14.669814,2.710791030340405,2.7517362
13.257831325301206,13.3833275,2.657306322445996,2.6660697,16.824767441860462,17.027668,2.8805889194753043,2.8919077,13.556237623762378,15.196217,2.67801960441485,2.7847776
12.021084337349398,12.644195,2.5665699157511432,2.6133142,18.037500000000005,18.236582,2.9464107182212804,2.9568138,16.438309859154934,16.312252,2.8586695020388837,2.8514144
12.579999999999997,12.645148,2.60859812213055,2.613384,19.60506329113924,20.158117,3.0255368364259194,3.0520236,17.79375,19.947306,2.933524367754702,3.04201
12.112380952380951,13.10852,2.573556894739806,2.6467788,21.559054054054055,21.831152,3.116136495522661,3.128126,16.20894736842105,16.657295,2.8454294444028894,2.871149
12.487499999999999,12.839113,2.601763330584253,2.6274989,15.5941095890411,17.430391,2.8090477883567875,2.914001,26.968734177215204,22.742792,3.3310872497441157,3.167279
12.48281690140845,13.329678,2.601416052600406,2.6623328,15.902933333333337,16.54654,2.8274871768872187,2.8648567,14.127457627118641,14.46307,2.716511478460583,2.7384546
12.085243902439027,13.079845,2.571485175658525,2.6447444,18.495375,19.166187,2.970177257951019,3.0040073,13.764558823529413,14.990584,2.6922296348666026,2.772
12.302500000000002,12.982001,2.5879519874883874,2.637771,21.382025316455696,23.054312,3.1082581955030366,3.1803143,19.250000000000004,18.953573,3.0081547935525483,2.9934082
13.315199999999999,13.486581,2.6613219098111944,2.6732228,19.469999999999995,19.970413,3.018960399673198,3.0431125,12.482537313432838,12.745416,2.6013953157709624,2.6207054
13.223655913978494,13.39514,2.6549064879543818,2.6668906,17.200909090909093,18.074091,2.9014715428852376,2.9483309,16.363809523809525,17.870934,2.854388127773951,2.9376228
14.059821428571427,13.51573,2.712030364968874,2.675233,17.05911764705882,18.311146,2.893650690043306,2.9606824,12.113013698630137,13.584351,2.573605149209013,2.679949
13.907692307692308,14.277426,2.701877341995129,2.7263763,16.716103896103895,16.973293,2.874474050578859,2.888887,16.950000000000006,20.249052,2.887590114934288,3.0563123
31.48103896103897,29.905235,3.480656502498598,3.4309256,40.30470588235294,36.594795,3.7209764373585137,3.6268656,43.143454545454546,50.160755,3.787444661143031,3.9349728
12.483291139240512,13.060483,2.60145122547974,2.6433682,18.775555555555556,20.293997,2.984446607092497,3.0584252,52.608795180722915,44.216614,3.981713143808189,3.8114645
13.161627906976747,12.638328,2.6505360468395573,2.612884,17.371599999999997,17.077776,2.9108059939643898,2.8946834,19.010204081632654,19.149593,2.9962423475257745,3.003184
45.54637681159419,16.836191,3.8404491663564304,2.8812296,11.377600000000001,12.997738,2.515888387396729,2.6388958,18.480833333333337,18.920622,2.9694310762179463,2.9917555
12.66847058823529,12.799602,2.615091763586841,2.6246397,15.910545454545456,16.387047,2.8279374187205697,2.8557255,21.847448979591835,14.801093,3.1288394690767865,2.7600791
28.240447761194044,16.439665,3.37555294807466,2.8587472,12.764999999999993,13.909307,2.62212913859457,2.7019856,15.409090909090907,15.146833,2.797835504974565,2.781724
11.747499999999999,12.098373,2.5453351739471737,2.572488,16.6075,21.603638,2.8683249476374284,3.118111,16.071029411764705,17.17637,2.8373828403052626,2.9001224
46.79561643835616,44.3211,3.866933928981589,3.8137727,19.010204081632654,19.38226,2.9962423475257745,3.014665,15.993636363636352,16.096327,2.832838942425869,2.8388636
13.315555555555555,13.08774,2.6613467471267787,2.645305,16.948,18.190485,2.887478688113737,2.9544146,16.256885245901643,17.001743,2.8482112085302678,2.8904686
13.2275641025641,13.4557295,2.655181217024553,2.6710908,17.257903225806455,17.897726,2.904598039756756,2.9390416,18.45373493975904,19.651676,2.968039079380594,3.0277965
12.760941176470586,13.2280855,2.621834229618866,2.655218,20.665375,20.635162,3.0757153640658443,3.0743198,17.661369863013697,21.557829,2.9264556044617565,3.1160822
12.764999999999993,13.025565,2.62212913859457,2.6408818,17.667073170731708,20.760746,2.9267611788334085,3.0801077,15.77027027027027,17.769423,2.8196076920004374,2.932229
24.885964912280702,20.338135,3.253700926548444,3.0604959,18.439148936170213,20.217196,2.9672890190703747,3.054812,17.259213483146063,17.89033,2.9046698010269907,2.9386501
15.572535211267596,16.138231,2.807746819811653,2.8413117,13.042560975609756,14.026757,2.642092787633984,2.7098324,19.154691358024703,18.5302,3.0034370830321158,2.971962
41.34189873417723,43.010788,3.745777109627461,3.7844348,54.681343283582066,44.719482,4.019645140799493,3.8225245,19.75032258064516,19.252932,3.032561792611057,3.0082996
13.22223880597015,13.696283,2.654806852627494,2.6875947,27.703472222222224,27.553545,3.3570180988003706,3.3517811,15.53409090909091,15.685091,2.8054243651273865,2.8145156
16.628571428571426,16.071188,2.869520962415974,2.837392,25.224590163934423,24.616936,3.2666975264742386,3.2432537,21.024683544303798,20.2438,3.092163803696493,3.056065
15.142328767123285,14.763973,2.781444937881198,2.7577271,23.790983606557376,24.313185,3.2104800228137123,3.2313254,15.228000000000002,15.839758,2.786738145344201,2.8237426
18.0144,17.476826,2.9451965868460968,2.9165173,25.613617021276596,24.361046,3.281423002895392,3.2332144,17.88845070422535,17.582397,2.938550661433365,2.9222147
13.095483870967744,13.807446,2.645854453240249,2.69513,19.902874999999998,21.027235,3.039886709318895,3.0922797,19.927468354430385,20.089087,3.0410625713985184,3.0487556
14.48857142857143,15.046566,2.740102424776879,2.7754948,55.59500000000002,46.897068,4.035920642084384,3.8690543,15.463749999999997,16.378855,2.801160994331119,2.8552542
12.389846153846158,12.416978,2.5944966700064667,2.596521,18.164264705882363,18.772678,2.953047331588932,2.984301,47.16346153846154,39.111862,3.874600674216244,3.691672
32.24772727272727,40.692635,3.503986412065779,3.7303245,55.87130434782607,36.476353,4.040790896660159,3.6237102,16.511264367816096,17.361475,2.8628443520184543,2.9102547
13.227551020408166,12.9958725,2.6551802975304035,2.6387625,22.706666666666667,22.592722,3.1657563025375395,3.1609383,15.975696202531644,16.292946,2.831782686007659,2.8502986
13.605875,14.807876,2.6814238450345,2.7605083,22.71130434782609,22.382744,3.16595191112538,3.1519983,19.586718749999996,19.354973,3.0246461469998738,3.0133252
16.464657534246577,15.936924,2.8601792693775403,2.8294961,47.46465753424658,21.703466,3.880834821670695,3.1225176,20.810447761194037,20.520376,3.082389110089641,3.0690002
13.523999999999992,13.812028,2.675802453552089,2.6954396,19.93014705882353,21.79751,3.0411905626550846,3.1266513,18.618227848101263,18.795952,2.976459126311669,2.9854774
16.59929577464788,15.936598,2.867858888439475,2.8294768,23.247323943661968,25.268635,3.188306258455488,3.2683756,20.323636363636357,19.971802,3.059816145899916,3.0431788
14.71693181818182,14.509791,2.754738590991115,2.7414715,42.884375000000006,23.697842,3.781558334174408,3.2067158,55.234680851063835,42.25252,4.02953366356761,3.7670555
12.391058823529411,16.800247,2.594587232269774,2.8792124,26.680845070422535,27.468815,3.320740660284252,3.3488092,19.681363636363642,20.495224,3.0292329873291366,3.0678308
15.809333333333331,16.179005,2.821934287700913,2.843688,51.70141025641026,39.93883,3.964642215272958,3.712079,18.588705882352947,18.70439,2.97495316965968,2.9808414
16.232739726027393,15.418152,2.846811046954804,2.7983875,22.856567164179104,23.6538,3.1720595322274963,3.204931,18.888805970149253,18.899204,2.990157059397204,2.9906797
15.971555555555558,16.598238,2.831538740074944,2.8677988,23.031466666666667,24.629185,3.179364082703418,3.2437317,18.445728155339808,17.602335,2.9676274138255847,2.9232872
18.135084745762708,16.934818,2.9515235477031188,2.886744,26.61714285714286,25.928726,3.31843669792157,3.2931936,16.61732673267327,16.638151,2.8688828912152786,2.8700643
16.33901098901099,16.12966,2.852958933336543,2.8408115,20.368125000000003,21.830656,3.0619003256595123,3.1281042,21.429032258064513,23.036007,3.1103562026198257,3.179553
13.961379310344826,13.94662,2.7054721681855427,2.7044852,12.394999999999998,13.729478,2.594881502996572,2.6898508,17.078604651162795,16.830805,2.8947291756120417,2.8809276
13.427272727272726,13.235507,2.669120354733993,2.6557393,20.4,20.307074,3.0633909220278057,3.059039,19.04432432432433,19.129513,2.9979460375854283,3.002187
15.751097560975609,16.634615,2.8184637821527336,2.8698637,23.785000000000004,24.175596,3.2102386314725373,3.2258751,16.749473684210532,17.132217,2.8763558638880347,2.8976903
12.634883720930233,13.292545,2.612631488276607,2.659738,22.131562500000015,26.650253,3.1411980269232718,3.319635,16.544090909090905,20.795103,2.864717192878889,3.0816853
13.50115789473684,15.315319,2.6742285010477405,2.7921045,26.48793650793652,29.771612,3.3137472359889517,3.4265926,18.669444444444448,18.653913,2.9790663882016184,2.9782765
17.06373134328358,16.811344,2.893906134803551,2.8798356,38.758,32.90091,3.6828110787123296,3.5234418,22.16648648648648,23.172565,3.1427066863106567,3.1852183
38.45291139240506,43.42545,3.675107844122824,3.7938125,27.278250000000003,25.996796,3.3420929579255336,3.2957182,21.64844827586205,21.41759,3.120091340790246,3.1098459
29.562967032967038,21.724699,3.419789048360609,3.1234524,25.361341463414632,26.060574,3.2718985984538125,3.2980778,50.31925925925929,43.82633,3.938066105879809,3.8027956
13.349508196721313,13.734937,2.663715669612848,2.6902213,22.340322580645168,23.43746,3.150182447698856,3.1961172,17.704749999999997,18.350666,2.9287775023004734,2.9627268
14.960588235294116,14.954395,2.770122448190468,2.7697344,25.945444444444444,24.565075,3.293814245754695,3.2412271,12.541176470588235,13.049937,2.605735152231566,2.642618
37.073170731707336,14.780019,3.639509853811125,2.7587445,26.343199999999996,25.400574,3.3084678690698786,3.2733858,12.95,13.604824,2.6354795082673745,2.681352
33.067032967032986,35.44738,3.528330141500624,3.5958695,24.122608695652172,25.092688,3.223768185557238,3.261655,20.120895522388057,21.255249,3.0502628595673595,3.102578
14.869298245614033,14.197915,2.76438631463272,2.7211583,22.509746835443035,21.623268,3.1574150941164163,3.118979,18.101298701298703,22.183172,2.949756327573433,3.1434267
14.0,13.645283,2.70805020110221,2.6841183,18.822727272727267,19.870466,2.9868291214904046,3.038335,11.37323943661972,12.549975,2.5155360305858365,2.6063848
14.827605633802817,15.144836,2.761755607481339,2.7816002,22.61893333333333,23.819387,3.1620486502801204,3.211625,18.933333333333334,18.551458,2.9923933722884763,2.9730499
16.189411764705888,17.41179,2.8442935991877225,2.9129913,22.377142857142857,22.589882,3.1517587440058845,3.1608179,19.820952380952388,20.961927,3.035959805702212,3.0893104
14.954754098360654,14.871025,2.769756847412168,2.7644951,18.70649350649351,19.51361,2.980948201050291,3.0210886,42.063999999999986,47.21552,3.762687381258656,3.875681
13.22348314606742,13.557989,2.654894341361312,2.67814,76.45744680851072,67.00846,4.349728712124708,4.219632,17.597733333333334,19.614655,2.9230397094938763,3.0260022
14.938372093023258,14.280781,2.768729540983828,2.7265959,36.95453333333334,26.855898,3.6363889521312114,3.3270447,43.45515151515149,30.509348,3.794480849848736,3.4502842
13.068243243243238,12.634703,2.643920004997033,2.6126182,27.6722619047619,27.137001,3.3559301712639806,3.3370855,23.79918918918919,23.701546,3.2108109586521696,3.2068658
16.333943661971833,15.464504,2.8526666405610213,2.8012068,24.25044117647059,25.445276,3.2288436279041983,3.2750776,23.92707317073171,24.490791,3.215954488747284,3.2383173
44.588,40.440044,3.819644523993489,3.7242477,19.53382716049383,19.952047,3.0220736316062173,3.0422363,16.358260869565214,16.774328,2.854068523889236,2.8777552
47.229452054794535,38.944424,3.875969872929769,3.687489,22.03342857142857,23.831196,3.13694657689126,3.2121007,18.230937499999996,17.929762,2.9565203103624285,2.9407353
13.02608108108108,13.531007,2.6409185308680856,2.6762848,19.84076086956522,20.250557,3.036910726274603,3.0563831,55.31364864864864,40.830177,4.030936932916772,3.733618
13.832702702702703,14.561443,2.696834385175784,2.7447963,22.65118421052633,22.900616,3.1634131860110597,3.1739042,18.477377049180323,19.645287,2.969253640749112,3.027487
13.543924050632913,13.391608,2.677173315380297,2.6666453,51.90493506493507,45.756622,3.9684966249654288,3.844956,24.3003846153846,23.490881,3.230819597807037,3.1983008
12.644324324324321,12.757255,2.613323634746205,2.6215663,27.014216867469877,25.35738,3.3327121265829738,3.2717483,16.145925925925926,15.702103,2.8417605900516136,2.8155346
13.139310344827587,13.851934,2.6489588859287267,2.6981301,31.03944444444444,16.30451,3.4669677826130134,2.8509672,36.176534653465346,36.2127,3.6156777733627496,3.61665
13.917195121951217,13.561471,2.7025145825951413,2.678379,26.07716049382716,24.780922,3.2986905863360545,3.2496347,14.897580645161288,14.919127,2.766166936966895,2.7675214
13.220588235294125,13.363928,2.654690790277188,2.66472,39.558266666666675,21.551672,3.702739623327025,3.1158092,34.811739130434795,26.396723,3.578275748327719,3.3104234
15.340675675675673,15.493914,2.79365743959747,2.8029914,35.389189189189196,26.057135,3.594271730232372,3.2979507,26.252891566265053,24.8494,3.3051596280032056,3.2522874
17.423333333333332,17.040585,2.913617977177062,2.892624,19.85560975609756,20.998444,3.037622965106772,3.0909717,14.741818181818184,14.798965,2.7563207497754094,2.7599444
46.47953846153847,50.465187,3.860298849002108,3.9409056,24.466153846153844,24.74807,3.2373502703704826,3.2483597,17.45470588235294,17.919645,2.915319399338057,2.9402008
15.432807017543858,15.390598,2.7992797645376606,2.7967079,23.55323529411765,23.081184,3.2008436294322435,3.1814308,20.05904109589041,22.241703,3.0473299736602137,3.1459482
11.840000000000002,11.9325695,2.552565298261815,2.559749,25.34242718446601,34.92878,3.271180840303081,3.5815387,34.272261904761905,31.518532,3.5630968733161703,3.48181
15.57287234042553,15.046612,2.8077671622471727,2.7754977,21.481276595744678,22.11857,3.112682811480043,3.1406362,23.052272727272726,24.08052,3.1802294921814176,3.2220914
13.130823529411767,13.37876,2.648358477334376,2.6657522,22.83987341772152,23.913973,3.1713595325237205,3.2154288,16.61802816901408,18.184734,2.8689227055632744,2.954115
33.00821917808219,29.935741,3.5266022359334563,3.4319122,19.328999999999997,21.080742,3.012048438038927,3.0947058,21.090111111111113,20.975828,3.095130047347448,3.0899432
12.84338461538461,13.249405,2.627807473426006,2.6567152,24.130882352941175,23.937965,3.2240974624767564,3.2163913,19.908791208791207,21.443184,3.040169702529505,3.110987
11.192435897435898,12.295172,2.500815751047622,2.587401,11.655000000000006,12.656377,2.538052393997088,2.6142066,33.4428735632184,30.543503,3.5393021128738336,3.4513676
49.831034482758646,19.234404,3.928507083066759,3.0073843,28.58848837209302,27.560606,3.3873853793381192,3.3520284,24.389024390243907,23.610252,3.234316970017475,3.2031631
43.56859154929575,42.419716,3.797029385590754,3.7709136,19.923561643835615,19.945074,3.0408758753670813,3.0419035,22.472058823529412,22.662298,3.155810727512406,3.163883
13.038101265822787,13.129697,2.6417751519752435,2.6482787,14.742051282051285,21.047611,2.756335557372892,3.0932043,19.225454545454543,20.408009,3.0069419371273387,3.063765
11.280579710144927,12.032121,2.5080191292712746,2.5674171,13.91987804878049,14.073541,2.70269442106798,2.712941,24.08487804878048,27.506271,3.222265196404785,3.3501241
12.761034482758623,12.59927,2.62184101011233,2.610016,13.66103896103896,13.675695,2.6851935644138174,2.6861928,17.03076923076923,16.83571,2.8920797002413208,2.8812027
12.302500000000002,12.812917,2.5879519874883874,2.6256042,12.768666666666666,12.768651,2.6223954791973485,2.6223943,16.56818181818182,16.547146,2.866089414669161,2.8648913
12.576263736263744,14.8991,2.608322954397896,2.7662625,13.118636363636368,12.933592,2.64749565258816,2.6343026,22.658799999999996,21.766212,3.1637351387517563,3.1252775
13.252040816326533,13.362346,2.656900111641154,2.66461,15.086567164179105,14.072362,2.7779845861084302,2.7128627,16.16246575342465,16.86169,2.842724775661634,2.8826582
13.019014084507043,13.596605,2.640414557058627,2.680789,13.43720930232558,13.022452,2.6698088531754465,2.6406598,18.031551724137934,17.791859,2.9460982189263896,2.9334238
10.449809523809524,11.262096,2.437973094386727,2.5065129,14.475172413793098,12.841694,2.7392369599491824,2.6276853,15.51464285714286,17.288391,2.804247433246697,2.9062665
12.672567567567567,14.193101,2.6153914580856084,2.7208414,36.04125000000002,32.137165,3.612032156508768,3.5006554,15.851756756756757,16.114197,2.8244549099250564,2.8399084
13.042499999999995,13.231893,2.6420884454244504,2.6554854,13.412499999999998,13.123402,2.6680958855951773,2.647833,19.695079365079362,20.124004,3.029895960181473,3.05041
14.072028985507245,13.688798,2.7128406409682544,2.6870852,12.672399999999994,13.207263,2.615379202260681,2.6537533,19.686363636363634,19.99431,3.0294747216642803,3.0442514
11.387848101265828,11.827235,2.5167160002716398,2.5515707,34.94867647058823,18.273184,3.582092267650344,2.9587147,23.088000000000005,23.367556,3.181713791179433,3.1932526
12.487592592592591,12.813855,2.6017701956277945,2.625672,13.12606060606061,13.654668,2.6480213613683388,2.684759,15.528181818181814,16.866325,2.8050669129328107,2.8829176
12.672500000000001,13.422602,2.615386516238791,2.6687965,15.48,15.520884,2.8021475244813256,2.8046253,21.143571428571423,21.794514,3.097547225408169,3.12652
12.025,12.262977,2.5668705876394307,2.5849764,15.111764705882354,14.14548,2.7795497322128164,2.7177022,17.09603174603174,17.465948,2.8956926736843247,2.9159284
11.650298507462685,12.346393,2.5376808123229946,2.5912461,52.62699999999999,47.54796,3.982052672589997,3.8825521,21.51,21.468159,3.113959654918641,3.1120992
11.655000000000006,12.123691,2.538052393997088,2.574419,14.862112676056336,15.403608,2.763933415157291,2.7975013,23.977049180327853,24.033546,3.217957370431137,3.2202168
11.285000000000002,11.970733,2.5083790059731426,2.5626955,19.208275862068962,18.07822,3.006092216646638,2.9485474,21.478999999999996,21.687634,3.112581540050283,3.12182
12.391058823529411,14.762281,2.594587232269774,2.7576199,20.0025,17.599138,3.044641478256865,2.9231153,40.31346153846156,21.095867,3.721188392099577,3.0953906
12.389999999999995,12.597766,2.594508159703081,2.6099055,14.907804878048777,14.672698,2.766809861620785,2.7519202,15.584200000000006,16.674282,2.8084504348774506,2.8721106
13.862278481012655,16.80985,2.698826357348225,2.8797517,71.59354838709675,38.312862,4.2848760526905005,3.6715517,19.43,18.846361,3.0170044088295307,2.9880207
22.005,23.022425,3.135711583607432,3.1789877,38.48949367088607,24.826157,3.6760346535117776,3.2513878,18.611666666666668,17.68184,2.9761246272477826,2.927552
11.927611940298512,13.022924,2.559365484333984,2.6406934,48.99666666666666,29.606684,3.9119563365391583,3.4212184,20.206913580246916,23.559528,3.0543272407907143,3.2010999
12.894090909090911,12.6904955,2.631463635295988,2.6167018,14.02573529411765,14.357627,2.70976441726828,2.7316122,23.4821052631579,23.708508,3.197942453258402,3.2071476
12.95,13.011314,2.6354795082673745,2.6398652,16.209714285714288,15.577049,2.8454740084420767,2.8080192,33.216923076923074,27.10021,3.532720348492761,3.335777
13.310632911392409,13.7176485,2.661002821199137,2.6890473,17.25,16.302488,2.9041650800285006,2.8508503,23.943249999999995,24.160278,3.2166032445125228,3.2252665
11.840000000000002,11.760866,2.552565298261815,2.5463831,16.197222222222223,15.802776,2.8447478720690764,2.8215442,25.436911764705894,14.347162,3.2747612065241958,2.7309306
11.281139240506329,11.980084,2.5080646904441406,2.5634162,13.303409090909092,14.643127,2.660497906819253,2.7500317,47.64845238095238,20.752779,3.884619996840359,3.0797415
10.542121212121215,11.0833235,2.446003058063575,2.4918263,17.906507936507936,16.320261,2.939506198060785,2.851877,17.101780821917806,17.549208,2.896010321383263,2.920427
25.266615384615395,42.383488,3.26829875583146,3.770079,18.01655172413793,15.764566,2.945309743316954,2.8192675,18.279642857142857,18.545431,2.959049765003715,2.9727416
12.760632911392406,12.822602,2.621811827914864,2.626305,18.316176470588236,20.094109,2.960942903949488,3.0489938,17.59846153846154,18.209368,2.923078864312309,2.955398
22.034683544303796,16.816038,3.137001060255909,2.880099,16.605,15.630951,2.868182952607016,2.8112655,17.69921052631579,17.425013,2.9284813051252674,2.9137092
11.836404494382021,12.020002,2.5522852352458063,2.5664868,18.776774193548388,16.757076,2.9845082286455606,2.876784,13.917692307692304,15.630672,2.7025479117466125,2.8112488
23.146031746031746,16.841206,3.184120049662572,2.8815107,16.44506849315069,14.716193,2.859057000864947,2.7546916,16.27090909090909,16.00908,2.8490235306636658,2.8337474
12.298735632183906,13.122126,2.5876689654593905,2.6477427,63.012093023255844,55.673042,4.159072018998582,4.0372987,15.54282608695653,16.20414,2.805952538782128,2.84515
11.840000000000002,12.504324,2.552565298261815,2.60301,16.69654545454546,16.633198,2.87336944847166,2.8697834,17.74538461538462,30.687298,2.9309475682694357,3.455916
11.466352941176476,11.909394,2.523033250289457,2.5579553,15.509000000000004,14.459376,2.8039056867457317,2.7382157,20.467741935483875,20.016146,3.0665514333500203,3.045291
13.130389610389608,12.654365,2.648327769592281,2.6140592,15.286935483870973,14.902903,2.79036328237961,2.7665017,41.09493506493507,42.265762,3.7399274262046407,3.7673616
12.672500000000001,13.2689905,2.615386516238791,2.6580887,19.197027027027026,16.891117,3.005535416695729,2.8843043,16.88142857142857,17.067926,2.883762664284619,2.8941383
12.575211267605635,12.6890955,2.608245428690104,2.6165996,15.642537313432829,14.428968,2.8119619065471606,2.7362468,35.25705882352941,17.827566,3.5906340885103334,2.935322
12.857608695652175,13.234733,2.6288344460950364,2.655685,19.191525423728812,18.538038,3.005262982899596,2.9723632,18.622962962962966,20.042707,2.9767004602154987,3.046554
11.928082191780824,12.68423,2.5594018594148435,2.616244,19.467727272727277,18.416725,3.0188493662853446,2.9661348,20.830204081632647,20.846087,3.0832945191957832,3.0840218
11.932500000000001,13.380656,2.559743522895533,2.665884,16.609879518072287,15.966522,2.868460080807952,2.831242,19.779444444444454,19.575829,3.033964250205148,3.024117
12.117580645161292,12.478244,2.573953364466162,2.6010768,15.120000000000005,16.7352,2.7800607370784824,2.8755515,18.553943661971825,19.6169,2.9731769879282512,3.0261111
12.205714285714288,11.965535,2.580649636350867,2.5622947,23.002804878048785,25.900408,3.178170693437888,3.2921414,15.69980769230769,15.943552,2.815397203925729,2.8298874
12.487499999999999,13.17072,2.601763330584253,2.651178,55.79155172413792,43.657764,4.039387577413531,3.7990282,16.89106666666667,17.178663,2.884301519369072,2.9002485
11.928311688311691,12.953023,2.5594196110419216,2.6356962,16.691935483870974,17.578783,2.873108913372197,2.9220202,16.514878048780485,17.702774,2.863050693952101,2.9286718
12.48098039215686,12.651714,2.6012798322279984,2.6138651,17.075636363636367,17.69988,2.8945649742652684,2.928517,19.9320430107527,24.426003,3.0412811432925198,3.2357724
12.394999999999998,12.184906,2.594881502996572,2.5790727,18.16730769230769,18.19805,2.953206103391983,2.9548087,17.690188679245285,17.432571,2.92799871661423,2.9141192
24.540000000000003,28.400229,3.2402458506043934,3.3810024,31.07053333333333,36.84767,3.4679376438546936,3.6335695,17.52125,18.582388,2.9189187215408072,2.9746306
13.128039215686275,13.240782,2.6481614195999854,2.6561098,21.910285714285706,23.022087,3.131585967548081,3.1789737,16.238541666666663,16.96237,2.847147671557061,2.888279
12.483116883116883,13.445073,2.601438301539445,2.6703534,23.97,22.729307,3.217675104291682,3.1667109,14.576417910447757,15.652472,2.745758098118788,2.8125587
20.763815789473686,12.664597,3.0802487645864662,2.6148083,22.987727272727277,23.357664,3.177542335920608,3.1928465,14.77180327868853,15.699514,2.7582237431179477,2.8153796
12.117499999999998,14.505765,2.5739472165787296,2.741212,16.132968749999996,16.93467,2.841004604383725,2.8867357,53.18450000000001,62.178658,3.992394889686356,4.1459665
12.025,12.832707,2.5668705876394307,2.6270359,23.40337500000002,23.103329,3.194721442406004,3.18235,20.05930555555555,19.45837,3.0473425315921445,3.018392
35.58706666666668,24.440083,3.599694808194308,3.236326,23.198297872340422,22.322506,3.186282294835257,3.1494188,18.237230769230774,18.927254,2.956847503965351,2.9920883
12.302500000000002,13.159012,2.5879519874883874,2.6503513,16.5078021978022,17.879568,2.8626466214468134,2.9380803,14.950933333333332,15.662178,2.769517343715295,2.8131413
12.204210526315789,11.645013,2.5805357579956025,2.537263,17.429523809523808,17.557758,2.913953933557578,2.920888,15.190327868852467,15.968418,2.784414018803356,2.831354
29.503108108108112,13.227879,3.417828583605258,2.6552033,44.882000000000005,41.721878,3.826072883290143,3.7547112,13.775636363636364,13.878643,2.6929796326615407,2.6999269
12.8575,13.215981,2.6288266023118227,2.6543667,22.780615384615388,21.313757,3.1688707691706672,3.1052034,17.313898305084745,17.336487,2.907660241819012,2.9088929
19.561315789473685,17.964613,3.0234114360817035,2.9425747,20.069041095890395,19.94987,3.047804716381341,3.0421324,17.2453125,17.873219,2.9039081977219974,2.937744
13.299111111111113,13.312162,2.660197375271685,2.6611097,23.85042253521127,22.311888,3.212874755827106,3.1489635,16.512631578947367,18.576828,2.862922425065156,2.9743466
13.32000000000001,13.265317,2.6616571615325,2.6578312,14.805312500000001,15.685875,2.760346117696093,2.8145626,19.045614035087716,20.928097,2.998010378455812,3.0877688
13.042564102564109,13.266857,2.642093010310888,2.6579392,25.316969696969696,23.881918,3.2702139667349366,3.2141414,15.385333333333339,16.17509,2.7963866257542414,2.84346
12.85267605633803,16.206957,2.6284784310334524,2.8453138,11.655000000000006,12.660007,2.538052393997088,2.6144724,47.52428571428571,43.882847,3.882064408993838,3.8040557
12.764999999999993,12.809025,2.62212913859457,2.6253223,19.533050847457623,27.077803,3.0220358243477183,3.3349793,16.098444444444446,16.65251,2.8389874912096165,2.870878
26.486533333333334,25.526503,3.3136961877621096,3.2781444,24.07225352112676,23.979256,3.221761797285849,3.2180457,15.692238805970149,16.736284,2.814943869239126,2.8756125
12.579999999999997,11.977384,2.60859812213055,2.563208,21.516779661016955,25.007338,3.1142607939794056,3.2583787,16.116190476190475,16.507133,2.8400248270384814,2.8626084
12.575696202531647,13.123283,2.608281150142626,2.6478248,21.597974683544304,23.301445,3.117860286490131,3.1905358,23.533928571428568,28.739243,3.200056999194753,3.3924675
11.47,11.5166,2.523325759691945,2.5270557,18.454883720930226,19.305334,2.9680981295967706,3.0108836,21.17651515151515,21.348017,3.099033852874544,3.1067376
12.298133333333334,12.961326,2.587623674500409,2.636291,19.583283582089553,19.20401,3.0244792697725806,3.005881,22.487636363636362,24.127079,3.15647417051885,3.223946
12.487564102564102,12.700762,2.6017680833117245,2.6174514,19.531111111111116,19.901999,3.02194135090638,3.0398448,18.426486486486485,18.199772,2.966637417726717,2.9548984
10.762820512820513,11.599686,2.4649437532391336,2.5336719,12.127999999999998,13.322628,2.5747473537877896,2.6618407,18.91172413793104,19.249292,2.9913087109080045,3.0081198
12.11756756756757,13.046373,2.573952367514011,2.6423643,48.39303030303031,45.335766,3.89980932725698,3.8359141,52.602816901408445,43.70971,3.981601620826591,3.8001907
12.302500000000002,12.658747,2.5879519874883874,2.6143801,28.95096774193549,26.899267,3.399561635957152,3.3286004,22.009999999999994,20.890299,3.135928904047274,3.0860436
39.287647058823524,52.698654,3.6960448973694215,3.983388,68.89769230769228,49.46005,4.247032634498679,3.921182,16.866197183098585,17.825842,2.882910501998021,2.9352305
11.836049382716052,12.665838,2.552257570444639,2.6148992,21.464042553191494,21.799738,3.111915922125416,3.126749,20.187499999999996,19.559048,3.053411385140669,3.0233011
12.850212765957455,13.168727,2.6283005946783438,2.6510372,30.875064935064934,26.463827,3.461824040655023,3.3128698,18.167906976744185,19.3657,2.9532373688716063,3.0138521
13.407323943661973,13.194465,2.6677366844839008,2.652852,28.241666666666656,25.932629,3.375594632801169,3.2933385,22.742539682539697,22.94935,3.167268362505152,3.1759412
11.280933333333335,11.480472,2.508047924173918,2.5241652,29.632033898305085,29.125347,3.4220463208048684,3.405367,18.76883333333334,18.169346,2.984106623470251,2.9533124
12.95,15.270283,2.6354795082673745,2.7893403,14.194285714285718,14.442832,2.720919417319506,2.737145,20.723818181818178,22.974335,3.0784092706760657,3.1769838
11.007560975609756,11.242582,2.4855365326709324,2.5049202,28.37202702702703,26.173643,3.38004275975192,3.3022475,16.710638297872343,17.347734,2.874165492809421,2.909506
13.597500000000007,13.272363,2.680850281175556,2.658325,24.430344827586207,26.613276,3.235943139215716,3.3182967,19.71,19.45855,3.030616675407493,3.018401
11.93242857142857,12.541634,2.559737999696717,2.605769,24.915217391304346,25.929752,3.254830340234861,3.2932317,20.72910447761194,20.355154,3.078652582080515,3.0612931
11.188115942028984,11.904599,2.500461373880069,2.5575838,24.48838235294118,23.444206,3.2382227543475937,3.1963933,19.897826086956528,20.761908,3.0396451385826757,3.080161
13.134999999999998,20.368523,2.6486539911455536,3.061919,24.480212765957447,24.948233,3.2379021809814006,3.2561035,35.72424242424243,24.562532,3.603437093507962,3.2411277
12.205599999999997,12.186353,2.580640982051194,2.5791824,31.102444444444444,36.467903,3.4689321781539086,3.6234846,17.16190476190477,17.819626,2.899326255442896,2.9349003
13.505,14.916384,2.6744934175733674,2.767349,19.944137931034483,21.596096,3.0418587948522413,3.117777,17.88827586206897,17.478155,2.9385414048263336,2.9165893
12.597938144329902,13.307434,2.609918174213932,2.6607792,22.936666666666667,22.798576,3.1754114534541165,3.1696258,18.10048780487805,18.446352,2.949713874248867,2.9676595
14.663898305084745,15.148277,2.751358593497209,2.7818134,28.890810810810823,26.59348,3.397551102418757,3.3175795,21.74521739130435,21.281424,3.124354898738629,3.1037533
12.760740740740742,13.194968,2.621819663958929,2.6528876,20.875555555555557,22.004568,3.085369828746581,3.1356928,16.165925925925926,18.03458,2.8429263681245325,2.9462574
14.40952380952381,13.368651,2.7349857474609136,2.6650488,25.9473417721519,23.427237,3.293884656948528,3.1956987,33.415254237288124,44.024696,3.538499903220633,3.8072112
12.672580645161288,13.226959,2.615392414569268,2.6551387,27.336666666666666,25.377666,3.3441566079611578,3.2725177,26.766666666666662,26.220058,3.323836260504687,3.3039541
14.572394366197182,13.8852215,2.745499754767702,2.700369,30.597111111111108,42.75814,3.453065695879296,3.7786777,16.146,16.699085,2.8417649102565643,2.873513
12.1132,12.047146,2.5736193564729364,2.5685694,11.747499999999999,12.776022,2.5453351739471737,2.6229296,19.988591549295787,20.065939,3.04397903054714,3.0476575
13.32000000000001,14.56226,2.6616571615325,2.7448487,27.67304347826087,25.886238,3.355957429763828,3.2916145,12.48,13.553384,2.601207105484161,2.6778235
13.2275,13.266136,2.655176711495142,2.6578887,25.3903448275862,25.435091,3.272998217030328,3.2746923,50.1025,46.38188,3.9338334196919953,3.85824
14.817162162162163,14.462229,2.7610955633257213,2.7384002,32.42545454545454,34.702965,3.50931772186202,3.5752337,18.087600000000002,18.565868,2.9490389095618066,2.9737866
10.637499999999996,11.103547,2.454232642603185,2.4934986,24.22160714285715,25.869083,3.2277010534412853,3.2909763,19.344727272727273,20.881716,3.0128217762385776,3.0856514
12.67257142857143,14.604842,2.6153917404761176,2.7475812,16.623529411764707,17.380493,2.8692349075868484,2.91129,33.49059701492536,19.978153,3.5406867365967147,3.0434816
12.407191011235955,13.018127,2.595791205645253,2.6403513,26.008596491228065,25.994448,3.2961552038934485,3.2956312,23.456034482758625,24.605291,3.196876994579305,3.242799
12.489397590361445,13.482744,2.6019040132078364,2.672958,31.70132352941176,28.880465,3.4874155519896792,3.3972049,19.364680851063834,19.098202,3.0138020695346035,3.0006304
15.519541284403672,17.84761,2.8045440004194004,2.936386,24.194716981132075,25.75841,3.226634328933215,3.2868488,56.372432432432426,13.252364,4.049563916746384,2.6569228
13.32000000000001,13.317934,2.6616571615325,2.6615129,20.35493827160494,20.488588,3.0612830137064817,3.067522,14.47782608695652,14.32659,2.739408424640712,2.7295892
11.655000000000006,12.794671,2.538052393997088,2.6242824,30.269130434782607,27.133205,3.442631362793441,3.3369505,13.14753623188406,13.867963,2.649540491040915,2.6992087
47.75787878787878,42.353428,3.8868668005469873,3.7693858,23.068039215686284,22.647488,3.180884786727157,3.163257,11.932500000000001,12.670335,2.559743522895533,2.6152282
33.02594594594594,31.513695,3.5271233496483845,3.4816613,22.346666666666657,21.9132,3.150454218749541,3.1317132,46.608571428571416,44.76806,3.863012817055164,3.8235865
13.402131147540983,14.075154,2.667376191988587,2.713048,22.50092307692308,22.801567,3.1570397002477466,3.1697514,23.487199999999994,26.41811,3.198150532047068,3.3112037
14.333124999999999,13.880786,2.73001552077216,2.7000709,27.28484375000001,27.193705,3.342326104650464,3.3390987,34.42046153846154,18.797787,3.567289662717605,2.9855702
12.672500000000001,12.756792,2.615386516238791,2.6215327,26.73777777777778,25.952381,3.322795302729623,3.2940717,24.35232558139535,22.970665,3.2328704647404947,3.1768308
11.932575757575757,12.120943,2.559749380800336,2.5742097,29.49111111111111,27.01757,3.4174352021568097,3.3328319,18.354,18.877985,2.962899116458751,2.9896128
43.56923076923075,45.85019,3.797043727873713,3.846955,26.873541666666664,26.847538,3.3276779115208246,3.3267446,30.767543859649127,19.191267,3.4584451352408854,3.0052502
14.050422535211272,13.622371,2.7114060662300976,2.6825526,27.486428571428586,26.01646,3.349427783383724,3.2964463,15.641034482758613,16.24692,2.811871601895698,2.8476336
12.575696202531647,12.926595,2.608281150142626,2.6338003,25.11768115942029,24.992157,3.262612524028636,3.2577949,21.845789473684206,20.987106,3.128766832250659,3.0904562
11.747499999999999,12.490024,2.5453351739471737,2.6019504,23.112407407407403,24.17406,3.182726538199898,3.225814,17.051692307692306,18.46085,2.8932394370428627,2.9684048
26.21142857142857,27.04544,3.303637053123294,3.333826,27.472419354838703,26.113272,3.34893587677457,3.3000233,24.336,26.641994,3.2322263092363386,3.3193362
11.281648351648347,11.461241,2.508106144301133,2.522623,26.716600000000007,25.779133,3.322031511676293,3.287623,17.453333333333333,18.038551,2.9152450226413045,2.946466
12.667142857142855,12.513755,2.6149946206347625,2.603708,21.96894736842106,22.076416,3.13414318928704,3.138811,21.584507042253524,22.362297,3.1172641420918943,3.1511235
13.078571428571433,13.039048,2.644653884543416,2.6418426,29.31315789473684,27.077467,3.411581872206075,3.3349674,15.579999999999998,16.348381,2.8081971497071487,2.8534992
14.829882352941185,13.846666,2.7618994419601357,2.6977754,23.924848484848468,23.005106,3.215865236986837,3.1782665,17.50384615384615,19.547228,2.917978610683926,3.022726
13.312439024390239,13.808875,2.661129021000771,2.6952267,26.13346153846154,25.583458,3.300767709333947,3.2802892,20.176999999999996,20.162497,3.0529156870814447,3.0522306
12.262403846153848,12.055059,2.5849332538594445,2.5691757,11.835362318840579,12.884788,2.552204042895502,2.6307938,18.36521739130435,18.29064,2.9634785388941176,2.95962
11.65129411764706,12.452353,2.5377595117313394,2.599154,22.096323529411762,23.36812,3.139673450290396,3.1932757,26.067999999999998,24.36231,3.298352218369979,3.2332642
11.839222222222226,11.510126,2.5525047218338157,2.5265384,26.338750000000005,26.590315,3.308305109694625,3.3174648,14.263043478260872,14.677602,2.7254344475341084,2.752233
11.927118644067795,12.123844,2.5593273252644733,2.5744307,18.85675324675325,21.209845,2.988544163215788,3.1005356,28.07361111111111,24.474308,3.369830928084419,3.2376704
11.649999999999997,12.101193,2.537657215173529,2.5727034,61.05000000000003,41.195633,4.127940511650617,3.7423167,26.755555555555556,25.049593,3.323436020355258,3.2600021
12.612692307692308,13.274112,2.6110026154461443,2.6584475,21.707258064516132,21.450623,3.122684611906828,3.1113183,14.217073170731709,15.158337,2.722418032412433,2.7824361
12.95,13.264507,2.6354795082673745,2.6577744,19.319999999999997,20.207626,3.011605622710281,3.0543609,43.199499999999965,26.615356,3.7887134768024735,3.318372
15.294361702127649,18.206896,2.790819140127869,2.9552693,26.980240963855422,25.031136,3.3314985812036624,3.2592933,27.21515151515151,24.980076,3.339859121428004,3.25733
13.950405405405405,14.40793,2.7047384168874467,2.7348824,24.270370370370372,24.399277,3.229632577817049,3.2347207,25.284,28.103598,3.2689603890356214,3.3708618
13.31446153846154,13.657729,2.66127032264607,2.6849678,23.216222222222218,23.24465,3.187022748346548,3.188196,20.928148148148136,20.564634,3.087771115095326,3.0710547
13.721282051282051,14.441856,2.689294205383244,2.7370818,26.99,26.70651,3.331847303527362,3.3216674,28.131904761904757,24.959873,3.3718339571585343,3.256552
14.239518072289162,13.857484,2.723891927205292,2.6985037,24.9780487804878,24.525019,3.257251903744812,3.239659,18.202089552238807,18.939196,2.95501910395786,2.9926875
13.129180327868848,12.805002,2.648242185662721,2.625031,12.20521739130435,12.616173,2.5806120084158835,2.6112583,27.158709677419353,25.921844,3.337856709125653,3.292938
11.6508,11.97382,2.537720454280614,2.5629334,22.241372549019605,22.16469,3.1459339900082366,3.1426291,19.261666666666674,18.787552,3.008730759339648,2.985053
14.170000000000002,14.255336,2.719319793360441,2.7249293,19.23796875,18.852997,3.0075604811814625,2.988355,20.30476190476191,21.220268,3.0589306113326065,3.1010048
11.095774647887323,12.121197,2.4928561889633105,2.574229,12.95,12.631742,2.6354795082673745,2.612401,24.33722222222222,22.63666,3.2322745486088853,3.162799
13.605121951219509,13.717617,2.681372285768521,2.6890452,40.10872340425533,35.530197,3.716220347259428,3.5981393,21.217058823529413,20.365461,3.100860409272514,3.0617757
10.914999999999994,11.632161,2.477798110550705,2.536246,13.32000000000001,13.247924,2.6616571615325,2.6566112,13.597500000000007,13.753103,2.680850281175556,2.6914535
32.17646153846154,40.81452,3.501840634664937,3.7332437,12.390963855421687,12.5097475,2.594580140340321,2.6034114,13.038842105263164,12.96802,2.641827924061632,2.6367705
12.296545454545454,12.091976,2.587504261229624,2.5719995,29.577843137254902,12.157822,3.420275666203585,2.5770164,24.95382022471911,19.108494,3.256318813602258,3.0011423
16.86432989690721,23.040758,2.882805981502765,3.1797507,12.299333333333337,11.723851,2.5877139086581096,2.5434783,12.482222222222214,13.036374,2.601371945177932,2.641652
15.736296296296292,14.933937,2.8175797918543988,2.7684512,12.481967213114753,13.1227045,2.6013530305275894,2.6477838,12.064871794871795,12.392414,2.5699270860558334,2.5946884
12.487564102564102,13.3053055,2.6017680833117245,2.6606305,12.487499999999999,11.992773,2.601763330584253,2.5643933,13.038681318681311,12.945846,2.641816471015761,2.6351817
16.849999999999998,15.171684,2.882003508225648,2.7832618,11.47,11.713508,2.523325759691945,2.542665,13.03808988764045,15.098684,2.6417743414534547,2.7787375
15.175932203389834,14.402018,2.7835244710842333,2.7344985,10.819611650485434,12.842944,2.469760156149325,2.6277757,11.28234782608696,13.160483,2.5081630954937437,2.6504552
13.990537634408597,14.079374,2.707419177676039,2.713328,12.020000000000008,12.824286,2.5664866367804238,2.626427,12.487499999999999,12.877292,2.601763330584253,2.6302538
29.598936170212752,31.177814,3.420965242674673,3.4712772,12.94426229508197,12.812196,2.635068118646222,2.625552,12.484271844660194,12.062092,2.601523957704057,2.5697143
11.373882352941175,11.824657,2.515587989462272,2.5513697,13.2275,13.369929,2.655176711495142,2.6651378,12.431632653061223,12.817472,2.59761257076079,2.625934
11.192500000000003,11.5026655,2.500821008602071,2.5259418,50.843174603174596,54.349182,3.948223288656184,4.013662,14.01126582278481,13.767285,2.708800974053975,2.6924143
11.466075949367092,11.634129,2.523011030889124,2.5364017,12.857564102564103,13.413482,2.628831228140135,2.668164,12.487542372881357,13.056172,2.601766472220197,2.6430616
12.020149253731345,11.710325,2.566498100134945,2.5424147,12.302500000000002,13.28029,2.5879519874883874,2.6588802,12.206451612903226,15.493614,2.580705468742043,2.8029733
12.8575,13.335487,2.6288266023118227,2.662738,13.131682242990653,12.667819,2.6484192443156243,2.615044,43.058433734939804,43.27678,3.7855167922843194,3.7904603
11.840000000000002,12.658747,2.552565298261815,2.6143801,12.39154639175258,12.280151,2.594623641589876,2.5862706,26.238461538461536,17.346828,3.3046300016563213,2.9094567
12.302500000000002,12.598978,2.5879519874883874,2.6099946,12.575696202531647,13.010038,2.608281150142626,2.639774,29.288636363636368,18.23666,3.4107726046674203,2.9568179
12.946067415730335,15.785267,2.635197562842085,2.8205016,12.945882352941176,13.242731,2.6351842928634213,2.6562467,13.042500000000002,14.109392,2.642088445424451,2.7153165
12.81188888888889,13.634225,2.6255297349608453,2.683363,11.372698412698416,12.758898,2.5154923043044013,2.6216857,12.025,12.674325,2.5668705876394307,2.61552
13.407848101265827,13.55295,2.667773065151911,2.6777937,12.761368421052637,12.027641,2.62186527676486,2.5670733,12.394999999999998,13.528759,2.594881502996572,2.67613
12.025,11.992002,2.5668705876394307,2.564334,11.928481012658231,11.903969,2.559432708130064,2.557535,11.377558139534882,15.165735,2.5158850054377138,2.782894
13.042499999999995,13.312487,2.6420884454244504,2.6611323,12.761368421052637,13.966282,2.62186527676486,2.7057998,12.025,11.487532,2.5668705876394307,2.5247307
24.756547619047616,26.960142,3.248688871254832,3.33078,12.29876404494382,11.524101,2.587671101957953,2.527655,12.579999999999997,13.197656,2.60859812213055,2.653077
13.408192771084337,13.085463,2.667796987231981,2.6451433,21.931063829787238,24.557785,3.132492490463794,3.240942,11.00385542168675,11.83353,2.485227883327544,2.5520613
11.927887323943665,12.231945,2.5593867860804598,2.582634,13.597450980392155,12.855293,2.6808469230875165,2.6286674,12.387555555555554,13.253078,2.594325585573328,2.656973
12.759344262295084,12.705169,2.621718176013183,2.617773,11.840000000000002,12.853837,2.552565298261815,2.6285622,12.946534653465344,12.571046,2.6352310654700504,2.6079385
13.56987499999999,13.002949,2.678956040897833,2.639268,34.803111111111114,18.243734,3.5780347921758504,2.9571855,35.205742574257435,37.87303,3.5892177408985755,3.6603007
41.41000000000003,42.566704,3.7473841834865,3.7742932,12.390759493670885,12.740831,2.5945648790557394,2.6203718,12.618780487804878,13.817157,2.6114497583722525,2.6957858
51.162790697674424,38.687923,3.954369418826646,3.681047,21.978571428571428,18.894777,3.134562104629722,2.9904573,12.8575,12.92265,2.6288266023118227,2.633517
13.2275,13.07611,2.655176711495142,2.644479,12.853736263736266,13.048012,2.628554962587701,2.6424809,13.505,13.10791,2.6744934175733674,2.6467357
13.523611111111117,13.246525,2.675775677588488,2.656513,12.854311926605506,12.829301,2.628596514620913,2.6267896,11.374193548387094,11.6782675,2.5156131385241367,2.5398893
12.575802469135798,12.81844,2.608288977821344,2.626004,11.743956043956052,12.529335,2.545057123445808,2.6048603,12.672575757575755,13.45096,2.615392057095684,2.6707609
12.117499999999998,12.670916,2.5739472165787296,2.6152706,42.52444444444449,37.677986,3.7733227215163754,3.6552706,13.408910891089109,13.052293,2.667846827078021,2.6427855
11.495769230769234,11.892514,2.52539012547876,2.5566468,12.209999999999999,12.265706,2.580974118534234,2.5851822,13.2275,13.598325,2.655176711495142,2.6809068
12.758235294117648,13.104224,2.6216375753065866,2.6464744,33.20112359550563,31.232307,3.5322584971986446,3.4729693,12.117555555555555,13.347602,2.573951451794122,2.6635828
12.664888888888889,12.915071,2.614829688274079,2.6329725,12.946728971962617,12.593714,2.635244998475516,2.6096075,10.726881720430109,11.312595,2.4618837893387053,2.5106227
12.95,13.103666,2.6354795082673745,2.6464348,12.025,12.150762,2.5668705876394307,2.5764797,11.377500000000001,12.176613,2.515880308253441,2.5784435
12.020422535211267,14.195274,2.5665190890350464,2.7209845,12.672500000000001,12.224041,2.615386516238791,2.5820365,12.946315789473683,12.978768,2.6352153722735365,2.6375396
41.249361702127686,38.749943,3.743589246047113,3.6826084,12.857555555555553,13.167305,2.628830611364263,2.6509368,12.117500000000003,12.9864025,2.57394721657873,2.6380856
12.205074626865672,12.650767,2.5806011971428706,2.6137958,11.37741935483871,11.974853,2.5158737927677604,2.563013,13.2275,15.720306,2.655176711495142,2.816624
23.82,17.016861,3.211649779776461,2.891308,13.31621052631579,12.764446,2.6613924984617454,2.622089,12.29876404494382,12.929676,2.587671101957953,2.6340215
12.20521739130435,12.6936,2.5806120084158835,2.6169286,11.977468354430378,13.081034,2.5632146502212154,2.6448288,10.637499999999996,13.267671,2.454232642603185,2.6579962
12.235810810810813,12.928852,2.58292609642524,2.6339624,11.558850574712645,12.68408,2.5304256421001443,2.616233,12.857545454545454,12.940786,2.628829882446833,2.6348188
12.117499999999998,12.7852745,2.5739472165787296,2.623601,13.28108108108108,13.589452,2.6589356600039458,2.6802988,11.65129411764706,13.055992,2.5377595117313394,2.6430488
13.315955056179776,14.474019,2.661374653486989,2.7391624,12.575903614457836,13.233138,2.60829642820562,2.655573,13.2275,13.55454,2.655176711495142,2.677903
14.571710526315792,14.255478,2.7454558402044893,2.7249386,12.725903614457833,13.664713,2.619284822347394,2.685444,12.394999999999998,12.844295,2.594881502996572,2.6278732
12.95,12.690101,2.6354795082673745,2.616673,13.398600000000002,14.259028,2.667130979633346,2.7251713,11.558641975308642,11.9000435,2.5304090322093606,2.5572307
14.165853658536587,14.148413,2.7190464309203457,2.7178957,11.987878787878788,12.248003,2.5640165215729964,2.5838468,12.672500000000001,12.726602,2.615386516238791,2.6193357
14.539166666666656,13.543595,2.743363718448001,2.6771507,13.559158878504666,14.940419,2.678220271766357,2.768858,11.742380952380957,12.309779,2.5449335206246317,2.588499
13.221639344262297,12.947684,2.6547647021369896,2.6353135,11.00486725663717,13.750817,2.485312172272406,2.6912985,45.08686046511627,42.950504,3.830527886927314,3.7830641
12.826268656716415,12.979961,2.6265703086026537,2.637625,13.038681318681311,13.630387,2.641816471015761,2.6831007,12.298554216867467,12.85316,2.5876553238201505,2.6285133
57.579056603773594,60.17972,4.070377236861812,4.113816,12.394999999999998,12.467615,2.594881502996572,2.600288,11.192500000000003,11.972397,2.500821008602071,2.5628238
13.134999999999998,13.218713,2.6486539911455536,2.654559,14.293626373626374,13.771768,2.7274361647189687,2.6927178,12.019298245614037,12.791724,2.566432737141538,2.6240687
10.541797752808993,11.749161,2.445975033418996,2.5454655,13.035849056603773,13.998585,2.641614703645174,2.7079558,12.209999999999999,12.990511,2.580974118534234,2.6383793
31.057499999999997,12.737452,3.467531165351134,2.6201258,13.246315789473694,14.238622,2.656498332197585,2.723833,11.47,12.167393,2.523325759691945,2.5777435
11.372459016393446,11.901034,2.5154729553626405,2.5573075,11.189120879120882,12.36329,2.500543822690805,2.5925114,12.944615384615393,14.208057,2.63509343981816,2.7218254
11.297872340425531,11.661219,2.509426266962319,2.5385437,11.840000000000002,13.920359,2.552565298261815,2.7027266,12.389999999999995,13.551791,2.594508159703081,2.677714
11.47,11.536104,2.523325759691945,2.5286129,13.038539325842695,13.336909,2.6418063565645897,2.6628373,12.025,12.9353695,2.5668705876394307,2.6344302
12.246590909090909,14.013106,2.58374022944758,2.7089236,12.961290322580647,13.576904,2.6362885230471256,2.6794384,12.394999999999998,15.118885,2.594881502996572,2.7799916
11.244705882352939,13.745828,2.505093670707979,2.6909602,13.644459459459453,13.8412485,2.684062070036177,2.6974103,12.574426229508196,12.878033,2.6081875982238416,2.6303072
15.281791044776117,14.736759,2.790047369558572,2.7559993,11.747580645161293,12.553465,2.545341500278313,2.6066422,12.576091954022987,15.395151,2.60831030118705,2.7969856
25.791397849462356,29.217955,3.288080860226734,3.4084363,12.394999999999998,13.157081,2.594881502996572,2.650215,12.025,12.343112,2.5668705876394307,2.5910003
29.690625,20.455017,3.423957233364002,3.0659585,11.835616438356166,13.066532,2.552223841090031,2.6437984,12.487549019607844,15.608562,2.60176696502494,2.8099184
27.797222222222203,16.385717,3.360278931872956,2.855649,12.117499999999998,14.32371,2.5739472165787296,2.7294014,11.188765432098768,11.533567,2.500514661260023,2.5284104
41.38232558139536,16.353668,3.7467314258366167,2.8538039,13.615616438356165,14.385939,2.6820905761448937,2.733454,11.558641975308642,12.282913,2.5304090322093606,2.5864785
12.112033898305084,11.994319,2.57353042672686,2.5645123,27.363333333333337,36.833744,3.3450972311933564,3.6332014,12.8575,13.36426,2.6288266023118227,2.6647432
14.892250000000004,13.980012,2.765831569014121,2.7067168,12.827100000000002,12.926674,2.626630434607131,2.633806,12.296666666666667,12.971948,2.5875133772492056,2.6370516
13.01012195121951,12.8866415,2.6397800648948646,2.6309273,12.117499999999998,13.416874,2.5739472165787296,2.6683993,13.131553398058253,13.846327,2.6484101268222107,2.6977525
13.444666666666667,14.018756,2.6703252576164056,2.7092998,12.764999999999993,13.57264,2.62212913859457,2.6791458,12.854174757281553,12.8822155,2.628586613732025,2.6306086
32.76682926829268,34.37983,3.519478938022891,3.5661418,12.117499999999998,13.381586,2.5739472165787296,2.6659486,13.223294117647058,15.186087,2.654881051390458,2.784152
13.036721311475413,12.870845,2.641676846502809,2.629789,12.764999999999993,16.299675,2.62212913859457,2.8506877,12.575696202531647,13.3491955,2.608281150142626,2.663694
14.036781609195403,13.355831,2.7104993068725287,2.6641562,17.669898989898993,19.09562,2.9269125472497075,3.0005019,31.900531914893605,33.881344,3.493488825266577,3.5519521
12.4833734939759,12.4878845,2.601457333371577,2.6017919,11.908271604938273,12.600307,2.557868315565669,2.6100924,12.57642105263158,12.543435,2.60833454193475,2.605902
12.487499999999999,12.561982,2.601763330584253,2.6072705,11.439139784946237,12.505622,2.5208479358000453,2.603106,32.75739130434783,23.625137,3.519199394951493,3.2037678
12.716041666666666,12.557262,2.6185660724107773,2.6069224,15.084772727272725,15.66544,2.777873031108589,2.813337,13.505,13.024171,2.6744934175733674,2.6407824
13.358769230769234,12.488747,2.664360851783221,2.6018558,14.809583333333336,15.396231,2.760616296246219,2.7970514,11.377450980392162,11.425903,2.515876347865244,2.5197833
13.134999999999998,12.9725275,2.6486539911455536,2.637093,17.452405063291135,18.50026,2.9151947177249027,2.9704278,17.9820202020202,11.340297,2.943492225980213,2.51287
11.833962264150943,11.982261,2.552094959020973,2.5635839,27.915432098765425,40.31133,3.3643754352566235,3.7211368,12.95,13.052869,2.6354795082673745,2.6428266
23.977605633802817,29.76796,3.217979648774449,3.4264739,12.94695652173913,12.795273,2.6352613139800822,2.624326,13.131011235955059,13.436235,2.6483717607283843,2.6697414
13.446268656716418,13.165975,2.670436156764077,2.650843,14.519595959595959,15.0342655,2.742103480885006,2.774728,12.576091954022987,12.292886,2.60831030118705,2.587229
12.298395061728394,13.862249,2.5876433558957537,2.6988244,23.152325581395353,14.372401,3.184380672828555,2.7325737,12.018867924528301,13.307683,2.566399684039183,2.6607966
13.549428571428576,12.537795,2.6775517194049447,2.6054854,14.441355932203388,14.899021,2.737049360183953,2.7662575,33.2206779661017,35.440777,3.532830080252062,3.5956883
12.02054794520548,11.688066,2.566528720780093,2.5406618,17.12888888888889,16.762268,2.8975067371131384,2.8770764,11.007441860465113,11.520772,2.485526612610089,2.527389
12.531315789473684,12.88116,2.6050066872305693,2.6305325,14.818888888888887,15.545044,2.761204725289435,2.8060865,13.244230769230771,14.329356,2.6563519664378163,2.7297697
14.210714285714289,13.367329,2.722000066753964,2.6649568,16.535454545454545,19.664635,2.8642248054377784,3.0284238,11.559278350515465,11.64501,2.5304597032202327,2.5372627
12.394999999999998,12.714184,2.594881502996572,2.6184306,13.089200000000003,13.570778,2.6454085464420296,2.679018,12.39064935064935,13.052403,2.5945566537213534,2.6427934
12.579999999999997,12.72992,2.60859812213055,2.6195774,14.110112359550563,14.071033,2.715364212362266,2.7127745,11.83632183908046,11.847778,2.5522787960931828,2.553171
12.021578947368422,13.067528,2.5666079003469333,2.6438692,13.770000000000005,13.47621,2.6925980965432887,2.6725066,11.377500000000001,11.891681,2.515880308253441,2.5565822
11.850632911392404,12.116296,2.5533930639331563,2.5738554,13.163684210526315,13.9075365,2.6506812387826963,2.7018669,12.302560975609754,12.902566,2.5879565712485832,2.6320734
12.579999999999997,12.465531,2.60859812213055,2.6001332,15.804444444444446,15.514193,2.821643401686513,2.8042202,10.321917808219181,12.001459,2.426740476112688,2.5650616
13.505,12.971118,2.6744934175733674,2.6369922,14.848476190476191,17.534271,2.763073356299468,2.9196215,11.285000000000002,13.39292,2.5083790059731426,2.6667364
12.615172413793104,12.908284,2.611184789563213,2.6324847,16.714285714285722,17.163715,2.874371416549724,2.899426,34.83142857142857,36.157654,3.5788254013405902,3.6151698
12.574426229508196,12.572786,2.6081875982238416,2.6080668,13.315862068965519,13.630088,2.6613681581106143,2.6830802,12.11341772151899,12.505061,2.5736359595684104,2.6030645
11.55769230769231,11.430184,2.530333410695004,2.5201278,52.04681159420289,47.06296,3.971174761353761,3.8725119,16.273258426966294,15.311422,2.849159549924203,2.7918656
11.00262295081967,11.473647,2.4851252051380124,2.5236182,14.349310344827595,13.898554,2.731070544348156,2.7012641,12.204210526315789,11.775581,2.5805357579956025,2.5475357
13.686105263157897,16.0419,2.686901826589044,2.835675,41.83779999999999,26.868114,3.757420890386009,3.3274832,12.24056603773585,13.113875,2.58328530168987,2.6471584
11.840000000000002,11.993275,2.552565298261815,2.564432,15.32783505154639,15.1301,2.792871323272929,2.780687,11.377452830188682,11.447397,2.51587649731414,2.5215116
13.130823529411767,14.573546,2.648358477334376,2.7455738,12.302500000000002,12.494707,2.5879519874883874,2.6022975,22.13527777777778,23.787691,3.1413586291067555,3.2103472
12.111754385964911,12.384839,2.573509109262186,2.5941226,15.060253164556958,14.964087,2.7763474720654138,2.7703416,12.508548387096779,13.368662,2.6033226989080998,2.6650496
36.495238095238086,42.452118,3.624213940786214,3.7716596,36.67733333333334,30.386961,3.629058675795397,3.4463925,14.438399999999998,14.05359,2.7368579122839822,2.7116165
12.389846153846158,12.567888,2.5944966700064667,2.6077058,15.36246913580247,14.731717,2.794990244957843,2.755679,37.171818181818175,36.133,3.642097499414097,3.614506
16.604805194805195,17.615824,2.8681718872123776,2.924012,13.960869565217392,14.674712,2.705438096874285,2.7520487,12.302419354838712,12.41938,2.5879459250635994,2.5967
16.05818181818182,14.852355,2.8366299606618868,2.763318,10.810212765957445,12.5681305,2.468964645792751,2.6077237,31.478611111111107,20.335953,3.4805817530217675,3.0603936
13.10024096385542,13.18325,2.6461918868732326,2.6520617,13.285795454545454,13.702326,2.6592657187348183,2.6880057,12.391473684210526,12.475956,2.5946182122139616,2.600907
14.900270270270271,14.244076,2.766336107211925,2.724191,46.107415730337074,43.3119,3.852430435132944,3.7912533,12.117439024390238,12.860583,2.573942568150944,2.629049
14.069354838709678,13.599084,2.7126632007538185,2.6809587,30.83837209302324,32.719955,3.460672231937433,3.5180898,13.265061728395064,13.458208,2.6578133119182854,2.6712623
12.712535211267609,12.753696,2.618310393420667,2.6213076,17.444204545454546,17.052296,2.914750204363996,2.8932729,14.595340909090911,14.053917,2.7469722099741496,2.7116382
14.86871794871795,14.329294,2.7643497466952285,2.7297657,16.92234693877551,16.720404,2.8860483665368792,2.8747168,12.579999999999997,13.228015,2.60859812213055,2.6552129
14.027051282051286,18.893702,2.709851995698396,2.9904032,12.903896103896104,13.17784,2.632169096105597,2.6516802,11.840000000000002,11.966429,2.552565298261815,2.5623636
32.934868421052634,36.65085,3.524443052766523,3.6283555,15.441126760563378,16.863459,2.799785925026594,2.8827572,12.946315789473683,12.887717,2.6352153722735365,2.6310048
12.574426229508196,12.87317,2.6081875982238416,2.6299567,35.854431818181816,36.4923,3.6069758778403305,3.6241355,11.83632183908046,12.572447,2.5522787960931828,2.6080418
13.042586206896557,12.8932085,2.642094584404828,2.6314,16.55920792079208,17.404089,2.8655784801732223,2.9125729,10.357383177570098,13.773188,2.429868032670288,2.6928139
12.311296296296293,11.749754,2.588613020324039,2.545512,13.466875,13.191602,2.671861553256216,2.6526504,12.79438202247191,12.879539,2.6242614094546544,2.6304157
14.199487179487177,15.430208,2.721261689091452,2.7991216,26.956538461538457,17.332989,3.330651106465965,2.9087021,12.483116883116883,12.394467,2.601438301539445,2.5948417
13.695301204819286,14.704638,2.68752779675638,2.753956,13.572682926829268,15.004505,2.679148743737784,2.7728703,12.761368421052637,13.220224,2.62186527676486,2.6546652
12.672500000000001,13.431961,2.615386516238791,2.6694453,12.487543859649122,14.332924,2.601766582452858,2.7300024,13.042575757575754,13.376416,2.642093840288001,2.665589
13.382023809523808,13.307597,2.665979080187471,2.6607907,16.052054794520547,16.603735,2.836270712275736,2.8681111,12.117499999999998,12.322015,2.5739472165787296,2.589418
14.096338028169017,14.188895,2.714452199718642,2.7205646,12.205822784810126,13.267997,2.5806578523888466,2.658019,10.822428571428572,11.738603,2.4699984537691604,2.544637
12.298133333333334,12.388707,2.587623674500409,2.5944116,13.130823529411767,13.66214,2.648358477334376,2.6852686,35.94764705882355,49.61347,3.609501966309064,3.9242177
15.049090909090904,15.290785,2.775652206793716,2.7905996,12.672500000000001,13.488305,2.615386516238791,2.6733418,13.704672897196266,13.866339,2.688165327433236,2.6990995
12.277397260273975,12.338364,2.5860631354026475,2.5906444,13.474146341463415,14.273762,2.672364047036973,2.7261364,13.042560975609756,13.3975935,2.642092787633984,2.667061
14.641666666666666,15.037983,2.7499382938044628,2.7749598,15.169811320754718,16.086327,2.783146005045658,2.8382785,13.361538461538462,13.127106,2.66455369308614,2.6480954
12.70164383561644,13.958812,2.617515813637295,2.7053006,11.324495412844035,12.916013,2.5115887789563254,2.6330402,37.30413793103447,24.21608,3.645557930325493,3.2274818
14.250243902439026,14.390132,2.7245954965280834,2.7337265,64.27288461538463,70.27868,4.178576706789053,4.2665973,12.575802469135798,13.152828,2.608288977821344,2.6499145
14.560597014925381,14.816403,2.74474188658266,2.7610476,16.094040404040406,14.846256,2.8387298883797603,2.7629333,41.81406593406592,38.299526,3.7568666919156617,3.6712124
14.187333333333335,13.348382,2.7204617471036534,2.6636372,11.5625,11.965381,2.5307161858192946,2.5622828,10.914999999999994,12.116064,2.477798110550705,2.5738378
13.71056603773585,13.827794,2.688566013664714,2.6965034,16.775443037974682,15.924166,2.8778179001592603,2.8287425,12.730975609756097,13.032637,2.6196542740476065,2.6413858
14.263734939759033,14.673277,2.725479749497441,2.7519572,31.11011904761905,22.162603,3.469171215588136,3.142539,13.32000000000001,12.93397,2.6616571615325,2.6343298
14.647848101265824,14.242273,2.750333406015401,2.7240727,14.233222222222231,14.197476,2.723478715259424,2.7211294,13.839428571428572,14.453606,2.6972877310294354,2.7378423
11.47,12.252701,2.523325759691945,2.5842013,15.698019801980195,15.101805,2.8152901376604453,2.7789314,12.146382978723405,12.732356,2.576146662135992,2.6197548
13.6551724137931,13.006284,2.6847933389379426,2.639506,14.817758620689656,14.3669815,2.7611332721938204,2.7322211,14.828235294117645,14.66122,2.761795389101189,2.7511876
13.25012658227848,12.5024605,2.656765789642117,2.602872,11.281573033707865,11.957343,2.5081000117227306,2.5616627,12.209999999999999,12.240043,2.580974118534234,2.5832458
14.550374999999999,15.236113,2.74408475409009,2.787238,11.487032967032969,11.724743,2.524690743237873,2.5435483,32.81291139240506,44.378025,3.520842723406032,3.815028
14.919333333333334,15.290501,2.7675343034925097,2.7905822,12.025,13.503982,2.5668705876394307,2.6744232,14.15375,13.714435,2.718248026078656,2.688829
13.474084507042262,14.106727,2.67235977496788,2.71514,28.649021739130447,24.241932,3.3894291312782,3.2285066,17.256880733944953,17.244192,2.9045420354893943,2.9038467
15.760499999999997,16.27797,2.8190249275445045,2.8494322,13.412571428571425,12.931659,2.66810084159826,2.6341639,13.222857142857142,13.337729,2.654850328444078,2.6628945
19.221428571428568,22.520159,3.006742862502595,3.157858,11.030898876404496,11.841596,2.4874782467633407,2.5526896,15.048813559322038,14.280271,2.7756349253061257,2.7265625
15.482820512820517,15.852173,2.802318657459846,2.8244796,11.832911392405062,12.544013,2.5520130735712274,2.6059446,14.53360824742268,15.14183,2.743005950638809,2.781414
19.473666666666663,19.902685,3.0191395075536094,3.0398777,11.562439024390246,11.682712,2.530711332027634,2.5402398,14.733333333333333,15.002148,2.7557816039234,2.772723
16.38988636363636,16.174631,2.8558887937638384,2.8434334,10.917526881720429,11.459235,2.478010163745269,2.5224621,12.531153846153845,12.4936905,2.604994719119601,2.6022222
47.88767123287671,42.592804,3.889525242665664,3.774892,13.221999999999998,12.921087,2.654790061461326,2.6334047,14.307096774193548,15.0215645,2.7283165623077563,2.7739356
46.08412499999998,27.383799,3.851935895376376,3.3458185,12.390963855421687,12.553553,2.594580140340321,2.6066487,16.70232558139535,16.188313,2.873696019728432,2.8442297
14.418461538461537,15.025263,2.735565592629987,2.7741663,12.394999999999998,12.516513,2.594881502996572,2.603912,17.05847826086957,17.59018,2.8936152842432663,2.9226334
16.36784810126582,16.302137,2.854620686641028,2.85083,12.672551020408164,13.248937,2.6153902478396662,2.6566823,15.600000000000005,16.622902,2.8094026953624978,2.8691993
13.093750000000004,13.710944,2.645731436702952,2.6885917,12.114257425742574,11.737148,2.573699991490352,2.5445228,15.092658227848087,16.360426,2.778363157293257,2.8541932
16.009259259259263,16.522589,2.833757858090906,2.8634908,12.209999999999999,12.097824,2.580974118534234,2.572446,16.247936507936508,16.956999,2.8476925135936813,2.88798
18.715,19.18551,2.9813797673295905,3.004965,12.857567567567568,13.282751,2.628831478184299,2.6590526,15.33927083333333,16.026365,2.793571463793145,2.834763
13.13272727272727,14.364256,2.648493191003703,2.7320437,14.089436619718311,13.956904,2.7139949374054195,2.705173,17.732452830188677,18.223549,2.930257465179686,2.956136
12.614200000000002,13.313534,2.611113365677364,2.6612055,15.96857142857143,14.477849,2.831362893532401,2.73941,14.553684210526315,15.345724,2.7442975372844893,2.7939663
13.355999999999998,14.221178,2.6641679732853607,2.7226877,16.70941176470587,17.144608,2.874096236376141,2.8983734,16.36128712871286,17.350832,2.854242849842757,2.909675
16.54378787878788,20.500023,2.8646999202301284,3.068054,10.403,11.6992,2.4338764786752214,2.541539,15.095064935064933,15.958754,2.778512699229426,2.830784
59.472068965517224,60.17549,4.102181588442943,4.1137466,12.505425531914893,12.815805,2.60309149596068,2.6258132,14.9058,16.127892,2.7666838225843966,2.8407083
16.285423728813562,17.72606,2.8498635873232523,2.9299161,15.197974683544302,14.982081,2.784886214888443,2.7714682,31.54741573033708,24.843756,3.482697971657469,3.252069
15.041999999999994,15.742825,2.7752102829447325,2.8179698,14.962409638554208,14.917397,2.770236560484637,2.7674127,15.002253521126761,15.801271,2.772729557392468,2.8214545
14.877551020408161,15.958939,2.764906226067765,2.830795,14.515873015873012,14.603034,2.741863565467988,2.7474654,15.0075,15.1455555,2.77305736241082,2.7816448
19.435180722891566,22.723434,3.0172579607692347,3.1664634,14.140636363636366,14.204526,2.717382279070263,2.7215931,17.31478260869565,18.960201,2.9077085265832467,2.9937403
18.857142857142858,19.777248,2.9885637840753785,3.0338585,15.150000000000002,14.253445,2.7819200496686656,2.7248054,18.09170731707317,21.036743,2.949254068891697,3.0927112
17.559473684210527,20.40714,2.920980369424212,3.0637245,13.500750000000002,13.343518,2.674200372226813,2.6632981,15.620000000000001,18.17751,2.810606789427302,2.9537382
14.570769230769232,14.768037,2.7453953892992184,2.7579849,14.175000000000002,14.052014,2.719649336945562,2.7115119,16.117553191489357,15.852381,2.840104439441544,2.824492
16.479866666666666,17.311588,2.861049742433233,2.9075341,13.97942857142858,13.796187,2.7066778312619317,2.6943696,15.0948717948718,15.476736,2.77850069919384,2.8019495
12.562499999999998,12.968997,2.607308631300678,2.6368403,15.074999999999996,14.757495,2.777265270123683,2.757316,18.30802469135802,18.86335,2.9605207966123253,2.9888763
16.091923076923077,17.817415,2.8386060172405885,2.9347827,12.487592592592591,12.764276,2.6017701956277945,2.6220765,17.344166666666673,18.352737,2.90931163113724,2.962834
20.741142857142858,22.291811,3.079206449637143,3.1481018,14.88349397590362,15.02606,2.765280455288844,2.7742162,13.065000000000001,13.16744,2.64368944194182,2.6509464
21.931111111111115,22.468765,3.132494552351349,3.1556704,15.07014705882353,14.092815,2.776963330847782,2.7142189,15.327669902912628,16.856445,2.79286120867608,2.8823645
21.938552631578943,22.41711,3.1328190160568106,3.153467,16.74387755102041,22.510712,2.8760405297174514,3.1574562,15.164096385542166,15.42964,2.7827925101743314,2.799087
26.00931818181818,26.641481,3.2961819243099817,3.3193176,16.55581395348837,15.7064705,2.8653851744520167,2.8157961,14.95656565656566,14.979685,2.7698703844404617,2.7713182
22.89712765957447,23.29988,3.173758270107314,3.1904714,13.583529411764708,13.368251,2.679892769423277,2.665021,14.002857142857144,13.939213,2.7082406591544,2.7039895
24.513214285714284,24.784702,3.239196525224268,3.2497814,15.578181818181818,14.025446,2.80808748254687,2.7097452,13.387912087912085,13.560614,2.6663884157168574,2.6783202
13.787111111111107,14.8349,2.6937559304708567,2.7622163,14.648636363636363,14.01253,2.750383779875864,2.7088852,13.478524590163936,14.046891,2.672666488821652,2.7111714
27.196144578313255,19.529957,3.3391852515163456,3.0218852,26.95171428571428,13.62068,3.3304785317350767,2.682437,15.933333333333334,15.831163,2.8292840659163265,2.8232322
21.580833333333334,22.054308,3.1171014638568697,3.1378527,10.987524752475247,11.135604,2.4838665050645883,2.4961436,11.466265060240966,13.199829,2.523026200814307,2.65323
21.83999999999999,28.41634,3.128513384787809,3.3815503,13.459793814432986,13.056776,2.671371957599427,2.6431046,14.914615384615395,17.135792,2.7672378935941158,2.8978875
19.68683544303797,19.307585,3.029497529021935,3.0109944,12.442857142857145,12.6760235,2.598447897536021,2.6156442,14.276304347826086,14.438219,2.7263028924317645,2.7368462
17.387228915662657,18.616182,2.911656342958928,2.9763548,13.243291139240506,12.844284,2.6562859986085594,2.6278725,13.059139784946236,13.984634,2.643272702785822,2.7070253
19.12538461538461,19.300304,3.001981934445467,3.0106359,33.20340909090909,33.4503,3.5323253201214704,3.5395176,13.584999999999997,13.633084,2.6799936033196845,2.683285
21.388965517241385,20.90448,3.108568226650976,3.0866911,11.840000000000002,12.617576,2.552565298261815,2.6113613,12.017727272727273,13.057024,2.5663120649174727,2.6431222
23.448026315789473,24.406382,3.1965494893819875,3.2350004,14.395402298850577,14.854048,2.734068912821366,2.7634249,15.199859154929573,16.832586,2.7850025480603944,2.8810275
22.5555421686747,23.83322,3.159361129024652,3.2121823,47.404534883720885,23.51329,3.8795935052780415,3.1992154,12.900505050505053,13.647196,2.6319251740452705,2.684249
22.380149253731343,24.305273,3.1518873398443903,3.2310128,14.51185185185185,16.256899,2.741604367343677,2.848212,45.0580487804878,45.553677,3.829902530935251,3.840606
16.407272727272726,16.941954,2.8568880917259376,2.8871417,17.884831460674153,18.767408,2.938359031617006,2.9840345,14.35866666666667,16.020355,2.7316799183961504,2.83441
21.764571428571443,23.253374,3.12520544271766,3.1885557,13.448470588235292,14.425294,2.6705885673122025,2.7360086,17.341521739130428,17.539215,2.90916743716647,2.9198883
46.839855072463756,39.591084,3.8678590802160433,3.7035484,18.816629213483143,20.263004,2.9865214444828654,3.0569687,15.039705882352937,15.649315,2.77506726575859,2.812369
25.63888888888889,25.113853,3.282372136427328,3.262466,17.118656716417906,17.083406,2.8969421652188543,2.8949947,12.129420289855071,13.786599,2.5748555357676475,2.6937213
22.25695121951218,22.756908,3.146604064531913,3.1678734,26.76979166666667,26.468779,3.323948799189979,3.31305,15.093684210526312,15.556519,2.778426909966027,2.8067799
22.162471910112362,21.652803,3.1425333788794902,3.1202836,20.270853658536584,19.302763,3.057337762799664,3.010757,13.084239130434788,13.7764845,2.645056380020776,2.693037
20.1912676056338,20.31442,3.053589191427005,3.0593839,17.04049382716049,17.354383,2.89261888827093,2.9098685,11.081805555555553,12.742456,2.491700647857161,2.62049
24.30666666666666,22.92132,3.2310678656335625,3.17477,15.482962962962958,16.850086,2.8023272997627084,2.8820083,13.967764705882352,15.02976,2.7058988690381263,2.774447
46.88172839506172,29.33799,3.868733978514882,3.4124007,20.454400000000003,20.505512,3.0659297525432407,3.0683093,11.5625,12.132363,2.5307161858192946,2.5750797
18.934027777777782,19.744999,2.992428210031691,3.0323052,14.769879518072292,14.4484,2.758101761001076,2.7375054,13.790833333333333,15.947626,2.694007619512255,2.8301277
22.109344262295085,22.710808,3.140237049253479,3.165931,14.801470588235293,16.23468,2.7601030109064584,2.8469236,13.54051724137931,14.573428,2.6769390451576043,2.7455661
23.04115942028986,23.160425,3.179767337301451,3.184716,17.2375,17.109467,2.903479913848904,2.8964348,12.764999999999993,13.1322565,2.62212913859457,2.64846
22.700120481927712,22.86827,3.1654801317538057,3.17255,17.752916666666668,18.69463,2.9313492958744645,2.980346,16.956282051282045,17.223225,2.887940028709107,2.9026968
52.96882352941176,46.547703,3.9884065377902487,3.8617334,20.634146341463424,21.357386,3.074272915605272,3.1071568,11.92915789473684,13.128127,2.5594850626455856,2.6481676
18.752631578947373,19.052847,2.983286726974535,2.9983711,18.72674157303371,18.979927,2.9819751555103493,2.994728,16.689599999999995,18.077042,2.8729768962710494,2.9484856
17.66162162162162,18.35009,2.9264690952671777,2.962697,13.442282608695654,14.799918,2.6701601963665174,2.7600048,12.209999999999999,13.223049,2.580974118534234,2.6548638
21.79094736842105,22.083784,3.126363411872371,3.1391304,19.469587628865977,18.89418,3.0189402543245065,2.9904273,15.677419354838708,15.86331,2.814055670023283,2.8251402
20.245853658536582,21.625336,3.0561617543804416,3.1190703,12.764999999999993,14.134002,2.62212913859457,2.716944,14.59714285714286,14.901879,2.7470877472982984,2.7664373
17.97833333333333,18.432665,2.9432979775944585,2.9669554,16.38058139534884,16.392126,2.855353571254084,2.8560176,17.422222222222228,18.489769,2.9135576653649755,2.9698896
22.77625,22.863274,3.1686871832849137,3.1723406,11.932500000000001,13.717055,2.559743522895533,2.689007,14.012753623188408,15.218172,2.708900081397513,2.7861323
22.742608695652187,30.36484,3.1672712692292477,3.4456875,19.0881188118812,25.062103,3.000128536407745,3.2604823,16.012857142857154,23.86482,2.8339693607245917,3.213454
24.917540983606557,26.919714,3.2549199975240586,3.329333,17.65133333333333,18.625618,2.9259176359382963,2.9768357,14.224025974025977,15.084726,2.722874836116012,2.7778702
23.376081081081075,22.631989,3.19360236794474,3.1626012,16.084183673469397,17.937891,2.838153104119588,2.9411647,14.474489795918368,15.299242,2.739192848458064,2.7911186
18.973636363636366,19.512901,2.9944132221699085,3.021054,14.206881720430104,14.914107,2.7217480701593817,2.767206,12.530337078651689,13.610205,2.604934355298208,2.6817203
14.095087719298244,14.866024,2.7143693742911883,2.76418,20.3906779661017,20.602348,3.0629552180619486,3.072802,18.490769230769235,18.996216,2.9699409807123707,2.995543
15.11529411764706,15.977488,2.7797687662734885,2.8318882,17.642948717948716,17.432646,2.925467989769248,2.9141233,16.756605504587156,16.299131,2.8767575877976004,2.8506563
21.73384615384617,22.434551,3.123854834013952,3.1542115,18.2610975609756,18.594162,2.958087391297481,2.9752316,14.064166666666667,14.85843,2.7123188551987627,2.7637012
21.982592592592596,30.27167,3.134737085577967,3.4427125,12.302500000000002,13.804317,2.5879519874883874,2.6949189,15.620744680851065,16.610365,2.8106515947322577,2.8684876
18.85,19.113192,2.9882040071331994,3.001376,22.733239436619723,23.254322,3.1668765734197915,3.1885948,25.238222222222223,15.570663,3.2672172111032007,2.8076339
23.12207547169811,23.321302,3.1831274159057674,3.1913526,18.873505154639172,20.045172,2.9893874453666065,3.0466712,13.783373493975901,13.803417,2.6935031366999715,2.694858
17.152812500000003,18.013422,2.89882550738369,2.9451451,18.30936170212766,19.257988,2.960590040592565,3.0085492,15.965625000000003,16.475277,2.831189238111679,2.8607872
17.31645569620253,18.371836,2.9077998741644624,2.9638202,22.48102040816326,22.172235,3.1561924526256173,3.1429548,12.801250000000003,13.845778,2.62475916777121,2.6977155
19.974096385542165,22.101898,3.043288170879015,3.1399148,52.238461538461536,42.925373,3.974781096386281,3.7824922,16.599560439560438,16.913763,2.86787392670725,2.8855693
21.035402298850567,23.686779,3.092650355393028,3.2062678,20.941071428571423,20.532976,3.088360288138376,3.0695856,14.3,13.41096,2.72785282839839,2.667989
57.59704918032786,49.415928,4.070684340030589,3.9203072,20.2075,20.992167,3.054354892699753,3.0906863,53.93863636363635,51.635403,4.006216859893794,3.963389
23.351818181818178,22.986477,3.192606515398864,3.1774902,12.853563218390804,13.948523,2.628542471630538,2.7046125,13.768383838383835,14.060792,2.6924886686459044,2.7120948
23.412289156626503,22.944613,3.1950866594681737,3.1757433,19.604266666666675,19.342024,3.0254981740903037,3.0126889,14.315619834710745,14.468693,2.7288732118595336,2.7388182
19.433593750000007,20.161493,3.017180298891049,3.0521832,20.451010101010098,20.679634,3.0657717352214635,3.0763733,13.88317073170732,14.982313,2.700231093513464,2.7714827
18.17059523809524,18.456305,2.9533776070760305,2.9681711,23.12,23.21256,3.1830413718589847,3.1868715,47.00905660377359,32.214115,3.871389672355484,3.502975
18.016071428571426,19.156507,2.9452844862861887,3.0035272,22.150909090909096,22.894262,3.142034049346919,3.1736383,15.33243243243243,16.171835,2.7931528507232883,2.8432705
17.413882352941172,18.931084,2.913104855844548,2.9922805,17.305925925925926,18.519596,2.907224828517491,2.9714189,22.743333333333332,18.637928,3.1673017893221527,2.9774628
39.580487804878075,35.437683,3.70328735514548,3.5956035,20.341797752809,22.55722,3.060667485662216,3.1594324,16.388961038961043,16.632425,2.855835581840808,2.8697395
35.668292682926825,25.989864,3.6019124220390606,3.2954614,17.088,18.76075,2.895248734975669,2.9836977,18.116170212765958,19.37498,2.9505345848803897,3.0143077
18.075180722891567,18.422369,2.948388051458094,2.9664254,20.24540540540541,22.059475,3.056140655776114,3.1380768,16.22769230769231,16.494658,2.846518107019156,2.8618956
14.076909090909089,14.875586,2.7131643741247653,2.7647824,18.218396226415102,18.925896,2.95586795710612,2.9920201,13.899999999999997,14.223928,2.7013612129514133,2.7228684
17.02666666666667,17.311811,2.891852143066599,2.9075463,20.76090909090909,22.415937,3.0801151991899287,3.1534169,14.31705882352941,14.520427,2.7289671630830474,2.742157
31.468227848101264,28.32737,3.480262006494771,3.3785212,19.989895833333335,20.66602,3.044041171139586,3.075745,16.273402061855673,17.106232,2.849167865338043,2.8962562
12.985074626865675,14.12886,2.6379906628474563,2.7166042,19.701111111111107,19.548899,3.030187375696043,3.0228074,18.56220779220779,17.986532,2.973599531049274,2.9437299
41.59169230769232,44.043327,3.751659218005829,3.8076248,20.487865168539322,21.661339,3.06748836502829,3.1206603,20.893809523809526,26.572943,3.0862039267180355,3.316835
14.726582278481017,15.123817,2.755352419367456,2.7802975,12.20521739130435,12.77331,2.5806120084158835,2.6227326,18.427252747252748,18.772362,2.9666768610740744,2.984285
14.883750000000012,15.761692,2.765296574036608,2.819096,23.29166666666667,22.651339,3.190133356002547,3.1634197,16.950103092783507,17.788208,2.8875958582483525,2.9332294
20.690937499999997,20.083801,3.076894546587974,3.048505,17.494680851063833,17.752617,2.9174831691779124,2.9313333,23.95477064220184,18.189108,3.21706501202387,2.9543428
18.4861038961039,18.812487,2.9697015908222464,2.9863124,24.823561643835614,29.242281,3.2512873171849312,3.409241,12.878591549295775,13.890525,2.630347476536209,2.700725
18.69443037974683,21.032272,2.9803358739303265,3.0925083,18.963604651162786,19.240507,2.993910848323861,3.007686,20.72371134020619,19.832117,3.078404352485634,3.036496
39.08,36.734444,3.6908774567766094,3.6305733,45.988604651162795,36.995995,3.849905118082701,3.6374807,15.343298969072166,15.784176,2.7938179643457994,2.8204365
15.911999999999995,16.576443,2.8280234291278816,2.8665595,22.083505154639173,22.941256,3.13911829989391,3.1756032,13.680097087378641,14.637438,2.6864926367461512,2.749668
17.933538461538458,17.562338,2.940934871236492,2.9211347,23.284444444444443,22.650307,3.1898359990462057,3.163376,19.816499999999998,20.580492,3.0357459414663013,3.0717897
11.980740740740742,13.327632,2.563466777501314,2.66219,26.325164835164834,25.120834,3.307808066438363,3.2627332,17.142222222222216,17.032776,2.8982419411653697,2.892191
13.86948051948052,15.296938,2.6993108250589053,2.7909772,22.538723404255318,22.33673,3.1586468694463443,3.1500285,17.87397849462366,18.795485,2.9377841741804387,2.9854538
39.32793103448275,41.901276,3.697044306663879,3.7589016,18.522258064516134,19.568466,2.971555253829223,3.0237591,12.654150943396228,12.572984,2.614043573819723,2.6080813
14.922884615384618,14.844375,2.7677573584362154,2.7628145,20.299545454545456,20.488342,3.0586857323254897,3.0675106,13.13838095238095,13.374302,2.6488931526666155,2.665442
18.143999999999995,19.352362,2.951989350606072,3.013197,20.565125000000005,20.139608,3.071077426512407,3.0511484,25.510989010989015,17.78823,3.277559326696291,2.9332306
17.207894736842114,17.657017,2.90185527677838,2.9262223,48.384823529411754,45.74222,3.8996431609895623,3.844648,12.761368421052637,14.5036545,2.62186527676486,2.7410758
18.359444444444446,20.99783,2.963180385385268,3.0909438,35.163953488372094,24.784966,3.5880628627436684,3.2497916,22.258865979381447,21.382463,3.1466863917911403,3.1082778
22.970697674418602,16.368073,3.1768321541728466,2.8546336,19.596436781609192,19.90265,3.02511808906765,3.039876,20.763853211009174,19.434591,3.080250484023153,3.017229
46.947464788732404,42.804176,3.8701059279552914,3.7797291,22.980129870129876,22.905762,3.177225565353255,3.1741195,12.04173913043478,12.513606,2.5681549165040387,2.603697
15.927142857142854,16.412739,2.828918419773335,2.857202,22.08659574468085,23.188148,3.1392521783124576,3.1858628,17.53305555555555,17.885754,2.919555924466513,2.938408
17.933333333333337,18.951185,2.940924037058996,2.9932885,18.58366972477064,18.963417,2.9746960416437247,2.9939015,17.952,17.477734,2.9419094668564845,2.9165664
14.537260273972604,14.692366,2.7432410278503925,2.7531743,15.86192307692308,17.52667,2.825058007571153,2.9192114,28.658809523809534,29.003357,3.389759198473696,3.4013093
21.87025641025641,29.70859,3.129837219614009,3.4245424,18.514492753623184,20.004684,2.971157407654394,3.0447454,12.35448275862069,14.650515,2.591852115644965,2.7505038
14.444411764705883,16.03958,2.7372472398379384,2.8355389,22.23495145631068,23.127798,3.145657673286241,3.1833646,15.294489795918366,15.768808,2.790827001331,2.8195205
14.022467532467532,15.046654,2.7095469159633363,2.7755003,21.2962962962963,22.520866,3.104420579304492,3.157888,20.388363636363636,20.222715,3.062847018829164,3.055072
14.629999999999997,14.635753,2.749192144433385,2.74956,45.64010000000003,36.162136,3.842460686122272,3.6152904,17.702222222222225,18.014885,2.9286423522131257,2.9452221
12.764999999999993,13.762421,2.62212913859457,2.6920848,24.173333333333346,24.15525,3.225785233169136,3.2250667,13.99014084507042,14.472422,2.707392708005683,2.7390592
18.56597014925373,18.512821,2.9737918403902897,2.9710717,23.50915492957747,23.054623,3.1990467183482103,3.1803272,15.733983739837399,15.5548725,2.817441606188783,2.8066804
40.35714285714286,44.702427,3.7222451479577368,3.8221514,31.587977528089894,23.758324,3.48394343287193,3.2091618,13.972307692307691,14.059692,2.7062023410137304,2.7120218
13.50515463917526,15.662376,2.6745040786110064,2.8131533,13.03786666666666,13.930066,2.641758440233964,2.703377,21.226941176470596,23.676947,3.1013051196092998,3.2058694
16.12111111111111,16.77566,2.8403122699575425,2.87783,22.47168316831684,22.05882,3.15579472302718,3.1380484,15.020256410256405,15.983463,2.7738539471461072,2.83224
13.771650485436892,14.602874,2.692709836098221,2.7474551,18.247500000000002,19.17213,2.9573811821700677,3.004302,13.40753424657535,13.689642,2.6677512813222397,2.6871426
14.609012345679012,14.556039,2.747848461909336,2.744449,19.170285714285725,20.624527,3.004210517174952,3.0738282,37.72199999999998,29.042152,3.656407913966973,3.4026015
15.344098360655739,16.325981,2.7938668756479546,2.8522072,20.574492753623186,21.947313,3.0715117258529308,3.133201,15.979354838709668,15.8155,2.831998184796793,2.8223011
13.340129870129875,13.77111,2.663061891624877,2.6926732,46.18436170212761,33.9655,3.8540625178227774,3.5543618,17.1672,20.563349,2.899617770368322,3.070995
14.8558024691358,14.957679,2.763535519710828,2.7699401,16.15616161616161,16.10882,2.842357386997393,2.8395941,16.674204545454547,18.61332,2.8721062062694536,2.976209
51.915135135135124,45.408623,3.968689406357699,3.8374853,37.267624999999995,26.197386,3.6446042384577786,3.3031209,11.562571428571427,14.285594,2.530721871659562,2.7269108
16.292307692307695,15.922419,2.8502617605579994,2.8286393,44.268064516129044,23.713184,3.812601806306555,3.207337,15.733037974683548,16.116678,2.8173850869584687,2.8400533
12.919078947368423,13.656443,2.6332604851429955,2.68488,20.89627450980392,20.05128,3.0863165086438937,3.0469613,17.001571428571427,17.721445,2.8904590556729044,2.9296696
15.637500000000006,15.715197,2.8116591837212304,2.8163183,22.452948717948715,22.213703,3.154996231888925,3.1447427,22.360823529411764,29.590801,3.151060411166183,3.4206994
12.483529411764705,12.877281,2.601468897012337,2.630253,20.39728813559323,20.424822,3.063264191361984,3.0645502,44.56691176470589,42.810715,3.819181833936265,3.7798784
43.85999999999999,48.764217,3.803546529092062,3.9072962,11.007499999999999,12.357834,2.4855314545568423,2.592103,17.66055555555556,17.306171,2.926411967513816,2.9072382
13.287356321839086,14.02918,2.659374972856128,2.7099936,18.49202702702703,18.01607,2.970005511550534,2.9452844,17.441123595505616,18.168453,2.9145831487832883,2.953266
45.78724137931034,48.764893,3.84561054565578,3.9073098,14.749891304347827,15.216007,2.756833463936579,2.7859988,17.658888888888885,17.785404,2.926322648570697,2.9330802
14.691590909090905,15.570232,2.753124957977583,2.807608,,,,,14.988936170212762,15.6507015,2.7718969936890394,2.8124523
17.234098360655736,17.495592,2.9032933775024303,2.9175324,,,,,18.697634408602156,18.213472,2.980498547752052,2.9556117
14.405432098765433,14.802397,2.734720180909749,2.7601616,,,,,20.70542168674699,20.87495,3.0775620766553007,3.0853422
13.505,13.906878,2.6744934175733674,2.7018228,,,,,17.626181818181816,17.924318,2.9245682155777444,2.9404478
15.664285714285715,16.04472,2.8132678494121257,2.8358405,,,,,,,,
12.266666666666666,13.5244055,2.585254623622282,2.6758304,,,,,,,,
13.812749999999998,20.35438,2.695488296390055,3.061257,,,,,,,,
16.495068493150686,16.54046,2.861919040824888,2.8645103,,,,,,,,
12.31220930232558,13.6178255,2.5886816067861984,2.6822417,,,,,,,,
17.737413793103453,17.416708,2.9305222626498044,2.9132583,,,,,,,,
34.43283582089551,34.370457,3.567638955778647,3.565877,,,,,,,,
13.758433734939757,14.061962,2.69181469802269,2.7121725,,,,,,,,
14.834444444444435,15.600998,2.762187595348901,2.8094628,,,,,,,,
43.316,19.687996,3.7913457856584265,3.0295537,,,,,,,,
14.103999999999997,14.0542,2.7149596094031447,2.711657,,,,,,,,
14.447674418604652,14.536016,2.7374584689463606,2.743161,,,,,,,,
15.12962962962963,16.083866,2.7806579302882284,2.8381345,,,,,,,,
34.925483870967724,32.362244,3.581446900794849,3.5074248,,,,,,,,
12.419042553191494,12.997117,2.596674784228741,2.6388514,,,,,,,,
17.855999999999998,18.151676,2.93683116563383,2.9523902,,,,,,,,
13.768571428571432,14.013825,2.69250137071258,2.7089715,,,,,,,,
16.580000000000013,16.843431,2.8667618922570317,2.8816354,,,,,,,,
14.359491525423739,15.022408,2.731733623358024,2.7739882,,,,,,,,
15.444947368421055,17.207294,2.8000182791750325,2.9018223,,,,,,,,
15.703703703703699,16.434835,2.815630473498349,2.8584702,,,,,,,,
33.382631578947375,41.848633,3.537551540915636,3.7576737,,,,,,,,
13.600000000000001,13.975373,2.681021528714291,2.706407,,,,,,,,
16.353870967741937,19.19615,2.853815592040091,3.005492,,,,,,,,
16.362253521126757,16.364958,2.8542985119322823,2.8544543,,,,,,,,
13.513580246913588,13.253655,2.675084779872324,2.6570134,,,,,,,,
24.79848837209303,18.473577,3.250315899982145,2.9690585,,,,,,,,
14.778846153846153,16.245354,2.758670191948718,2.8475428,,,,,,,,
14.424545454545457,15.225718,2.735960101256478,2.7865975,,,,,,,,
13.726249999999999,13.939972,2.689631615578192,2.7040403,,,,,,,,
16.183333333333344,18.630493,2.8439399217948598,2.9770842,,,,,,,,
17.32253521126761,17.6934,2.908131734566198,2.9281704,,,,,,,,
17.457647058823532,17.628223,2.9154787593485936,2.9246778,,,,,,,,
16.807397260273973,18.014647,2.8796139473899616,2.9452095,,,,,,,,
17.614285714285717,17.214037,2.9239293350754862,2.9021926,,,,,,,,
15.38313253012048,15.448528,2.796252301295761,2.800236,,,,,,,,
18.012421052631577,18.272469,2.9450925051839736,2.9586775,,,,,,,,
41.99806451612904,34.572693,3.7611551034277126,3.5715783,,,,,,,,
13.342112676056336,14.169729,2.6632001517993684,2.719302,,,,,,,,
15.968358208955227,16.540176,2.83135032789264,2.864494,,,,,,,,
51.59840579710145,24.745014,3.96268581124447,3.248241,,,,,,,,
22.428620689655165,22.450571,3.1539583813739074,3.1548948,,,,,,,,
17.414864864864864,17.140303,2.9131582115516053,2.8981361,,,,,,,,
19.702638888888895,19.998539,3.030261174701132,3.044453,,,,,,,,
14.039218749999996,14.515469,2.710661372358685,2.7418375,,,,,,,,
18.79972972972973,19.394451,2.9856682875936773,3.0152628,,,,,,,,
22.431549295774648,22.373869,3.154083374779787,3.1516187,,,,,,,,
18.121643835616435,20.707602,2.950820878593777,3.0776625,,,,,,,,
23.767317073170734,22.937225,3.209524924077028,3.1754348,,,,,,,,
19.995060240963856,20.34535,3.0442871834325334,3.060834,,,,,,,,
19.178045977011493,18.988556,3.004595180554882,2.9951599,,,,,,,,
16.81329113924051,16.916079,2.8799448718771146,2.8856986,,,,,,,,
48.604109589041116,39.634075,3.904073684916392,3.704607,,,,,,,,
21.584,21.582745,3.117241690951188,3.117186,,,,,,,,
16.56790123456789,18.874407,2.866073443417413,2.9894328,,,,,,,,
45.4704,21.052652,3.838815550763736,3.093433,,,,,,,,
15.645142857142858,16.306816,2.8121184535760912,2.8511004,,,,,,,,
19.03,19.240044,2.997231149677727,3.007663,,,,,,,,
14.871969696969693,15.184156,2.7645546413275954,2.7840328,,,,,,,,
18.80963855421688,21.142553,2.9861686149214357,3.0975013,,,,,,,,
41.29241379310345,39.39285,3.7446077270157248,3.6986527,,,,,,,,
14.610441176470585,15.519922,2.7479399965540123,2.804567,,,,,,,,
22.106538461538456,20.87832,3.140115627759624,3.0854962,,,,,,,,
15.870449438202243,15.870186,2.8255635374716617,2.825548,,,,,,,,
19.244554455445545,22.314262,3.007885841607749,3.1490653,,,,,,,,
16.89416666666667,16.80974,2.8844747751910407,2.8797455,,,,,,,,
16.094693877551023,16.561998,2.838768115797325,2.8657374,,,,,,,,
33.27760563380282,15.731947,3.53449224396817,2.8173199,,,,,,,,
16.87426470588235,17.462337,2.883361952398737,2.9157329,,,,,,,,
19.67015384615384,20.132145,3.0286908166342337,3.0507953,,,,,,,,
16.893962264150943,17.761696,2.88446335226831,2.9318173,,,,,,,,
53.357831325301206,45.748108,3.995588693809079,3.8447738,,,,,,,,
17.140588235294114,16.765656,2.8981518716857124,2.8772671,,,,,,,,
18.88,20.131126,2.989714201228428,3.0507472,,,,,,,,
20.796321839080466,20.84744,3.08174123258176,3.0840838,,,,,,,,
14.0587323943662,14.228034,2.711958048468414,2.723138,,,,,,,,
15.985094339622641,16.592936,2.8323361558875337,2.8674974,,,,,,,,
12.795384615384615,13.754584,2.6243340880623647,2.6915538,,,,,,,,
19.68566265060241,23.048538,3.029440834720652,3.1800742,,,,,,,,
14.781449275362322,16.437325,2.7588351537456006,2.858613,,,,,,,,
12.465882352941176,12.475594,2.6001592534846854,2.6008801,,,,,,,,
21.44075,21.427784,3.1108785025558707,3.1103005,,,,,,,,
18.648767123287666,19.082779,2.9780145945294985,2.9998627,,,,,,,,
13.130266666666673,13.730486,2.6483190688939158,2.6899192,,,,,,,,
19.44091954022989,20.071053,3.0175387516146963,3.0479002,,,,,,,,
18.332432432432434,18.007057,2.961784122470114,2.9448104,,,,,,,,
18.673670886075946,20.012768,2.9792812385820344,3.0451303,,,,,,,,
14.16411764705882,14.387178,2.718931955937025,2.7335346,,,,,,,,
18.078235294117647,17.094723,2.9485481719165736,2.8956203,,,,,,,,
20.615,22.424603,3.073387518119595,3.153787,,,,,,,,
17.979452054794525,17.61641,2.943356923154642,2.9240434,,,,,,,,
11.932560975609762,13.165086,2.559748237797216,2.6507802,,,,,,,,
22.750000000000004,21.062708,3.1675825304806504,3.0938888,,,,,,,,
20.02153846153846,19.32505,3.045547553138668,3.0118542,,,,,,,,
22.066373626373622,25.054531,3.13837586981587,3.2601917,,,,,,,,
20.007121212121216,20.064623,3.044861485579308,3.047595,,,,,,,,
16.504054054054055,16.36813,2.8624325143320406,2.854637,,,,,,,,
12.394999999999998,13.398565,2.594881502996572,2.6671286,,,,,,,,
16.94846153846154,17.55027,2.887504403097431,2.9204843,,,,,,,,
20.708545454545458,20.25122,3.077705982776282,3.0564144,,,,,,,,
19.69223684210526,23.37937,3.0297585981469624,3.1937373,,,,,,,,
21.46524590163935,21.080359,3.111969488451059,3.0946884,,,,,,,,
16.18434782608696,17.065332,2.8439989593976125,2.8939948,,,,,,,,
15.701477272727274,16.449116,2.8154971749551505,2.859289,,,,,,,,
11.649999999999997,12.663261,2.537657215173529,2.6147106,,,,,,,,
13.444657534246577,14.935813,2.6703246253814648,2.768569,,,,,,,,
14.593055555555557,15.2728615,2.7468256584486785,2.7894988,,,,,,,,
17.458399999999997,21.579803,2.9155195514288166,3.117056,,,,,,,,
30.66494117647059,35.811417,3.455210112283756,3.605808,,,,,,,,
15.989220779220787,17.637691,2.8325790711371277,2.925186,,,,,,,,
16.149333333333338,17.441582,2.8419593001644525,2.914608,,,,,,,,
16.711896551724138,17.901043,2.8742365353735777,2.939217,,,,,,,,
18.146206896551725,18.938807,2.9521046227204346,2.992668,,,,,,,,
16.945542168674702,17.07806,2.8873417369419863,2.894699,,,,,,,,
14.854857142857142,15.487246,2.763475897723111,2.802587,,,,,,,,
16.253999999999998,15.645752,2.848044000654387,2.812155,,,,,,,,
13.273188405797102,13.682922,2.6583828407144443,2.686685,,,,,,,,
18.960352941176478,20.509888,2.993747953150657,3.0685127,,,,,,,,
13.258666666666668,13.703504,2.657364908978321,2.6880858,,,,,,,,
16.19346153846154,16.90067,2.8445291684339966,2.884838,,,,,,,,
13.02592105263158,13.129046,2.6409071214543305,2.6482327,,,,,,,,
18.83481481481481,23.665981,2.987438717639111,3.205425,,,,,,,,
19.218181818181822,19.110224,3.006582289578057,3.0012283,,,,,,,,
10.448666666666666,12.151674,2.4378732748935605,2.576549,,,,,,,,
16.32257142857143,16.450289,2.852010357967179,2.8593562,,,,,,,,
19.057719298245612,19.081644,2.998614082064434,2.9998062,,,,,,,,
19.303421052631585,22.844728,3.010789396609216,3.1715631,,,,,,,,
16.673863636363635,17.255508,2.872086917572308,2.9044669,,,,,,,,
19.583902439024396,19.932114,3.024509335317239,3.0412846,,,,,,,,
25.94845360824742,21.966904,3.2939259156807843,3.1340542,,,,,,,,
17.334302325581397,17.512913,2.908773749290253,2.9184685,,,,,,,,
53.061818181818204,40.260635,3.99012817294678,3.719909,,,,,,,,
18.296296296296294,19.041882,2.959913175749038,2.9978242,,,,,,,,
12.859393939393946,13.209217,2.628963265489236,2.6538908,,,,,,,,
17.708961038961043,16.782637,2.929002609025355,2.8782225,,,,,,,,
14.527594936708864,13.886226,2.7426187595339897,2.7004364,,,,,,,,
12.985060240963858,13.038931,2.637989634185858,2.6418343,,,,,,,,
45.84848484848485,40.852753,3.846918667680887,3.7341576,,,,,,,,
11.870253164556962,12.866609,2.5549186923203124,2.6294837,,,,,,,,
15.491612903225814,14.66004,2.802851942778368,2.7511122,,,,,,,,
13.499710144927535,13.149482,2.6741286592217284,2.649678,,,,,,,,
16.649036144578307,17.231777,2.870681172515826,2.903166,,,,,,,,
16.948522727272724,17.091871,2.8875078122312305,2.8954628,,,,,,,,
38.68507462686567,39.69501,3.680975163021496,3.7061055,,,,,,,,
14.942555555555554,14.657326,2.7689919839467443,2.750939,,,,,,,,
17.943170731707305,16.886518,2.941443483023612,2.8840473,,,,,,,,
16.38823529411764,15.794764,2.85579384501783,2.821067,,,,,,,,
28.176756756756756,19.048319,3.3733723908159035,2.9981453,,,,,,,,
16.583000000000002,16.159918,2.866932526162402,2.8425763,,,,,,,,
14.528684210526313,14.956876,2.742688907912856,2.7698898,,,,,,,,
14.899999999999997,14.613807,2.7663191092261856,2.7481556,,,,,,,,
13.380714285714284,13.215862,2.665888023222999,2.6543584,,,,,,,,
18.359871794871793,17.939945,2.963202459660791,2.9412732,,,,,,,,
14.890612244897957,15.153833,2.7657285100076114,2.7821574,,,,,,,,
13.7,13.305916,2.6878474937846906,2.6606731,,,,,,,,
16.148255813953487,15.703548,2.841896466629677,2.8156211,,,,,,,,
12.764999999999993,13.072647,2.62212913859457,2.644233,,,,,,,,
14.976351351351362,14.018187,2.771109588319816,2.709262,,,,,,,,
14.373387096774193,13.809143,2.732637903914894,2.6952448,,,,,,,,
15.216842105263154,15.152458,2.7860503383183244,2.7820723,,,,,,,,
56.44386363636362,56.32534,4.050808186342126,4.048743,,,,,,,,
13.59746666666667,13.628043,2.680847997676916,2.6829405,,,,,,,,
15.891506849315068,15.699617,2.82681094231183,2.8153858,,,,,,,,
13.942567567567568,13.479147,2.7042140235442664,2.6727095,,,,,,,,
12.567692307692306,12.229999,2.607691400998498,2.5824869,,,,,,,,
13.03792207792208,12.915631,2.6417623874965623,2.6330128,,,,,,,,
14.397575757575762,13.670934,2.73421007868878,2.6858683,,,,,,,,
39.807419354838714,42.303318,3.708863911810288,3.7682292,,,,,,,,
16.60367088607595,15.972805,2.868107453368264,2.8316123,,,,,,,,
12.390410958904107,12.504939,2.5945388507111296,2.6030555,,,,,,,,
15.846249999999998,14.975288,2.824128080101232,2.771043,,,,,,,,
16.02797619047619,15.131031,2.834857649707716,2.7807448,,,,,,,,
12.302500000000002,12.958014,2.5879519874883874,2.6360538,,,,,,,,
13.130617283950619,12.937732,2.648343881796766,2.6345997,,,,,,,,
15.530666666666672,15.723619,2.805217241731509,2.816822,,,,,,,,
29.600999999999996,27.703196,3.421032688162926,3.3570085,,,,,,,,
12.11281690140845,12.024393,2.5735901413166267,2.566824,,,,,,,,
16.362272727272728,15.025648,2.8542996181328872,2.7741904,,,,,,,,
14.682061855670106,13.771983,2.7525175021747623,2.6927323,,,,,,,,
14.66721649484536,14.3012295,2.7515704078417804,2.7279332,,,,,,,,
14.671866666666668,13.741047,2.7518671728640034,2.690636,,,,,,,,
15.469999999999995,15.056696,2.8015405441895487,2.776126,,,,,,,,
12.739571428571427,12.784482,2.62028009479183,2.6235435,,,,,,,,
16.073636363636375,14.826105,2.837535540694476,2.7616608,,,,,,,,
11.875061728395059,12.086237,2.555292240976758,2.571561,,,,,,,,
11.096,11.717321,2.4928748194371773,2.542965,,,,,,,,
15.684545454545457,14.914054,2.8144828690720103,2.7672026,,,,,,,,
14.950178571428573,14.342216,2.769470024869033,2.7306082,,,,,,,,
14.747719298245615,14.365025,2.7566955483255784,2.7320938,,,,,,,,
11.007499999999999,11.43896,2.4855314545568423,2.5208335,,,,,,,,
13.765952380952376,15.339972,2.692324015719975,2.7936144,,,,,,,,
13.367796610169494,13.313476,2.6649893557086406,2.6612015,,,,,,,,
11.219833333333334,11.796228,2.5030603148070134,2.5491505,,,,,,,,
15.338153846153837,15.06085,2.793503099337201,2.7763846,,,,,,,,
17.383333333333336,21.732092,2.911444457031402,3.1237776,,,,,,,,
16.773749999999996,16.808172,2.877722649728447,2.8796575,,,,,,,,
18.297538461538462,17.465076,2.9599775469238843,2.9158812,,,,,,,,
15.752530120481929,15.802063,2.818549298832946,2.8215017,,,,,,,,
15.017619047619046,14.783988,2.7736893068504807,2.758996,,,,,,,,
17.891999999999996,17.377636,2.9387385520338705,2.9111345,,,,,,,,
17.73913043478261,16.738699,2.930613874174598,2.8757486,,,,,,,,
13.238356164383562,13.606548,2.6559394614259504,2.68147,,,,,,,,
15.916500000000003,15.508284,2.828289476988505,2.8038623,,,,,,,,
20.270249999999983,18.576473,3.057309382786701,2.9743285,,,,,,,,
20.631111111111114,20.011055,3.0741326076290343,3.0450487,,,,,,,,
14.900138888888897,14.098549,2.7663278443382797,2.7145987,,,,,,,,
14.368690476190476,13.736475,2.732332353933172,2.6903257,,,,,,,,
14.689333333333336,13.719638,2.752981075933573,2.6891825,,,,,,,,
15.264772727272728,15.076441,2.7890015867119646,2.777355,,,,,,,,
18.9431914893617,17.7685,2.992887806358297,2.93218,,,,,,,,
45.38906666666668,42.54545,3.837063799282677,3.7738051,,,,,,,,
17.34256097560975,15.504805,2.9092240958806967,2.8036516,,,,,,,,
15.005833333333346,14.216174,2.772953239128761,2.722359,,,,,,,,
17.137878787878787,16.747417,2.8980025022308986,2.87624,,,,,,,,
15.050240963855426,13.828572,2.7757238627876517,2.6965559,,,,,,,,
19.662000000000006,17.850096,3.028296264427254,2.936518,,,,,,,,
14.569154929577468,14.432997,2.745291708815933,2.736508,,,,,,,,
16.855584415584417,15.729713,2.882316311711229,2.8171864,,,,,,,,
13.115454545454549,12.900554,2.647270264194708,2.6319287,,,,,,,,
15.497462686567157,15.042763,2.8032065925100182,2.7752578,,,,,,,,
14.949999999999992,14.459122,2.769458829230853,2.7381992,,,,,,,,
15.036619718309858,15.309792,2.774874839475666,2.7917657,,,,,,,,
18.759452054794522,17.964802,2.9836319619147176,2.9425848,,,,,,,,
13.98148148148148,13.913775,2.706814870494217,2.7022853,,,,,,,,
18.028507462686576,17.964956,2.9459382474748,2.9425929,,,,,,,,
24.128933333333336,25.927763,3.224019904706908,3.2931578,,,,,,,,
21.953333333333337,27.598349,3.133463169242268,3.353349,,,,,,,,
24.55379746835443,24.847076,3.240785934503945,3.2521975,,,,,,,,
18.414666666666662,18.310589,2.966028794180548,2.9606535,,,,,,,,
47.974920634920636,29.955294,3.891308343306997,3.432544,,,,,,,,
19.847599999999993,21.483372,3.037238833705717,3.112776,,,,,,,,
21.15440476190477,20.782028,3.098036337303608,3.0810852,,,,,,,,
19.685365853658535,19.613096,3.0294264866633465,3.0259266,,,,,,,,
44.452386363636386,44.003212,3.816665324495661,3.8067338,,,,,,,,
18.920568181818172,19.010733,2.991752774933317,2.9962687,,,,,,,,
15.694444444444446,16.349234,2.8150759960790976,2.8535483,,,,,,,,
17.652631578947364,19.015518,2.9259872395644853,2.996508,,,,,,,,
23.60803571428572,23.244556,3.203073044650436,3.1881921,,,,,,,,
16.269594594594594,17.356022,2.848947417337288,2.9099576,,,,,,,,
25.425466666666665,26.221615,3.2743281916445146,3.3040113,,,,,,,,
22.009999999999994,22.215391,3.135928904047274,3.1448154,,,,,,,,
15.656506024096394,16.773697,2.812800892300676,2.8777196,,,,,,,,
22.944722222222218,23.560026,3.175747933068367,3.2011201,,,,,,,,
15.957529411764707,16.351234,2.8307119482764995,2.8536637,,,,,,,,
24.389444444444443,24.10855,3.2343335145967105,3.2232084,,,,,,,,
14.354999999999995,15.558981,2.7314411538927854,2.8069286,,,,,,,,
17.73225806451613,18.37039,2.930247067892858,2.9637456,,,,,,,,
21.949425287356323,23.702482,3.133292894247741,3.2069037,,,,,,,,
20.348607594936706,22.081846,3.0609865195120936,3.1390464,,,,,,,,
13.412499999999998,14.327171,2.6680958855951773,2.7296271,,,,,,,,
20.903857142857156,21.216337,3.086662746558844,3.100828,,,,,,,,
23.812068965517234,23.692078,3.2113301866297084,3.2064824,,,,,,,,
38.6349333333333,41.452778,3.67971088427265,3.7483923,,,,,,,,
23.040666666666674,23.788748,3.179746840841008,3.2103899,,,,,,,,
29.07712765957447,29.092756,3.4037650044814325,3.4042845,,,,,,,,
25.088400000000007,24.947645,3.261490771089498,3.2560809,,,,,,,,
24.267499999999995,26.029907,3.2295189849666803,3.296944,,,,,,,,
29.448913043478264,25.797417,3.4160502970812776,3.2883055,,,,,,,,
23.143333333333334,24.440338,3.184008289539125,3.236336,,,,,,,,
27.095205479452048,25.940838,3.335598938274809,3.2936432,,,,,,,,
18.68236842105264,20.22405,2.97972323098124,3.055135,,,,,,,,
27.68076923076923,29.504053,3.356226836528267,3.4178596,,,,,,,,
30.990422535211266,28.261333,3.4654365622271595,3.376267,,,,,,,,
15.009740259740266,15.8349285,2.773197303250552,2.8234558,,,,,,,,
28.131184210526317,26.662617,3.371809222754946,3.320082,,,,,,,,
29.853281249999995,27.069456,3.4292431061216773,3.334682,,,,,,,,
25.531594202898553,29.046522,3.278336256917164,3.402747,,,,,,,,
30.212142857142858,26.495525,3.440807213238237,3.3140233,,,,,,,,
20.99892857142857,20.568018,3.090993750873668,3.0712116,,,,,,,,
31.874594594594598,28.136929,3.492700158698534,3.3720064,,,,,,,,
47.76295081967213,28.534796,3.886970820002489,3.385569,,,,,,,,
24.4545,24.88,3.236892544654999,3.2534704,,,,,,,,
30.32516666666667,27.219448,3.4444218213319577,3.3400114,,,,,,,,
29.01134831460675,27.179678,3.401575587286949,3.338601,,,,,,,,
24.16372093023256,23.328836,3.2254033116062533,3.1916623,,,,,,,,
26.39688311688312,25.301449,3.3104292520651697,3.269624,,,,,,,,
27.73054794520548,25.93819,3.3579609450406336,3.293545,,,,,,,,
20.972638888888884,22.215296,3.0897979924692893,3.1448114,,,,,,,,
32.72857142857142,27.576096,3.518345295036154,3.3525705,,,,,,,,
28.20633333333334,26.648626,3.3743855807330903,3.319576,,,,,,,,
22.090845070422535,22.173937,3.1394362216755662,3.1430283,,,,,,,,
12.8527397260274,14.084333,2.6284830272243105,2.7136567,,,,,,,,
23.434772727272726,23.980286,3.196007229564589,3.218087,,,,,,,,
28.958488372093022,29.709667,3.3998127025060696,3.4245775,,,,,,,,
25.31382716049384,29.019278,3.270094548574193,3.4018397,,,,,,,,
39.20205479452053,19.679377,3.69391810861024,3.029137,,,,,,,,
20.68203703703703,22.800045,3.076484131430475,3.1696875,,,,,,,,
26.82837209302325,27.52279,3.3260560791457565,3.3507035,,,,,,,,
28.770434782608696,27.31192,3.3935157796442046,3.343283,,,,,,,,
28.682926829268304,28.896868,3.3905720262832197,3.3977537,,,,,,,,
30.03529411764705,26.630878,3.4351250767869432,3.318934,,,,,,,,
26.159518072289153,27.308222,3.3017275585083685,3.3431523,,,,,,,,
25.892142857142854,25.570316,3.2918341568469884,3.2797947,,,,,,,,
23.899090909090905,23.853992,3.2148312931291034,3.2130184,,,,,,,,
24.114124999999987,23.568008,3.223430436857881,3.201445,,,,,,,,
26.208275862068962,26.378283,3.303521186659264,3.30975,,,,,,,,
11.932441860465122,12.859833,2.5597390272709,2.628995,,,,,,,,
19.253731343283583,19.956688,3.008339040443903,3.0424578,,,,,,,,
22.325555555555564,22.204788,3.149549564480012,3.1443586,,,,,,,,
43.835806451612896,49.461098,3.803007071341897,3.9212027,,,,,,,,
22.694418604651162,23.641266,3.1652395184927022,3.2044225,,,,,,,,
19.808349514563112,23.070198,3.035354325129613,3.1809745,,,,,,,,
27.333999999999996,26.465595,3.344062496957159,3.3129342,,,,,,,,
24.902068965517252,27.08133,3.254322848353532,3.335105,,,,,,,,
26.781034482758624,26.12507,3.324353575033104,3.3004584,,,,,,,,
29.136075949367093,27.041182,3.405722990607134,3.3336742,,,,,,,,
26.555949367088605,27.847624,3.31621846027421,3.3620276,,,,,,,,
28.05415384615384,26.326124,3.36916146261647,3.3078432,,,,,,,,
26.65824324324324,25.675373,3.319923811683208,3.2837408,,,,,,,,
23.224473684210516,23.317911,3.187363431398833,3.1912131,,,,,,,,
16.546666666666667,16.327065,2.864863998348952,2.8522696,,,,,,,,
33.737307692307695,24.66112,3.547814259027611,3.244977,,,,,,,,
17.563684210526315,17.659664,2.921207210381319,2.9263642,,,,,,,,
28.292093023255823,29.16922,3.3773176169160197,3.4068222,,,,,,,,
23.48461538461538,23.934402,3.1980449768265102,3.2162485,,,,,,,,
21.707936507936502,21.650091,3.1227144892827505,3.120164,,,,,,,,
39.896623376623374,24.651657,3.711047501611886,3.2446082,,,,,,,,
20.501785714285713,22.548176,3.068135988163024,3.1590483,,,,,,,,
21.062025316455692,21.42147,3.0938578190606143,3.110019,,,,,,,,
15.855000000000004,16.81808,2.824647348686024,2.8802137,,,,,,,,
22.885714285714293,23.388968,3.173280551595288,3.194131,,,,,,,,
18.742765957446807,18.290308,2.9827871436143893,2.9596028,,,,,,,,
19.759999999999998,19.82596,3.033028058297688,3.0362003,,,,,,,,
19.505617977528086,19.18145,3.020698896284452,3.0047638,,,,,,,,
18.154499999999995,19.5517,2.9525376749667167,3.0229437,,,,,,,,
20.244782608695655,20.287724,3.056111340927726,3.0581305,,,,,,,,
17.90200000000001,18.665617,2.939267736572865,2.9788718,,,,,,,,
22.48177215189874,23.45165,3.1562244670649027,3.1966977,,,,,,,,
16.825142857142854,18.037245,2.880609980694211,2.9463973,,,,,,,,
15.966315789473686,16.124826,2.8312299542898702,2.8405292,,,,,,,,
12.206206896551725,12.651428,2.580686938509547,2.6138442,,,,,,,,
19.352432432432426,28.18484,3.01320043459474,3.3736494,,,,,,,,
18.83042253521127,18.357061,2.9872172501822174,2.9630573,,,,,,,,
19.20736842105263,19.52847,3.0060473112129835,3.0218127,,,,,,,,
17.27205882352941,17.470236,2.905373052794677,2.9161606,,,,,,,,
21.84830985915494,23.123484,3.128877147827948,3.1831858,,,,,,,,
19.532500000000006,20.003056,3.0220089966322106,3.044668,,,,,,,,
49.50581395348837,44.349255,3.9220884574464674,3.8143938,,,,,,,,
16.160000000000004,16.359138,2.8425810940598164,2.854119,,,,,,,,
37.467560975609764,28.373842,3.6498153140683,3.3801045,,,,,,,,
21.946999999999996,20.820112,3.1331872090078385,3.082832,,,,,,,,
23.87375,25.13265,3.2138130305257384,3.2631855,,,,,,,,
22.154328358208954,22.99444,3.1421817331725266,3.177822,,,,,,,,
20.38666666666667,20.179205,3.0627676748901496,3.0530198,,,,,,,,
24.27805970149254,23.751059,3.2299368140186697,3.2088683,,,,,,,,
20.68695652173914,22.193012,3.076710997876732,3.143851,,,,,,,,
16.855714285714285,17.22677,2.882323585046817,2.9028914,,,,,,,,
19.433529411764717,19.764297,3.017177150236076,3.033235,,,,,,,,
18.37826666666666,19.123413,2.964152163178203,3.001884,,,,,,,,
18.439777777777774,18.515705,2.9673213677826857,2.9712195,,,,,,,,
17.604166666666664,19.341272,2.923385569968608,3.012652,,,,,,,,
30.564931506849312,24.810522,3.452046741909087,3.2507823,,,,,,,,
17.258108108108114,17.860003,2.904609261261744,2.9370434,,,,,,,,
19.52257142857143,19.692722,3.021525325734723,3.029782,,,,,,,,
15.909999999999993,15.996819,2.8279051629104885,2.8330262,,,,,,,,
18.925138888888892,18.205536,2.9919821952361194,2.9551985,,,,,,,,
16.38958333333333,17.16806,2.8558713679488,2.899665,,,,,,,,
17.506233766233763,18.498684,2.918107635662855,2.970347,,,,,,,,
16.5913043478261,17.102564,2.867404708804496,2.8960536,,,,,,,,
15.814698795180721,19.840662,2.8222534321671344,3.036906,,,,,,,,
19.09675,18.941654,3.000558110449255,2.9928107,,,,,,,,
16.045875000000002,17.990719,2.8359082389745445,2.9439504,,,,,,,,
17.249610389610393,17.50986,2.9041437312861187,2.9183035,,,,,,,,
18.616428571428568,18.056934,2.976367407569202,2.947431,,,,,,,,
18.7204054054054,19.45678,2.981653907046613,3.0183144,,,,,,,,
18.76852459016393,18.957273,2.9840910056755563,2.9935937,,,,,,,,
20.68076923076924,21.722755,3.0764256570660478,3.1233668,,,,,,,,
14.647820512820513,16.277266,2.7503316429314646,2.8493915,,,,,,,,
17.528571428571432,18.969116,2.919313942267085,2.9941869,,,,,,,,
14.269629629629632,15.6327305,2.725865864164263,2.8113725,,,,,,,,
19.899999999999995,20.271513,3.039749158970765,3.0573688,,,,,,,,
15.370227272727266,16.172863,2.7954642747764225,2.8433304,,,,,,,,
16.253424657534246,18.99553,2.848010654644274,2.9955087,,,,,,,,
16.20915662650602,17.040993,2.8454416041711905,2.8926466,,,,,,,,
17.898125,18.972301,2.939062710795115,2.9943464,,,,,,,,
15.87060240963855,16.044727,2.825572604849703,2.835841,,,,,,,,
18.738701298701304,18.125652,2.98258124150171,2.9510305,,,,,,,,
19.25565217391305,20.311068,3.0084338743053016,3.0592265,,,,,,,,
17.219459459459465,17.582144,2.902490223963595,2.9222012,,,,,,,,
17.151458333333334,17.509867,2.8987509064270416,2.918304,,,,,,,,
17.054117647058824,17.224377,2.8933737832532485,2.90276,,,,,,,,
22.65561403508772,21.708559,3.1636004666869293,3.122742,,,,,,,,
21.495833333333344,22.712017,3.113330106876296,3.165982,,,,,,,,
22.366666666666653,25.595936,3.151310505372434,3.2807584,,,,,,,,
16.865625,17.526257,2.882878475470199,2.919189,,,,,,,,
21.153000000000002,22.576927,3.0979729275005385,3.1602685,,,,,,,,
19.622857142857143,20.4534,3.0264000307192744,3.0658832,,,,,,,,
39.26638888888888,42.38535,3.695517098354064,3.7701218,,,,,,,,
16.48,16.011486,2.8610573702273894,2.8338888,,,,,,,,
17.31269841269842,17.461452,2.9075947215417117,2.915685,,,,,,,,
41.429750000000006,16.385654,3.747849767139369,2.8556454,,,,,,,,
19.48742857142857,19.340776,3.019811457617431,3.0126276,,,,,,,,
18.70280898876404,19.357864,2.980761213841337,3.0134673,,,,,,,,
21.83999999999999,21.388933,3.128513384787809,3.1085668,,,,,,,,
11.558988764044942,13.190153,2.53043664538195,2.6525483,,,,,,,,
19.39057142857143,19.561243,3.015072609135871,3.023408,,,,,,,,
20.393205128205135,20.858366,3.0630733542349,3.0845838,,,,,,,,
16.70566666666667,17.436918,2.8738847390016304,2.914355,,,,,,,,
17.656222222222222,17.966877,2.926179721665655,2.9426942,,,,,,,,
19.517500000000002,19.867945,3.0212781805217297,3.0382142,,,,,,,,
20.754109589041104,20.47297,3.0798026863091077,3.0667949,,,,,,,,
16.534285714285716,18.26135,2.8641581479056377,2.9581006,,,,,,,,
20.157205882352937,20.39719,3.0519805511233247,3.0632596,,,,,,,,
28.82741176470588,21.379887,3.3954278285774024,3.1081626,,,,,,,,
18.215675675675683,17.83289,2.95572638736816,2.9356048,,,,,,,,
15.547719298245614,16.552488,2.806248285574318,2.8651958,,,,,,,,
19.927887323943665,18.902279,3.041082591274422,2.9908342,,,,,,,,
21.236969696969695,21.37342,3.101756205466218,3.1078737,,,,,,,,
26.610294117647058,32.550877,3.318188678462183,3.513063,,,,,,,,
20.418227848101257,20.388126,3.064242328081649,3.062836,,,,,,,,
20.370735294117647,20.289276,3.0620224765125266,3.0582035,,,,,,,,
32.837931034482764,21.952753,3.521582393225974,3.1334379,,,,,,,,
12.38867924528302,13.543491,2.594409517443248,2.6771436,,,,,,,,
40.90212121212123,37.804573,3.735336451234279,3.658538,,,,,,,,
25.310117647058824,23.835293,3.269953566614185,3.2122657,,,,,,,,
24.354878048780492,28.13884,3.2329711394850897,3.372072,,,,,,,,
23.205108695652175,23.410015,3.186563714009634,3.1949935,,,,,,,,
23.005588235294116,23.298332,3.1782866463814443,3.1904078,,,,,,,,
24.169583333333332,23.862877,3.225636254911409,3.2133758,,,,,,,,
19.97507246376811,20.338217,3.043334707115746,3.0604997,,,,,,,,
23.86857142857143,23.977749,3.2136048146122644,3.2179854,,,,,,,,
18.789324324324323,19.173277,2.985142616753914,3.0043588,,,,,,,,
22.128000000000004,21.71776,3.141044004714045,3.123147,,,,,,,,
11.928876404494387,12.838681,2.5594632906702524,2.6274676,,,,,,,,
25.563589743589745,25.370787,3.2795414714841327,3.2722569,,,,,,,,
26.333717948717947,24.762022,3.3081210297917027,3.2489014,,,,,,,,
20.321052631578947,20.041048,3.0596949710422043,3.0464752,,,,,,,,
21.665942028985505,21.110163,3.1208634466875047,3.0960374,,,,,,,,
18.989850746268644,19.61712,2.995224682064657,3.0261219,,,,,,,,
24.17395604395604,28.280008,3.2258099697788096,3.376905,,,,,,,,
25.460379746835443,24.346472,3.2756485103160786,3.2326396,,,,,,,,
17.613191489361707,17.81701,2.923870549199756,2.9347613,,,,,,,,
24.65791666666666,24.421844,3.2448521659719507,3.2356088,,,,,,,,
21.43149253731343,20.406359,3.1104658883295944,3.063688,,,,,,,,
21.996,23.377834,3.1353202877610444,3.1936743,,,,,,,,
23.73610169491526,23.40429,3.208263783607559,3.194759,,,,,,,,
22.926736842105264,25.069916,3.174996529985415,3.260782,,,,,,,,
19.53924050632911,20.180466,3.022337227493943,3.0530794,,,,,,,,
25.049213483146072,27.032785,3.259987575158007,3.3333747,,,,,,,,
24.643199999999997,24.674107,3.244278429257174,3.245483,,,,,,,,
21.121666666666673,21.595562,3.096557520410056,3.1177535,,,,,,,,
24.718421052631577,25.192356,3.247207507618404,3.2654676,,,,,,,,
20.17321428571429,20.145233,3.052736905728876,3.0514145,,,,,,,,
21.43078124999999,21.135714,3.110434178509585,3.0971923,,,,,,,,
20.0,21.47744,3.044522437723423,3.112512,,,,,,,,
25.866235294117644,24.581207,3.2908703046653613,3.241858,,,,,,,,
22.845888888888894,24.53886,3.1716118288448154,3.2402012,,,,,,,,
25.96897959183673,26.37126,3.2946873015021283,3.3094935,,,,,,,,
23.659230769230774,23.455627,3.205151303787822,3.1968603,,,,,,,,
25.787564102564104,24.362286,3.287937753799692,3.2332633,,,,,,,,
19.500606060606057,19.674934,3.020454449639361,3.028922,,,,,,,,
24.437313432835825,24.121124,3.236217128840225,3.223709,,,,,,,,
21.603076923076927,21.132072,3.118086044049875,3.0970278,,,,,,,,
59.89106060606062,53.474926,4.109086375863605,3.9977405,,,,,,,,
24.658421052631574,24.431276,3.244871823881589,3.2359798,,,,,,,,
23.95287356321839,23.828278,3.216988988440126,3.2119832,,,,,,,,
24.42925373134328,24.40835,3.235900233008274,3.2350779,,,,,,,,
21.472666666666676,21.846365,3.1122997559099,3.128792,,,,,,,,
16.10721518987342,17.980865,2.839500315444843,2.9434314,,,,,,,,
25.643529411764707,24.555464,3.2825463223233724,3.2408512,,,,,,,,
24.87351351351352,26.979609,3.2532198011821896,3.331476,,,,,,,,
14.468048780487804,15.667578,2.738776527379062,2.8134654,,,,,,,,
24.459324324324328,24.901745,3.2370820540624257,3.2543104,,,,,,,,
17.160588235294117,17.490513,2.899253764459894,2.9172578,,,,,,,,
24.92875,32.976814,3.255352391678218,3.5256784,,,,,,,,
12.8575,13.885776,2.6288266023118227,2.700406,,,,,,,,
26.856172839506176,27.739235,3.327054587756231,3.3582633,,,,,,,,
23.28227272727273,23.36745,3.189746566723017,3.1932483,,,,,,,,
14.453600000000002,15.881363,2.7378419859099465,2.8262103,,,,,,,,
15.436516853932584,15.385757,2.7995054969816247,2.7964125,,,,,,,,
21.461216216216222,21.96179,3.1117900981655136,3.1338315,,,,,,,,
42.26409638554217,44.137024,3.7673231082643137,3.8097029,,,,,,,,
11.374193548387094,12.435676,2.5156131385241367,2.5979135,,,,,,,,
17.39675675675675,17.24684,2.9121743858590112,2.903992,,,,,,,,
15.839878048780488,17.08736,2.8237497670290805,2.8952134,,,,,,,,
22.353454545454543,22.844034,3.150744919444079,3.171534,,,,,,,,
18.173417721518984,17.893862,2.953524826065958,2.938837,,,,,,,,
19.5604938271605,19.632336,3.0233714591292804,3.0268595,,,,,,,,
16.982736842105258,17.381685,2.8894122333722247,2.9113548,,,,,,,,
17.45820895522388,17.400478,2.9155092013570454,2.9123766,,,,,,,,
14.575999999999997,16.081337,2.7457312680698984,2.8379865,,,,,,,,
17.646153846153847,18.09825,2.925639896733623,2.9495966,,,,,,,,
18.348214285714295,17.572985,2.962600130241265,2.921708,,,,,,,,
28.583670886075947,30.420376,3.3872225498558723,3.4474566,,,,,,,,
19.629801980198017,21.691046,3.0267367284039386,3.1219704,,,,,,,,
15.10463768115942,16.005404,2.7791072852410177,2.8335311,,,,,,,,
37.80000000000002,19.13284,3.658420246629228,3.0023522,,,,,,,,
20.40643835616438,20.384144,3.0636917345438746,3.0626497,,,,,,,,
20.782500000000002,21.182453,3.081106895123305,3.0993016,,,,,,,,
20.762075471698125,20.457642,3.080168797572532,3.0660808,,,,,,,,
17.499999999999996,17.073864,2.917770732084279,2.8944669,,,,,,,,
12.993783783783782,14.004039,2.638613215567197,2.7083194,,,,,,,,
19.480434782608693,24.749882,3.019470029565527,3.24843,,,,,,,,
16.493406593406593,16.646093,2.86182404384424,2.8705144,,,,,,,,
17.936229508196725,18.856102,2.9410769923429614,2.9885113,,,,,,,,
19.705882352941178,19.187788,3.030417831541881,3.0050778,,,,,,,,
19.405131578947366,18.8224,3.0157864172048963,2.9868126,,,,,,,,
40.860606060606045,38.24349,3.734345195188392,3.6697855,,,,,,,,
31.741379310344833,19.775187,3.4886397002658667,3.0337594,,,,,,,,
13.591609195402299,13.741445,2.680446650859999,2.6906629,,,,,,,,
12.851694915254235,13.153932,2.6284076016986004,2.6499925,,,,,,,,
12.025,12.654856,2.5668705876394307,2.6140952,,,,,,,,
12.576764705882354,12.264757,2.608359854121235,2.5851107,,,,,,,,
12.99622641509434,14.066125,2.6387877515033686,2.7124488,,,,,,,,
61.35678571428569,61.312145,4.13287249883108,4.1321564,,,,,,,,
35.94540540540539,29.012278,3.609441293394789,3.4016066,,,,,,,,
14.427176470588238,14.134799,2.7361306600379645,2.7169967,,,,,,,,
13.798198198198198,13.143198,2.694505429993758,2.6492338,,,,,,,,
15.113253012048194,14.279149,2.7796421018232804,2.726489,,,,,,,,
12.579999999999997,12.567817,2.60859812213055,2.6077006,,,,,,,,
12.205714285714288,13.034045,2.580649636350867,2.6414862,,,,,,,,
13.713636363636361,13.946684,2.6887747075738826,2.7044895,,,,,,,,
13.984328358208957,13.532653,2.707004878823795,2.676398,,,,,,,,
12.487499999999999,12.818681,2.601763330584253,2.6260214,,,,,,,,
13.412499999999998,13.245957,2.6680958855951773,2.6564732,,,,,,,,
22.47935897435898,26.866892,3.15612169366554,3.3274393,,,,,,,,
13.330000000000002,13.640995,2.6623552418400807,2.6838255,,,,,,,,
17.3148275862069,16.897486,2.9077109823839504,2.8846602,,,,,,,,
13.539894736842102,12.916242,2.6768962325222283,2.6330566,,,,,,,,
15.452121212121213,15.4291115,2.800454417963284,2.7990549,,,,,,,,
13.641250000000007,14.263434,2.6838428874019478,2.72546,,,,,,,,
24.471923076923076,16.964039,3.237576789750184,2.888372,,,,,,,,
12.839473684210528,13.217801,2.627524920868913,2.6544948,,,,,,,,
14.16183673469388,13.608153,2.718781529517429,2.6815798,,,,,,,,
12.960281690140842,12.792836,2.636216275507497,2.6241493,,,,,,,,
14.42476744186047,14.081255,2.735974492975072,2.7134526,,,,,,,,
13.96318181818182,12.827145,2.7055926383125017,2.6266336,,,,,,,,
12.298554216867467,12.982148,2.5876553238201505,2.6377814,,,,,,,,
40.811728395061735,40.255013,3.733176883788407,3.7197726,,,,,,,,
14.84025974025974,14.009019,2.7625547839955087,2.7086513,,,,,,,,
13.60235294117647,13.117241,2.6811826760839086,2.6473968,,,,,,,,
15.247441860465116,13.992789,2.787935472411915,2.7075694,,,,,,,,
11.562380952380952,12.726153,2.530706709347006,2.619303,,,,,,,,
12.48,12.784482,2.601207105484161,2.6235435,,,,,,,,
14.497000000000002,16.61193,2.740646456805198,2.8685765,,,,,,,,
13.57707692307692,16.80004,2.67945022109496,2.8792007,,,,,,,,
12.020000000000008,12.058863,2.5664866367804238,2.569467,,,,,,,,
13.038313253012046,12.85861,2.641790252706081,2.6289067,,,,,,,,
12.756153846153847,12.960031,2.621486276438408,2.6361983,,,,,,,,
10.914999999999994,11.843862,2.477798110550705,2.552866,,,,,,,,
12.394999999999998,12.9304,2.594881502996572,2.6340735,,,,,,,,
13.312337662337663,19.209183,2.6611219388807124,3.0061371,,,,,,,,
12.579999999999997,13.546776,2.60859812213055,2.6773694,,,,,,,,
15.305970149253742,14.675347,2.7915313075787798,2.7520893,,,,,,,,
14.488604651162788,14.200478,2.7401045697491173,2.7213268,,,,,,,,
12.663404255319145,13.2965975,2.6147210365142803,2.6600215,,,,,,,,
11.5625,11.350557,2.5307161858192946,2.5137012,,,,,,,,
12.579999999999997,13.008418,2.60859812213055,2.6396585,,,,,,,,
11.742686567164187,12.817432,2.544957504456184,2.625931,,,,,,,,
13.129538461538461,13.331471,2.6482675324360336,2.662458,,,,,,,,
11.466352941176476,12.99675,2.523033250289457,2.6388252,,,,,,,,
13.042586206896557,12.691282,2.642094584404828,2.6167593,,,,,,,,
11.932500000000001,12.571864,2.559743522895533,2.6079988,,,,,,,,
13.407246376811594,12.549847,2.66773130062084,2.6063752,,,,,,,,
11.19264705882353,11.664266,2.5008330699460664,2.5387843,,,,,,,,
11.071309523809523,13.150696,2.490831523326247,2.6497638,,,,,,,,
11.47,11.426543,2.523325759691945,2.5198348,,,,,,,,
11.372000000000007,14.073199,2.5154358548228237,2.7129183,,,,,,,,
12.11341772151899,12.443244,2.5736359595684104,2.5984766,,,,,,,,
24.713835616438352,31.86243,3.2470291978765284,3.49233,,,,,,,,
12.667499999999995,13.696862,2.615020751787017,2.687634,,,,,,,,
14.837213114754096,14.410873,2.7623624311819506,2.7350733,,,,,,,,
13.25333333333333,12.887184,2.6569907974887346,2.6309664,,,,,,,,
13.04259259259259,13.005576,2.6420950391426152,2.6394556,,,,,,,,
14.791707317073168,14.306104,2.7594849488993893,2.7282517,,,,,,,,
12.487560975609759,13.156588,2.6017678514718843,2.65018,,,,,,,,
13.275593220338983,12.8110695,2.658551311269795,2.6254704,,,,,,,,
11.655000000000006,11.481686,2.538052393997088,2.5242624,,,,,,,,
12.302500000000002,12.070955,2.5879519874883874,2.5703926,,,,,,,,
57.656428571428584,50.14439,4.071697178153866,3.9346528,,,,,,,,
12.831063829787237,12.976429,2.626917064611839,2.6373723,,,,,,,,
11.465974025974027,12.7424965,2.523002854795047,2.620493,,,,,,,,
13.774909090909082,12.692392,2.692930410373678,2.6168404,,,,,,,,
12.302500000000002,12.095207,2.5879519874883874,2.5722463,,,,,,,,
12.783018867924527,12.564828,2.6234373176386323,2.6074803,,,,,,,,
12.85763157894737,12.386001,2.6288360974099785,2.5942094,,,,,,,,
11.657464788732396,13.333645,2.5382471430079607,2.6626096,,,,,,,,
12.626923076923076,11.798007,2.612047473849944,2.5492895,,,,,,,,
11.747499999999999,13.52239,2.5453351739471737,2.6756916,,,,,,,,
13.129538461538461,12.65972,2.6482675324360336,2.6144514,,,,,,,,
12.95,14.106096,2.6354795082673745,2.7150984,,,,,,,,
14.641617647058824,13.73076,2.7499351598874897,2.6899378,,,,,,,,
12.110222222222227,12.370066,2.573392248220982,2.5930183,,,,,,,,
13.220204081632657,13.049097,2.654663776004364,2.642558,,,,,,,,
14.088166666666664,13.274091,2.713910772136207,2.658446,,,,,,,,
12.04881355932204,12.832021,2.568697214641204,2.6269863,,,,,,,,
13.1022972972973,13.705271,2.6463377129989865,2.688206,,,,,,,,
16.262307692307687,17.120981,2.848525378473948,2.8970704,,,,,,,,
13.561379310344824,14.830962,2.67837277113502,2.7619677,,,,,,,,
16.579655172413794,16.655533,2.866742277298663,2.8710492,,,,,,,,
13.32000000000001,13.612658,2.6616571615325,2.681888,,,,,,,,
16.550862068965518,16.527056,2.8651030694442667,2.8637457,,,,,,,,
12.613793103448279,13.046491,2.6110834775728526,2.6423726,,,,,,,,
16.113389830508478,15.842356,2.839861188123651,2.823897,,,,,,,,
18.221538461538458,18.166283,2.9560314451638323,2.9531527,,,,,,,,
65.03759259259257,58.875565,4.190224164610861,4.0922685,,,,,,,,
12.843235294117646,14.272983,2.6277966868968123,2.7260854,,,,,,,,
16.984367816091957,16.97787,2.8895029259093814,2.8891416,,,,,,,,
13.291728395061739,13.844869,2.65968093599666,2.6976542,,,,,,,,
15.726052631578952,19.266703,2.816967541646895,3.0089793,,,,,,,,
14.440483870967745,14.420356,2.736992882898828,2.7356884,,,,,,,,
13.410151515151517,13.777516,2.6679329245398806,2.693107,,,,,,,,
14.547818181818178,14.112797,2.743920318929974,2.7155418,,,,,,,,
13.406250000000002,13.566499,2.667662140196922,2.6787243,,,,,,,,
17.421940298507465,17.534721,2.9135423617892946,2.9196458,,,,,,,,
13.428688524590168,13.94471,2.6692184833186703,2.7043574,,,,,,,,
16.860606060606056,20.976536,2.882597508837114,3.0899754,,,,,,,,
18.143606557377055,18.394817,2.9519687986490117,2.9650059,,,,,,,,
16.93926470588234,17.585543,2.886991869496505,2.922384,,,,,,,,
17.490909090909096,17.34871,2.917279210816089,2.9095592,,,,,,,,
38.015399999999985,29.29252,3.663956439983168,3.4109008,,,,,,,,
13.977586206896559,14.351905,2.706554830719456,2.7312396,,,,,,,,
15.607058823529414,15.7473755,2.8098278353107986,2.8182416,,,,,,,,
18.024150943396222,17.828014,2.9457092742838658,2.935346,,,,,,,,
14.040833333333337,14.074817,2.710768724788157,2.7130256,,,,,,,,
14.737567567567565,15.04163,2.7560506927730084,2.7751873,,,,,,,,
18.40833333333333,17.91632,2.965702527102295,2.940025,,,,,,,,
19.188571428571432,18.975534,3.0051166734356314,2.9945083,,,,,,,,
22.63159420289856,23.34784,3.16258455413256,3.1924431,,,,,,,,
38.59371428571429,37.249233,3.67867037550274,3.6441236,,,,,,,,
12.074687499999992,12.684133,2.570678109091749,2.616237,,,,,,,,
19.26735294117647,18.995275,3.0090113619598013,2.995496,,,,,,,,
20.66659574468086,21.654608,3.075771707899748,3.1203632,,,,,,,,
20.152727272727276,21.07162,3.0517688462441903,3.0942926,,,,,,,,
20.83939393939394,20.826954,3.083715400463915,3.0831456,,,,,,,,
18.837500000000013,18.76214,2.987574085852528,2.983768,,,,,,,,
14.663333333333325,15.442181,2.751322524446614,2.79985,,,,,,,,
16.883950617283947,19.242895,2.883903697088787,3.007804,,,,,,,,
15.134545454545453,15.33531,2.780962653712338,2.793329,,,,,,,,
22.622131147540987,21.972013,3.162184033097916,3.1342766,,,,,,,,
19.76800000000001,19.007336,3.03341334052168,2.996099,,,,,,,,
17.930980392156865,18.623386,2.940799754274073,2.976722,,,,,,,,
17.87536231884058,17.684166,2.9378574906510164,2.9276764,,,,,,,,
17.81181818181818,18.778063,2.9344852990253667,2.9845734,,,,,,,,
15.028266666666667,16.142664,2.774353830186448,2.8415704,,,,,,,,
20.6584,20.502487,3.075393369961671,3.0681686,,,,,,,,
22.338409090909092,22.562834,3.150100462192025,3.1596706,,,,,,,,
21.039473684210535,20.39602,3.092835103972836,3.063205,,,,,,,,
18.97297297297297,19.944935,2.994380008303977,3.0418968,,,,,,,,
18.16615384615385,18.539337,2.9531459029244083,2.9724298,,,,,,,,
18.975873015873013,19.468893,2.9945251961227166,3.0189064,,,,,,,,
24.533035714285717,29.500343,3.2399731319120324,3.417738,,,,,,,,
19.059552238805974,18.621506,2.998705461188258,2.9766262,,,,,,,,
18.71764705882353,19.17549,2.981514024551712,3.0044684,,,,,,,,
12.209999999999999,13.118345,2.580974118534234,2.647475,,,,,,,,
20.443170731707312,19.591547,3.065406213873911,3.0248806,,,,,,,,
19.484745762711867,21.109203,3.019680500021739,3.095994,,,,,,,,
22.913692307692305,25.753643,3.17445119479641,3.2866707,,,,,,,,
20.203200000000002,22.43343,3.054152113683385,3.1541636,,,,,,,,
17.45619718309859,17.13022,2.91540020477074,2.8975801,,,,,,,,
34.20666666666666,27.670229,3.5612354586106774,3.3558593,,,,,,,,
22.891764705882355,24.08125,3.173533826582923,3.2221205,,,,,,,,
20.150000000000002,20.151722,3.051639905492287,3.0517213,,,,,,,,
18.612343749999997,19.100403,2.976159151169544,3.0007398,,,,,,,,
21.614556962025308,21.137428,3.118593812290213,3.0972698,,,,,,,,
18.845294117647054,21.265652,2.9879669068683143,3.1030452,,,,,,,,
17.12034482758621,17.39329,2.8970353306537504,2.9119859,,,,,,,,
27.068974358974373,14.961994,3.334664851016332,2.7702105,,,,,,,,
18.07183098591549,17.756578,2.9482124289474627,2.9315445,,,,,,,,
16.563606557377046,17.064774,2.865828951934857,2.8939638,,,,,,,,
22.64166666666666,21.985441,3.163010692026805,3.134861,,,,,,,,
11.92753846153846,13.080987,2.5593598004560016,2.6448255,,,,,,,,
17.577066666666664,17.790049,2.9219278450698174,2.9333274,,,,,,,,
22.39652173913043,21.962545,3.1525873676881924,3.1338644,,,,,,,,
16.258181818181818,17.150867,2.8482863393291376,2.8987184,,,,,,,,
15.646323529411763,16.397936,2.812189383000208,2.8563516,,,,,,,,
66.52142857142857,59.52644,4.21244500781608,4.1030803,,,,,,,,
15.676470588235293,15.791195,2.8139987791115906,2.8208547,,,,,,,,
42.6708,29.983934,3.7766796865419487,3.4334688,,,,,,,,
13.314098360655734,13.654594,2.66124495093285,2.684754,,,,,,,,
15.903684210526318,16.725239,2.827531598793204,2.8749895,,,,,,,,
19.730519480519476,21.638577,3.031606985493065,3.1196554,,,,,,,,
19.247590361445788,19.196712,3.008035791975637,3.0055199,,,,,,,,
20.169387755102036,22.097382,3.0525561643271555,3.1397192,,,,,,,,
20.38909090909091,19.664217,3.062881021447369,3.0284035,,,,,,,,
22.218,21.69841,3.144927839915844,3.122295,,,,,,,,
17.352972972972974,17.438324,2.909791576253498,2.9144313,,,,,,,,
22.207580645161286,21.555367,3.14447897724708,3.115973,,,,,,,,
16.796875000000004,17.431063,2.8790228800875104,2.9140375,,,,,,,,
15.06499999999999,14.789307,2.776642992567821,2.759333,,,,,,,,
16.994999999999997,17.4377,2.890093941530994,2.9143975,,,,,,,,
15.529302325581398,17.434122,2.805134704383312,2.9142034,,,,,,,,
15.28916666666667,15.134693,2.7905002651769304,2.7809718,,,,,,,,
11.56258064516129,11.942385,2.530722605314016,2.5605075,,,,,,,,
14.48849056603774,14.794317,2.740097203976165,2.7596502,,,,,,,,
12.389999999999995,13.299986,2.594508159703081,2.6602585,,,,,,,,
54.289285714285704,54.090164,4.012579141371216,4.008971,,,,,,,,
14.3111320754717,14.262633,2.728580150467694,2.7254076,,,,,,,,
12.58235294117647,12.295045,2.6087713723042336,2.5873914,,,,,,,,
13.842253521126763,13.79065,2.69747808073387,2.6939952,,,,,,,,
43.30098360655738,46.64337,3.791006880112893,3.8637435,,,,,,,,
15.132857142857144,15.124578,2.7808580086802657,2.7803447,,,,,,,,
12.668051948051946,12.848946,2.615061134951994,2.628209,,,,,,,,
54.29754716981131,19.93148,4.012728552568291,3.0412543,,,,,,,,
15.99230769230769,16.834938,2.8327607529645347,2.8811593,,,,,,,,
82.96820512820516,61.252216,4.430438216811669,4.131194,,,,,,,,
14.814561403508764,15.0026245,2.760931123430193,2.7727528,,,,,,,,
12.4876,13.963881,2.601770744829242,2.7056394,,,,,,,,
36.0439534883721,17.433859,3.6121051397293296,2.914189,,,,,,,,
15.410000000000004,16.035843,2.797890905102,2.8353195,,,,,,,,
12.11246153846154,13.265984,2.573563040521663,2.657878,,,,,,,,
16.550384615384612,16.96748,2.8650758650782664,2.8885634,,,,,,,,
12.726315789473682,13.523138,2.6193148508860573,2.675743,,,,,,,,
15.436799999999995,16.254896,2.799522723479862,2.848096,,,,,,,,
13.19603773584906,12.788167,2.6529628929836657,2.6238108,,,,,,,,
13.643666666666666,13.795701,2.6840079325478605,2.6943367,,,,,,,,
15.158400000000004,14.575574,2.7824400382901557,2.745704,,,,,,,,
16.78671428571429,18.061975,2.878451790168487,2.9476955,,,,,,,,
12.290370370370368,13.242249,2.5870397406867536,2.6562128,,,,,,,,
45.825882352941164,44.00482,3.846436091781896,3.8067696,,,,,,,,
16.31741935483871,15.7237835,2.851712894044459,2.8168318,,,,,,,,
39.74661290322579,34.30266,3.707372717293057,3.5639584,,,,,,,,
14.316393442622953,14.19906,2.728923721625599,2.7212336,,,,,,,,
13.12833333333333,13.432722,2.648182237392259,2.669498,,,,,,,,
13.504444444444445,13.693457,2.674455115870852,2.6874022,,,,,,,,
12.487499999999999,13.7921915,2.601763330584253,2.6940994,,,,,,,,
14.398333333333332,17.144407,2.7342592784545987,2.8983624,,,,,,,,
12.377704918032784,13.428879,2.593589509197217,2.6692317,,,,,,,,
13.49885245901639,19.030235,2.6740695055372434,2.997243,,,,,,,,
11.817230769230774,12.618101,2.550790419518952,2.6114,,,,,,,,
13.129538461538461,13.594869,2.6482675324360336,2.68067,,,,,,,,
11.974507042253524,12.061961,2.5629864354403025,2.5697043,,,,,,,,
15.096842105263153,15.289204,2.7786231102217167,2.7905025,,,,,,,,
11.650563380281692,12.218578,2.537701750172479,2.5816233,,,,,,,,
12.487592592592591,13.692304,2.6017701956277945,2.6873238,,,,,,,,
12.48230769230769,14.508094,2.601378284623548,2.741362,,,,,,,,
28.006122448979607,31.038147,3.36750692663434,3.4669273,,,,,,,,
14.940625,14.671274,2.7688708821291543,2.7518294,,,,,,,,
16.255555555555553,16.701588,2.848134152818422,2.8736544,,,,,,,,
12.117499999999998,12.502611,2.5739472165787296,2.602883,,,,,,,,
13.117343750000002,13.248515,2.647404094679983,2.6566527,,,,,,,,
14.3,14.067361,2.72785282839839,2.7125309,,,,,,,,
30.00962264150944,42.154522,3.4342975641092424,3.7647872,,,,,,,,
13.036315789473685,13.592614,2.6416479560054755,2.6805155,,,,,,,,
11.24415584415584,12.131152,2.505048749208292,2.5749874,,,,,,,,
11.927887323943665,11.881087,2.5593867860804598,2.5557601,,,,,,,,
12.993214285714284,13.557968,2.63857251823566,2.6781385,,,,,,,,
13.106527777777776,14.203975,2.6466376532127978,2.721557,,,,,,,,
11.280821917808217,12.191727,2.508038851896796,2.5795898,,,,,,,,
12.969090909090907,16.413345,2.636847096641118,2.8572369,,,,,,,,
14.157066666666664,14.021374,2.718466869847623,2.709474,,,,,,,,
12.667321428571428,12.286115,2.6150076862962446,2.5867195,,,,,,,,
17.196226415094337,18.478407,2.901214232754894,2.9693065,,,,,,,,
11.192499999999997,12.020881,2.5008210086020703,2.5665543,,,,,,,,
49.12231884057971,44.23698,3.914466394731377,3.811915,,,,,,,,
13.27780821917808,13.380149,2.6587064590792937,2.6658487,,,,,,,,
57.92819672131148,43.41564,4.076319698030552,3.7935917,,,,,,,,
14.160588235294119,14.95613,2.718699181261859,2.769843,,,,,,,,
13.951724137931036,14.015874,2.7048266201389626,2.7091079,,,,,,,,
13.629074074074074,14.75796,2.683010923492192,2.7573457,,,,,,,,
16.20658536585366,16.785664,2.8452921806511213,2.8783927,,,,,,,,
16.208730158730162,17.516829,2.845416822418694,2.91868,,,,,,,,
13.219354838709677,14.266877,2.6546040533535584,2.7256856,,,,,,,,
31.80312499999998,40.27759,3.490523785242025,3.7203197,,,,,,,,
12.641571428571426,13.215625,2.613121853152728,2.6543417,,,,,,,,
12.835087719298244,13.980037,2.6272079536089765,2.7067184,,,,,,,,
12.667230769230768,13.347523,2.615001052981749,2.6635773,,,,,,,,
14.791463414634142,14.101404,2.759469503810541,2.7147877,,,,,,,,
14.75287671232877,17.054066,2.75702299699528,2.8933709,,,,,,,,
12.182258064516132,13.3975315,2.5788718394769927,2.6670568,,,,,,,,
12.738749999999998,13.06675,2.620220307400973,2.6438138,,,,,,,,
15.605999999999998,14.959706,2.809764075839839,2.7700672,,,,,,,,
11.651012658227849,12.808386,2.537737264003358,2.625276,,,,,,,,
12.619999999999997,14.614462,2.611539300721366,2.7481976,,,,,,,,
13.344444444444438,13.359333,2.663362720516377,2.6644,,,,,,,,
11.886,12.209757,2.5561414507164506,2.5809557,,,,,,,,
13.472307692307693,13.753166,2.6722370090822687,2.6914577,,,,,,,,
12.579999999999997,13.600671,2.60859812213055,2.6810675,,,,,,,,
14.219662921348322,16.28809,2.722588205102108,2.8500178,,,,,,,,
12.561176470588233,13.003694,2.6072110391166503,2.639321,,,,,,,,
18.651147540983605,23.667658,2.9781357356423577,3.205493,,,,,,,,
20.34264705882353,19.748695,3.0607072803002104,3.0324833,,,,,,,,
12.846545454545451,13.96107,2.6280357758570045,2.7054515,,,,,,,,
18.457500000000003,18.491163,2.9682325998514063,2.9699612,,,,,,,,
14.870555555555553,15.623997,2.764465540576863,2.8108473,,,,,,,,
16.396440677966105,17.9226,2.856265626557911,2.940357,,,,,,,,
27.50499999999999,17.967068,3.350079510483545,2.9427042,,,,,,,,
14.155263157894735,13.241641,2.718347874786241,2.6561701,,,,,,,,
12.750000000000002,13.769162,2.6210388241125804,2.6925414,,,,,,,,
17.936470588235302,16.983631,2.941089723415104,2.889462,,,,,,,,
15.242068965517241,15.198534,2.7876047259734333,2.7849207,,,,,,,,
18.400000000000006,25.459045,2.9652730660692828,3.275598,,,,,,,,
12.634137931034484,13.697013,2.6125767895855097,2.6876442,,,,,,,,
20.389740259740265,20.64769,3.06291137995094,3.0748987,,,,,,,,
15.472328767123287,15.884556,2.8016819286765795,2.8263993,,,,,,,,
15.5639393939394,15.401407,2.8072280067741517,2.797367,,,,,,,,
16.068142857142856,16.125547,2.8372137351725435,2.8405714,,,,,,,,
16.67342465753425,16.894789,2.8720620795238694,2.8845096,,,,,,,,
18.2532,23.55591,2.9576772806847256,3.2009525,,,,,,,,
15.776271186440681,16.592201,2.8199654586120664,2.8674557,,,,,,,,
18.130909090909093,17.455252,2.951305304064236,2.915349,,,,,,,,
18.5196,18.818094,2.971419088971708,2.9865954,,,,,,,,
20.436956521739134,20.21045,3.0651163728491886,3.054494,,,,,,,,
16.026600000000006,17.11996,2.8347768270617824,2.8970141,,,,,,,,
19.68571428571429,20.05684,3.029443330896303,3.0472255,,,,,,,,
19.146913580246913,19.868975,3.00305110446445,3.0382636,,,,,,,,
18.54360655737705,19.34502,2.972648202632106,3.0128362,,,,,,,,
11.5584,12.87308,2.5303897643904123,2.6299503,,,,,,,,
15.893181818181816,15.796724,2.8269100978129864,2.821184,,,,,,,,
15.234848484848484,16.51441,2.787160072887206,2.863024,,,,,,,,
17.18181818181818,17.349283,2.900422093749666,2.9095905,,,,,,,,
15.915106382978735,15.79335,2.828207091481516,2.820983,,,,,,,,
21.007469879518073,35.411438,3.0913819357057566,3.594883,,,,,,,,
18.6308064516129,19.01414,2.9771000900534124,2.996439,,,,,,,,
12.758947368421051,13.602934,2.621689330190965,2.6812224,,,,,,,,
19.528292682926825,18.8903,3.0218040655135936,2.9902322,,,,,,,,
15.806250000000002,15.857409,2.821750841035038,2.8247902,,,,,,,,
20.712812499999995,20.354767,3.077902524094623,3.061275,,,,,,,,
18.301346153846158,20.061354,2.960174842382444,3.0474398,,,,,,,,
44.14633333333337,50.027817,3.809909065786336,3.932371,,,,,,,,
16.219531249999996,16.697971,2.846044277374724,2.87345,,,,,,,,
41.599230769230786,36.669533,3.751836196051984,3.6288517,,,,,,,,
18.22647058823529,17.762907,2.9562880060025223,2.931882,,,,,,,,
19.36805555555556,19.369522,3.0139677694014506,3.0140398,,,,,,,,
15.500476190476192,16.162752,2.8033892405189524,2.8427415,,,,,,,,
18.537619047619046,20.140652,2.972341789017274,3.0511978,,,,,,,,
14.696341463414631,15.5806465,2.7534276573910788,2.8082361,,,,,,,,
21.047741935483874,20.586187,3.0932101900949265,3.0720537,,,,,,,,
17.11298245614035,16.54717,2.896628943931961,2.8648927,,,,,,,,
19.11518072289157,18.184946,3.001474789845188,2.954126,,,,,,,,
13.220204081632657,13.708419,2.654663776004364,2.68842,,,,,,,,
20.63569444444444,20.89255,3.0743444713565093,3.0861464,,,,,,,,
15.895342465753423,15.903011,2.8270379902036926,2.8274918,,,,,,,,
39.09116666666668,40.666443,3.691156027419976,3.729696,,,,,,,,
18.354782608695643,17.453413,2.962939552176074,2.9152493,,,,,,,,
16.443478260869554,16.478966,2.85896584015863,2.8609982,,,,,,,,
19.009137931034488,18.495388,2.996189065760268,2.970178,,,,,,,,
18.742592592592594,18.033215,2.982778362392155,2.9461856,,,,,,,,
19.07804878048781,18.191515,2.9996271178155323,2.9544683,,,,,,,,
44.65956521739128,38.812836,3.8212131188791623,3.6841893,,,,,,,,
13.262765957446815,13.488944,2.657652362337512,2.6733859,,,,,,,,
16.615000000000002,16.107866,2.868750811793201,2.8395383,,,,,,,,
50.676666666666655,16.325605,3.945006357910161,2.8521855,,,,,,,,
13.946428571428573,13.949236,2.704472379754326,2.7046602,,,,,,,,
12.37333333333333,13.217757,2.593262674425625,2.6544917,,,,,,,,
15.471311475409834,15.481739,2.801620169155999,2.802253,,,,,,,,
14.868000000000006,15.20558,2.764304502652084,2.7853556,,,,,,,,
15.921805555555554,25.475748,2.8286030598060794,3.2762291,,,,,,,,
11.978399999999995,12.783332,2.563286437114052,2.62346,,,,,,,,
15.301052631578951,16.016954,2.7912296843520825,2.8342102,,,,,,,,
11.465373134328356,12.459606,2.522954651090536,2.599693,,,,,,,,
13.420731707317072,13.92346,2.668666873101835,2.7029345,,,,,,,,
17.73639344262295,17.510084,2.930467805920904,2.9183156,,,,,,,,
46.31553571428572,50.638733,3.8568386921889393,3.944272,,,,,,,,
15.931774193548385,16.882298,2.829191986492996,2.8838112,,,,,,,,
13.53594202898551,13.99537,2.6766243429864067,2.7077415,,,,,,,,
24.102666666666664,14.141238,3.2229740821943555,2.717422,,,,,,,,
16.43220338983051,16.162441,2.8583192651872924,2.8427234,,,,,,,,
17.501399999999997,17.25224,2.9178464048966952,2.9042878,,,,,,,,
55.517826086956504,45.7161,4.034556094354687,3.8440888,,,,,,,,
12.867619047619057,13.319613,2.629556557559336,2.6616302,,,,,,,,
12.48760869565217,12.550131,2.6017713895435994,2.6063962,,,,,,,,
12.937500000000002,13.27453,2.6345830492203377,2.6584768,,,,,,,,
15.566896551724145,16.321693,2.807406520699816,2.8519597,,,,,,,,
16.147599999999997,19.402588,2.8418582221282347,3.0156617,,,,,,,,
16.713333333333335,16.38364,2.874317651663558,2.8555295,,,,,,,,
15.685254237288138,16.118433,2.8145253495633127,2.8401558,,,,,,,,
37.74000000000001,43.11901,3.65687265797885,3.7868907,,,,,,,,
37.17000000000001,37.20433,3.6420498667571386,3.6429489,,,,,,,,
18.082531645569624,17.445341,2.948773343044655,2.9148118,,,,,,,,
12.77491525423729,13.410191,2.6228492028775703,2.6679356,,,,,,,,
16.682222222222222,16.792974,2.8725597406131693,2.8788037,,,,,,,,
11.371698113207547,12.758383,2.515411453717452,2.6216483,,,,,,,,
12.764999999999993,13.369648,2.62212913859457,2.6651182,,,,,,,,
13.222535211267607,12.711817,2.6548276933835,2.618258,,,,,,,,
12.019491525423726,12.537734,2.5664475826709494,2.605481,,,,,,,,
12.667230769230768,11.93482,2.615001052981749,2.559923,,,,,,,,
12.851272727272724,12.773714,2.628377122077284,2.622762,,,,,,,,
12.48230769230769,12.978178,2.601378284623548,2.6374974,,,,,,,,
104.1332,75.55769,4.655228117629206,4.3380446,,,,,,,,
12.8575,13.020982,2.6288266023118227,2.640555,,,,,,,,
12.672500000000001,12.439629,2.615386516238791,2.5982077,,,,,,,,
12.202666666666666,12.633321,2.580418829391012,2.6125169,,,,,,,,
33.63521126760565,39.705013,3.5448708312857797,3.7063513,,,,,,,,
11.562432432432436,12.417876,2.5307108072919893,2.596588,,,,,,,,
11.562608695652175,11.970523,2.5307248381720857,2.5626793,,,,,,,,
12.8575,12.740367,2.6288266023118227,2.620338,,,,,,,,
12.480612244897959,12.725774,2.6012525232137365,2.6192753,,,,,,,,
12.764999999999993,13.998871,2.62212913859457,2.707975,,,,,,,,
12.1132,12.454152,2.5736193564729364,2.5992877,,,,,,,,
43.069374999999994,43.15861,3.7857650967701217,3.787788,,,,,,,,
12.394999999999998,11.96492,2.594881502996572,2.5622473,,,,,,,,
13.042499999999995,12.507657,2.6420884454244504,2.6032567,,,,,,,,
12.95,12.906849,2.6354795082673745,2.6323814,,,,,,,,
12.672500000000001,13.893581,2.615386516238791,2.7009304,,,,,,,,
12.579999999999997,12.350899,2.60859812213055,2.5915837,,,,,,,,
58.3383333333333,63.9209,4.083255527736408,4.1731696,,,,,,,,
11.47,11.48184,2.523325759691945,2.5242748,,,,,,,,
27.215774647887326,19.101864,3.3398812062236365,3.0008125,,,,,,,,
12.487499999999999,12.658896,2.601763330584253,2.614391,,,,,,,,
11.747499999999999,12.032761,2.5453351739471737,2.5674663,,,,,,,,
11.285000000000002,11.76051,2.5083790059731426,2.5463552,,,,,,,,
12.394999999999998,12.812887,2.594881502996572,2.625602,,,,,,,,
12.025,19.006176,2.5668705876394307,2.996041,,,,,,,,
13.130389610389608,15.128424,2.648327769592281,2.7805831,,,,,,,,
13.587567567567568,13.475412,2.680169629483186,2.6724515,,,,,,,,
12.668271604938269,12.635997,2.6150772056489844,2.612713,,,,,,,,
12.573061224489791,12.932715,2.608087036061552,2.6342397,,,,,,,,
11.556122448979586,11.784339,2.530208391160538,2.5482209,,,,,,,,
11.928266666666667,11.182081,2.559416128628711,2.4999661,,,,,,,,
39.91145454545454,46.154507,3.711410086074701,3.8534296,,,,,,,,
13.320000000000002,12.949697,2.6616571615324998,2.6354578,,,,,,,,
12.481967213114753,12.643313,2.6013530305275894,2.6132495,,,,,,,,
12.487571428571426,12.589727,2.60176862647914,2.6093142,,,,,,,,
12.018627450980395,12.429149,2.566381212712011,2.5974276,,,,,,,,
13.227571428571428,13.20327,2.6551817319409072,2.6534722,,,,,,,,
11.840000000000002,12.529845,2.552565298261815,2.604898,,,,,,,,
12.39064935064935,13.616933,2.5945566537213534,2.6821806,,,,,,,,
12.209999999999999,12.390569,2.580974118534234,2.5945506,,,,,,,,
11.187288135593217,11.995713,2.500393452426669,2.5646195,,,,,,,,
13.412499999999998,12.570029,2.6680958855951773,2.6078637,,,,,,,,
13.496511627906978,13.001473,2.6739080430974216,2.6391625,,,,,,,,
12.302592592592593,12.607174,2.5879589480048577,2.6105971,,,,,,,,
11.927460317460316,11.706907,2.559353755661429,2.5421457,,,,,,,,
52.40599999999997,43.911243,3.977923099204849,3.8046882,,,,,,,,
11.925333333333336,12.662313,2.5591892098749653,2.6146412,,,,,,,,
11.372000000000007,11.849185,2.5154358548228237,2.5532804,,,,,,,,
11.55821917808219,12.319563,2.530375365803044,2.5892339,,,,,,,,
13.412380952380952,13.302908,2.668087625535457,2.6604629,,,,,,,,
13.22756756756757,13.3164625,2.655181460566105,2.66141,,,,,,,,
13.404444444444447,12.969836,2.6675368009371274,2.6369004,,,,,,,,
12.8575,13.656991,2.6288266023118227,2.6849174,,,,,,,,
26.530645161290334,17.499619,3.315299753725196,2.9177501,,,,,,,,
12.572444444444443,12.942159,2.608041593544991,2.6349173,,,,,,,,
12.025,12.150652,2.5668705876394307,2.5764713,,,,,,,,
12.209999999999999,11.942842,2.580974118534234,2.5605428,,,,,,,,
13.412435897435897,14.989059,2.6680914378791907,2.7719047,,,,,,,,
12.394999999999998,11.893196,2.594881502996572,2.5566998,,,,,,,,
12.209999999999999,12.603901,2.580974118534234,2.6103566,,,,,,,,
12.4811320754717,12.510359,2.6012910838178005,2.6034567,,,,,,,,
11.927826086956522,13.664478,2.559382049256055,2.6854281,,,,,,,,
12.394999999999998,12.35095,2.594881502996572,2.5915875,,,,,,,,
12.025,13.1631,2.5668705876394307,2.65064,,,,,,,,
12.48157894736842,12.273026,2.6013242312187708,2.585734,,,,,,,,
36.281842105263145,38.00936,3.6185064012914503,3.6638017,,,,,,,,
12.297611940298507,12.907758,2.587584465745059,2.6324468,,,,,,,,
25.80296296296297,15.418104,3.288512439725204,2.7983847,,,,,,,,
13.412499999999998,13.00943,2.6680958855951773,2.6397307,,,,,,,,
11.840000000000002,12.2738495,2.552565298261815,2.5857959,,,,,,,,
13.320000000000002,13.197642,2.6616571615324998,2.653076,,,,,,,,
12.48230769230769,12.973697,2.601378284623548,2.6371768,,,,,,,,
12.85759259259259,12.9464245,2.628833284056961,2.6352232,,,,,,,,
12.579999999999997,17.38495,2.60859812213055,2.9115324,,,,,,,,
12.75795918367347,12.969646,2.62161750636541,2.6368868,,,,,,,,
11.747571428571431,12.009862,2.5453407772710657,2.5657077,,,,,,,,
13.036610169491523,12.749903,2.6416689285267068,2.6210318,,,,,,,,
12.672500000000001,12.966382,2.615386516238791,2.6366532,,,,,,,,
13.31446153846154,12.750792,2.66127032264607,2.6210964,,,,,,,,
12.579999999999997,13.463011,2.60859812213055,2.6715944,,,,,,,,
13.128771929824556,13.328677,2.648213280663477,2.662263,,,,,,,,
12.666363636363636,12.750247,2.6149376048413724,2.6210568,,,,,,,,
11.0031884057971,10.957695,2.48517231497897,2.481375,,,,,,,,
12.672592592592592,12.71026,2.615393288393047,2.6181445,,,,,,,,
34.28658536585366,31.608604,3.5635028737496404,3.4845762,,,,,,,,
12.209999999999999,13.170525,2.580974118534234,2.651164,,,,,,,,
13.40692307692308,13.398569,2.667708860280226,2.6671288,,,,,,,,
11.096,11.460477,2.4928748194371773,2.5225618,,,,,,,,
12.298735632183906,12.086366,2.5876689654593905,2.5715709,,,,,,,,
13.940000000000003,14.030731,2.7040421797046714,2.7100968,,,,,,,,
11.932560975609762,12.608423,2.559748237797216,2.610689,,,,,,,,
11.840000000000002,12.958556,2.552565298261815,2.6360927,,,,,,,,
13.505,13.439657,2.6744934175733674,2.6699784,,,,,,,,
21.587252747252748,26.630411,3.11738570941694,3.318917,,,,,,,,
12.458955223880595,13.98398,2.599644700392682,2.7069817,,,,,,,,
12.394999999999998,12.02365,2.594881502996572,2.566767,,,,,,,,
12.760632911392406,12.861366,2.621811827914864,2.6291056,,,,,,,,
11.095081967213115,11.537004,2.492798920989264,2.5286846,,,,,,,,
12.85078431372549,13.125651,2.6283418601798325,2.6479924,,,,,,,,
12.481967213114753,12.554028,2.6013530305275894,2.6066837,,,,,,,,
12.112380952380951,12.88729,2.573556894739806,2.630974,,,,,,,,
13.558709677419355,13.861463,2.678189417785099,2.6987715,,,,,,,,
12.487580645161293,13.089732,2.601769309818373,2.6454463,,,,,,,,
20.82959459459461,21.780085,3.083266599367632,3.1258867,,,,,,,,
12.025,12.744105,2.5668705876394307,2.62061,,,,,,,,
12.209999999999999,13.256885,2.580974118534234,2.65724,,,,,,,,
12.482876712328773,12.541701,2.601420488675456,2.605774,,,,,,,,
45.605072463768124,44.45807,3.8417093863615657,3.8167903,,,,,,,,
12.36326530612245,13.244846,2.5925095473863533,2.6563952,,,,,,,,
14.0024,13.583477,2.708210188303575,2.6798892,,,,,,,,
11.19256756756757,11.472178,2.5008265503187284,2.5235004,,,,,,,,
11.747499999999999,11.63696,2.5453351739471737,2.5366259,,,,,,,,
13.039534883720929,13.167977,2.641877270108818,2.6509843,,,,,,,,
36.22574074074075,48.02244,3.6170004773846016,3.8922782,,,,,,,,
28.029423076923077,27.653454,3.368309904498485,3.355274,,,,,,,,
18.360219780219776,20.613142,2.9632204340680737,3.0733016,,,,,,,,
13.112089552238807,13.74402,2.647031845066212,2.6908376,,,,,,,,
14.75102040816327,14.669425,2.756905150992892,2.7517114,,,,,,,,
15.076969696969698,15.557877,2.7773877943105822,2.8068619,,,,,,,,
13.220754716981132,13.509616,2.6547024972973023,2.6748116,,,,,,,,
15.131799999999991,14.354237,2.780792479215449,2.7313914,,,,,,,,
12.633424657534247,13.290691,2.612524472954855,2.6596084,,,,,,,,
15.472399999999997,16.207117,2.801686253063477,2.845323,,,,,,,,
12.169500000000001,12.242098,2.5779035499623646,2.583401,,,,,,,,
43.66862499999999,40.49457,3.799271353605295,3.7255626,,,,,,,,
13.79824561403509,13.31235,2.694508634151473,2.6611228,,,,,,,,
14.739534883720927,14.1237,2.756175692598451,2.716263,,,,,,,,
40.93292307692308,16.450293,3.736071272011176,2.8593564,,,,,,,,
18.103673469387754,18.532942,2.949880644800076,2.9721024,,,,,,,,
16.311320754716988,18.198713,2.851360666376604,2.9548433,,,,,,,,
43.754999999999995,14.232029,3.801203170322902,2.7234004,,,,,,,,
15.74032786885245,15.087431,2.817820650822481,2.7780383,,,,,,,,
12.025,12.341086,2.5668705876394307,2.5908484,,,,,,,,
18.50657894736842,17.322659,2.9707517905855494,2.9081385,,,,,,,,
18.35634615384616,17.328,2.963020332313536,2.9084299,,,,,,,,
13.264461538461543,15.501902,2.6577712369121245,2.8034756,,,,,,,,
15.848888888888883,17.029814,2.8242847133119144,2.8920267,,,,,,,,
14.876818181818182,14.513323,2.7648600693587184,2.7416992,,,,,,,,
11.92132075471698,12.321062,2.558878718727065,2.5893464,,,,,,,,
12.587391304347825,12.282764,2.6091422527353174,2.5864673,,,,,,,,
16.4915,17.057556,2.86171504864636,2.8935642,,,,,,,,
19.247812500000002,23.508013,3.008046763026103,3.1990001,,,,,,,,
17.320000000000004,17.587143,2.9079933592459843,2.92247,,,,,,,,
14.922794117647054,17.069387,2.767751674918629,2.8942192,,,,,,,,
17.3336,15.903414,2.9087354419131226,2.8275156,,,,,,,,
13.291290322580647,13.480393,2.659650283357381,2.6727955,,,,,,,,
16.830545454545454,17.06098,2.880913023361441,2.8937538,,,,,,,,
16.785185185185192,17.438688,2.878365817782824,2.9144511,,,,,,,,
17.28384615384615,16.933685,2.906017946183723,2.8866808,,,,,,,,
66.03857142857144,54.983036,4.2052681467070965,4.0250487,,,,,,,,
15.593225806451613,15.738451,2.808994528124885,2.8177085,,,,,,,,
49.79274999999998,37.959476,3.927753627864029,3.662522,,,,,,,,
13.850576923076924,13.785467,2.6980387145329154,2.6936448,,,,,,,,
12.777848101265828,12.290969,2.623062092379924,2.5870848,,,,,,,,
13.305599999999998,15.595354,2.6606510689989165,2.8091228,,,,,,,,
13.129538461538461,13.458335,2.6482675324360336,2.671271,,,,,,,,
14.511199999999997,13.8595495,2.741562343634658,2.6986427,,,,,,,,
15.962857142857143,26.201315,2.831026079787216,3.3032653,,,,,,,,
15.485135135135138,15.916203,2.8024590739505224,2.8282719,,,,,,,,
15.756043956043957,17.338564,2.8187590263830877,2.909006,,,,,,,,
14.616031746031744,15.190355,2.748298062585662,2.7844157,,,,,,,,
15.111428571428572,15.065342,2.779528869323723,2.7766643,,,,,,,,
50.65842857142859,44.446407,3.944653368533504,3.8165338,,,,,,,,
16.0824,15.232172,2.838048693711567,2.7869952,,,,,,,,
11.700285714285712,12.990731,2.541624490399339,2.638395,,,,,,,,
14.97027027027027,13.765592,2.7707288857074044,2.6922996,,,,,,,,
14.093809523809524,14.732726,2.7142846944514982,2.755743,,,,,,,,
16.695,16.762064,2.8732821137974267,2.877065,,,,,,,,
16.61104166666667,16.504679,2.868526072755676,2.8624682,,,,,,,,
10.576,11.806914,2.448933989329183,2.5499852,,,,,,,,
15.148684210526323,14.368311,2.781838573317132,2.7323077,,,,,,,,
64.19173076923079,65.14039,4.177332632196389,4.1917796,,,,,,,,
13.853653846153843,14.705862,2.6982458852293614,2.754034,,,,,,,,
15.465116279069758,16.019344,2.801243978000157,2.8343506,,,,,,,,
12.11281690140845,12.097261,2.5735901413166267,2.5724032,,,,,,,,
11.740444444444446,12.758642,2.544781535284695,2.6216671,,,,,,,,
13.246458333333337,13.365486,2.656508337812274,2.6648285,,,,,,,,
11.747567567567572,12.4864025,2.545340474389496,2.601682,,,,,,,,
12.910416666666663,15.355114,2.632637959955932,2.7945406,,,,,,,,
12.20521739130435,13.009798,2.5806120084158835,2.639757,,,,,,,,
12.574035087719295,12.445536,2.6081587831993467,2.598647,,,,,,,,
12.687719298245613,12.271511,2.616499029238006,2.5856197,,,,,,,,
12.28190476190476,13.056042,2.586402564629387,2.6430523,,,,,,,,
11.840000000000002,11.931009,2.552565298261815,2.5596282,,,,,,,,
12.296666666666667,12.084141,2.5875133772492056,2.571401,,,,,,,,
12.947042253521127,16.227055,2.635267460949736,2.846481,,,,,,,,
12.764999999999993,12.915622,2.62212913859457,2.633012,,,,,,,,
12.980909090909092,13.350671,2.6376927626534616,2.6637967,,,,,,,,
12.8575,13.160727,2.6288266023118227,2.6504724,,,,,,,,
64.34608695652172,62.67138,4.179697560029894,4.153735,,,,,,,,
11.834576271186442,11.845632,2.55214280023599,2.5530038,,,,,,,,
12.487499999999999,12.862556,2.601763330584253,2.6291914,,,,,,,,
12.065217391304346,11.999503,2.5699535380461125,2.5649111,,,,,,,,
12.020149253731345,12.081075,2.566498100134945,2.5711665,,,,,,,,
13.134999999999998,13.276555,2.6486539911455536,2.6586187,,,,,,,,
11.280158730158734,11.872059,2.507984848544149,2.555059,,,,,,,,
55.89499999999998,50.002106,4.041207463808972,3.931867,,,,,,,,
11.19260869565218,12.021464,2.5008299235225278,2.5665991,,,,,,,,
12.574035087719295,12.684843,2.6081587831993467,2.616289,,,,,,,,
13.412499999999998,12.998926,2.6680958855951773,2.6389806,,,,,,,,
12.296666666666667,12.476017,2.5875133772492056,2.6009116,,,,,,,,
13.2275,14.465079,2.655176711495142,2.7385845,,,,,,,,
11.840000000000002,11.675793,2.552565298261815,2.539694,,,,,,,,
63.235909090909075,63.521126,4.16256238596238,4.1669927,,,,,,,,
13.134999999999998,13.066314,2.6486539911455536,2.6437829,,,,,,,,
13.130506329113924,12.955026,2.6483360296789087,2.6358397,,,,,,,,
44.384177215189894,14.996887,3.815163524811061,2.7723942,,,,,,,,
32.84829268292683,31.536663,3.521888560358839,3.4823675,,,,,,,,
11.92591836734694,12.097552,2.559234471436802,2.5724254,,,,,,,,
32.92139240506329,12.792307,3.5240458597587607,2.624111,,,,,,,,
13.597500000000007,13.165035,2.680850281175556,2.6507766,,,,,,,,
12.020149253731345,12.228863,2.566498100134945,2.582401,,,,,,,,
12.018085106382982,12.114272,2.566339552721619,2.5737011,,,,,,,,
12.8575,13.0967245,2.6288266023118227,2.6459424,,,,,,,,
23.667076923076905,26.337868,3.205469436414381,3.3082728,,,,,,,,
13.40692307692308,14.127054,2.667708860280226,2.7164848,,,,,,,,
53.73912280701756,50.02536,4.002578678767613,3.9323227,,,,,,,,
11.739756097560974,12.762064,2.544727505342309,2.6219158,,,,,,,,
12.95,13.136844,2.6354795082673745,2.6487844,,,,,,,,
12.764999999999993,12.798221,2.62212913859457,2.6245396,,,,,,,,
12.11758620689655,13.815776,2.5739537884570054,2.6956925,,,,,,,,
10.633950617283952,11.915927,2.4539276007901982,2.5584612,,,,,,,,
12.025,12.943608,2.5668705876394307,2.6350212,,,,,,,,
11.466352941176476,12.643037,2.523033250289457,2.6132293,,,,,,,,
11.47,12.140175,2.523325759691945,2.5756743,,,,,,,,
12.857567567567568,12.72242,2.628831478184299,2.619031,,,,,,,,
12.57492537313433,12.40687,2.608224368429885,2.5957673,,,,,,,,
13.0426,13.74529,2.6420955666381905,2.6909237,,,,,,,,
12.579999999999997,12.579325,2.60859812213055,2.6085484,,,,,,,,
13.036721311475413,12.837266,2.641676846502809,2.6273654,,,,,,,,
13.042500000000002,14.92988,2.642088445424451,2.7681966,,,,,,,,
28.71224489795917,25.245403,3.391559246968653,3.2674909,,,,,,,,
13.227560975609752,13.28568,2.655180997243101,2.6592577,,,,,,,,
23.286025641025645,14.886157,3.189901108425587,2.765448,,,,,,,,
13.042500000000002,13.241743,2.642088445424451,2.6561773,,,,,,,,
11.464363636363638,11.821841,2.52287366363571,2.55115,,,,,,,,
12.572444444444443,13.159036,2.608041593544991,2.650353,,,,,,,,
11.926727272727273,11.959407,2.559297049587747,2.561822,,,,,,,,
11.655000000000006,12.164954,2.538052393997088,2.5775583,,,,,,,,
12.760273972602741,16.148584,2.621785743106598,2.8419156,,,,,,,,
12.672500000000001,13.012991,2.615386516238791,2.6399848,,,,,,,,
12.831940298507464,13.819725,2.626980432185112,2.695959,,,,,,,,
13.22109090909091,13.0469,2.654726137964945,2.6424017,,,,,,,,
11.93258620689655,13.039048,2.5597501887845127,2.6418426,,,,,,,,
12.487567567567568,12.492754,2.6017683402152687,2.6021528,,,,,,,,
12.296666666666667,12.511438,2.5875133772492056,2.6035366,,,,,,,,
13.782432432432438,14.252961,2.693439477921576,2.7247736,,,,,,,,
11.094915254237284,12.050497,2.49278513736008,2.5688262,,,,,,,,
11.924358974358977,13.158681,2.5591138233703044,2.650328,,,,,,,,
13.227575757575751,12.966872,2.655182036209537,2.6366882,,,,,,,,
10.448208955223883,11.24912,2.437833294640324,2.505454,,,,,,,,
13.282499999999999,16.166603,2.6590350116164805,2.8429658,,,,,,,,
64.96452380952381,62.4754,4.189117079474299,4.1506524,,,,,,,,
12.205352112676056,12.585604,2.580622210495902,2.6090107,,,,,,,,
12.297611940298507,12.543616,2.587584465745059,2.6059153,,,,,,,,
41.15685714285712,13.127857,3.741397355507008,2.6481485,,,,,,,,
12.85759259259259,12.780197,2.628833284056961,2.6232326,,,,,,,,
12.66847058823529,12.912248,2.615091763586841,2.6327696,,,,,,,,
11.192500000000003,11.119175,2.500821008602071,2.494789,,,,,,,,
13.227619047619045,13.222859,2.655185078890748,2.6548505,,,,,,,,
11.743376623376621,12.448001,2.545011656108202,2.5988305,,,,,,,,
12.95,13.074983,2.6354795082673745,2.644399,,,,,,,,
12.857564102564103,13.938597,2.628831228140135,2.7039483,,,,,,,,
12.57492537313433,11.488246,2.608224368429885,2.524788,,,,,,,,
11.373544303797466,11.511429,2.5155606695191994,2.5266426,,,,,,,,
13.2275,12.92945,2.655176711495142,2.6340053,,,,,,,,
13.766315789473683,13.453568,2.692348626665482,2.6709414,,,,,,,,
13.109999999999994,13.288265,2.646883765864722,2.6594386,,,,,,,,
14.046153846153844,14.33292,2.71112240013918,2.7300022,,,,,,,,
15.365277777777774,21.654257,2.7951618817032395,3.1203477,,,,,,,,
14.704285714285717,14.310954,2.7539336505354592,2.7285686,,,,,,,,
11.924883720930232,12.76172,2.559154423907621,2.6218908,,,,,,,,
12.211142857142857,12.462851,2.5810606293373244,2.599934,,,,,,,,
12.052,12.109399,2.568941378731074,2.5733294,,,,,,,,
12.487567567567568,15.431238,2.6017683402152687,2.7991843,,,,,,,,
12.394999999999998,12.932496,2.594881502996572,2.634224,,,,,,,,
11.465753424657535,12.375805,2.5229851583625047,2.5934474,,,,,,,,
12.487499999999999,11.9507065,2.601763330584253,2.5611503,,,,,,,,
14.046545454545463,13.482292,2.711148426943072,2.6729267,,,,,,,,
14.385106382978732,14.02359,2.733399923470848,2.7096217,,,,,,,,
12.521052631578943,12.255042,2.604247924949397,2.584378,,,,,,,,
13.412499999999998,13.387869,2.6680958855951773,2.6663854,,,,,,,,
12.204590163934427,12.806582,2.5805645088368934,2.6251454,,,,,,,,
12.672575757575755,14.181709,2.615392057095684,2.7200913,,,,,,,,
15.237555555555563,14.754978,2.7873268034261574,2.7571564,,,,,,,,
12.942857142857145,12.841842,2.6349673443637336,2.627696,,,,,,,,
12.217173913043476,12.6009655,2.5815170379733914,2.6101408,,,,,,,,
12.025,12.144696,2.5668705876394307,2.5760183,,,,,,,,
12.29788732394367,14.1941185,2.587605174786272,2.7209084,,,,,,,,
12.11246153846154,13.43459,2.573563040521663,2.6696274,,,,,,,,
11.928311688311691,15.06753,2.5594196110419216,2.7768004,,,,,,,,
11.47,11.485201,2.523325759691945,2.524544,,,,,,,,
11.377432432432432,12.020823,2.51587484933589,2.5665498,,,,,,,,
14.412413793103456,13.770444,2.7351732751644198,2.6926281,,,,,,,,
14.123333333333333,16.68727,2.716238805007763,2.8728452,,,,,,,,
12.394827586206898,12.217595,2.594868631409956,2.581549,,,,,,,,
12.764999999999993,13.187001,2.62212913859457,2.652326,,,,,,,,
14.139999999999997,27.15606,2.7173402480093025,3.3377626,,,,,,,,
12.487575757575755,12.783654,2.601768947441565,2.6234834,,,,,,,,
14.40966666666667,14.958295,2.7349950181225147,2.7699788,,,,,,,,
11.833469387755105,12.331989,2.5520565542126867,2.5901663,,,,,,,,
12.757659574468084,12.787233,2.6215957289735927,2.623743,,,,,,,,
36.11986301369862,39.2512,3.614152217547468,3.69514,,,,,,,,
12.764999999999993,13.887759,2.62212913859457,2.7005394,,,,,,,,
15.596406250000005,15.811104,2.809186180961091,2.8220396,,,,,,,,
12.296078431372548,12.803975,2.5874691369654705,2.6249566,,,,,,,,
17.32976744186046,16.003218,2.908526374474919,2.8334026,,,,,,,,
13.592533333333334,12.913399,2.6805099823716536,2.6328523,,,,,,,,
13.412499999999998,13.234349,2.6680958855951773,2.655658,,,,,,,,
15.927500000000009,15.306099,2.828939518377664,2.7915392,,,,,,,,
12.579999999999997,13.105445,2.60859812213055,2.646561,,,,,,,,
12.812280701754384,12.685499,2.625558102355871,2.6163368,,,,,,,,
12.943859649122816,13.05376,2.635039242843112,2.64289,,,,,,,,
13.04470588235294,13.147825,2.642245519244233,2.649561,,,,,,,,
13.753703703703703,13.430905,2.691494149822046,2.669372,,,,,,,,
11.655000000000006,12.620653,2.538052393997088,2.6115873,,,,,,,,
13.354153846153844,13.131913,2.664039366949178,2.6484356,,,,,,,,
28.13656716417911,35.92907,3.371993988891998,3.608999,,,,,,,,
12.764999999999993,12.757396,2.62212913859457,2.6215765,,,,,,,,
15.93128205128205,15.182621,2.829162919874625,2.783938,,,,,,,,
15.380000000000006,14.029477,2.796061078424924,2.7100134,,,,,,,,
14.196867469879523,15.537987,2.721089319105356,2.80566,,,,,,,,
11.55791044776119,12.1075735,2.530350781575648,2.5731902,,,,,,,,
30.58,36.915977,3.452524008827496,3.6353726,,,,,,,,
15.190156250000001,14.878069,2.7844034186621207,2.7649388,,,,,,,,
13.983472222222222,13.571334,2.7069477417653265,2.6790562,,,,,,,,
15.88067796610169,14.294125,2.826169652229848,2.7274687,,,,,,,,
11.372459016393446,11.892281,2.5154729553626405,2.5566287,,,,,,,,
14.13290322580645,13.402751,2.7168713947730856,2.6674192,,,,,,,,
12.293513513513513,12.208387,2.5872762105097125,2.580852,,,,,,,,
12.487499999999999,13.234369,2.601763330584253,2.6556594,,,,,,,,
12.57381818181818,12.6279,2.608142803600594,2.6121192,,,,,,,,
25.245949367088606,38.808086,3.2675116673054507,3.68407,,,,,,,,
11.840000000000002,12.043333,2.552565298261815,2.5682771,,,,,,,,
11.932500000000001,13.096906,2.559743522895533,2.6459553,,,,,,,,
12.078356164383564,12.67232,2.570958662625381,2.6153734,,,,,,,,
13.309714285714287,13.194468,2.6609386273113333,2.6528523,,,,,,,,
14.024805194805207,16.191448,2.70970251493324,2.844412,,,,,,,,
11.377600000000001,12.158963,2.515888387396729,2.5771031,,,,,,,,
38.193999999999996,39.483593,3.6685236738568623,3.7008967,,,,,,,,
11.927213114754098,12.48784,2.559334633183872,2.6017885,,,,,,,,
13.70736842105263,13.74034,2.688348621332136,2.690588,,,,,,,,
12.579999999999997,13.067552,2.60859812213055,2.6438708,,,,,,,,
13.494000000000002,13.968627,2.6737347706870898,2.7059565,,,,,,,,
11.795696202531646,12.684181,2.5491088802089714,2.6162405,,,,,,,,
46.616666666666696,42.532803,3.863182840008673,3.7735147,,,,,,,,
11.932500000000001,12.539832,2.559743522895533,2.605636,,,,,,,,
39.96552631578948,31.170551,3.712730891449471,3.4710515,,,,,,,,
30.8539655172414,12.176061,3.461161880303776,2.5784016,,,,,,,,
13.313207547169814,13.0762005,2.661182715702677,2.6444855,,,,,,,,
13.227619047619045,13.142383,2.655185078890748,2.6491761,,,,,,,,
12.11341772151899,11.468625,2.5736359595684104,2.5232155,,,,,,,,
13.32000000000001,13.322034,2.6616571615325,2.6617992,,,,,,,,
13.042575757575754,14.044089,2.642093840288001,2.7109852,,,,,,,,
12.025,12.48959,2.5668705876394307,2.6019182,,,,,,,,
33.193823529411766,42.451633,3.532045029203465,3.7716484,,,,,,,,
12.318596491228067,12.469388,2.5891612910341686,2.6004195,,,,,,,,
11.747391304347818,12.410764,2.545326647089704,2.5960577,,,,,,,,
12.117571428571427,11.907659,2.5739526618523683,2.5578208,,,,,,,,
13.40753424657535,13.7643385,2.6677512813222397,2.6922147,,,,,,,,
13.849454545454545,14.126593,2.697963133628289,2.7164543,,,,,,,,
11.557288135593222,11.929711,2.530301224956294,2.5595279,,,,,,,,
13.22115384615385,12.615225,2.6547305635694274,2.6111887,,,,,,,,
61.25034482758623,51.40809,4.13116407472845,3.959061,,,,,,,,
12.665319148936172,12.993487,2.6148611743166823,2.638592,,,,,,,,
12.053018867924528,12.248319,2.569019437891284,2.5838706,,,,,,,,
12.297384615384612,11.770873,2.587567370430651,2.547167,,,,,,,,
13.397014925373128,13.839051,2.667020888243905,2.6972623,,,,,,,,
11.834181818181817,11.876531,2.5521120661425614,2.5554063,,,,,,,,
11.285000000000002,11.383602,2.5083790059731426,2.5163732,,,,,,,,
12.579999999999997,12.937805,2.60859812213055,2.634605,,,,,,,,
11.105882352941178,11.756111,2.4936914793437333,2.5460105,,,,,,,,
13.222602739726034,14.675546,2.654832441362472,2.752102,,,,,,,,
49.559113924050635,39.896397,3.923143224448693,3.711042,,,,,,,,
12.394999999999998,12.041103,2.594881502996572,2.5681062,,,,,,,,
13.787323943661965,13.073221,2.69377032347958,2.6442738,,,,,,,,
13.14,12.603382,2.6490076604684267,2.6103184,,,,,,,,
12.025,12.518707,2.5668705876394307,2.6040745,,,,,,,,
10.544999999999998,11.915524,2.4462524428064585,2.55843,,,,,,,,
9.527575757575761,11.002361,2.3539980771881828,2.4851034,,,,,,,,
15.258906250000003,21.117218,2.788640835559523,3.0963564,,,,,,,,
14.14042857142857,20.177023,2.7173685548364395,3.0529168,,,,,,,,
11.742380952380957,11.768472,2.5449335206246317,2.546979,,,,,,,,
12.579999999999997,12.633341,2.60859812213055,2.6125183,,,,,,,,
11.47,11.682675,2.523325759691945,2.540237,,,,,,,,
14.590188679245284,13.669098,2.74664178557793,2.685743,,,,,,,,
12.394999999999998,11.768212,2.594881502996572,2.5469587,,,,,,,,
13.248923076923079,13.035852,2.6566813303095773,2.641615,,,,,,,,
13.185714285714278,12.953319,2.652235421995813,2.6357174,,,,,,,,
13.130136986301375,13.090115,2.6483098913629157,2.6454735,,,,,,,,
13.037391304347828,12.658933,2.6417245768002338,2.6143937,,,,,,,,
12.758490566037738,12.433968,2.6216561292523863,2.5977864,,,,,,,,
11.932666666666666,12.16211,2.5597564102408046,2.5773423,,,,,,,,
13.079629629629627,13.00943,2.6447290456701165,2.6397307,,,,,,,,
12.302567567567566,13.60938,2.5879570667889675,2.6816638,,,,,,,,
12.394999999999998,19.271914,2.594881502996572,3.0092363,,,,,,,,
11.742295081967209,11.79376,2.544926781640496,2.5489576,,,,,,,,
12.372352941176473,11.994585,2.593189362255039,2.5645328,,,,,,,,
13.860882352941175,12.822774,2.6987324152483048,2.6263175,,,,,,,,
12.570285714285713,13.034336,2.6078825284730063,2.641507,,,,,,,,
13.157413793103455,18.366802,2.65023842985456,2.9635603,,,,,,,,
12.117499999999998,12.889489,2.5739472165787296,2.6311324,,,,,,,,
14.3109090909091,20.25602,2.728565586803476,3.0566401,,,,,,,,
12.025,11.810994,2.5668705876394307,2.5503037,,,,,,,,
12.667536231884062,13.334127,2.615023402735328,2.6626432,,,,,,,,
11.747580645161293,12.2686825,2.545341500278313,2.5854065,,,,,,,,
11.840000000000002,11.757681,2.552565298261815,2.5461335,,,,,,,,
13.2275,12.711961,2.655176711495142,2.6182685,,,,,,,,
12.8575,12.454745,2.6288266023118227,2.5993319,,,,,,,,
11.92684210526316,12.237666,2.5593059328900263,2.5830662,,,,,,,,
12.850212765957455,12.606197,2.6283005946783438,2.6105254,,,,,,,,
11.747499999999999,12.030524,2.5453351739471737,2.5672946,,,,,,,,
40.13625000000001,42.07304,3.716889727906856,3.7628973,,,,,,,,
13.412499999999998,13.039483,2.6680958855951773,2.6418736,,,,,,,,
10.725797101449276,11.098198,2.4617912950876355,2.4930565,,,,,,,,
11.932500000000001,11.54064,2.559743522895533,2.5289745,,,,,,,,
43.338214285714294,44.10273,3.7918469301636977,3.8089428,,,,,,,,
12.85078431372549,11.966354,2.6283418601798325,2.562358,,,,,,,,
13.32000000000001,12.929649,2.6616571615325,2.6340196,,,,,,,,
14.949999999999992,14.350756,2.769458829230853,2.7311647,,,,,,,,
14.226600000000008,13.536735,2.723043898386348,2.676679,,,,,,,,
13.362539682539682,13.079768,2.664623406098102,2.644739,,,,,,,,
15.02222222222223,14.697626,2.7739766475146297,2.7535095,,,,,,,,
55.047213114754115,46.346737,4.026194426868176,3.857498,,,,,,,,
14.959047619047615,14.150985,2.770025917249155,2.7180655,,,,,,,,
14.56590909090909,14.309074,2.7450832082855983,2.7284458,,,,,,,,
13.885571428571435,13.008255,2.70039238328892,2.6396468,,,,,,,,
13.320000000000002,13.094694,2.6616571615324998,2.6457984,,,,,,,,
14.552500000000002,14.341133,2.744221397407038,2.7305377,,,,,,,,
13.042499999999995,12.934825,2.6420884454244504,2.634391,,,,,,,,
13.173965517241381,14.4974165,2.651406867567367,2.7406733,,,,,,,,
15.477411764705884,15.1121235,2.801990459034687,2.779572,,,,,,,,
14.32500000000001,15.00288,2.729485481822276,2.7727687,,,,,,,,
15.87040540540541,15.67635,2.825560927413497,2.8139915,,,,,,,,
13.144102564102564,13.16717,2.6492977572902747,2.6509273,,,,,,,,
14.299624999999997,14.099877,2.727828318294098,2.7146866,,,,,,,,
13.974305555555562,13.610801,2.70633576934062,2.681761,,,,,,,,
14.069999999999999,14.849581,2.712706012638404,2.763143,,,,,,,,
14.754464285714288,13.842873,2.7571237718202304,2.6975198,,,,,,,,
15.641494252873564,14.604183,2.811899230211962,2.747539,,,,,,,,
14.66756756756757,14.235421,2.751592815701463,2.723623,,,,,,,,
14.422692307692309,14.176975,2.7358399513182783,2.7197795,,,,,,,,
12.666037735849057,12.0446205,2.6149137576491586,2.5683758,,,,,,,,
45.713188405797105,42.231686,3.844026531781891,3.7665737,,,,,,,,
15.370714285714286,15.186245,2.795494024256057,2.7841618,,,,,,,,
14.594999999999999,14.312444,2.7469503500597665,2.7286658,,,,,,,,
12.848709677419365,12.91954,2.62819206420806,2.6332936,,,,,,,,
13.229692307692307,13.552555,2.655330789077564,2.6777666,,,,,,,,
16.648409090909094,16.229683,2.8706456428243654,2.8466337,,,,,,,,
15.802459016393438,16.990284,2.8215252457215856,2.8898318,,,,,,,,
19.004999999999995,19.782946,2.995982242309198,3.0341327,,,,,,,,
17.64785714285714,18.708937,2.925731240982166,2.9810722,,,,,,,,
15.818392857142857,16.199656,2.8224731004637738,2.8448894,,,,,,,,
19.86393442622951,19.883064,3.0380220428246902,3.0389385,,,,,,,,
14.286129032258064,15.565304,2.726945817989963,2.8073103,,,,,,,,
54.558448275862055,53.394436,4.017435588695948,3.9962618,,,,,,,,
31.76818181818181,24.566319,3.489457978052217,3.2412758,,,,,,,,
16.52,16.768768,2.8633430855082453,2.8774424,,,,,,,,
18.176249999999996,18.48688,2.953672534176846,2.9697413,,,,,,,,
19.053921568627448,19.163448,2.998424724085182,3.0038714,,,,,,,,
21.234285714285715,20.599934,3.1016354990610395,3.0726902,,,,,,,,
14.721022727272738,14.748582,2.7549988438716317,2.7567503,,,,,,,,
47.382040816326544,43.353886,3.879128687349798,3.7922003,,,,,,,,
13.704025974025974,14.124241,2.688121332071644,2.7162988,,,,,,,,
16.92295081967214,17.218063,2.886082060267128,2.9024136,,,,,,,,
16.02564102564103,16.991133,2.8347205033467877,2.889879,,,,,,,,
15.637500000000006,16.199656,2.8116591837212304,2.8448894,,,,,,,,
18.330000000000002,17.865377,2.9616582932202395,2.9373283,,,,,,,,
16.243499999999997,21.28721,2.847435260871838,3.104013,,,,,,,,
18.157777777777774,18.141642,2.9527087834455594,2.9518661,,,,,,,,
17.46642857142857,17.374302,2.9159544117580696,2.910953,,,,,,,,
13.891875,14.558495,2.7008157622067763,2.7446067,,,,,,,,
17.267115384615376,17.553658,2.905102469835356,2.920667,,,,,,,,
14.058604651162792,14.445295,2.711949565433993,2.7373044,,,,,,,,
12.4876,17.624756,2.601770744829242,2.9244916,,,,,,,,
17.461599999999997,19.031502,2.9156928992082323,2.997306,,,,,,,,
16.305319148936174,18.165045,2.851013919502404,2.953088,,,,,,,,
18.865686274509805,25.071732,2.9889939355870125,3.2608516,,,,,,,,
18.24153846153846,18.708057,2.957071403659224,2.9810276,,,,,,,,
22.739750000000008,24.859243,3.167150858376284,3.2526681,,,,,,,,
49.787868852459006,32.634274,3.927657523949722,3.5155456,,,,,,,,
20.564696969696957,21.090984,3.071057578051017,3.0951695,,,,,,,,
20.536666666666665,22.424782,3.0697569089019643,3.1537945,,,,,,,,
23.350566037735845,23.611233,3.1925550951613264,3.203203,,,,,,,,
20.461538461538456,21.571762,3.0662624243598287,3.1166997,,,,,,,,
15.036785714285717,15.776453,2.774885190479784,2.8199763,,,,,,,,
21.55584905660377,21.435549,3.1159944139826514,3.1106467,,,,,,,,
18.470833333333335,20.640825,2.968917619358435,3.0745816,,,,,,,,
15.683538461538461,16.592596,2.814422512414443,2.8674781,,,,,,,,
22.283709677419345,24.070393,3.147753960572921,3.2216876,,,,,,,,
80.40588235294119,69.92858,4.3994475351756686,4.2616735,,,,,,,,
48.43604651162791,36.76093,3.9006798445723394,3.631275,,,,,,,,
20.88068181818182,21.964401,3.085604138776757,3.1339452,,,,,,,,
25.713947368421035,24.28978,3.285185802365844,3.2304003,,,,,,,,
20.048082191780825,20.237703,3.0468094486990496,3.055778,,,,,,,,
25.58794871794872,26.05278,3.2804580574106903,3.2977898,,,,,,,,
19.538382352941174,20.303858,3.022295445456506,3.0588882,,,,,,,,
21.907441860465124,21.8915,3.13146182984092,3.1307657,,,,,,,,
21.436721311475416,21.93947,3.110698960865233,3.132859,,,,,,,,
26.01326923076923,24.511177,3.2963281982723123,3.2391167,,,,,,,,
18.91457142857143,20.035767,2.991451696370486,3.046224,,,,,,,,
21.21647058823529,22.028324,3.100833932181815,3.136725,,,,,,,,
22.11733333333333,21.490385,3.1405826968982296,3.113088,,,,,,,,
17.43807692307692,18.510038,2.9144179243536485,2.9709291,,,,,,,,
22.509374999999988,23.640377,3.157399277766449,3.2043865,,,,,,,,
22.049571428571433,22.589787,3.137647176149258,3.1608138,,,,,,,,
12.302500000000002,12.634137,2.5879519874883874,2.6125767,,,,,,,,
23.311111111111114,22.916803,3.190933493211607,3.1745813,,,,,,,,
22.0352,21.946903,3.1370234807899537,3.133183,,,,,,,,
24.23887096774193,26.616219,3.2283853048080884,3.3184032,,,,,,,,
42.31493333333332,31.212395,3.7684974562282174,3.4723513,,,,,,,,
18.91163636363636,19.8289,2.991304302726798,3.0363414,,,,,,,,
23.791290322580643,23.83929,3.210492394816808,3.2124267,,,,,,,,
36.16731707317073,21.11293,3.615429801805512,3.0961626,,,,,,,,
23.639999999999997,23.89639,3.204371138665319,3.2147229,,,,,,,,
21.128481012658227,20.7909,3.096865512423769,3.0814924,,,,,,,,
22.798285714285715,22.433691,3.169613549271705,3.1541748,,,,,,,,
23.349423076923085,22.22534,3.192508156308413,3.145244,,,,,,,,
18.086896551724127,18.04543,2.949002055204081,2.9468272,,,,,,,,
24.43267857142857,23.303066,3.2360349050482617,3.1906025,,,,,,,,
21.66018518518519,20.600021,3.1206094279047365,3.0726943,,,,,,,,
11.926274509803916,12.908198,2.559262023641653,2.6324785,,,,,,,,
23.5653488372093,22.3517,3.201336866098221,3.1506698,,,,,,,,
19.073999999999998,19.374044,2.9994254453916085,3.0142617,,,,,,,,
21.33946428571428,24.022364,3.106354813304929,3.21977,,,,,,,,
22.468936170212768,22.245476,3.155677681618442,3.1461105,,,,,,,,
20.31774193548386,20.141045,3.059539680718669,3.0512164,,,,,,,,
22.99513888888889,23.37006,3.177851263536378,3.1933553,,,,,,,,
23.675416666666663,23.802717,3.205807471364074,3.2109532,,,,,,,,
21.00954545454546,20.58075,3.091476243555263,3.0718017,,,,,,,,
16.96153846153847,17.92601,2.888232719647416,2.9405372,,,,,,,,
17.14622641509434,18.191767,2.8984626280802828,2.9544814,,,,,,,,
24.977333333333352,24.081776,3.2572243629155317,3.2221415,,,,,,,,
22.055312500000003,24.952774,3.13789622011029,3.2562785,,,,,,,,
22.293750000000006,22.122318,3.1481850842454318,3.1407983,,,,,,,,
14.607894736842105,14.653395,2.747776859118295,2.7506878,,,,,,,,
23.408904109589045,23.553497,3.1949479882552674,3.2008543,,,,,,,,
16.17174603174603,17.111961,2.843265360580574,2.8965726,,,,,,,,
20.424202898550735,20.63526,3.0645212595234037,3.0743244,,,,,,,,
20.717619047619042,21.047258,3.078123868781627,3.0931883,,,,,,,,
18.20378378378378,18.5607,2.955107331689658,2.9735224,,,,,,,,
29.932121212121217,16.448578,3.431795165403317,2.8592582,,,,,,,,
53.800000000000004,43.896248,4.00369019395397,3.8043542,,,,,,,,
18.075,17.841396,2.9483785771705207,2.9360564,,,,,,,,
12.861538461538462,13.266388,2.629117987712701,2.6579063,,,,,,,,
66.1608695652174,17.961037,4.207090779791056,2.9423862,,,,,,,,
14.971860465116281,15.882217,2.770828452944199,2.8262608,,,,,,,,
19.891549295774645,19.439074,3.039344737288251,3.0174484,,,,,,,,
43.9646875,16.123985,3.805877459492445,2.84048,,,,,,,,
15.853518518518516,17.572083,2.824559449155131,2.9216595,,,,,,,,
16.72734375,16.927982,2.875108292167607,2.8863628,,,,,,,,
19.5,18.537832,3.0204248861443626,2.9723527,,,,,,,,
13.560470588235296,14.820891,2.678310362866796,2.7613313,,,,,,,,
43.9875,35.986923,3.806384673405149,3.6105645,,,,,,,,
13.179245283018865,14.267755,2.651779295640907,2.725743,,,,,,,,
12.302500000000002,13.156885,2.5879519874883874,2.650201,,,,,,,,
13.32462962962963,13.369059,2.661980407441405,2.6650772,,,,,,,,
15.387234042553192,20.6022,2.79650261967075,3.0727952,,,,,,,,
16.964084507042255,17.859503,2.888374459458596,2.937017,,,,,,,,
15.300000000000004,15.533134,2.791165107812717,2.8053665,,,,,,,,
14.453777777777775,15.477606,2.7378534898155222,2.8020022,,,,,,,,
16.115471698113204,16.282307,2.8399828321114624,2.8496833,,,,,,,,
16.603076923076934,17.028954,2.868073711938792,2.891979,,,,,,,,
15.80076923076923,17.767994,2.821424672906783,2.932153,,,,,,,,
16.19774193548387,16.438414,2.8447780923803583,2.8586755,,,,,,,,
18.516923076923085,18.697094,2.97128193930416,2.9804711,,,,,,,,
14.671807228915666,15.092606,2.751863380216645,2.77836,,,,,,,,
13.334999999999997,14.721507,2.662704099335333,2.7550297,,,,,,,,
15.199999999999996,15.709398,2.785011242238338,2.8159714,,,,,,,,
20.289836065573773,19.953001,3.058229778808752,3.0422819,,,,,,,,
15.120000000000005,15.837715,2.7800607370784824,2.8236213,,,,,,,,
12.780000000000003,13.326488,2.6232182655855127,2.66211,,,,,,,,
58.22542372881353,51.667274,4.081350904579214,3.9639943,,,,,,,,
14.63769230769231,15.750734,2.749684173571436,2.818442,,,,,,,,
14.117291666666668,14.624555,2.715839232132067,2.7488437,,,,,,,,
51.065555555555555,15.087656,3.952503608347586,2.7780523,,,,,,,,
12.689344262295089,13.901452,2.6166177391243157,2.7014587,,,,,,,,
13.768939393939396,14.575552,2.6925262858362813,2.7457025,,,,,,,,
12.96338028169014,13.720158,2.636438208545158,2.6892178,,,,,,,,
15.377878787878792,17.189198,2.7959315699095577,2.900828,,,,,,,,
14.019622641509438,14.206266,2.7093575222859907,2.7217076,,,,,,,,
15.885555555555552,15.881819,2.8264585556092943,2.8262372,,,,,,,,
30.073913043478278,33.696148,3.436368658296784,3.5466287,,,,,,,,
11.754864864864864,13.359446,2.5459127568582987,2.664408,,,,,,,,
15.421304347826087,17.495094,2.7985795373995805,2.9175055,,,,,,,,
16.739333333333335,16.177969,2.8757843963180965,2.8436277,,,,,,,,
63.090769230769226,55.192688,4.160300347796569,4.0287867,,,,,,,,
16.54135135135135,16.006668,2.864561027953004,2.8336055,,,,,,,,
17.13734693877551,16.927624,2.8979731792374417,2.8863428,,,,,,,,
16.713380281690146,16.635965,2.874320302113008,2.8699403,,,,,,,,
12.106666666666664,13.563272,2.573121006610856,2.6785028,,,,,,,,
16.52159999999999,16.343227,2.863434405539357,2.853202,,,,,,,,
11.655000000000006,12.219928,2.538052393997088,2.5817254,,,,,,,,
31.584567901234557,40.443623,3.4838387990315303,3.724334,,,,,,,,
15.146617647058829,15.340401,2.7817105941157343,2.7936406,,,,,,,,
14.433333333333325,15.086563,2.736529672424078,2.7779844,,,,,,,,
37.427397260273956,14.875851,3.648770675514364,2.764799,,,,,,,,
59.60317460317458,43.741943,4.10434727789416,3.8009114,,,,,,,,
18.42838709677419,17.592173,2.9667352489696963,2.9227407,,,,,,,,
15.269733333333335,14.999344,2.7893065310126284,2.7725477,,,,,,,,
13.32000000000001,13.74979,2.6616571615325,2.6912289,,,,,,,,
14.918658536585365,14.606245,2.7674919140886285,2.7476711,,,,,,,,
15.561538461538458,16.193687,2.8070830469087804,2.8445423,,,,,,,,
16.824444444444456,17.22484,2.8805707986025597,2.9027855,,,,,,,,
18.671038961038963,17.954025,2.9791474505809976,2.9420164,,,,,,,,
15.427432432432436,20.7928,2.7989526467047225,3.0815797,,,,,,,,
13.777021276595741,14.160527,2.6930733577658783,2.7186952,,,,,,,,
15.722666666666665,15.376587,2.81676508457261,2.7958527,,,,,,,,
15.016891891891891,16.13104,2.773643908578058,2.840892,,,,,,,,
53.58833333333333,38.446594,3.999820184705383,3.6749477,,,,,,,,
16.273720930232553,16.660099,2.8491863252472496,2.8713078,,,,,,,,
13.357460317460319,13.787188,2.6642696898632607,2.693761,,,,,,,,
17.85695652173913,17.75648,2.936881892059311,2.9315393,,,,,,,,
13.340689655172415,14.30756,2.6631009271232955,2.7283468,,,,,,,,
15.49285714285714,15.739269,2.802927386745191,2.8177574,,,,,,,,
16.141864406779657,15.8716545,2.841523682445387,2.825635,,,,,,,,
11.387000000000002,12.588008,2.516647535572063,2.6091876,,,,,,,,
15.509811320754718,16.901745,2.8039548296871293,2.8848982,,,,,,,,
47.1909756097561,48.980827,3.8751717755138433,3.9116395,,,,,,,,
13.2275,14.442412,2.655176711495142,2.7371178,,,,,,,,
15.609464285714292,15.32349,2.809972670589384,2.7926052,,,,,,,,
17.54876712328767,17.817038,2.920403324488264,2.9347627,,,,,,,,
13.213913043478259,13.921934,2.654221276718779,2.7028322,,,,,,,,
16.01107142857143,16.267006,2.833864392582326,2.8487976,,,,,,,,
12.2,12.699883,2.580216829592325,2.6173873,,,,,,,,
51.90967213114753,51.18683,3.968586160169332,3.9548302,,,,,,,,
17.485652173913042,18.860865,2.916994873016594,2.9887512,,,,,,,,
14.844558823529407,14.319138,2.7628261494942503,2.7291028,,,,,,,,
14.375263157894736,14.074004,2.7327599295067384,2.7129717,,,,,,,,
16.730357142857137,16.180426,2.875278263304399,2.8437707,,,,,,,,
13.530285714285712,13.641313,2.6762351411387395,2.6838472,,,,,,,,
14.515714285714283,14.263904,2.741853335236631,2.7254908,,,,,,,,
14.059589041095892,13.473901,2.7120149338915778,2.672347,,,,,,,,
18.315652173913044,27.677065,2.9609157607003267,3.3560977,,,,,,,,
17.26854838709678,17.281084,2.905180913872453,2.9058669,,,,,,,,
18.427428571428575,20.125238,2.9666859114211555,3.0504684,,,,,,,,
18.698999999999998,18.459969,2.9805678730342184,2.9683595,,,,,,,,
11.552258064516128,12.583693,2.529900574852601,2.60887,,,,,,,,
17.880937499999998,24.307766,2.938152815204889,3.2311113,,,,,,,,
14.328507462686563,14.482496,2.7297143275885314,2.73971,,,,,,,,
20.055370370370365,27.848278,3.0471556520728265,3.3620503,,,,,,,,
16.010363636363635,15.994116,2.833822783978424,2.8328671,,,,,,,,
17.5565625,18.865234,2.92082350007523,2.9889712,,,,,,,,
36.18323529411766,36.180843,3.6158579955628767,3.6157937,,,,,,,,
16.606896551724137,16.281694,2.8682906748209094,2.8496478,,,,,,,,
19.574745762711864,20.126377,3.024064389874973,3.0505223,,,,,,,,
17.194736842105264,17.360258,2.9011323677611385,2.9101884,,,,,,,,
27.13243243243243,26.149826,3.336923089877198,3.3013706,,,,,,,,
14.596111111111117,15.0014305,2.747021595428848,2.7726781,,,,,,,,
18.796249999999997,19.272285,2.9854925258237985,3.0092547,,,,,,,,
15.743291139240505,14.540373,2.817997649037344,2.7434413,,,,,,,,
19.143888888888892,20.108297,3.0029009614452824,3.0496662,,,,,,,,
22.54355263157895,20.977375,3.1588520093736023,3.0900135,,,,,,,,
15.128431372549027,15.361866,2.780583638341104,2.7949533,,,,,,,,
17.01617647058823,17.625484,2.891270047124018,2.9245307,,,,,,,,
21.899350649350648,20.927444,3.1311085542346047,3.087739,,,,,,,,
12.302586206896553,13.151338,2.5879584679707945,2.6498091,,,,,,,,
18.790625000000002,17.845324,2.985208340722658,2.9362648,,,,,,,,
21.505555555555553,21.294458,3.11376219231248,3.1043382,,,,,,,,
18.332307692307683,18.434101,2.961777670073209,2.9670293,,,,,,,,
19.78888888888889,21.112003,3.0344186559438246,3.0961206,,,,,,,,
16.830405405405415,17.250534,2.880905168879905,2.9041944,,,,,,,,
20.949999999999996,20.709257,3.08876713952118,3.0777388,,,,,,,,
22.685294117647064,22.332201,3.164854354185338,3.1498344,,,,,,,,
17.534999999999997,17.301271,2.9196608366026955,2.9069705,,,,,,,,
16.86857142857143,17.711395,2.883043383534327,2.9291327,,,,,,,,
54.94661290322581,46.37648,4.024397895002756,3.858126,,,,,,,,
15.414915254237279,15.355581,2.798190388237657,2.7945693,,,,,,,,
18.927543859649116,19.061129,2.9921028882784584,2.998784,,,,,,,,
17.151186440677968,17.005434,2.8987359272068187,2.8906736,,,,,,,,
16.600793650793648,17.756905,2.867943994822505,2.931562,,,,,,,,
21.919636363636357,20.835865,3.131994026259789,3.0835538,,,,,,,,
53.613181818181836,26.148745,4.000275278853901,3.3013308,,,,,,,,
15.200540540540548,15.792757,2.785044608381716,2.8209476,,,,,,,,
22.199473684210524,21.937681,3.144129592389524,3.132781,,,,,,,,
16.80945945945946,16.756056,2.879729746445674,2.8767266,,,,,,,,
17.538400000000003,18.042887,2.919844256521534,2.9466937,,,,,,,,
12.117499999999998,13.232337,2.5739472165787296,2.6555166,,,,,,,,
18.20903225806452,18.174675,2.9553805985237105,2.9535904,,,,,,,,
21.464615384615385,22.62418,3.1119414217263484,3.1622708,,,,,,,,
21.149733333333337,22.98915,3.0978254572915107,3.1776016,,,,,,,,
19.21826666666666,20.681662,3.0065864862119365,3.0764668,,,,,,,,
21.381084337349396,20.561468,3.1082161528874224,3.0709078,,,,,,,,
17.319041095890412,17.658035,2.9079410159487185,2.926277,,,,,,,,
21.803728813559324,22.422514,3.126924067042815,3.1536977,,,,,,,,
15.481323529411767,16.023045,2.802227832507264,2.834568,,,,,,,,
12.302631578947372,13.343467,2.5879618787341405,2.6632946,,,,,,,,
50.10819672131147,48.20761,3.933944889851188,3.8960483,,,,,,,,
13.036610169491523,13.856765,2.6416689285267068,2.6984553,,,,,,,,
21.950833333333335,22.047554,3.133354246667957,3.1375597,,,,,,,,
12.851272727272724,13.681011,2.628377122077284,2.686555,,,,,,,,
17.84782608695652,17.480274,2.936397580291447,2.916704,,,,,,,,
19.29000000000001,19.523409,3.010128153837724,3.0215662,,,,,,,,
13.036181818181818,13.61731,2.641638411340534,2.6822064,,,,,,,,
24.269,14.563867,3.2295783480013363,2.744952,,,,,,,,
17.102631578947367,17.143991,2.8960573188055827,2.8983395,,,,,,,,
15.384086021505382,17.132944,2.796310499179336,2.8977304,,,,,,,,
15.051071428571433,15.244188,2.7757756030221965,2.7877352,,,,,,,,
16.768615384615384,17.516502,2.877433720425922,2.9186623,,,,,,,,
16.205428571428577,16.16685,2.8452249486415315,2.8429801,,,,,,,,
15.000980392156862,14.959901,2.772649994872379,2.7700794,,,,,,,,
15.091428571428573,14.994115,2.778286743354419,2.7722208,,,,,,,,
14.506825396825395,14.347085,2.7412802751826764,2.7309256,,,,,,,,
14.367796610169494,14.412898,2.732274190746291,2.7352047,,,,,,,,
16.735692307692307,16.613846,2.8755791237023325,2.8686852,,,,,,,,
13.401538461538463,13.5011015,2.667335038482062,2.6742246,,,,,,,,
14.669615384615389,15.6101,2.7517235113708125,2.810011,,,,,,,,
15.191777777777776,15.5097885,2.7845035688123705,2.8039534,,,,,,,,
14.929999999999998,15.585876,2.768204123921957,2.8085515,,,,,,,,
17.86451612903226,18.871256,2.9372827039504226,2.9892743,,,,,,,,
18.91029850746269,22.196457,2.991237110804632,3.1439996,,,,,,,,
17.42,17.507431,2.913437030827161,2.9181724,,,,,,,,
18.227045454545447,18.762028,2.956317905287132,2.9837623,,,,,,,,
13.3786301369863,13.507655,2.6657430860713727,2.6746764,,,,,,,,
15.130888888888894,15.565386,2.7807359984233813,2.8073153,,,,,,,,
13.555833333333332,14.604846,2.677991829652301,2.7475815,,,,,,,,
13.932545454545451,14.970955,2.7035430896207258,2.7707717,,,,,,,,
15.666117647058822,20.97889,2.813377775040993,3.0900824,,,,,,,,
13.448275862068972,14.371613,2.670575089935664,2.7325225,,,,,,,,
12.138048780487807,13.504598,2.5755125073944134,2.6744657,,,,,,,,
12.22962962962963,12.802929,2.582458982998015,2.6248808,,,,,,,,
18.992105263157896,18.689423,2.99533745878279,2.9800816,,,,,,,,
15.189019607843136,16.229034,2.784333210441731,2.846596,,,,,,,,
12.606666666666666,14.499966,2.610559868713589,2.7408378,,,,,,,,
14.555,14.7480345,2.7443821303496003,2.7567155,,,,,,,,
16.83013888888889,16.386145,2.8808902214627072,2.8556736,,,,,,,,
35.98783333333331,39.527077,3.610589029739341,3.7019703,,,,,,,,
12.354230769230771,12.366104,2.591833246193266,2.592722,,,,,,,,
17.976000000000003,16.81662,2.943175022815315,2.8801317,,,,,,,,
13.216666666666667,12.909117,2.6544149852695784,2.6325445,,,,,,,,
14.369577464788737,16.676125,2.7323900662675307,2.8722148,,,,,,,,
13.873055555555556,17.237646,2.699551223932978,2.903488,,,,,,,,
12.665205479452052,14.3029,2.6148528561826057,2.7280424,,,,,,,,
16.87098901098901,15.418724,2.883178672407024,2.7984223,,,,,,,,
15.137037037037043,13.897442,2.7811170671190677,2.7011895,,,,,,,,
12.6775,12.968594,2.615752146955844,2.6368115,,,,,,,,
13.187540983606556,12.812591,2.6523641839498056,2.6255805,,,,,,,,
11.31377358490566,11.694204,2.5107184395168005,2.5411456,,,,,,,,
12.764999999999993,22.822191,2.62212913859457,3.1706176,,,,,,,,
14.222372881355936,12.63064,2.722766245758281,2.6123202,,,,,,,,
15.211046511627902,19.054142,2.785692893295281,2.9984357,,,,,,,,
15.60857142857143,14.514196,2.8099189132178912,2.7417555,,,,,,,,
15.611249999999998,14.538824,2.8100801766635803,2.7433417,,,,,,,,
37.892999999999994,26.55841,3.6608142858455928,3.3163078,,,,,,,,
33.72075471698114,18.795645,3.547337626796139,2.985462,,,,,,,,
13.608170731707315,13.966478,2.6815810113327334,2.705813,,,,,,,,
14.40000000000001,14.729542,2.734367509419584,2.7555406,,,,,,,,
13.208000000000002,12.147633,2.6538051862498144,2.5762417,,,,,,,,
13.573214285714286,14.040628,2.679185205740048,2.710755,,,,,,,,
13.56,12.80615,2.67827804276854,2.6251142,,,,,,,,
13.385802469135811,15.907835,2.666241780580412,2.8277771,,,,,,,,
13.790000000000001,13.782133,2.6939512767227085,2.6934192,,,,,,,,
15.922264150943398,16.647343,2.8286301602932165,2.8705852,,,,,,,,
12.826376811594205,12.068238,2.626578130991865,2.5701847,,,,,,,,
12.688142857142857,12.946886,2.6165299732057155,2.6352563,,,,,,,,
14.593239436619715,14.490272,2.746837450876359,2.7402122,,,,,,,,
13.306666666666665,13.315479,2.660725629094388,2.6613414,,,,,,,,
34.78890909090909,38.36362,3.5776380434782094,3.672842,,,,,,,,
14.546229508196722,13.487759,2.743818133866217,2.673304,,,,,,,,
12.499113924050636,14.8726225,2.6026240480347878,2.7645957,,,,,,,,
12.355961538461539,12.234967,2.591962842357401,2.5828624,,,,,,,,
16.010816326530616,14.99979,2.8338493962339366,2.7725756,,,,,,,,
15.609076923076927,15.225052,2.8099493485154285,2.7865565,,,,,,,,
10.26183673469388,11.18155,2.4214197297191644,2.4999225,,,,,,,,
13.406521739130437,13.076792,2.6676810026050863,2.6445274,,,,,,,,
16.482068965517243,14.870071,2.8611757250948715,2.764435,,,,,,,,
13.111639344262292,14.184601,2.6469999422671022,2.7202818,,,,,,,,
13.812794117647055,13.62855,2.6954912747419044,2.682975,,,,,,,,
13.134999999999998,13.081265,2.6486539911455536,2.6448452,,,,,,,,
16.732499999999998,15.289169,2.8753991140941046,2.7905004,,,,,,,,
13.971951219512194,14.077462,2.706178531922541,2.713201,,,,,,,,
12.113456790123454,13.273322,2.573638938848648,2.6583922,,,,,,,,
11.655000000000006,12.36642,2.538052393997088,2.5927455,,,,,,,,
12.92651162790698,15.108028,2.6337943348880737,2.7793179,,,,,,,,
16.631931818181812,17.146246,2.869711566026878,2.8984637,,,,,,,,
13.042500000000002,15.146055,2.642088445424451,2.7816758,,,,,,,,
26.503679245283028,28.796112,3.3143197864609077,3.394378,,,,,,,,
12.113647058823535,12.80729,2.573653448167037,2.6251967,,,,,,,,
13.727227722772279,13.543002,2.689698006568203,2.67711,,,,,,,,
36.660454545454556,15.360882,3.62861059287084,2.7948933,,,,,,,,
15.736874999999998,16.276012,2.81761436902061,2.849319,,,,,,,,
15.436756756756754,14.175509,2.799520092596714,2.719683,,,,,,,,
18.17851851851852,16.89116,2.9537908255189027,2.8843067,,,,,,,,
19.810693069306936,18.161806,3.0354669444788724,2.952919,,,,,,,,
15.741176470588236,15.489088,2.817871341599536,2.8026989,,,,,,,,
17.36340206185567,16.290415,2.9103596655135777,2.8501523,,,,,,,,
17.85892857142857,17.685926,2.9369864660172795,2.9277706,,,,,,,,
15.742380952380955,14.874102,2.8179432862724405,2.764689,,,,,,,,
15.813571428571429,15.587597,2.822186383424977,2.8086553,,,,,,,,
50.251234567901236,42.780327,3.9367397068581593,3.7791846,,,,,,,,
34.35585858585858,21.086533,3.56546410946954,3.094968,,,,,,,,
16.313478260869562,15.767868,2.851485288394158,2.8194644,,,,,,,,
15.96,16.12425,2.830857630363757,2.8404956,,,,,,,,
14.034285714285712,13.810387,2.7103333071167786,2.6953287,,,,,,,,
17.32987341772152,16.645912,2.908532156084262,2.8705041,,,,,,,,
16.909090909090907,16.602144,2.885308455939618,2.8680208,,,,,,,,
13.601927710843375,13.871912,2.681153554987711,2.6994743,,,,,,,,
14.560000000000004,14.669365,2.7447035187502458,2.7517076,,,,,,,,
20.607378640776698,19.94064,3.073034860096508,3.0416918,,,,,,,,
16.481034482758623,16.08774,2.861116549412115,2.8383613,,,,,,,,
15.864000000000004,15.377386,2.825181172358952,2.7959015,,,,,,,,
13.927118644067795,13.721656,2.703179601905694,2.6893196,,,,,,,,
55.959428571428575,49.735397,4.04233923495067,3.9266238,,,,,,,,
12.979587628865978,13.285398,2.6375982391507256,2.6592379,,,,,,,,
16.437121212121202,15.927256,2.858601336743277,2.8289251,,,,,,,,
16.935581395348837,16.134165,2.8867865272611097,2.8410745,,,,,,,,
16.763711340206182,16.364822,2.877157687590903,2.8544464,,,,,,,,
19.310142857142857,18.631735,3.0111204094002915,2.9771473,,,,,,,,
11.655000000000006,11.850704,2.538052393997088,2.5533986,,,,,,,,
18.92192307692308,17.257763,2.9918207875029443,2.9045904,,,,,,,,
16.850860215053764,16.805561,2.8820516983840223,2.8795109,,,,,,,,
43.42020202020203,38.384377,3.7936943664118608,3.6733692,,,,,,,,
23.304574468085104,24.068121,3.190664582345185,3.221597,,,,,,,,
21.98504854368932,23.012255,3.1348439412285223,3.1785643,,,,,,,,
57.2705555555556,25.8142,4.065096915270432,3.2889316,,,,,,,,
13.505,14.389596,2.6744934175733674,2.7336917,,,,,,,,
24.32986111111111,24.253254,3.23198398082094,3.228955,,,,,,,,
18.174545454545456,17.95882,2.9535836418638985,2.9422693,,,,,,,,
23.47397260273973,28.647211,3.1976102101193478,3.389368,,,,,,,,
18.120194174757295,18.555374,2.950745063155228,2.9732502,,,,,,,,
19.357956989247317,19.665222,3.013471842307969,3.0284522,,,,,,,,
21.66815384615385,24.375914,3.1209610252154274,3.2338004,,,,,,,,
19.86546511627907,20.006145,3.038095405493074,3.044815,,,,,,,,
22.73553191489362,22.833952,3.1669731623227864,3.171111,,,,,,,,
30.5121052631579,23.696575,3.450371766078039,3.2066646,,,,,,,,
30.611204819277106,20.517832,3.4535116406317266,3.068882,,,,,,,,
36.26511627906977,25.54201,3.618057668658046,3.2787287,,,,,,,,
23.950684931506846,24.194883,3.216901273985327,3.226641,,,,,,,,
21.93148148148148,24.008657,3.1325107036567785,3.219222,,,,,,,,
23.522772277227727,23.911283,3.1996021665541488,3.2153208,,,,,,,,
17.069684210526315,18.301662,2.8942356285536075,2.9601912,,,,,,,,
18.934333333333342,19.588861,2.992443538254224,3.0247502,,,,,,,,
23.494000000000003,23.324974,3.198428189599096,3.1915035,,,,,,,,
18.146938775510204,18.838432,2.952142847783731,2.987621,,,,,,,,
18.743265306122446,18.605371,2.9828124360360224,2.9758036,,,,,,,,
18.87413793103448,19.90318,2.9894192850605474,3.0399013,,,,,,,,
18.20933333333333,18.39804,2.9553962720311167,2.965172,,,,,,,,
18.703820224719106,18.408546,2.9808125369803857,2.9657135,,,,,,,,
41.50212765957448,41.719994,3.749554137255505,3.754667,,,,,,,,
22.25109589041096,23.551262,3.1463522659939818,3.2007632,,,,,,,,
19.27698795180723,20.261255,3.009486644605908,3.0568864,,,,,,,,
17.81475247524752,18.916851,2.934641268245205,2.9915662,,,,,,,,
23.807000000000002,24.079151,3.2111258714081394,3.2220368,,,,,,,,
24.06719999999999,25.093142,3.221560218657085,3.2616725,,,,,,,,
21.56325842696629,21.976498,3.116322850019726,3.134472,,,,,,,,
22.49190476190476,22.291588,3.156655883587044,3.1480923,,,,,,,,
25.317500000000003,24.361319,3.270234117143343,3.233225,,,,,,,,
26.04000000000001,26.377264,3.2973172511747637,3.309713,,,,,,,,
47.74039603960397,37.863346,3.886508173720141,3.6600516,,,,,,,,
59.53875,38.649326,4.103283655874629,3.680074,,,,,,,,
40.497300000000024,27.648739,3.72562836487918,3.3551095,,,,,,,,
41.18907216494846,24.260643,3.7421612340704953,3.2292476,,,,,,,,
30.49887640449439,27.593304,3.4499518754968177,3.3531725,,,,,,,,
27.618260869565216,26.706226,3.3540450060193896,3.3216572,,,,,,,,
30.036435643564356,26.06753,3.43516185765069,3.2983348,,,,,,,,
25.29933333333334,25.103924,3.2695435903199805,3.2620857,,,,,,,,
23.972542372881353,25.727695,3.2177769162044423,3.2857003,,,,,,,,
25.95041237113402,26.809912,3.293998598578722,3.3253925,,,,,,,,
21.624731182795696,23.01206,3.1190436080920105,3.1785562,,,,,,,,
19.189655172413794,20.242939,3.005170353051298,3.0560246,,,,,,,,
25.02484536082474,25.268377,3.259051672536203,3.2683659,,,,,,,,
31.090854700854706,28.20859,3.468571089259274,3.3744628,,,,,,,,
28.720388349514558,27.029985,3.39183328670613,3.3332748,,,,,,,,
27.86095890410959,25.59463,3.362489778854375,3.2807093,,,,,,,,
20.427586206896553,21.44517,3.064679166972473,3.1110754,,,,,,,,
28.718961038961048,27.077011,3.39178526092629,3.3349512,,,,,,,,
27.85368932038834,28.295446,3.3622378641677804,3.377432,,,,,,,,
23.216142857142856,25.185213,3.187019470989383,3.265195,,,,,,,,
25.001170212765963,24.172865,3.2581415451919504,3.2257667,,,,,,,,
12.206292134831461,13.080658,2.5806933928991627,2.644802,,,,,,,,
30.203749999999996,28.784798,3.440538279900612,3.3939981,,,,,,,,
26.440784313725487,25.815018,3.3120303853109183,3.2889621,,,,,,,,
20.993243243243235,22.96575,3.090735280878554,3.1766257,,,,,,,,
27.076736842105262,26.40157,3.334941363078048,3.3106003,,,,,,,,
23.50095238095239,22.823254,3.198711989487092,3.1706622,,,,,,,,
22.196543209876545,24.255108,3.144003267996438,3.2290285,,,,,,,,
21.33051724137931,21.980696,3.105954229102798,3.1346545,,,,,,,,
24.378723404255314,24.383259,3.23391116174047,3.2340899,,,,,,,,
28.388659793814426,30.14757,3.380608878636212,3.4387362,,,,,,,,
30.572396694214888,29.624327,3.452283216514936,3.4217947,,,,,,,,
21.084848484848482,23.561155,3.0948917844792683,3.2011662,,,,,,,,
43.3468468468468,27.348354,3.7920416092009455,3.344569,,,,,,,,
12.117500000000003,14.041715,2.57394721657873,2.7108274,,,,,,,,
21.472289156626506,21.74,3.112282957137568,3.1241255,,,,,,,,
23.233333333333338,23.940111,3.187729095871364,3.2164774,,,,,,,,
22.78915662650602,30.987986,3.169229872930106,3.4653604,,,,,,,,
13.134999999999998,13.933992,2.6486539911455536,2.70364,,,,,,,,
21.627835051546388,22.257938,3.119180787881527,3.1466465,,,,,,,,
36.57839506172837,30.272587,3.6264292858282183,3.4427419,,,,,,,,
28.452391304347827,29.331589,3.3827751055905524,3.4121897,,,,,,,,
28.498181818181813,26.820908,3.384328628164393,3.3257878,,,,,,,,
18.26591549295775,20.17465,2.9583374979953723,3.0528047,,,,,,,,
37.194631578947366,22.372248,3.64269497115409,3.1515493,,,,,,,,
29.13148648648649,27.34042,3.405570687686492,3.344289,,,,,,,,
13.315862068965519,14.057883,2.6613681581106143,2.7119017,,,,,,,,
25.1077894736842,24.745842,3.262233717069715,3.2482731,,,,,,,,
22.779545454545453,24.276897,3.1688257764687404,3.2298908,,,,,,,,
28.868125000000003,34.117477,3.396791858245721,3.558699,,,,,,,,
28.01250000000002,27.424858,3.367726771600556,3.347264,,,,,,,,
22.420441176470582,22.879831,3.1536091955869616,3.1730342,,,,,,,,
26.190125000000002,25.001194,3.302853855912223,3.2581425,,,,,,,,
26.98058252427185,26.541733,3.331510788329832,3.3157024,,,,,,,,
26.273750000000017,27.661556,3.3059247011547237,3.3555567,,,,,,,,
19.818526315789473,21.413404,3.035843278538972,3.1096592,,,,,,,,
21.063861386138615,20.92827,3.0939410386770883,3.0877767,,,,,,,,
20.10105263157895,20.948475,3.049322926990225,3.0886977,,,,,,,,
22.10833333333333,22.268677,3.140193302833732,3.147108,,,,,,,,
21.21595744680851,21.455837,3.1008108345727265,3.1115506,,,,,,,,
32.544578313253005,26.872732,3.512875250157869,3.3276489,,,,,,,,
16.355172413793106,15.856054,2.8538905837958404,2.82471,,,,,,,,
12.535,14.254197,2.6052789230662645,2.7248547,,,,,,,,
18.521688311688315,18.879782,2.971526068622258,2.9897032,,,,,,,,
20.68661538461539,20.111135,3.0766952676931774,3.0498006,,,,,,,,
18.571847826086955,20.258701,2.974092198314235,3.0567663,,,,,,,,
18.133461538461535,18.099386,2.9514387152514185,2.9496562,,,,,,,,
17.43460317460318,17.658289,2.914229505802308,2.9262905,,,,,,,,
16.057340425531912,16.828598,2.8365806345724858,2.8808038,,,,,,,,
20.165925925925926,21.167358,3.052392620992628,3.098621,,,,,,,,
17.550967741935484,18.496634,2.9205219570692456,2.9702418,,,,,,,,
54.11525641025643,46.95794,4.009426563681631,3.8703244,,,,,,,,
18.688787878787874,18.506313,2.98004933051173,2.9707382,,,,,,,,
21.364558823529407,21.416142,3.107477510489908,3.1097813,,,,,,,,
33.514851485148505,18.300987,3.5413897092387066,2.9601562,,,,,,,,
43.9,31.081219,3.8044377947482086,3.4682708,,,,,,,,
17.12375,17.720797,2.8972232328452665,2.929635,,,,,,,,
12.285915492957747,14.069419,2.586704488614492,2.7126675,,,,,,,,
16.966349206349218,17.607216,2.888500519685312,2.9235494,,,,,,,,
22.89810126582278,24.04779,3.1737990108368948,3.2207856,,,,,,,,
20.67208791208791,26.639576,3.076025161257028,3.3192487,,,,,,,,
23.196527777777774,27.149052,3.186209142611247,3.3375137,,,,,,,,
17.40829268292683,17.857908,2.9128012523745284,2.9369323,,,,,,,,
21.333170731707312,20.960619,3.1060730500265303,3.0892508,,,,,,,,
18.60181818181818,19.289925,2.9756223263126014,3.0101244,,,,,,,,
15.602199999999996,16.279366,2.8095352167016387,2.849513,,,,,,,,
13.674018691588786,14.857961,2.6860784940806046,2.7636716,,,,,,,,
19.36262626262626,19.488659,3.013701174651788,3.0198715,,,,,,,,
19.673124999999995,23.603043,3.028834547559027,3.2028701,,,,,,,,
19.161018518518517,19.524687,3.0037509636788977,3.0216284,,,,,,,,
19.25554455445544,18.352106,3.00842856123305,2.9628012,,,,,,,,
15.511578947368424,17.014774,2.8040618891780253,2.8911922,,,,,,,,
18.518554216867464,19.299622,2.9713655114830297,3.0106022,,,,,,,,
20.131153846153843,19.469069,3.050748437148597,3.018915,,,,,,,,
15.0075,14.946357,2.77305736241082,2.7692304,,,,,,,,
33.200000000000024,28.23756,3.53222564406856,3.3754542,,,,,,,,
15.703417721518989,16.77007,2.8156133524671128,2.8775156,,,,,,,,
29.26935483870968,24.874014,3.4101358092521354,3.2532392,,,,,,,,
14.280319148936172,15.60857,2.7265656702307326,2.8099189,,,,,,,,
15.110172413793105,15.840725,2.7794508994154814,2.8238,,,,,,,,
17.726321839080455,18.699425,2.9299301191190046,2.9805894,,,,,,,,
13.304782608695644,14.199669,2.660593929511077,2.7212737,,,,,,,,
17.018857142857144,20.167719,2.8914188285739044,3.0524774,,,,,,,,
16.586292134831456,16.949663,2.8671197426027244,2.8875713,,,,,,,,
15.17860465116279,17.821964,2.7836896687992274,2.9350245,,,,,,,,
18.87500000000001,19.423744,2.989462660540396,3.0166981,,,,,,,,
19.195573770491805,19.070534,3.0054634601241217,2.9992528,,,,,,,,
21.389268292682928,21.55977,3.108581749982103,3.1161683,,,,,,,,
20.080322580645163,20.514898,3.0483400262432285,3.0687456,,,,,,,,
21.01040404040404,22.699911,3.091515252498642,3.1654713,,,,,,,,
18.233855421686737,19.532028,2.956672029452573,3.021986,,,,,,,,
14.475157894736848,15.138556,2.73923602173262,2.7812111,,,,,,,,
20.266341463414633,20.636349,3.0571256098767483,3.0743747,,,,,,,,
18.109615384615388,19.475756,2.9501916316558905,3.0192416,,,,,,,,
18.80461538461538,19.300919,2.9859150107699515,3.0106661,,,,,,,,
17.409230769230767,17.753874,2.912852211060294,2.9314003,,,,,,,,
16.9816049382716,18.122305,2.889349287477597,2.9508555,,,,,,,,
23.486627906976743,22.88861,3.198127168832562,3.1734018,,,,,,,,
13.570093457943926,15.644867,2.6789710345958704,2.8121018,,,,,,,,
19.589571428571418,19.853079,3.024784706280645,3.0375016,,,,,,,,
54.57925925925924,41.398663,4.017810096756299,3.7471168,,,,,,,,
20.52194444444444,21.715443,3.0690730864369096,3.123045,,,,,,,,
19.77081081081081,20.594429,3.033548674719276,3.0724354,,,,,,,,
17.95920792079208,17.43233,2.942289719624689,2.9141061,,,,,,,,
21.207551020408154,22.87411,3.100432367099501,3.1727946,,,,,,,,
14.599473684210524,14.739434,2.7472371754947127,2.7561693,,,,,,,,
17.390617283950622,17.513884,2.9118406043362346,2.918521,,,,,,,,
63.28245283018866,43.184673,4.163286698669431,3.788378,,,,,,,,
16.369534883720927,16.806454,2.854717802906647,2.879561,,,,,,,,
19.700000000000006,19.693802,3.030133700271324,3.0298343,,,,,,,,
15.907659574468084,16.473743,2.827766748510137,2.8606994,,,,,,,,
17.22136842105263,17.32279,2.9025949944480183,2.9081457,,,,,,,,
21.62752808988764,21.34985,3.1191672221232416,3.1068196,,,,,,,,
16.787088607594942,16.89623,2.8784728349739463,2.8845901,,,,,,,,
19.72211538461539,21.155016,3.0312015060321538,3.098064,,,,,,,,
19.02197802197802,18.380598,2.9968305713030534,2.9642725,,,,,,,,
15.177981651376147,15.823843,2.783651160423783,2.822797,,,,,,,,
21.454691358024686,23.133856,3.111499561534292,3.1836157,,,,,,,,
17.272075471698113,16.844341,2.9053739639214022,2.8816864,,,,,,,,
31.477205882352933,16.176609,3.4805384858034203,2.8435485,,,,,,,,
17.488481012658227,19.213375,2.9171478901941126,3.0063446,,,,,,,,
17.941153846153842,17.93293,2.9413370070297624,2.9409027,,,,,,,,
18.063066666666664,18.765509,2.9477527807017547,2.9839385,,,,,,,,
20.06709677419354,22.117882,3.047712428772817,3.1406064,,,,,,,,
13.681707317073174,15.055153,2.686602318676728,2.7760298,,,,,,,,
18.62,19.046322,2.976549454137217,2.9980457,,,,,,,,
21.485106382978724,21.893559,3.112853151498057,3.1308556,,,,,,,,
18.79600000000001,19.333586,2.98547989708964,3.012274,,,,,,,,
17.875616438356154,19.628592,2.937870953587552,3.026678,,,,,,,,
13.745600000000001,13.128686,2.690944733199271,2.6482072,,,,,,,,
22.144886363636367,22.572504,3.141773864712545,3.160081,,,,,,,,
17.412631578947373,18.416258,2.913036927938225,2.9661107,,,,,,,,
27.99913043478261,29.825237,3.3672658445294186,3.4283338,,,,,,,,
16.50857142857143,16.499317,2.862690556936968,2.8621619,,,,,,,,
22.318536585365855,22.321339,3.149248605883949,3.1493688,,,,,,,,
17.701515151515142,17.3458,2.928604544723457,2.9094007,,,,,,,,
20.32034090909091,21.302986,3.059661589277257,3.1047206,,,,,,,,
22.940645161290327,23.57031,3.17557764885987,3.2015388,,,,,,,,
22.464246575342468,24.528603,3.155477840286081,3.2397995,,,,,,,,
21.25343137254902,22.795132,3.1024962157126903,3.169481,,,,,,,,
20.675217391304344,21.05513,3.076169552203592,3.0935452,,,,,,,,
19.959239130434785,21.069815,3.0425795577650683,3.0942109,,,,,,,,
19.656000000000002,19.955868,3.028005834104287,3.0424187,,,,,,,,
25.07,24.994488,3.2607852279454104,3.2578845,,,,,,,,
25.606883116883115,25.593088,3.281169946106676,3.2806513,,,,,,,,
20.360652173913046,20.31378,3.061550546112453,3.0593538,,,,,,,,
18.69,19.15721,2.9801108926510342,3.003562,,,,,,,,
25.76454545454545,24.96738,3.287078080870776,3.2568412,,,,,,,,
26.648999999999997,24.948753,3.3195895609490447,3.2561235,,,,,,,,
20.33333333333333,21.837027,3.060270794691562,3.1283832,,,,,,,,
23.825294117647054,23.119717,3.2118630575004112,3.1830297,,,,,,,,
18.25325301204819,18.438217,2.9576800340958576,2.967241,,,,,,,,
23.17290697674418,23.508299,3.185232459586889,3.1990118,,,,,,,,
21.650500000000005,22.899208,3.1201819267405804,3.1738453,,,,,,,,
12.394999999999998,13.0414915,2.594881502996572,2.6420166,,,,,,,,
53.525789473684206,38.866623,3.9986737910967496,3.6855395,,,,,,,,
17.98723076923077,18.153387,2.943766688452345,2.9524796,,,,,,,,
21.90242424242425,21.874102,3.1312427670717917,3.1300054,,,,,,,,
21.866483516483505,22.824163,3.129672236548425,3.1707003,,,,,,,,
26.562500000000004,28.18049,3.316456153207065,3.3735003,,,,,,,,
23.579156626506027,24.481743,3.201898792178452,3.2379622,,,,,,,,
14.48529411764706,14.478905,2.739890806957869,2.739478,,,,,,,,
21.21931818181818,21.035078,3.1009620988540227,3.0926356,,,,,,,,
15.201147540983609,14.976195,2.7850820755927828,2.7710998,,,,,,,,
24.30821052631579,25.998283,3.231128869817914,3.2957733,,,,,,,,
22.133066666666664,21.872684,3.1412630514006867,3.1299434,,,,,,,,
40.40336448598131,38.163498,3.723362145306548,3.667745,,,,,,,,
25.224395604395603,23.926552,3.266690107473243,3.2159336,,,,,,,,
28.65069444444444,21.956776,3.3894855465672467,3.133613,,,,,,,,
23.368351648351652,22.905527,3.1932852267919394,3.1741097,,,,,,,,
23.647000000000002,24.484034,3.204655189228229,3.2380521,,,,,,,,
23.75376237623764,24.09,3.20897749266308,3.2224693,,,,,,,,
18.65746987951807,19.784323,2.9784574126182406,3.034199,,,,,,,,
17.717475728155335,17.924202,2.929457618375787,2.9404416,,,,,,,,
23.110864197530866,23.22092,3.1826625354964024,3.1872168,,,,,,,,
19.816710526315784,19.951502,3.035756054849974,3.0422103,,,,,,,,
28.42375000000001,27.055666,3.3818021713604,3.3341906,,,,,,,,
20.47803278688525,20.566614,3.067030681968301,3.0711465,,,,,,,,
21.65307692307692,21.753313,3.120295689196206,3.1247108,,,,,,,,
26.611511627906975,25.031538,3.3182327737337403,3.2593088,,,,,,,,
21.134505494505497,22.571665,3.0971377255010992,3.1600454,,,,,,,,
36.92936842105263,28.973671,3.635725704390349,3.4003193,,,,,,,,
18.96322580645161,18.922836,2.993891871374935,2.9918666,,,,,,,,
23.821192660550462,23.225927,3.211697831021275,3.1874235,,,,,,,,
22.260344827586202,22.400902,3.146749971898352,3.1527746,,,,,,,,
25.19880952380952,23.490765,3.2657139717121755,3.198296,,,,,,,,
20.431648351648356,20.892643,3.064868724476512,3.0861506,,,,,,,,
17.335000000000004,17.661667,2.9088118015232896,2.9264715,,,,,,,,
26.212173913043475,15.969677,3.3036644435047067,2.831428,,,,,,,,
21.654743589743592,22.369188,3.1203692600123945,3.1514184,,,,,,,,
20.416829268292684,20.809336,3.06417702737222,3.082338,,,,,,,,
22.303521126760558,21.967478,3.148604470474174,3.1340792,,,,,,,,
20.703855421686743,20.183153,3.0774899139672645,3.0532062,,,,,,,,
20.01820512820513,21.309017,3.0453889730401382,3.104991,,,,,,,,
34.552772277227724,30.16073,3.571018135690567,3.4391587,,,,,,,,
17.728505747126437,18.291422,2.9300467346897707,2.9596605,,,,,,,,
18.452446808510633,19.376146,2.9679728620757344,3.014365,,,,,,,,
17.052,16.748417,2.893256481964755,2.8762963,,,,,,,,
16.396000000000004,17.478807,2.856240294735392,2.9166245,,,,,,,,
22.888686868686865,23.60069,3.173404994096066,3.2027745,,,,,,,,
17.643366336633665,17.354528,2.925490390410575,2.9098763,,,,,,,,
18.255977011494252,23.150526,2.957821506644072,3.1843061,,,,,,,,
17.997000000000003,19.158794,2.944281071962912,3.0036407,,,,,,,,
19.23428571428572,20.060656,3.00737847818839,3.0474067,,,,,,,,
21.366029411764707,21.577818,3.1075432636263565,3.116968,,,,,,,,
18.538333333333334,19.006897,2.972378347855682,2.996077,,,,,,,,
18.12131313131314,19.010956,2.95080358368096,2.99628,,,,,,,,
16.543604651162784,17.18663,2.864689476158233,2.9006867,,,,,,,,
12.487499999999999,13.657662,2.601763330584253,2.6849632,,,,,,,,
42.221929824561414,37.32354,3.766348001274904,3.6460643,,,,,,,,
18.344727272727273,19.210028,2.9624198899774847,3.0061789,,,,,,,,
19.803333333333327,21.06518,3.0351132302778416,3.0940008,,,,,,,,
22.930434782608693,23.160788,3.175151070689984,3.184731,,,,,,,,
17.543076923076924,17.549915,2.920096507698661,2.9204652,,,,,,,,
17.949146341463415,18.005617,2.941758882569863,2.9447346,,,,,,,,
16.294141414141414,15.851469,2.8503677975686097,2.8244379,,,,,,,,
22.58894117647059,23.269737,3.160778007989636,3.1892302,,,,,,,,
22.602222222222224,24.531597,3.1613408695571743,3.2399168,,,,,,,,
15.5381,16.887068,2.8056668099620663,2.884078,,,,,,,,
39.9892957746479,20.182476,3.713310953950215,3.0531743,,,,,,,,
12.8575,13.356135,2.6288266023118227,2.6641774,,,,,,,,
13.874999999999993,13.442229,2.699681951431693,2.6701565,,,,,,,,
13.412499999999998,13.312882,2.6680958855951773,2.66116,,,,,,,,
13.30775510204082,13.880318,2.660801705094349,2.7000394,,,,,,,,
15.338723404255319,15.030344,2.793537959345223,2.7744834,,,,,,,,
35.76642857142857,37.72303,3.604585161725281,3.6564345,,,,,,,,
15.061311475409834,14.672855,2.776413366168962,2.7519302,,,,,,,,
22.277758620689657,17.069103,3.1474983390481017,2.8942034,,,,,,,,
13.5287012987013,13.192502,2.676126092906241,2.6527138,,,,,,,,
15.053085106382987,15.371656,2.775901049570652,2.7955515,,,,,,,,
30.68336956521739,14.394628,3.455791923828559,2.7340186,,,,,,,,
14.069999999999999,14.466255,2.712706012638404,2.7386606,,,,,,,,
12.302500000000002,13.228869,2.5879519874883874,2.655273,,,,,,,,
13.40418604651163,13.471606,2.6675188620119914,2.6721885,,,,,,,,
15.321511627906983,14.264533,2.7924839695056054,2.725532,,,,,,,,
14.042191780821916,13.784322,2.7108590380119333,2.6935673,,,,,,,,
11.192553191489365,13.528305,2.50082537123265,2.6760988,,,,,,,,
42.85824175824176,42.361668,3.780962654594826,3.7695758,,,,,,,,
11.836483516483517,12.2058115,2.5522913913199856,2.580657,,,,,,,,
14.129375000000007,13.595729,2.716638218288744,2.680729,,,,,,,,
12.760714285714284,13.244796,2.621817741456908,2.6563916,,,,,,,,
15.400000000000002,15.778749,2.797281334830153,2.8201132,,,,,,,,
12.484000000000002,12.733089,2.6015037973718145,2.6198082,,,,,,,,
14.812758620689655,23.380562,2.7608171218126243,3.1937861,,,,,,,,
14.241111111111111,13.412705,2.7239964551540963,2.6681101,,,,,,,,
15.11384615384615,14.988586,2.77967891194975,2.7718751,,,,,,,,
12.483846153846153,12.121131,2.6014923877729186,2.574224,,,,,,,,
53.778985507246375,51.31471,4.003306644263051,3.9572775,,,,,,,,
12.394999999999998,12.581899,2.594881502996572,2.608738,,,,,,,,
11.489805825242723,11.793791,2.524912777598923,2.54896,,,,,,,,
11.004432989690724,11.504135,2.485275997378341,2.5260594,,,,,,,,
12.946601941747572,13.2566805,2.6352358901897084,2.6572256,,,,,,,,
14.809803921568623,14.532772,2.7606302489666503,2.742952,,,,,,,,
14.949204545454545,14.4678,2.7694089562288804,2.7387605,,,,,,,,
13.369454545454552,13.434559,2.665104741503748,2.6696253,,,,,,,,
14.32845070422536,13.86074,2.729710624777516,2.6987228,,,,,,,,
10.449473684210528,11.174643,2.437943762499264,2.4993553,,,,,,,,
45.578936170212764,39.509247,3.841148425427949,3.7015302,,,,,,,,
12.764999999999993,13.150956,2.62212913859457,2.6497822,,,,,,,,
12.484000000000002,12.4646225,2.6015037973718145,2.6000657,,,,,,,,
12.484285714285711,12.556283,2.6015249862815395,2.6068501,,,,,,,,
13.337241379310345,12.967458,2.662860444232494,2.6367302,,,,,,,,
14.305660377358489,14.566453,2.7282227192847968,2.7451181,,,,,,,,
13.072558139534886,12.480391,2.6442266697765304,2.601236,,,,,,,,
13.844597701149427,15.693436,2.69763600789226,2.8150156,,,,,,,,
13.408602150537636,12.977772,2.667825399791701,2.6374683,,,,,,,,
14.42272727272727,14.6262865,2.7358422184318685,2.7489545,,,,,,,,
12.95,12.799006,2.6354795082673745,2.6245966,,,,,,,,
13.394761904761907,13.188699,2.666864383792713,2.6524458,,,,,,,,
13.039266055045877,13.359435,2.641858121949632,2.6644073,,,,,,,,
13.038539325842695,13.161112,2.6418063565645897,2.6504996,,,,,,,,
12.209999999999999,12.840763,2.580974118534234,2.627618,,,,,,,,
13.934404761904764,14.092898,2.7036675956280845,2.7142243,,,,,,,,
15.768888888888892,15.09477,2.8195253177598905,2.7784944,,,,,,,,
12.672500000000001,12.650719,2.615386516238791,2.6137922,,,,,,,,
12.764999999999993,13.178192,2.62212913859457,2.651705,,,,,,,,
11.836235294117646,12.068851,2.5522720538771764,2.5702317,,,,,,,,
13.02551724137931,13.253788,2.640878330684455,2.6570227,,,,,,,,
16.821818181818177,17.442936,2.880423447242976,2.9146814,,,,,,,,
45.9025396825397,46.473938,3.84807182499976,3.8601809,,,,,,,,
13.917029702970298,14.13987,2.702503493385893,2.7173316,,,,,,,,
17.7126582278481,16.559654,2.9292002054400226,2.865604,,,,,,,,
14.511724137931033,14.531901,2.741596133997472,2.742896,,,,,,,,
18.4832183908046,16.812403,2.9695534997015782,2.879895,,,,,,,,
49.598470588235294,41.39384,3.9239213503076726,3.747003,,,,,,,,
13.755961538461538,14.972672,2.6916471732293745,2.7708793,,,,,,,,
17.282891566265057,16.260178,2.90596573547854,2.848402,,,,,,,,
12.329178082191783,12.803755,2.5899554730391787,2.6249406,,,,,,,,
42.388064516129035,39.29687,3.770184392134758,3.6962738,,,,,,,,
14.648636363636363,14.705136,2.750383779875864,2.7539878,,,,,,,,
18.629885057471267,18.2558,2.977053152818922,2.9578123,,,,,,,,
15.866224489795929,15.227276,2.82531307126166,2.7866936,,,,,,,,
28.379883720930234,35.040253,3.3803102129751434,3.5846364,,,,,,,,
14.478440366972478,14.130297,2.739448111598243,2.7166991,,,,,,,,
14.944285714285716,14.069035,2.7691005026123103,2.712642,,,,,,,,
16.726043956043952,16.270206,2.875034968062875,2.8489828,,,,,,,,
16.658653846153836,16.42222,2.871225966118349,2.8577464,,,,,,,,
14.242987012987017,13.8634615,2.7241195292808515,2.698906,,,,,,,,
14.62214285714286,14.569994,2.7486893217592026,2.7453456,,,,,,,,
16.392038834951464,18.394032,2.856012563296753,2.9649653,,,,,,,,
14.711785714285712,14.70997,2.754411113171711,2.7542956,,,,,,,,
13.923684210526316,13.210138,2.7029494952935966,2.6539557,,,,,,,,
16.35970873786408,15.124409,2.854151931318649,2.7803342,,,,,,,,
12.67095238095238,12.378685,2.6152733177276657,2.5936627,,,,,,,,
16.14268292682927,14.723986,2.841571431073467,2.7551873,,,,,,,,
14.679999999999998,14.379546,2.7523860149222616,2.7330384,,,,,,,,
17.99323232323232,22.189795,2.9440827222003745,3.1437123,,,,,,,,
14.126842105263156,13.1666155,2.716470788584366,2.6508882,,,,,,,,
18.11842105263158,16.101313,2.950652323283952,2.8391552,,,,,,,,
16.361650485436893,15.937902,2.8542637787588574,2.8295538,,,,,,,,
20.6703846153846,20.668009,3.075946564139473,3.075837,,,,,,,,
20.448080808080803,20.85217,3.065635168554349,3.0843003,,,,,,,,
18.3312676056338,18.841028,2.9617238681851985,2.987752,,,,,,,,
34.15211764705883,36.73665,3.559684862446475,3.6306317,,,,,,,,
31.777402597402606,23.580435,3.489739332757155,3.2019508,,,,,,,,
17.185955056179775,17.472631,2.9006495959589635,2.9162903,,,,,,,,
21.17168539325842,21.55777,3.098816042085538,3.1160796,,,,,,,,
19.46,19.969492,3.0184717605234805,3.0430686,,,,,,,,
15.295670103092782,15.283588,2.790899434677666,2.7901578,,,,,,,,
19.04240963855422,19.017103,2.997850510433062,2.996587,,,,,,,,
19.75573033707865,21.1369,3.0328223693743936,3.097246,,,,,,,,
17.866282051282045,17.5053,2.937376310358781,2.9180572,,,,,,,,
21.54718309859155,21.708078,3.1156101401232337,3.1227207,,,,,,,,
12.764931506849317,14.153101,2.622124162690387,2.7182052,,,,,,,,
20.553749999999997,21.973207,3.070549815332204,3.1343286,,,,,,,,
15.528440366972482,16.176752,2.8050825557162278,2.843557,,,,,,,,
13.646788990825685,16.19765,2.684221129925693,2.8447728,,,,,,,,
20.112804878048777,20.922472,3.0498797226713954,3.0875123,,,,,,,,
20.878,21.086924,3.085481565697599,3.0949857,,,,,,,,
15.912698412698411,16.700697,2.828064725147139,2.873604,,,,,,,,
17.74317647058824,18.68227,2.9308297646122683,2.9797182,,,,,,,,
19.710166666666666,19.637236,3.0306247230171515,3.027097,,,,,,,,
33.91903614457832,41.1513,3.553032128774265,3.7412655,,,,,,,,
19.95179775280899,20.213696,3.0422244542764707,3.054647,,,,,,,,
20.46666666666666,21.371431,3.066501344442198,3.1077847,,,,,,,,
19.385094339622643,19.186152,3.0148039641546776,3.0049968,,,,,,,,
14.78842105263158,15.449547,2.759276826600773,2.800298,,,,,,,,
14.646315789473682,15.519821,2.750235476459033,2.804561,,,,,,,,
17.39842105263157,17.69622,2.912264848575869,2.9283214,,,,,,,,
23.79324675324675,24.929636,3.2105713077514646,3.2553866,,,,,,,,
29.78630136986302,34.363686,3.427069830325411,3.5656855,,,,,,,,
28.74988888888889,33.505646,3.3928253971574,3.541123,,,,,,,,
47.716666666666654,37.448994,3.886021202889145,3.6493325,,,,,,,,
25.47888888888889,24.988092,3.2763477697990533,3.2576385,,,,,,,,
25.192134831460674,24.980057,3.2654591684263368,3.2573292,,,,,,,,
23.676388888888887,24.804468,3.205846871025805,3.2505476,,,,,,,,
21.26571428571428,22.15401,3.1030480193601013,3.142168,,,,,,,,
23.950140845070425,23.855024,3.2168794672745973,3.21306,,,,,,,,
23.39594202898552,28.674366,3.194416808180588,3.3902836,,,,,,,,
28.843750000000004,27.264784,3.395975437681004,3.3416166,,,,,,,,
26.764027777777773,26.069336,3.3237412179730828,3.2984016,,,,,,,,
20.009659090909093,20.38528,3.044982288685717,3.062703,,,,,,,,
23.029322033898307,23.313162,3.179274836029455,3.1910179,,,,,,,,
22.690384615384616,23.849905,3.165069253386501,3.212854,,,,,,,,
23.523936170212767,24.929018,3.1996496271492467,3.2553627,,,,,,,,
22.296434782608696,23.902536,3.148300335241932,3.2149696,,,,,,,,
17.042476190476197,17.58877,2.892728766327904,2.9225576,,,,,,,,
42.32058823529411,31.061169,3.768628000879336,3.4676456,,,,,,,,
16.66821052631579,17.136549,2.8717670093479044,2.8979292,,,,,,,,
28.353442622950816,27.299091,3.3794098348964057,3.3428297,,,,,,,,
29.38639175257732,27.21985,3.4139948684737567,3.3400257,,,,,,,,
23.77380952380953,24.292486,3.209787027550321,3.2305074,,,,,,,,
27.607931034482764,27.150152,3.3536839882808,3.3375528,,,,,,,,
18.343448275862066,19.181444,2.9623537717463955,3.0047636,,,,,,,,
26.77662921348314,27.307365,3.324194991356555,3.343122,,,,,,,,
25.359906542056073,25.904385,3.2718441641825007,3.2922893,,,,,,,,
23.7325,25.09018,3.2081181682152407,3.261559,,,,,,,,
24.887999999999995,25.15986,3.253779540876081,3.2642262,,,,,,,,
20.648666666666664,20.850483,3.0749438667167555,3.084223,,,,,,,,
23.91617283950617,28.357382,3.21551710425603,3.379544,,,,,,,,
42.91472222222222,28.081415,3.782249621998335,3.3700993,,,,,,,,
23.518072289156635,23.796421,3.1994104900800977,3.2106993,,,,,,,,
21.99345238095238,22.460955,3.135209496311339,3.1553376,,,,,,,,
22.573770491803284,22.85411,3.160134674107681,3.1719565,,,,,,,,
23.64674698795181,24.311947,3.2046449237457426,3.2312765,,,,,,,,
39.712048192771086,33.17913,3.706524073034384,3.5316153,,,,,,,,
26.61942857142857,26.707752,3.3185194588253664,3.3217123,,,,,,,,
28.72481132075472,26.878168,3.3919820950631667,3.327844,,,,,,,,
26.61063492063492,26.859869,3.3182010217165905,3.3271873,,,,,,,,
23.610500000000002,23.722696,3.20317318114091,3.2077217,,,,,,,,
18.344696969696965,18.53311,2.9624183235013275,2.972111,,,,,,,,
16.18962962962963,17.123663,2.8443062734750155,2.8972185,,,,,,,,
22.547441860465117,22.271229,3.159017188679623,3.1472178,,,,,,,,
24.7388764044944,26.314823,3.2480025494861717,3.3074296,,,,,,,,
16.978764044943826,17.595161,2.88919128613256,2.9229014,,,,,,,,
26.204123711340205,25.147284,3.303368568845333,3.2637453,,,,,,,,
24.33042857142857,24.142115,3.232006383389936,3.2245443,,,,,,,,
65.4255357142857,51.50291,4.196081556563084,3.9608686,,,,,,,,
22.728207547169813,23.484774,3.1666645322879448,3.1980515,,,,,,,,
25.59019230769229,24.785372,3.280542437560189,3.2498074,,,,,,,,
19.960404040404025,20.611958,3.042635136003881,3.0732467,,,,,,,,
27.0525,25.971422,3.3340777545568843,3.2947779,,,,,,,,
20.169374999999995,21.485458,3.052555561801186,3.1128688,,,,,,,,
24.691333333333336,23.95244,3.2461537106443283,3.2169716,,,,,,,,
42.58529411764709,25.047375,3.774719802579972,3.259917,,,,,,,,
24.455714285714283,24.45987,3.23694024768401,3.2371035,,,,,,,,
20.610705882352946,21.22988,3.0731888346013725,3.1014373,,,,,,,,
23.463846153846152,24.400257,3.197196360491579,3.2347593,,,,,,,,
22.45114942528736,22.78486,3.1549195096947686,3.1690493,,,,,,,,
23.62207792207792,23.714033,3.2036435169543087,3.2073712,,,,,,,,
21.972475247524752,21.88355,3.134296770909452,3.1304183,,,,,,,,
15.491698113207537,16.303396,2.802857109632701,2.8509028,,,,,,,,
20.776388888888878,20.32937,3.080826304350349,3.060085,,,,,,,,
19.3761052631579,20.187845,3.0143629037002224,3.0534277,,,,,,,,
18.44309734513275,25.155813,2.9674921147941937,3.2640715,,,,,,,,
15.440000000000005,15.673769,2.799717389628034,2.8138368,,,,,,,,
17.641666666666676,17.488878,2.925399218708084,2.9171693,,,,,,,,
17.68029411764706,16.676258,2.927469177732797,2.8722224,,,,,,,,
21.47352941176471,21.268435,3.11233814603736,3.1031702,,,,,,,,
22.23947916666667,21.684425,3.145852520659716,3.1216786,,,,,,,,
14.679611650485436,14.914718,2.752361247427121,2.7672443,,,,,,,,
19.84968421052632,19.020262,3.037338802351998,2.9967449,,,,,,,,
19.808,20.192307,3.0353375281463504,3.0536382,,,,,,,,
15.292558139534883,15.962715,2.790708447702603,2.8310177,,,,,,,,
20.564941176470583,20.261799,3.071068902364604,3.056912,,,,,,,,
18.414999999999996,19.429676,2.9660459631836305,3.0169885,,,,,,,,
17.718000000000004,18.579012,2.929485627735065,2.9744582,,,,,,,,
15.341864406779663,15.778229,2.793730183704967,2.8200822,,,,,,,,
17.23185185185185,18.57387,2.9031701661892115,2.9741955,,,,,,,,
16.721666666666668,17.45637,2.87478799643494,2.9154096,,,,,,,,
20.34947368421054,24.909399,3.0610270875773558,3.2546058,,,,,,,,
16.938181818181814,16.937286,2.8869315035671668,2.8868816,,,,,,,,
20.48666666666667,20.45384,3.0674325877191824,3.0659037,,,,,,,,
20.85663793103448,21.151905,3.0845046708757846,3.0979235,,,,,,,,
20.86280898876404,21.94785,3.0847869735216467,3.1332242,,,,,,,,
33.90134615384615,30.269373,3.5525254002079536,3.442639,,,,,,,,
20.273684210526312,19.807156,3.05747082580308,3.035297,,,,,,,,
17.725000000000005,18.384794,2.9298595294032834,2.964489,,,,,,,,
15.013043478260865,15.231743,2.7734036075218698,2.7869687,,,,,,,,
13.042586206896557,13.918249,2.642094584404828,2.7025852,,,,,,,,
14.856907216494845,15.601255,2.763605191925561,2.8094783,,,,,,,,
17.479555555555557,17.464125,2.9166650159002816,2.9158297,,,,,,,,
13.880379746835445,15.926651,2.700043549699962,2.8288894,,,,,,,,
17.985777777777777,18.59862,2.9436901608602843,2.975459,,,,,,,,
24.314705882352943,17.796295,3.2313854870392675,2.9336598,,,,,,,,
13.382678571428574,14.326773,2.666024605560632,2.7296011,,,,,,,,
16.574333333333346,17.351645,2.8664395043077557,2.9097192,,,,,,,,
44.31239436619716,28.798592,3.813580601383424,3.3944612,,,,,,,,
22.685168539325847,16.370905,3.164849052218071,2.8547966,,,,,,,,
14.27325,14.374959,2.726102932209662,2.7327402,,,,,,,,
17.601862745098035,17.551964,2.923261723290637,2.9205756,,,,,,,,
18.222127659574472,17.917141,2.9560620977053564,2.9400685,,,,,,,,
15.232,15.469452,2.7869846025235137,2.8015072,,,,,,,,
13.702499999999999,14.5548,2.688017547351974,2.7443693,,,,,,,,
20.174301075268815,14.369557,3.0527882329222424,2.7323887,,,,,,,,
16.60485981308411,17.877943,2.8681749896718247,2.9379942,,,,,,,,
27.95794117647058,30.224272,3.3658444730176607,3.4411957,,,,,,,,
11.915833333333335,12.5395355,2.5584539489209592,2.605614,,,,,,,,
15.066451612903226,15.474985,2.776733347209853,2.8018432,,,,,,,,
14.757647058823535,14.24248,2.7573257749856337,2.7240863,,,,,,,,
15.111060606060605,15.657272,2.779506030283203,2.812847,,,,,,,,
14.240689655172416,15.321627,2.723968802198685,2.792491,,,,,,,,
29.275822784810124,31.203312,3.410349466107361,3.4720693,,,,,,,,
16.702812499999997,18.750223,2.8737235252618696,2.9831648,,,,,,,,
13.824516129032258,15.322664,2.696282305500018,2.7925546,,,,,,,,
20.208333333333336,18.926123,3.054394186202577,2.9920316,,,,,,,,
16.606621621621624,17.327269,2.8682750597891387,2.90839,,,,,,,,
47.06730769230769,40.283447,3.8726022722721978,3.7204616,,,,,,,,
17.700571428571433,17.86342,2.9285540810712813,2.9372246,,,,,,,,
16.44476635514019,17.138374,2.859039681321199,2.8980298,,,,,,,,
17.89357142857143,17.988398,2.9388217281517868,2.943828,,,,,,,,
16.470674157303378,16.287973,2.860523712829196,2.850011,,,,,,,,
48.60223529411766,40.123234,3.904035899129084,3.7165732,,,,,,,,
16.49204081632653,15.931709,2.861745966976178,2.829188,,,,,,,,
17.271904761904768,17.257994,2.905364621217501,2.904603,,,,,,,,
38.17064516129034,14.834178,3.667927618343485,2.7621708,,,,,,,,
19.913218390804598,19.414192,3.0403814179431023,3.0162303,,,,,,,,
39.653846153846175,36.423958,3.705093447848756,3.622311,,,,,,,,
16.41404761904762,16.397886,2.8572772149293657,2.8563488,,,,,,,,
18.979512195121952,18.490694,2.994707358263804,2.969937,,,,,,,,
19.898873239436615,19.920765,3.039695245528783,3.0407422,,,,,,,,
52.587076923076914,48.744156,3.981307936825552,3.906893,,,,,,,,
16.61565217391304,16.735231,2.8687878348894467,2.8755531,,,,,,,,
48.34876543209876,34.336254,3.898912748993091,3.5649095,,,,,,,,
21.326582278481016,20.752384,3.105777998987059,3.0797234,,,,,,,,
40.886585365853655,21.743925,3.734965617333623,3.124298,,,,,,,,
15.955348837209304,15.929005,2.8305833496631703,2.8290284,,,,,,,,
19.93882978723404,20.021538,3.0416053197945727,3.0455475,,,,,,,,
19.95283018867925,20.568245,3.0422737297823605,3.071222,,,,,,,,
14.711466666666665,15.5606785,2.7543908067046914,2.8070312,,,,,,,,
14.94229166666667,15.370609,2.768975431326181,2.7954876,,,,,,,,
15.651052631578946,17.521748,2.812473435543935,2.9189456,,,,,,,,
18.311500000000002,22.014866,2.960700773382062,3.1361403,,,,,,,,
14.635882352941172,15.236219,2.749568423787614,2.7872446,,,,,,,,
16.524000000000004,17.198103,2.8635713699516523,2.9013174,,,,,,,,
16.29126984126984,16.83916,2.8502017406808102,2.881396,,,,,,,,
16.07395604395605,16.597097,2.8375542641415565,2.867734,,,,,,,,
12.992758620689653,13.399787,2.6385399544204806,2.6672134,,,,,,,,
40.29719298245617,44.254177,3.720794531130673,3.812295,,,,,,,,
27.08479591836734,23.415695,3.3352283593874885,3.1952262,,,,,,,,
14.544854368932036,15.425924,2.74372967511251,2.7988608,,,,,,,,
18.50571428571428,18.741137,2.9707074629348207,2.9827046,,,,,,,,
19.812500000000004,20.45803,3.0355537677406628,3.066099,,,,,,,,
33.15558139534885,28.972792,3.5309260103006497,3.40029,,,,,,,,
21.910693069306934,23.324753,3.1316037478326604,3.1914945,,,,,,,,
21.80626666666667,22.915508,3.1270353519961787,3.1745272,,,,,,,,
21.858426966292132,21.39848,3.12931984437577,3.108993,,,,,,,,
17.753469387755104,18.719738,2.9313787693133437,2.98162,,,,,,,,
22.129411764705896,22.954245,3.141105044216796,3.1761456,,,,,,,,
21.000000000000004,21.183474,3.091042453358316,3.0993476,,,,,,,,
17.604125,19.522808,2.9233833303244428,3.0215368,,,,,,,,
36.04010752688172,26.768806,3.612001312767332,3.3239133,,,,,,,,
17.891333333333332,18.34211,2.938703263105768,2.9622846,,,,,,,,
17.059090909090898,18.915165,2.893649209462237,2.9914815,,,,,,,,
17.358000000000004,17.640446,2.9100654467968994,2.9253337,,,,,,,,
46.48205357142859,42.606068,3.860351820099935,3.7751963,,,,,,,,
21.623921568627445,23.185173,3.119007822974925,3.1857398,,,,,,,,
15.247234042553192,16.237059,2.787922681521952,2.8470616,,,,,,,,
21.63476744186047,20.87102,3.119487106563459,3.0851624,,,,,,,,
14.385857142857153,15.439539,2.733448720114992,2.7996893,,,,,,,,
23.077627118644067,27.102066,3.1812830740005307,3.335843,,,,,,,,
17.326486486486488,16.648916,2.90834736243571,2.8706744,,,,,,,,
31.292555555555552,28.999357,3.474836725508264,3.401176,,,,,,,,
20.944782608695654,21.512697,3.088529416902735,3.1140795,,,,,,,,
31.27178947368421,25.735535,3.474193457692939,3.2859936,,,,,,,,
22.440000000000005,22.638107,3.154443964708812,3.1628602,,,,,,,,
17.41371428571428,17.960737,2.913095728600729,2.9423704,,,,,,,,
17.349775280898875,18.111877,2.909617328153052,2.95031,,,,,,,,
12.390410958904107,13.202155,2.5945388507111296,2.6533937,,,,,,,,
23.064831460674153,26.24668,3.1807514992264614,3.3049316,,,,,,,,
19.840000000000003,20.44236,3.0368742168851663,3.0653684,,,,,,,,
21.41805555555555,25.703989,3.1098666857631785,3.284813,,,,,,,,
23.67,23.704643,3.2055879305412653,3.2069912,,,,,,,,
20.426969696969692,22.288017,3.064650394772463,3.147939,,,,,,,,
21.64127906976744,22.132002,3.1197747477536053,3.141217,,,,,,,,
20.986046511627908,21.880507,3.0904080026655736,3.1302853,,,,,,,,
28.64119565217391,20.957027,3.3891651387564545,3.0890872,,,,,,,,
16.74515625,17.835629,2.8761125913569603,2.9357502,,,,,,,,
28.949795918367354,24.762772,3.3995225104603577,3.2489305,,,,,,,,
42.726847826086946,24.44775,3.777962280185245,3.2366273,,,,,,,,
26.091089108910882,26.436203,3.299204858644754,3.3118634,,,,,,,,
12.563783783783784,14.010891,2.60740328368985,2.708776,,,,,,,,
22.88295454545454,23.63995,3.17316500555516,3.204369,,,,,,,,
23.776777777777777,24.10688,3.2099068345650688,3.223142,,,,,,,,
12.820645161290322,13.577797,2.6261635004112827,2.6794996,,,,,,,,
24.779999999999994,25.074703,3.249598997511041,3.2609656,,,,,,,,
16.85079646017699,17.031347,2.882048126847981,2.8921118,,,,,,,,
23.326956521739127,27.865458,3.191585057385916,3.3626456,,,,,,,,
16.791500000000003,16.860657,2.878720815155303,2.8826003,,,,,,,,
20.139912280701758,18.948845,3.051162830987019,2.9931712,,,,,,,,
35.80329896907217,22.568508,3.605587487055632,3.1599114,,,,,,,,
17.099411764705888,18.719301,2.89587943855615,2.981598,,,,,,,,
13.192688172043011,13.390027,2.652726914529933,2.6665354,,,,,,,,
23.587682926829263,22.852188,3.202245623517874,3.171876,,,,,,,,
20.16580645161291,24.62792,3.052386976323426,3.2436824,,,,,,,,
23.362588235294115,24.443977,3.193048686593939,3.236479,,,,,,,,
19.597714285714286,18.945463,3.0251801126351907,2.9930017,,,,,,,,
24.08922222222224,24.041042,3.222438360384972,3.2205162,,,,,,,,
32.69097560975609,13.9055605,3.5172300154365765,2.7017343,,,,,,,,
15.088469387755115,15.530064,2.778102828309968,2.8051808,,,,,,,,
20.445000000000004,19.919731,3.065491517968844,3.0406928,,,,,,,,
21.956138613861384,25.102182,3.133585378468929,3.262019,,,,,,,,
25.447999999999997,25.101341,3.2751805410786683,3.2619867,,,,,,,,
20.845961538461538,21.168695,3.084016077844023,3.0986812,,,,,,,,
15.921506849315069,16.127459,2.828585407500837,2.840683,,,,,,,,
12.127272727272725,13.255066,2.574691953660355,2.6571124,,,,,,,,
20.431442307692304,20.092863,3.0648591104261538,3.0489347,,,,,,,,
16.812499999999996,18.596642,2.879900458028869,2.9753582,,,,,,,,
19.1752808988764,24.557407,3.004458137175637,3.2409272,,,,,,,,
17.801846153846157,18.296515,2.933955064687299,2.9599245,,,,,,,,
20.706506024096385,20.844269,3.07761203238898,3.0839386,,,,,,,,
15.928656716417915,16.939428,2.8290078496078177,2.887001,,,,,,,,
15.605625,17.090206,2.809741493385652,2.8953707,,,,,,,,
18.684000000000005,18.111038,2.979806123003732,2.9502661,,,,,,,,
15.203658536585365,15.398924,2.785237052333009,2.7972157,,,,,,,,
19.947789473684203,22.97597,3.042033126418497,3.177052,,,,,,,,
20.4264,20.418724,3.06462380657304,3.0642655,,,,,,,,
16.54933333333333,18.447975,2.865015962485708,2.967743,,,,,,,,
33.746041666666656,26.605686,3.548065656649791,3.3180218,,,,,,,,
43.546027397260275,21.181332,3.7965229781621095,3.099251,,,,,,,,
16.071951219512197,16.474422,2.8374368372165266,2.8607383,,,,,,,,
19.80272727272727,19.808872,3.035084096993062,3.0353794,,,,,,,,
19.094124999999995,19.83709,3.00042748378319,3.0367346,,,,,,,,
22.881599999999995,21.958576,3.173108287954931,3.1336915,,,,,,,,
13.423820224719103,13.694286,2.668881022201541,2.6874588,,,,,,,,
16.202187499999997,16.558043,2.8450365559652453,2.8655121,,,,,,,,
14.351851851851853,15.051548,2.7312361085710206,2.7758052,,,,,,,,
18.620933333333333,18.514551,2.9765970235120625,2.9711604,,,,,,,,
16.562500000000004,17.410948,2.8657659470939647,2.9129455,,,,,,,,
16.271052631578947,20.882029,2.849031841753291,3.0856657,,,,,,,,
20.16684782608695,21.413506,3.05243617590668,3.1096637,,,,,,,,
21.462127659574467,21.32212,3.1118306758821186,3.1055782,,,,,,,,
51.601315789473716,41.19849,3.9627411344398,3.7423844,,,,,,,,
18.703387096774193,19.452137,2.980790554811419,3.0180874,,,,,,,,
11.9325641025641,12.075123,2.559748479586446,2.5707114,,,,,,,,
13.125681818181818,12.835698,2.6479945461812875,2.627252,,,,,,,,
12.487499999999999,12.665953,2.601763330584253,2.6149075,,,,,,,,
12.394999999999998,12.66116,2.594881502996572,2.6145568,,,,,,,,
13.906956521739128,13.290957,2.701827984650185,2.659627,,,,,,,,
13.27974358974359,12.449123,2.6588420008499205,2.598914,,,,,,,,
12.025,12.198434,2.5668705876394307,2.5800982,,,,,,,,
22.295979381443303,21.385473,3.148280786945344,3.1084123,,,,,,,,
13.659032258064519,13.007453,2.6850566818692574,2.6395895,,,,,,,,
14.017738095238094,14.996788,2.709232042135432,2.772388,,,,,,,,
11.562564102564103,11.446961,2.5307212884979458,2.5214765,,,,,,,,
11.92929292929293,12.590288,2.559495506779073,2.6093554,,,,,,,,
13.038101265822787,12.8716545,2.6417751519752435,2.6298475,,,,,,,,
11.722765957446816,12.243941,2.543392983758076,2.5835402,,,,,,,,
27.247500000000006,30.808157,3.3410049581012644,3.4597228,,,,,,,,
11.80105263157895,11.662901,2.549527404386413,2.5386765,,,,,,,,
12.082328767123286,13.616766,2.571262370481705,2.6821692,,,,,,,,
13.038989898989895,12.601806,2.641838451493145,2.6102026,,,,,,,,
13.170898876404497,13.672267,2.6511904868638814,2.685959,,,,,,,,
12.021717171717176,12.705525,2.566618515312729,2.617799,,,,,,,,
13.128301886792451,13.266976,2.6481800116112604,2.6579475,,,,,,,,
12.267391304347825,12.594326,2.5853092430613542,2.6096525,,,,,,,,
11.558795180722889,11.918714,2.530421231337265,2.558677,,,,,,,,
12.579999999999997,14.062889,2.60859812213055,2.712234,,,,,,,,
11.465373134328356,11.42547,2.522954651090536,2.5197484,,,,,,,,
27.509999999999998,31.533123,3.3502549029245805,3.4822588,,,,,,,,
35.572020202020205,29.648283,3.5992834726923864,3.4225767,,,,,,,,
13.88236842105263,13.423523,2.7001771848205447,2.6688604,,,,,,,,
13.042499999999995,12.352595,2.6420884454244504,2.5917108,,,,,,,,
12.117549019607845,11.535689,2.573950953534419,2.5285797,,,,,,,,
12.209999999999999,11.843776,2.580974118534234,2.5528593,,,,,,,,
19.952470588235308,12.813644,3.0422565672546,2.6256568,,,,,,,,
34.410180180180184,32.013844,3.5669993545090644,3.496927,,,,,,,,
11.655000000000006,12.479227,2.538052393997088,2.6011498,,,,,,,,
12.764999999999993,12.6191635,2.62212913859457,2.6114779,,,,,,,,
12.206117647058825,12.454284,2.580680180339303,2.5992975,,,,,,,,
45.86217948717951,42.54367,3.847210942607956,3.7737644,,,,,,,,
11.655000000000006,11.401285,2.538052393997088,2.5178,,,,,,,,
12.946153846153846,12.983288,2.6352037602992686,2.637863,,,,,,,,
10.633797468354429,12.501141,2.4539144367376253,2.6027741,,,,,,,,
13.134999999999998,12.886208,2.6486539911455536,2.630896,,,,,,,,
39.0842372881356,39.74449,3.6909831719504296,3.7073207,,,,,,,,
11.188356164383562,11.908384,2.500481083241911,2.557877,,,,,,,,
12.209999999999999,12.071251,2.580974118534234,2.5704153,,,,,,,,
12.206373626373624,11.55367,2.580699563540392,2.530013,,,,,,,,
12.669238095238095,13.221069,2.6151479136476885,2.6547246,,,,,,,,
12.206117647058825,12.394004,2.580680180339303,2.5948071,,,,,,,,
10.81949494949495,10.872664,2.4697502825959408,2.4742386,,,,,,,,
11.372459016393446,11.832102,2.5154729553626405,2.55195,,,,,,,,
11.840000000000002,12.316604,2.552565298261815,2.5890117,,,,,,,,
12.668433734939757,12.901551,2.6150890673564926,2.6320004,,,,,,,,
12.95,15.555208,2.6354795082673745,2.8067007,,,,,,,,
12.302500000000002,12.61318,2.5879519874883874,2.6110384,,,,,,,,
11.932444444444448,12.460781,2.5597392270768684,2.5997803,,,,,,,,
12.853894736842104,12.53087,2.628566401537919,2.6049738,,,,,,,,
12.387209302325578,13.225054,2.5942997214261108,2.6550047,,,,,,,,
12.8575,12.656949,2.6288266023118227,2.6142485,,,,,,,,
12.760740740740742,12.394525,2.621819663958929,2.594846,,,,,,,,
11.285000000000002,14.830019,2.5083790059731426,2.761908,,,,,,,,
13.131263157894736,12.5605345,2.64838958816408,2.6071637,,,,,,,,
11.373506493506495,11.997737,2.51555761377803,2.5647752,,,,,,,,
13.382368421052629,12.934967,2.666003041168539,2.6344013,,,,,,,,
11.73723404255319,12.361818,2.544529518452794,2.5924013,,,,,,,,
10.911066666666665,11.453672,2.477467939950237,2.5220156,,,,,,,,
11.00385542168675,11.39178,2.485227883327544,2.5170333,,,,,,,,
15.677037037037039,24.644821,2.8140327454822742,3.2443416,,,,,,,,
14.815384615384614,15.047092,2.760983176119473,2.7755277,,,,,,,,
14.213253012048195,13.4311695,2.722166956648037,2.6693904,,,,,,,,
13.315764705882353,12.8608675,2.661361357024254,2.6290696,,,,,,,,
15.29818181818182,15.253277,2.791053556694301,2.7882946,,,,,,,,
37.450686274509806,36.261574,3.649376544284173,3.6179626,,,,,,,,
16.417951807228913,14.708079,2.857501387429478,2.7541752,,,,,,,,
11.095522388059699,11.307946,2.4928353335435074,2.510245,,,,,,,,
12.031276595744682,11.393757,2.5673523599174475,2.5171928,,,,,,,,
14.398301886792455,13.454734,2.7342572362483217,2.671022,,,,,,,,
12.160000000000009,12.776108,2.5771819258971718,2.6229358,,,,,,,,
12.579999999999997,12.925007,2.60859812213055,2.6336863,,,,,,,,
14.395945945945947,14.272698,2.7341042244999003,2.7260668,,,,,,,,
11.562558139534882,11.752271,2.5307208138312625,2.5457094,,,,,,,,
13.525168539325842,17.23515,2.675882906066583,2.903351,,,,,,,,
23.916321839080467,23.490005,3.2155230842726943,3.198265,,,,,,,,
12.487560975609759,12.857609,2.6017678514718843,2.6288345,,,,,,,,
12.789436619718312,12.878549,2.623902836708021,2.6303444,,,,,,,,
14.143090909090906,14.372394,2.717544382330394,2.7325733,,,,,,,,
11.096,11.294994,2.4928748194371773,2.5091922,,,,,,,,
21.313900000000004,29.411045,3.105209802669506,3.414806,,,,,,,,
28.207058823529415,28.410421,3.374410420591531,3.381349,,,,,,,,
14.48438095238095,14.810733,2.739831835382332,2.760689,,,,,,,,
14.282467532467534,14.338774,2.726706258427568,2.7303839,,,,,,,,
15.172363636363634,13.8581295,2.78330383707876,2.6985471,,,,,,,,
15.009838709677414,14.223046,2.773203452609183,2.7228105,,,,,,,,
15.502500000000001,15.9932575,2.803511884580789,2.8328166,,,,,,,,
15.898144329896908,15.517336,2.827203812935561,2.8044105,,,,,,,,
13.724999999999998,15.240223,2.6895467295376503,2.787491,,,,,,,,
13.712454545454547,13.734307,2.688694383062815,2.6901786,,,,,,,,
40.78329896907216,35.10468,3.732496713496417,3.5864224,,,,,,,,
17.645294117647058,19.631884,2.925593788118705,3.0268376,,,,,,,,
47.88125000000001,27.793285,3.8893938873677847,3.3601422,,,,,,,,
28.092000000000002,19.258423,3.3704632222922943,3.0085707,,,,,,,,
32.85919999999999,18.361792,3.522210749727705,2.9633017,,,,,,,,
14.543796296296295,15.02561,2.7436616070160498,2.774188,,,,,,,,
15.25,15.168564,2.7880929087757464,2.783069,,,,,,,,
10.3456,12.323714,2.428830003567595,2.5895455,,,,,,,,
15.572999999999997,16.708675,2.8077748651414067,2.8740547,,,,,,,,
15.788043478260871,17.380142,2.820666935309596,2.9112709,,,,,,,,
18.569583333333334,25.371592,2.973976490089519,3.2722874,,,,,,,,
17.425038759689922,19.397207,2.913710541719859,3.015398,,,,,,,,
16.23,18.838263,2.8466520505398383,2.9876125,,,,,,,,
12.799805825242721,12.882834,2.6246545214295813,2.6306531,,,,,,,,
12.753604651162792,13.135034,2.621300946203786,2.6486564,,,,,,,,
37.67776595744683,34.517437,3.655264911870732,3.5700238,,,,,,,,
15.592131147540979,15.732182,2.8089285557194925,2.817334,,,,,,,,
12.865,14.567986,2.6293676790677414,2.7452166,,,,,,,,
17.401980198019796,18.388636,2.9124582782819792,2.964687,,,,,,,,
14.481764705882352,15.871662,2.739662860752186,2.8256354,,,,,,,,
26.489032258064515,28.55836,3.313787098140421,3.3863666,,,,,,,,
13.313461538461539,14.026782,2.6612004607844377,2.709834,,,,,,,,
16.902828282828295,17.58367,2.884958704992572,2.9222832,,,,,,,,
17.933399999999995,18.637362,2.940927558179557,2.977434,,,,,,,,
15.790851063829784,17.958075,2.8208341585379806,2.94223,,,,,,,,
27.668860759493676,18.742851,3.355811542778378,2.9827914,,,,,,,,
18.840250000000005,21.556194,2.987712702583789,3.1160097,,,,,,,,
23.229367088607592,23.720291,3.1875654135053355,3.2076244,,,,,,,,
31.658533333333345,20.678255,3.4861061794100614,3.0763097,,,,,,,,
21.616744186046507,21.184816,3.11869052514027,3.0994081,,,,,,,,
21.74433962264151,24.09959,3.124316306643187,3.2228515,,,,,,,,
17.513135593220337,17.85053,2.9184805121967323,2.936541,,,,,,,,
10.819213483146068,12.620075,2.469726468574993,2.6115448,,,,,,,,
18.63,20.889992,2.9770590082883697,3.0860295,,,,,,,,
41.06126984126986,28.772707,3.739127361004493,3.3935921,,,,,,,,
16.209405940594063,17.99138,2.8454560913588853,2.9439852,,,,,,,,
19.79545454545455,19.113968,3.0347344313572604,3.0014145,,,,,,,,
20.211666666666666,21.663559,3.0545513447759007,3.1207583,,,,,,,,
18.177499999999995,18.716513,2.953737716851314,2.9814565,,,,,,,,
21.447528089887644,21.142523,3.111180500771333,3.0974998,,,,,,,,
21.618518518518524,23.742716,3.11876897422476,3.2085311,,,,,,,,
22.0595294117647,22.902462,3.138079107510599,3.1739814,,,,,,,,
16.517333333333333,17.335852,2.863190866922062,2.9088583,,,,,,,,
23.691086956521723,17.521994,3.206442326548512,2.918959,,,,,,,,
21.04301886792453,21.044447,3.092995947133755,3.0930607,,,,,,,,
21.6,21.17908,3.1179499062782403,3.0991495,,,,,,,,
22.805263157894743,22.59405,3.1699066973173573,3.1609945,,,,,,,,
23.302941176470586,26.141697,3.190597379090977,3.3010712,,,,,,,,
17.595408163265308,18.129684,2.922914677298289,2.9512413,,,,,,,,
18.904705882352943,18.353138,2.990956180274434,2.9628546,,,,,,,,
17.805000000000007,18.821983,2.9341227919223,2.9867916,,,,,,,,
20.460759493670896,20.288504,3.066226127707284,3.0581672,,,,,,,,
18.950100000000003,18.859491,2.9932341558546383,2.988682,,,,,,,,
12.209999999999999,13.5170765,2.580974118534234,2.6753256,,,,,,,,
18.903106796116504,19.00777,2.9908758399527886,2.9961207,,,,,,,,
16.67530434782609,17.094093,2.872168430747605,2.8955855,,,,,,,,
23.291954022988502,25.402393,3.1901451853523466,3.2734547,,,,,,,,
12.206451612903226,14.728136,2.580705468742043,2.7554512,,,,,,,,
22.080384615384613,22.908998,3.138983105945789,3.174255,,,,,,,,
18.993898305084752,20.00908,2.99542714226041,3.0449548,,,,,,,,
22.773020833333334,28.225496,3.168551359260064,3.3750415,,,,,,,,
17.453333333333333,18.066998,2.9152450226413045,2.947959,,,,,,,,
19.884395604395603,21.602448,3.0390022583106453,3.1180582,,,,,,,,
20.373999999999995,19.884932,3.0621752301027048,3.039028,,,,,,,,
19.304949494949494,20.78251,3.010864673814286,3.0811074,,,,,,,,
23.053584905660376,23.180912,3.1802840459697728,3.1855636,,,,,,,,
18.377560975609757,18.772736,2.9641157458907954,2.984304,,,,,,,,
19.473048780487794,19.16816,3.019109327541749,3.004105,,,,,,,,
12.209999999999999,13.421656,2.580974118534234,2.668731,,,,,,,,
21.78028571428571,24.12857,3.1258955002707465,3.2240055,,,,,,,,
29.09418604651163,22.657944,3.404331998497135,3.163699,,,,,,,,
20.465520833333333,21.83309,3.0664479656883854,3.1282108,,,,,,,,
18.7734,18.284428,2.984337600140105,2.959298,,,,,,,,
22.6709677419355,21.860695,3.164249307436036,3.129419,,,,,,,,
14.373132530120483,15.680271,2.732621344859963,2.8142266,,,,,,,,
19.416000000000004,22.395412,3.0163189071623795,3.15254,,,,,,,,
21.967238095238095,22.125835,3.1340687698215794,3.1409504,,,,,,,,
36.5778082191781,30.029657,3.62641366921842,3.4349434,,,,,,,,
21.351325301204817,21.015112,3.1068856168946017,3.0917292,,,,,,,,
41.38875000000002,19.347471,3.746882996842951,3.0129566,,,,,,,,
18.755121951219515,19.829475,2.983412797026761,3.036369,,,,,,,,
16.983333333333338,16.95158,2.889445403036034,2.8876781,,,,,,,,
16.018481012658228,16.232613,2.8342998719625907,2.8468037,,,,,,,,
15.502873563218387,16.023436,2.803534521089822,2.834591,,,,,,,,
18.13255813953489,18.698446,2.9513914984813225,2.9805398,,,,,,,,
16.55735294117647,16.50393,2.865472833175236,2.8624253,,,,,,,,
19.29375,19.684929,3.010312956869019,3.0294054,,,,,,,,
13.940000000000003,14.043749,2.7040421797046714,2.7109625,,,,,,,,
16.14677419354839,17.788158,2.841810062249468,2.9332268,,,,,,,,
13.685529411764705,14.063276,2.6868626151934483,2.7122598,,,,,,,,
13.999736842105268,14.437509,2.708032657088666,2.7368002,,,,,,,,
13.042499999999995,13.387677,2.6420884454244504,2.666372,,,,,,,,
12.30254901960784,13.057758,2.58795567247373,2.6431744,,,,,,,,
15.829629629629625,15.931612,2.8231410014026124,2.8291824,,,,,,,,
15.985142857142854,16.14444,2.8323390123598,2.8416739,,,,,,,,
16.690722891566264,16.443096,2.873040371755436,2.858944,,,,,,,,
27.317173913043465,33.861855,3.343468472639953,3.5513933,,,,,,,,
32.62340425531915,22.401913,3.5152223797049995,3.1528177,,,,,,,,
13.13851063829787,13.588575,2.6489023252389616,2.6802387,,,,,,,,
12.985217391304353,14.111593,2.638000871138352,2.7154622,,,,,,,,
15.962093023255811,15.929132,2.830981032139528,2.829036,,,,,,,,
36.42505154639176,33.734436,3.6223403076298406,3.5477316,,,,,,,,
12.579999999999997,13.019885,2.60859812213055,2.6404767,,,,,,,,
14.084814814814818,13.245899,2.713688596421308,2.656469,,,,,,,,
16.123333333333335,15.871183,2.840442055811067,2.825607,,,,,,,,
22.887155963302753,19.20083,3.173340907089165,3.0057237,,,,,,,,
46.526875,33.68577,3.861295340515763,3.5463295,,,,,,,,
15.828064516129036,15.779814,2.823047999576941,2.8201766,,,,,,,,
22.061392405063295,13.279374,3.138159894850757,2.658816,,,,,,,,
14.24617021276596,14.690128,2.724328337924983,2.7530317,,,,,,,,
14.855208333333328,15.68409,2.7634980478177846,2.8144555,,,,,,,,
17.72337209302326,17.719395,2.9297725880017333,2.9295602,,,,,,,,
12.96306818181818,13.827663,2.6364158569831697,2.6964946,,,,,,,,
15.663614457831322,15.416489,2.8132275674591063,2.7982862,,,,,,,,
13.398545454545452,13.965587,2.667127191379081,2.7057533,,,,,,,,
14.63701149425287,14.952053,2.749640635928755,2.7695875,,,,,,,,
13.668000000000005,13.24051,2.68566825020908,2.6560907,,,,,,,,
14.585599999999998,16.389177,2.746347411034554,2.855848,,,,,,,,
32.99648648648648,30.81399,3.5262571806436065,3.459906,,,,,,,,
13.150462962962973,13.85663,2.649747341784616,2.6984463,,,,,,,,
15.187228915662647,15.535559,2.784222592796761,2.8055131,,,,,,,,
14.103442622950821,14.878371,2.71492270611039,2.764958,,,,,,,,
12.391235955056178,13.469419,2.5946004597790844,2.6720374,,,,,,,,
11.744587155963297,11.786865,2.545106644675988,2.5484185,,,,,,,,
27.539800000000003,31.9985,3.351299604315657,3.496462,,,,,,,,
14.540480769230772,14.382611,2.7434482819918835,2.7332377,,,,,,,,
12.29858823529412,13.178645,2.5876578818713933,2.651737,,,,,,,,
14.692921348314604,14.602487,2.7532097411479306,2.7474303,,,,,,,,
13.935500000000008,14.26762,2.703740929514112,2.7257342,,,,,,,,
15.152359550561808,15.963314,2.7820661411987477,2.831053,,,,,,,,
12.764999999999993,13.721221,2.62212913859457,2.68929,,,,,,,,
14.127551020408163,15.629955,2.7165176522013086,2.8112056,,,,,,,,
14.118749999999997,14.297954,2.7159356953762,2.727719,,,,,,,,
15.34455445544555,16.466301,2.7938947810371677,2.8602734,,,,,,,,
12.26596153846154,13.106854,2.585201471842531,2.6466608,,,,,,,,
15.477230769230765,15.914597,2.801979474514073,2.828177,,,,,,,,
32.59442105263159,30.677025,3.5143600130827246,3.4555917,,,,,,,,
12.991935483870968,13.34465,2.6384811267759227,2.663377,,,,,,,,
20.378674698795177,16.105097,3.0623939157801154,2.8393764,,,,,,,,
12.348953488372093,13.441665,2.591437991389459,2.6701174,,,,,,,,
12.786666666666665,13.113609,2.623701941532064,2.6471395,,,,,,,,
14.183552631578946,13.9355345,2.7202127782867223,2.7037432,,,,,,,,
14.258412698412698,14.629897,2.725131003304128,2.7491856,,,,,,,,
15.7918947368421,15.280554,2.820896313849452,2.7899714,,,,,,,,
13.148850574712645,12.860236,2.649633389320721,2.629024,,,,,,,,
11.557971014492752,13.31951,2.5303556045584013,2.661623,,,,,,,,
12.946464646464646,13.026425,2.6352260457875167,2.640943,,,,,,,,
15.192,15.181025,2.784517293105055,2.7838392,,,,,,,,
15.095465116279073,17.629307,2.7785375625176987,2.924736,,,,,,,,
34.580925925925925,22.914398,3.5718097056743976,3.1744807,,,,,,,,
29.341304347826096,28.248493,3.412509964025504,3.375828,,,,,,,,
13.699277108433737,13.812159,2.687798316278472,2.6954484,,,,,,,,
14.018877551020404,13.979369,2.709307913251957,2.7066739,,,,,,,,
15.177291666666665,15.155855,2.7836085098979906,2.7822826,,,,,,,,
13.386444444444447,14.04041,2.666286405201539,2.7107406,,,,,,,,
15.312000000000001,15.794331,2.791901033272154,2.8210413,,,,,,,,
14.1408064516129,14.098344,2.7173935128795352,2.714585,,,,,,,,
16.27888888888889,16.107967,2.849485460897027,2.8395443,,,,,,,,
14.046862745098037,13.848015,2.711169513989809,2.6978662,,,,,,,,
13.330526315789472,14.985881,2.66239196941331,2.7717059,,,,,,,,
12.767010309278351,13.413297,2.6222751729203857,2.6681511,,,,,,,,
14.308965517241383,15.012358,2.728438638297305,2.7733607,,,,,,,,
13.673461538461535,14.465886,2.686040524679283,2.7386367,,,,,,,,
11.192571428571432,12.159747,2.500826866987324,2.5771627,,,,,,,,
13.760000000000002,13.699784,2.6919208191723265,2.6878328,,,,,,,,
23.867391304347827,27.997272,3.213557359042533,3.3672018,,,,,,,,
11.769178082191779,12.96886,2.5470343047930792,2.6368306,,,,,,,,
15.847358490566037,16.255726,2.824193878370761,2.848144,,,,,,,,
13.505242718446604,13.453479,2.6745101508664297,2.6709352,,,,,,,,
12.021649484536075,12.802162,2.566613317276546,2.6248252,,,,,,,,
27.149661016949167,15.012697,3.337535312486521,2.773382,,,,,,,,
15.190786516853933,15.278946,2.784442346920544,2.7898726,,,,,,,,
17.028906250000002,17.448042,2.8919763725909164,2.9149582,,,,,,,,
13.15918367346939,13.110575,2.650363436425023,2.6469245,,,,,,,,
15.636952380952376,15.134481,2.811626268435869,2.7809587,,,,,,,,
15.103928571428568,16.509033,2.7790632528723984,2.862717,,,,,,,,
13.613999999999997,13.918893,2.681979973369026,2.7026284,,,,,,,,
15.132272727272728,15.697439,2.780821782848426,2.8152554,,,,,,,,
14.47616161616162,14.569608,2.739300879802711,2.7453208,,,,,,,,
14.404945054945056,14.751207,2.7346885653395803,2.756917,,,,,,,,
16.095918367346936,20.392303,2.838839743049137,3.0630312,,,,,,,,
15.484931506849318,15.377489,2.8024467216378603,2.7959077,,,,,,,,
14.999111111111114,14.830309,2.772533165140959,2.7619264,,,,,,,,
17.69758064516128,18.26762,2.928394138226478,2.958426,,,,,,,,
13.32000000000001,13.847609,2.6616571615325,2.6978388,,,,,,,,
16.08,15.784668,2.837908188360424,2.8204658,,,,,,,,
19.363764705882353,20.039993,3.013757081557817,3.046425,,,,,,,,
14.55630952380952,15.733675,2.744466313486237,2.817423,,,,,,,,
17.565217391304344,17.529282,2.9212897972994747,2.9193523,,,,,,,,
25.309999999999995,19.747917,3.269949095052201,3.032446,,,,,,,,
19.289736842105267,20.034311,3.010115183921444,3.046155,,,,,,,,
18.592000000000002,19.61348,2.9751213196498667,3.0259452,,,,,,,,
16.117222222222217,17.195236,2.8400851041742228,2.9011598,,,,,,,,
19.14677419354838,19.12907,3.003044185926772,3.002165,,,,,,,,
16.77586206896552,17.366089,2.8778414734705406,2.910506,,,,,,,,
13.384255319148933,13.722994,2.6661342277906503,2.6894104,,,,,,,,
20.034482758620694,19.973108,3.046163127180883,3.043241,,,,,,,,
17.689375000000002,18.688292,2.9279551805659016,2.980024,,,,,,,,
19.263773584905667,19.542423,3.008834739369368,3.0224922,,,,,,,,
19.314285714285713,18.45237,3.011324368313827,2.967969,,,,,,,,
15.16506329113924,16.03079,2.782852326489202,2.835023,,,,,,,,
15.515250000000009,15.588863,2.804284196481736,2.8087316,,,,,,,,
13.2868,13.642692,2.6593360340449244,2.6839414,,,,,,,,
12.579999999999997,13.400546,2.60859812213055,2.6672661,,,,,,,,
17.434649122807016,20.900616,2.914231998296784,3.0865147,,,,,,,,
19.193877551020393,19.354376,3.005379466931993,3.013296,,,,,,,,
18.41921052631578,18.182997,2.966262809426941,2.9540243,,,,,,,,
14.834999999999996,15.071846,2.762222679990603,2.777069,,,,,,,,
13.039886363636363,14.04895,2.6419023048068166,2.7113082,,,,,,,,
17.47776470588235,17.24912,2.916568101423694,2.9041169,,,,,,,,
13.979000000000001,15.438915,2.706649220186582,2.7996514,,,,,,,,
17.598735632183903,18.27312,2.9230936016443243,2.9587114,,,,,,,,
20.683000000000003,20.18033,3.076528543382081,3.053073,,,,,,,,
20.450370370370372,21.694563,3.065741911908892,3.1221254,,,,,,,,
13.423647058823533,14.169042,2.668869016579427,2.7192566,,,,,,,,
14.968500000000004,15.049721,2.770618031704129,2.7756915,,,,,,,,
15.34024390243902,15.367027,2.793631016030309,2.7952688,,,,,,,,
15.245365853658534,15.131084,2.787807689868303,2.7807481,,,,,,,,
21.41876543209877,21.326326,3.109898350655008,3.1057665,,,,,,,,
15.418596491228072,15.333616,2.798414624806365,2.7932253,,,,,,,,
18.501041666666666,19.410732,2.9704678829463864,3.0160608,,,,,,,,
15.85826530612244,15.169876,2.824841059150021,2.78315,,,,,,,,
16.340869565217393,18.122602,2.8530661180314425,2.950871,,,,,,,,
14.780606060606061,15.351223,2.758781721562716,2.7943027,,,,,,,,
26.71999999999999,18.173697,3.3221541743217022,2.9535394,,,,,,,,
45.6295918367347,35.44844,3.8422353575486943,3.5958986,,,,,,,,
22.499000000000002,21.789015,3.1569578670532112,3.1262786,,,,,,,,
20.45891566265061,19.666187,3.066140207624492,3.028499,,,,,,,,
15.246990291262136,15.3106785,2.7879076787763224,2.79182,,,,,,,,
21.780294117647056,22.09866,3.1258958691581213,3.1397746,,,,,,,,
12.690000000000003,12.360751,2.616665639300358,2.5923214,,,,,,,,
19.09809523809524,18.91263,3.000625046300744,2.9913542,,,,,,,,
17.053235294117652,16.87577,2.893324909388538,2.8834462,,,,,,,,
11.37741935483871,12.006119,2.5158737927677604,2.56542,,,,,,,,
16.870499999999996,16.97397,2.8831513086344125,2.8889246,,,,,,,,
22.338942307692303,15.628933,3.1501233091088814,2.811144,,,,,,,,
19.858061224489795,24.803791,3.037740502994828,3.2505214,,,,,,,,
29.504725274725278,20.585674,3.4178815986535844,3.0720298,,,,,,,,
25.167821782178216,18.393633,3.264530479687754,2.9649448,,,,,,,,
18.09909090909091,18.46084,2.9496407375371656,2.9684043,,,,,,,,
12.579999999999997,13.787248,2.60859812213055,2.6937652,,,,,,,,
13.125,13.019554,2.6479462770325046,2.640453,,,,,,,,
13.283333333333333,13.116649,2.659093356375679,2.6473548,,,,,,,,
15.439189189189197,19.51973,2.799668069019408,3.0213869,,,,,,,,
13.316043956043952,13.932939,2.661380863312865,2.7035694,,,,,,,,
30.086315789473684,33.60533,3.4367677155844696,3.5440078,,,,,,,,
14.223516483516484,14.103773,2.722841369342117,2.7149446,,,,,,,,
14.192459016393443,14.38687,2.7207991874027666,2.7335145,,,,,,,,
18.360000000000003,17.588509,2.963209081848431,2.9225435,,,,,,,,
12.274418604651164,12.848526,2.585838769909119,2.6281788,,,,,,,,
14.442857142857141,15.955126,2.737146575589849,2.8305702,,,,,,,,
15.687100000000001,15.228359,2.814635965835729,2.7867603,,,,,,,,
17.07280487804878,17.459988,2.894408315471909,2.9156055,,,,,,,,
34.82382978723405,32.32712,3.5786133084838463,3.5063715,,,,,,,,
13.709090909090913,14.044111,2.688465731826021,2.7109866,,,,,,,,
15.14439393939394,14.807933,2.7815728649112805,2.7605119,,,,,,,,
14.785714285714283,15.220028,2.759105371902494,2.7862468,,,,,,,,
17.426633663366335,20.793997,2.913797099727816,3.0816345,,,,,,,,
15.85666666666667,16.01605,2.824746226423782,2.834157,,,,,,,,
17.665930232558136,17.55521,2.926699949461553,2.9207506,,,,,,,,
15.823535353535348,15.568642,2.822778819945745,2.8075118,,,,,,,,
13.630344827586208,14.135236,2.6830977846507955,2.7170255,,,,,,,,
30.9595,22.217516,3.464469476220002,3.144907,,,,,,,,
11.65090909090909,12.565116,2.5377290774853707,2.6075015,,,,,,,,
13.670114942528736,14.420621,2.6858124273340613,2.7357056,,,,,,,,
12.045373134328358,12.851389,2.5684335218077,2.6283855,,,,,,,,
14.80162162162162,15.162378,2.760112569046233,2.7826862,,,,,,,,
30.99569620253165,34.40208,3.465601400083756,3.5667706,,,,,,,,
46.70384615384614,45.083305,3.8650120267998016,3.8304508,,,,,,,,
14.145833333333334,14.477425,2.7177254666256285,2.7393825,,,,,,,,
13.243548387096777,15.226522,2.656304059429665,2.786647,,,,,,,,
39.90644444444442,14.988667,3.7112876165153934,2.7718801,,,,,,,,
12.66894736842106,12.678822,2.615126644729352,2.6158488,,,,,,,,
11.5625,12.25708,2.5307161858192946,2.5845318,,,,,,,,
10.819080459770113,12.199809,2.469715213670026,2.5802023,,,,,,,,
12.487499999999999,12.870715,2.601763330584253,2.6297798,,,,,,,,
12.95,13.376971,2.6354795082673745,2.6656277,,,,,,,,
12.209999999999999,12.905635,2.580974118534234,2.6322942,,,,,,,,
13.223086419753086,13.283494,2.6548664486262363,2.6591046,,,,,,,,
12.209999999999999,12.84949,2.580974118534234,2.6282485,,,,,,,,
11.928705882352945,12.59475,2.559450101336497,2.6096838,,,,,,,,
12.8575,13.092819,2.6288266023118227,2.6456654,,,,,,,,
12.672575757575755,12.926409,2.615392057095684,2.633787,,,,,,,,
12.761515151515148,12.986569,2.6218759391986945,2.6380975,,,,,,,,
13.039142857142858,13.307287,2.641849346672984,2.660769,,,,,,,,
13.408426966292131,14.017434,2.6678132414082123,2.7092118,,,,,,,,
12.579999999999997,13.173599,2.60859812213055,2.651381,,,,,,,,
12.95,13.070557,2.6354795082673745,2.6440845,,,,,,,,
13.2275,12.755837,2.655176711495142,2.6214633,,,,,,,,
12.117499999999998,12.362172,2.5739472165787296,2.5924277,,,,,,,,
13.042553191489361,12.842967,2.6420922333104127,2.6277773,,,,,,,,
12.299207920792082,12.464411,2.587704478626586,2.60005,,,,,,,,
11.5625,15.6288185,2.5307161858192946,2.8111372,,,,,,,,
12.761650485436894,12.81511,2.621885773381545,2.625763,,,,,,,,
45.76946666666666,41.831707,3.845230568351559,3.7572787,,,,,,,,
40.82941176470587,29.698027,3.733599722833256,3.4241984,,,,,,,,
13.2275,13.226353,2.655176711495142,2.655096,,,,,,,,
11.92867469879518,12.552764,2.5594476893707787,2.6065905,,,,,,,,
33.062222222222225,12.063294,3.5281889174462764,2.5698063,,,,,,,,
13.134999999999998,13.33479,2.6486539911455536,2.6626894,,,,,,,,
12.487499999999999,12.7339735,2.601763330584253,2.6198726,,,,,,,,
21.71999999999999,13.171072,3.12324559385295,2.6512027,,,,,,,,
12.390281690140842,12.623661,2.594529196833617,2.611808,,,,,,,,
44.54794520547945,43.443035,3.8187655119415633,3.7942083,,,,,,,,
10.914999999999994,11.224744,2.477798110550705,2.503462,,,,,,,,
12.025,12.786763,2.5668705876394307,2.623709,,,,,,,,
12.021264367816096,12.757229,2.5665837417288797,2.6215644,,,,,,,,
11.92885057471264,12.587635,2.5594612928317133,2.6091602,,,,,,,,
12.117499999999998,13.164538,2.5739472165787296,2.6507416,,,,,,,,
12.95,13.141435,2.6354795082673745,2.6491091,,,,,,,,
45.913148148148125,52.665543,3.848297980473305,3.9827712,,,,,,,,
20.203564356435642,16.597387,3.054169297566248,2.8677504,,,,,,,,
13.134999999999998,12.992446,2.6486539911455536,2.6385176,,,,,,,,
12.95,12.728824,2.6354795082673745,2.6194975,,,,,,,,
11.927826086956522,12.633477,2.559382049256055,2.6125283,,,,,,,,
12.302500000000002,11.988041,2.5879519874883874,2.564029,,,,,,,,
12.025,12.710192,2.5668705876394307,2.6181395,,,,,,,,
12.020886075949365,12.188465,2.566554689453218,2.5793426,,,,,,,,
12.487567567567568,12.735578,2.6017683402152687,2.6199894,,,,,,,,
11.279245283018867,11.9302635,2.507910461792761,2.5595706,,,,,,,,
12.394999999999998,12.654895,2.594881502996572,2.614098,,,,,,,,
12.025,12.057693,2.5668705876394307,2.5693774,,,,,,,,
11.996144578313249,13.577647,2.56465274257671,2.6794894,,,,,,,,
35.59257142857144,39.200134,3.5998452533743723,3.6938703,,,,,,,,
34.819782608695654,32.50114,3.578500327621845,3.5115795,,,,,,,,
13.505,13.027582,2.6744934175733674,2.6410255,,,,,,,,
11.280307692307693,11.525191,2.5079969787819385,2.527742,,,,,,,,
12.29788732394367,12.669608,2.587605174786272,2.615175,,,,,,,,
14.874948453608237,15.370556,2.76474229775668,2.7954843,,,,,,,,
13.669456521739129,15.248783,2.6857675445524216,2.788018,,,,,,,,
14.257373737373735,14.024529,2.7250629099556867,2.7096841,,,,,,,,
17.509431818181817,16.229074,2.9182804301759626,2.8465984,,,,,,,,
15.842077922077923,15.767149,2.8238803932493908,2.8194215,,,,,,,,
14.882586206896553,14.642084,2.7652233019351984,2.749965,,,,,,,,
14.779100000000003,13.474436,2.758686279570683,2.672384,,,,,,,,
15.766896551724138,14.954221,2.819406499182009,2.7697234,,,,,,,,
18.80910256410256,18.324957,2.9861415575188417,2.9613974,,,,,,,,
15.217471264367816,14.576974,2.786089134213127,2.7457938,,,,,,,,
14.376860465116279,13.65761,2.7328638122331843,2.6849597,,,,,,,,
17.765833333333337,16.494696,2.932037840518248,2.8618977,,,,,,,,
11.655000000000006,12.114125,2.538052393997088,2.57369,,,,,,,,
13.197191011235953,13.047308,2.6530441289288835,2.6424308,,,,,,,,
17.974666666666668,17.361979,2.943104756153304,2.9102821,,,,,,,,
14.98081632653061,17.153759,2.7713890232968645,2.8988776,,,,,,,,
15.687179487179481,15.197468,2.814640729215236,2.784855,,,,,,,,
14.962921348314605,14.275758,2.7702686171458915,2.726267,,,,,,,,
17.007216494845363,15.776657,2.8907725939309645,2.8199885,,,,,,,,
12.550136986301364,13.813123,2.606396656964745,2.6955135,,,,,,,,
15.527749999999994,14.508202,2.805040786415838,2.741369,,,,,,,,
13.071130434782608,12.314893,2.644125211522419,2.5888832,,,,,,,,
14.093195876288657,14.74535,2.7142440380489954,2.756545,,,,,,,,
17.2164367816092,16.202847,2.902324306384008,2.845075,,,,,,,,
12.75032967032967,12.926883,2.621062799849136,2.633821,,,,,,,,
30.04347826086957,26.280134,3.435388746410435,3.3061588,,,,,,,,
59.22431818181819,35.713783,4.098076227254919,3.6031523,,,,,,,,
11.466930693069306,11.050859,2.5230795941165605,2.489136,,,,,,,,
13.403653846153842,12.576596,2.667481913711818,2.6083474,,,,,,,,
16.850736842105263,16.294714,2.8820447870434287,2.850401,,,,,,,,
15.15159574468085,13.794763,2.7820188525076808,2.6942732,,,,,,,,
52.45671052631579,47.4617,3.978872177323353,3.8807738,,,,,,,,
13.99666666666667,15.396057,2.7078279541849715,2.797041,,,,,,,,
16.153902439024392,16.169064,2.8422256951919302,2.8431091,,,,,,,,
11.1,12.514937,2.4932054526026954,2.6037955,,,,,,,,
16.069879518072288,17.102861,2.837315478672026,2.89607,,,,,,,,
18.94474747474748,26.13936,2.99296582419662,3.300985,,,,,,,,
18.385822784810127,18.580236,2.9645420146281447,2.9745207,,,,,,,,
17.568474576271186,18.608519,2.921465227470977,2.975964,,,,,,,,
18.939873417721515,19.440842,2.992721416355143,3.017535,,,,,,,,
17.094193548387096,17.923674,2.895591088373304,2.9404137,,,,,,,,
18.288732394366193,18.57962,2.959521111661817,2.9744892,,,,,,,,
22.30453608247423,23.758259,3.148648023274896,3.2091591,,,,,,,,
16.262533333333337,16.568789,2.848538449701444,2.866124,,,,,,,,
16.55652173913043,16.947096,2.8654254899495872,2.8874283,,,,,,,,
16.222531645569624,16.77877,2.846218505938577,2.878005,,,,,,,,
20.253253012048187,22.395195,3.056509966574346,3.1525307,,,,,,,,
19.672666666666668,20.25226,3.0288123768221817,3.0564632,,,,,,,,
22.10953703703704,23.006634,3.1402453910712183,3.1783302,,,,,,,,
16.063092783505155,16.466343,2.836917814232105,2.8602757,,,,,,,,
32.93105769230769,32.510345,3.5243307510868087,3.5118542,,,,,,,,
52.558028169014094,26.496134,3.980765704779588,3.3140454,,,,,,,,
21.680747663551408,21.187521,3.1215164440812457,3.09953,,,,,,,,
21.73414285714286,21.663969,3.1238678850990405,3.1207764,,,,,,,,
17.24318181818182,18.23146,2.90379141121927,2.9565475,,,,,,,,
17.16305882352941,18.500156,2.8993897964081783,2.9704225,,,,,,,,
18.640625,19.802944,2.9776001252305755,3.0350945,,,,,,,,
20.29683673469388,24.8857,3.058558551578393,3.2536907,,,,,,,,
19.875,20.700352,3.0385522707369192,3.0773284,,,,,,,,
18.76604395604396,18.538858,2.983965513772422,2.9724052,,,,,,,,
18.065402298850575,17.575956,2.947875294521491,2.921868,,,,,,,,
27.511914893617025,27.283625,3.350322066351881,3.342283,,,,,,,,
21.295555555555552,21.863514,3.104387356161247,3.1295424,,,,,,,,
18.189569892473116,17.903728,2.954366896661246,2.9393592,,,,,,,,
16.493913043478265,17.86199,2.861852994336988,2.9371488,,,,,,,,
22.955538461538456,23.413553,3.1761995481262257,3.1951385,,,,,,,,
25.60615384615385,25.066635,3.2811425366306928,3.260656,,,,,,,,
22.471999999999998,23.02121,3.155808221400626,3.1789372,,,,,,,,
29.328750000000003,29.75253,3.4120961075310525,3.4259722,,,,,,,,
23.32678160919541,24.184908,3.1915778672891038,3.226245,,,,,,,,
26.834951456310677,19.848768,3.326292477653734,3.0372949,,,,,,,,
24.918923076923075,25.589132,3.254973322662719,3.2805026,,,,,,,,
18.298974358974363,18.542278,2.960051952476699,2.9725802,,,,,,,,
23.183653846153845,23.428558,3.1856769440334136,3.1957529,,,,,,,,
25.08606382978724,25.182653,3.261401218843328,3.2650971,,,,,,,,
21.528070175438593,21.817177,3.114762095002678,3.1275136,,,,,,,,
20.29915492957747,19.705297,3.0586673972605944,3.0303895,,,,,,,,
29.892446808510638,21.28367,3.4305117141693846,3.1038542,,,,,,,,
18.29,19.207834,2.9595868269176377,3.0060704,,,,,,,,
23.941785714285718,24.546156,3.2165445381011217,3.2404869,,,,,,,,
26.886979166666674,24.832926,3.3281598833553523,3.2516499,,,,,,,,
22.776562499999997,23.485958,3.168700326566397,3.1980999,,,,,,,,
27.594328358208955,27.213432,3.3532083890064137,3.3397982,,,,,,,,
19.29816091954023,20.07338,3.0105302868472177,3.0480106,,,,,,,,
27.62642857142858,23.23289,3.354330367054572,3.1877108,,,,,,,,
27.445555555555572,26.829273,3.347991928880424,3.3260884,,,,,,,,
54.31264367816092,43.52775,4.013001520336045,3.7961125,,,,,,,,
24.296341463414638,24.282618,3.230659779087847,3.230117,,,,,,,,
12.672500000000001,13.709524,2.615386516238791,2.6884952,,,,,,,,
24.812941176470595,23.562439,3.250875962157588,3.2012184,,,,,,,,
19.696666666666676,19.649914,3.029972656708692,3.0277112,,,,,,,,
44.7054,41.210163,3.8222164528451903,3.742661,,,,,,,,
42.477454545454556,36.177982,3.772242517426473,3.6157167,,,,,,,,
23.81879518072289,23.714788,3.211601236322779,3.2074018,,,,,,,,
18.07098765432099,19.669788,2.9481682092686503,3.0286732,,,,,,,,
19.849375000000002,20.032055,3.037323971776336,3.0460477,,,,,,,,
52.61836734693878,39.259907,3.9818916837604856,3.6953561,,,,,,,,
22.94787234042553,25.809969,3.1758794823501137,3.2887738,,,,,,,,
21.58157894736842,21.910223,3.1171344830866894,3.1315832,,,,,,,,
26.844888888888878,26.378603,3.326649426690301,3.3097618,,,,,,,,
26.77986486486486,25.442566,3.324311472838659,3.274975,,,,,,,,
12.209999999999999,13.729113,2.580974118534234,2.689826,,,,,,,,
21.383333333333333,21.082869,3.108316634301137,3.0948021,,,,,,,,
22.609999999999996,23.769583,3.1616703510974213,3.2096164,,,,,,,,
22.508181818181818,28.206745,3.1573485230314446,3.3743997,,,,,,,,
13.134999999999998,13.312108,2.6486539911455536,2.6611059,,,,,,,,
23.461309523809526,24.207603,3.197092666185296,3.2271457,,,,,,,,
18.9475,19.688253,2.993103822200299,3.029566,,,,,,,,
21.526590909090906,21.38374,3.1146964295948107,3.1083348,,,,,,,,
23.248484848484843,22.918743,3.188354134956654,3.1746624,,,,,,,,
21.739365079365076,21.60769,3.124097567060347,3.1182902,,,,,,,,
24.655172413793103,24.270323,3.244745204846618,3.2296307,,,,,,,,
21.16153846153846,22.204247,3.098358284628946,3.1443353,,,,,,,,
32.26369565217391,26.007902,3.504466581608129,3.2961295,,,,,,,,
19.600888888888885,19.991152,3.0253342248106656,3.044101,,,,,,,,
21.864699999999996,21.881166,3.1295942365341123,3.130314,,,,,,,,
26.55918367346939,26.069498,3.3163358257310662,3.2984076,,,,,,,,
19.373043478260872,21.320206,3.0142126289093443,3.1054924,,,,,,,,
33.387058823529415,24.179577,3.537680296609089,3.2260332,,,,,,,,
21.799506172839504,22.584606,3.126738876639847,3.1605942,,,,,,,,
21.74867346938775,24.178087,3.1245068346590203,3.225974,,,,,,,,
25.290921052631575,24.156733,3.2692236724617487,3.2251256,,,,,,,,
14.525316455696204,15.561552,2.7424720112315226,2.8070838,,,,,,,,
18.047499999999996,17.786407,2.9469358593650274,2.9331336,,,,,,,,
14.018703703703707,14.563643,2.709296337931346,2.7449377,,,,,,,,
21.42636363636364,26.073887,3.1102372148525435,3.2985697,,,,,,,,
20.179636363636366,20.058758,3.0530401711701782,3.0473166,,,,,,,,
11.1,12.688113,2.4932054526026954,2.6165278,,,,,,,,
16.06731182795699,16.323408,2.8371650450822137,2.8520586,,,,,,,,
11.932500000000001,12.100288,2.559743522895533,2.5726342,,,,,,,,
18.610873786407765,20.434038,2.976084197420961,3.0649803,,,,,,,,
14.389264705882354,15.432409,2.733670169313853,2.7992556,,,,,,,,
15.699029126213588,16.617504,2.8153505815778628,2.868893,,,,,,,,
21.695454545454552,20.558287,3.122164664148248,3.0707603,,,,,,,,
17.497777777777788,19.149334,2.91765060474916,3.0031712,,,,,,,,
18.41354430379747,18.567085,2.965970982458532,2.9738488,,,,,,,,
18.190759493670885,18.002306,2.9544288868117827,2.9445603,,,,,,,,
16.94325301204819,17.061987,2.887214167508792,2.8938096,,,,,,,,
15.677746478873239,16.02078,2.8140752846182857,2.834435,,,,,,,,
17.423469387755112,17.899069,2.913625362046941,2.9391127,,,,,,,,
20.77352272727273,20.454874,3.080694677831997,3.0659518,,,,,,,,
13.95922222222222,14.398063,2.7053279807016115,2.7342417,,,,,,,,
19.38571428571429,19.091125,3.0148343754274776,3.0002782,,,,,,,,
18.35313131313131,18.72768,2.9628542313515696,2.9820228,,,,,,,,
15.485189873417713,15.989267,2.802462394408089,2.8325818,,,,,,,,
20.75096774193548,21.48013,3.0796582504269607,3.1126318,,,,,,,,
17.104626865671644,16.373596,2.8961675335421857,2.8549516,,,,,,,,
14.551630434782615,14.219566,2.7441654842401717,2.7225819,,,,,,,,
49.82777777777777,45.6287,3.9284430117893248,3.8422163,,,,,,,,
20.469545454545454,21.09503,3.0666354404763325,3.0953526,,,,,,,,
17.674468085106376,18.543144,2.927157247888013,2.9726245,,,,,,,,
19.454000000000004,19.595215,3.0181784623838213,3.0250587,,,,,,,,
14.742531645569619,14.488691,2.7563660715784937,2.7401102,,,,,,,,
17.561827956989248,17.462132,2.921107211570246,2.9157217,,,,,,,,
48.184347826086956,36.747967,3.8955754392669095,3.6309316,,,,,,,,
14.186666666666675,14.994866,2.720417849910872,2.7722678,,,,,,,,
17.38568181818183,18.00311,2.911572199634352,2.9446027,,,,,,,,
14.279072164948456,14.572169,2.7264840597054705,2.7454853,,,,,,,,
16.331707317073175,16.223124,2.852537616882619,2.846253,,,,,,,,
16.03137254901961,16.240084,2.835057087376396,2.847237,,,,,,,,
14.560000000000004,14.500099,2.7447035187502458,2.7408464,,,,,,,,
40.66629629629632,40.074806,3.729692559705797,3.715395,,,,,,,,
16.02061855670103,16.433317,2.834425465416745,2.8583832,,,,,,,,
45.008414634146334,27.811861,3.828824306589291,3.3607872,,,,,,,,
16.321799999999996,15.873838,2.851965823831344,2.8257644,,,,,,,,
15.030921052631577,14.993794,2.77451942302643,2.7722008,,,,,,,,
14.936363636363637,16.673906,2.7686035191288183,2.8720894,,,,,,,,
13.644578313253009,14.577885,2.68407018595958,2.7458522,,,,,,,,
13.787671232876713,14.496126,2.693793808806471,2.74059,,,,,,,,
15.488541666666666,18.494062,2.8026656952238564,2.97011,,,,,,,,
13.001851851851852,14.114144,2.63918959599995,2.715631,,,,,,,,
15.176309523809525,14.984829,2.78354779685083,2.77164,,,,,,,,
16.076969696969698,16.624191,2.8377307544097463,2.8692725,,,,,,,,
16.797377049180337,17.862242,2.87905108965234,2.9371622,,,,,,,,
18.615357142857146,18.950642,2.9763127871356847,2.9932613,,,,,,,,
17.180114942528725,16.838442,2.900328411200673,2.8813558,,,,,,,,
16.140449438202246,16.374805,2.8414411344245845,2.8550212,,,,,,,,
15.21788888888889,15.466707,2.7861148854006657,2.8013406,,,,,,,,
19.979247311827958,19.870426,3.0435337258626096,3.0383332,,,,,,,,
31.59068965517242,25.06556,3.4840266541834817,3.2606149,,,,,,,,
15.361851851851842,14.924682,2.794952518647132,2.7678702,,,,,,,,
28.946283185840702,22.042938,3.3994052162206274,3.1373594,,,,,,,,
17.025974025974026,17.455688,2.891813719213066,2.9153726,,,,,,,,
20.087586206896546,20.802889,3.0486845359204726,3.0820425,,,,,,,,
17.557808219178085,17.829504,2.920890628745576,2.935425,,,,,,,,
16.307252747252747,16.175041,2.8511256475949818,2.8434572,,,,,,,,
20.825242718446606,20.148,3.083067222783946,3.0515454,,,,,,,,
18.42708333333333,18.246248,2.9666681406100794,2.9573162,,,,,,,,
16.02068965517242,17.000473,2.834429642604704,2.890398,,,,,,,,
18.878899999999998,18.911438,2.989658867705605,2.9912944,,,,,,,,
36.975421686747,40.405006,3.636939152745319,3.7234018,,,,,,,,
17.453333333333333,17.629658,2.9152450226413045,2.9247549,,,,,,,,
36.77862068965519,21.507717,3.631743352398296,3.1138582,,,,,,,,
18.29708737864078,17.690376,2.95995417149853,2.9280088,,,,,,,,
16.428688524590175,17.476948,2.8581176142794,2.916524,,,,,,,,
16.432375000000004,16.4915,2.8583291095724777,2.861715,,,,,,,,
14.562352941176472,15.57674,2.7448547246173214,2.8080006,,,,,,,,
13.59284090909091,14.676286,2.6805310597616527,2.752149,,,,,,,,
17.014361702127662,16.828245,2.891169312105662,2.880784,,,,,,,,
21.32978947368422,17.978462,3.105921637849012,2.9433048,,,,,,,,
16.20714285714287,17.346872,2.8453245800055678,2.909459,,,,,,,,
16.08468749999999,17.066708,2.838182594501525,2.8940709,,,,,,,,
19.441340206185565,19.915379,3.017559331003326,3.0404847,,,,,,,,
17.481951219512194,18.429766,2.9167946461112235,2.9668062,,,,,,,,
18.995058823529416,20.459835,2.995485184206403,3.066183,,,,,,,,
28.41739583333333,20.156736,3.3815861943735013,3.0519583,,,,,,,,
11.47,12.64277,2.523325759691945,2.6132097,,,,,,,,
16.812439024390255,18.271585,2.879897034830884,2.9586318,,,,,,,,
17.723478260869566,18.87752,2.929778258323552,2.9895895,,,,,,,,
32.08625,35.743786,3.499117788222287,3.603969,,,,,,,,
16.026315789473685,16.629866,2.834760134774515,2.8695943,,,,,,,,
17.105523809523813,18.985176,2.896217074559587,2.9949908,,,,,,,,
16.62477272727273,16.86394,2.8693054537086806,2.8827841,,,,,,,,
18.54617021276596,19.151125,2.972779370195823,3.0032601,,,,,,,,
31.15359550561797,21.736752,3.4705242797530125,3.1239827,,,,,,,,
22.765694444444446,22.338882,3.168243130949556,3.1501207,,,,,,,,
17.140219780219777,17.464989,2.898131560391973,2.9158764,,,,,,,,
18.25962025316456,17.995823,2.9580106893097926,2.944219,,,,,,,,
14.142857142857144,15.496029,2.717528945056754,2.8031197,,,,,,,,
29.28051948051946,22.952223,3.41050458431771,3.1760612,,,,,,,,
13.838023255813956,15.36442,2.6971930250807006,2.7951095,,,,,,,,
19.169367088607597,20.005135,3.0041649726243937,3.044767,,,,,,,,
17.092499999999998,17.524652,2.8954974877581456,2.9191024,,,,,,,,
21.531621621621635,22.547546,3.1149197279579317,3.1590216,,,,,,,,
32.99142857142857,30.839788,3.5261083919930667,3.4607167,,,,,,,,
17.974933333333336,19.081783,2.943118809880704,2.999813,,,,,,,,
16.612365591397847,16.895727,2.8686012457633354,2.884562,,,,,,,,
22.699195402298848,21.747456,3.165441098294705,3.1244533,,,,,,,,
21.984374999999996,23.692236,3.1348146372417656,3.2064888,,,,,,,,
22.86375,23.498613,3.172360571126732,3.1986165,,,,,,,,
22.271287128712874,21.884712,3.1472202885783536,3.130469,,,,,,,,
17.91535714285714,18.312605,2.9399741393689203,2.960758,,,,,,,,
23.04749999999999,26.710482,3.180031041044633,3.3218107,,,,,,,,
19.702638888888895,20.353285,3.030261174701132,3.0612056,,,,,,,,
18.231967213114757,19.437588,2.956573853542419,3.0173757,,,,,,,,
19.727096774193544,19.407091,3.031441867155692,3.0158825,,,,,,,,
17.77548387096775,18.776295,2.932551969406932,2.984484,,,,,,,,
21.516111111111112,24.758907,3.114231102352045,3.2487805,,,,,,,,
16.755333333333333,17.896849,2.876685940273078,2.9389951,,,,,,,,
22.416470588235303,25.115616,3.153439646054544,3.2625334,,,,,,,,
35.98652173913043,29.305588,3.610553568958325,3.4113321,,,,,,,,
13.500898876404497,13.756016,2.6742106389813087,2.6916509,,,,,,,,
19.75315789473684,21.150152,3.0326984227954954,3.0978444,,,,,,,,
22.245294117647063,22.73668,3.146102708004942,3.1670215,,,,,,,,
16.878292682926833,17.858406,2.883587277654087,2.9369588,,,,,,,,
20.162812499999998,21.349472,3.0522455140365827,3.1068027,,,,,,,,
24.231176470588238,24.45056,3.2280803913949314,3.2367377,,,,,,,,
37.90885416666667,34.638405,3.661221838263358,3.5734239,,,,,,,,
18.40833333333333,18.699242,2.965702527102295,2.98058,,,,,,,,
49.06886363636363,28.654358,3.913399330585278,3.389609,,,,,,,,
19.913018867924517,20.66136,3.040371877382289,3.07553,,,,,,,,
23.873424657534244,24.155119,3.213799950688823,3.2250614,,,,,,,,
53.916626506024116,23.755243,4.005816153412706,3.2090373,,,,,,,,
17.665769230769232,18.347483,2.9266913239882304,2.9625623,,,,,,,,
17.75839999999999,18.734327,2.931641652094381,2.9823596,,,,,,,,
52.398452380952406,21.086006,3.977781763916069,3.0949442,,,,,,,,
23.978723404255334,23.66674,3.2180243986779837,3.2054558,,,,,,,,
19.761692307692318,20.345848,3.0331095726868758,3.0608573,,,,,,,,
30.179456521739137,19.79598,3.4397594331293924,3.0347598,,,,,,,,
22.196202531645564,21.834717,3.143988581293785,3.128282,,,,,,,,
16.163,17.014671,2.8427559039545014,2.8911865,,,,,,,,
19.736428571428576,20.297611,3.0318919879457025,3.058595,,,,,,,,
45.298382352941175,34.51577,3.835107022100429,3.5699768,,,,,,,,
17.233055555555556,18.016958,2.903236186030737,2.945331,,,,,,,,
14.06842105263158,13.850313,2.712601232937629,2.698021,,,,,,,,
20.763571428571424,21.703758,3.0802375366714507,3.1225305,,,,,,,,
25.531772151898736,26.951546,3.2783429639548967,3.3304725,,,,,,,,
23.25866666666667,25.642994,3.188773941851651,3.2825263,,,,,,,,
25.134814814814813,24.97999,3.263268326423876,3.2573266,,,,,,,,
20.942666666666664,21.343937,3.0884329910650266,3.106555,,,,,,,,
24.57066666666667,23.355934,3.2414458611832706,3.1927755,,,,,,,,
22.901904761904767,23.203476,3.173958152912643,3.1864963,,,,,,,,
25.11893203883495,23.78151,3.2626604168508657,3.2100978,,,,,,,,
18.735342465753426,19.19501,2.9824110621820523,3.0054355,,,,,,,,
15.767830188679252,16.35094,2.8194621809809144,2.8536468,,,,,,,,
12.946666666666664,13.448824,2.6352405310885576,2.670613,,,,,,,,
18.37744186046512,17.720287,2.9641095988059845,2.9296079,,,,,,,,
17.20350515463917,16.664227,2.9016141664537405,2.8715415,,,,,,,,
18.650000000000002,19.096678,2.9780773383152703,3.0005546,,,,,,,,
20.47172413793103,22.807508,3.0667369131811744,3.170001,,,,,,,,
31.321237113402063,24.741503,3.4757245099439267,3.2481046,,,,,,,,
17.023863636363636,17.452814,2.891696637431308,2.915217,,,,,,,,
48.36871794871796,25.95769,3.899316983708312,3.2942686,,,,,,,,
13.793333333333335,13.918245,2.6941766288363382,2.702585,,,,,,,,
13.611770833333324,13.986317,2.681827425353529,2.7071376,,,,,,,,
18.773333333333333,19.610123,2.9843342286016217,3.0257823,,,,,,,,
17.485342465753426,17.336233,2.9169781189009614,2.908879,,,,,,,,
20.65,20.464314,3.075005454448499,3.0663917,,,,,,,,
20.7409900990099,24.801884,3.0791994233887707,3.2504475,,,,,,,,
18.07684782608695,19.136517,2.9484754440953846,3.0025349,,,,,,,,
45.50756097560975,40.2919,3.839614901001115,3.7206664,,,,,,,,
17.094042553191493,17.095116,2.8955827433854364,2.895642,,,,,,,,
14.964578313253009,15.173138,2.7703724126173475,2.7833517,,,,,,,,
35.45061224489798,19.717701,3.595958255155796,3.0309885,,,,,,,,
17.202718446601946,16.77807,2.901570948126788,2.8779657,,,,,,,,
12.298395061728394,13.180373,2.5876433558957537,2.6518588,,,,,,,,
18.41965909090909,17.759056,2.966285908173004,2.9316766,,,,,,,,
18.070099009900986,17.586607,2.9481216115181463,2.9224412,,,,,,,,
19.245750000000005,20.891584,3.0079448949821748,3.0861022,,,,,,,,
18.730909090909087,19.06686,2.9821863955523056,2.9990697,,,,,,,,
21.724444444444448,21.342093,3.123441192875579,3.1064725,,,,,,,,
20.519999999999996,20.803705,3.0689827352935835,3.08208,,,,,,,,
16.729374999999997,16.803898,2.875222868477758,2.8794174,,,,,,,,
16.260857142857144,17.49998,2.8484413450744426,2.9177697,,,,,,,,
17.955063291139243,18.551472,2.9420710879835226,2.9730506,,,,,,,,
13.013084112149532,13.961591,2.6399914726070555,2.7054863,,,,,,,,
11.377500000000001,12.461833,2.515880308253441,2.5998585,,,,,,,,
12.945882352941176,13.016577,2.6351842928634213,2.6402407,,,,,,,,
12.853763440860215,12.363686,2.628556924303788,2.592541,,,,,,,,
11.717674418604654,13.030365,2.542992712470718,2.641224,,,,,,,,
12.29858823529412,12.859965,2.5876578818713933,2.6290045,,,,,,,,
12.025,11.904408,2.5668705876394307,2.557569,,,,,,,,
30.334320987654323,35.463024,3.4447140139877064,3.5962987,,,,,,,,
11.927213114754098,12.709421,2.559334633183872,2.6180832,,,,,,,,
14.396428571428569,13.43828,2.734135571577885,2.669883,,,,,,,,
12.853373493975901,12.460293,2.6285287765463883,2.599744,,,,,,,,
12.854311926605506,14.972463,2.628596514620913,2.7708662,,,,,,,,
12.058651685393256,12.797145,2.5694508785028374,2.6244617,,,,,,,,
12.576344086021503,13.177225,2.608328872780269,2.6516368,,,,,,,,
11.928876404494387,11.823504,2.5594632906702524,2.5512798,,,,,,,,
12.8575,12.706381,2.6288266023118227,2.6178615,,,,,,,,
12.764999999999993,12.715923,2.62212913859457,2.6185575,,,,,,,,
11.932500000000001,11.948579,2.559743522895533,2.560986,,,,,,,,
13.131553398058253,17.917223,2.6484101268222107,2.9400728,,,,,,,,
13.505,12.827045,2.6744934175733674,2.6266265,,,,,,,,
13.724999999999998,12.968886,2.6895467295376503,2.6368325,,,,,,,,
12.672500000000001,12.043259,2.615386516238791,2.5682714,,,,,,,,
12.764999999999993,12.876286,2.62212913859457,2.6301813,,,,,,,,
13.942551020408159,12.856173,2.704212916159709,2.6287308,,,,,,,,
12.668791208791209,13.087982,2.615115220256226,2.645322,,,,,,,,
12.286419753086422,12.2632265,2.5867424423828806,2.5849953,,,,,,,,
13.412499999999998,12.467554,2.6680958855951773,2.6002834,,,,,,,,
12.95,12.485544,2.6354795082673745,2.6016183,,,,,,,,
12.761515151515148,12.485962,2.6218759391986945,2.6016493,,,,,,,,
11.655000000000006,11.731455,2.538052393997088,2.5440757,,,,,,,,
12.945205479452055,12.750178,2.635135755962077,2.6210518,,,,,,,,
13.012444444444444,12.638171,2.6399458236763738,2.6128726,,,,,,,,
13.042500000000002,15.636194,2.642088445424451,2.8115807,,,,,,,,
12.95,13.238979,2.6354795082673745,2.6559832,,,,,,,,
12.483870967741936,12.501923,2.60149422803961,2.602832,,,,,,,,
11.559139784946234,12.004925,2.5304486702349163,2.5653281,,,,,,,,
13.412399999999995,12.995118,2.668088947149597,2.6387086,,,,,,,,
22.186117647058825,17.739351,3.143553722291182,2.9306257,,,,,,,,
12.394999999999998,12.406867,2.594881502996572,2.595767,,,,,,,,
12.667999999999994,13.236755,2.615057334253045,2.655827,,,,,,,,
12.857560975609756,12.317833,2.62883100249047,2.589104,,,,,,,,
12.95,12.573729,2.6354795082673745,2.6081362,,,,,,,,
12.117499999999998,12.309697,2.5739472165787296,2.5884929,,,,,,,,
12.487499999999999,12.327828,2.601763330584253,2.5898542,,,,,,,,
12.853164556962023,12.41922,2.6285136944012644,2.596688,,,,,,,,
11.37431578947369,11.0033655,2.51562301718672,2.485187,,,,,,,,
11.377500000000001,13.392291,2.515880308253441,2.6666927,,,,,,,,
12.114105263157892,12.250726,2.5736883885865423,2.5840523,,,,,,,,
20.132444444444445,17.384687,3.050809510902049,2.911518,,,,,,,,
10.637432432432433,11.247797,2.454226836565487,2.505346,,,,,,,,
13.134999999999998,13.000933,2.6486539911455536,2.639124,,,,,,,,
29.529670329670328,20.483149,3.418699008446439,3.0672688,,,,,,,,
12.391926605504585,13.104116,2.594652033259027,2.6464667,,,,,,,,
11.92867469879518,12.288599,2.5594476893707787,2.5869064,,,,,,,,
11.655000000000006,11.528859,2.538052393997088,2.5280347,,,,,,,,
10.914999999999994,11.684115,2.477798110550705,2.5403504,,,,,,,,
10.5412,10.999605,2.445923241808952,2.4848738,,,,,,,,
11.47,11.990214,2.523325759691945,2.5641963,,,,,,,,
11.096470588235297,11.770441,2.492913723131088,2.5471332,,,,,,,,
13.412499999999998,14.319495,2.6680958855951773,2.7291262,,,,,,,,
12.480519480519481,14.756826,2.60124564187215,2.7572737,,,,,,,,
14.33565789473684,13.226451,2.7301806981612526,2.655103,,,,,,,,
11.558795180722889,11.456972,2.530421231337265,2.5222805,,,,,,,,
13.747674418604655,13.4707365,2.6910854038198764,2.6721284,,,,,,,,
12.989295774647884,13.465076,2.638292449643989,2.6717372,,,,,,,,
13.698490566037734,13.805567,2.687744805930006,2.6950033,,,,,,,,
27.51893203883496,26.150402,3.3505681488013197,3.3013918,,,,,,,,
12.453191489361702,12.044542,2.599216363354509,2.5683699,,,,,,,,
13.316635514018692,12.367662,2.6614221837890324,2.5928385,,,,,,,,
12.164634146341465,12.442292,2.577534002690609,2.5984058,,,,,,,,
12.857549019607841,12.403776,2.628830139711869,2.5955365,,,,,,,,
15.353750000000002,14.414938,2.794457228842949,2.735337,,,,,,,,
27.850989010989007,30.413664,3.36214427350999,3.447243,,,,,,,,
12.11395604395605,12.311144,2.573677009994728,2.5886016,,,,,,,,
13.987530864197533,13.309299,2.707218579680789,2.6609097,,,,,,,,
15.178571428571427,14.278136,2.78368761530783,2.7264228,,,,,,,,
13.23397727272727,12.934402,2.655631872186699,2.6343608,,,,,,,,
12.672547169811322,12.198147,2.6153899662098974,2.5800765,,,,,,,,
15.892941176470586,14.888055,2.8268958528100145,2.7655675,,,,,,,,
11.533717948717948,11.174251,2.528422448654599,2.4993231,,,,,,,,
11.76268292682927,11.47434,2.546525516538253,2.5236738,,,,,,,,
14.27142857142857,15.681154,2.7259836689756862,2.8142796,,,,,,,,
13.77391304347826,14.62274,2.692862993308682,2.7487276,,,,,,,,
12.957558139534882,12.967018,2.636021163662797,2.6366987,,,,,,,,
14.535809523809524,13.75849,2.7431476511628894,2.6918185,,,,,,,,
15.561538461538458,14.907454,2.8070830469087804,2.7667878,,,,,,,,
32.06749999999998,32.651485,3.498550926918065,3.5160573,,,,,,,,
12.390410958904107,12.399856,2.5945388507111296,2.595244,,,,,,,,
14.133218390804595,14.710629,2.716892221029066,2.7543375,,,,,,,,
12.487499999999999,12.753834,2.601763330584253,2.6213176,,,,,,,,
13.408426966292131,13.49319,2.6678132414082123,2.6736789,,,,,,,,
43.14831168831169,43.94368,3.787554685963447,3.8054101,,,,,,,,
15.035192307692306,16.153957,2.774785826069293,2.842229,,,,,,,,
14.63218390804598,15.183826,2.749331860075514,2.7840123,,,,,,,,
13.171354166666665,13.91762,2.651222614885709,2.702543,,,,,,,,
14.224400000000001,15.742964,2.722899403952416,2.8179781,,,,,,,,
18.375471698113206,16.850264,2.9640079206521275,2.8820183,,,,,,,,
17.715588235294117,18.230755,2.9293567720830733,2.9565108,,,,,,,,
16.284666666666666,16.041956,2.8498197886442003,2.8356783,,,,,,,,
15.748888888888878,15.841183,2.818331921079104,2.8238273,,,,,,,,
17.995443037974685,19.094446,2.944199110293607,3.0004435,,,,,,,,
15.106703296703298,14.886422,2.7792355391717143,2.7654648,,,,,,,,
24.586599999999994,25.479517,3.2420687769442846,3.2763715,,,,,,,,
14.791304347826086,14.67306,2.7594594307979885,2.7519433,,,,,,,,
13.475365853658538,13.732861,2.6724482980038027,2.6900804,,,,,,,,
18.093033707865157,17.424368,2.949323541186489,2.913674,,,,,,,,
13.070000000000002,13.549291,2.644044871126298,2.6775422,,,,,,,,
15.335064935064931,15.205215,2.793314020255719,2.7853332,,,,,,,,
42.91923913043478,39.306892,3.782352473062934,3.6965225,,,,,,,,
32.088750000000005,27.133661,3.4991933454569284,3.3369668,,,,,,,,
13.354810126582278,14.139206,2.6640850864972028,2.7172878,,,,,,,,
17.267878787878793,16.367716,2.9051442600849957,2.854613,,,,,,,,
17.057349397590357,16.707468,2.8935527707497224,2.8739865,,,,,,,,
14.093103448275869,15.166456,2.714237914210376,2.7829385,,,,,,,,
13.157052631578955,13.128416,2.650212919112517,2.648188,,,,,,,,
18.554285714285715,18.809303,2.973194480528625,2.9861517,,,,,,,,
13.146404494382018,15.125113,2.6494604924635805,2.7803779,,,,,,,,
19.640112359550567,19.429232,3.0272363843752195,3.0169668,,,,,,,,
14.958901098901098,15.437983,2.770016736198843,2.7995946,,,,,,,,
50.037692307692296,45.48215,3.932564424607095,3.8390684,,,,,,,,
15.139285714285709,16.17656,2.7812564062420297,2.8435457,,,,,,,,
18.278089887640444,17.445694,2.958969212056604,2.914831,,,,,,,,
19.892394366197184,20.323107,3.039385186817357,3.0597913,,,,,,,,
20.13846153846154,23.818222,3.0510942028866577,3.2115781,,,,,,,,
19.625733333333336,21.00721,3.0265394871442166,3.09137,,,,,,,,
19.809146341463425,19.61839,3.03539261801024,3.0261834,,,,,,,,
23.01804347826087,23.102398,3.1788053594733787,3.1823113,,,,,,,,
13.575230769230767,13.598791,2.679323565334592,2.6809387,,,,,,,,
22.640224719101127,22.146526,3.1629496983768592,3.1418447,,,,,,,,
21.935714285714273,20.432184,3.132695271480209,3.0648937,,,,,,,,
46.05000000000001,40.877766,3.851210866031389,3.734755,,,,,,,,
21.032247191011237,20.515877,3.0925071615589457,3.0687912,,,,,,,,
17.41515789473684,17.020157,2.9131741241060936,2.891491,,,,,,,,
18.759374999999995,17.916836,2.983628062264841,2.9400523,,,,,,,,
19.2986,19.290089,3.0105519181522697,3.0101326,,,,,,,,
40.4479797979798,35.829983,3.724439142105975,3.6063123,,,,,,,,
18.13255813953489,19.143003,2.9513914984813225,3.002857,,,,,,,,
17.999999999999996,19.409632,2.9444389791664403,3.016007,,,,,,,,
13.087765957446807,13.975734,2.645306758154632,2.7064312,,,,,,,,
17.428314606741576,16.703753,2.9138883191409644,2.8737767,,,,,,,,
11.655000000000006,12.449742,2.538052393997088,2.59896,,,,,,,,
17.788235294117644,17.78772,2.933230891724696,2.9332035,,,,,,,,
15.649199999999997,16.83222,2.81236216722406,2.881007,,,,,,,,
22.17511627906976,29.468569,3.14307912887492,3.4166956,,,,,,,,
16.035164835164835,17.928999,2.835279727330561,2.940695,,,,,,,,
19.00896907216495,18.777002,2.996180626636972,2.9845197,,,,,,,,
17.50578947368421,17.810062,2.918083627650826,2.934392,,,,,,,,
20.553333333333335,20.994059,3.0705304836291774,3.0907724,,,,,,,,
15.829999999999998,17.510517,2.8231630082027146,2.918339,,,,,,,,
23.486627906976743,22.547356,3.198127168832562,3.1590135,,,,,,,,
19.840000000000003,20.494205,3.0368742168851663,3.0677834,,,,,,,,
43.72615384615385,49.23735,3.8005584277462696,3.9167588,,,,,,,,
21.20371134020619,21.826166,3.1002594523924003,3.1279075,,,,,,,,
19.066407766990295,20.366638,2.9990471615862067,3.0618308,,,,,,,,
19.869898989898978,19.283365,3.038307881110889,3.0098011,,,,,,,,
19.47602739726027,20.758722,3.0192548066126226,3.0800147,,,,,,,,
21.338064516129037,21.421652,3.1062921522928613,3.110027,,,,,,,,
18.20333333333333,19.19691,2.955083875076182,3.0055296,,,,,,,,
16.652771084337346,17.639814,2.870892773001249,2.9253,,,,,,,,
19.24857142857143,19.392914,3.0080842443267968,3.0151875,,,,,,,,
19.4573469387755,18.639814,3.018342081478933,2.9775589,,,,,,,,
17.330823529411763,17.277248,2.9085839887971985,2.905657,,,,,,,,
17.81925,18.325562,2.9348802821410485,2.9614286,,,,,,,,
13.379560439560441,13.866733,2.66580778434034,2.699126,,,,,,,,
15.643132530120479,16.131523,2.811997670687736,2.8409202,,,,,,,,
33.21188118811881,35.462616,3.5325729868994222,3.5962875,,,,,,,,
13.088787878787878,13.323769,2.6453792951545405,2.6619203,,,,,,,,
13.3702380952381,14.940343,2.665159268863768,2.7688532,,,,,,,,
19.42594594594594,20.163557,3.016805952816654,3.0522807,,,,,,,,
15.342424242424247,15.9528675,2.7937644408767013,2.830437,,,,,,,,
40.330744680851055,39.662354,3.7216066462865816,3.7053027,,,,,,,,
13.993695652173917,14.957314,2.7076298229006017,2.7699172,,,,,,,,
28.809247311827964,24.495964,3.3948186578518484,3.2385201,,,,,,,,
18.353043478260872,19.335226,2.9628496928059285,3.0123546,,,,,,,,
18.764864864864865,19.630283,2.983905859632681,3.02676,,,,,,,,
19.342772277227724,19.518003,3.012725678148369,3.0213027,,,,,,,,
20.308571428571426,22.629313,3.0591094062553066,3.162488,,,,,,,,
19.958271604938275,21.117107,3.0425333944562407,3.0963514,,,,,,,,
19.94538461538461,19.886267,3.0419183173425783,3.0390918,,,,,,,,
16.598723404255324,16.89157,2.86782636556427,2.8843296,,,,,,,,
17.17134146341463,17.725016,2.8998457081592064,2.9298604,,,,,,,,
21.941538461538467,21.462124,3.13294917403569,3.1118305,,,,,,,,
13.117752808988767,13.477045,2.647433069894425,2.6725643,,,,,,,,
12.26982456140351,13.65072,2.5854926275636934,2.6844895,,,,,,,,
17.57613861386139,16.809685,2.921877886914204,2.8797424,,,,,,,,
12.880760869565217,13.006027,2.630503771268242,2.6394877,,,,,,,,
25.439642857142854,31.550758,3.274864507219898,3.4828007,,,,,,,,
12.117499999999998,12.180697,2.5739472165787296,2.5787535,,,,,,,,
16.842682926829273,16.915224,2.8815935041198637,2.8856509,,,,,,,,
17.02280487804878,16.792246,2.891637893677236,2.8787627,,,,,,,,
15.510000000000005,15.517658,2.803966257932037,2.80443,,,,,,,,
13.811368421052626,13.5858,2.695395022461782,2.6800485,,,,,,,,
16.06620689655172,16.053905,2.8371003033593007,2.8363793,,,,,,,,
16.279402985074622,16.285492,2.8495152133042145,2.8498676,,,,,,,,
33.242777777777775,27.30175,3.5334756746703846,3.3429236,,,,,,,,
12.315319148936167,12.883933,2.588915188106404,2.6307323,,,,,,,,
12.112258064516128,12.471289,2.57354752280033,2.6005607,,,,,,,,
12.969130434782613,14.044175,2.63684992614778,2.710991,,,,,,,,
12.771499999999996,13.494113,2.622601239269727,2.6737425,,,,,,,,
13.357500000000003,13.595206,2.6642724537563147,2.6806931,,,,,,,,
16.740957446808512,20.758213,2.8758759464965533,3.0799913,,,,,,,,
42.75524390243902,43.29723,3.77861146624809,3.7909222,,,,,,,,
17.201249999999998,16.416666,2.901490273042977,2.8574276,,,,,,,,
13.73884615384615,13.828798,2.6904866037681305,2.696571,,,,,,,,
13.037391304347828,13.922407,2.6417245768002338,2.702864,,,,,,,,
11.416888888888886,12.058723,2.5190575530890302,2.5694563,,,,,,,,
13.597761194029852,14.308367,2.6808681740814024,2.7283995,,,,,,,,
31.622500000000002,34.964264,3.485002234354265,3.5825257,,,,,,,,
17.828023255813953,17.281332,2.935346358709896,2.9058805,,,,,,,,
41.98914893617024,34.52621,3.76094773352624,3.5702708,,,,,,,,
13.392000000000001,13.83702,2.666672496648232,2.6971254,,,,,,,,
11.5625,12.045836,2.5307161858192946,2.568469,,,,,,,,
13.215517241379308,13.446496,2.654334131453234,2.6704519,,,,,,,,
23.06642857142858,22.708591,3.180817864027796,3.1658375,,,,,,,,
15.482613636363642,19.544298,2.8023061063460983,3.0225835,,,,,,,,
11.747499999999999,13.003062,2.5453351739471737,2.639276,,,,,,,,
16.27171717171717,15.434643,2.8490703181199573,2.7993915,,,,,,,,
19.855368421052635,14.478687,3.0376113933309243,2.739464,,,,,,,,
14.524137931034481,15.103544,2.7423960984861577,2.7790394,,,,,,,,
38.59487499999998,30.314905,3.678699690693129,3.4440942,,,,,,,,
13.831034482758618,14.02608,2.6967219098032165,2.7097874,,,,,,,,
13.130617283950619,13.654168,2.648343881796766,2.6847248,,,,,,,,
11.229473684210525,12.122386,2.503848913957891,2.5743196,,,,,,,,
13.493809523809523,14.171513,2.673721628873782,2.7194195,,,,,,,,
12.878469387755102,12.789943,2.630338674340548,2.6239395,,,,,,,,
52.94510204081633,58.038082,3.9879669005728617,4.0781827,,,,,,,,
23.46333333333334,22.311405,3.197175397888862,3.1489427,,,,,,,,
11.281980198019797,12.575473,2.508133163629389,2.6082647,,,,,,,,
21.015227272727273,13.528717,3.091734362694165,2.6761272,,,,,,,,
15.351875,15.926155,2.7943425696672226,2.82886,,,,,,,,
24.840752688172035,21.236776,3.2519528072893933,3.1017475,,,,,,,,
13.65724137931035,14.163697,2.684934505444071,2.7189043,,,,,,,,
13.292307692307691,13.966943,2.6597214689182014,2.705844,,,,,,,,
16.48039603960396,15.294682,2.861080026698645,2.7908387,,,,,,,,
13.760449438202246,13.84832,2.691951268451442,2.6978867,,,,,,,,
12.390144927536234,13.041019,2.5945189832095727,2.641983,,,,,,,,
12.209999999999999,13.233124,2.580974118534234,2.655572,,,,,,,,
12.545698924731182,13.111718,2.6060690744074515,2.6470056,,,,,,,,
13.564868421052624,13.96087,2.678612356457281,2.7054381,,,,,,,,
13.457499999999998,13.6301365,2.671213311050236,2.6830835,,,,,,,,
12.302560975609754,13.125119,2.5879565712485832,2.6479547,,,,,,,,
36.02941176470588,41.192715,3.6117125094281857,3.7422476,,,,,,,,
39.52831168831167,31.270569,3.702000783920421,3.4741557,,,,,,,,
12.672500000000001,13.275935,2.615386516238791,2.6585753,,,,,,,,
14.120689655172416,14.946706,2.716063981825764,2.7692523,,,,,,,,
12.4833734939759,12.505561,2.601457333371577,2.6031015,,,,,,,,
13.189855072463766,14.0484085,2.652527277762766,2.7112722,,,,,,,,
14.655000000000003,14.936517,2.750790354778369,2.768613,,,,,,,,
12.042268041237113,12.469779,2.568195470917241,2.6004486,,,,,,,,
14.380561797752804,16.22553,2.7331044912226496,2.8463926,,,,,,,,
13.434102564102561,14.401121,2.669593640354541,2.7344403,,,,,,,,
13.039126213592235,13.365212,2.6418481611618274,2.6648095,,,,,,,,
15.533999999999999,15.306017,2.805418866830484,2.7915342,,,,,,,,
16.984531249999996,17.209843,2.889512013421776,2.9019623,,,,,,,,
15.55701030927835,15.479118,2.806809595779043,2.802094,,,,,,,,
12.50904255319149,13.06842,2.6033592799708494,2.6439326,,,,,,,,
13.116483516483516,13.419871,2.647343158306842,2.6686072,,,,,,,,
14.315316455696202,14.33349,2.7288534031921343,2.7300394,,,,,,,,
15.40583333333333,15.806387,2.7976369626439954,2.821759,,,,,,,,
40.427826086956536,44.52996,3.723952782758869,3.8183706,,,,,,,,
14.78393442622951,15.157913,2.7589926142660124,2.78241,,,,,,,,
14.928842105263161,16.346031,2.768131434856013,2.8533638,,,,,,,,
20.404772727272725,12.531913,3.0636139218004206,2.6050508,,,,,,,,
12.579999999999997,13.659581,2.60859812213055,2.685094,,,,,,,,
16.775000000000006,16.360062,2.877792975689305,2.8541722,,,,,,,,
11.818181818181818,12.767663,2.5508646175797978,2.6223226,,,,,,,,
13.868192771084338,14.573283,2.699224217852995,2.7455568,,,,,,,,
16.1595,17.239933,2.8425519561061727,2.9036133,,,,,,,,
13.680000000000001,14.544345,2.6864860231863696,2.743697,,,,,,,,
14.145249999999995,14.458082,2.717686951441012,2.738132,,,,,,,,
12.326666666666664,12.696193,2.589767040404144,2.617118,,,,,,,,
16.029595959595962,16.483162,2.8349527691785847,2.8612382,,,,,,,,
16.557528089887636,16.77676,2.8654828089294475,2.877892,,,,,,,,
13.210617283950615,12.712611,2.6539893812746365,2.618316,,,,,,,,
18.385714285714283,18.85455,2.96453641778551,2.9884331,,,,,,,,
18.420674157303374,18.20571,2.966338176848869,2.9552076,,,,,,,,
20.493580246913584,21.09809,3.0677542973789915,3.0954912,,,,,,,,
16.48659793814433,16.935358,2.861434755424217,2.886774,,,,,,,,
14.853999999999997,15.319981,2.763421834414964,2.79239,,,,,,,,
16.493750000000006,15.767424,2.861843674281627,2.819438,,,,,,,,
17.392000000000003,17.121063,2.9119157874608805,2.897075,,,,,,,,
16.415161290322583,15.479616,2.8573411653497294,2.8021243,,,,,,,,
14.074615384615385,14.678035,2.713012228829426,2.7522607,,,,,,,,
18.835584415584414,19.348373,2.9874775173882755,3.013001,,,,,,,,
17.14862068965518,17.350782,2.898594562762768,2.9096723,,,,,,,,
18.92924999999999,18.826899,2.992188501805624,2.9870396,,,,,,,,
41.343942307692316,35.721645,3.7458253720876393,3.6033664,,,,,,,,
38.23717171717172,31.25055,3.669624555574849,3.473535,,,,,,,,
20.24109090909091,20.046698,3.055937556123114,3.0467436,,,,,,,,
16.732000000000003,15.492407,2.875370916882807,2.8029,,,,,,,,
16.618181818181824,16.420359,2.8689314266582957,2.8576396,,,,,,,,
13.510752688172051,13.797821,2.674889939304804,2.69448,,,,,,,,
18.554336283185837,18.920908,2.9731970666028733,2.9917698,,,,,,,,
12.668433734939757,12.446103,2.6150890673564926,2.5986893,,,,,,,,
15.909404761904764,15.679886,2.82786996193049,2.8142035,,,,,,,,
16.10487804878049,15.878262,2.839363688838557,2.8260264,,,,,,,,
16.1556043956044,17.706873,2.8423249071444427,2.928891,,,,,,,,
14.146629213483147,14.932394,2.7177780130403524,2.7683544,,,,,,,,
17.715607476635515,24.255766,2.92935780017427,3.2290545,,,,,,,,
16.060952380952386,16.228458,2.836792365883572,2.8465626,,,,,,,,
13.412499999999998,13.914212,2.6680958855951773,2.7023146,,,,,,,,
17.121764705882356,17.047493,2.8971136858220974,2.8930068,,,,,,,,
21.387058823529415,20.516006,3.108483060817645,3.068797,,,,,,,,
20.19050632911391,20.298344,3.053553266714597,3.0586293,,,,,,,,
18.190714285714286,19.39394,2.9544265310941853,3.0152378,,,,,,,,
17.71786516853933,18.784359,2.9294784244042447,2.9848917,,,,,,,,
18.815,18.489536,2.9864392266423985,2.9698777,,,,,,,,
20.232333333333333,19.615116,3.0555251770395864,3.0260246,,,,,,,,
13.561153846153848,14.058077,2.6783572873040105,2.7119145,,,,,,,,
12.209999999999999,13.302918,2.580974118534234,2.6604636,,,,,,,,
13.04218390804598,13.377822,2.6420659355072966,2.6656868,,,,,,,,
18.919054054054058,20.046074,2.991676763782615,3.046714,,,,,,,,
16.017130434782608,26.793188,2.8342205093292256,3.324791,,,,,,,,
12.083855421686748,13.362935,2.57137905960643,2.664651,,,,,,,,
19.77321100917432,19.760714,3.0336642243584797,3.0330625,,,,,,,,
15.287339449541282,15.118589,2.790388085121722,2.7799733,,,,,,,,
11.932399999999998,13.431995,2.559735790408649,2.6694477,,,,,,,,
16.985934065934064,16.266266,2.889590011630721,2.8487546,,,,,,,,
14.863551401869161,14.208249,2.7640241130736705,2.721838,,,,,,,,
47.14342105263153,43.35136,3.8741844944878574,3.7921433,,,,,,,,
15.338021978021978,14.874223,2.7934950281276096,2.7646966,,,,,,,,
25.75091836734694,18.160234,3.2865688042423087,2.952837,,,,,,,,
15.490909090909096,14.956587,2.802809264882666,2.7698717,,,,,,,,
18.239230769230765,18.508062,2.956951463629095,2.9708278,,,,,,,,
13.83060606060606,13.556382,2.6966930225168264,2.6780295,,,,,,,,
16.74042857142857,16.79867,2.8758461350692484,2.8791237,,,,,,,,
19.391603773584908,19.976273,3.0151232364017577,3.043392,,,,,,,,
13.998028169014084,14.941419,2.7079187370621307,2.7689207,,,,,,,,
20.134062500000002,20.342669,3.0508860753344247,3.0607083,,,,,,,,
16.802705882352942,16.26793,2.879350461607324,2.848851,,,,,,,,
12.487586206896552,13.370385,2.601769722178029,2.6651695,,,,,,,,
15.04344086021505,14.849879,2.7753000969025523,2.763162,,,,,,,,
15.628666666666671,16.453793,2.8111281136024844,2.859557,,,,,,,,
14.32644230769231,17.58634,2.729579592088206,2.922427,,,,,,,,
31.340694444444452,23.23483,3.4763263271541733,3.1877909,,,,,,,,
14.666951219512205,14.477879,2.751553475824592,2.7394118,,,,,,,,
16.186805555555555,15.913691,2.8441419705701207,2.8281233,,,,,,,,
12.672586206896552,13.309156,2.615392821349398,2.6608996,,,,,,,,
12.247790697674416,13.205135,2.5838307987314484,2.6536036,,,,,,,,
13.425176470588239,13.25748,2.6689750459822954,2.6572816,,,,,,,,
27.14164948453608,33.181274,3.337250667044949,3.531678,,,,,,,,
14.219662921348322,14.385766,2.722588205102108,2.7334428,,,,,,,,
18.158045977011493,17.936491,2.9527227828435856,2.9410908,,,,,,,,
14.41299065420561,15.0679,2.735210702806494,2.7768235,,,,,,,,
37.319649122807014,26.14844,3.6459627965577903,3.3013196,,,,,,,,
12.364000000000004,12.743695,2.5925645244945104,2.6205802,,,,,,,,
12.509753086419753,13.623054,2.6034118754483018,2.6825993,,,,,,,,
14.744468085106382,14.875143,2.756489070883335,2.7647545,,,,,,,,
17.177395833333335,17.087368,2.9001788349979885,2.8952138,,,,,,,,
16.476881720430107,18.183857,2.8608789630340303,2.9540691,,,,,,,,
16.411149425287356,17.021772,2.8571107725822764,2.8915806,,,,,,,,
79.31317073170733,55.57611,4.385933626577869,4.035587,,,,,,,,
41.59632075471696,29.368464,3.751767882285293,3.4134047,,,,,,,,
15.672340425531914,15.760359,2.813751084360327,2.8190165,,,,,,,,
13.518076923076926,14.468416,2.6753945573109985,2.7388003,,,,,,,,
13.16126582278481,13.936937,2.6505104785346085,2.7038372,,,,,,,,
10.914999999999994,11.765479,2.477798110550705,2.5467446,,,,,,,,
28.043861386138612,27.684656,3.368807148959394,3.3563623,,,,,,,,
16.554067796610166,16.00848,2.8652857063369104,2.833712,,,,,,,,
18.18518072289157,17.845884,2.954138143664533,2.9362946,,,,,,,,
39.81454545454545,16.2906,3.7090385241157255,2.850163,,,,,,,,
13.418901098901095,13.824718,2.668539922219295,2.696296,,,,,,,,
13.788701298701291,13.917729,2.693863463448797,2.7025504,,,,,,,,
15.110722891566262,14.534768,2.77948506840849,2.7430806,,,,,,,,
14.308333333333337,15.264605,2.72839734243308,2.7889912,,,,,,,,
12.21774193548387,14.020615,2.581560013138793,2.7094235,,,,,,,,
11.932500000000001,12.030396,2.559743522895533,2.5672848,,,,,,,,
13.597500000000007,13.117278,2.680850281175556,2.6473994,,,,,,,,
12.95,15.029358,2.6354795082673745,2.774422,,,,,,,,
12.391683168316831,12.552361,2.5946338551874515,2.6065607,,,,,,,,
46.420370370370364,39.467464,3.859051891032114,3.7004983,,,,,,,,
11.9325641025641,12.435563,2.559748479586446,2.5979052,,,,,,,,
12.57381818181818,12.945713,2.608142803600594,2.6351721,,,,,,,,
12.66957264957265,11.968383,2.615172388328588,2.5625143,,,,,,,,
12.209999999999999,13.42947,2.580974118534234,2.6692727,,,,,,,,
11.007499999999999,12.045065,2.4855314545568423,2.56841,,,,,,,,
21.29823529411766,12.573913,3.10450754054182,2.6081498,,,,,,,,
13.042555555555557,12.931742,2.642092401660567,2.6341698,,,,,,,,
11.651612903225805,12.098208,2.5377847092770995,2.5724754,,,,,,,,
11.556603773584907,11.784882,2.5302467242830446,2.5482633,,,,,,,,
12.764999999999993,12.917643,2.62212913859457,2.6331573,,,,,,,,
11.655000000000006,11.64867,2.538052393997088,2.537552,,,,,,,,
12.853736263736266,15.997438,2.628554962587701,2.8330626,,,,,,,,
13.134999999999998,13.009734,2.6486539911455536,2.6397524,,,,,,,,
12.579999999999997,12.807204,2.60859812213055,2.6251905,,,,,,,,
11.655000000000006,11.80561,2.538052393997088,2.5498834,,,,,,,,
11.373043478260868,11.978352,2.5155201931883955,2.5632827,,,,,,,,
11.47,12.325468,2.523325759691945,2.589677,,,,,,,,
11.655000000000006,11.359981,2.538052393997088,2.514464,,,,,,,,
12.298947368421056,13.518236,2.5876848868640594,2.6754055,,,,,,,,
12.483846153846153,13.081027,2.6014923877729186,2.6448283,,,,,,,,
12.94597701149425,12.685972,2.6351910804032435,2.6163714,,,,,,,,
10.822444444444447,11.336546,2.4699997963871447,2.512566,,,,,,,,
11.55769230769231,11.872037,2.530333410695004,2.5550573,,,,,,,,
12.209999999999999,11.680115,2.580974118534234,2.540035,,,,,,,,
11.929306930693068,11.821508,2.5594965896992785,2.551124,,,,,,,,
13.593838383838381,14.541607,2.6805994111309777,2.7435207,,,,,,,,
11.837009345794387,12.006416,2.552332354138233,2.5654428,,,,,,,,
11.37390804597701,12.464825,2.5155900658525616,2.6000807,,,,,,,,
11.562553191489364,12.051744,2.5307204199587376,2.5689218,,,,,,,,
48.54641025641025,30.833868,3.9029098112577545,3.4605308,,,,,,,,
25.579565217391302,25.8885,3.280142695641581,3.2916987,,,,,,,,
36.79131578947368,25.282919,3.6320793352118166,3.2689192,,,,,,,,
11.562553191489364,11.532866,2.5307204199587376,2.5283544,,,,,,,,
13.408910891089109,12.754089,2.667846827078021,2.6213362,,,,,,,,
11.932500000000001,12.660219,2.559743522895533,2.614488,,,,,,,,
12.483678160919542,12.473833,2.601479928866817,2.6007495,,,,,,,,
11.00741935483871,11.833594,2.485524738301826,2.5520663,,,,,,,,
11.655000000000006,12.4540205,2.538052393997088,2.599278,,,,,,,,
12.760740740740742,12.732873,2.621819663958929,2.6197925,,,,,,,,
11.281411764705881,12.191277,2.508086880663675,2.5795557,,,,,,,,
11.5625,12.429104,2.5307161858192946,2.5974243,,,,,,,,
12.764999999999993,12.501121,2.62212913859457,2.6027727,,,,,,,,
12.580000000000004,12.387434,2.6085981221305503,2.5943165,,,,,,,,
13.406440677966106,12.937801,2.6676753758900573,2.6346047,,,,,,,,
12.487499999999999,12.516948,2.601763330584253,2.6039443,,,,,,,,
11.929032258064519,12.353599,2.559475345285509,2.591786,,,,,,,,
13.316288659793813,13.18787,2.661397956139576,2.6523874,,,,,,,,
20.023953488372094,13.368,3.0456624299886843,2.6650035,,,,,,,,
13.501313131313132,12.67278,2.674239206106365,2.615407,,,,,,,,
12.854059405940593,11.561943,2.6285782875903965,2.5306718,,,,,,,,
12.025,11.81235,2.5668705876394307,2.5504096,,,,,,,,
12.025,11.418295,2.5668705876394307,2.5191708,,,,,,,,
13.227553191489363,12.425714,2.6551804501273635,2.5971718,,,,,,,,
13.227551020408166,14.949608,2.6551802975304035,2.7694342,,,,,,,,
12.760273972602741,12.827962,2.621785743106598,2.6266928,,,,,,,,
12.394999999999998,12.909963,2.594881502996572,2.6326053,,,,,,,,
12.299652173913046,12.414224,2.587737882548365,2.5963156,,,,,,,,
13.04259259259259,13.009367,2.6420950391426152,2.6397262,,,,,,,,
12.302500000000002,12.805088,2.5879519874883874,2.6250372,,,,,,,,
12.85442477876106,12.021812,2.62860466022183,2.5666258,,,,,,,,
12.299207920792082,13.523616,2.587704478626586,2.675776,,,,,,,,
12.394999999999998,12.111387,2.594881502996572,2.573481,,,,,,,,
12.85359550561798,12.483352,2.62854480223596,2.6014557,,,,,,,,
40.61290322580647,35.428146,3.728410292870572,3.5953417,,,,,,,,
12.850408163265305,13.126483,2.6283147024709708,2.6480513,,,,,,,,
12.945569620253163,12.733119,2.6351618678789976,2.6198103,,,,,,,,
12.672500000000001,12.793168,2.615386516238791,2.6241734,,,,,,,,
12.298947368421056,14.770616,2.5876848868640594,2.7581484,,,,,,,,
11.932500000000001,11.965066,2.559743522895533,2.5622585,,,,,,,,
12.764999999999993,12.870187,2.62212913859457,2.6297417,,,,,,,,
11.928311688311691,11.316162,2.5594196110419216,2.5109124,,,,,,,,
12.203773584905658,12.603723,2.5805026663814656,2.6103435,,,,,,,,
12.576494845360823,13.341849,2.6083399772794857,2.6631818,,,,,,,,
12.852388059701495,12.567872,2.6284576408533367,2.6077046,,,,,,,,
12.764999999999993,15.235718,2.62212913859457,2.7872136,,,,,,,,
12.764999999999993,12.904896,2.62212913859457,2.632241,,,,,,,,
12.575072463768114,12.883394,2.608235203836552,2.6306934,,,,,,,,
12.48755319148936,12.008711,2.601767274338431,2.5656192,,,,,,,,
49.373076923076916,56.993607,3.919456844313875,4.060333,,,,,,,,
11.096703296703295,11.808892,2.492932960662229,2.5501397,,,,,,,,
12.391058823529411,12.762855,2.594587232269774,2.6219733,,,,,,,,
12.394999999999998,11.854124,2.594881502996572,2.5536647,,,,,,,,
42.282500000000006,40.580708,3.7677483962710943,3.7276363,,,,,,,,
12.11361445783132,12.265573,2.57365096212844,2.5851722,,,,,,,,
13.505,12.914563,2.6744934175733674,2.632936,,,,,,,,
12.025,12.416498,2.5668705876394307,2.5964851,,,,,,,,
12.764999999999993,12.944389,2.62212913859457,2.6350772,,,,,,,,
11.840000000000002,12.363208,2.552565298261815,2.5925052,,,,,,,,
29.676790123456804,41.30654,3.423506346627132,3.7449417,,,,,,,,
12.841234567901232,13.105506,2.62765214909422,2.6465652,,,,,,,,
11.932500000000001,12.210312,2.559743522895533,2.5809977,,,,,,,,
29.567826086956522,13.7297735,3.41994802074594,2.6898708,,,,,,,,
12.677142857142847,13.597709,2.615726034909049,2.6808646,,,,,,,,
12.209999999999999,13.422086,2.580974118534234,2.6687608,,,,,,,,
13.65260869565217,13.39781,2.684618387573464,2.667076,,,,,,,,
12.83727272727273,13.146173,2.627365873493205,2.649444,,,,,,,,
13.198170731707314,12.914191,2.6531131345982333,2.6329093,,,,,,,,
11.47,11.663969,2.523325759691945,2.538761,,,,,,,,
10.914999999999994,11.499798,2.477798110550705,2.5257125,,,,,,,,
13.572950819672132,13.484879,2.6791671267892694,2.6731052,,,,,,,,
13.583146067415724,13.632554,2.679866482961573,2.6832488,,,,,,,,
13.700720720720723,14.967775,2.6878965212032844,2.7705727,,,,,,,,
12.209999999999999,12.878764,2.580974118534234,2.63036,,,,,,,,
12.13556701030928,11.767591,2.57532359010144,2.54691,,,,,,,,
12.817999999999998,12.971758,2.625972090066603,2.637038,,,,,,,,
12.117499999999998,13.046846,2.5739472165787296,2.6423979,,,,,,,,
54.605230769230786,55.06243,4.018277275414712,4.026466,,,,,,,,
12.575696202531647,13.235123,2.608281150142626,2.6557124,,,,,,,,
14.308000000000003,14.136986,2.728375567563456,2.7171412,,,,,,,,
12.575584415584414,12.85529,2.608272915765117,2.628667,,,,,,,,
11.562444444444449,12.013867,2.5307117634767358,2.5660155,,,,,,,,
12.297945205479445,12.751621,2.587609527463385,2.6211567,,,,,,,,
13.40753424657535,13.609386,2.6677512813222397,2.6816642,,,,,,,,
11.927213114754098,12.5709715,2.559334633183872,2.607933,,,,,,,,
12.695176470588237,13.629805,2.6170436883996904,2.683061,,,,,,,,
13.552000000000003,14.127818,2.6777284412158213,2.7165353,,,,,,,,
14.113972602739729,16.242464,2.7156196538894437,2.8473752,,,,,,,,
36.183333333333344,38.415028,3.615860632210432,3.6741471,,,,,,,,
39.513538461538445,27.049452,3.701636201253329,3.333969,,,,,,,,
15.589659090909098,15.049652,2.8087795549200365,2.7756872,,,,,,,,
18.46,17.242651,2.968361076757859,2.9037623,,,,,,,,
13.528921568627453,14.90946,2.676141253810983,2.766914,,,,,,,,
12.853164556962023,13.831474,2.6285136944012644,2.6967516,,,,,,,,
15.151573033707866,15.227264,2.78201744639343,2.7866929,,,,,,,,
15.031182795698918,15.138109,2.774535750281097,2.7811835,,,,,,,,
38.28602150537634,39.45476,3.670868768717533,3.7001843,,,,,,,,
13.24375,13.244738,2.6563182140118573,2.6563876,,,,,,,,
15.73,16.35358,2.8172035149987327,2.8537989,,,,,,,,
18.171573033707865,17.36645,2.953428610744154,2.9105256,,,,,,,,
12.875942028985504,13.51546,2.6301565513087435,2.6752143,,,,,,,,
17.439625000000007,19.192644,2.9145018816960677,3.0053184,,,,,,,,
17.072566371681415,16.3827,2.894395118409097,2.8554754,,,,,,,,
15.24413793103448,16.211092,2.7877321009868736,2.845554,,,,,,,,
16.411971830985912,15.883835,2.8571580058956063,2.8263566,,,,,,,,
12.551724137931032,12.634254,2.606513781882787,2.6125853,,,,,,,,
18.16107142857143,17.711159,2.952880691050823,2.92912,,,,,,,,
31.620388349514563,33.1633,3.484937502379958,3.531152,,,,,,,,
39.40194444444447,36.409794,3.698877913621884,3.6219325,,,,,,,,
15.892499999999998,15.874212,2.8268697364441926,2.8257866,,,,,,,,
13.179157894736845,13.023867,2.6517731325095437,2.6407607,,,,,,,,
12.18931818181818,12.871447,2.5794072733399345,2.6298325,,,,,,,,
14.836379310344837,14.682263,2.7623097813657718,2.7525303,,,,,,,,
14.43627450980392,14.640861,2.736720227256808,2.7498868,,,,,,,,
11.840000000000002,12.916859,2.552565298261815,2.633101,,,,,,,,
17.45802631578947,18.476673,2.9154993065542265,2.9692175,,,,,,,,
14.692173913043478,14.814261,2.7531621111971503,2.7609122,,,,,,,,
14.327068965517242,15.950571,2.7296204786163063,2.8303015,,,,,,,,
12.117549019607845,13.184826,2.573950953534419,2.6521728,,,,,,,,
17.134912280701755,17.44109,2.897838935706446,2.9145813,,,,,,,,
16.14263157894737,15.935448,2.84156843574543,2.829409,,,,,,,,
12.966279069767438,14.052061,2.6366457863069366,2.711515,,,,,,,,
26.73404761904763,30.52134,3.322660814321892,3.4506648,,,,,,,,
16.51034482758621,16.808369,2.862791839284104,2.8796685,,,,,,,,
14.723255813953488,13.825684,2.7551408784030698,2.696361,,,,,,,,
13.814457831325301,13.659399,2.695603584427788,2.6850817,,,,,,,,
18.000588235294117,17.321175,2.944469938439519,2.9080575,,,,,,,,
13.162500000000003,13.774677,2.650597626354125,2.6929147,,,,,,,,
12.95576086956522,12.9314165,2.635892388580797,2.6341465,,,,,,,,
12.576179775280899,12.147802,2.608316769983384,2.5762546,,,,,,,,
13.066500000000001,13.168345,2.643796083962432,2.6510103,,,,,,,,
13.812105263157893,14.53822,2.6954447696395287,2.7433028,,,,,,,,
15.856630434782613,15.507961,2.8247440770117,2.8038428,,,,,,,,
12.075156249999996,13.163208,2.570713960166389,2.6506476,,,,,,,,
35.09948979591837,35.472317,3.586278732161909,3.5965536,,,,,,,,
11.74289855072464,12.892808,2.544974140021699,2.6313713,,,,,,,,
17.46782608695652,17.871698,2.916030087606495,2.9376633,,,,,,,,
32.34171428571429,14.656,3.5068092942885443,2.7508543,,,,,,,,
12.517755102040818,13.360425,2.6040040140797345,2.6644762,,,,,,,,
12.924029850746267,12.765808,2.633616113781013,2.6221879,,,,,,,,
13.296599999999994,13.921159,2.660021746758177,2.7027802,,,,,,,,
12.986785714285714,13.359736,2.6381130063313223,2.6644282,,,,,,,,
12.397840909090908,13.111154,2.5950935677874014,2.6469655,,,,,,,,
53.437936507936534,52.94502,3.997061273096055,3.9879653,,,,,,,,
15.176222222222226,15.419952,2.783542399957135,2.7984972,,,,,,,,
12.853917525773195,12.610509,2.62856804648418,2.6108422,,,,,,,,
12.79020618556701,12.781551,2.6239586435112003,2.6233308,,,,,,,,
11.47,11.975221,2.523325759691945,2.5630414,,,,,,,,
11.386666666666667,11.587363,2.516620625277528,2.5326934,,,,,,,,
12.946391752577322,12.907359,2.635220819080988,2.6324182,,,,,,,,
11.192499999999997,13.017522,2.5008210086020703,2.6403081,,,,,,,,
12.11395604395605,12.505052,2.573677009994728,2.6030638,,,,,,,,
11.89128205128205,12.336249,2.55655127292699,2.5904858,,,,,,,,
13.682666666666666,13.558891,2.6866676597321417,2.678202,,,,,,,,
12.579999999999997,12.907197,2.60859812213055,2.6324065,,,,,,,,
13.042553191489361,13.8894205,2.6420922333104127,2.700651,,,,,,,,
13.408235294117645,13.300893,2.667799938536925,2.660322,,,,,,,,
12.484000000000002,14.101141,2.6015037973718145,2.7147703,,,,,,,,
12.91941860465116,13.958305,2.633284887126768,2.7052667,,,,,,,,
12.764999999999993,12.855858,2.62212913859457,2.6287081,,,,,,,,
12.394999999999998,12.774518,2.594881502996572,2.6228204,,,,,,,,
11.472545454545456,11.984483,2.52352986512769,2.563755,,,,,,,,
12.375730337078654,12.778771,2.5934418959326857,2.6231291,,,,,,,,
11.932500000000001,12.757396,2.559743522895533,2.6215765,,,,,,,,
12.29876404494382,14.176476,2.587671101957953,2.7197466,,,,,,,,
12.95,12.713749,2.6354795082673745,2.618399,,,,,,,,
12.48755319148936,12.857886,2.601767274338431,2.6288545,,,,,,,,
11.374175824175824,11.451239,2.515611706170271,2.52182,,,,,,,,
13.2275,13.09457,2.655176711495142,2.6457896,,,,,,,,
12.209999999999999,12.09654,2.580974118534234,2.572348,,,,,,,,
11.28132530120482,12.543074,2.50807984044655,2.6058753,,,,,,,,
12.299549549549551,14.675561,2.587730166199238,2.7521029,,,,,,,,
42.341927710843365,42.807716,3.7691204739110167,3.77981,,,,,,,,
12.91129411764706,13.245642,2.63270103666516,2.656451,,,,,,,,
11.932560975609762,11.959753,2.559748237797216,2.5618486,,,,,,,,
14.24,13.830789,2.7239235502585,2.6967053,,,,,,,,
12.95,13.358316,2.6354795082673745,2.6643293,,,,,,,,
12.348860759493668,12.126138,2.591431044837388,2.5746055,,,,,,,,
28.921578947368417,33.365204,3.3985799240189616,3.5370445,,,,,,,,
10.26392405063291,11.202063,2.421605056728973,2.501605,,,,,,,,
13.32000000000001,13.400371,2.6616571615325,2.667254,,,,,,,,
12.764999999999993,12.591066,2.62212913859457,2.6094127,,,,,,,,
12.394999999999998,12.174986,2.594881502996572,2.57832,,,,,,,,
11.840000000000002,12.745436,2.552565298261815,2.6207068,,,,,,,,
12.020289855072463,13.130627,2.566508898826974,2.6483445,,,,,,,,
42.59285714285717,48.750134,3.7748933099351913,3.9070132,,,,,,,,
12.672558139534882,12.24685,2.615390768527053,2.5837598,,,,,,,,
13.409292035398233,13.641526,2.6678732787141706,2.6838617,,,,,,,,
12.761443298969073,12.611645,2.6218707179179805,2.6109257,,,,,,,,
12.857567567567568,13.121388,2.628831478184299,2.6476905,,,,,,,,
11.929010989010987,12.62549,2.55947370022263,2.6119423,,,,,,,,
12.761368421052637,12.1829195,2.62186527676486,2.578922,,,,,,,,
12.483678160919542,12.948639,2.601479928866817,2.635382,,,,,,,,
13.038681318681311,13.10406,2.641816471015761,2.6464627,,,,,,,,
12.025,12.138073,2.5668705876394307,2.5755143,,,,,,,,
11.651612903225805,12.47443,2.5377847092770995,2.6007938,,,,,,,,
13.222602739726034,13.253778,2.654832441362472,2.657022,,,,,,,,
12.764999999999993,13.324021,2.62212913859457,2.661938,,,,,,,,
13.778834951456313,13.497697,2.693196086395281,2.6739898,,,,,,,,
12.672567567567567,13.243206,2.6153914580856084,2.65628,,,,,,,,
12.579999999999997,12.7725315,2.60859812213055,2.6226761,,,,,,,,
13.042571428571431,13.211216,2.6420935320108683,2.6540315,,,,,,,,
12.67254901960785,13.793863,2.6153901015026397,2.6942124,,,,,,,,
12.579999999999997,13.066676,2.60859812213055,2.6438086,,,,,,,,
12.945454545454545,13.083485,2.6351536161347853,2.6450028,,,,,,,,
12.945783132530122,12.942079,2.6351771781637914,2.6349115,,,,,,,,
12.021962616822426,13.911198,2.566637364039733,2.7021124,,,,,,,,
12.577280000000005,13.774244,2.608397807518108,2.6928854,,,,,,,,
38.60264705882353,34.07906,3.678895960946199,3.5576043,,,,,,,,
12.760632911392406,13.114414,2.621811827914864,2.6471965,,,,,,,,
12.297681159420286,12.144636,2.587589671111401,2.5760138,,,,,,,,
11.558823529411766,11.52423,2.5304234886124632,2.5276651,,,,,,,,
11.743956043956052,12.785159,2.545057123445808,2.6235926,,,,,,,,
41.903580246913556,43.700596,3.758955278090754,3.7999868,,,,,,,,
23.839999999999993,15.501764,3.212455257065278,2.8034673,,,,,,,,
36.966262626262626,29.466911,3.636697939751121,3.4166412,,,,,,,,
11.932500000000001,11.839752,2.559743522895533,2.552546,,,,,,,,
13.042500000000002,13.2567005,2.642088445424451,2.657227,,,,,,,,
12.8575,13.277542,2.6288266023118227,2.6586878,,,,,,,,
13.042500000000002,13.18576,2.642088445424451,2.6522386,,,,,,,,
30.288846153846155,34.67337,3.443261681125057,3.5744045,,,,,,,,
12.57642105263158,12.414854,2.60833454193475,2.5963626,,,,,,,,
12.761208791208794,12.29385,2.621853676845084,2.5873015,,,,,,,,
35.43809523809525,13.266205,3.595614799842675,2.6578934,,,,,,,,
13.134999999999998,13.394367,2.6486539911455536,2.666837,,,,,,,,
11.92851851851852,12.569657,2.5594356091519126,2.6078362,,,,,,,,
12.857558139534891,13.171318,2.628830797831428,2.65122,,,,,,,,
13.315555555555555,15.216486,2.6613467471267787,2.7860284,,,,,,,,
12.668817204301076,13.074009,2.6151171220692504,2.6443298,,,,,,,,
30.25684931506849,26.355635,3.4422385302485954,3.3089225,,,,,,,,
11.747499999999999,11.594208,2.5453351739471737,2.533237,,,,,,,,
13.042586206896557,13.272172,2.642094584404828,2.6583116,,,,,,,,
11.932446808510642,11.715424,2.5597394098780386,2.5428157,,,,,,,,
12.857553191489359,12.521706,2.628830440766614,2.6042962,,,,,,,,
12.021084337349398,13.457342,2.5665699157511432,2.6712024,,,,,,,,
11.650434782608697,12.55797,2.537691584749584,2.6069746,,,,,,,,
12.302500000000002,12.560065,2.5879519874883874,2.607129,,,,,,,,
13.86986301369863,13.112889,2.6993365481699554,2.6470885,,,,,,,,
12.95,13.145808,2.6354795082673745,2.6494184,,,,,,,,
11.840000000000002,12.601134,2.552565298261815,2.6101532,,,,,,,,
12.206206896551725,12.467242,2.580686938509547,2.6002603,,,,,,,,
12.764999999999993,12.834689,2.62212913859457,2.6271791,,,,,,,,
16.569195402298853,16.437923,2.8661471073142866,2.8586473,,,,,,,,
12.329255319148935,12.949247,2.589961267600021,2.6354256,,,,,,,,
12.117558139534884,12.097315,2.573951648780448,2.5724072,,,,,,,,
41.98254237288134,30.600718,3.760794041928429,3.4531798,,,,,,,,
11.373544303797466,11.529242,2.5155606695191994,2.5280652,,,,,,,,
13.689599999999995,13.147353,2.687139760407298,2.6495275,,,,,,,,
14.13082474226804,13.049297,2.7167340367090778,2.6425724,,,,,,,,
13.636631578947377,14.46807,2.683527398654684,2.7387779,,,,,,,,
13.8125,13.769736,2.69547141889535,2.6925802,,,,,,,,
15.141875000000002,13.789229,2.781416827098192,2.6938992,,,,,,,,
13.344000000000003,13.6434145,2.663331736302832,2.6839907,,,,,,,,
11.65226086956522,11.666889,2.5378359240709587,2.5389915,,,,,,,,
14.926082474226805,13.786246,2.767958172411999,2.6936975,,,,,,,,
14.464124999999997,15.673969,2.7385228251635825,2.8138487,,,,,,,,
28.950000000000003,18.045261,3.3995293245614584,2.9468184,,,,,,,,
14.237368421052631,14.069211,2.7237508595643725,2.7126536,,,,,,,,
56.31060606060608,47.757473,4.048485703636086,3.8868585,,,,,,,,
12.163064516129033,12.905553,2.577414764755352,2.6322882,,,,,,,,
25.89638888888889,13.0021305,3.291992035547783,2.6392095,,,,,,,,
12.060361445783133,12.10723,2.5695817992526937,2.573164,,,,,,,,
13.226352941176472,14.1489105,2.655096085589995,2.7179286,,,,,,,,
12.25404761904762,12.209988,2.584302986465347,2.5809731,,,,,,,,
12.579999999999997,12.8858795,2.60859812213055,2.6308725,,,,,,,,
11.835616438356166,12.5466,2.552223841090031,2.6061356,,,,,,,,
24.124507042253516,19.881552,3.2238437459779457,3.038866,,,,,,,,
12.760400000000002,12.607764,2.621794901850122,2.6106405,,,,,,,,
13.02186666666667,13.039547,2.640618015872548,2.6418781,,,,,,,,
12.196164383561642,12.432222,2.579926210363742,2.5976565,,,,,,,,
14.107954545454547,14.68834,2.715221396204868,2.7529178,,,,,,,,
11.655000000000006,11.953813,2.538052393997088,2.5613902,,,,,,,,
13.505,13.678582,2.6744934175733674,2.6863894,,,,,,,,
33.46953846153848,29.568943,3.540075990869608,3.4199846,,,,,,,,
14.326422018348623,15.263895,2.7295782682743224,2.7889476,,,,,,,,
13.2275,13.141641,2.655176711495142,2.6491237,,,,,,,,
14.22382978723404,13.162493,2.7228619493765662,2.650597,,,,,,,,
11.18879518072289,11.406717,2.5005171019163788,2.518238,,,,,,,,
14.5747572815534,14.890437,2.7456514807031884,2.7657175,,,,,,,,
12.940273972602737,12.93029,2.634782058841021,2.6340656,,,,,,,,
11.46415094339623,11.719817,2.5228565994045677,2.5431612,,,,,,,,
13.739814814814814,12.706985,2.6905523232368704,2.6179056,,,,,,,,
15.388043478260869,16.96212,2.7965520127358325,2.8882651,,,,,,,,
13.950000000000008,15.542803,2.704711299836696,2.805951,,,,,,,,
12.212676056338028,12.125486,2.58117667609059,2.5745559,,,,,,,,
12.394999999999998,12.107886,2.594881502996572,2.573214,,,,,,,,
12.681382978723407,12.784079,2.6160360020205773,2.6235142,,,,,,,,
11.573333333333334,12.679134,2.531578169097147,2.6158717,,,,,,,,
13.500989010989008,13.309371,2.674216854754907,2.6609147,,,,,,,,
13.130823529411767,13.06615,2.648358477334376,2.6437712,,,,,,,,
11.743376623376621,12.824465,2.545011656108202,2.6264398,,,,,,,,
11.652162162162163,11.340609,2.5378281224780963,2.5128953,,,,,,,,
13.91835164835165,13.709548,2.7025921093393244,2.6884968,,,,,,,,
12.020987654320987,12.028974,2.5665624906101296,2.5671756,,,,,,,,
13.128771929824556,13.170774,2.648213280663477,2.6511817,,,,,,,,
15.005200000000002,14.645992,2.7729136694387213,2.7502148,,,,,,,,
11.840000000000002,13.125897,2.552565298261815,2.6480098,,,,,,,,
12.857560975609756,14.1801815,2.62883100249047,2.7199907,,,,,,,,
12.30244897959183,12.216348,2.587948152081057,2.5814545,,,,,,,,
13.134999999999998,13.728242,2.6486539911455536,2.689767,,,,,,,,
13.186666666666675,13.622702,2.65230255636528,2.6825752,,,,,,,,
12.296545454545454,12.705803,2.587504261229624,2.6178193,,,,,,,,
13.227553191489363,12.913893,2.6551804501273635,2.6328878,,,,,,,,
30.484949494949504,31.787346,3.4495096378406265,3.4900427,,,,,,,,
13.190612244897958,14.030882,2.652580636463728,2.7101068,,,,,,,,
13.042564102564109,13.007924,2.642093010310888,2.6396232,,,,,,,,
12.575211267605635,12.775684,2.608245428690104,2.622905,,,,,,,,
11.562558139534882,11.805592,2.5307208138312625,2.549882,,,,,,,,
69.80173913043481,76.31084,4.259883564387176,4.347834,,,,,,,,
12.672500000000001,13.653085,2.615386516238791,2.684651,,,,,,,,
11.651612903225805,11.930072,2.5377847092770995,2.5595558,,,,,,,,
12.96511904761905,13.037971,2.6365627240739484,2.6417658,,,,,,,,
12.209999999999999,11.698591,2.580974118534234,2.541491,,,,,,,,
12.021505376344088,11.885707,2.5666022503998365,2.5561187,,,,,,,,
13.042564102564109,13.11783,2.642093010310888,2.6474385,,,,,,,,
12.387460317460324,12.518272,2.594318471620852,2.6040423,,,,,,,,
12.576565656565654,12.538944,2.608345192986557,2.6055703,,,,,,,,
13.037605633802814,13.11114,2.6417398451513194,2.6469646,,,,,,,,
40.80438202247192,41.41219,3.733001167109599,3.7474358,,,,,,,,
12.298181818181819,12.6151085,2.58762732048281,2.61118,,,,,,,,
23.572083333333335,16.864254,3.201610974689929,2.8828018,,,,,,,,
12.149891304347827,13.035611,2.576413492760549,2.6415977,,,,,,,,
13.220204081632657,13.2156515,2.654663776004364,2.6543436,,,,,,,,
12.668651685393257,13.03086,2.615105012761802,2.6412592,,,,,,,,
13.223939393939395,12.72363,2.654926417931439,2.6191192,,,,,,,,
13.35212765957447,14.976165,2.6638982001747675,2.771098,,,,,,,,
13.22756756756757,12.984372,2.655181460566105,2.6379404,,,,,,,,
12.770307692307693,12.64646,2.6225146576112994,2.61348,,,,,,,,
19.6507142857143,19.839579,3.027749908916048,3.036854,,,,,,,,
11.74758620689655,13.057215,2.5453419365755368,2.6431358,,,,,,,,
12.52421568627451,14.11662,2.604481833126814,2.7157948,,,,,,,,
31.971428571428575,13.89545,3.4956413855786312,2.7010558,,,,,,,,
13.200135135135133,13.995749,2.653251481120745,2.7077668,,,,,,,,
12.603906250000003,12.314343,2.61035697576572,2.588842,,,,,,,,
12.117499999999998,12.069244,2.5739472165787296,2.5702617,,,,,,,,
13.134999999999998,13.234607,2.6486539911455536,2.6556761,,,,,,,,
12.579999999999997,12.992633,2.60859812213055,2.638531,,,,,,,,
24.35050632911392,29.216543,3.2327987033727896,3.4083896,,,,,,,,
35.39116279069768,35.797184,3.594325964691406,3.6054213,,,,,,,,
12.425326086956522,13.239515,2.5971429296311546,2.6560209,,,,,,,,
13.130000000000004,12.939357,2.6483001966964363,2.6347163,,,,,,,,
14.924,13.973056,2.7678274051380707,2.7062523,,,,,,,,
12.253421052631577,12.848345,2.5842557117576845,2.6281657,,,,,,,,
12.632142857142858,12.880422,2.6124304495759803,2.6304793,,,,,,,,
12.302500000000002,11.908151,2.5879519874883874,2.557859,,,,,,,,
13.042547169811325,13.314589,2.6420918044938544,2.6612792,,,,,,,,
13.315324675324684,13.792639,2.661330619070008,2.6941297,,,,,,,,
11.562444444444449,12.109683,2.5307117634767358,2.5733511,,,,,,,,
14.123076923076926,12.773537,2.7162218502515296,2.622749,,,,,,,,
13.429574468085109,13.20879,2.6692798829597675,2.6538608,,,,,,,,
11.56242424242424,12.47303,2.5307101553473195,2.60069,,,,,,,,
11.836483516483517,11.760571,2.5522913913199856,2.54636,,,,,,,,
14.699999999999998,13.394223,2.7536607123542622,2.666827,,,,,,,,
12.647160493827162,13.5368595,2.6135314775610574,2.6766875,,,,,,,,
12.391235955056178,11.9127035,2.5946004597790844,2.5582116,,,,,,,,
33.39813186813187,32.65221,3.5380022567457625,3.5160787,,,,,,,,
15.448000000000004,14.723663,2.8002038892727548,2.7551668,,,,,,,,
47.32750000000001,35.718388,3.87800075681371,3.6032777,,,,,,,,
12.672500000000001,12.814263,2.615386516238791,2.6257017,,,,,,,,
12.851999999999999,12.764827,2.6284296265401754,2.6221166,,,,,,,,
11.465866666666665,11.868097,2.522994242570327,2.5547512,,,,,,,,
14.212317073170732,13.621593,2.722105433470319,2.6824994,,,,,,,,
12.114242424242425,11.554377,2.57369884758199,2.5300694,,,,,,,,
13.342584269662922,13.221425,2.663233032997836,2.6547496,,,,,,,,
12.666363636363636,12.84881,2.6149376048413724,2.6281993,,,,,,,,
13.407848101265827,12.812835,2.667773065151911,2.6255982,,,,,,,,
12.117499999999998,11.11124,2.5739472165787296,2.494134,,,,,,,,
48.07960526315792,43.105125,3.893443577087424,3.786576,,,,,,,,
12.810722891566266,12.731675,2.62544531156652,2.6197052,,,,,,,,
12.302558139534884,12.497558,2.5879563580509006,2.6025088,,,,,,,,
11.372459016393446,11.69205,2.5154729553626405,2.5409758,,,,,,,,
12.302500000000002,11.8339,2.5879519874883874,2.5520902,,,,,,,,
10.634117647058822,10.985072,2.4539419577856285,2.483662,,,,,,,,
13.131411764705883,14.489526,2.6484001042820027,2.740164,,,,,,,,
12.025,11.921668,2.5668705876394307,2.5589056,,,,,,,,
12.025,12.53626,2.5668705876394307,2.605372,,,,,,,,
12.66966386554622,12.834435,2.615179061226971,2.6271608,,,,,,,,
13.130617283950619,12.835058,2.648343881796766,2.6272058,,,,,,,,
13.042500000000002,12.939549,2.642088445424451,2.63473,,,,,,,,
