cat__Division_ID_ELT,cat__Division_ID_LN,cat__Division_ID_LYN,cat__Division_ID_NC,num__Yield_Lag_1d,num__Yield_Rolling_7d,num__Rainfall_Daily_mm,num__Rainfall_Lag_7d,num__Rain_30d_Rolling,num__Labor_Total,num__G_Pct,num__Kg_Per_Worker_Potential,num__Year_Sin,num__Year_Cos
1.0,0.0,0.0,0.0,556.22,1590.1300000000003,0.0,0.0,12.7,51.0,47.0,15.92,0.8837203473619977,0.4680153284438345
1.0,0.0,0.0,0.0,556.22,1590.1300000000003,30.0,0.0,12.7,75.0,37.0,14.05,0.9066860720977985,0.4218060770826634
1.0,0.0,0.0,0.0,632.4,1590.1300000000003,0.0,30.0,12.7,67.0,49.0,20.39,0.9138076496466615,0.4061472386305789
1.0,0.0,0.0,0.0,2904.54,1590.1300000000003,4.0,30.0,12.7,64.0,44.0,15.89,0.9206588168102428,0.3903682146763026
1.0,0.0,0.0,0.0,650.88,1590.1300000000003,0.0,34.0,12.7,94.0,49.0,22.2,0.9272375462179537,0.374473674486883
1.0,0.0,0.0,0.0,1460.9,1590.1300000000003,0.0,34.0,12.7,37.0,50.0,19.65,0.9335418911179212,0.35846832151248087
1.0,0.0,0.0,0.0,4137.27,1590.1300000000003,1.0,34.0,12.7,72.0,44.0,16.6,0.9395699859530622,0.342356891994542
1.0,0.0,0.0,0.0,788.7,1590.1300000000003,15.0,35.0,12.7,71.0,51.0,19.23,0.945320046913132,0.3261441535642696
1.0,0.0,0.0,0.0,1377.5,1707.4557142857145,39.0,50.0,12.7,89.0,44.0,12.47,0.9507903724625832,0.3098349038318025
1.0,0.0,0.0,0.0,727.05,1720.9771428571428,14.0,59.0,12.7,71.0,44.0,18.59,0.9559793438440766,0.2934339689665273
1.0,0.0,0.0,0.0,864.6,1429.5571428571432,0.0,73.0,12.7,73.0,46.0,20.25,0.9608854255574977,0.27694620226893646
1.0,0.0,0.0,0.0,997.65,1479.0957142857146,11.0,69.0,12.7,31.0,45.0,16.29,0.969843196967294,0.24372971360968387
1.0,0.0,0.0,0.0,338.35,1318.7314285714288,1.0,80.0,12.7,71.0,48.0,22.66,0.9738922359149924,0.22701082094141847
1.0,0.0,0.0,0.0,1094.12,883.9957142857141,0.0,80.0,12.7,64.0,50.0,20.05,0.9776530844816641,0.2102247521189836
1.0,0.0,0.0,0.0,1392.27,970.22,5.0,65.0,12.7,90.0,42.0,19.64,0.981124629771712,0.19337647441020586
1.0,0.0,0.0,0.0,1131.52,935.0799999999999,0.0,31.0,12.7,66.0,47.0,19.59,0.984305844499033,0.17647097349152166
1.0,0.0,0.0,0.0,892.17,958.6685714285713,36.0,17.0,12.7,64.0,50.0,9.98,0.9871957872910085,0.15951325197263655
1.0,0.0,0.0,0.0,444.11,898.5985714285714,9.0,53.0,12.7,76.0,47.0,20.76,0.9897936029670716,0.14250832791617088
1.0,0.0,0.0,0.0,1073.04,909.3685714285714,113.0,62.0,12.7,37.0,45.0,6.49,0.992098522791769,0.12546123335273648
1.0,0.0,0.0,0.0,157.2,883.4899999999999,0.0,164.0,12.7,85.0,42.0,20.6,0.9941098647022418,0.10837701279187609
1.0,0.0,0.0,0.0,1146.9,891.0299999999999,0.0,163.0,12.7,71.0,46.0,17.3,0.9958270335100595,0.09126072172931188
1.0,0.0,0.0,0.0,816.62,808.7942857142858,3.0,163.0,12.7,90.0,50.0,17.87,0.9972495210773451,0.07411742515094437
1.0,0.0,0.0,0.0,1101.48,804.5028571428572,0.0,161.0,12.7,90.0,43.0,20.59,0.998376906467142,0.056952196034039754
1.0,0.0,0.0,0.0,1213.72,850.4385714285715,10.0,161.0,12.7,88.0,43.0,20.8,0.9992088560679753,0.03977011384605572
1.0,0.0,0.0,0.0,5127.05,1519.43,2.0,135.0,12.7,68.0,50.0,20.29,0.9997451236925734,0.022576263041545485
1.0,0.0,0.0,0.0,972.9,1505.1242857142859,0.0,70.0,12.7,85.0,46.0,22.51,0.9999300657962057,-0.011826390691832589
1.0,0.0,0.0,0.0,1272.14,1664.4014285714288,9.0,70.0,12.7,75.0,41.0,18.89,0.9995786855478958,-0.029025013321975237
1.0,0.0,0.0,0.0,1635.62,1734.2185714285715,50.0,79.0,12.7,64.0,47.0,17.3,0.9989315138848577,-0.046215046983708354
1.0,0.0,0.0,0.0,747.23,1724.3057142857142,0.0,126.0,12.7,67.0,50.0,21.22,0.9979887423155984,-0.06339140486951038
1.0,0.0,0.0,0.0,1713.29,1811.707142857143,29.0,126.0,12.7,95.0,47.0,15.15,0.9967506498213929,-0.08054900421874167
1.0,0.0,0.0,0.0,949.74,1773.9957142857145,0.0,145.0,12.7,91.0,41.0,24.81,0.9952176027737294,-0.09768276782171598
1.0,0.0,0.0,0.0,1445.12,1248.0057142857142,14.0,143.0,12.166666666666666,39.0,46.0,27.51,0.9933900548258936,-0.11478762552212701
1.0,0.0,0.0,0.0,1181.8200000000002,1277.8514285714286,5.0,127.0,12.333333333333334,50.0,44.0,23.0,0.9888537064205885,-0.1488903868564548
1.0,0.0,0.0,0.0,753.25,1203.7242857142858,17.0,134.0,12.766666666666667,54.0,48.0,24.48,0.9762766110869321,-0.21652708524481437
1.0,0.0,0.0,0.0,1408.35,1171.2571428571428,0.0,151.0,12.766666666666667,27.0,48.0,27.81,0.9724075561219968,-0.23328854407545518
1.0,0.0,0.0,0.0,514.44,1138.0014285714285,10.0,137.0,13.1,57.0,40.0,24.28,0.9682507501166718,-0.2499809690726521
1.0,0.0,0.0,0.0,844.24,1013.8514285714284,18.0,122.0,13.666666666666666,49.0,42.0,27.31,0.9638074231367307,-0.26659942067929354
1.0,0.0,0.0,0.0,1644.01,1113.032857142857,0.0,135.0,13.166666666666666,45.0,52.0,27.49,0.9590788900341131,-0.28313898122818354
1.0,0.0,0.0,0.0,4309.27,1522.197142857143,0.0,126.0,11.866666666666667,49.0,46.0,21.39,0.9487718864399473,-0.31596187665790293
1.0,0.0,0.0,0.0,707.4,1454.4228571428573,53.0,66.0,13.166666666666666,69.0,41.0,17.49,0.9431964659565866,-0.33223549871590435
1.0,0.0,0.0,0.0,760.41,1455.4457142857143,0.0,102.0,13.166666666666666,45.0,48.0,24.87,0.9373419384643772,-0.3484108069446808
1.0,0.0,0.0,0.0,772.11,1364.5542857142857,3.0,102.0,12.9,81.0,43.0,20.37,0.9312100364121947,-0.3644830148102912
1.0,0.0,0.0,0.0,1089.0,1446.6342857142856,18.0,118.0,13.466666666666667,73.0,47.0,24.44,0.9181214482844364,-0.39629913726891813
1.0,0.0,0.0,0.0,1204.2,1498.0571428571427,27.0,127.0,14.366666666666667,89.0,45.0,22.01,0.9039461929224011,-0.42764620926777464
1.0,0.0,0.0,0.0,1292.94,1447.9042857142856,0.0,154.0,14.2,74.0,48.0,19.03,0.8964562582905575,-0.44313223418263453
1.0,0.0,0.0,0.0,971.52,971.0828571428572,0.0,101.0,14.2,51.0,48.0,27.53,0.8887010478292915,-0.45848712914008766
1.0,0.0,0.0,0.0,968.76,1008.4200000000001,44.0,101.0,14.466666666666667,65.0,52.0,21.05,0.8806828564301475,-0.47370635037968
1.0,0.0,0.0,0.0,978.12,1039.5214285714287,12.0,110.0,14.566666666666666,78.0,48.0,33.82,0.8638670987837349,-0.503719798736334
1.0,0.0,0.0,0.0,2272.65,1253.8842857142859,14.0,104.0,11.266666666666667,77.0,39.0,26.94,0.8550745085896932,-0.518505144391157
1.0,0.0,0.0,0.0,1285.88,1282.01,0.0,106.0,11.266666666666667,78.0,47.0,26.24,0.8460288880917339,-0.533137056031809
1.0,0.0,0.0,0.0,1361.26,1304.447142857143,21.0,79.0,11.966666666666667,105.0,37.0,22.64,0.8367329140344921,-0.5476112038402312
1.0,0.0,0.0,0.0,1461.86,1328.5785714285714,0.0,125.0,11.866666666666667,86.0,45.0,32.05,0.8174009818249189,-0.5760691233798758
1.0,0.0,0.0,0.0,1832.74,1451.61,38.0,81.0,13.133333333333333,87.0,43.0,19.4,0.8073707443023492,-0.5900444739548627
1.0,0.0,0.0,0.0,3353.2,1792.2442857142855,10.0,110.0,13.133333333333333,97.0,42.0,24.67,0.7971015927871943,-0.6038452208771035
1.0,0.0,0.0,0.0,1543.49,1873.0114285714285,10.0,106.0,13.4,95.0,42.0,29.82,0.7758587728069828,-0.6309066211876704
1.0,0.0,0.0,0.0,1798.95,1805.3400000000001,42.0,116.0,14.8,63.0,40.0,27.22,0.7648913904341225,-0.6441592666722685
1.0,0.0,0.0,0.0,1737.72,1869.8885714285714,4.0,137.0,14.633333333333333,50.0,47.0,31.32,0.753697664392914,-0.6572212950663319
1.0,0.0,0.0,0.0,1064.88,1827.5485714285714,11.0,116.0,13.333333333333334,74.0,46.0,30.38,0.742280907086982,-0.6700888411055113
1.0,0.0,0.0,0.0,2034.92,1909.4142857142858,16.0,127.0,13.866666666666667,118.0,43.0,27.47,0.7306444969184916,-0.6827580970759147
1.0,0.0,0.0,0.0,2058.03,1941.5985714285719,80.0,105.0,15.566666666666666,76.0,44.0,12.74,0.7187918772884232,-0.6952253139408722
1.0,0.0,0.0,0.0,619.52,1551.0728571428572,0.0,175.0,15.566666666666666,93.0,47.0,28.82,0.7067265555776158,-0.7074868024503348
1.0,0.0,0.0,0.0,2252.2,1652.317142857143,18.0,163.0,15.7,85.0,45.0,31.41,0.6944521021088763,-0.719538934232584
1.0,0.0,0.0,0.0,1762.2,1647.0671428571427,30.0,171.0,16.533333333333335,106.0,49.0,19.42,0.6819721490904629,-0.7313781428679254
1.0,0.0,0.0,0.0,1938.73,1675.7828571428574,0.0,159.0,15.966666666666667,43.0,50.0,29.16,0.6692903895412567,-0.7430009249440493
1.0,0.0,0.0,0.0,871.53,1648.1614285714284,48.0,155.0,17.566666666666666,88.0,44.0,22.88,0.6564105761979381,-0.7544038410927472
1.0,0.0,0.0,0.0,1298.38,1542.9414285714286,21.0,192.0,17.933333333333334,92.0,43.0,25.4,0.6433365204044917,-0.765583517007675
1.0,0.0,0.0,0.0,1507.37,1464.2757142857142,1.0,197.0,17.366666666666667,86.0,45.0,28.05,0.6300720909843687,-0.7765366444428655
1.0,0.0,0.0,0.0,1616.04,1606.6357142857144,3.0,118.0,17.466666666666665,88.0,45.0,32.14,0.6166212130956382,-0.7872599821916922
1.0,0.0,0.0,0.0,1880.62,1553.552857142857,21.0,140.0,18.166666666666668,91.0,41.0,23.45,0.5891760872322963,-0.8080046647350754
1.0,0.0,0.0,0.0,1344.42,1493.8700000000001,36.0,131.0,17.6,45.0,41.0,24.33,0.5751899607119775,-0.8180198708443174
1.0,0.0,0.0,0.0,684.38,1314.6771428571428,43.0,167.0,19.033333333333335,81.0,47.0,18.1,0.5610336262283677,-0.8277930117131022
1.0,0.0,0.0,0.0,1552.22,1411.9185714285716,29.0,162.0,19.9,89.0,45.0,19.49,0.5467112728685939,-0.8373211953118121
1.0,0.0,0.0,0.0,1586.42,1453.0671428571427,21.0,170.0,20.0,80.0,53.0,26.12,0.5322271388474397,-0.8466016020976267
1.0,0.0,0.0,0.0,1494.35,1451.207142857143,0.0,190.0,19.1,88.0,49.0,29.02,0.5175855102531889,-0.8556314858488706
1.0,0.0,0.0,0.0,1787.8,1475.7442857142855,60.0,155.0,21.1,79.0,43.0,17.77,0.4878471454423119,-0.8729290708206411
1.0,0.0,0.0,0.0,884.52,1333.4442857142858,60.0,194.0,23.1,55.0,46.0,18.78,0.47275920928627757,-0.881191653407483
1.0,0.0,0.0,0.0,681.78,1238.7814285714287,0.0,218.0,21.633333333333333,70.0,45.0,32.29,0.4575313760742512,-0.8891934772070711
1.0,0.0,0.0,0.0,1491.6,1354.0985714285714,38.0,175.0,22.5,59.0,45.0,21.32,0.44216815196707204,-0.8969321743510065
1.0,0.0,0.0,0.0,811.41,1248.2685714285712,6.0,184.0,22.233333333333334,83.0,44.0,26.53,0.42667408318992467,-0.9044054548343001
1.0,0.0,0.0,0.0,1409.28,1222.962857142857,0.0,169.0,22.233333333333334,60.0,49.0,24.8,0.4110537546870351,-0.9116111071930239
1.0,0.0,0.0,0.0,1026.72,1156.1585714285713,31.0,169.0,22.566666666666666,87.0,45.0,23.66,0.3953117887649151,-0.9185469991587165
1.0,0.0,0.0,0.0,5256.28,1651.6557142857143,26.0,140.0,23.433333333333334,90.0,42.0,19.52,0.3474028211842774,-0.9377159910299093
1.0,0.0,0.0,0.0,1098.12,1682.1699999999998,41.0,166.0,23.533333333333335,86.0,40.0,20.0,0.3312212278016865,-0.9435531242349544
1.0,0.0,0.0,0.0,1083.6,1739.5728571428572,31.0,169.0,24.233333333333334,74.0,43.0,23.49,0.31494162072895193,-0.9491110448902284
1.0,0.0,0.0,0.0,1129.7,1687.8728571428571,17.0,194.0,24.466666666666665,90.0,43.0,27.43,0.2985688173637202,-0.9543881083175908
1.0,0.0,0.0,0.0,1592.51,1799.4585714285715,2.0,211.0,23.133333333333333,86.0,53.0,24.74,0.2821076626819194,-0.9593827529490743
1.0,0.0,0.0,0.0,1542.8,1818.532857142857,25.0,204.0,23.833333333333332,75.0,49.0,17.57,0.23224292400907015,-0.9726578145718654
1.0,0.0,0.0,0.0,909.42,1801.7757142857142,44.0,203.0,24.933333333333334,85.0,50.0,17.0,0.21547731504673012,-0.976508846196619
1.0,0.0,0.0,0.0,989.83,1192.282857142857,21.0,206.0,25.1,58.0,45.0,18.41,0.19864794288017112,-0.9800709131432666
1.0,0.0,0.0,0.0,694.2,1134.58,10.0,196.0,22.766666666666666,77.0,44.0,27.47,0.18175978759137534,-0.9833429613388902
1.0,0.0,0.0,0.0,1364.17,1174.6614285714284,48.0,189.0,24.366666666666667,76.0,50.0,21.38,0.16481784665719793,-0.9863240225317866
1.0,0.0,0.0,0.0,1833.25,1275.1685714285716,2.0,235.0,23.833333333333332,85.0,45.0,23.46,0.14782713347053048,-0.9890132145779883
1.0,0.0,0.0,0.0,1316.04,1235.672857142857,42.0,157.0,24.233333333333334,31.0,46.0,19.32,0.13079267585675922,-0.9914097417023038
1.0,0.0,0.0,0.0,392.35,1071.3228571428572,20.0,192.0,24.9,98.0,42.0,31.6,0.11371951458594969,-0.9935128947338007
1.0,0.0,0.0,0.0,4288.6,1554.0628571428572,16.0,143.0,23.833333333333332,72.0,44.0,29.08,0.07947729992362097,-0.9968366760893436
1.0,0.0,0.0,0.0,1340.16,1604.1100000000001,12.0,138.0,23.533333333333335,65.0,41.0,27.28,0.062318379354325076,-0.998056320853012
1.0,0.0,0.0,0.0,1099.26,1661.9757142857143,15.0,140.0,24.0,87.0,43.0,29.29,0.04514101777397193,-0.9989806246941579
1.0,0.0,0.0,0.0,2184.24,1779.1285714285714,6.0,110.0,24.1,39.0,42.0,23.38,0.01075130776352193,-0.9999422030204416
1.0,0.0,0.0,0.0,902.68,1646.19,14.0,74.0,23.866666666666667,98.0,44.0,18.81,-0.00645086419810515,-0.9999791929590823
1.0,0.0,0.0,0.0,1197.95,1629.3200000000002,0.0,68.0,22.666666666666668,59.0,49.0,22.61,-0.023651127245231586,-0.9997202729664083
1.0,0.0,0.0,0.0,907.12,1702.8585714285714,12.0,68.0,21.633333333333333,65.0,48.0,24.62,-0.04084439154329611,-0.9991655196610109
1.0,0.0,0.0,0.0,1080.0,1244.4871428571428,19.0,64.0,21.3,85.0,42.0,22.06,-0.05802556932878035,-0.9983150972033183
1.0,0.0,0.0,0.0,1181.25,1221.7857142857142,0.0,71.0,20.6,76.0,47.0,20.3,-0.07518957641475855,-0.9971692572470178
1.0,0.0,0.0,0.0,1041.53,1213.5385714285715,7.0,56.0,20.833333333333332,85.0,50.0,21.0,-0.09233133369539122,-0.9957283388645872
1.0,0.0,0.0,0.0,1222.73,1076.18,9.0,58.0,19.133333333333333,42.0,43.0,18.67,-0.10944576864891556,-0.993992768446958
1.0,0.0,0.0,0.0,1355.76,1140.9057142857143,24.0,61.0,17.933333333333334,73.0,49.0,16.73,-0.12652781683868314,-0.9919630595773397
1.0,0.0,0.0,0.0,818.07,1086.6371428571429,23.0,90.0,18.7,56.0,43.0,16.7,-0.19443122004766195,-0.9809161537413774
1.0,0.0,0.0,0.0,970.08,1095.6314285714286,49.0,113.0,19.066666666666666,76.0,45.0,14.7,-0.2112757555821793,-0.9774264960104055
1.0,0.0,0.0,0.0,731.63,1045.8642857142856,34.0,155.0,20.0,55.0,50.0,15.24,-0.2280577712215198,-0.9736476020539838
1.0,0.0,0.0,0.0,578.22,959.7171428571429,17.0,166.0,20.566666666666666,79.0,45.0,23.47,-0.2614143985111562,-0.965226663665613
1.0,0.0,0.0,0.0,1195.83,981.76,5.0,183.0,19.7,85.0,47.0,23.58,-0.2779791393987801,-0.9605871111248129
1.0,0.0,0.0,0.0,1362.72,1001.7585714285714,9.0,143.0,19.133333333333333,69.0,46.0,19.55,-0.2944616217868012,-0.9556633054034704
1.0,0.0,0.0,0.0,903.83,937.1971428571427,4.0,147.0,17.9,72.0,49.0,18.64,-0.3108569682435036,-0.9504567035349151
1.0,0.0,0.0,0.0,919.27,951.6542857142857,7.0,81.0,17.1,47.0,44.0,21.89,-0.34336687399638804,-0.939201357453208
1.0,0.0,0.0,0.0,668.85,908.6214285714286,14.0,54.0,17.0,61.0,43.0,19.72,-0.3594718130884232,-0.9331559438780432
1.0,0.0,0.0,0.0,787.97,916.67,7.0,52.0,17.166666666666668,71.0,41.0,18.89,-0.4071294853542516,-0.9133704517637858
1.0,0.0,0.0,0.0,851.53,955.7142857142857,0.0,67.0,16.333333333333332,35.0,50.0,18.34,-0.45370308603134424,-0.8911529104063088
1.0,0.0,0.0,0.0,449.4,849.0814285714285,0.0,60.0,14.866666666666667,89.0,46.0,24.36,-0.46896519100763184,-0.8832166493127127
1.0,0.0,0.0,0.0,1452.56,861.9157142857142,33.0,46.0,15.266666666666667,83.0,47.0,15.41,-0.48408852163897587,-0.8750190302029955
1.0,0.0,0.0,0.0,876.12,857.9571428571429,0.0,79.0,14.933333333333334,87.0,47.0,16.0,-0.4990686026885319,-0.8665624788845385
1.0,0.0,0.0,0.0,3961.6,1292.5757142857142,12.0,63.0,13.733333333333333,73.0,54.0,22.53,-0.5139010013093103,-0.8578494977869301
1.0,0.0,0.0,0.0,1184.4,1366.2257142857143,16.0,68.0,14.2,56.0,48.0,20.25,-0.5285813283559292,-0.8488826652214553
1.0,0.0,0.0,0.0,776.79,1364.6285714285714,0.0,61.0,12.8,94.0,43.0,16.35,-0.5431052396834317,-0.8396646346181327
1.0,0.0,0.0,0.0,991.37,1384.6057142857142,8.0,61.0,12.4,106.0,41.0,16.77,-0.5716666713027052,-0.8204859638785327
1.0,0.0,0.0,0.0,1120.14,1480.4257142857143,25.0,69.0,12.7,81.0,40.0,15.72,-0.5856957398073508,-0.8105309990194823
1.0,0.0,0.0,0.0,789.26,1385.6685714285716,10.0,80.0,12.633333333333333,61.0,42.0,16.18,-0.6267266965083301,-0.7792391467859886
1.0,0.0,0.0,0.0,626.75,1350.0442857142857,23.0,85.0,12.9,36.0,51.0,11.81,-0.65316012232693,-0.7572198192083127
1.0,0.0,0.0,0.0,619.5,872.6014285714285,13.0,108.0,13.133333333333333,73.0,48.0,17.18,-0.666088855860977,-0.7458723993404063
1.0,0.0,0.0,0.0,1343.45,895.3228571428572,5.0,113.0,12.833333333333334,101.0,42.0,20.0,-0.6788204829862355,-0.734304263829602
1.0,0.0,0.0,0.0,1292.8,969.0385714285715,4.0,112.0,12.966666666666667,36.0,52.0,20.72,-0.7393922635959241,-0.673274892250183
1.0,0.0,0.0,0.0,537.12,904.1457142857142,13.0,93.0,13.0,80.0,41.0,22.1,-0.7508642533989489,-0.6604565640279754
1.0,0.0,0.0,0.0,1113.84,903.2457142857141,59.0,93.0,14.333333333333334,76.0,44.0,14.54,-0.7621140503891487,-0.6474427960827475
1.0,0.0,0.0,0.0,718.25,893.1014285714285,0.0,134.0,14.333333333333334,82.0,48.0,16.34,-0.7839338166829201,-0.620844401650647
1.0,0.0,0.0,0.0,911.2,933.7371428571429,7.0,167.0,14.333333333333334,78.0,45.0,21.47,-0.8343701235229538,-0.5512045872199277
1.0,0.0,0.0,0.0,1113.88,1004.3628571428571,3.0,115.0,14.133333333333333,85.0,49.0,21.92,-0.8437282590292712,-0.5367705514607103
1.0,0.0,0.0,0.0,1276.16,994.75,11.0,118.0,13.7,76.0,49.0,19.82,-0.8616928164028522,-0.5074302810827518
1.0,0.0,0.0,0.0,1024.08,956.3614285714286,19.0,91.0,13.566666666666666,24.0,47.0,20.54,-0.8786374941610001,-0.4774894280028391
1.0,0.0,0.0,0.0,3019.31,1310.9600000000003,6.0,110.0,12.133333333333333,77.0,42.0,25.42,-0.886721063082993,-0.46230483047981086
1.0,0.0,0.0,0.0,1252.48,1330.7657142857145,31.0,53.0,12.033333333333333,75.0,42.0,14.89,-0.8945422369764496,-0.4469834295196741
1.0,0.0,0.0,0.0,703.71,1328.6885714285713,25.0,77.0,12.3,76.0,45.0,18.66,-0.9020987014301837,-0.43152975897147144
1.0,0.0,0.0,0.0,2913.79,1614.7728571428572,17.0,99.0,12.7,60.0,42.0,21.72,-0.9093882203647925,-0.4159483918249421
1.0,0.0,0.0,0.0,4427.92,2088.207142857143,20.0,116.0,13.066666666666666,70.0,45.0,20.3,-0.9164086366943458,-0.4002439388573056
1.0,0.0,0.0,0.0,4411.86,2536.164285714286,11.0,125.0,13.3,91.0,47.0,18.57,-0.9231578729647039,-0.38442104726885545
1.0,0.0,0.0,0.0,1123.85,2550.4171428571426,31.0,129.0,14.1,39.0,43.0,16.31,-0.9296339319682695,-0.3684843993077793
1.0,0.0,0.0,0.0,416.58,2178.5985714285716,5.0,141.0,13.8,78.0,48.0,22.38,-0.9358348973349941,-0.35243871088460327
1.0,0.0,0.0,0.0,1178.55,2168.037142857143,12.0,90.0,13.966666666666667,88.0,48.0,21.8,-0.9578523554276669,-0.28726097055059635
1.0,0.0,0.0,0.0,1285.06,2251.087142857143,32.0,82.0,15.033333333333333,81.0,46.0,18.05,-0.9626519747161487,-0.2707418984477642
1.0,0.0,0.0,0.0,957.61,1971.6328571428571,9.0,103.0,15.333333333333334,35.0,45.0,20.0,-0.9671667297977312,-0.2541427094613622
1.0,0.0,0.0,0.0,465.5,1405.5728571428572,25.0,88.0,15.066666666666666,65.0,46.0,20.22,-0.9753363880767837,-0.2207236509605022
1.0,0.0,0.0,0.0,880.38,901.0757142857143,4.0,113.0,15.2,57.0,44.0,22.67,-0.9789888737409319,-0.20391367068311472
1.0,0.0,0.0,0.0,846.26,861.4200000000001,32.0,94.0,15.866666666666667,71.0,44.0,15.82,-0.9823516608469237,-0.18704334906991657
1.0,0.0,0.0,0.0,735.57,906.9899999999999,22.0,126.0,16.066666666666666,61.0,46.0,15.41,-0.9854237542919524,-0.17011767832049052
1.0,0.0,0.0,0.0,2576.4,1106.6828571428573,3.0,136.0,16.166666666666668,109.0,45.0,19.67,-0.9882042449941422,-0.15314166701312007
1.0,0.0,0.0,0.0,1436.48,1128.3142857142857,0.0,107.0,15.9,54.0,47.0,20.48,-0.9906923101615609,-0.13612033862266704
1.0,0.0,0.0,0.0,746.55,1098.162857142857,0.0,98.0,15.066666666666666,95.0,44.0,18.66,-0.9928872135356962,-0.11905873003404988
1.0,0.0,0.0,0.0,1161.32,1197.5657142857142,2.0,61.0,14.8,69.0,54.0,24.07,-0.9977068927101168,-0.06768276175455162
1.0,0.0,0.0,0.0,1187.62,1241.457142857143,19.0,31.0,14.666666666666666,109.0,48.0,24.25,-0.9987235240803972,-0.050510617185222886
1.0,0.0,0.0,0.0,1797.24,1377.3114285714287,7.0,28.0,14.466666666666667,68.0,42.0,23.54,-0.9994446170919858,-0.033323525711631344
1.0,0.0,0.0,0.0,1008.63,1416.32,24.0,32.0,15.1,34.0,48.0,15.18,-0.9998699583618592,-0.016126573270657762
1.0,0.0,0.0,0.0,353.46,1098.757142857143,41.0,56.0,16.333333333333332,71.0,48.0,15.32,-0.9999994220246925,0.001075151282798226
1.0,0.0,0.0,0.0,739.84,999.2371428571429,42.0,112.0,17.3,85.0,43.0,17.4,-0.9986126020839734,0.052658056924614005
1.0,0.0,0.0,0.0,4746.96,1570.7242857142858,35.0,208.0,16.5,43.0,41.0,19.02,-0.9945667569706337,0.1041007489354256
1.0,0.0,0.0,0.0,515.34,1478.4414285714286,1.0,219.0,16.533333333333335,70.0,49.0,25.97,-0.9926289059345095,0.121193461470736
1.0,0.0,0.0,0.0,1635.15,1542.3742857142859,43.0,179.0,17.733333333333334,68.0,48.0,21.28,-0.9903973200352558,0.1382503109109819
1.0,0.0,0.0,0.0,1381.73,1483.0157142857145,3.0,212.0,17.733333333333334,78.0,48.0,26.33,-0.9878726596350429,0.15526624985999563
1.0,0.0,0.0,0.0,1417.26,1541.3914285714286,29.0,206.0,18.333333333333332,91.0,48.0,19.41,-0.9850556718215013,0.172236243027682
1.0,0.0,0.0,0.0,1183.22,1659.9285714285713,25.0,184.0,18.533333333333335,80.0,39.0,22.06,-0.9785481345802031,0.20601832032517084
1.0,0.0,0.0,0.0,1094.3,1710.5657142857142,8.0,194.0,18.6,65.0,40.0,27.25,-0.9708824104813836,0.23955655912092708
1.0,0.0,0.0,0.0,1106.88,1190.554285714286,0.0,201.0,17.566666666666666,77.0,45.0,26.88,-0.9666180104000972,0.2562218218071163
1.0,0.0,0.0,0.0,4678.55,1785.2985714285714,23.0,158.0,17.5,86.0,45.0,17.29,-0.9620675724981452,0.27281126433401914
1.0,0.0,0.0,0.0,2707.55,1938.4985714285717,28.0,178.0,17.866666666666667,91.0,46.0,14.82,-0.957232443323312,0.28931997761869527
1.0,0.0,0.0,0.0,890.34,1868.3,16.0,177.0,17.733333333333334,66.0,42.0,25.36,-0.9521140536681102,0.3057430764672831
1.0,0.0,0.0,0.0,1079.73,1820.081428571429,28.0,138.0,18.3,51.0,45.0,15.67,-0.9410336347451197,0.3383130181923076
1.0,0.0,0.0,0.0,3776.35,2190.5285714285715,27.0,103.0,18.166666666666668,85.0,45.0,23.08,-0.9350748843515574,0.3544502230989869
1.0,0.0,0.0,0.0,4784.92,2717.7599999999998,49.0,130.0,19.633333333333333,75.0,46.0,20.05,-0.9223291176290545,0.3864052261209853
1.0,0.0,0.0,0.0,1015.2,2704.662857142857,124.0,128.0,23.366666666666667,57.0,43.0,9.96,-0.9084917035725082,0.41790288888678667
1.0,0.0,0.0,0.0,366.36,2088.6357142857146,1.0,238.0,22.333333333333332,69.0,43.0,27.87,-0.8692328164574792,0.49440298420761813
1.0,0.0,0.0,0.0,1259.57,1881.7814285714287,63.0,190.0,24.133333333333333,82.0,46.0,10.61,-0.8605996962501181,0.5092820071573356
1.0,0.0,0.0,0.0,578.55,1837.24,3.0,253.0,23.4,85.0,42.0,27.74,-0.8517119107469189,0.5240103253675756
1.0,0.0,0.0,0.0,4133.7,2273.5214285714287,3.0,238.0,23.366666666666667,38.0,48.0,30.71,-0.8331829385891785,0.5529974600700271
1.0,0.0,0.0,0.0,799.4,1848.242857142857,1.0,235.0,22.333333333333332,81.0,48.0,28.57,-0.8136678304455991,0.5813300798152042
1.0,0.0,0.0,0.0,1596.66,1392.777142857143,0.0,209.0,21.6,71.0,46.0,21.75,-0.7931896839451843,0.6089746507720486
1.0,0.0,0.0,0.0,1042.2,1396.6342857142856,35.0,146.0,22.666666666666668,59.0,42.0,24.34,-0.7825970017677834,0.6225286602431057
1.0,0.0,0.0,0.0,1753.04,1594.7314285714288,50.0,144.0,24.333333333333332,27.0,48.0,25.7,-0.7607200913564104,0.6490800741100398
1.0,0.0,0.0,0.0,464.98,1481.2185714285713,2.0,218.0,24.4,81.0,52.0,26.49,-0.7262249146041543,0.6874571793269664
1.0,0.0,0.0,0.0,1491.47,1611.6357142857144,8.0,192.0,24.6,80.0,47.0,30.2,-0.7142921172691032,0.699847677146407
1.0,0.0,0.0,0.0,1618.72,1252.3528571428571,11.0,200.0,24.333333333333332,64.0,46.0,21.36,-0.7021479494046978,0.7120310787787131
1.0,0.0,0.0,0.0,909.06,1268.0185714285715,19.0,176.0,24.733333333333334,73.0,47.0,27.33,-0.6897960046655887,0.7240037789593305
1.0,0.0,0.0,0.0,1326.68,1229.4500000000003,180.0,120.0,29.933333333333334,37.0,47.0,12.27,-0.6772399381909491,0.7357622347736527
1.0,0.0,0.0,0.0,660.1800000000001,1174.8757142857141,2.0,250.0,28.633333333333333,72.0,48.0,21.43,-0.6644834655228552,0.7473029667054296
1.0,0.0,0.0,0.0,1049.24,1074.3328571428572,8.0,226.0,27.5,87.0,44.0,26.75,-0.6515303615068021,0.75862255966641
1.0,0.0,0.0,0.0,1524.19,1225.6485714285716,1.0,230.0,26.366666666666667,79.0,48.0,29.57,-0.6383844591746642,0.7697176640069211
1.0,0.0,0.0,0.0,1600.16,1241.1757142857143,8.0,229.0,26.6,92.0,46.0,22.46,-0.6250496486104377,0.7805849965070866
1.0,0.0,0.0,0.0,1373.89,1206.2,64.0,203.0,27.3,37.0,42.0,9.27,-0.5839514998576998,0.8117885474764613
1.0,0.0,0.0,0.0,221.24,1107.94,28.0,87.0,28.133333333333333,85.0,43.0,19.02,-0.5699010576127624,0.8217133225960589
1.0,0.0,0.0,0.0,1042.96,1067.4085714285716,36.0,113.0,28.366666666666667,73.0,44.0,16.81,-0.5556819724760489,0.8313949395234058
1.0,0.0,0.0,0.0,3080.55,1413.1757142857143,34.0,141.0,28.666666666666668,88.0,41.0,17.56,-0.5412984521036173,0.8408305333122887
1.0,0.0,0.0,0.0,965.62,1401.23,39.0,174.0,29.7,79.0,41.0,23.08,-0.5267547528105542,0.8500173118187018
1.0,0.0,0.0,0.0,1139.38,1346.2571428571428,5.0,205.0,29.866666666666667,75.0,45.0,25.85,-0.5120551783114646,0.8589525565270845
1.0,0.0,0.0,0.0,1279.74,1300.4828571428573,69.0,208.0,31.4,85.0,44.0,7.24,-0.4972040784469378,0.8676336233547726
1.0,0.0,0.0,0.0,399.75,1161.3200000000002,3.0,275.0,30.566666666666666,48.0,42.0,17.85,-0.4822058478963526,0.8760579434344281
1.0,0.0,0.0,0.0,561.34,1209.9057142857143,0.0,214.0,30.033333333333335,85.0,50.0,19.04,-0.46706492487743034,0.8842230238742036
1.0,0.0,0.0,0.0,1132.6,1222.7114285714285,18.0,186.0,29.7,78.0,38.0,21.13,-0.451785789832884,0.8921264484954345
1.0,0.0,0.0,0.0,1013.52,927.4214285714286,0.0,168.0,28.8,98.0,43.0,17.29,-0.4363729641045924,0.8997658785476209
1.0,0.0,0.0,0.0,1092.63,945.5657142857143,57.0,134.0,29.066666666666666,88.0,46.0,16.16,-0.42083100859565564,0.9071390534005044
1.0,0.0,0.0,0.0,931.41,915.8557142857143,0.0,152.0,24.933333333333334,87.0,47.0,24.36,-0.4051645224207563,0.9142437912130223
1.0,0.0,0.0,0.0,3944.33,1296.5114285714285,31.0,147.0,25.933333333333334,86.0,48.0,12.26,-0.3893781415452015,0.9210779895789526
1.0,0.0,0.0,0.0,716.72,1341.792857142857,4.0,109.0,23.966666666666665,39.0,48.0,20.85,-0.37347653741307074,0.9276396261490467
1.0,0.0,0.0,0.0,552.84,1340.5785714285714,20.0,110.0,24.533333333333335,71.0,48.0,22.23,-0.3574644155648614,0.9339267592294762
1.0,0.0,0.0,0.0,1734.15,1426.5142857142855,29.0,130.0,25.4,78.0,42.0,19.03,-0.34134651424503615,0.9399375283564133
1.0,0.0,0.0,0.0,942.34,1416.345714285714,53.0,141.0,27.133333333333333,75.0,45.0,16.69,-0.3251276029999093,0.9456701548465688
1.0,0.0,0.0,0.0,826.32,1378.3014285714287,14.0,194.0,27.6,92.0,44.0,20.41,-0.30881248126625377,0.9511229423235357
1.0,0.0,0.0,0.0,1211.31,1418.287142857143,0.0,151.0,26.433333333333334,62.0,52.0,22.97,-0.29240597695107734,0.9562942772197719
1.0,0.0,0.0,0.0,1018.16,1000.2628571428571,6.0,151.0,24.966666666666665,69.0,42.0,19.43,-0.27591294500296043,0.9611826292540837
1.0,0.0,0.0,0.0,858.24,1020.4799999999999,0.0,126.0,24.9,50.0,48.0,17.88,-0.2593382659754056,0.9657865518844574
1.0,0.0,0.0,0.0,616.86,1029.6257142857141,49.0,122.0,26.266666666666666,72.0,51.0,15.19,-0.2426868445825954,0.9701046827361175
1.0,0.0,0.0,0.0,771.27,892.0714285714286,4.0,190.0,26.033333333333335,72.0,53.0,17.72,-0.20917350564635637,0.9778785428342386
1.0,0.0,0.0,0.0,899.58,885.9628571428572,0.0,172.0,25.4,73.0,48.0,24.51,-0.15845177496083632,0.9873667175937016
1.0,0.0,0.0,0.0,1207.58,940.4285714285714,9.0,171.0,19.7,93.0,39.0,23.66,-0.12439450483979998,0.9922328391893008
1.0,0.0,0.0,0.0,2177.0,1078.3842857142856,4.0,131.0,19.766666666666666,76.0,53.0,18.82,-0.10730813165636247,0.9942258118156161
1.0,0.0,0.0,0.0,3344.75,1410.7542857142855,38.0,63.0,20.766666666666666,79.0,47.0,15.01,-0.07304518821104743,0.9973286321364752
1.0,0.0,0.0,0.0,800.55,1402.5128571428572,25.0,65.0,21.566666666666666,81.0,48.0,14.2,-0.05587875690537313,0.9984375616565666
1.0,0.0,0.0,0.0,782.0,1426.1042857142857,9.0,81.0,21.6,93.0,44.0,23.19,-0.03869579017652689,0.9992510374388481
1.0,0.0,0.0,0.0,1423.62,1519.2971428571425,37.0,125.0,20.7,85.0,45.0,15.4,-0.004300592702981974,0.9999907524084426
1.0,0.0,0.0,0.0,850.85,1512.3357142857142,11.0,153.0,20.133333333333333,98.0,52.0,18.7,0.017201575418260506,0.9998520419557735
1.0,0.0,0.0,0.0,1301.43,1525.7428571428572,12.0,160.0,19.333333333333332,86.0,45.0,20.66,0.03439806061360801,0.9994082116062598
1.0,0.0,0.0,0.0,1146.16,1378.48,0.0,172.0,18.2,74.0,50.0,17.89,0.051584366869408364,0.9986686402879997
1.0,0.0,0.0,0.0,913.56,1031.1671428571428,24.0,119.0,17.7,84.0,43.0,11.24,0.08590610426133272,0.9963032375991965
1.0,0.0,0.0,0.0,594.72,1001.7628571428571,35.0,134.0,18.7,40.0,41.0,13.57,0.10303137904317879,0.9946781061893646
1.0,0.0,0.0,0.0,339.38,938.5314285714285,0.0,96.0,16.4,58.0,50.0,20.91,0.13718540405660057,0.9905453876091833
1.0,0.0,0.0,0.0,830.91,853.8585714285715,12.0,85.0,16.7,99.0,49.0,20.2,0.1542040475626894,0.988039023376751
1.0,0.0,0.0,0.0,1360.0,926.5942857142857,21.0,85.0,17.4,81.0,47.0,14.9,0.17117705961019986,0.985240282501282
1.0,0.0,0.0,0.0,826.8,858.79,0.0,106.0,16.8,97.0,49.0,21.05,0.18809941761179758,0.9821499931752291
1.0,0.0,0.0,0.0,3229.98,1156.4785714285715,0.0,96.0,16.8,78.0,50.0,24.17,0.20496611396949532,0.9787690698649216
1.0,0.0,0.0,0.0,1300.65,1211.777142857143,0.0,72.0,14.9,42.0,47.0,21.81,0.22177215755648186,0.975098513039961
1.0,0.0,0.0,0.0,613.72,1214.4914285714287,0.0,42.0,14.9,68.0,49.0,19.44,0.2551824131233728,0.9668929289391521
1.0,0.0,0.0,0.0,912.18,1296.32,0.0,68.0,13.866666666666667,69.0,45.0,23.2,0.321057654185271,0.9470596510722283
1.0,0.0,0.0,0.0,1056.66,1328.5700000000002,0.0,122.0,13.733333333333333,66.0,46.0,18.36,0.3534446712740877,0.9354554315134164
1.0,0.0,0.0,0.0,812.04,1250.2900000000002,0.0,113.0,13.066666666666666,74.0,48.0,24.27,0.3694836834473831,0.9292372181882051
1.0,0.0,0.0,0.0,1230.26,1307.9271428571428,0.0,113.0,12.1,79.0,46.0,17.58,0.38541335945432564,0.9227440286201427
1.0,0.0,0.0,0.0,930.63,979.4485714285714,0.0,62.0,10.333333333333334,84.0,44.0,21.64,0.4169258813287287,0.908940487313808
1.0,0.0,0.0,0.0,1181.7,962.4557142857142,0.0,54.0,9.866666666666667,90.0,42.0,17.79,0.4324994021339788,0.901634220265486
1.0,0.0,0.0,0.0,1024.64,1021.1585714285715,10.0,54.0,10.2,36.0,43.0,21.89,0.44794493940789115,0.8940611451454876
1.0,0.0,0.0,0.0,508.26,963.4557142857144,2.0,10.0,10.066666666666666,77.0,46.0,17.09,0.4632579225674917,0.88622350294858
1.0,0.0,0.0,0.0,894.88,940.3442857142857,0.0,12.0,10.066666666666666,58.0,48.0,14.83,0.4784338202547012,0.8781236129591848
1.0,0.0,0.0,0.0,1254.2,1003.51,0.0,12.0,8.433333333333334,94.0,46.0,20.45,0.5083564379375122,0.8611467540480452
1.0,0.0,0.0,0.0,1287.74,1011.7214285714286,0.0,12.0,8.3,86.0,43.0,14.3,0.5230943033491326,0.8522748088519838
1.0,0.0,0.0,0.0,1256.35,1058.252857142857,0.0,12.0,8.3,31.0,50.0,11.71,0.5521013427459208,0.8337770129585915
1.0,0.0,0.0,0.0,252.29,925.4799999999999,0.0,2.0,8.0,82.0,49.0,12.45,0.5663619330814524,0.8241566360566663
1.0,0.0,0.0,0.0,689.18,877.5571428571428,0.0,0.0,7.866666666666666,75.0,44.0,12.92,0.580454927809098,0.8142923779467267
1.0,0.0,0.0,0.0,629.85,894.9271428571428,21.0,0.0,7.3,72.0,44.0,9.15,0.5943761565849831,0.804187157621448
1.0,0.0,0.0,0.0,425.06,827.8100000000001,0.0,21.0,6.466666666666667,74.0,51.0,21.04,0.6081214998935418,0.7938439653781019
1.0,0.0,0.0,0.0,1089.9,804.3385714285713,8.0,40.0,6.433333333333334,85.0,44.0,16.49,0.6350683134867438,0.7724559775191742
1.0,0.0,0.0,0.0,2432.31,967.8485714285714,2.0,48.0,5.266666666666667,42.0,40.0,16.36,0.6482618097757122,0.7614175109532997
1.0,0.0,0.0,0.0,2732.94,1178.7900000000002,0.0,50.0,4.9,71.0,43.0,20.97,0.6612634749656386,0.7501537286959042
1.0,0.0,0.0,0.0,975.3,1282.077142857143,0.0,50.0,4.5,87.0,45.0,20.64,0.6740694616546161,0.7386679638813748
1.0,0.0,0.0,0.0,1185.36,1352.9599999999998,0.0,29.0,4.5,88.0,49.0,20.09,0.6990793005655562,0.7150441465537444
1.0,0.0,0.0,0.0,1211.08,1435.992857142857,6.0,29.0,3.9,56.0,45.0,17.07,0.7112757519738152,0.7029130847082615
1.0,0.0,0.0,0.0,630.96,1465.4071428571428,9.0,16.0,3.033333333333333,85.0,47.0,12.52,0.7232617254437388,0.6905740195722293
1.0,0.0,0.0,0.0,718.2,1412.3071428571427,11.0,17.0,3.4,63.0,44.0,12.48,0.746588114532413,0.6652865452111116
1.0,0.0,0.0,0.0,510.9,1137.82,0.0,28.0,3.0,88.0,47.0,15.84,0.7579216274973472,0.6523456189565257
1.0,0.0,0.0,0.0,954.89,883.8128571428571,0.0,28.0,2.3,73.0,53.0,14.84,0.7690308592589181,0.6392116531380588
1.0,0.0,0.0,0.0,774.35,855.1057142857143,22.0,28.0,3.033333333333333,82.0,49.0,13.89,0.7799125224167177,0.6258885343075018
1.0,0.0,0.0,0.0,4186.22,1283.7999999999997,0.0,50.0,3.033333333333333,57.0,46.0,20.46,0.7905633969115482,0.612380204990065
1.0,0.0,0.0,0.0,781.22,1222.3914285714286,0.0,44.0,3.033333333333333,87.0,47.0,19.33,0.8009803309782905,0.5986906625177214
1.0,0.0,0.0,0.0,1160.58,1298.0514285714287,2.0,30.0,3.1,90.0,49.0,16.27,0.8402480696078469,0.5422021592729844
1.0,0.0,0.0,0.0,1017.48,1340.8057142857142,13.0,11.0,3.533333333333333,79.0,41.0,17.68,0.8584015232918917,0.512978386299228
1.0,0.0,0.0,0.0,880.11,1393.55,15.0,24.0,4.033333333333333,34.0,46.0,23.09,0.8755389928586302,0.4831474640149687
1.0,0.0,0.0,0.0,1307.1,1443.8657142857144,3.0,39.0,4.133333333333334,64.0,45.0,20.12,0.8837203473619977,0.4680153284438345
1.0,0.0,0.0,0.0,850.08,1454.6842857142858,0.0,34.0,4.133333333333334,67.0,48.0,25.52,0.8916401947968874,0.45274469960737107
1.0,0.0,0.0,0.0,1918.25,1130.6885714285713,0.0,34.0,4.133333333333334,80.0,46.0,26.74,0.8992961915530253,0.4373400963303323
1.0,0.0,0.0,0.0,1454.52,1226.8742857142856,9.0,32.0,4.433333333333334,89.0,38.0,24.84,0.9066860720977985,0.4218060770826634
1.0,0.0,0.0,0.0,1348.71,1253.75,3.0,40.0,4.2,67.0,45.0,25.4,0.9138076496466615,0.4061472386305789
1.0,0.0,0.0,0.0,1114.81,1267.6542857142856,0.0,30.0,4.133333333333334,86.0,44.0,18.62,0.9206588168102428,0.3903682146763026
1.0,0.0,0.0,0.0,1056.66,1292.8757142857141,8.0,30.0,4.4,52.0,47.0,23.33,0.9272375462179537,0.374473674486883
1.0,0.0,0.0,0.0,1250.78,1284.83,0.0,23.0,4.4,64.0,46.0,19.2,0.9335418911179212,0.35846832151248087
1.0,0.0,0.0,0.0,823.43,1281.0228571428572,9.0,24.0,4.7,50.0,46.0,18.42,0.945320046913132,0.3261441535642696
1.0,0.0,0.0,0.0,621.68,1095.7985714285714,0.0,33.0,4.7,78.0,47.0,26.56,0.9507903724625832,0.3098349038318025
1.0,0.0,0.0,0.0,1398.6,1087.81,4.0,24.0,4.833333333333333,100.0,47.0,26.11,0.9559793438440766,0.2934339689665273
1.0,0.0,0.0,0.0,1762.43,1146.912857142857,0.0,25.0,4.833333333333333,64.0,49.0,25.42,0.9608854255574977,0.27694620226893646
1.0,0.0,0.0,0.0,1130.77,1149.1928571428573,15.0,25.0,4.633333333333334,48.0,48.0,20.71,0.9655071658143364,0.2603764827344581
1.0,0.0,0.0,0.0,661.01,1092.6714285714286,4.0,43.0,4.766666666666667,78.0,47.0,26.35,0.9738922359149924,0.22701082094141847
1.0,0.0,0.0,0.0,2121.6800000000003,1217.0857142857144,0.0,43.0,4.5,82.0,44.0,20.65,0.9776530844816641,0.2102247521189836
1.0,0.0,0.0,0.0,1117.38,1259.0785714285714,2.0,42.0,4.5,63.0,42.0,26.22,0.984305844499033,0.17647097349152166
1.0,0.0,0.0,0.0,1065.54,1322.4871428571428,40.0,40.0,5.833333333333333,86.0,51.0,14.49,0.9871957872910085,0.15951325197263655
1.0,0.0,0.0,0.0,878.43,1248.1771428571428,0.0,80.0,5.833333333333333,37.0,45.0,24.81,0.9897936029670716,0.14250832791617088
1.0,0.0,0.0,0.0,610.47,1083.6114285714286,0.0,65.0,5.833333333333333,56.0,48.0,22.21,0.992098522791769,0.12546123335273648
1.0,0.0,0.0,0.0,852.14,1043.807142857143,0.0,54.0,5.633333333333334,81.0,44.0,20.11,0.9941098647022418,0.10837701279187609
1.0,0.0,0.0,0.0,1075.14,1102.9685714285715,0.0,50.0,5.333333333333333,81.0,47.0,19.9,0.9972495210773451,0.07411742515094437
1.0,0.0,0.0,0.0,1096.16,956.4657142857143,38.0,42.0,6.233333333333333,104.0,50.0,20.02,0.998376906467142,0.056952196034039754
1.0,0.0,0.0,0.0,1446.99,1003.5528571428571,0.0,78.0,6.233333333333333,72.0,49.0,25.12,0.9992088560679753,0.03977011384605572
1.0,0.0,0.0,0.0,1248.21,1029.6485714285714,0.0,38.0,6.233333333333333,76.0,52.0,31.59,0.9999855506507186,0.005375731557583884
1.0,0.0,0.0,0.0,1704.71,1147.6885714285713,2.0,38.0,5.566666666666666,93.0,51.0,26.3,0.9999300657962057,-0.011826390691832589
1.0,0.0,0.0,0.0,1748.89,1310.3200000000002,24.0,40.0,6.366666666666666,80.0,44.0,19.66,0.9995786855478958,-0.029025013321975237
1.0,0.0,0.0,0.0,1030.32,1335.774285714286,15.0,64.0,6.866666666666666,83.0,43.0,28.04,0.9989315138848577,-0.046215046983708354
1.0,0.0,0.0,0.0,1489.28,1394.9371428571428,21.0,54.0,7.5,101.0,48.0,24.35,0.9967506498213929,-0.08054900421874167
1.0,0.0,0.0,0.0,4088.53,1822.4185714285716,18.0,75.0,7.666666666666667,32.0,37.0,33.0,0.9952176027737294,-0.09768276782171598
1.0,0.0,0.0,0.0,2596.32,1986.6085714285714,0.0,93.0,7.166666666666667,76.0,45.0,29.97,0.9933900548258936,-0.11478762552212701
1.0,0.0,0.0,0.0,1480.7,2019.8214285714287,0.0,133.0,7.066666666666666,45.0,44.0,23.04,0.9888537064205885,-0.1488903868564548
1.0,0.0,0.0,0.0,3008.42,2206.0657142857144,31.0,109.0,8.1,46.0,52.0,18.63,0.986146248341595,-0.16587819893463143
1.0,0.0,0.0,0.0,608.47,2043.1485714285714,3.0,133.0,8.2,46.0,43.0,27.85,0.9798567700958665,-0.1997015525660636
1.0,0.0,0.0,0.0,845.46,2016.74,20.0,121.0,8.566666666666666,47.0,46.0,30.15,0.9724075561219968,-0.23328854407545518
1.0,0.0,0.0,0.0,942.31,1938.6014285714286,13.0,145.0,8.9,55.0,43.0,26.27,0.9590788900341131,-0.28313898122818354
1.0,0.0,0.0,0.0,917.58,1485.6085714285714,11.0,127.0,9.266666666666667,49.0,43.0,22.55,0.9540665500578387,-0.2995947563972602
1.0,0.0,0.0,0.0,712.73,1216.5242857142857,14.0,123.0,9.466666666666667,28.0,46.0,24.11,0.9431964659565866,-0.33223549871590435
1.0,0.0,0.0,0.0,448.88,1069.1214285714286,23.0,113.0,10.233333333333333,77.0,46.0,20.49,0.9373419384643772,-0.3484108069446808
1.0,0.0,0.0,0.0,1041.48,788.13,12.0,103.0,10.333333333333334,67.0,44.0,29.24,0.9181214482844364,-0.39629913726891813
1.0,0.0,0.0,0.0,1263.56,881.7142857142857,5.0,102.0,10.5,98.0,45.0,31.71,0.9111686353326631,-0.41203363695942635
1.0,0.0,0.0,0.0,2051.28,1053.9742857142858,0.0,87.0,10.366666666666667,40.0,47.0,27.5,0.8964562582905575,-0.44313223418263453
1.0,0.0,0.0,0.0,748.0,1026.2157142857143,0.0,95.0,10.366666666666667,85.0,45.0,23.04,0.8806828564301475,-0.47370635037968
1.0,0.0,0.0,0.0,1272.7,1076.9471428571428,7.0,89.0,10.1,101.0,40.0,39.7,0.8724040568049612,-0.48878539428899265
1.0,0.0,0.0,0.0,2466.15,1327.435714285714,0.0,69.0,9.966666666666667,82.0,41.0,31.2,0.8638670987837349,-0.503719798736334
1.0,0.0,0.0,0.0,1637.12,1497.1842857142858,12.0,57.0,10.366666666666667,82.0,45.0,35.15,0.8550745085896932,-0.518505144391157
1.0,0.0,0.0,0.0,1916.53,1622.1914285714286,4.0,106.0,10.433333333333334,42.0,47.0,31.45,0.8367329140344921,-0.5476112038402312
1.0,0.0,0.0,0.0,4781.07,2124.692857142857,35.0,100.0,10.266666666666667,90.0,48.0,25.24,0.8174009818249189,-0.5760691233798758
1.0,0.0,0.0,0.0,2311.88,2161.921428571429,30.0,156.0,11.266666666666667,99.0,43.0,33.98,0.7865965660866021,-0.6174672802835514
1.0,0.0,0.0,0.0,4258.139999999999,2663.37,31.0,146.0,12.3,39.0,46.0,33.31,0.7648913904341225,-0.6441592666722685
1.0,0.0,0.0,0.0,4001.84,3053.247142857143,13.0,173.0,12.733333333333333,75.0,48.0,40.25,0.753697664392914,-0.6572212950663319
1.0,0.0,0.0,0.0,2022.73,2989.9014285714284,30.0,151.0,13.733333333333333,73.0,41.0,25.77,0.742280907086982,-0.6700888411055113
1.0,0.0,0.0,0.0,1203.84,2928.0042857142857,17.0,138.0,13.033333333333333,68.0,47.0,34.15,0.7187918772884232,-0.6952253139408722
1.0,0.0,0.0,0.0,1578.96,2879.7799999999997,18.0,176.0,13.633333333333333,43.0,45.0,42.44,0.6819721490904629,-0.7313781428679254
1.0,0.0,0.0,0.0,1204.5,2368.8414285714284,0.0,161.0,13.633333333333333,76.0,52.0,37.17,0.6564105761979381,-0.7544038410927472
1.0,0.0,0.0,0.0,2005.75,2325.1085714285714,13.0,131.0,14.0,112.0,50.0,31.01,0.6433365204044917,-0.765583517007675
1.0,0.0,0.0,0.0,3086.74,2157.7657142857142,11.0,141.0,13.566666666666666,77.0,43.0,41.17,0.6300720909843687,-0.7765366444428655
1.0,0.0,0.0,0.0,2028.8,1875.902857142857,7.0,83.0,13.3,111.0,43.0,39.37,0.6029878670694714,-0.7977503570459932
1.0,0.0,0.0,0.0,2818.65,1989.6057142857142,8.0,72.0,12.866666666666667,51.0,41.0,41.69,0.5891760872322963,-0.8080046647350754
1.0,0.0,0.0,0.0,1804.75,2075.45,7.0,62.0,12.5,78.0,43.0,29.45,0.5751899607119775,-0.8180198708443174
1.0,0.0,0.0,0.0,2143.6,2156.112857142857,14.0,58.0,12.966666666666667,90.0,48.0,36.02,0.5610336262283677,-0.8277930117131022
1.0,0.0,0.0,0.0,2204.56,2298.9785714285713,37.0,72.0,14.2,95.0,46.0,22.84,0.5467112728685939,-0.8373211953118121
1.0,0.0,0.0,0.0,1432.2,2217.042857142857,14.0,96.0,13.633333333333333,93.0,39.0,39.69,0.5322271388474397,-0.8466016020976267
1.0,0.0,0.0,0.0,2829.51,2180.2957142857144,27.0,88.0,14.433333333333334,85.0,39.0,26.19,0.4575313760742512,-0.8891934772070711
1.0,0.0,0.0,0.0,1368.99,2086.037142857143,6.0,101.0,13.966666666666667,85.0,50.0,32.36,0.44216815196707204,-0.8969321743510065
1.0,0.0,0.0,0.0,4504.1900000000005,2326.828571428571,0.0,70.0,13.533333333333333,85.0,45.0,28.16,0.42667408318992467,-0.9044054548343001
1.0,0.0,0.0,0.0,1603.98,2298.147142857143,74.0,89.0,15.633333333333333,44.0,46.0,17.0,0.37945284372454435,-0.925211078289358
1.0,0.0,0.0,0.0,489.94,2061.91,27.0,140.0,16.066666666666666,96.0,42.0,24.5,0.36348161248290634,-0.9316013725767187
1.0,0.0,0.0,0.0,1481.76,1958.652857142857,15.0,167.0,15.8,78.0,42.0,29.96,0.3474028211842774,-0.9377159910299093
1.0,0.0,0.0,0.0,1484.0,1966.052857142857,15.0,168.0,15.9,79.0,46.0,33.23,0.31494162072895193,-0.9491110448902284
1.0,0.0,0.0,0.0,2190.62,1874.7828571428574,0.0,183.0,15.733333333333333,68.0,47.0,34.41,0.2985688173637202,-0.9543881083175908
1.0,0.0,0.0,0.0,1614.6,1909.8700000000001,73.0,150.0,18.166666666666668,38.0,37.0,12.95,0.26556302780405594,-0.9640935007889755
1.0,0.0,0.0,0.0,297.66,1308.937142857143,19.0,149.0,18.8,64.0,40.0,37.22,0.24893980855376657,-0.9685189578512204
1.0,0.0,0.0,0.0,1951.93,1358.6442857142858,15.0,149.0,19.066666666666666,85.0,41.0,37.84,0.21547731504673012,-0.976508846196619
1.0,0.0,0.0,0.0,2354.16,1624.9614285714288,16.0,196.0,19.6,91.0,45.0,34.18,0.16481784665719793,-0.9863240225317866
1.0,0.0,0.0,0.0,2021.5,1702.067142857143,5.0,212.0,19.366666666666667,52.0,46.0,28.46,0.14782713347053048,-0.9890132145779883
1.0,0.0,0.0,0.0,1006.4,1633.8385714285716,7.0,144.0,19.466666666666665,86.0,50.0,38.33,0.13079267585675922,-0.9914097417023038
1.0,0.0,0.0,0.0,4778.24,2003.4985714285715,16.0,132.0,18.833333333333332,78.0,44.0,36.37,0.11371951458594969,-0.9935128947338007
1.0,0.0,0.0,0.0,1886.61,2042.357142857143,18.0,125.0,18.433333333333334,63.0,48.0,37.9,0.0966127018812031,-0.9953220513156602
1.0,0.0,0.0,0.0,1659.66,2236.9285714285716,10.0,128.0,17.733333333333334,81.0,49.0,27.06,0.07947729992362097,-0.9968366760893436
1.0,0.0,0.0,0.0,1501.52,2172.5842857142857,62.0,173.0,19.366666666666667,29.0,47.0,13.28,0.02795029824021032,-0.999609314096404
1.0,0.0,0.0,0.0,560.1,1916.2899999999997,0.0,225.0,18.366666666666667,56.0,53.0,25.57,-0.00645086419810515,-0.9999791929590823
1.0,0.0,0.0,0.0,1895.2,1898.2471428571428,0.0,209.0,17.8,85.0,47.0,28.56,-0.023651127245231586,-0.9997202729664083
1.0,0.0,0.0,0.0,1651.04,1990.3385714285712,38.0,191.0,18.466666666666665,83.0,37.0,16.07,-0.04084439154329611,-0.9991655196610109
1.0,0.0,0.0,0.0,793.73,1421.1228571428571,0.0,219.0,18.466666666666665,82.0,52.0,29.73,-0.05802556932878035,-0.9983150972033183
1.0,0.0,0.0,0.0,2305.17,1480.9171428571428,9.0,122.0,18.333333333333332,24.0,44.0,24.88,-0.09233133369539122,-0.9957283388645872
1.0,0.0,0.0,0.0,388.05,1299.2585714285717,10.0,93.0,18.3,61.0,49.0,21.02,-0.12652781683868314,-0.9919630595773397
1.0,0.0,0.0,0.0,2760.35,1479.0914285714284,6.0,103.0,18.266666666666666,81.0,36.0,22.96,-0.1435724234118113,-0.9896398128792412
1.0,0.0,0.0,0.0,4040.3,1976.2628571428572,13.0,109.0,18.433333333333334,70.0,47.0,26.63,-0.16057454459499376,-0.9870237158387383
1.0,0.0,0.0,0.0,1248.88,1883.9314285714286,5.0,84.0,18.366666666666667,68.0,52.0,28.49,-0.17752914918703497,-0.984115542601034
1.0,0.0,0.0,0.0,1365.59,1843.152857142857,12.0,89.0,18.3,81.0,46.0,28.35,-0.19443122004766195,-0.9809161537413774
1.0,0.0,0.0,0.0,1492.4,1942.9628571428573,24.0,81.0,17.866666666666667,41.0,44.0,15.66,-0.2112757555821793,-0.9774264960104055
1.0,0.0,0.0,0.0,2297.09,1941.8085714285714,53.0,96.0,19.166666666666668,80.0,46.0,17.34,-0.2280577712215198,-0.9736476020539838
1.0,0.0,0.0,0.0,922.36,2018.1385714285714,10.0,123.0,18.6,66.0,45.0,20.76,-0.2614143985111562,-0.965226663665613
1.0,0.0,0.0,0.0,897.35,1751.9957142857143,7.0,133.0,18.633333333333333,75.0,42.0,25.79,-0.3108569682435036,-0.9504567035349151
1.0,0.0,0.0,0.0,2001.08,1460.6785714285713,41.0,70.0,20.0,63.0,46.0,20.95,-0.3754703786876202,-0.9268343944460494
1.0,0.0,0.0,0.0,891.0,1409.552857142857,15.0,101.0,18.033333333333335,71.0,42.0,26.46,-0.3913578365610259,-0.9202385798054075
1.0,0.0,0.0,0.0,1193.16,1384.92,0.0,96.0,17.133333333333333,83.0,46.0,27.05,-0.4071294853542516,-0.9133704517637858
1.0,0.0,0.0,0.0,1515.38,1388.202857142857,0.0,173.0,16.633333333333333,75.0,45.0,25.32,-0.46896519100763184,-0.8832166493127127
1.0,0.0,0.0,0.0,1272.33,1241.8085714285714,17.0,162.0,16.7,70.0,44.0,26.97,-0.48408852163897587,-0.8750190302029955
1.0,0.0,0.0,0.0,1227.2,1285.357142857143,6.0,138.0,16.9,75.0,44.0,24.05,-0.4990686026885319,-0.8665624788845385
1.0,0.0,0.0,0.0,1181.62,1325.967142857143,30.0,129.0,15.466666666666667,84.0,50.0,22.51,-0.5139010013093103,-0.8578494977869301
1.0,0.0,0.0,0.0,1285.88,1223.7957142857142,3.0,158.0,14.933333333333334,40.0,46.0,19.48,-0.5431052396834317,-0.8396646346181327
1.0,0.0,0.0,0.0,1377.9299999999998,1293.357142857143,0.0,158.0,14.433333333333334,60.0,50.0,22.13,-0.5716666713027052,-0.8204859638785327
1.0,0.0,0.0,0.0,916.32,1253.8085714285714,0.0,158.0,13.9,85.0,45.0,20.81,-0.5856957398073508,-0.8105309990194823
1.0,0.0,0.0,0.0,1158.69,1202.8528571428574,11.0,141.0,14.1,91.0,45.0,19.24,-0.5995514915196489,-0.8003361849976323
1.0,0.0,0.0,0.0,1146.9,1184.9342857142858,0.0,146.0,13.866666666666667,79.0,50.0,20.84,-0.6132298262997502,-0.7899045386224707
1.0,0.0,0.0,0.0,1160.43,1175.3957142857143,0.0,116.0,13.333333333333334,69.0,42.0,23.1,-0.6267266965083301,-0.7792391467859886
1.0,0.0,0.0,0.0,1028.13,1153.4685714285715,0.0,24.0,12.733333333333333,42.0,49.0,27.33,-0.6400381082043503,-0.7683431655492202
1.0,0.0,0.0,0.0,1150.12,1134.0742857142857,43.0,21.0,13.833333333333334,74.0,46.0,16.09,-0.65316012232693,-0.7572198192083127
1.0,0.0,0.0,0.0,1170.97,1104.5085714285715,0.0,54.0,11.766666666666667,67.0,46.0,27.19,-0.666088855860977,-0.7458723993404063
1.0,0.0,0.0,0.0,1238.96,1150.6000000000001,0.0,54.0,11.766666666666667,73.0,43.0,22.6,-0.6788204829862355,-0.734304263829602
1.0,0.0,0.0,0.0,1072.5,1138.287142857143,0.0,54.0,11.766666666666667,57.0,46.0,22.16,-0.6913512362094071,-0.722518835873311
1.0,0.0,0.0,0.0,833.58,1093.527142857143,15.0,43.0,11.0,86.0,45.0,20.5,-0.7036774074790128,-0.7105196029692745
1.0,0.0,0.0,0.0,1163.58,1093.9771428571428,12.0,58.0,11.4,86.0,41.0,19.7,-0.7157953492826642,-0.6983101158835584
1.0,0.0,0.0,0.0,1050.28,1097.1414285714286,0.0,70.0,11.1,34.0,46.0,22.03,-0.7277014757264236,-0.6858939875998223
1.0,0.0,0.0,0.0,866.5799999999999,1056.6357142857144,0.0,70.0,10.766666666666667,74.0,47.0,19.47,-0.7393922635959241,-0.673274892250183
1.0,0.0,0.0,0.0,972.68,1028.3085714285714,3.0,44.0,10.666666666666666,79.0,44.0,24.32,-0.7731383255706026,-0.6342374393978054
1.0,0.0,0.0,0.0,1277.47,1033.81,7.0,55.0,10.466666666666667,94.0,44.0,21.63,-0.7944973291665992,-0.6072676460566135
1.0,0.0,0.0,0.0,1301.12,1066.4699999999998,0.0,50.0,10.3,84.0,47.0,20.99,-0.8149159841660791,-0.5795791048257612
1.0,0.0,0.0,0.0,1207.66,1119.91,10.0,50.0,10.233333333333333,55.0,44.0,22.24,-0.8247650844733614,-0.5654755126737576
1.0,0.0,0.0,0.0,794.95,1067.2485714285715,0.0,45.0,9.433333333333334,72.0,41.0,20.58,-0.8437282590292712,-0.5367705514607103
1.0,0.0,0.0,0.0,941.07,1051.6471428571429,22.0,23.0,8.4,70.0,47.0,18.03,-0.8616928164028522,-0.5074302810827518
1.0,0.0,0.0,0.0,851.85,1049.5428571428572,52.0,38.0,9.8,30.0,39.0,21.77,-0.8702939222685674,-0.49253272872205434
1.0,0.0,0.0,0.0,1203.33,1082.492857142857,12.0,90.0,9.966666666666667,87.0,37.0,22.52,-0.8786374941610001,-0.4774894280028391
1.0,0.0,0.0,0.0,1175.4,1067.9114285714284,25.0,102.0,9.433333333333334,72.0,49.0,23.22,-0.886721063082993,-0.46230483047981086
1.0,0.0,0.0,0.0,3756.6,1418.6942857142858,0.0,117.0,8.933333333333334,92.0,42.0,23.96,-0.8945422369764496,-0.4469834295196741
1.0,0.0,0.0,0.0,1421.58,1449.2542857142857,34.0,123.0,10.066666666666666,97.0,44.0,18.57,-0.9164086366943458,-0.4002439388573056
1.0,0.0,0.0,0.0,1170.65,1502.9257142857143,0.0,135.0,10.066666666666666,37.0,43.0,29.65,-0.9231578729647039,-0.38442104726885545
1.0,0.0,0.0,0.0,718.54,1471.1357142857144,13.0,84.0,9.933333333333334,70.0,40.0,20.8,-0.9358348973349941,-0.35243871088460327
1.0,0.0,0.0,0.0,1742.0,1598.3,55.0,72.0,11.566666666666666,75.0,43.0,16.57,-0.9417589340994617,-0.33628873017668287
1.0,0.0,0.0,0.0,1714.17,1671.277142857143,3.0,127.0,10.666666666666666,76.0,50.0,21.51,-0.9474042892438845,-0.32003923622313857
1.0,0.0,0.0,0.0,1144.5,1666.8628571428574,0.0,129.0,10.566666666666666,67.0,52.0,27.87,-0.9578523554276669,-0.28726097055059635
1.0,0.0,0.0,0.0,1325.57,1319.5728571428572,34.0,135.0,11.7,72.0,43.0,16.11,-0.97139528468375,-0.23746831555846842
1.0,0.0,0.0,0.0,742.4,1222.547142857143,0.0,109.0,11.7,81.0,43.0,25.72,-0.9789888737409319,-0.20391367068311472
1.0,0.0,0.0,0.0,1374.78,1251.7085714285715,24.0,106.0,12.133333333333333,83.0,45.0,22.57,-0.9823516608469237,-0.18704334906991657
1.0,0.0,0.0,0.0,1226.82,1324.32,7.0,119.0,12.366666666666667,72.0,37.0,27.17,-0.9854237542919524,-0.17011767832049052
1.0,0.0,0.0,0.0,1173.6,1243.1200000000001,2.0,126.0,12.433333333333334,26.0,46.0,27.12,-0.9882042449941422,-0.15314166701312007
1.0,0.0,0.0,0.0,872.88,1122.935714285714,25.0,109.0,13.266666666666667,80.0,49.0,17.56,-0.9906923101615609,-0.13612033862266704
1.0,0.0,0.0,0.0,1787.45,1214.7857142857142,22.0,72.0,12.566666666666666,87.0,42.0,17.14,-0.994788305609327,-0.10196189005174576
1.0,0.0,0.0,0.0,1501.24,1239.8814285714286,0.0,86.0,12.566666666666666,63.0,47.0,30.4,-0.9963950238187231,-0.08483487790576538
1.0,0.0,0.0,0.0,1292.62,1318.4842857142855,0.0,86.0,12.566666666666666,91.0,47.0,27.23,-0.9977068927101168,-0.06768276175455162
1.0,0.0,0.0,0.0,1697.43,1364.5771428571427,0.0,55.0,12.566666666666666,35.0,48.0,24.34,-0.9994446170919858,-0.033323525711631344
1.0,0.0,0.0,0.0,587.88,1273.3,12.0,53.0,12.466666666666667,73.0,44.0,22.64,-0.9998699583618592,-0.016126573270657762
1.0,0.0,0.0,0.0,1074.45,1259.1357142857144,47.0,102.0,13.633333333333333,67.0,47.0,27.66,-0.999832969770105,0.018276557681691223
1.0,0.0,0.0,0.0,1250.78,1313.1214285714286,80.0,127.0,16.3,69.0,44.0,14.19,-0.9993706508539969,0.03547255575312556
1.0,0.0,0.0,0.0,947.46,1193.122857142857,93.0,207.0,19.4,68.0,51.0,11.87,-0.9986126020839734,0.052658056924614005
1.0,0.0,0.0,0.0,1144.83,1142.2071428571428,0.0,300.0,19.3,90.0,51.0,25.44,-0.9975590477788613,0.06982797572987089
1.0,0.0,0.0,0.0,1625.9,1189.8185714285714,0.0,300.0,19.066666666666666,73.0,42.0,28.05,-0.9945667569706337,0.1041007489354256
1.0,0.0,0.0,0.0,1320.96,1136.0371428571427,2.0,288.0,19.133333333333333,69.0,42.0,33.84,-0.9926289059345095,0.121193461470736
1.0,0.0,0.0,0.0,1517.75,1268.8757142857144,2.0,222.0,18.866666666666667,66.0,48.0,26.83,-0.9903973200352558,0.1382503109109819
1.0,0.0,0.0,0.0,1611.13,1345.5442857142857,15.0,115.0,19.366666666666667,77.0,41.0,27.57,-0.9850556718215013,0.172236243027682
1.0,0.0,0.0,0.0,1369.34,1362.4814285714285,9.0,37.0,18.933333333333334,61.0,46.0,27.98,-0.981947190186646,0.18915526872004093
1.0,0.0,0.0,0.0,1126.62,1388.0757142857144,22.0,87.0,17.933333333333334,74.0,43.0,25.0,-0.9708824104813836,0.23955655912092708
1.0,0.0,0.0,0.0,2052.75,1517.7785714285715,32.0,107.0,18.6,80.0,47.0,18.74,-0.9666180104000972,0.2562218218071163
1.0,0.0,0.0,0.0,1019.32,1431.1242857142856,27.0,147.0,18.666666666666668,75.0,46.0,22.39,-0.957232443323312,0.28931997761869527
1.0,0.0,0.0,0.0,2340.75,1576.8085714285714,47.0,159.0,20.233333333333334,67.0,43.0,23.67,-0.9521140536681102,0.3057430764672831
1.0,0.0,0.0,0.0,1022.97,1506.1257142857144,2.0,239.0,19.166666666666668,64.0,44.0,26.91,-0.9410336347451197,0.3383130181923076
1.0,0.0,0.0,0.0,1629.52,1508.752857142857,31.0,200.0,20.2,74.0,42.0,23.39,-0.9350748843515574,0.3544502230989869
1.0,0.0,0.0,0.0,1116.5,1472.6328571428571,41.0,209.0,21.133333333333333,89.0,43.0,18.11,-0.9288394302558068,0.3704825404820963
1.0,0.0,0.0,0.0,1023.62,1457.9185714285716,3.0,218.0,19.4,93.0,43.0,34.03,-0.9223291176290545,0.3864052261209853
1.0,0.0,0.0,0.0,2777.08,1561.3942857142858,4.0,273.0,19.433333333333334,100.0,47.0,29.61,-0.9084917035725082,0.41790288888678667
1.0,0.0,0.0,0.0,2043.09,1707.6471428571429,1.0,230.0,19.466666666666665,24.0,51.0,35.21,-0.9011686968561569,0.4334685453485363
1.0,0.0,0.0,0.0,591.5,1457.7542857142857,0.0,189.0,18.333333333333332,89.0,40.0,32.85,-0.8935790198239952,0.4489059314938798
1.0,0.0,0.0,0.0,1842.12,1574.775714285714,9.0,177.0,18.633333333333333,58.0,43.0,28.95,-0.8776087166898392,0.4793776594606945
1.0,0.0,0.0,0.0,1066.16,1494.2957142857142,0.0,214.0,17.833333333333332,72.0,50.0,28.32,-0.8605996962501181,0.5092820071573356
1.0,0.0,0.0,0.0,1447.69,1541.6085714285714,40.0,107.0,18.933333333333334,75.0,47.0,22.59,-0.8517119107469189,0.5240103253675756
1.0,0.0,0.0,0.0,1118.04,1555.097142857143,29.0,143.0,19.833333333333332,39.0,46.0,25.44,-0.8425720899866032,0.5385835804920232
1.0,0.0,0.0,0.0,1530.8,1377.0571428571427,106.0,194.0,22.533333333333335,73.0,46.0,11.36,-0.8235472349556007,0.5672476988027229
1.0,0.0,0.0,0.0,547.14,1163.35,2.0,279.0,21.866666666666667,78.0,46.0,34.15,-0.8136678304455991,0.5813300798152042
1.0,0.0,0.0,0.0,1784.88,1333.8328571428572,1.0,272.0,21.9,77.0,45.0,32.65,-0.8035476485339116,0.5952404359043674
1.0,0.0,0.0,0.0,2157.95,1378.9514285714286,41.0,201.0,23.266666666666666,95.0,46.0,21.78,-0.7931896839451843,0.6089746507720486
1.0,0.0,0.0,0.0,1895.54,1497.4342857142858,1.0,242.0,23.3,82.0,49.0,34.32,-0.7825970017677834,0.6225286602431057
1.0,0.0,0.0,0.0,1927.59,1565.9914285714283,0.0,203.0,22.9,39.0,47.0,34.67,-0.7717727365467836,0.6358984534680745
1.0,0.0,0.0,0.0,1418.84,1608.962857142857,24.0,174.0,22.133333333333333,68.0,53.0,21.44,-0.7607200913564104,0.6490800741100398
1.0,0.0,0.0,0.0,1035.18,1538.1599999999999,66.0,194.0,21.666666666666668,80.0,41.0,11.95,-0.7262249146041543,0.6874571793269664
1.0,0.0,0.0,0.0,1273.28,1641.8942857142858,2.0,259.0,18.633333333333333,71.0,44.0,35.96,-0.7142921172691032,0.699847677146407
1.0,0.0,0.0,0.0,1659.45,1623.9757142857143,2.0,222.0,18.7,50.0,52.0,28.76,-0.6897960046655887,0.7240037789593305
1.0,0.0,0.0,0.0,1035.36,1463.6057142857142,13.0,224.0,19.133333333333333,80.0,42.0,32.08,-0.6772399381909491,0.7357622347736527
1.0,0.0,0.0,0.0,1629.41,1425.587142857143,1.0,213.0,19.1,84.0,49.0,32.8,-0.6644834655228552,0.7473029667054296
1.0,0.0,0.0,0.0,1887.18,1419.814285714286,23.0,180.0,19.8,77.0,47.0,20.22,-0.6515303615068021,0.75862255966641
1.0,0.0,0.0,0.0,1625.19,1449.292857142857,90.0,85.0,22.3,71.0,46.0,14.2,-0.6250496486104377,0.7805849965070866
1.0,0.0,0.0,0.0,1443.24,1507.5871428571427,0.0,173.0,22.0,73.0,46.0,26.66,-0.6115298757991053,0.7912213413483807
1.0,0.0,0.0,0.0,2121.55,1628.7685714285715,20.0,170.0,21.933333333333334,30.0,47.0,34.13,-0.5978291414589552,0.801623551065242
1.0,0.0,0.0,0.0,680.96,1488.9842857142855,48.0,188.0,22.466666666666665,91.0,46.0,25.12,-0.5839514998576998,0.8117885474764613
1.0,0.0,0.0,0.0,1805.9,1599.0614285714287,3.0,223.0,21.666666666666668,77.0,54.0,27.44,-0.5699010576127624,0.8217133225960589
1.0,0.0,0.0,0.0,1531.92,1585.1342857142859,6.0,225.0,20.3,79.0,45.0,27.82,-0.5556819724760489,0.8313949395234058
1.0,0.0,0.0,0.0,1439.69,1521.207142857143,39.0,198.0,21.533333333333335,76.0,42.0,22.83,-0.5267547528105542,0.8500173118187018
1.0,0.0,0.0,0.0,1110.4,1447.6657142857146,11.0,183.0,20.866666666666667,86.0,43.0,29.19,-0.46706492487743034,0.8842230238742036
1.0,0.0,0.0,0.0,1631.5,1474.5600000000002,13.0,187.0,19.933333333333334,75.0,42.0,29.09,-0.42083100859565564,0.9071390534005044
1.0,0.0,0.0,0.0,1385.57,1369.42,43.0,161.0,21.266666666666666,70.0,47.0,20.31,-0.4051645224207563,0.9142437912130223
1.0,0.0,0.0,0.0,3494.52,1771.357142857143,21.0,162.0,21.833333333333332,37.0,39.0,14.95,-0.3893781415452015,0.9210779895789526
1.0,0.0,0.0,0.0,340.09,1561.955714285714,51.0,173.0,23.5,82.0,48.0,19.34,-0.37347653741307074,0.9276396261490467
1.0,0.0,0.0,0.0,1637.62,1577.0557142857142,1.0,211.0,23.533333333333335,88.0,46.0,28.06,-0.3251276029999093,0.9456701548465688
1.0,0.0,0.0,0.0,1678.92,1611.2314285714288,22.0,205.0,23.966666666666665,78.0,38.0,20.56,-0.29240597695107734,0.9562942772197719
1.0,0.0,0.0,0.0,978.44,1592.3799999999999,4.0,184.0,24.1,36.0,48.0,28.61,-0.27591294500296043,0.9611826292540837
1.0,0.0,0.0,0.0,700.4,1459.3657142857141,37.0,167.0,24.0,91.0,50.0,16.41,-0.2593382659754056,0.9657865518844574
1.0,0.0,0.0,0.0,1400.17,1461.4514285714286,0.0,153.0,23.033333333333335,79.0,45.0,25.7,-0.2426868445825954,0.9701046827361175
1.0,0.0,0.0,0.0,1773.1,1215.5342857142857,42.0,82.0,20.9,81.0,40.0,18.91,-0.22596360824801906,0.974135744004672
1.0,0.0,0.0,0.0,934.52,1300.452857142857,13.0,117.0,21.266666666666666,92.0,40.0,27.6,-0.20917350564635637,0.9778785428342386
1.0,0.0,0.0,0.0,1586.88,1293.2042857142858,27.0,129.0,22.133333333333333,80.0,43.0,14.99,-0.19232150523909483,0.9813319716704275
1.0,0.0,0.0,0.0,767.36,1162.9814285714285,35.0,145.0,21.933333333333334,75.0,41.0,23.59,-0.17541259380427843,0.9844950085880858
1.0,0.0,0.0,0.0,1132.16,1184.9414285714286,0.0,188.0,21.9,85.0,50.0,27.86,-0.14144406768794202,0.9899462489023779
1.0,0.0,0.0,0.0,1657.6,1321.6842857142856,10.0,158.0,22.233333333333334,79.0,46.0,28.15,-0.10730813165636247,0.9942258118156161
1.0,0.0,0.0,0.0,1871.08,1388.9571428571428,0.0,126.0,21.433333333333334,74.0,47.0,22.72,-0.09019000427034513,0.9959245770286599
1.0,0.0,0.0,0.0,1134.68,1297.7542857142857,16.0,121.0,19.766666666666666,46.0,49.0,29.54,-0.03869579017652689,0.9992510374388481
1.0,0.0,0.0,0.0,917.33,1295.2985714285714,0.0,107.0,19.7,82.0,49.0,28.83,-0.004300592702981974,0.9999907524084426
1.0,0.0,0.0,0.0,1642.98,1303.3128571428572,0.0,100.0,19.633333333333333,59.0,48.0,18.75,0.017201575418260506,0.9998520419557735
1.0,0.0,0.0,0.0,3559.08,1702.1299999999999,0.0,101.0,19.2,80.0,43.0,18.62,0.051584366869408364,0.9986686402879997
1.0,0.0,0.0,0.0,968.5,1678.75,0.0,55.0,19.166666666666668,80.0,44.0,20.25,0.06875540848113941,0.9976335468520451
1.0,0.0,0.0,0.0,1085.4,1597.0071428571428,0.0,31.0,18.4,27.0,47.0,21.7,0.08590610426133272,0.9963032375991965
1.0,0.0,0.0,0.0,398.48,1386.6357142857144,4.0,11.0,15.533333333333333,73.0,45.0,15.78,0.1201261651823505,0.9927586335250793
1.0,0.0,0.0,0.0,771.84,1334.8014285714285,0.0,15.0,15.533333333333333,75.0,46.0,19.11,0.1542040475626894,0.988039023376751
1.0,0.0,0.0,0.0,967.28,1341.9371428571428,6.0,4.0,15.066666666666666,66.0,45.0,12.0,0.18809941761179758,0.9821499931752291
1.0,0.0,0.0,0.0,518.76,1181.3342857142857,0.0,43.0,13.466666666666667,80.0,46.0,19.45,0.23851257519407648,0.9711394088771653
1.0,0.0,0.0,0.0,1050.3,822.9371428571428,8.0,44.0,13.633333333333333,92.0,46.0,21.78,0.2717767384711357,0.9623603298276545
1.0,0.0,0.0,0.0,1332.66,874.96,73.0,58.0,15.866666666666667,79.0,47.0,8.16,0.3373010691361842,0.9413968285264122
1.0,0.0,0.0,0.0,432.15,781.6385714285714,15.0,98.0,15.066666666666666,62.0,47.0,17.74,0.3534446712740877,0.9354554315134164
1.0,0.0,0.0,0.0,731.5,829.2128571428572,0.0,113.0,14.7,77.0,46.0,15.66,0.3694836834473831,0.9292372181882051
1.0,0.0,0.0,0.0,801.99,833.5199999999999,4.0,108.0,14.4,77.0,44.0,19.52,0.38541335945432564,0.9227440286201427
1.0,0.0,0.0,0.0,984.47,835.9757142857143,0.0,104.0,12.966666666666667,69.0,45.0,16.43,0.4169258813287287,0.908940487313808
1.0,0.0,0.0,0.0,742.77,867.9771428571429,0.0,92.0,12.266666666666667,45.0,45.0,21.49,0.4324994021339788,0.901634220265486
1.0,0.0,0.0,0.0,643.06,809.8000000000001,0.0,4.0,10.566666666666666,73.0,45.0,14.37,0.4784338202547012,0.8781236129591848
1.0,0.0,0.0,0.0,692.34,718.3257142857143,13.0,4.0,10.966666666666667,64.0,41.0,12.86,0.49346814167723735,0.8697638720650646
1.0,0.0,0.0,0.0,4186.38,1254.6442857142858,0.0,13.0,10.233333333333333,79.0,48.0,17.41,0.5083564379375122,0.8611467540480452
1.0,0.0,0.0,0.0,969.38,1288.6271428571429,0.0,13.0,10.1,70.0,53.0,14.63,0.5230943033491326,0.8522748088519838
1.0,0.0,0.0,0.0,737.28,1279.3828571428571,0.0,13.0,8.866666666666667,74.0,48.0,11.72,0.5521013427459208,0.8337770129585915
1.0,0.0,0.0,0.0,593.9,1223.587142857143,11.0,13.0,9.233333333333333,79.0,46.0,13.65,0.580454927809098,0.8142923779467267
1.0,0.0,0.0,0.0,727.65,1221.4271428571428,0.0,11.0,7.833333333333333,61.0,46.0,11.85,0.6081214998935418,0.7938439653781019
1.0,0.0,0.0,0.0,1189.8,1299.532857142857,0.0,11.0,7.4,66.0,48.0,12.92,0.6216868902665479,0.7832658619336791
1.0,0.0,0.0,0.0,588.57,1284.7085714285713,2.0,11.0,6.566666666666666,35.0,42.0,13.91,0.6350683134867438,0.7724559775191742
1.0,0.0,0.0,0.0,2332.55,1019.8757142857143,0.0,13.0,5.4,99.0,49.0,11.21,0.6482618097757122,0.7614175109532997
1.0,0.0,0.0,0.0,4329.9,1499.95,0.0,13.0,5.4,84.0,45.0,14.62,0.6740694616546161,0.7386679638813748
1.0,0.0,0.0,0.0,822.76,1512.1614285714284,0.0,2.0,5.066666666666666,70.0,50.0,13.87,0.6866759803451553,0.726963615332308
1.0,0.0,0.0,0.0,679.7,1524.4185714285716,0.0,2.0,5.066666666666666,58.0,40.0,13.26,0.6990793005655562,0.7150441465537444
1.0,0.0,0.0,0.0,488.31,1490.2271428571428,7.0,2.0,4.766666666666667,67.0,44.0,15.93,0.7112757519738152,0.7029130847082615
1.0,0.0,0.0,0.0,698.88,1420.0957142857144,0.0,9.0,4.766666666666667,42.0,48.0,12.26,0.7232617254437388,0.6905740195722293
1.0,0.0,0.0,0.0,352.78,1386.4114285714288,28.0,10.0,5.7,90.0,42.0,12.5,0.746588114532413,0.6652865452111116
1.0,0.0,0.0,0.0,1188.38,1222.9585714285713,15.0,38.0,6.2,79.0,45.0,15.24,0.7799125224167177,0.6258885343075018
1.0,0.0,0.0,0.0,788.62,717.0614285714286,3.0,53.0,6.3,97.0,41.0,16.9,0.7905633969115482,0.612380204990065
1.0,0.0,0.0,0.0,1057.15,750.5457142857142,0.0,49.0,6.3,35.0,53.0,16.91,0.8009803309782905,0.5986906625177214
1.0,0.0,0.0,0.0,426.24,714.3371428571429,9.0,18.0,6.466666666666667,84.0,42.0,14.9,0.8307970168121247,0.5565755266413303
1.0,0.0,0.0,0.0,795.02,758.1528571428571,0.0,27.0,6.466666666666667,71.0,47.0,14.59,0.8402480696078469,0.5422021592729844
1.0,0.0,0.0,0.0,688.94,756.7328571428573,0.0,27.0,6.266666666666667,87.0,40.0,17.89,0.8494504794814806,0.527668345562516
1.0,0.0,0.0,0.0,3512.06,1208.0585714285714,51.0,9.0,7.966666666666667,38.0,42.0,18.47,0.8670985522812081,0.4981366284784055
1.0,0.0,0.0,0.0,445.77,1101.9714285714285,4.0,60.0,7.833333333333333,71.0,45.0,20.94,0.8755389928586302,0.4831474640149687
1.0,0.0,0.0,0.0,1767.99,1241.8814285714286,4.0,64.0,5.533333333333333,73.0,44.0,24.0,0.8916401947968874,0.45274469960737107
1.0,0.0,0.0,0.0,1156.32,1256.0485714285714,26.0,69.0,5.9,54.0,41.0,15.04,0.9066860720977985,0.4218060770826634
1.0,0.0,0.0,0.0,937.62,1329.1028571428574,3.0,95.0,6.0,81.0,44.0,19.37,0.9138076496466615,0.4061472386305789
1.0,0.0,0.0,0.0,1051.23,1365.7042857142858,52.0,98.0,7.6,29.0,39.0,20.9,0.9206588168102428,0.3903682146763026
1.0,0.0,0.0,0.0,378.75,1321.3914285714286,0.0,99.0,7.6,70.0,53.0,20.53,0.9272375462179537,0.374473674486883
1.0,0.0,0.0,0.0,1027.46,966.4485714285713,16.0,95.0,8.133333333333333,60.0,51.0,18.28,0.9395699859530622,0.342356891994542
1.0,0.0,0.0,0.0,762.42,1011.6842857142856,0.0,107.0,8.133333333333333,98.0,50.0,23.15,0.945320046913132,0.3261441535642696
1.0,0.0,0.0,0.0,3507.3,1260.1571428571428,0.0,97.0,7.7,71.0,41.0,18.93,0.9507903724625832,0.3098349038318025
1.0,0.0,0.0,0.0,2141.44,1400.8885714285716,0.0,68.0,7.7,41.0,47.0,17.71,0.9608854255574977,0.27694620226893646
1.0,0.0,0.0,0.0,490.05,1336.95,10.0,0.0,8.033333333333333,79.0,45.0,17.48,0.9776530844816641,0.2102247521189836
1.0,0.0,0.0,0.0,2756.75,1580.5957142857144,0.0,10.0,8.033333333333333,85.0,47.0,15.91,0.981124629771712,0.19337647441020586
1.0,0.0,0.0,0.0,919.36,1657.8257142857144,0.0,0.0,7.666666666666667,0.0,0.0,0.0,0.984305844499033,0.17647097349152166
1.0,0.0,0.0,0.0,0.0,1511.0457142857144,0.0,0.0,7.666666666666667,0.0,0.0,0.0,0.9871957872910085,0.15951325197263655
1.0,0.0,0.0,0.0,0.0,1402.1285714285716,0.0,0.0,7.666666666666667,0.0,0.0,0.0,0.9897936029670716,0.14250832791617088
1.0,0.0,0.0,0.0,0.0,901.0857142857142,0.0,0.0,7.6,0.0,0.0,0.0,0.992098522791769,0.12546123335273648
1.0,0.0,0.0,0.0,0.0,595.1657142857142,0.0,0.0,7.6,0.0,0.0,0.0,0.9941098647022418,0.10837701279187609
1.0,0.0,0.0,0.0,0.0,525.1585714285715,0.0,0.0,7.6,0.0,0.0,0.0,0.9958270335100595,0.09126072172931188
1.0,0.0,0.0,0.0,0.0,131.33714285714285,0.0,0.0,7.6,0.0,0.0,0.0,0.9972495210773451,0.07411742515094437
1.0,0.0,0.0,0.0,0.0,0.0,0.0,0.0,7.6,0.0,0.0,0.0,0.998376906467142,0.056952196034039754
1.0,0.0,0.0,0.0,0.0,0.0,0.0,0.0,7.366666666666666,0.0,0.0,0.0,0.9992088560679753,0.03977011384605572
1.0,0.0,0.0,0.0,0.0,0.0,0.0,0.0,7.366666666666666,0.0,0.0,0.0,0.9997451236925734,0.022576263041545485
1.0,0.0,0.0,0.0,0.0,0.0,0.0,0.0,6.433333333333334,0.0,0.0,0.0,0.9999855506507186,0.005375731557583884
1.0,0.0,0.0,0.0,0.0,0.0,0.0,0.0,5.933333333333334,0.0,0.0,0.0,0.9999300657962057,-0.011826390691832589
1.0,0.0,0.0,0.0,0.0,0.0,0.0,0.0,5.833333333333333,0.0,0.0,0.0,0.9995786855478958,-0.029025013321975237
1.0,0.0,0.0,0.0,0.0,0.0,0.0,0.0,5.833333333333333,0.0,0.0,0.0,0.9989315138848577,-0.046215046983708354
1.0,0.0,0.0,0.0,0.0,0.0,0.0,0.0,5.533333333333333,0.0,0.0,0.0,0.9967506498213929,-0.08054900421874167
1.0,0.0,0.0,0.0,0.0,0.0,0.0,0.0,5.533333333333333,0.0,0.0,0.0,0.9952176027737294,-0.09768276782171598
1.0,0.0,0.0,0.0,0.0,0.0,0.0,0.0,5.533333333333333,0.0,0.0,0.0,0.9933900548258936,-0.11478762552212701
1.0,0.0,0.0,0.0,0.0,0.0,0.0,0.0,3.8333333333333335,0.0,0.0,0.0,0.9888537064205885,-0.1488903868564548
1.0,0.0,0.0,0.0,0.0,0.0,0.0,0.0,3.7,0.0,0.0,0.0,0.986146248341595,-0.16587819893463143
1.0,0.0,0.0,0.0,0.0,0.0,0.0,0.0,3.566666666666667,0.0,0.0,0.0,0.9831469737221499,-0.1828169249850199
1.0,0.0,0.0,0.0,0.0,0.0,0.0,0.0,2.7,0.0,0.0,0.0,0.9762766110869321,-0.21652708524481437
1.0,0.0,0.0,0.0,0.0,0.0,0.0,0.0,2.6,0.0,0.0,0.0,0.9724075561219968,-0.23328854407545518
1.0,0.0,0.0,0.0,0.0,0.0,0.0,0.0,0.8666666666666667,0.0,0.0,0.0,0.9682507501166718,-0.2499809690726521
1.0,0.0,0.0,0.0,0.0,0.0,0.0,0.0,0.8666666666666667,0.0,0.0,0.0,0.9590788900341131,-0.28313898122818354
1.0,0.0,0.0,0.0,0.0,0.0,0.0,0.0,0.3333333333333333,0.0,0.0,0.0,0.9540665500578387,-0.2995947563972602
1.0,0.0,0.0,0.0,0.0,0.0,0.0,0.0,0.3333333333333333,0.0,0.0,0.0,0.9487718864399473,-0.31596187665790293
1.0,0.0,0.0,0.0,0.0,0.0,0.0,0.0,0.3333333333333333,0.0,0.0,0.0,0.9431964659565866,-0.33223549871590435
1.0,0.0,0.0,0.0,0.0,0.0,0.0,0.0,0.3333333333333333,0.0,0.0,0.0,0.9312100364121947,-0.3644830148102912
1.0,0.0,0.0,0.0,0.0,0.0,0.0,0.0,0.0,0.0,0.0,0.0,0.9248025743285089,-0.38044736628785164
1.0,0.0,0.0,0.0,0.0,0.0,0.0,0.0,0.0,0.0,0.0,0.0,0.9181214482844364,-0.39629913726891813
1.0,0.0,0.0,0.0,0.0,0.0,0.0,0.0,0.0,0.0,0.0,0.0,0.9111686353326631,-0.41203363695942635
1.0,0.0,0.0,0.0,0.0,0.0,0.0,0.0,0.0,0.0,0.0,0.0,0.9039461929224011,-0.42764620926777464
1.0,0.0,0.0,0.0,0.0,0.0,0.0,0.0,0.0,0.0,0.0,0.0,0.8964562582905575,-0.44313223418263453
1.0,0.0,0.0,0.0,0.0,0.0,0.0,0.0,0.0,0.0,0.0,0.0,0.8806828564301475,-0.47370635037968
1.0,0.0,0.0,0.0,0.0,0.0,0.0,0.0,0.0,0.0,0.0,0.0,0.8638670987837349,-0.503719798736334
1.0,0.0,0.0,0.0,0.0,0.0,0.0,0.0,0.0,0.0,0.0,0.0,0.8550745085896932,-0.518505144391157
1.0,0.0,0.0,0.0,0.0,0.0,0.0,0.0,0.0,0.0,0.0,0.0,0.8367329140344921,-0.5476112038402312
1.0,0.0,0.0,0.0,0.0,0.0,0.0,0.0,0.0,0.0,0.0,0.0,0.8073707443023492,-0.5900444739548627
1.0,0.0,0.0,0.0,0.0,0.0,0.0,0.0,0.0,0.0,0.0,0.0,0.7971015927871943,-0.6038452208771035
1.0,0.0,0.0,0.0,0.0,0.0,0.0,0.0,0.0,0.0,0.0,0.0,0.7758587728069828,-0.6309066211876704
1.0,0.0,0.0,0.0,0.0,0.0,0.0,0.0,0.0,0.0,0.0,0.0,0.7648913904341225,-0.6441592666722685
1.0,0.0,0.0,0.0,0.0,0.0,0.0,0.0,0.0,0.0,0.0,0.0,0.753697664392914,-0.6572212950663319
1.0,0.0,0.0,0.0,0.0,0.0,0.0,0.0,0.0,0.0,0.0,0.0,0.742280907086982,-0.6700888411055113
1.0,0.0,0.0,0.0,0.0,0.0,0.0,0.0,0.0,0.0,0.0,0.0,0.7187918772884232,-0.6952253139408722
1.0,0.0,0.0,0.0,0.0,0.0,0.0,0.0,0.0,0.0,0.0,0.0,0.7067265555776158,-0.7074868024503348
1.0,0.0,0.0,0.0,0.0,0.0,0.0,0.0,0.0,0.0,0.0,0.0,0.6692903895412567,-0.7430009249440493
1.0,0.0,0.0,0.0,0.0,0.0,0.0,0.0,0.0,0.0,0.0,0.0,0.6564105761979381,-0.7544038410927472
1.0,0.0,0.0,0.0,0.0,0.0,0.0,0.0,0.0,0.0,0.0,0.0,0.6166212130956382,-0.7872599821916922
1.0,0.0,0.0,0.0,0.0,0.0,0.0,0.0,0.0,0.0,0.0,0.0,0.6029878670694714,-0.7977503570459932
1.0,0.0,0.0,0.0,0.0,0.0,0.0,0.0,0.0,0.0,0.0,0.0,0.5891760872322963,-0.8080046647350754
1.0,0.0,0.0,0.0,0.0,0.0,0.0,0.0,0.0,0.0,0.0,0.0,0.5610336262283677,-0.8277930117131022
1.0,0.0,0.0,0.0,0.0,0.0,0.0,0.0,0.0,0.0,0.0,0.0,0.5175855102531889,-0.8556314858488706
1.0,0.0,0.0,0.0,0.0,0.0,0.0,0.0,0.0,0.0,0.0,0.0,0.5027907197793043,-0.8644081744776648
1.0,0.0,0.0,0.0,0.0,0.0,0.0,0.0,0.0,0.0,0.0,0.0,0.4878471454423119,-0.8729290708206411
1.0,0.0,0.0,0.0,0.0,0.0,0.0,0.0,0.0,0.0,0.0,0.0,0.47275920928627757,-0.881191653407483
1.0,0.0,0.0,0.0,0.0,0.0,0.0,0.0,0.0,0.0,0.0,0.0,0.44216815196707204,-0.8969321743510065
1.0,0.0,0.0,0.0,0.0,0.0,0.0,0.0,0.0,0.0,0.0,0.0,0.42667408318992467,-0.9044054548343001
1.0,0.0,0.0,0.0,0.0,0.0,0.0,0.0,0.0,0.0,0.0,0.0,0.4110537546870351,-0.9116111071930239
1.0,0.0,0.0,0.0,0.0,0.0,0.0,0.0,0.0,0.0,0.0,0.0,0.3953117887649151,-0.9185469991587165
1.0,0.0,0.0,0.0,0.0,0.0,0.0,0.0,0.0,0.0,0.0,0.0,0.36348161248290634,-0.9316013725767187
1.0,0.0,0.0,0.0,0.0,0.0,0.0,0.0,0.0,0.0,0.0,0.0,0.3474028211842774,-0.9377159910299093
1.0,0.0,0.0,0.0,0.0,0.0,0.0,0.0,0.0,0.0,0.0,0.0,0.3312212278016865,-0.9435531242349544
1.0,0.0,0.0,0.0,0.0,0.0,0.0,0.0,0.0,0.0,0.0,0.0,0.26556302780405594,-0.9640935007889755
1.0,0.0,0.0,0.0,0.0,0.0,0.0,0.0,0.0,0.0,0.0,0.0,0.23224292400907015,-0.9726578145718654
1.0,0.0,0.0,0.0,0.0,0.0,0.0,0.0,0.0,0.0,0.0,0.0,0.21547731504673012,-0.976508846196619
1.0,0.0,0.0,0.0,0.0,0.0,0.0,0.0,0.0,0.0,0.0,0.0,0.19864794288017112,-0.9800709131432666
1.0,0.0,0.0,0.0,0.0,0.0,0.0,0.0,0.0,0.0,0.0,0.0,0.18175978759137534,-0.9833429613388902
1.0,0.0,0.0,0.0,0.0,0.0,0.0,0.0,0.0,0.0,0.0,0.0,0.14782713347053048,-0.9890132145779883
1.0,0.0,0.0,0.0,0.0,0.0,0.0,0.0,0.0,0.0,0.0,0.0,0.13079267585675922,-0.9914097417023038
1.0,0.0,0.0,0.0,0.0,0.0,0.0,0.0,0.0,0.0,0.0,0.0,0.11371951458594969,-0.9935128947338007
1.0,0.0,0.0,0.0,0.0,0.0,0.0,0.0,0.0,0.0,0.0,0.0,0.0966127018812031,-0.9953220513156602
1.0,0.0,0.0,0.0,0.0,0.0,0.0,0.0,0.0,0.0,0.0,0.0,0.07947729992362097,-0.9968366760893436
1.0,0.0,0.0,0.0,0.0,0.0,0.0,0.0,0.0,0.0,0.0,0.0,0.062318379354325076,-0.998056320853012
1.0,0.0,0.0,0.0,0.0,0.0,0.0,0.0,0.0,0.0,0.0,0.0,0.02795029824021032,-0.999609314096404
1.0,0.0,0.0,0.0,0.0,0.0,0.0,0.0,0.0,0.0,0.0,0.0,0.01075130776352193,-0.9999422030204416
1.0,0.0,0.0,0.0,0.0,0.0,9.0,0.0,0.3,14.0,43.0,3.79,-0.00645086419810515,-0.9999791929590823
1.0,0.0,0.0,0.0,34.19,4.884285714285714,11.0,9.0,0.6666666666666666,12.0,43.0,4.17,-0.023651127245231586,-0.9997202729664083
1.0,0.0,0.0,0.0,32.25,9.491428571428571,14.0,20.0,1.1333333333333333,17.0,50.0,5.41,-0.04084439154329611,-0.9991655196610109
1.0,0.0,0.0,0.0,62.1,18.36285714285714,20.0,50.0,1.8,18.0,46.0,7.17,-0.1435724234118113,-0.9896398128792412
1.0,0.0,0.0,0.0,86.43,30.71,0.0,59.0,1.8,19.0,44.0,6.68,-0.16057454459499376,-0.9870237158387383
1.0,0.0,0.0,0.0,84.45,42.77428571428572,0.0,45.0,1.8,23.0,47.0,6.61,-0.17752914918703497,-0.984115542601034
1.0,0.0,0.0,0.0,104.12,57.64857142857143,10.0,45.0,2.1333333333333333,10.0,42.0,6.4,-0.19443122004766195,-0.9809161537413774
1.0,0.0,0.0,0.0,39.68,63.31714285714286,39.0,75.0,3.433333333333333,25.0,45.0,5.0,-0.2280577712215198,-0.9736476020539838
1.0,0.0,0.0,0.0,81.88,70.13,11.0,114.0,3.8,26.0,46.0,8.46,-0.24477230089725957,-0.9695805901076308
1.0,0.0,0.0,0.0,146.3,86.42285714285715,0.0,119.0,3.8,21.0,46.0,8.43,-0.2614143985111562,-0.965226663665613
1.0,0.0,0.0,0.0,119.48,94.62,17.0,99.0,4.366666666666666,28.0,41.0,7.86,-0.2779791393987801,-0.9605871111248129
1.0,0.0,0.0,0.0,138.6,102.07285714285715,8.0,131.0,4.633333333333334,11.0,39.0,8.64,-0.3108569682435036,-0.9504567035349151
1.0,0.0,0.0,0.0,59.85,98.55857142857143,20.0,129.0,5.3,30.0,43.0,7.37,-0.3271603271220951,-0.9449688462364056
1.0,0.0,0.0,0.0,142.55,104.04857142857144,44.0,71.0,6.766666666666667,19.0,44.0,8.53,-0.3594718130884232,-0.9331559438780432
1.0,0.0,0.0,0.0,103.68,113.19142857142857,63.0,104.0,8.866666666666667,27.0,45.0,2.93,-0.3754703786876202,-0.9268343944460494
1.0,0.0,0.0,0.0,51.35,108.83000000000001,0.0,167.0,8.866666666666667,31.0,48.0,8.13,-0.3913578365610259,-0.9202385798054075
1.0,0.0,0.0,0.0,170.1,112.23,36.0,151.0,10.066666666666666,17.0,46.0,8.29,-0.4227806579826773,-0.9062320427107697
1.0,0.0,0.0,0.0,93.77,108.55714285714285,2.0,228.0,10.133333333333333,28.0,43.0,11.82,-0.46896519100763184,-0.8832166493127127
1.0,0.0,0.0,0.0,215.15,119.49285714285713,9.0,186.0,10.433333333333334,35.0,44.0,11.0,-0.48408852163897587,-0.8750190302029955
1.0,0.0,0.0,0.0,252.18,146.96857142857144,10.0,132.0,10.766666666666667,33.0,47.0,9.85,-0.4990686026885319,-0.8665624788845385
1.0,0.0,0.0,0.0,212.88,157.01571428571427,0.0,142.0,10.766666666666667,35.0,49.0,11.2,-0.5139010013093103,-0.8578494977869301
1.0,0.0,0.0,0.0,268.52,180.56428571428572,7.0,119.0,11.0,35.0,46.0,11.11,-0.5431052396834317,-0.8396646346181327
1.0,0.0,0.0,0.0,260.63,210.46142857142854,5.0,91.0,11.166666666666666,40.0,43.0,10.57,-0.5574684374327892,-0.8301981337405212
1.0,0.0,0.0,0.0,272.83,225.13714285714286,16.0,62.0,11.7,45.0,44.0,10.98,-0.5716666713027052,-0.8204859638785327
1.0,0.0,0.0,0.0,321.1,257.61285714285714,0.0,76.0,11.7,38.0,45.0,10.87,-0.5856957398073508,-0.8105309990194823
1.0,0.0,0.0,0.0,270.51,265.52142857142854,45.0,67.0,13.2,36.0,46.0,8.78,-0.5995514915196489,-0.8003361849976323
1.0,0.0,0.0,0.0,208.56,259.29,19.0,102.0,13.833333333333334,48.0,44.0,9.69,-0.6132298262997502,-0.7899045386224707
1.0,0.0,0.0,0.0,299.93,271.7257142857143,0.0,121.0,13.833333333333334,15.0,49.0,12.87,-0.6267266965083301,-0.7792391467859886
1.0,0.0,0.0,0.0,133.17,252.39000000000001,25.0,88.0,14.666666666666666,37.0,40.0,9.22,-0.65316012232693,-0.7572198192083127
1.0,0.0,0.0,0.0,209.72,245.11714285714288,5.0,108.0,14.833333333333334,40.0,51.0,13.35,-0.666088855860977,-0.7458723993404063
1.0,0.0,0.0,0.0,373.8,259.5414285714286,0.0,52.0,14.533333333333333,44.0,50.0,12.27,-0.7036774074790128,-0.7105196029692745
1.0,0.0,0.0,0.0,375.3,267.2842857142857,0.0,33.0,14.166666666666666,30.0,44.0,13.73,-0.7157953492826642,-0.6983101158835584
1.0,0.0,0.0,0.0,269.86,267.1914285714286,54.0,38.0,15.5,48.0,41.0,9.85,-0.7393922635959241,-0.673274892250183
1.0,0.0,0.0,0.0,293.26,279.2914285714286,0.0,67.0,14.833333333333334,51.0,50.0,12.29,-0.7508642533989489,-0.6604565640279754
1.0,0.0,0.0,0.0,435.77,298.69714285714286,15.0,62.0,15.333333333333334,44.0,50.0,11.93,-0.7621140503891487,-0.6474427960827475
1.0,0.0,0.0,0.0,357.0,330.67285714285714,27.0,77.0,16.233333333333334,63.0,40.0,10.46,-0.7839338166829201,-0.620844401650647
1.0,0.0,0.0,0.0,411.88,359.55285714285714,0.0,104.0,15.9,15.0,48.0,13.73,-0.7944973291665992,-0.6072676460566135
1.0,0.0,0.0,0.0,140.08,326.1642857142857,0.0,104.0,14.6,43.0,42.0,15.42,-0.8048257371083452,-0.593511190196115
1.0,0.0,0.0,0.0,434.27,334.5885714285714,0.0,96.0,14.233333333333333,39.0,48.0,17.1,-0.8149159841660791,-0.5795791048257612
1.0,0.0,0.0,0.0,453.56,360.83142857142855,17.0,55.0,14.8,48.0,43.0,14.94,-0.8437282590292712,-0.5367705514607103
1.0,0.0,0.0,0.0,466.05,385.5157142857143,0.0,72.0,14.233333333333333,45.0,45.0,16.49,-0.8528367217694595,-0.522177676659508
1.0,0.0,0.0,0.0,489.72,393.2228571428572,9.0,45.0,14.266666666666667,30.0,44.0,15.3,-0.8616928164028522,-0.5074302810827518
1.0,0.0,0.0,0.0,293.76,384.18857142857144,8.0,54.0,13.866666666666667,47.0,42.0,17.36,-0.8702939222685674,-0.49253272872205434
1.0,0.0,0.0,0.0,510.0,398.2057142857143,0.0,62.0,12.4,56.0,51.0,19.89,-0.8786374941610001,-0.4774894280028391
1.0,0.0,0.0,0.0,785.37,490.39,14.0,52.0,10.766666666666667,55.0,45.0,18.85,-0.8945422369764496,-0.4469834295196741
1.0,0.0,0.0,0.0,689.61,526.8671428571429,6.0,49.0,10.966666666666667,59.0,40.0,17.59,-0.9020987014301837,-0.43152975897147144
1.0,0.0,0.0,0.0,653.94,555.4928571428571,5.0,83.0,9.933333333333334,61.0,47.0,21.34,-0.9296339319682695,-0.3684843993077793
1.0,0.0,0.0,0.0,891.87,616.3242857142858,26.0,129.0,10.733333333333333,51.0,48.0,14.84,-0.9474042892438845,-0.32003923622313857
1.0,0.0,0.0,0.0,1803.19,803.9628571428572,40.0,111.0,11.766666666666667,52.0,39.0,16.98,-0.9626519747161487,-0.2707418984477642
1.0,0.0,0.0,0.0,1152.04,926.5742857142857,35.0,128.0,12.6,79.0,50.0,16.06,-0.9671667297977312,-0.2541427094613622
1.0,0.0,0.0,0.0,869.27,977.8985714285716,7.0,182.0,12.833333333333334,58.0,51.0,19.55,-0.9753363880767837,-0.2207236509605022
1.0,0.0,0.0,0.0,771.12,975.8628571428571,0.0,163.0,12.6,78.0,50.0,20.77,-0.9823516608469237,-0.18704334906991657
1.0,0.0,0.0,0.0,1125.9,1038.19,1.0,276.0,12.466666666666667,74.0,50.0,26.0,-0.9882042449941422,-0.15314166701312007
1.0,0.0,0.0,0.0,1317.94,1133.047142857143,0.0,202.0,11.933333333333334,75.0,46.0,25.32,-0.9928872135356962,-0.11905873003404988
1.0,0.0,0.0,0.0,4233.84,1610.4714285714285,2.0,162.0,12.0,82.0,49.0,26.61,-0.994788305609327,-0.10196189005174576
1.0,0.0,0.0,0.0,1483.76,1564.8385714285716,27.0,136.0,11.4,54.0,43.0,20.93,-0.9977068927101168,-0.06768276175455162
1.0,0.0,0.0,0.0,717.55,1502.7685714285715,22.0,163.0,11.5,40.0,46.0,18.02,-0.9987235240803972,-0.050510617185222886
1.0,0.0,0.0,0.0,3469.4700000000003,1874.2257142857143,20.0,71.0,12.166666666666666,82.0,43.0,20.76,-0.9994446170919858,-0.033323525711631344
1.0,0.0,0.0,0.0,1106.3,1922.1085714285716,1.0,117.0,11.366666666666667,81.0,53.0,26.49,-0.9999994220246925,0.001075151282798226
1.0,0.0,0.0,0.0,1534.39,1980.4642857142858,21.0,118.0,11.9,71.0,44.0,22.08,-0.999832969770105,0.018276557681691223
1.0,0.0,0.0,0.0,4497.88,2434.741428571429,97.0,157.0,15.133333333333333,59.0,39.0,10.98,-0.9986126020839734,0.052658056924614005
1.0,0.0,0.0,0.0,395.28,1886.3757142857144,0.0,0.0,15.133333333333333,0.0,0.0,0.0,-0.9975590477788613,0.06982797572987089
1.0,0.0,0.0,0.0,0.0,1674.41,0.0,0.0,13.333333333333334,0.0,0.0,0.0,-0.9962102997023297,0.0869772313136861
1.0,0.0,0.0,0.0,0.0,1571.9028571428573,0.0,0.0,13.333333333333334,0.0,0.0,0.0,-0.9945667569706337,0.1041007489354256
1.0,0.0,0.0,0.0,0.0,1076.2642857142857,0.0,0.0,12.833333333333334,0.0,0.0,0.0,-0.9926289059345095,0.121193461470736
1.0,0.0,0.0,0.0,0.0,918.2214285714288,0.0,0.0,11.933333333333334,0.0,0.0,0.0,-0.9903973200352558,0.1382503109109819
1.0,0.0,0.0,0.0,0.0,699.0228571428572,0.0,0.0,11.933333333333334,0.0,0.0,0.0,-0.9878726596350429,0.15526624985999563
1.0,0.0,0.0,0.0,0.0,56.46857142857156,0.0,0.0,11.933333333333334,0.0,0.0,0.0,-0.981947190186646,0.18915526872004093
1.0,0.0,0.0,0.0,0.0,0.0,0.0,0.0,11.933333333333334,0.0,0.0,0.0,-0.9785481345802031,0.20601832032517084
1.0,0.0,0.0,0.0,0.0,0.0,0.0,0.0,11.366666666666667,0.0,0.0,0.0,-0.9748595108374125,0.22282040779479959
1.0,0.0,0.0,0.0,0.0,0.0,0.0,0.0,11.366666666666667,0.0,0.0,0.0,-0.9666180104000972,0.2562218218071163
1.0,0.0,0.0,0.0,0.0,0.0,0.0,0.0,11.066666666666666,0.0,0.0,0.0,-0.9410336347451197,0.3383130181923076
1.0,0.0,0.0,0.0,0.0,0.0,0.0,0.0,10.8,0.0,0.0,0.0,-0.9350748843515574,0.3544502230989869
1.0,0.0,0.0,0.0,0.0,0.0,0.0,0.0,10.8,0.0,0.0,0.0,-0.9288394302558068,0.3704825404820963
1.0,0.0,0.0,0.0,0.0,0.0,0.0,0.0,10.333333333333334,0.0,0.0,0.0,-0.9223291176290545,0.3864052261209853
1.0,0.0,0.0,0.0,0.0,0.0,0.0,0.0,10.133333333333333,0.0,0.0,0.0,-0.8935790198239952,0.4489059314938798
1.0,0.0,0.0,0.0,0.0,0.0,0.0,0.0,9.966666666666667,0.0,0.0,0.0,-0.8857249183835637,0.4642104791518923
1.0,0.0,0.0,0.0,0.0,0.0,0.0,0.0,9.1,0.0,0.0,0.0,-0.8776087166898392,0.4793776594606945
1.0,0.0,0.0,0.0,0.0,0.0,0.0,0.0,7.766666666666667,0.0,0.0,0.0,-0.8692328164574792,0.49440298420761813
1.0,0.0,0.0,0.0,0.0,0.0,0.0,0.0,6.6,0.0,0.0,0.0,-0.8605996962501181,0.5092820071573356
1.0,0.0,0.0,0.0,0.0,0.0,0.0,0.0,6.366666666666666,0.0,0.0,0.0,-0.8517119107469189,0.5240103253675756
1.0,0.0,0.0,0.0,0.0,0.0,0.0,0.0,6.366666666666666,0.0,0.0,0.0,-0.8425720899866032,0.5385835804920232
1.0,0.0,0.0,0.0,0.0,0.0,0.0,0.0,6.333333333333333,0.0,0.0,0.0,-0.8331829385891785,0.5529974600700271
1.0,0.0,0.0,0.0,0.0,0.0,0.0,0.0,6.333333333333333,0.0,0.0,0.0,-0.8235472349556007,0.5672476988027229
1.0,0.0,0.0,0.0,0.0,0.0,0.0,0.0,6.266666666666667,0.0,0.0,0.0,-0.8035476485339116,0.5952404359043674
1.0,0.0,0.0,0.0,0.0,0.0,0.0,0.0,5.366666666666666,0.0,0.0,0.0,-0.7931896839451843,0.6089746507720486
1.0,0.0,0.0,0.0,0.0,0.0,0.0,0.0,4.633333333333334,0.0,0.0,0.0,-0.7717727365467836,0.6358984534680745
1.0,0.0,0.0,0.0,0.0,0.0,0.0,0.0,3.966666666666667,0.0,0.0,0.0,-0.7607200913564104,0.6490800741100398
1.0,0.0,0.0,0.0,0.0,0.0,0.0,0.0,3.933333333333333,0.0,0.0,0.0,-0.7379428103031386,0.6748632518680403
1.0,0.0,0.0,0.0,0.0,0.0,0.0,0.0,3.2333333333333334,0.0,0.0,0.0,-0.7142921172691032,0.699847677146407
1.0,0.0,0.0,0.0,0.0,0.0,0.0,0.0,0.0,0.0,0.0,0.0,-0.7021479494046978,0.7120310787787131
1.0,0.0,0.0,0.0,0.0,0.0,0.0,0.0,0.0,0.0,0.0,0.0,-0.6897960046655887,0.7240037789593305
1.0,0.0,0.0,0.0,0.0,0.0,0.0,0.0,0.0,0.0,0.0,0.0,-0.6644834655228552,0.7473029667054296
1.0,0.0,0.0,0.0,0.0,0.0,0.0,0.0,0.0,0.0,0.0,0.0,-0.6383844591746642,0.7697176640069211
1.0,0.0,0.0,0.0,0.0,0.0,0.0,0.0,0.0,0.0,0.0,0.0,-0.6250496486104377,0.7805849965070866
1.0,0.0,0.0,0.0,0.0,0.0,0.0,0.0,0.0,0.0,0.0,0.0,-0.6115298757991053,0.7912213413483807
1.0,0.0,0.0,0.0,0.0,0.0,0.0,0.0,0.0,0.0,0.0,0.0,-0.5699010576127624,0.8217133225960589
1.0,0.0,0.0,0.0,0.0,0.0,0.0,0.0,0.0,0.0,0.0,0.0,-0.5556819724760489,0.8313949395234058
1.0,0.0,0.0,0.0,0.0,0.0,0.0,0.0,0.0,0.0,0.0,0.0,-0.5412984521036173,0.8408305333122887
1.0,0.0,0.0,0.0,0.0,0.0,0.0,0.0,0.0,0.0,0.0,0.0,-0.5267547528105542,0.8500173118187018
1.0,0.0,0.0,0.0,0.0,0.0,0.0,0.0,0.0,0.0,0.0,0.0,-0.5120551783114646,0.8589525565270845
1.0,0.0,0.0,0.0,0.0,0.0,0.0,0.0,0.0,0.0,0.0,0.0,-0.4972040784469378,0.8676336233547726
1.0,0.0,0.0,0.0,0.0,0.0,0.0,0.0,0.0,0.0,0.0,0.0,-0.4822058478963526,0.8760579434344281
1.0,0.0,0.0,0.0,0.0,0.0,0.0,0.0,0.0,0.0,0.0,0.0,-0.46706492487743034,0.8842230238742036
1.0,0.0,0.0,0.0,0.0,0.0,0.0,0.0,0.0,0.0,0.0,0.0,-0.451785789832884,0.8921264484954345
1.0,0.0,0.0,0.0,0.0,0.0,0.0,0.0,0.0,0.0,0.0,0.0,-0.4363729641045924,0.8997658785476209
1.0,0.0,0.0,0.0,0.0,0.0,0.0,0.0,0.0,0.0,0.0,0.0,-0.42083100859565564,0.9071390534005044
1.0,0.0,0.0,0.0,0.0,0.0,0.0,0.0,0.0,0.0,0.0,0.0,-0.4051645224207563,0.9142437912130223
1.0,0.0,0.0,0.0,0.0,0.0,0.0,0.0,0.0,0.0,0.0,0.0,-0.3893781415452015,0.9210779895789526
1.0,0.0,0.0,0.0,0.0,0.0,0.0,0.0,0.0,0.0,0.0,0.0,-0.37347653741307074,0.9276396261490467
1.0,0.0,0.0,0.0,0.0,0.0,0.0,0.0,0.0,0.0,0.0,0.0,-0.3574644155648614,0.9339267592294762
1.0,0.0,0.0,0.0,0.0,0.0,0.0,0.0,0.0,0.0,0.0,0.0,-0.34134651424503615,0.9399375283564133
1.0,0.0,0.0,0.0,0.0,0.0,0.0,0.0,0.0,0.0,0.0,0.0,-0.3251276029999093,0.9456701548465688
1.0,0.0,0.0,0.0,0.0,0.0,0.0,0.0,0.0,0.0,0.0,0.0,-0.30881248126625377,0.9511229423235357
1.0,0.0,0.0,0.0,0.0,0.0,0.0,0.0,0.0,0.0,0.0,0.0,-0.27591294500296043,0.9611826292540837
1.0,0.0,0.0,0.0,0.0,0.0,0.0,0.0,0.0,0.0,0.0,0.0,-0.2593382659754056,0.9657865518844574
1.0,0.0,0.0,0.0,0.0,0.0,0.0,0.0,0.0,0.0,0.0,0.0,-0.2426868445825954,0.9701046827361175
1.0,0.0,0.0,0.0,0.0,0.0,0.0,0.0,0.0,0.0,0.0,0.0,-0.20917350564635637,0.9778785428342386
1.0,0.0,0.0,0.0,0.0,0.0,0.0,0.0,0.0,0.0,0.0,0.0,-0.19232150523909483,0.9813319716704275
1.0,0.0,0.0,0.0,0.0,0.0,0.0,0.0,0.0,0.0,0.0,0.0,-0.17541259380427843,0.9844950085880858
1.0,0.0,0.0,0.0,0.0,0.0,0.0,0.0,0.0,0.0,0.0,0.0,-0.15845177496083632,0.9873667175937016
1.0,0.0,0.0,0.0,0.0,0.0,0.0,0.0,0.0,0.0,0.0,0.0,-0.14144406768794202,0.9899462489023779
1.0,0.0,0.0,0.0,0.0,0.0,0.0,0.0,0.0,0.0,0.0,0.0,-0.12439450483979998,0.9922328391893008
1.0,0.0,0.0,0.0,0.0,0.0,0.0,0.0,0.0,0.0,0.0,0.0,-0.09019000427034513,0.9959245770286599
1.0,0.0,0.0,0.0,0.0,0.0,0.0,0.0,0.0,0.0,0.0,0.0,-0.07304518821104743,0.9973286321364752
1.0,0.0,0.0,0.0,0.0,0.0,0.0,0.0,0.0,0.0,0.0,0.0,-0.05587875690537313,0.9984375616565666
1.0,0.0,0.0,0.0,0.0,0.0,0.0,0.0,0.0,0.0,0.0,0.0,-0.03869579017652689,0.9992510374388481
1.0,0.0,0.0,0.0,0.0,0.0,0.0,0.0,0.0,0.0,0.0,0.0,-0.021501372740813793,0.999768818762748
1.0,0.0,0.0,0.0,0.0,0.0,0.0,0.0,0.0,0.0,0.0,0.0,-0.004300592702981974,0.9999907524084426
1.0,0.0,0.0,0.0,0.0,0.0,0.0,0.0,0.0,0.0,0.0,0.0,0.017201575418260506,0.9998520419557735
1.0,0.0,0.0,0.0,0.0,0.0,0.0,0.0,0.0,0.0,0.0,0.0,0.051584366869408364,0.9986686402879997
1.0,0.0,0.0,0.0,0.0,0.0,0.0,0.0,0.0,0.0,0.0,0.0,0.06875540848113941,0.9976335468520451
1.0,0.0,0.0,0.0,0.0,0.0,0.0,0.0,0.0,0.0,0.0,0.0,0.08590610426133272,0.9963032375991965
1.0,0.0,0.0,0.0,0.0,0.0,0.0,0.0,0.0,0.0,0.0,0.0,0.10303137904317879,0.9946781061893646
1.0,0.0,0.0,0.0,0.0,0.0,0.0,0.0,0.0,0.0,0.0,0.0,0.1201261651823505,0.9927586335250793
1.0,0.0,0.0,0.0,0.0,0.0,0.0,0.0,0.0,0.0,0.0,0.0,0.22177215755648186,0.975098513039961
1.0,0.0,0.0,0.0,0.0,0.0,0.0,0.0,0.0,0.0,0.0,0.0,0.23851257519407648,0.9711394088771653
1.0,0.0,0.0,0.0,0.0,0.0,0.0,0.0,0.0,0.0,0.0,0.0,0.2551824131233728,0.9668929289391521
1.0,0.0,0.0,0.0,0.0,0.0,0.0,0.0,0.0,0.0,0.0,0.0,0.3047192331091634,0.9524422234305676
1.0,0.0,0.0,0.0,0.0,0.0,0.0,0.0,0.0,0.0,0.0,0.0,0.3373010691361842,0.9413968285264122
1.0,0.0,0.0,0.0,0.0,0.0,0.0,0.0,0.0,0.0,0.0,0.0,0.3534446712740877,0.9354554315134164
1.0,0.0,0.0,0.0,0.0,0.0,0.0,0.0,0.0,0.0,0.0,0.0,0.4012289854475009,0.9159777842484877
1.0,0.0,0.0,0.0,0.0,0.0,0.0,0.0,0.0,0.0,0.0,0.0,0.4169258813287287,0.908940487313808
1.0,0.0,0.0,0.0,0.0,0.0,0.0,0.0,0.0,0.0,0.0,0.0,0.4324994021339788,0.901634220265486
1.0,0.0,0.0,0.0,0.0,0.0,0.0,0.0,0.0,0.0,0.0,0.0,0.4632579225674917,0.88622350294858
1.0,0.0,0.0,0.0,0.0,0.0,0.0,0.0,0.0,0.0,0.0,0.0,0.4784338202547012,0.8781236129591848
1.0,0.0,0.0,0.0,0.0,0.0,0.0,0.0,0.0,0.0,0.0,0.0,0.5376773767406141,0.8431506618282
1.0,0.0,0.0,0.0,0.0,0.0,0.0,0.0,0.0,0.0,0.0,0.0,0.5521013427459208,0.8337770129585915
1.0,0.0,0.0,0.0,0.0,0.0,0.0,0.0,0.0,0.0,0.0,0.0,0.5663619330814524,0.8241566360566663
1.0,0.0,0.0,0.0,0.0,0.0,0.0,0.0,0.0,0.0,0.0,0.0,0.580454927809098,0.8142923779467267
1.0,0.0,0.0,0.0,0.0,0.0,0.0,0.0,0.0,0.0,0.0,0.0,0.6081214998935418,0.7938439653781019
1.0,0.0,0.0,0.0,0.0,0.0,0.0,0.0,0.0,0.0,0.0,0.0,0.6216868902665479,0.7832658619336791
1.0,0.0,0.0,0.0,0.0,0.0,0.0,0.0,0.0,0.0,0.0,0.0,0.6350683134867438,0.7724559775191742
1.0,0.0,0.0,0.0,0.0,0.0,0.0,0.0,0.0,0.0,0.0,0.0,0.6482618097757122,0.7614175109532997
1.0,0.0,0.0,0.0,0.0,0.0,0.0,0.0,0.0,0.0,0.0,0.0,0.6612634749656386,0.7501537286959042
1.0,0.0,0.0,0.0,0.0,0.0,0.0,0.0,0.0,0.0,0.0,0.0,0.6740694616546161,0.7386679638813748
1.0,0.0,0.0,0.0,0.0,0.0,0.0,0.0,0.0,0.0,0.0,0.0,0.6990793005655562,0.7150441465537444
1.0,0.0,0.0,0.0,0.0,0.0,0.0,0.0,0.0,0.0,0.0,0.0,0.7112757519738152,0.7029130847082615
1.0,0.0,0.0,0.0,0.0,0.0,0.0,0.0,0.0,0.0,0.0,0.0,0.7232617254437388,0.6905740195722293
1.0,0.0,0.0,0.0,0.0,0.0,0.0,0.0,0.0,0.0,0.0,0.0,0.7350336741329413,0.6780306024735382
1.0,0.0,0.0,0.0,0.0,0.0,0.0,0.0,0.0,0.0,0.0,0.0,0.746588114532413,0.6652865452111116
1.0,0.0,0.0,0.0,0.0,0.0,0.0,0.0,0.0,0.0,0.0,0.0,0.7579216274973472,0.6523456189565257
1.0,0.0,0.0,0.0,0.0,0.0,0.0,0.0,0.0,0.0,0.0,0.0,0.7690308592589181,0.6392116531380588
1.0,0.0,0.0,0.0,0.0,0.0,0.0,0.0,0.0,0.0,0.0,0.0,0.7799125224167177,0.6258885343075018
1.0,0.0,0.0,0.0,0.0,0.0,0.0,0.0,0.0,0.0,0.0,0.0,0.7905633969115482,0.612380204990065
1.0,0.0,0.0,0.0,0.0,0.0,0.0,0.0,0.0,0.0,0.0,0.0,0.8009803309782905,0.5986906625177214
1.0,0.0,0.0,0.0,0.0,0.0,0.0,0.0,0.0,0.0,0.0,0.0,0.8111602420785621,0.5848239578463322
1.0,0.0,0.0,0.0,0.0,0.0,0.0,0.0,0.0,0.0,0.0,0.0,0.8211001178128892,0.5707841943569036
1.0,0.0,0.0,0.0,0.0,0.0,0.0,0.0,0.0,0.0,0.0,0.0,0.8402480696078469,0.5422021592729844
1.0,0.0,0.0,0.0,0.0,0.0,0.0,0.0,0.0,0.0,0.0,0.0,0.8494504794814806,0.527668345562516
1.0,0.0,0.0,0.0,0.0,0.0,0.0,0.0,0.0,0.0,0.0,0.0,0.8584015232918917,0.512978386299228
1.0,0.0,0.0,0.0,0.0,0.0,0.0,0.0,0.0,0.0,0.0,0.0,0.8670985522812081,0.4981366284784055
1.0,0.0,0.0,0.0,0.0,0.0,0.0,0.0,0.0,0.0,0.0,0.0,0.8755389928586302,0.4831474640149687
1.0,0.0,0.0,0.0,0.0,0.0,0.0,0.0,0.0,0.0,0.0,0.0,0.8837203473619977,0.4680153284438345
1.0,0.0,0.0,0.0,0.0,0.0,0.0,0.0,0.0,0.0,0.0,0.0,0.8916401947968874,0.45274469960737107
1.0,0.0,0.0,0.0,0.0,0.0,0.0,0.0,0.0,0.0,0.0,0.0,0.8992961915530253,0.4373400963303323
1.0,0.0,0.0,0.0,0.0,0.0,0.0,0.0,0.0,0.0,0.0,0.0,0.9138076496466615,0.4061472386305789
1.0,0.0,0.0,0.0,0.0,0.0,0.0,0.0,0.0,0.0,0.0,0.0,0.9206588168102428,0.3903682146763026
1.0,0.0,0.0,0.0,0.0,0.0,0.0,0.0,0.0,0.0,0.0,0.0,0.9272375462179537,0.374473674486883
1.0,0.0,0.0,0.0,0.0,0.0,0.0,0.0,0.0,0.0,0.0,0.0,0.9335418911179212,0.35846832151248087
1.0,0.0,0.0,0.0,0.0,0.0,0.0,0.0,0.0,0.0,0.0,0.0,0.9395699859530622,0.342356891994542
1.0,0.0,0.0,0.0,0.0,0.0,0.0,0.0,0.0,0.0,0.0,0.0,0.945320046913132,0.3261441535642696
1.0,0.0,0.0,0.0,0.0,0.0,0.0,0.0,0.0,0.0,0.0,0.0,0.9507903724625832,0.3098349038318025
1.0,0.0,0.0,0.0,0.0,0.0,0.0,0.0,0.0,0.0,0.0,0.0,0.9655071658143364,0.2603764827344581
1.0,0.0,0.0,0.0,0.0,0.0,0.0,0.0,0.0,0.0,0.0,0.0,0.9738922359149924,0.22701082094141847
1.0,0.0,0.0,0.0,0.0,0.0,0.0,0.0,0.0,0.0,0.0,0.0,0.981124629771712,0.19337647441020586
1.0,0.0,0.0,0.0,0.0,0.0,0.0,0.0,0.0,0.0,0.0,0.0,0.984305844499033,0.17647097349152166
1.0,0.0,0.0,0.0,0.0,0.0,0.0,0.0,0.0,0.0,0.0,0.0,0.9871957872910085,0.15951325197263655
1.0,0.0,0.0,0.0,0.0,0.0,0.0,0.0,0.0,0.0,0.0,0.0,0.9897936029670716,0.14250832791617088
1.0,0.0,0.0,0.0,0.0,0.0,0.0,0.0,0.0,0.0,0.0,0.0,0.992098522791769,0.12546123335273648
1.0,0.0,0.0,0.0,0.0,0.0,0.0,0.0,0.0,0.0,0.0,0.0,0.9941098647022418,0.10837701279187609
1.0,0.0,0.0,0.0,0.0,0.0,0.0,0.0,0.0,0.0,0.0,0.0,0.9958270335100595,0.09126072172931188
1.0,0.0,0.0,0.0,0.0,0.0,0.0,0.0,0.0,0.0,0.0,0.0,0.9972495210773451,0.07411742515094437
1.0,0.0,0.0,0.0,0.0,0.0,0.0,0.0,0.0,0.0,0.0,0.0,0.998376906467142,0.056952196034039754
1.0,0.0,0.0,0.0,0.0,0.0,0.0,0.0,0.0,0.0,0.0,0.0,0.9999300657962057,-0.011826390691832589
1.0,0.0,0.0,0.0,0.0,0.0,0.0,0.0,0.0,0.0,0.0,0.0,0.9995786855478958,-0.029025013321975237
1.0,0.0,0.0,0.0,0.0,0.0,0.0,0.0,0.0,0.0,0.0,0.0,0.9989315138848577,-0.046215046983708354
1.0,0.0,0.0,0.0,0.0,0.0,0.0,0.0,0.0,0.0,0.0,0.0,0.9979887423155984,-0.06339140486951038
1.0,0.0,0.0,0.0,0.0,0.0,0.0,0.0,0.0,0.0,0.0,0.0,0.9967506498213929,-0.08054900421874167
1.0,0.0,0.0,0.0,0.0,0.0,0.0,0.0,0.0,0.0,0.0,0.0,0.9933900548258936,-0.11478762552212701
1.0,0.0,0.0,0.0,0.0,0.0,0.0,0.0,0.0,0.0,0.0,0.0,0.9888537064205885,-0.1488903868564548
1.0,0.0,0.0,0.0,0.0,0.0,0.0,0.0,0.0,0.0,0.0,0.0,0.986146248341595,-0.16587819893463143
1.0,0.0,0.0,0.0,0.0,0.0,0.0,0.0,0.0,0.0,0.0,0.0,0.9762766110869321,-0.21652708524481437
1.0,0.0,0.0,0.0,0.0,0.0,0.0,0.0,0.0,0.0,0.0,0.0,0.9682507501166718,-0.2499809690726521
1.0,0.0,0.0,0.0,0.0,0.0,0.0,0.0,0.0,0.0,0.0,0.0,0.9638074231367307,-0.26659942067929354
1.0,0.0,0.0,0.0,0.0,0.0,0.0,0.0,0.0,0.0,0.0,0.0,0.9590788900341131,-0.28313898122818354
1.0,0.0,0.0,0.0,0.0,0.0,0.0,0.0,0.0,0.0,0.0,0.0,0.9540665500578387,-0.2995947563972602
1.0,0.0,0.0,0.0,0.0,0.0,0.0,0.0,0.0,0.0,0.0,0.0,0.9487718864399473,-0.31596187665790293
1.0,0.0,0.0,0.0,0.0,0.0,0.0,0.0,0.0,0.0,0.0,0.0,0.9312100364121947,-0.3644830148102912
1.0,0.0,0.0,0.0,0.0,0.0,0.0,0.0,0.0,0.0,0.0,0.0,0.9248025743285089,-0.38044736628785164
1.0,0.0,0.0,0.0,0.0,0.0,0.0,0.0,0.0,0.0,0.0,0.0,0.9181214482844364,-0.39629913726891813
1.0,0.0,0.0,0.0,0.0,0.0,0.0,0.0,0.0,0.0,0.0,0.0,0.9039461929224011,-0.42764620926777464
1.0,0.0,0.0,0.0,0.0,0.0,0.0,0.0,0.0,0.0,0.0,0.0,0.8964562582905575,-0.44313223418263453
1.0,0.0,0.0,0.0,0.0,0.0,0.0,0.0,0.0,0.0,0.0,0.0,0.8724040568049612,-0.48878539428899265
1.0,0.0,0.0,0.0,0.0,0.0,0.0,0.0,0.0,0.0,0.0,0.0,0.8638670987837349,-0.503719798736334
1.0,0.0,0.0,0.0,0.0,0.0,0.0,0.0,0.0,0.0,0.0,0.0,0.8550745085896932,-0.518505144391157
1.0,0.0,0.0,0.0,0.0,0.0,0.0,0.0,0.0,0.0,0.0,0.0,0.8460288880917339,-0.533137056031809
1.0,0.0,0.0,0.0,0.0,0.0,0.0,0.0,0.0,0.0,0.0,0.0,0.8367329140344921,-0.5476112038402312
1.0,0.0,0.0,0.0,0.0,0.0,0.0,0.0,0.0,0.0,0.0,0.0,0.8271893372462497,-0.5619233046832195
1.0,0.0,0.0,0.0,0.0,0.0,0.0,0.0,0.0,0.0,0.0,0.0,0.8174009818249189,-0.5760691233798758
1.0,0.0,0.0,0.0,0.0,0.0,0.0,0.0,0.0,0.0,0.0,0.0,0.8073707443023492,-0.5900444739548627
1.0,0.0,0.0,0.0,0.0,0.0,0.0,0.0,0.0,0.0,0.0,0.0,0.7971015927871943,-0.6038452208771035
1.0,0.0,0.0,0.0,0.0,0.0,0.0,0.0,0.0,0.0,0.0,0.0,0.7865965660866021,-0.6174672802835514
1.0,0.0,0.0,0.0,0.0,0.0,0.0,0.0,0.0,0.0,0.0,0.0,0.7758587728069828,-0.6309066211876704
1.0,0.0,0.0,0.0,0.0,0.0,0.0,0.0,0.0,0.0,0.0,0.0,0.7648913904341225,-0.6441592666722685
1.0,0.0,0.0,0.0,0.0,0.0,0.0,0.0,0.0,0.0,0.0,0.0,0.753697664392914,-0.6572212950663319
1.0,0.0,0.0,0.0,0.0,0.0,0.0,0.0,0.0,0.0,0.0,0.0,0.742280907086982,-0.6700888411055113
1.0,0.0,0.0,0.0,0.0,0.0,0.0,0.0,0.0,0.0,0.0,0.0,0.7187918772884232,-0.6952253139408722
1.0,0.0,0.0,0.0,0.0,0.0,0.0,0.0,0.0,0.0,0.0,0.0,0.7067265555776158,-0.7074868024503348
1.0,0.0,0.0,0.0,0.0,0.0,0.0,0.0,0.0,0.0,0.0,0.0,0.6944521021088763,-0.719538934232584
1.0,0.0,0.0,0.0,0.0,0.0,0.0,0.0,0.0,0.0,0.0,0.0,0.6819721490904629,-0.7313781428679254
1.0,0.0,0.0,0.0,0.0,0.0,0.0,0.0,0.0,0.0,0.0,0.0,0.6692903895412567,-0.7430009249440493
1.0,0.0,0.0,0.0,0.0,0.0,0.0,76.0,0.0,7.0,50.0,7.14,0.6300720909843687,-0.7765366444428655
1.0,0.0,0.0,0.0,34.5,4.9285714285715585,23.0,119.0,0.7666666666666667,22.0,43.0,5.23,0.6029878670694714,-0.7977503570459932
1.0,0.0,0.0,0.0,73.03,15.361428571428702,0.0,170.0,0.7666666666666667,23.0,45.0,8.0,0.5751899607119775,-0.8180198708443174
1.0,0.0,0.0,0.0,124.2,33.104285714285844,37.0,125.0,2.0,25.0,46.0,5.2,0.5467112728685939,-0.8373211953118121
1.0,0.0,0.0,0.0,85.8,45.361428571428696,0.0,300.0,2.0,23.0,47.0,7.22,0.5175855102531889,-0.8556314858488706
1.0,0.0,0.0,0.0,110.39,61.13142857142871,0.0,257.0,2.0,24.0,49.0,7.75,0.5027907197793043,-0.8644081744776648
1.0,0.0,0.0,0.0,128.34,79.46571428571441,4.0,234.0,2.1333333333333333,29.0,47.0,7.9,0.4878471454423119,-0.8729290708206411
1.0,0.0,0.0,0.0,155.72,101.7114285714287,37.0,210.0,3.3666666666666667,23.0,42.0,4.91,0.47275920928627757,-0.881191653407483
1.0,0.0,0.0,0.0,71.75,107.03285714285728,2.0,247.0,3.433333333333333,26.0,50.0,9.27,0.4575313760742512,-0.8891934772070711
1.0,0.0,0.0,0.0,168.7,120.70000000000013,1.0,243.0,3.466666666666667,22.0,45.0,10.18,0.44216815196707204,-0.8969321743510065
1.0,0.0,0.0,0.0,148.96,124.23714285714298,25.0,207.0,4.3,9.0,40.0,7.11,0.42667408318992467,-0.9044054548343001
1.0,0.0,0.0,0.0,40.0,117.69428571428584,22.0,69.0,5.033333333333333,27.0,42.0,6.0,0.4110537546870351,-0.9116111071930239
1.0,0.0,0.0,0.0,102.87,116.62000000000013,40.0,91.0,6.366666666666666,32.0,49.0,5.12,0.3953117887649151,-0.9185469991587165
1.0,0.0,0.0,0.0,113.16,114.45142857142869,0.0,131.0,6.366666666666666,20.0,47.0,9.8,0.37945284372454435,-0.925211078289358
1.0,0.0,0.0,0.0,132.3,111.10571428571441,62.0,127.0,8.433333333333334,35.0,51.0,3.86,0.36348161248290634,-0.9316013725767187
1.0,0.0,0.0,0.0,92.48,114.067142857143,13.0,152.0,8.866666666666667,38.0,45.0,9.26,0.3474028211842774,-0.9377159910299093
1.0,0.0,0.0,0.0,230.56,122.90428571428585,0.0,163.0,8.866666666666667,30.0,46.0,8.67,0.3312212278016865,-0.9435531242349544
1.0,0.0,0.0,0.0,175.5,126.69571428571442,0.0,162.0,8.866666666666667,17.0,49.0,9.94,0.31494162072895193,-0.9491110448902284
1.0,0.0,0.0,0.0,115.77,137.52000000000012,34.0,115.0,10.0,24.0,45.0,9.0,0.26556302780405594,-0.9640935007889755
1.0,0.0,0.0,0.0,140.4,142.8814285714287,16.0,149.0,10.533333333333333,34.0,49.0,11.76,0.24893980855376657,-0.9685189578512204
1.0,0.0,0.0,0.0,272.0,165.57285714285726,0.0,103.0,10.533333333333333,14.0,47.0,10.0,0.19864794288017112,-0.9800709131432666
1.0,0.0,0.0,0.0,93.8,160.07285714285726,33.0,103.0,11.633333333333333,35.0,51.0,12.69,0.18175978759137534,-0.9833429613388902
1.0,0.0,0.0,0.0,310.8,191.26142857142872,10.0,134.0,11.966666666666667,45.0,47.0,11.62,0.16481784665719793,-0.9863240225317866
1.0,0.0,0.0,0.0,347.8,208.01000000000013,6.0,105.0,12.166666666666666,42.0,49.0,15.71,0.0966127018812031,-0.9953220513156602
1.0,0.0,0.0,0.0,455.4,247.99571428571446,9.0,104.0,12.466666666666667,30.0,46.0,15.83,0.07947729992362097,-0.9968366760893436
1.0,0.0,0.0,0.0,313.5,276.24285714285725,13.0,113.0,12.9,32.0,42.0,13.47,0.062318379354325076,-0.998056320853012
1.0,0.0,0.0,0.0,278.0,295.90000000000015,4.0,93.0,13.033333333333333,34.0,46.0,14.91,0.04514101777397193,-0.9989806246941579
1.0,0.0,0.0,0.0,342.23,305.9328571428573,15.0,80.0,13.533333333333333,36.0,42.0,11.89,0.01075130776352193,-0.9999422030204416
1.0,0.0,0.0,0.0,273.92,331.6642857142859,33.0,59.0,14.633333333333333,37.0,45.0,6.59,-0.00645086419810515,-0.9999791929590823
1.0,0.0,0.0,0.0,159.82,310.09571428571445,20.0,80.0,15.3,44.0,41.0,12.02,-0.023651127245231586,-0.9997202729664083
1.0,0.0,0.0,0.0,335.92,308.39857142857153,0.0,231.0,15.3,55.0,49.0,13.31,-0.05802556932878035,-0.9983150972033183
1.0,0.0,0.0,0.0,505.08,315.49571428571437,0.0,218.0,14.533333333333333,42.0,52.0,10.64,-0.07518957641475855,-0.9971692572470178
1.0,0.0,0.0,0.0,317.37,316.04857142857156,1.0,215.0,14.566666666666666,31.0,45.0,13.65,-0.10944576864891556,-0.993992768446958
1.0,0.0,0.0,0.0,279.18,316.21714285714296,1.0,184.0,13.366666666666667,57.0,50.0,11.46,-0.1435724234118113,-0.9896398128792412
1.0,0.0,0.0,0.0,444.04,330.76142857142867,33.0,165.0,14.466666666666667,23.0,44.0,13.04,-0.16057454459499376,-0.9870237158387383
1.0,0.0,0.0,0.0,192.0,319.05857142857155,4.0,52.0,14.6,55.0,48.0,13.84,-0.17752914918703497,-0.984115542601034
1.0,0.0,0.0,0.0,517.48,370.1528571428572,15.0,56.0,14.966666666666667,43.0,47.0,12.86,-0.2112757555821793,-0.9774264960104055
1.0,0.0,0.0,0.0,367.75,374.7000000000001,34.0,70.0,14.866666666666667,49.0,48.0,11.27,-0.2280577712215198,-0.9736476020539838
1.0,0.0,0.0,0.0,367.08,354.98571428571444,13.0,103.0,15.233333333333333,47.0,43.0,14.96,-0.24477230089725957,-0.9695805901076308
1.0,0.0,0.0,0.0,449.92,373.9214285714287,20.0,100.0,15.866666666666667,44.0,45.0,13.75,-0.2614143985111562,-0.965226663665613
1.0,0.0,0.0,0.0,402.33,391.5142857142859,7.0,86.0,15.266666666666667,52.0,47.0,15.06,-0.2944616217868012,-0.9556633054034704
1.0,0.0,0.0,0.0,516.78,401.90571428571445,28.0,89.0,15.466666666666667,52.0,44.0,9.67,-0.3108569682435036,-0.9504567035349151
1.0,0.0,0.0,0.0,326.95,421.18428571428586,28.0,110.0,15.066666666666666,59.0,45.0,14.42,-0.34336687399638804,-0.939201357453208
1.0,0.0,0.0,0.0,565.92,428.10428571428577,23.0,104.0,15.833333333333334,53.0,43.0,10.45,-0.3594718130884232,-0.9331559438780432
1.0,0.0,0.0,0.0,346.25,425.0328571428572,27.0,114.0,14.666666666666666,67.0,46.0,13.25,-0.3754703786876202,-0.9268343944460494
1.0,0.0,0.0,0.0,572.76,454.4157142857144,0.0,121.0,14.233333333333333,24.0,45.0,14.42,-0.3913578365610259,-0.9202385798054075
1.0,0.0,0.0,0.0,228.36,422.7642857142858,17.0,121.0,14.8,50.0,39.0,14.16,-0.4071294853542516,-0.9133704517637858
1.0,0.0,0.0,0.0,435.42,427.4914285714286,0.0,131.0,14.8,57.0,49.0,12.75,-0.4227806579826773,-0.9062320427107697
1.0,0.0,0.0,0.0,512.54,426.8857142857144,8.0,120.0,13.933333333333334,74.0,47.0,13.61,-0.45370308603134424,-0.8911529104063088
1.0,0.0,0.0,0.0,664.62,475.1242857142858,5.0,87.0,13.566666666666666,53.0,49.0,14.26,-0.48408852163897587,-0.8750190302029955
1.0,0.0,0.0,0.0,521.64,468.79857142857156,9.0,65.0,13.866666666666667,57.0,48.0,11.95,-0.5139010013093103,-0.8578494977869301
1.0,0.0,0.0,0.0,459.68,485.0028571428573,19.0,57.0,13.4,67.0,40.0,13.19,-0.5285813283559292,-0.8488826652214553
1.0,0.0,0.0,0.0,552.5,482.10857142857157,0.0,76.0,13.066666666666666,48.0,50.0,13.88,-0.5431052396834317,-0.8396646346181327
1.0,0.0,0.0,0.0,456.21,514.6585714285716,0.0,51.0,12.866666666666667,69.0,50.0,13.06,-0.5574684374327892,-0.8301981337405212
1.0,0.0,0.0,0.0,1442.69,658.5542857142858,11.0,43.0,12.933333333333334,66.0,42.0,14.65,-0.5716666713027052,-0.8204859638785327
1.0,0.0,0.0,0.0,614.04,673.0542857142858,1.0,44.0,12.533333333333333,68.0,46.0,13.84,-0.5856957398073508,-0.8105309990194823
1.0,0.0,0.0,0.0,630.47,668.1757142857144,20.0,40.0,13.066666666666666,39.0,45.0,18.9,-0.5995514915196489,-0.8003361849976323
1.0,0.0,0.0,0.0,486.42,663.1442857142858,0.0,60.0,12.566666666666666,85.0,47.0,16.35,-0.6132298262997502,-0.7899045386224707
1.0,0.0,0.0,0.0,945.2,732.504285714286,41.0,51.0,12.833333333333334,73.0,42.0,11.9,-0.6267266965083301,-0.7792391467859886
1.0,0.0,0.0,0.0,551.82,732.407142857143,0.0,73.0,12.166666666666666,75.0,50.0,13.89,-0.6400381082043503,-0.7683431655492202
1.0,0.0,0.0,0.0,4648.1900000000005,1331.2614285714287,11.0,73.0,12.533333333333333,74.0,41.0,15.0,-0.666088855860977,-0.7458723993404063
1.0,0.0,0.0,0.0,699.3,1225.0628571428572,11.0,73.0,12.9,57.0,40.0,19.37,-0.6788204829862355,-0.734304263829602
1.0,0.0,0.0,0.0,701.04,1237.4914285714287,0.0,91.0,12.866666666666667,91.0,44.0,18.42,-0.7393922635959241,-0.673274892250183
1.0,0.0,0.0,0.0,1122.92,1307.8414285714287,47.0,80.0,14.4,81.0,44.0,13.88,-0.7621140503891487,-0.6474427960827475
1.0,0.0,0.0,0.0,2385.74,1579.1728571428573,6.0,116.0,13.5,28.0,40.0,15.54,-0.7731383255706026,-0.6342374393978054
1.0,0.0,0.0,0.0,271.88,1482.984285714286,0.0,97.0,13.366666666666667,62.0,51.0,19.4,-0.7944973291665992,-0.6072676460566135
1.0,0.0,0.0,0.0,854.13,1526.1714285714286,13.0,74.0,13.3,79.0,47.0,15.15,-0.8149159841660791,-0.5795791048257612
1.0,0.0,0.0,0.0,801.99,976.7142857142859,14.0,87.0,12.633333333333333,66.0,39.0,14.85,-0.8247650844733614,-0.5654755126737576
1.0,0.0,0.0,0.0,607.6,963.6142857142859,15.0,101.0,12.7,74.0,42.0,20.62,-0.8343701235229538,-0.5512045872199277
1.0,0.0,0.0,0.0,1801.38,1120.8057142857144,4.0,69.0,12.166666666666666,45.0,42.0,16.02,-0.8437282590292712,-0.5367705514607103
1.0,0.0,0.0,0.0,461.44,1026.3085714285714,12.0,67.0,12.333333333333334,77.0,50.0,18.16,-0.8528367217694595,-0.522177676659508
1.0,0.0,0.0,0.0,957.63,822.2928571428573,0.0,61.0,11.4,68.0,49.0,14.29,-0.8616928164028522,-0.5074302810827518
1.0,0.0,0.0,0.0,675.54,879.9585714285715,3.0,61.0,10.566666666666666,69.0,52.0,17.09,-0.8702939222685674,-0.49253272872205434
1.0,0.0,0.0,0.0,837.09,877.5242857142858,0.0,48.0,9.8,64.0,51.0,20.42,-0.886721063082993,-0.46230483047981086
1.0,0.0,0.0,0.0,927.97,895.5214285714286,10.0,34.0,9.233333333333333,74.0,45.0,21.2,-0.8945422369764496,-0.4469834295196741
1.0,0.0,0.0,0.0,1035.54,956.6557142857143,9.0,29.0,9.533333333333333,48.0,46.0,22.54,-0.9020987014301837,-0.43152975897147144
1.0,0.0,0.0,0.0,1366.53,894.5342857142859,1.0,34.0,9.0,73.0,45.0,19.37,-0.9093882203647925,-0.4159483918249421
1.0,0.0,0.0,0.0,947.38,963.9542857142859,22.0,23.0,9.733333333333333,64.0,41.0,18.58,-0.9164086366943458,-0.4002439388573056
1.0,0.0,0.0,0.0,3224.96,1287.8585714285714,25.0,45.0,10.3,81.0,52.0,10.9,-0.9231578729647039,-0.38442104726885545
1.0,0.0,0.0,0.0,622.52,1280.284285714286,13.0,67.0,10.566666666666666,80.0,43.0,22.21,-0.9296339319682695,-0.3684843993077793
1.0,0.0,0.0,0.0,1146.16,1324.437142857143,0.0,80.0,10.266666666666667,71.0,40.0,21.35,-0.9358348973349941,-0.35243871088460327
1.0,0.0,0.0,0.0,955.08,1328.3100000000002,0.0,80.0,9.633333333333333,82.0,47.0,18.77,-0.9417589340994617,-0.33628873017668287
1.0,0.0,0.0,0.0,1046.52,1329.8785714285716,111.0,70.0,13.333333333333334,38.0,42.0,5.89,-0.9474042892438845,-0.32003923622313857
1.0,0.0,0.0,0.0,141.12,1154.8200000000002,0.0,172.0,13.333333333333334,83.0,50.0,22.29,-0.9527692922168511,-0.30369503751065885
1.0,0.0,0.0,0.0,1295.0,1204.48,25.0,171.0,13.8,74.0,45.0,18.32,-0.9578523554276669,-0.28726097055059635
1.0,0.0,0.0,0.0,888.18,870.654285714286,17.0,174.0,14.333333333333334,81.0,50.0,19.01,-0.9626519747161487,-0.2707418984477642
1.0,0.0,0.0,0.0,3522.6,1284.9514285714286,11.0,166.0,14.033333333333333,83.0,43.0,18.06,-0.9671667297977312,-0.2541427094613622
1.0,0.0,0.0,0.0,959.36,1258.2657142857145,1.0,219.0,14.066666666666666,49.0,49.0,20.24,-0.9789888737409319,-0.20391367068311472
1.0,0.0,0.0,0.0,679.52,1218.9,79.0,151.0,15.333333333333334,81.0,45.0,8.59,-0.9882042449941422,-0.15314166701312007
1.0,0.0,0.0,0.0,455.88,1134.5228571428572,2.0,213.0,15.4,69.0,46.0,18.91,-0.9906923101615609,-0.13612033862266704
1.0,0.0,0.0,0.0,4569.35,1767.127142857143,28.0,179.0,15.966666666666667,41.0,48.0,15.1,-0.9963950238187231,-0.08483487790576538
1.0,0.0,0.0,0.0,3859.73,2133.517142857143,13.0,206.0,16.033333333333335,70.0,47.0,20.93,-0.9977068927101168,-0.06768276175455162
1.0,0.0,0.0,0.0,981.55,2146.8557142857144,17.0,196.0,16.6,91.0,46.0,19.15,-0.9987235240803972,-0.050510617185222886
1.0,0.0,0.0,0.0,1159.1,1809.2128571428573,43.0,90.0,16.466666666666665,76.0,47.0,12.59,-0.9998699583618592,-0.016126573270657762
1.0,0.0,0.0,0.0,636.41,1763.077142857143,39.0,131.0,17.566666666666666,77.0,47.0,17.91,-0.9999994220246925,0.001075151282798226
1.0,0.0,0.0,0.0,930.83,1798.9785714285717,15.0,143.0,18.066666666666666,91.0,39.0,19.56,-0.999832969770105,0.018276557681691223
1.0,0.0,0.0,0.0,4087.7,2317.8100000000004,29.0,155.0,18.6,41.0,40.0,18.93,-0.9993706508539969,0.03547255575312556
1.0,0.0,0.0,0.0,867.88,1789.0285714285712,0.0,174.0,18.133333333333333,82.0,45.0,24.71,-0.9975590477788613,0.06982797572987089
1.0,0.0,0.0,0.0,2569.16,1604.6614285714288,114.0,186.0,21.433333333333334,90.0,49.0,10.41,-0.9945667569706337,0.1041007489354256
1.0,0.0,0.0,0.0,1042.16,1613.3200000000002,4.0,257.0,21.433333333333334,79.0,44.0,27.14,-0.9926289059345095,0.121193461470736
1.0,0.0,0.0,0.0,1404.32,1648.3514285714286,8.0,222.0,21.3,71.0,52.0,20.01,-0.9903973200352558,0.1382503109109819
1.0,0.0,0.0,0.0,994.7,1699.5357142857142,2.0,215.0,21.366666666666667,29.0,49.0,26.03,-0.9878726596350429,0.15526624985999563
1.0,0.0,0.0,0.0,532.28,1642.6000000000001,0.0,188.0,21.266666666666666,72.0,46.0,19.53,-0.9850556718215013,0.172236243027682
1.0,0.0,0.0,0.0,956.08,1195.2257142857145,17.0,157.0,21.833333333333332,67.0,45.0,24.24,-0.981947190186646,0.18915526872004093
1.0,0.0,0.0,0.0,1079.96,1225.5228571428572,49.0,174.0,23.133333333333333,80.0,43.0,17.91,-0.9785481345802031,0.20601832032517084
1.0,0.0,0.0,0.0,931.45,991.5642857142858,25.0,194.0,23.666666666666668,65.0,47.0,16.77,-0.9748595108374125,0.22282040779479959
1.0,0.0,0.0,0.0,719.4,945.4557142857145,0.0,219.0,23.633333333333333,78.0,51.0,24.46,-0.9521140536681102,0.3057430764672831
1.0,0.0,0.0,0.0,1715.14,989.8585714285715,61.0,202.0,24.933333333333334,76.0,46.0,7.93,-0.9467139181463862,0.3220757010206104
1.0,0.0,0.0,0.0,394.97,904.1828571428572,56.0,203.0,25.966666666666665,51.0,43.0,17.2,-0.9223291176290545,0.3864052261209853
1.0,0.0,0.0,0.0,552.51,907.0728571428573,0.0,226.0,25.533333333333335,70.0,48.0,25.67,-0.9155458729775467,0.40221356823680365
1.0,0.0,0.0,0.0,1221.96,945.0557142857144,20.0,175.0,26.2,84.0,46.0,23.64,-0.9084917035725082,0.41790288888678667
1.0,0.0,0.0,0.0,1691.62,1032.4357142857145,33.0,195.0,27.3,96.0,43.0,16.04,-0.9011686968561569,0.4334685453485363
1.0,0.0,0.0,0.0,1299.3,1084.9857142857145,49.0,167.0,25.233333333333334,102.0,43.0,15.87,-0.8935790198239952,0.4489059314938798
1.0,0.0,0.0,0.0,1724.16,1228.5228571428572,53.0,190.0,27.0,51.0,44.0,20.78,-0.8692328164574792,0.49440298420761813
1.0,0.0,0.0,0.0,3644.9,1504.2028571428575,0.0,300.0,26.166666666666668,82.0,46.0,23.04,-0.8517119107469189,0.5240103253675756
1.0,0.0,0.0,0.0,2110.74,1749.3128571428572,3.0,280.0,25.7,52.0,38.0,27.1,-0.8425720899866032,0.5385835804920232
1.0,0.0,0.0,0.0,866.53,1794.172857142857,0.0,250.0,25.333333333333332,66.0,52.0,23.24,-0.8331829385891785,0.5529974600700271
1.0,0.0,0.0,0.0,1612.81,1850.0085714285717,18.0,201.0,25.9,81.0,42.0,23.17,-0.8235472349556007,0.5672476988027229
1.0,0.0,0.0,0.0,1863.28,1874.5314285714287,3.0,217.0,23.366666666666667,76.0,44.0,21.84,-0.8136678304455991,0.5813300798152042
1.0,0.0,0.0,0.0,2331.0,2021.9171428571428,42.0,190.0,24.7,25.0,44.0,16.64,-0.8035476485339116,0.5952404359043674
1.0,0.0,0.0,0.0,1096.32,1932.2257142857143,49.0,145.0,25.4,78.0,45.0,19.18,-0.7717727365467836,0.6358984534680745
1.0,0.0,0.0,0.0,994.84,1553.6457142857143,106.0,191.0,28.5,80.0,47.0,9.14,-0.7607200913564104,0.6490800741100398
1.0,0.0,0.0,0.0,497.08,1323.1228571428571,3.0,297.0,28.033333333333335,74.0,45.0,26.28,-0.7494423368521954,0.6620696215153815
1.0,0.0,0.0,0.0,1283.7,1382.7185714285715,2.0,282.0,26.666666666666668,56.0,44.0,20.04,-0.7379428103031386,0.6748632518680403
1.0,0.0,0.0,0.0,757.35,1260.5100000000002,1.0,281.0,25.4,47.0,45.0,27.66,-0.7262249146041543,0.6874571793269664
1.0,0.0,0.0,0.0,864.5,1117.827142857143,11.0,240.0,25.266666666666666,62.0,45.0,24.5,-0.7142921172691032,0.699847677146407
1.0,0.0,0.0,0.0,994.95,926.9628571428573,46.0,178.0,25.833333333333332,80.0,47.0,15.3,-0.6897960046655887,0.7240037789593305
1.0,0.0,0.0,0.0,826.2,888.3742857142859,44.0,117.0,27.3,71.0,45.0,17.37,-0.6644834655228552,0.7473029667054296
1.0,0.0,0.0,0.0,801.45,860.7471428571429,24.0,158.0,24.3,68.0,50.0,14.15,-0.6515303615068021,0.75862255966641
1.0,0.0,0.0,0.0,668.59,885.2485714285715,1.0,260.0,24.2,74.0,51.0,25.39,-0.5978291414589552,0.801623551065242
1.0,0.0,0.0,0.0,1296.51,887.0785714285715,21.0,170.0,24.633333333333333,83.0,44.0,14.59,-0.5699010576127624,0.8217133225960589
1.0,0.0,0.0,0.0,793.21,892.2014285714287,19.0,147.0,25.2,71.0,40.0,24.65,-0.5556819724760489,0.8313949395234058
1.0,0.0,0.0,0.0,1102.5,926.2014285714287,29.0,169.0,26.166666666666668,67.0,46.0,21.15,-0.5267547528105542,0.8500173118187018
1.0,0.0,0.0,0.0,2909.31,1199.6814285714286,12.0,174.0,26.0,70.0,45.0,22.69,-0.5120551783114646,0.8589525565270845
1.0,0.0,0.0,0.0,1048.08,1231.3785714285716,38.0,133.0,25.633333333333333,86.0,48.0,12.77,-0.4822058478963526,0.8760579434344281
1.0,0.0,0.0,0.0,746.64,1223.5485714285717,0.0,168.0,24.8,70.0,44.0,18.9,-0.46706492487743034,0.8842230238742036
1.0,0.0,0.0,0.0,886.41,1254.6657142857146,10.0,147.0,25.133333333333333,101.0,41.0,20.9,-0.451785789832884,0.8921264484954345
1.0,0.0,0.0,0.0,2037.38,1360.5042857142857,2.0,138.0,23.166666666666668,37.0,48.0,16.62,-0.4363729641045924,0.8997658785476209
1.0,0.0,0.0,0.0,421.28,1307.3714285714286,29.0,106.0,22.266666666666666,84.0,48.0,12.52,-0.4051645224207563,0.9142437912130223
1.0,0.0,0.0,0.0,715.36,1252.0657142857144,8.0,123.0,22.533333333333335,76.0,50.0,17.01,-0.3893781415452015,0.9210779895789526
1.0,0.0,0.0,0.0,879.24,962.0557142857144,79.0,109.0,24.5,80.0,42.0,6.67,-0.37347653741307074,0.9276396261490467
1.0,0.0,0.0,0.0,339.09,860.7714285714288,0.0,150.0,23.4,57.0,46.0,18.32,-0.3574644155648614,0.9339267592294762
1.0,0.0,0.0,0.0,699.48,854.0342857142859,15.0,150.0,22.266666666666666,76.0,49.0,19.91,-0.34134651424503615,0.9399375283564133
1.0,0.0,0.0,0.0,1028.84,874.3814285714287,32.0,155.0,21.566666666666666,35.0,43.0,16.97,-0.3251276029999093,0.9456701548465688
1.0,0.0,0.0,0.0,386.1,638.4842857142859,0.0,185.0,21.566666666666666,99.0,48.0,17.08,-0.30881248126625377,0.9511229423235357
1.0,0.0,0.0,0.0,1141.43,741.3628571428573,7.0,163.0,21.7,63.0,46.0,20.98,-0.29240597695107734,0.9562942772197719
1.0,0.0,0.0,0.0,885.74,765.7028571428573,0.0,141.0,21.7,66.0,47.0,19.85,-0.27591294500296043,0.9611826292540837
1.0,0.0,0.0,0.0,890.8,767.3542857142858,0.0,167.0,21.1,38.0,40.0,21.08,-0.20917350564635637,0.9778785428342386
1.0,0.0,0.0,0.0,1122.64,879.2900000000002,2.0,135.0,21.066666666666666,72.0,49.0,17.43,-0.19232150523909483,0.9813319716704275
1.0,0.0,0.0,0.0,847.12,900.3814285714287,61.0,137.0,21.7,80.0,40.0,7.83,-0.17541259380427843,0.9844950085880858
1.0,0.0,0.0,0.0,384.99,808.4028571428572,30.0,191.0,21.066666666666666,84.0,46.0,14.52,-0.15845177496083632,0.9873667175937016
1.0,0.0,0.0,0.0,805.2,868.2742857142858,0.0,221.0,17.533333333333335,89.0,47.0,17.63,-0.14144406768794202,0.9899462489023779
1.0,0.0,0.0,0.0,1066.92,857.6300000000002,0.0,195.0,17.433333333333334,85.0,40.0,17.65,-0.07304518821104743,0.9973286321364752
1.0,0.0,0.0,0.0,960.0,868.2385714285717,40.0,193.0,18.7,56.0,47.0,17.59,-0.05587875690537313,0.9984375616565666
1.0,0.0,0.0,0.0,645.18,833.1500000000002,24.0,172.0,19.466666666666665,84.0,42.0,14.51,-0.03869579017652689,0.9992510374388481
1.0,0.0,0.0,0.0,774.07,783.3542857142859,34.0,197.0,20.233333333333334,80.0,47.0,12.68,-0.004300592702981974,0.9999907524084426
1.0,0.0,0.0,0.0,674.31,758.667142857143,1.0,197.0,18.733333333333334,75.0,51.0,8.49,0.017201575418260506,0.9998520419557735
1.0,0.0,0.0,0.0,449.09,767.8242857142859,17.0,159.0,17.833333333333332,37.0,43.0,9.14,0.03439806061360801,0.9994082116062598
1.0,0.0,0.0,0.0,219.7,684.1814285714288,19.0,147.0,17.666666666666668,91.0,45.0,9.16,0.06875540848113941,0.9976335468520451
1.0,0.0,0.0,0.0,542.1,609.2071428571429,0.0,126.0,17.633333333333333,75.0,51.0,8.79,0.08590610426133272,0.9963032375991965
1.0,0.0,0.0,0.0,458.01,537.4942857142859,0.0,92.0,16.933333333333334,77.0,46.0,11.9,0.1201261651823505,0.9927586335250793
1.0,0.0,0.0,0.0,618.3,533.6542857142858,2.0,58.0,16.366666666666667,86.0,49.0,10.62,0.13718540405660057,0.9905453876091833
1.0,0.0,0.0,0.0,625.41,512.417142857143,3.0,62.0,15.5,72.0,49.0,10.15,0.17117705961019986,0.985240282501282
1.0,0.0,0.0,0.0,500.74,487.6214285714287,1.0,65.0,15.133333333333333,67.0,46.0,9.87,0.18809941761179758,0.9821499931752291
1.0,0.0,0.0,0.0,446.18,487.20571428571435,25.0,47.0,14.7,94.0,43.0,7.68,0.20496611396949532,0.9787690698649216
1.0,0.0,0.0,0.0,458.47,521.3157142857144,5.0,59.0,14.866666666666667,65.0,48.0,8.98,0.23851257519407648,0.9711394088771653
1.0,0.0,0.0,0.0,405.88,501.85571428571444,2.0,65.0,14.6,35.0,47.0,10.26,0.2717767384711357,0.9623603298276545
1.0,0.0,0.0,0.0,240.53,470.78714285714295,0.0,47.0,14.533333333333333,80.0,47.0,10.86,0.2882906407095177,0.9575429528116719
1.0,0.0,0.0,0.0,590.92,466.8757142857144,0.0,44.0,13.566666666666666,77.0,51.0,9.49,0.3047192331091634,0.9524422234305676
1.0,0.0,0.0,0.0,511.7,450.6314285714287,0.0,12.0,13.3,81.0,43.0,8.37,0.3534446712740877,0.9354554315134164
1.0,0.0,0.0,0.0,1199.7,550.4828571428573,0.0,7.0,10.666666666666666,69.0,45.0,7.39,0.3694836834473831,0.9292372181882051
1.0,0.0,0.0,0.0,2470.6,839.6857142857144,6.0,4.0,10.866666666666667,39.0,45.0,10.33,0.38541335945432564,0.9227440286201427
1.0,0.0,0.0,0.0,261.95,811.6114285714286,14.0,8.0,10.833333333333334,58.0,40.0,8.78,0.4169258813287287,0.908940487313808
1.0,0.0,0.0,0.0,318.12,799.0742857142858,0.0,34.0,9.766666666666667,73.0,45.0,9.73,0.44794493940789115,0.8940611451454876
1.0,0.0,0.0,0.0,465.05,831.1485714285716,0.0,34.0,9.766666666666667,97.0,45.0,10.9,0.4632579225674917,0.88622350294858
1.0,0.0,0.0,0.0,4169.34,1342.3514285714286,0.0,34.0,9.533333333333333,69.0,49.0,11.83,0.4784338202547012,0.8781236129591848
1.0,0.0,0.0,0.0,546.72,1347.3542857142857,0.0,34.0,9.533333333333333,49.0,47.0,10.92,0.49346814167723735,0.8697638720650646
1.0,0.0,0.0,0.0,1195.78,1346.794285714286,5.0,28.0,9.7,73.0,48.0,10.04,0.5083564379375122,0.8611467540480452
1.0,0.0,0.0,0.0,3175.78,1447.534285714286,0.0,33.0,9.633333333333333,70.0,46.0,10.4,0.5230943033491326,0.8522748088519838
1.0,0.0,0.0,0.0,487.76,1479.7928571428572,0.0,19.0,7.6,79.0,47.0,6.16,0.5376773767406141,0.8431506618282
1.0,0.0,0.0,0.0,323.86,1480.6128571428574,0.0,5.0,6.6,58.0,48.0,8.26,0.5521013427459208,0.8337770129585915
1.0,0.0,0.0,0.0,328.12,1461.0514285714287,0.0,5.0,6.6,61.0,48.0,7.34,0.5663619330814524,0.8241566360566663
1.0,0.0,0.0,0.0,311.36,909.9114285714287,12.0,5.0,7.0,83.0,34.0,7.24,0.580454927809098,0.8142923779467267
1.0,0.0,0.0,0.0,3472.58,1327.8914285714288,0.0,17.0,5.666666666666667,32.0,50.0,7.59,0.5943761565849831,0.804187157621448
1.0,0.0,0.0,0.0,168.89,1181.1928571428573,4.0,17.0,5.0,80.0,43.0,7.26,0.6081214998935418,0.7938439653781019
1.0,0.0,0.0,0.0,377.65,781.46,6.0,16.0,4.066666666666666,83.0,42.0,7.83,0.6216868902665479,0.7832658619336791
1.0,0.0,0.0,0.0,412.75,770.7442857142859,0.0,22.0,4.033333333333333,73.0,48.0,9.97,0.6350683134867438,0.7724559775191742
1.0,0.0,0.0,0.0,502.32,796.2385714285714,0.0,29.0,3.466666666666667,97.0,45.0,10.57,0.6612634749656386,0.7501537286959042
1.0,0.0,0.0,0.0,676.5,846.0071428571429,1.0,29.0,2.8666666666666667,80.0,46.0,9.2,0.6740694616546161,0.7386679638813748
1.0,0.0,0.0,0.0,489.44,871.447142857143,0.0,18.0,2.8666666666666667,42.0,55.0,8.12,0.6866759803451553,0.726963615332308
1.0,0.0,0.0,0.0,619.22,463.82428571428585,0.0,18.0,2.8666666666666667,62.0,50.0,7.73,0.6990793005655562,0.7150441465537444
1.0,0.0,0.0,0.0,337.7,487.9400000000001,7.0,8.0,3.033333333333333,78.0,40.0,5.92,0.7232617254437388,0.6905740195722293
1.0,0.0,0.0,0.0,291.06,475.5700000000001,4.0,32.0,3.066666666666667,98.0,51.0,8.56,0.7579216274973472,0.6523456189565257
1.0,0.0,0.0,0.0,595.69,501.7042857142859,16.0,35.0,3.566666666666667,35.0,50.0,10.23,0.7690308592589181,0.6392116531380588
1.0,0.0,0.0,0.0,247.02,465.2328571428573,0.0,51.0,2.7333333333333334,78.0,40.0,10.06,0.7799125224167177,0.6258885343075018
1.0,0.0,0.0,0.0,490.62,438.67857142857156,0.0,51.0,2.566666666666667,71.0,50.0,8.17,0.7905633969115482,0.612380204990065
1.0,0.0,0.0,0.0,3802.1,911.9157142857146,0.0,53.0,2.5,66.0,48.0,7.79,0.8111602420785621,0.5848239578463322
1.0,0.0,0.0,0.0,349.52,873.387142857143,10.0,50.0,2.8333333333333335,67.0,45.0,9.91,0.8211001178128892,0.5707841943569036
1.0,0.0,0.0,0.0,434.92,887.2757142857145,18.0,19.0,3.433333333333333,78.0,43.0,5.79,0.8494504794814806,0.527668345562516
1.0,0.0,0.0,0.0,289.28,887.0214285714286,0.0,37.0,3.433333333333333,88.0,49.0,10.27,0.8584015232918917,0.512978386299228
1.0,0.0,0.0,0.0,628.28,891.677142857143,0.0,37.0,3.433333333333333,82.0,44.0,11.21,0.8670985522812081,0.4981366284784055
1.0,0.0,0.0,0.0,606.54,943.0371428571428,0.0,28.0,3.2333333333333334,69.0,48.0,12.45,0.8755389928586302,0.4831474640149687
1.0,0.0,0.0,0.0,575.53,955.167142857143,5.0,28.0,2.933333333333333,91.0,45.0,10.73,0.8837203473619977,0.4680153284438345
1.0,0.0,0.0,0.0,639.28,503.3357142857144,25.0,23.0,3.7666666666666666,99.0,44.0,7.47,0.8916401947968874,0.45274469960737107
1.0,0.0,0.0,0.0,1081.3,607.8757142857145,5.0,48.0,3.933333333333333,78.0,47.0,13.42,0.9066860720977985,0.4218060770826634
1.0,0.0,0.0,0.0,3203.73,1003.4200000000001,31.0,35.0,4.966666666666667,87.0,45.0,8.68,0.9138076496466615,0.4061472386305789
1.0,0.0,0.0,0.0,498.3,1033.2800000000002,0.0,66.0,4.966666666666667,83.0,44.0,12.65,0.9272375462179537,0.374473674486883
1.0,0.0,0.0,0.0,1549.0,1164.8114285714287,13.0,66.0,5.233333333333333,78.0,47.0,9.36,0.9335418911179212,0.35846832151248087
1.0,0.0,0.0,0.0,492.75,1148.5557142857144,0.0,68.0,5.233333333333333,55.0,47.0,13.6,0.945320046913132,0.3261441535642696
1.0,0.0,0.0,0.0,508.64,1139.0,0.0,126.0,5.233333333333333,73.0,53.0,13.45,0.9655071658143364,0.2603764827344581
1.0,0.0,0.0,0.0,702.13,1147.9785714285715,4.0,126.0,5.366666666666666,79.0,45.0,11.22,0.969843196967294,0.24372971360968387
1.0,0.0,0.0,0.0,2708.33,1380.4114285714288,0.0,98.0,5.366666666666666,35.0,47.0,12.66,0.9776530844816641,0.2102247521189836
1.0,0.0,0.0,0.0,1110.81,1081.4228571428573,2.0,14.0,5.033333333333333,82.0,47.0,7.09,0.9871957872910085,0.15951325197263655
1.0,0.0,0.0,0.0,392.18,1066.2628571428572,8.0,6.0,5.3,74.0,44.0,6.78,0.9897936029670716,0.14250832791617088
1.0,0.0,0.0,0.0,331.32,892.3085714285714,6.0,14.0,5.366666666666666,73.0,46.0,8.47,0.992098522791769,0.12546123335273648
1.0,0.0,0.0,0.0,417.15,881.5085714285715,0.0,16.0,5.166666666666667,80.0,51.0,10.78,0.9941098647022418,0.10837701279187609
1.0,0.0,0.0,0.0,607.71,895.6614285714287,6.0,19.0,5.366666666666666,57.0,48.0,8.18,0.9972495210773451,0.07411742515094437
1.0,0.0,0.0,0.0,309.89,839.627142857143,0.0,23.0,5.366666666666666,66.0,46.0,9.95,0.9997451236925734,0.022576263041545485
1.0,0.0,0.0,0.0,440.19,515.607142857143,12.0,24.0,5.733333333333333,78.0,49.0,15.06,0.9999300657962057,-0.011826390691832589
1.0,0.0,0.0,0.0,816.63,473.58142857142866,6.0,36.0,5.933333333333334,45.0,47.0,13.89,0.9995786855478958,-0.029025013321975237
1.0,0.0,0.0,0.0,425.0,478.27000000000015,0.0,40.0,5.933333333333334,68.0,45.0,15.04,0.9967506498213929,-0.08054900421874167
1.0,0.0,0.0,0.0,675.18,527.3928571428572,12.0,40.0,6.1,83.0,46.0,13.12,0.9952176027737294,-0.09768276782171598
1.0,0.0,0.0,0.0,713.3,569.7,0.0,52.0,5.966666666666667,81.0,48.0,13.53,0.9933900548258936,-0.11478762552212701
1.0,0.0,0.0,0.0,750.76,590.1357142857144,45.0,37.0,6.933333333333334,78.0,42.0,11.1,0.9912685467787256,-0.13185851571739118
1.0,0.0,0.0,0.0,545.58,623.8057142857144,20.0,73.0,7.6,31.0,47.0,14.29,0.986146248341595,-0.16587819893463143
1.0,0.0,0.0,0.0,299.03,603.6400000000001,19.0,93.0,8.233333333333333,41.0,48.0,14.54,0.9831469737221499,-0.1828169249850199
1.0,0.0,0.0,0.0,393.36,543.1728571428572,14.0,105.0,8.7,50.0,41.0,15.6,0.9762766110869321,-0.21652708524481437
1.0,0.0,0.0,0.0,2922.3,899.9300000000002,28.0,119.0,9.3,28.0,48.0,13.64,0.9638074231367307,-0.26659942067929354
1.0,0.0,0.0,0.0,259.76,840.5842857142859,0.0,138.0,8.7,35.0,49.0,13.74,0.9590788900341131,-0.28313898122818354
1.0,0.0,0.0,0.0,336.7,786.7842857142858,3.0,136.0,8.8,83.0,48.0,15.41,0.9431964659565866,-0.33223549871590435
1.0,0.0,0.0,0.0,863.33,802.8657142857145,11.0,125.0,9.166666666666666,90.0,49.0,13.17,0.9373419384643772,-0.3484108069446808
1.0,0.0,0.0,0.0,805.8,840.0400000000002,2.0,270.0,9.233333333333333,34.0,49.0,15.97,0.9248025743285089,-0.38044736628785164
1.0,0.0,0.0,0.0,377.39,851.2342857142858,0.0,244.0,9.066666666666666,79.0,44.0,13.35,0.9181214482844364,-0.39629913726891813
1.0,0.0,0.0,0.0,701.58,895.2657142857144,0.0,233.0,8.233333333333333,86.0,43.0,12.15,0.8964562582905575,-0.44313223418263453
1.0,0.0,0.0,0.0,679.25,574.8300000000002,1.0,230.0,8.1,69.0,46.0,11.9,0.8887010478292915,-0.45848712914008766
1.0,0.0,0.0,0.0,558.28,617.4757142857144,2.0,220.0,7.133333333333334,81.0,45.0,15.14,0.8806828564301475,-0.47370635037968
1.0,0.0,0.0,0.0,2767.29,964.7028571428572,6.0,31.0,7.333333333333333,41.0,41.0,15.15,0.8724040568049612,-0.48878539428899265
1.0,0.0,0.0,0.0,388.12,896.8157142857144,17.0,35.0,7.466666666666667,74.0,42.0,18.12,0.8638670987837349,-0.503719798736334
1.0,0.0,0.0,0.0,851.53,903.3485714285715,32.0,52.0,8.533333333333333,88.0,49.0,14.92,0.8550745085896932,-0.518505144391157
1.0,0.0,0.0,0.0,4737.28,1526.1900000000003,9.0,78.0,8.833333333333334,78.0,44.0,17.65,0.8367329140344921,-0.5476112038402312
1.0,0.0,0.0,0.0,895.05,1553.8285714285716,18.0,87.0,9.3,73.0,53.0,15.59,0.8174009818249189,-0.5760691233798758
1.0,0.0,0.0,0.0,4192.36,2055.7014285714286,82.0,103.0,12.033333333333333,26.0,47.0,8.58,0.8073707443023492,-0.5900444739548627
1.0,0.0,0.0,0.0,147.18,1996.972857142857,6.0,179.0,12.166666666666666,75.0,39.0,14.67,0.7971015927871943,-0.6038452208771035
1.0,0.0,0.0,0.0,671.0,1697.5028571428572,96.0,155.0,15.1,76.0,41.0,7.0,0.7758587728069828,-0.6309066211876704
1.0,0.0,0.0,0.0,332.5,1689.5571428571427,4.0,231.0,15.033333333333333,68.0,46.0,18.69,0.7648913904341225,-0.6441592666722685
1.0,0.0,0.0,0.0,851.57,1689.5628571428572,4.0,226.0,15.166666666666666,93.0,48.0,17.63,0.753697664392914,-0.6572212950663319
1.0,0.0,0.0,0.0,1115.2,1172.1228571428571,3.0,229.0,15.066666666666666,62.0,44.0,18.77,0.742280907086982,-0.6700888411055113
1.0,0.0,0.0,0.0,768.24,1154.007142857143,2.0,214.0,15.133333333333333,26.0,44.0,20.77,0.7306444969184916,-0.6827580970759147
1.0,0.0,0.0,0.0,353.7,605.627142857143,30.0,137.0,15.733333333333333,109.0,43.0,10.87,0.7067265555776158,-0.7074868024503348
1.0,0.0,0.0,0.0,758.4,692.9442857142859,36.0,148.0,16.733333333333334,81.0,44.0,15.7,0.6944521021088763,-0.719538934232584
1.0,0.0,0.0,0.0,4556.16,1247.967142857143,36.0,88.0,17.933333333333334,79.0,44.0,13.72,0.6819721490904629,-0.7313781428679254
1.0,0.0,0.0,0.0,693.76,1299.5757142857144,30.0,116.0,18.533333333333335,64.0,42.0,14.36,0.6564105761979381,-0.7544038410927472
1.0,0.0,0.0,0.0,592.75,1262.6014285714286,39.0,143.0,19.833333333333332,45.0,44.0,18.18,0.6433365204044917,-0.765583517007675
1.0,0.0,0.0,0.0,535.79,1179.8285714285716,7.0,180.0,18.566666666666666,80.0,44.0,15.66,0.6300720909843687,-0.7765366444428655
1.0,0.0,0.0,0.0,820.72,1187.3257142857144,5.0,177.0,18.066666666666666,85.0,47.0,20.66,0.6029878670694714,-0.7977503570459932
1.0,0.0,0.0,0.0,1185.3,1306.1257142857144,0.0,146.0,17.433333333333334,79.0,48.0,19.82,0.5891760872322963,-0.8080046647350754
1.0,0.0,0.0,0.0,1080.54,1352.1457142857146,14.0,110.0,17.433333333333334,79.0,48.0,20.01,0.5610336262283677,-0.8277930117131022
1.0,0.0,0.0,0.0,1067.18,853.7200000000001,6.0,94.0,16.7,48.0,40.0,15.77,0.5467112728685939,-0.8373211953118121
1.0,0.0,0.0,0.0,1263.34,935.0885714285715,54.0,61.0,18.5,66.0,44.0,16.5,0.5322271388474397,-0.8466016020976267
1.0,0.0,0.0,0.0,1192.4,1020.7528571428572,0.0,108.0,18.4,95.0,47.0,17.49,0.5175855102531889,-0.8556314858488706
1.0,0.0,0.0,0.0,1121.85,1104.4757142857145,18.0,79.0,18.633333333333333,68.0,46.0,17.68,0.5027907197793043,-0.8644081744776648
1.0,0.0,0.0,0.0,793.32,1100.5614285714287,6.0,92.0,18.766666666666666,68.0,43.0,14.28,0.47275920928627757,-0.881191653407483
1.0,0.0,0.0,0.0,611.73,1018.6228571428574,15.0,98.0,19.266666666666666,90.0,43.0,13.42,0.4575313760742512,-0.8891934772070711
1.0,0.0,0.0,0.0,779.16,975.5685714285717,32.0,99.0,20.333333333333332,48.0,42.0,10.88,0.44216815196707204,-0.8969321743510065
1.0,0.0,0.0,0.0,326.25,869.7214285714288,30.0,125.0,21.3,68.0,44.0,12.18,0.42667408318992467,-0.9044054548343001
1.0,0.0,0.0,0.0,529.92,764.947142857143,15.0,101.0,21.733333333333334,79.0,49.0,15.25,0.4110537546870351,-0.9116111071930239
1.0,0.0,0.0,0.0,825.43,712.5228571428572,10.0,116.0,21.866666666666667,96.0,44.0,19.16,0.3953117887649151,-0.9185469991587165
1.0,0.0,0.0,0.0,1204.55,724.3371428571429,13.0,141.0,21.733333333333334,69.0,44.0,16.51,0.36348161248290634,-0.9316013725767187
1.0,0.0,0.0,0.0,746.05,717.5842857142859,6.0,148.0,20.866666666666667,71.0,39.0,15.37,0.3474028211842774,-0.9377159910299093
1.0,0.0,0.0,0.0,670.97,726.0471428571428,34.0,139.0,21.7,42.0,44.0,12.48,0.3312212278016865,-0.9435531242349544
1.0,0.0,0.0,0.0,1157.98,780.1642857142858,0.0,223.0,21.1,77.0,45.0,15.08,0.2985688173637202,-0.9543881083175908
1.0,0.0,0.0,0.0,1172.6799999999998,901.0828571428572,30.0,208.0,19.366666666666667,59.0,46.0,12.46,0.2821076626819194,-0.9593827529490743
1.0,0.0,0.0,0.0,488.78,895.2057142857144,1.0,228.0,19.2,79.0,47.0,16.1,0.26556302780405594,-0.9640935007889755
1.0,0.0,0.0,0.0,1666.96,1015.4242857142859,7.0,199.0,16.233333333333334,95.0,46.0,14.11,0.23224292400907015,-0.9726578145718654
1.0,0.0,0.0,0.0,891.1,970.6457142857143,16.0,200.0,16.633333333333333,38.0,50.0,19.68,0.21547731504673012,-0.976508846196619
1.0,0.0,0.0,0.0,512.38,937.2642857142857,32.0,96.0,17.566666666666666,95.0,40.0,14.35,0.14782713347053048,-0.9890132145779883
1.0,0.0,0.0,0.0,851.88,963.1085714285716,33.0,138.0,18.566666666666666,75.0,46.0,13.69,0.07947729992362097,-0.9968366760893436
1.0,0.0,0.0,0.0,1115.69,957.067142857143,23.0,160.0,19.266666666666666,77.0,45.0,15.01,0.062318379354325076,-0.998056320853012
1.0,0.0,0.0,0.0,768.74,899.3614285714286,6.0,183.0,18.466666666666665,86.0,45.0,17.37,0.04514101777397193,-0.9989806246941579
1.0,0.0,0.0,0.0,1373.5700000000002,1025.76,62.0,144.0,19.333333333333332,76.0,43.0,6.32,0.02795029824021032,-0.999609314096404
1.0,0.0,0.0,0.0,304.8,831.1657142857144,0.0,174.0,18.133333333333333,100.0,45.0,11.99,0.01075130776352193,-0.9999422030204416
1.0,0.0,0.0,0.0,791.34,816.9142857142859,15.0,132.0,17.633333333333333,77.0,44.0,10.71,-0.04084439154329611,-0.9991655196610109
1.0,0.0,0.0,0.0,548.62,822.0914285714288,0.0,114.0,16.333333333333332,59.0,47.0,15.31,-0.05802556932878035,-0.9983150972033183
1.0,0.0,0.0,0.0,614.04,788.1142857142859,0.0,91.0,16.1,68.0,46.0,11.29,-0.07518957641475855,-0.9971692572470178
1.0,0.0,0.0,0.0,518.4,702.7871428571428,0.0,85.0,15.933333333333334,81.0,49.0,10.99,-0.09233133369539122,-0.9957283388645872
1.0,0.0,0.0,0.0,609.65,680.0600000000002,0.0,23.0,15.933333333333334,78.0,47.0,14.0,-0.10944576864891556,-0.993992768446958
1.0,0.0,0.0,0.0,3678.64,1009.3557142857145,7.0,23.0,15.7,72.0,46.0,12.89,-0.12652781683868314,-0.9919630595773397
1.0,0.0,0.0,0.0,631.04,1055.9614285714288,86.0,45.0,18.366666666666667,77.0,49.0,4.44,-0.16057454459499376,-0.9870237158387383
1.0,0.0,0.0,0.0,230.85,975.8914285714287,12.0,116.0,16.966666666666665,69.0,45.0,12.07,-0.17752914918703497,-0.984115542601034
1.0,0.0,0.0,0.0,1897.45,1168.5814285714287,0.0,137.0,16.966666666666665,73.0,51.0,13.48,-0.2112757555821793,-0.9774264960104055
1.0,0.0,0.0,0.0,1377.72,1277.6785714285713,0.0,137.0,16.366666666666667,69.0,46.0,13.07,-0.2280577712215198,-0.9736476020539838
1.0,0.0,0.0,0.0,604.34,1289.9557142857143,15.0,137.0,16.666666666666668,77.0,49.0,11.32,-0.24477230089725957,-0.9695805901076308
1.0,0.0,0.0,0.0,592.96,1287.571428571429,0.0,145.0,16.166666666666668,26.0,45.0,15.23,-0.2614143985111562,-0.965226663665613
1.0,0.0,0.0,0.0,261.36,799.3885714285715,0.0,122.0,15.1,80.0,47.0,11.75,-0.2779791393987801,-0.9605871111248129
1.0,0.0,0.0,0.0,634.5,799.8828571428572,7.0,36.0,14.333333333333334,72.0,43.0,12.14,-0.2944616217868012,-0.9556633054034704
1.0,0.0,0.0,0.0,563.73,847.437142857143,7.0,31.0,14.066666666666666,73.0,43.0,12.59,-0.3108569682435036,-0.9504567035349151
1.0,0.0,0.0,0.0,3364.35,1056.9942857142858,0.0,29.0,13.733333333333333,89.0,46.0,11.17,-0.3271603271220951,-0.9449688462364056
1.0,0.0,0.0,0.0,4242.98,1466.317142857143,15.0,29.0,13.8,68.0,43.0,11.24,-0.34336687399638804,-0.939201357453208
1.0,0.0,0.0,0.0,485.14,1449.2885714285715,0.0,49.0,13.6,86.0,51.0,14.08,-0.3913578365610259,-0.9202385798054075
1.0,0.0,0.0,0.0,847.7,1485.68,3.0,49.0,12.566666666666666,98.0,45.0,14.48,-0.4071294853542516,-0.9133704517637858
1.0,0.0,0.0,0.0,4872.64,2144.434285714286,3.0,45.0,12.666666666666666,79.0,46.0,13.62,-0.4227806579826773,-0.9062320427107697
1.0,0.0,0.0,0.0,731.68,2158.317142857143,16.0,41.0,12.2,70.0,47.0,11.76,-0.4383067230125192,-0.898825465016444
1.0,0.0,0.0,0.0,563.75,2158.32,14.0,57.0,12.633333333333333,87.0,52.0,12.67,-0.45370308603134424,-0.8911529104063088
1.0,0.0,0.0,0.0,765.89,1787.1114285714286,0.0,36.0,12.4,31.0,49.0,11.26,-0.48408852163897587,-0.8750190302029955
1.0,0.0,0.0,0.0,242.56,1215.6228571428571,21.0,36.0,12.566666666666666,78.0,42.0,8.13,-0.4990686026885319,-0.8665624788845385
1.0,0.0,0.0,0.0,399.42,1203.377142857143,12.0,57.0,11.9,86.0,44.0,9.63,-0.5139010013093103,-0.8578494977869301
1.0,0.0,0.0,0.0,534.06,1158.5714285714287,27.0,66.0,11.7,88.0,42.0,7.3,-0.5285813283559292,-0.8488826652214553
1.0,0.0,0.0,0.0,410.88,521.1771428571429,21.0,90.0,11.633333333333333,77.0,48.0,8.97,-0.5431052396834317,-0.8396646346181327
1.0,0.0,0.0,0.0,466.43,483.2842857142859,33.0,95.0,12.533333333333333,62.0,40.0,9.65,-0.5574684374327892,-0.8301981337405212
1.0,0.0,0.0,0.0,373.75,456.1414285714287,0.0,132.0,10.466666666666667,88.0,49.0,12.88,-0.5995514915196489,-0.8003361849976323
1.0,0.0,0.0,0.0,793.1,460.0285714285716,25.0,111.0,11.3,76.0,43.0,7.99,-0.6132298262997502,-0.7899045386224707
1.0,0.0,0.0,0.0,721.5899999999999,528.4614285714287,14.0,124.0,11.266666666666667,71.0,45.0,11.62,-0.6267266965083301,-0.7792391467859886
1.0,0.0,0.0,0.0,544.5,549.1871428571429,36.0,111.0,12.466666666666667,80.0,51.0,9.38,-0.6400381082043503,-0.7683431655492202
1.0,0.0,0.0,0.0,2957.25,895.357142857143,26.0,126.0,13.333333333333334,73.0,46.0,9.33,-0.65316012232693,-0.7572198192083127
1.0,0.0,0.0,0.0,449.46,900.8685714285715,3.0,119.0,13.433333333333334,69.0,45.0,10.46,-0.666088855860977,-0.7458723993404063
1.0,0.0,0.0,0.0,480.13,902.8257142857144,30.0,108.0,14.433333333333334,43.0,40.0,10.4,-0.6788204829862355,-0.734304263829602
1.0,0.0,0.0,0.0,2437.61,1197.6628571428573,12.0,134.0,14.6,80.0,42.0,12.47,-0.6913512362094071,-0.722518835873311
1.0,0.0,0.0,0.0,618.76,1172.757142857143,23.0,146.0,12.5,75.0,40.0,8.75,-0.7036774074790128,-0.7105196029692745
1.0,0.0,0.0,0.0,416.56,1129.1814285714288,9.0,140.0,12.4,76.0,44.0,12.72,-0.7277014757264236,-0.6858939875998223
1.0,0.0,0.0,0.0,633.38,1141.8785714285716,0.0,87.0,12.4,81.0,48.0,11.25,-0.7508642533989489,-0.6604565640279754
1.0,0.0,0.0,0.0,605.82,805.9600000000002,2.0,63.0,12.466666666666667,85.0,49.0,10.0,-0.7731383255706026,-0.6342374393978054
1.0,0.0,0.0,0.0,582.25,824.9300000000002,0.0,53.0,11.966666666666667,86.0,51.0,13.09,-0.7839338166829201,-0.620844401650647
1.0,0.0,0.0,0.0,2072.46,1052.4057142857143,12.0,30.0,12.366666666666667,85.0,48.0,10.65,-0.7944973291665992,-0.6072676460566135
1.0,0.0,0.0,0.0,615.4,792.0900000000001,38.0,32.0,13.633333333333333,80.0,50.0,8.16,-0.8048257371083452,-0.593511190196115
1.0,0.0,0.0,0.0,447.31,767.597142857143,12.0,61.0,13.8,70.0,40.0,13.33,-0.8149159841660791,-0.5795791048257612
1.0,0.0,0.0,0.0,578.46,790.7257142857144,0.0,73.0,13.566666666666666,63.0,46.0,12.84,-0.8247650844733614,-0.5654755126737576
1.0,0.0,0.0,0.0,546.08,778.2542857142859,18.0,101.0,14.166666666666666,79.0,44.0,10.47,-0.8437282590292712,-0.5367705514607103
1.0,0.0,0.0,0.0,537.55,768.5014285714287,4.0,117.0,13.8,97.0,49.0,10.78,-0.8616928164028522,-0.5074302810827518
1.0,0.0,0.0,0.0,737.43,790.6700000000001,19.0,109.0,14.433333333333334,100.0,44.0,10.67,-0.8702939222685674,-0.49253272872205434
1.0,0.0,0.0,0.0,698.88,594.4442857142858,5.0,90.0,14.5,69.0,42.0,13.88,-0.8786374941610001,-0.4774894280028391
1.0,0.0,0.0,0.0,1066.7,658.9157142857144,2.0,63.0,14.466666666666667,81.0,51.0,13.96,-0.9020987014301837,-0.43152975897147144
1.0,0.0,0.0,0.0,797.36,708.9228571428573,5.0,76.0,14.1,80.0,49.0,14.19,-0.9164086366943458,-0.4002439388573056
1.0,0.0,0.0,0.0,783.15,738.1642857142858,12.0,115.0,14.033333333333333,81.0,42.0,11.6,-0.9296339319682695,-0.3684843993077793
1.0,0.0,0.0,0.0,587.5,744.0814285714287,0.0,122.0,14.033333333333333,70.0,48.0,11.87,-0.9358348973349941,-0.35243871088460327
1.0,0.0,0.0,0.0,573.39,749.2014285714287,66.0,122.0,15.533333333333333,42.0,47.0,5.02,-0.9417589340994617,-0.33628873017668287
1.0,0.0,0.0,0.0,139.26,663.7485714285715,19.0,171.0,15.766666666666667,78.0,41.0,10.94,-0.9474042892438845,-0.32003923622313857
1.0,0.0,0.0,0.0,545.92,641.897142857143,28.0,174.0,15.8,86.0,41.0,9.14,-0.9578523554276669,-0.28726097055059635
1.0,0.0,0.0,0.0,487.32,559.1285714285716,44.0,197.0,16.566666666666666,66.0,48.0,9.23,-0.9626519747161487,-0.2707418984477642
1.0,0.0,0.0,0.0,1221.21,619.6785714285716,29.0,184.0,16.433333333333334,77.0,44.0,11.69,-0.9671667297977312,-0.2541427094613622
1.0,0.0,0.0,0.0,585.0,591.3714285714287,0.0,216.0,16.433333333333334,44.0,47.0,12.61,-0.9753363880767837,-0.2207236509605022
1.0,0.0,0.0,0.0,374.62,560.9600000000002,5.0,131.0,15.766666666666667,77.0,47.0,10.49,-0.9823516608469237,-0.18704334906991657
1.0,0.0,0.0,0.0,545.4,556.9614285714287,50.0,121.0,16.966666666666665,67.0,48.0,10.15,-0.9854237542919524,-0.17011767832049052
1.0,0.0,0.0,0.0,455.6,602.1528571428572,0.0,77.0,15.766666666666667,80.0,44.0,14.69,-0.9928872135356962,-0.11905873003404988
1.0,0.0,0.0,0.0,775.5,634.95,3.0,87.0,15.0,74.0,42.0,12.34,-0.9963950238187231,-0.08483487790576538
1.0,0.0,0.0,0.0,598.01,650.7628571428573,2.0,95.0,14.966666666666667,80.0,42.0,14.47,-0.9987235240803972,-0.050510617185222886
1.0,0.0,0.0,0.0,735.33,581.3514285714288,28.0,93.0,14.9,78.0,46.0,13.21,-0.9999994220246925,0.001075151282798226
1.0,0.0,0.0,0.0,690.1,596.3657142857144,17.0,121.0,15.066666666666666,33.0,37.0,14.58,-0.999832969770105,0.018276557681691223
1.0,0.0,0.0,0.0,805.6,657.9342857142858,0.0,113.0,14.3,73.0,45.0,17.75,-0.9993706508539969,0.03547255575312556
1.0,0.0,0.0,0.0,842.4,700.3628571428573,27.0,164.0,14.9,72.0,46.0,11.51,-0.9962102997023297,0.0869772313136861
1.0,0.0,0.0,0.0,543.0,712.8485714285715,16.0,150.0,15.433333333333334,70.0,45.0,15.61,-0.9945667569706337,0.1041007489354256
1.0,0.0,0.0,0.0,721.38,705.117142857143,16.0,154.0,15.9,88.0,49.0,16.4,-0.9926289059345095,0.121193461470736
1.0,0.0,0.0,0.0,3699.24,1148.15,0.0,142.0,15.9,49.0,49.0,14.1,-0.9903973200352558,0.1382503109109819
1.0,0.0,0.0,0.0,909.88,1173.0857142857144,9.0,125.0,15.8,92.0,49.0,17.55,-0.9878726596350429,0.15526624985999563
1.0,0.0,0.0,0.0,1098.2,1231.3857142857144,16.0,101.0,15.066666666666666,93.0,48.0,13.06,-0.981947190186646,0.18915526872004093
1.0,0.0,0.0,0.0,814.05,1232.5928571428572,30.0,117.0,15.666666666666666,74.0,42.0,12.68,-0.9785481345802031,0.20601832032517084
1.0,0.0,0.0,0.0,3848.63,1662.054285714286,21.0,120.0,16.366666666666667,83.0,41.0,13.7,-0.9748595108374125,0.22282040779479959
1.0,0.0,0.0,0.0,710.62,1686.0000000000002,61.0,125.0,17.8,67.0,41.0,6.52,-0.9708824104813836,0.23955655912092708
1.0,0.0,0.0,0.0,275.31,1622.2757142857142,32.0,170.0,18.733333333333334,27.0,50.0,11.63,-0.9666180104000972,0.2562218218071163
1.0,0.0,0.0,0.0,219.8,1125.2128571428573,26.0,202.0,18.966666666666665,77.0,44.0,10.22,-0.9620675724981452,0.27281126433401914
1.0,0.0,0.0,0.0,511.55,1068.3085714285714,3.0,219.0,18.9,74.0,53.0,17.77,-0.957232443323312,0.28931997761869527
1.0,0.0,0.0,0.0,940.23,1045.7414285714287,11.0,214.0,19.2,90.0,47.0,12.79,-0.9410336347451197,0.3383130181923076
1.0,0.0,0.0,0.0,1132.42,1091.2228571428573,5.0,204.0,19.2,93.0,51.0,17.49,-0.9350748843515574,0.3544502230989869
1.0,0.0,0.0,0.0,1171.44,708.767142857143,15.0,148.0,19.3,55.0,43.0,15.25,-0.9288394302558068,0.3704825404820963
1.0,0.0,0.0,0.0,536.96,683.9585714285715,3.0,234.0,19.4,73.0,47.0,17.12,-0.9084917035725082,0.41790288888678667
1.0,0.0,0.0,0.0,2504.0,1002.3428571428573,2.0,212.0,17.266666666666666,88.0,45.0,12.33,-0.9011686968561569,0.4334685453485363
1.0,0.0,0.0,0.0,1359.95,1165.2214285714285,45.0,178.0,18.133333333333333,78.0,46.0,12.49,-0.8857249183835637,0.4642104791518923
1.0,0.0,0.0,0.0,647.71,1184.6728571428573,0.0,205.0,17.2,72.0,45.0,15.67,-0.8692328164574792,0.49440298420761813
1.0,0.0,0.0,0.0,1316.12,1238.3714285714286,9.0,146.0,16.033333333333335,59.0,45.0,15.64,-0.8605996962501181,0.5092820071573356
1.0,0.0,0.0,0.0,618.41,1164.9414285714286,22.0,125.0,15.8,83.0,46.0,11.42,-0.8331829385891785,0.5529974600700271
1.0,0.0,0.0,0.0,635.16,1088.3300000000002,32.0,126.0,16.866666666666667,68.0,43.0,11.72,-0.8235472349556007,0.5672476988027229
1.0,0.0,0.0,0.0,510.08,1084.4900000000002,45.0,113.0,18.2,44.0,51.0,13.39,-0.8136678304455991,0.5813300798152042
1.0,0.0,0.0,0.0,412.3,785.6757142857143,39.0,156.0,17.833333333333332,68.0,45.0,13.13,-0.8035476485339116,0.5952404359043674
1.0,0.0,0.0,0.0,584.92,674.9571428571429,43.0,195.0,19.266666666666666,97.0,41.0,10.22,-0.7931896839451843,0.6089746507720486
1.0,0.0,0.0,0.0,624.33,671.617142857143,3.0,229.0,19.266666666666666,95.0,49.0,13.36,-0.7825970017677834,0.6225286602431057
1.0,0.0,0.0,0.0,875.61,608.687142857143,31.0,208.0,20.233333333333334,80.0,42.0,11.14,-0.7717727365467836,0.6358984534680745
1.0,0.0,0.0,0.0,561.33,600.5328571428572,10.0,215.0,19.633333333333333,57.0,50.0,14.19,-0.7607200913564104,0.6490800741100398
1.0,0.0,0.0,0.0,554.17,588.9628571428573,75.0,203.0,21.566666666666666,71.0,50.0,5.63,-0.7494423368521954,0.6620696215153815
1.0,0.0,0.0,0.0,946.0,651.237142857143,2.0,215.0,21.633333333333333,75.0,48.0,16.63,-0.7262249146041543,0.6874571793269664
1.0,0.0,0.0,0.0,841.73,712.5842857142859,78.0,178.0,23.333333333333332,80.0,46.0,5.28,-0.7142921172691032,0.699847677146407
1.0,0.0,0.0,0.0,276.41,668.5114285714287,0.0,213.0,22.8,71.0,48.0,16.2,-0.7021479494046978,0.7120310787787131
1.0,0.0,0.0,0.0,1227.75,754.7142857142859,7.0,210.0,22.5,66.0,45.0,15.55,-0.6897960046655887,0.7240037789593305
1.0,0.0,0.0,0.0,2379.03,969.4885714285717,17.0,186.0,23.066666666666666,69.0,45.0,15.01,-0.6772399381909491,0.7357622347736527
1.0,0.0,0.0,0.0,1151.04,1053.7328571428573,27.0,193.0,23.666666666666668,70.0,43.0,9.61,-0.6644834655228552,0.7473029667054296
1.0,0.0,0.0,0.0,434.09,1036.5785714285716,2.0,211.0,23.2,61.0,48.0,16.69,-0.6250496486104377,0.7805849965070866
1.0,0.0,0.0,0.0,702.42,1001.7814285714287,99.0,135.0,25.5,68.0,50.0,7.78,-0.6115298757991053,0.7912213413483807
1.0,0.0,0.0,0.0,367.66,934.0571428571429,7.0,228.0,25.033333333333335,65.0,47.0,13.06,-0.5839514998576998,0.8117885474764613
1.0,0.0,0.0,0.0,577.32,977.0442857142859,3.0,218.0,23.1,73.0,44.0,17.38,-0.5699010576127624,0.8217133225960589
1.0,0.0,0.0,0.0,2242.85,1122.0585714285714,0.0,225.0,22.033333333333335,86.0,51.0,13.02,-0.5412984521036173,0.8408305333122887
1.0,0.0,0.0,0.0,778.4,893.397142857143,11.0,180.0,21.533333333333335,70.0,46.0,17.83,-0.5267547528105542,0.8500173118187018
1.0,0.0,0.0,0.0,829.92,847.5228571428571,26.0,189.0,22.3,91.0,48.0,9.71,-0.5120551783114646,0.8589525565270845
1.0,0.0,0.0,0.0,4333.86,1404.6328571428571,24.0,116.0,22.733333333333334,83.0,47.0,10.19,-0.4972040784469378,0.8676336233547726
1.0,0.0,0.0,0.0,571.05,1385.8657142857141,30.0,139.0,23.566666666666666,77.0,44.0,9.18,-0.4822058478963526,0.8760579434344281
1.0,0.0,0.0,0.0,463.09,1399.4985714285715,87.0,188.0,25.966666666666665,25.0,39.0,5.88,-0.451785789832884,0.8921264484954345
1.0,0.0,0.0,0.0,90.41,1329.94,12.0,207.0,26.266666666666666,72.0,43.0,13.56,-0.4363729641045924,0.8997658785476209
1.0,0.0,0.0,0.0,624.64,1098.7671428571427,2.0,219.0,26.266666666666666,77.0,51.0,11.81,-0.42083100859565564,0.9071390534005044
1.0,0.0,0.0,0.0,1066.3,1139.8957142857143,13.0,210.0,25.2,73.0,40.0,11.56,-0.4051645224207563,0.9142437912130223
1.0,0.0,0.0,0.0,535.94,1097.8985714285716,0.0,175.0,25.2,112.0,53.0,13.35,-0.37347653741307074,0.9276396261490467
1.0,0.0,0.0,0.0,1068.93,631.4800000000001,12.0,137.0,25.3,27.0,48.0,13.33,-0.34134651424503615,0.9399375283564133
1.0,0.0,0.0,0.0,997.0,692.33,10.0,50.0,24.9,86.0,40.0,14.09,-0.30881248126625377,0.9511229423235357
1.0,0.0,0.0,0.0,769.62,736.12,24.0,58.0,24.633333333333333,63.0,43.0,11.27,-0.29240597695107734,0.9562942772197719
1.0,0.0,0.0,0.0,454.4,788.1185714285715,16.0,69.0,23.666666666666668,82.0,43.0,13.1,-0.27591294500296043,0.9611826292540837
1.0,0.0,0.0,0.0,687.36,797.0785714285715,52.0,83.0,24.1,104.0,45.0,10.11,-0.2593382659754056,0.9657865518844574
1.0,0.0,0.0,0.0,709.43,746.097142857143,130.0,102.0,27.0,78.0,44.0,5.4,-0.20917350564635637,0.9778785428342386
1.0,0.0,0.0,0.0,267.33,707.7242857142859,5.0,224.0,27.066666666666666,80.0,49.0,12.49,-0.17541259380427843,0.9844950085880858
1.0,0.0,0.0,0.0,689.31,653.4928571428572,56.0,205.0,27.9,74.0,42.0,9.53,-0.15845177496083632,0.9873667175937016
1.0,0.0,0.0,0.0,762.6800000000001,620.0185714285716,1.0,245.0,27.6,59.0,48.0,13.29,-0.14144406768794202,0.9899462489023779
1.0,0.0,0.0,0.0,540.96,587.3528571428573,29.0,126.0,26.066666666666666,69.0,47.0,7.62,-0.07304518821104743,0.9973286321364752
1.0,0.0,0.0,0.0,352.42,572.7842857142858,0.0,158.0,26.0,77.0,51.0,12.51,-0.03869579017652689,0.9992510374388481
1.0,0.0,0.0,0.0,678.92,571.5785714285715,29.0,102.0,24.366666666666667,80.0,45.0,9.55,-0.021501372740813793,0.999768818762748
1.0,0.0,0.0,0.0,504.24,542.2657142857144,44.0,130.0,25.833333333333332,72.0,47.0,9.18,-0.004300592702981974,0.9999907524084426
1.0,0.0,0.0,0.0,442.87,567.3428571428573,1.0,136.0,25.633333333333333,61.0,49.0,18.64,0.03439806061360801,0.9994082116062598
1.0,0.0,0.0,0.0,1428.59,672.9542857142859,18.0,133.0,25.666666666666668,85.0,43.0,16.86,0.051584366869408364,0.9986686402879997
1.0,0.0,0.0,0.0,909.96,693.9942857142859,0.0,122.0,24.766666666666666,70.0,49.0,14.77,0.06875540848113941,0.9976335468520451
1.0,0.0,0.0,0.0,1568.46,840.7800000000001,14.0,112.0,25.166666666666668,77.0,44.0,20.22,0.08590610426133272,0.9963032375991965
1.0,0.0,0.0,0.0,1909.84,1063.2685714285715,10.0,71.0,22.2,42.0,46.0,15.55,0.13718540405660057,0.9905453876091833
1.0,0.0,0.0,0.0,430.98,1027.8485714285714,1.0,61.0,22.0,78.0,48.0,14.6,0.1542040475626894,0.988039023376751
1.0,0.0,0.0,0.0,780.22,1067.274285714286,20.0,61.0,22.566666666666666,90.0,44.0,14.72,0.17117705961019986,0.985240282501282
1.0,0.0,0.0,0.0,861.25,1127.0428571428572,0.0,67.0,22.566666666666666,89.0,49.0,16.25,0.20496611396949532,0.9787690698649216
1.0,0.0,0.0,0.0,1012.2,1067.5585714285714,0.0,53.0,22.2,63.0,49.0,16.37,0.22177215755648186,0.975098513039961
1.0,0.0,0.0,0.0,721.7,1040.6642857142858,3.0,53.0,21.433333333333334,82.0,46.0,20.23,0.23851257519407648,0.9711394088771653
1.0,0.0,0.0,0.0,2757.53,1210.5314285714287,6.0,38.0,20.833333333333332,84.0,47.0,14.92,0.3047192331091634,0.9524422234305676
1.0,0.0,0.0,0.0,845.78,1058.5228571428572,43.0,40.0,21.266666666666666,70.0,47.0,10.27,0.321057654185271,0.9470596510722283
1.0,0.0,0.0,0.0,1059.54,1148.317142857143,0.0,83.0,18.366666666666667,84.0,47.0,19.96,0.3373010691361842,0.9413968285264122
1.0,0.0,0.0,0.0,1123.59,1197.3700000000001,9.0,83.0,18.266666666666666,68.0,45.0,16.62,0.3534446712740877,0.9354554315134164
1.0,0.0,0.0,0.0,734.5,1179.2628571428572,10.0,89.0,18.533333333333335,35.0,43.0,15.34,0.3694836834473831,0.9292372181882051
1.0,0.0,0.0,0.0,351.74,1084.9114285714288,1.0,110.0,18.133333333333333,71.0,52.0,18.77,0.4324994021339788,0.901634220265486
1.0,0.0,0.0,0.0,939.77,1116.064285714286,26.0,68.0,19.0,107.0,50.0,14.12,0.44794493940789115,0.8940611451454876
1.0,0.0,0.0,0.0,1042.59,871.0728571428572,4.0,85.0,18.733333333333334,33.0,53.0,20.15,0.4784338202547012,0.8781236129591848
1.0,0.0,0.0,0.0,475.48,818.1728571428573,0.0,44.0,18.4,79.0,42.0,14.54,0.5376773767406141,0.8431506618282
1.0,0.0,0.0,0.0,758.34,775.1442857142858,0.0,43.0,17.6,66.0,45.0,13.55,0.5521013427459208,0.8337770129585915
1.0,0.0,0.0,0.0,590.04,698.9228571428573,15.0,17.0,17.566666666666666,74.0,41.0,13.45,0.5663619330814524,0.8241566360566663
1.0,0.0,0.0,0.0,621.88,682.8342857142859,7.0,32.0,16.066666666666666,30.0,50.0,16.27,0.580454927809098,0.8142923779467267
1.0,0.0,0.0,0.0,1195.16,803.3228571428573,0.0,35.0,11.733333333333333,66.0,45.0,16.0,0.5943761565849831,0.804187157621448
1.0,0.0,0.0,0.0,702.24,769.3900000000001,0.0,35.0,11.566666666666666,71.0,49.0,13.25,0.6081214998935418,0.7938439653781019
1.0,0.0,0.0,0.0,635.18,711.1885714285717,2.0,35.0,9.766666666666667,65.0,42.0,13.68,0.6216868902665479,0.7832658619336791
1.0,0.0,0.0,0.0,1193.96,813.8285714285715,0.0,24.0,9.733333333333333,76.0,48.0,13.88,0.6482618097757122,0.7614175109532997
1.0,0.0,0.0,0.0,1627.23,937.9557142857144,0.0,24.0,8.766666666666667,86.0,48.0,16.37,0.6612634749656386,0.7501537286959042
1.0,0.0,0.0,0.0,964.48,991.447142857143,0.0,8.0,8.766666666666667,76.0,52.0,10.99,0.6866759803451553,0.726963615332308
1.0,0.0,0.0,0.0,1168.6799999999998,1069.5614285714287,21.0,8.0,8.5,81.0,44.0,10.54,0.6990793005655562,0.7150441465537444
1.0,0.0,0.0,0.0,1394.29,1098.0085714285717,8.0,27.0,7.3,64.0,49.0,13.55,0.7232617254437388,0.6905740195722293
1.0,0.0,0.0,0.0,585.23,1081.2928571428572,0.0,35.0,7.266666666666667,59.0,50.0,15.61,0.7350336741329413,0.6780306024735382
1.0,0.0,0.0,0.0,644.7,1082.6528571428573,0.0,35.0,6.666666666666667,70.0,45.0,14.26,0.746588114532413,0.6652865452111116
1.0,0.0,0.0,0.0,663.67,1006.897142857143,0.0,35.0,6.666666666666667,44.0,49.0,16.45,0.7579216274973472,0.6523456189565257
1.0,0.0,0.0,0.0,499.56,845.8014285714288,8.0,29.0,6.466666666666667,71.0,42.0,16.17,0.7690308592589181,0.6392116531380588
1.0,0.0,0.0,0.0,3449.7200000000003,1200.8357142857144,7.0,37.0,6.366666666666666,73.0,40.0,15.05,0.7799125224167177,0.6258885343075018
1.0,0.0,0.0,0.0,1201.88,1205.5785714285716,0.0,23.0,6.333333333333333,91.0,44.0,12.59,0.7905633969115482,0.612380204990065
1.0,0.0,0.0,0.0,756.36,1114.4457142857145,9.0,23.0,5.966666666666667,75.0,42.0,12.83,0.8009803309782905,0.5986906625177214
1.0,0.0,0.0,0.0,610.87,1118.1085714285716,0.0,24.0,5.966666666666667,80.0,43.0,14.2,0.8111602420785621,0.5848239578463322
1.0,0.0,0.0,0.0,4401.76,1654.831428571429,0.0,24.0,5.966666666666667,69.0,46.0,15.93,0.8211001178128892,0.5707841943569036
1.0,0.0,0.0,0.0,736.33,1665.2114285714288,14.0,24.0,6.333333333333333,45.0,42.0,17.91,0.8307970168121247,0.5565755266413303
1.0,0.0,0.0,0.0,503.75,1665.8100000000002,40.0,23.0,7.466666666666667,58.0,50.0,17.21,0.8670985522812081,0.4981366284784055
1.0,0.0,0.0,0.0,2772.61,1569.0800000000002,0.0,54.0,6.033333333333333,74.0,47.0,20.95,0.8755389928586302,0.4831474640149687
1.0,0.0,0.0,0.0,4831.0,2087.5257142857145,0.0,54.0,6.033333333333333,92.0,47.0,21.1,0.8837203473619977,0.4680153284438345
1.0,0.0,0.0,0.0,1300.47,2165.2557142857145,3.0,40.0,5.833333333333333,72.0,49.0,17.26,0.8992961915530253,0.4373400963303323
1.0,0.0,0.0,0.0,1165.46,2244.4828571428575,20.0,43.0,6.166666666666667,74.0,48.0,21.07,0.9066860720977985,0.4218060770826634
1.0,0.0,0.0,0.0,1067.92,1768.2200000000005,0.0,63.0,6.133333333333334,90.0,49.0,15.98,0.9138076496466615,0.4061472386305789
1.0,0.0,0.0,0.0,977.84,1802.7214285714288,4.0,37.0,5.4,88.0,40.0,21.86,0.9272375462179537,0.374473674486883
1.0,0.0,0.0,0.0,1221.74,1905.2914285714287,45.0,41.0,6.766666666666667,68.0,45.0,15.59,0.9335418911179212,0.35846832151248087
1.0,0.0,0.0,0.0,1068.3,1661.8185714285717,0.0,90.0,6.766666666666667,71.0,51.0,22.44,0.9507903724625832,0.3098349038318025
1.0,0.0,0.0,0.0,1139.0,1134.3900000000003,0.0,84.0,6.766666666666667,65.0,49.0,21.42,0.9655071658143364,0.2603764827344581
1.0,0.0,0.0,0.0,974.4,1087.8085714285717,17.0,80.0,6.833333333333333,76.0,45.0,20.09,0.969843196967294,0.24372971360968387
1.0,0.0,0.0,0.0,1000.19,1064.1985714285718,30.0,52.0,7.6,55.0,44.0,12.93,0.9738922359149924,0.22701082094141847
1.0,0.0,0.0,0.0,458.6,977.1528571428573,0.0,75.0,7.6,72.0,46.0,16.17,0.9776530844816641,0.2102247521189836
1.0,0.0,0.0,0.0,785.7,949.704285714286,0.0,75.0,7.6,91.0,47.0,17.26,0.981124629771712,0.19337647441020586
1.0,0.0,0.0,0.0,1068.28,927.7814285714288,0.0,75.0,7.533333333333333,72.0,58.0,18.47,0.984305844499033,0.17647097349152166
1.0,0.0,0.0,0.0,997.5,917.6671428571432,6.0,75.0,7.733333333333333,89.0,46.0,18.61,0.9871957872910085,0.15951325197263655
1.0,0.0,0.0,0.0,1101.24,912.2728571428573,9.0,53.0,8.033333333333333,71.0,40.0,19.73,0.9897936029670716,0.14250832791617088
1.0,0.0,0.0,0.0,861.62,896.1614285714288,0.0,62.0,8.033333333333333,81.0,45.0,21.2,0.992098522791769,0.12546123335273648
1.0,0.0,0.0,0.0,1133.22,915.1657142857146,17.0,15.0,7.9,56.0,49.0,12.55,0.9958270335100595,0.09126072172931188
1.0,0.0,0.0,0.0,488.59,919.4500000000004,0.0,32.0,7.633333333333334,100.0,47.0,16.94,0.9972495210773451,0.07411742515094437
1.0,0.0,0.0,0.0,1134.98,969.3471428571431,11.0,32.0,8.0,85.0,45.0,21.68,0.998376906467142,0.056952196034039754
1.0,0.0,0.0,0.0,5113.38,1547.2185714285717,16.0,43.0,8.533333333333333,64.0,44.0,19.7,0.9992088560679753,0.03977011384605572
1.0,0.0,0.0,0.0,825.96,1522.7128571428573,10.0,53.0,8.866666666666667,62.0,43.0,17.68,0.9997451236925734,0.022576263041545485
1.0,0.0,0.0,0.0,701.44,1465.5985714285719,0.0,54.0,8.6,53.0,49.0,23.79,0.9999300657962057,-0.011826390691832589
1.0,0.0,0.0,0.0,882.7,1468.6100000000001,12.0,52.0,8.766666666666667,71.0,43.0,23.44,0.9989315138848577,-0.046215046983708354
1.0,0.0,0.0,0.0,1081.6,1461.2357142857145,18.0,64.0,9.366666666666667,77.0,43.0,26.38,0.9979887423155984,-0.06339140486951038
1.0,0.0,0.0,0.0,1320.15,1580.0300000000002,63.0,71.0,11.166666666666666,79.0,45.0,8.25,0.9967506498213929,-0.08054900421874167
1.0,0.0,0.0,0.0,430.32,1479.364285714286,8.0,118.0,11.433333333333334,71.0,43.0,24.77,0.9952176027737294,-0.09768276782171598
1.0,0.0,0.0,0.0,1116.96,908.4471428571431,0.0,116.0,11.433333333333334,61.0,45.0,25.39,0.9933900548258936,-0.11478762552212701
1.0,0.0,0.0,0.0,1742.09,1039.3228571428574,6.0,134.0,11.166666666666666,39.0,48.0,25.51,0.986146248341595,-0.16587819893463143
1.0,0.0,0.0,0.0,671.62,1035.0628571428574,47.0,128.0,11.4,35.0,48.0,23.57,0.9831469737221499,-0.1828169249850199
1.0,0.0,0.0,0.0,552.75,987.927142857143,0.0,157.0,11.4,42.0,50.0,24.9,0.9798567700958665,-0.1997015525660636
1.0,0.0,0.0,0.0,1424.4299999999998,1036.9028571428573,0.0,94.0,11.4,44.0,45.0,25.75,0.9762766110869321,-0.21652708524481437
1.0,0.0,0.0,0.0,1312.12,1035.7557142857145,49.0,86.0,12.933333333333334,50.0,50.0,19.56,0.9724075561219968,-0.23328854407545518
1.0,0.0,0.0,0.0,669.93,1069.9857142857145,0.0,121.0,12.266666666666667,49.0,51.0,23.86,0.9590788900341131,-0.28313898122818354
1.0,0.0,0.0,0.0,1252.84,1089.397142857143,22.0,79.0,13.0,56.0,44.0,15.7,0.9487718864399473,-0.31596187665790293
1.0,0.0,0.0,0.0,580.14,923.404285714286,0.0,101.0,12.866666666666667,72.0,47.0,26.47,0.9431964659565866,-0.33223549871590435
1.0,0.0,0.0,0.0,1315.14,1015.3357142857146,28.0,101.0,12.3,76.0,47.0,13.54,0.9373419384643772,-0.3484108069446808
1.0,0.0,0.0,0.0,689.43,1034.8614285714289,39.0,80.0,13.6,44.0,44.0,14.43,0.9312100364121947,-0.3644830148102912
1.0,0.0,0.0,0.0,406.4,889.4285714285717,4.0,115.0,13.733333333333333,85.0,43.0,25.54,0.9181214482844364,-0.39629913726891813
1.0,0.0,0.0,0.0,1411.15,903.5757142857145,0.0,108.0,13.166666666666666,104.0,48.0,19.47,0.9039461929224011,-0.42764620926777464
1.0,0.0,0.0,0.0,1377.0,1004.5857142857146,9.0,115.0,12.466666666666667,44.0,42.0,25.68,0.8806828564301475,-0.47370635037968
1.0,0.0,0.0,0.0,717.55,928.1157142857146,9.0,85.0,12.766666666666667,75.0,43.0,29.89,0.8724040568049612,-0.48878539428899265
1.0,0.0,0.0,0.0,1434.88,1050.2214285714288,12.0,117.0,13.166666666666666,80.0,47.0,28.64,0.8460288880917339,-0.533137056031809
1.0,0.0,0.0,0.0,1557.88,1084.8985714285716,29.0,103.0,14.133333333333333,92.0,44.0,21.95,0.8271893372462497,-0.5619233046832195
1.0,0.0,0.0,0.0,1302.26,1172.4457142857148,12.0,119.0,14.333333333333334,30.0,43.0,35.03,0.8174009818249189,-0.5760691233798758
1.0,0.0,0.0,0.0,1200.64,1285.9085714285718,31.0,122.0,15.066666666666666,66.0,42.0,18.41,0.8073707443023492,-0.5900444739548627
1.0,0.0,0.0,0.0,1522.45,1301.8085714285717,2.0,144.0,15.133333333333333,95.0,45.0,30.58,0.7971015927871943,-0.6038452208771035
1.0,0.0,0.0,0.0,2722.35,1494.001428571429,15.0,118.0,15.066666666666666,75.0,44.0,25.92,0.7758587728069828,-0.6309066211876704
1.0,0.0,0.0,0.0,1283.04,1574.785714285715,40.0,121.0,16.4,85.0,39.0,23.8,0.7648913904341225,-0.6441592666722685
1.0,0.0,0.0,0.0,1254.26,1548.9828571428573,0.0,125.0,16.033333333333335,45.0,47.0,34.87,0.742280907086982,-0.6700888411055113
1.0,0.0,0.0,0.0,1497.77,1540.3957142857146,15.0,86.0,16.0,87.0,45.0,33.46,0.7187918772884232,-0.6952253139408722
1.0,0.0,0.0,0.0,1877.6,1622.5871428571431,50.0,99.0,17.333333333333332,103.0,44.0,29.47,0.7067265555776158,-0.7074868024503348
1.0,0.0,0.0,0.0,2018.28,1739.392857142857,0.0,135.0,17.333333333333332,78.0,48.0,31.27,0.6944521021088763,-0.719538934232584
1.0,0.0,0.0,0.0,2102.11,1822.2014285714288,12.0,90.0,17.333333333333332,71.0,45.0,32.25,0.6692903895412567,-0.7430009249440493
1.0,0.0,0.0,0.0,5322.85,2193.701428571429,12.0,91.0,17.133333333333333,38.0,49.0,26.16,0.6564105761979381,-0.7544038410927472
1.0,0.0,0.0,0.0,680.89,2107.6800000000003,49.0,103.0,16.666666666666668,81.0,46.0,19.14,0.6433365204044917,-0.765583517007675
1.0,0.0,0.0,0.0,1023.0,2074.6428571428573,6.0,148.0,16.6,90.0,42.0,31.86,0.6300720909843687,-0.7765366444428655
1.0,0.0,0.0,0.0,1834.88,2122.801428571429,32.0,139.0,17.666666666666668,86.0,44.0,28.8,0.6166212130956382,-0.7872599821916922
1.0,0.0,0.0,0.0,5337.4400000000005,2617.064285714286,0.0,121.0,17.466666666666665,99.0,51.0,33.6,0.6029878670694714,-0.7977503570459932
1.0,0.0,0.0,0.0,2328.2,2661.338571428572,118.0,121.0,19.833333333333332,51.0,46.0,13.29,0.5891760872322963,-0.8080046647350754
1.0,0.0,0.0,0.0,447.48,2424.9628571428575,3.0,217.0,19.933333333333334,41.0,47.0,32.46,0.5610336262283677,-0.8277930117131022
1.0,0.0,0.0,0.0,1320.74,1853.2328571428575,0.0,203.0,19.933333333333334,95.0,50.0,28.76,0.5322271388474397,-0.8466016020976267
1.0,0.0,0.0,0.0,1926.06,2031.114285714286,114.0,165.0,22.1,91.0,42.0,10.47,0.5027907197793043,-0.8644081744776648
1.0,0.0,0.0,0.0,605.15,1971.421428571429,19.0,161.0,22.733333333333334,77.0,41.0,25.66,0.47275920928627757,-0.881191653407483
1.0,0.0,0.0,0.0,1244.88,1887.1357142857146,33.0,180.0,23.1,49.0,45.0,18.29,0.4575313760742512,-0.8891934772070711
1.0,0.0,0.0,0.0,582.4,1207.844285714286,2.0,212.0,23.166666666666668,77.0,41.0,26.6,0.3953117887649151,-0.9185469991587165
1.0,0.0,0.0,0.0,4107.0,1461.9585714285718,114.0,100.0,26.033333333333335,67.0,46.0,11.03,0.37945284372454435,-0.925211078289358
1.0,0.0,0.0,0.0,1339.44,1589.3814285714288,0.0,214.0,24.733333333333334,69.0,45.0,23.25,0.36348161248290634,-0.9316013725767187
1.0,0.0,0.0,0.0,4642.68,2063.9442857142863,0.0,162.0,24.6,87.0,47.0,25.41,0.3312212278016865,-0.9435531242349544
1.0,0.0,0.0,0.0,1492.43,2001.997142857143,12.0,152.0,25.0,67.0,44.0,32.09,0.31494162072895193,-0.9491110448902284
1.0,0.0,0.0,0.0,1408.25,2116.7257142857147,18.0,177.0,25.3,77.0,46.0,30.1,0.2821076626819194,-0.9593827529490743
1.0,0.0,0.0,0.0,4048.47,2517.2385714285715,44.0,98.0,26.466666666666665,63.0,47.0,25.94,0.24893980855376657,-0.9685189578512204
1.0,0.0,0.0,0.0,1086.61,2589.2685714285717,8.0,142.0,26.333333333333332,40.0,46.0,28.2,0.23224292400907015,-0.9726578145718654
1.0,0.0,0.0,0.0,744.48,2108.9085714285716,31.0,150.0,26.4,75.0,45.0,21.4,0.21547731504673012,-0.976508846196619
1.0,0.0,0.0,0.0,1468.3,2127.317142857143,94.0,181.0,29.133333333333333,90.0,45.0,10.42,0.19864794288017112,-0.9800709131432666
1.0,0.0,0.0,0.0,3829.39,2011.1328571428571,1.0,263.0,28.133333333333333,94.0,48.0,30.44,0.18175978759137534,-0.9833429613388902
1.0,0.0,0.0,0.0,4834.48,2488.5685714285714,0.0,215.0,28.066666666666666,105.0,44.0,29.63,0.16481784665719793,-0.9863240225317866
1.0,0.0,0.0,0.0,2084.37,2585.157142857143,28.0,197.0,28.5,99.0,46.0,20.32,0.14782713347053048,-0.9890132145779883
1.0,0.0,0.0,0.0,1327.92,2196.507142857143,5.0,206.0,27.333333333333332,63.0,46.0,31.75,0.13079267585675922,-0.9914097417023038
1.0,0.0,0.0,0.0,1681.0,2281.42,0.0,167.0,27.333333333333332,30.0,45.0,24.37,0.11371951458594969,-0.9935128947338007
1.0,0.0,0.0,0.0,486.12,2244.511428571429,39.0,164.0,28.133333333333333,91.0,42.0,14.79,0.07947729992362097,-0.9968366760893436
1.0,0.0,0.0,0.0,854.71,2156.8557142857144,0.0,109.0,26.466666666666665,79.0,47.0,26.03,0.062318379354325076,-0.998056320853012
1.0,0.0,0.0,0.0,1387.8,1808.0571428571432,20.0,108.0,27.133333333333333,89.0,44.0,24.55,0.04514101777397193,-0.9989806246941579
1.0,0.0,0.0,0.0,1910.4,1390.331428571429,26.0,128.0,27.6,68.0,43.0,24.75,0.02795029824021032,-0.999609314096404
1.0,0.0,0.0,0.0,1093.95,1248.8428571428574,11.0,121.0,27.566666666666666,44.0,46.0,24.66,-0.00645086419810515,-0.9999791929590823
1.0,0.0,0.0,0.0,716.1,1161.4400000000003,25.0,132.0,26.766666666666666,61.0,42.0,15.57,-0.023651127245231586,-0.9997202729664083
1.0,0.0,0.0,0.0,2713.5,1308.9400000000003,0.0,121.0,26.566666666666666,73.0,49.0,21.66,-0.04084439154329611,-0.9991655196610109
1.0,0.0,0.0,0.0,1075.08,1393.077142857143,10.0,82.0,25.833333333333332,80.0,44.0,20.09,-0.05802556932878035,-0.9983150972033183
1.0,0.0,0.0,0.0,1060.62,1422.4928571428575,21.0,92.0,26.533333333333335,77.0,41.0,11.57,-0.07518957641475855,-0.9971692572470178
1.0,0.0,0.0,0.0,552.42,1303.1528571428573,20.0,93.0,23.266666666666666,71.0,39.0,20.72,-0.09233133369539122,-0.9957283388645872
1.0,0.0,0.0,0.0,912.02,1160.527142857143,12.0,87.0,23.566666666666666,64.0,45.0,20.84,-0.10944576864891556,-0.993992768446958
1.0,0.0,0.0,0.0,880.44,1130.0257142857145,19.0,148.0,24.2,64.0,46.0,24.02,-0.1435724234118113,-0.9896398128792412
1.0,0.0,0.0,0.0,4305.42,1642.7857142857144,0.0,148.0,20.4,69.0,48.0,21.26,-0.19443122004766195,-0.9809161537413774
1.0,0.0,0.0,0.0,1012.23,1399.747142857143,42.0,111.0,21.166666666666668,65.0,45.0,18.58,-0.2280577712215198,-0.9736476020539838
1.0,0.0,0.0,0.0,803.32,1360.9242857142858,52.0,98.0,21.8,75.0,41.0,16.92,-0.2614143985111562,-0.965226663665613
1.0,0.0,0.0,0.0,786.78,1321.804285714286,10.0,135.0,22.066666666666666,80.0,49.0,18.09,-0.2944616217868012,-0.9556633054034704
1.0,0.0,0.0,0.0,983.96,1383.4528571428575,44.0,139.0,19.733333333333334,75.0,42.0,15.59,-0.3108569682435036,-0.9504567035349151
1.0,0.0,0.0,0.0,748.16,1360.0442857142862,2.0,149.0,19.8,43.0,49.0,21.74,-0.3594718130884232,-0.9331559438780432
1.0,0.0,0.0,0.0,1478.83,1445.5285714285717,8.0,108.0,20.066666666666666,64.0,46.0,24.95,-0.3913578365610259,-0.9202385798054075
1.0,0.0,0.0,0.0,1030.07,977.6214285714289,79.0,102.0,22.3,72.0,43.0,6.96,-0.4071294853542516,-0.9133704517637858
1.0,0.0,0.0,0.0,323.14,879.1800000000003,7.0,171.0,21.933333333333334,84.0,51.0,23.26,-0.4227806579826773,-0.9062320427107697
1.0,0.0,0.0,0.0,1367.8,959.8200000000003,19.0,122.0,21.1,82.0,42.0,24.28,-0.45370308603134424,-0.8911529104063088
1.0,0.0,0.0,0.0,1849.29,1111.6071428571431,12.0,141.0,21.233333333333334,43.0,41.0,17.93,-0.46896519100763184,-0.8832166493127127
1.0,0.0,0.0,0.0,485.73,1040.4314285714288,34.0,151.0,21.333333333333332,77.0,46.0,16.55,-0.48408852163897587,-0.8750190302029955
1.0,0.0,0.0,0.0,834.47,1052.7614285714287,16.0,159.0,18.733333333333334,96.0,46.0,18.55,-0.4990686026885319,-0.8665624788845385
1.0,0.0,0.0,0.0,1193.27,1011.9671428571431,13.0,167.0,19.133333333333333,66.0,47.0,18.2,-0.5139010013093103,-0.8578494977869301
1.0,0.0,0.0,0.0,798.67,978.9100000000004,0.0,101.0,19.133333333333333,60.0,47.0,21.43,-0.5285813283559292,-0.8488826652214553
1.0,0.0,0.0,0.0,868.05,1056.754285714286,3.0,94.0,18.3,63.0,42.0,18.38,-0.5431052396834317,-0.8396646346181327
1.0,0.0,0.0,0.0,746.91,968.0557142857144,0.0,97.0,18.133333333333333,91.0,48.0,21.34,-0.5574684374327892,-0.8301981337405212
1.0,0.0,0.0,0.0,1330.27,893.9100000000002,15.0,66.0,18.633333333333333,81.0,43.0,21.1,-0.5856957398073508,-0.8105309990194823
1.0,0.0,0.0,0.0,1451.76,1031.9142857142858,11.0,67.0,17.7,101.0,39.0,18.66,-0.6400381082043503,-0.7683431655492202
1.0,0.0,0.0,0.0,1149.85,1076.9685714285717,17.0,75.0,18.266666666666666,79.0,43.0,15.87,-0.65316012232693,-0.7572198192083127
1.0,0.0,0.0,0.0,796.29,1020.257142857143,0.0,92.0,17.6,37.0,47.0,19.0,-0.666088855860977,-0.7458723993404063
1.0,0.0,0.0,0.0,467.5,972.947142857143,7.0,92.0,16.966666666666665,95.0,40.0,19.73,-0.6788204829862355,-0.734304263829602
1.0,0.0,0.0,0.0,1171.25,1016.2614285714288,129.0,84.0,20.9,57.0,44.0,7.33,-0.6913512362094071,-0.722518835873311
1.0,0.0,0.0,0.0,267.52,947.7771428571432,47.0,202.0,21.633333333333333,73.0,48.0,12.62,-0.7157953492826642,-0.6983101158835584
1.0,0.0,0.0,0.0,621.68,846.5500000000002,0.0,226.0,21.633333333333333,73.0,44.0,17.79,-0.7277014757264236,-0.6858939875998223
1.0,0.0,0.0,0.0,863.84,762.5614285714288,8.0,200.0,21.566666666666666,37.0,41.0,22.73,-0.7508642533989489,-0.6604565640279754
1.0,0.0,0.0,0.0,534.03,674.5871428571432,1.0,210.0,20.9,86.0,50.0,18.94,-0.7731383255706026,-0.6342374393978054
1.0,0.0,0.0,0.0,1132.16,722.5685714285718,13.0,82.0,20.666666666666668,59.0,44.0,17.03,-0.7839338166829201,-0.620844401650647
1.0,0.0,0.0,0.0,653.25,749.104285714286,2.0,33.0,20.333333333333332,73.0,48.0,17.52,-0.8048257371083452,-0.593511190196115
1.0,0.0,0.0,0.0,876.12,706.9428571428574,10.0,58.0,20.033333333333335,31.0,48.0,18.45,-0.8247650844733614,-0.5654755126737576
1.0,0.0,0.0,0.0,383.24,723.4742857142859,13.0,60.0,20.466666666666665,58.0,46.0,20.43,-0.8343701235229538,-0.5512045872199277
1.0,0.0,0.0,0.0,782.1,746.391428571429,18.0,64.0,19.666666666666668,77.0,45.0,19.61,-0.8437282590292712,-0.5367705514607103
1.0,0.0,0.0,0.0,989.05,764.2785714285718,0.0,81.0,17.933333333333334,47.0,41.0,18.53,-0.8528367217694595,-0.522177676659508
1.0,0.0,0.0,0.0,553.09,767.0014285714287,12.0,68.0,18.0,63.0,43.0,17.89,-0.8616928164028522,-0.5074302810827518
1.0,0.0,0.0,0.0,2292.64,932.7842857142859,0.0,80.0,16.533333333333335,75.0,44.0,21.84,-0.8702939222685674,-0.49253272872205434
1.0,0.0,0.0,0.0,1097.46,996.2428571428574,12.0,78.0,16.866666666666667,69.0,42.0,25.41,-0.8786374941610001,-0.4774894280028391
1.0,0.0,0.0,0.0,1926.92,1146.3571428571431,13.0,65.0,17.033333333333335,36.0,47.0,20.67,-0.886721063082993,-0.46230483047981086
1.0,0.0,0.0,0.0,1157.76,1257.0028571428575,0.0,123.0,14.4,85.0,46.0,18.87,-0.9020987014301837,-0.43152975897147144
1.0,0.0,0.0,0.0,1066.66,1297.654285714286,15.0,105.0,14.666666666666666,75.0,44.0,22.76,-0.9093882203647925,-0.4159483918249421
1.0,0.0,0.0,0.0,1066.88,1308.7728571428577,7.0,162.0,14.266666666666667,93.0,42.0,20.89,-0.9231578729647039,-0.38442104726885545
1.0,0.0,0.0,0.0,1253.24,1408.7942857142862,6.0,169.0,14.066666666666666,88.0,47.0,18.78,-0.9296339319682695,-0.3684843993077793
1.0,0.0,0.0,0.0,1885.78,1350.671428571429,91.0,163.0,15.966666666666667,34.0,46.0,8.5,-0.9358348973349941,-0.35243871088460327
1.0,0.0,0.0,0.0,3308.74,1666.5685714285717,3.0,241.0,15.533333333333333,79.0,45.0,18.8,-0.9417589340994617,-0.33628873017668287
1.0,0.0,0.0,0.0,972.68,1530.2485714285717,14.0,176.0,15.566666666666666,89.0,45.0,17.97,-0.9474042892438845,-0.32003923622313857
1.0,0.0,0.0,0.0,2478.33,1718.9014285714288,24.0,190.0,16.366666666666667,90.0,46.0,14.07,-0.9527692922168511,-0.30369503751065885
1.0,0.0,0.0,0.0,829.23,1684.9828571428575,2.0,199.0,16.333333333333332,55.0,48.0,25.25,-0.9578523554276669,-0.28726097055059635
1.0,0.0,0.0,0.0,1799.47,1789.6385714285716,14.0,156.0,16.8,72.0,46.0,18.86,-0.9671667297977312,-0.2541427094613622
1.0,0.0,0.0,0.0,896.28,1738.644285714286,21.0,164.0,17.0,25.0,44.0,19.72,-0.97139528468375,-0.23746831555846842
1.0,0.0,0.0,0.0,3184.45,1924.1685714285716,11.0,94.0,17.0,63.0,43.0,19.24,-0.9753363880767837,-0.2207236509605022
1.0,0.0,0.0,0.0,2998.74,1879.8828571428571,37.0,72.0,17.666666666666668,72.0,48.0,18.67,-0.9854237542919524,-0.17011767832049052
1.0,0.0,0.0,0.0,1346.36,1933.2657142857145,12.0,107.0,18.066666666666666,91.0,43.0,18.43,-0.9882042449941422,-0.15314166701312007
1.0,0.0,0.0,0.0,1081.66,1733.741428571429,32.0,103.0,18.9,75.0,44.0,18.88,-0.9906923101615609,-0.13612033862266704
1.0,0.0,0.0,0.0,892.08,1742.72,0.0,100.0,14.6,69.0,45.0,22.59,-0.994788305609327,-0.10196189005174576
1.0,0.0,0.0,0.0,3637.12,2005.241428571429,27.0,89.0,13.933333333333334,72.0,45.0,20.74,-0.9963950238187231,-0.08483487790576538
1.0,0.0,0.0,0.0,1871.38,2144.5414285714287,33.0,108.0,15.033333333333333,89.0,45.0,16.13,-0.9987235240803972,-0.050510617185222886
1.0,0.0,0.0,0.0,940.58,1823.9885714285717,0.0,104.0,14.766666666666667,84.0,44.0,23.92,-0.9994446170919858,-0.033323525711631344
1.0,0.0,0.0,0.0,1325.94,1585.0171428571432,3.0,92.0,14.833333333333334,95.0,46.0,21.75,-0.9998699583618592,-0.016126573270657762
1.0,0.0,0.0,0.0,1404.88,1593.377142857143,0.0,63.0,14.4,54.0,45.0,23.44,-0.9999994220246925,0.001075151282798226
1.0,0.0,0.0,0.0,841.89,1559.124285714286,24.0,109.0,15.133333333333333,85.0,40.0,21.76,-0.9993706508539969,0.03547255575312556
1.0,0.0,0.0,0.0,1156.25,1596.8628571428574,41.0,106.0,16.166666666666668,86.0,42.0,19.38,-0.9986126020839734,0.052658056924614005
1.0,0.0,0.0,0.0,1050.21,1227.304285714286,8.0,147.0,16.0,85.0,44.0,29.0,-0.9975590477788613,0.06982797572987089
1.0,0.0,0.0,0.0,1614.58,1190.6185714285716,40.0,122.0,16.733333333333334,67.0,46.0,22.42,-0.9962102997023297,0.0869772313136861
1.0,0.0,0.0,0.0,1006.34,1200.0128571428575,2.0,211.0,16.8,59.0,52.0,30.02,-0.9903973200352558,0.1382503109109819
1.0,0.0,0.0,0.0,1257.41,1190.2228571428573,35.0,167.0,17.566666666666666,84.0,50.0,15.38,-0.9878726596350429,0.15526624985999563
1.0,0.0,0.0,0.0,1774.02,1242.9571428571433,13.0,178.0,18.0,70.0,47.0,23.74,-0.9850556718215013,0.172236243027682
1.0,0.0,0.0,0.0,1697.92,1365.247142857143,34.0,188.0,18.733333333333334,88.0,51.0,18.03,-0.9785481345802031,0.20601832032517084
1.0,0.0,0.0,0.0,1102.97,1357.6357142857146,35.0,182.0,19.466666666666665,72.0,49.0,14.33,-0.9748595108374125,0.22282040779479959
1.0,0.0,0.0,0.0,1149.76,1371.857142857143,1.0,172.0,19.5,35.0,45.0,21.97,-0.9708824104813836,0.23955655912092708
1.0,0.0,0.0,0.0,515.23,1214.8071428571432,41.0,166.0,20.366666666666667,66.0,48.0,17.77,-0.9666180104000972,0.2562218218071163
1.0,0.0,0.0,0.0,785.91,1183.317142857143,33.0,205.0,21.233333333333334,70.0,49.0,19.97,-0.9620675724981452,0.27281126433401914
1.0,0.0,0.0,0.0,950.64,1139.4928571428575,28.0,190.0,21.966666666666665,81.0,40.0,22.69,-0.9521140536681102,0.3057430764672831
1.0,0.0,0.0,0.0,1656.13,1122.6514285714288,45.0,158.0,20.433333333333334,70.0,45.0,21.23,-0.9410336347451197,0.3383130181923076
1.0,0.0,0.0,0.0,973.33,1019.1385714285716,13.0,168.0,20.766666666666666,44.0,43.0,27.34,-0.9350748843515574,0.3544502230989869
1.0,0.0,0.0,0.0,763.9,970.7000000000004,16.0,180.0,20.833333333333332,91.0,41.0,21.37,-0.9288394302558068,0.3704825404820963
1.0,0.0,0.0,0.0,4897.62,1506.1085714285716,19.0,155.0,20.666666666666668,93.0,47.0,27.76,-0.9223291176290545,0.3864052261209853
1.0,0.0,0.0,0.0,1691.21,1674.1057142857146,0.0,141.0,20.6,58.0,50.0,26.48,-0.9155458729775467,0.40221356823680365
1.0,0.0,0.0,0.0,1508.52,1777.3357142857146,19.0,141.0,20.766666666666666,74.0,44.0,26.99,-0.9084917035725082,0.41790288888678667
1.0,0.0,0.0,0.0,1288.07,1825.5400000000002,9.0,132.0,20.366666666666667,68.0,45.0,26.91,-0.9011686968561569,0.4334685453485363
1.0,0.0,0.0,0.0,3495.8,2088.3500000000004,24.0,87.0,20.8,41.0,45.0,18.27,-0.8857249183835637,0.4642104791518923
1.0,0.0,0.0,0.0,483.11,2018.3185714285719,21.0,98.0,20.266666666666666,68.0,46.0,17.21,-0.8776087166898392,0.4793776594606945
1.0,0.0,0.0,0.0,1622.9,2141.0328571428577,120.0,103.0,23.866666666666667,96.0,45.0,12.07,-0.8692328164574792,0.49440298420761813
1.0,0.0,0.0,0.0,764.94,1550.6500000000003,35.0,204.0,23.966666666666665,81.0,44.0,17.16,-0.8605996962501181,0.5092820071573356
1.0,0.0,0.0,0.0,903.5,1438.1200000000006,2.0,239.0,24.033333333333335,80.0,49.0,28.46,-0.8517119107469189,0.5240103253675756
1.0,0.0,0.0,0.0,2470.13,1575.4928571428575,7.0,222.0,23.366666666666667,79.0,44.0,25.2,-0.8425720899866032,0.5385835804920232
1.0,0.0,0.0,0.0,1635.15,1625.0757142857146,3.0,220.0,22.366666666666667,78.0,44.0,23.41,-0.8331829385891785,0.5529974600700271
1.0,0.0,0.0,0.0,1196.03,1296.5371428571432,4.0,212.0,22.5,46.0,42.0,24.22,-0.8235472349556007,0.5672476988027229
1.0,0.0,0.0,0.0,718.53,1330.1685714285718,14.0,192.0,22.866666666666667,70.0,46.0,22.59,-0.8136678304455991,0.5813300798152042
1.0,0.0,0.0,0.0,4609.27,1756.7928571428577,16.0,185.0,23.4,70.0,51.0,24.17,-0.8035476485339116,0.5952404359043674
1.0,0.0,0.0,0.0,1959.94,1927.5071428571432,68.0,81.0,24.866666666666667,71.0,40.0,11.45,-0.7931896839451843,0.6089746507720486
1.0,0.0,0.0,0.0,516.25,1872.1857142857148,27.0,114.0,24.4,74.0,41.0,18.97,-0.7825970017677834,0.6225286602431057
1.0,0.0,0.0,0.0,884.52,1645.6700000000003,22.0,239.0,24.866666666666667,61.0,39.0,19.84,-0.7379428103031386,0.6748632518680403
1.0,0.0,0.0,0.0,1130.15,1573.5271428571432,5.0,247.0,23.7,82.0,49.0,29.93,-0.7262249146041543,0.6874571793269664
1.0,0.0,0.0,0.0,1705.53,1646.3128571428574,5.0,236.0,23.8,67.0,46.0,26.24,-0.7142921172691032,0.699847677146407
1.0,0.0,0.0,0.0,1160.28,1709.4200000000003,67.0,167.0,24.866666666666667,82.0,45.0,9.3,-0.6897960046655887,0.7240037789593305
1.0,0.0,0.0,0.0,503.58,1122.8928571428573,10.0,191.0,24.766666666666666,69.0,44.0,22.26,-0.6772399381909491,0.7357622347736527
1.0,0.0,0.0,0.0,998.4,985.5300000000001,39.0,170.0,24.933333333333334,36.0,46.0,18.14,-0.6644834655228552,0.7473029667054296
1.0,0.0,0.0,0.0,427.72,972.8828571428573,22.0,169.0,24.5,86.0,46.0,21.06,-0.6515303615068021,0.75862255966641
1.0,0.0,0.0,0.0,1923.21,1121.2671428571432,37.0,169.0,25.7,89.0,45.0,20.2,-0.6383844591746642,0.7697176640069211
1.0,0.0,0.0,0.0,1195.67,1130.627142857143,0.0,201.0,24.333333333333332,75.0,46.0,29.27,-0.6250496486104377,0.7805849965070866
1.0,0.0,0.0,0.0,1481.62,1098.64,18.0,206.0,23.833333333333332,72.0,45.0,21.46,-0.5978291414589552,0.801623551065242
1.0,0.0,0.0,0.0,1035.15,1080.764285714286,143.0,157.0,27.666666666666668,81.0,44.0,9.44,-0.5839514998576998,0.8117885474764613
1.0,0.0,0.0,0.0,1072.43,1162.0285714285717,1.0,254.0,26.2,64.0,51.0,22.75,-0.5556819724760489,0.8313949395234058
1.0,0.0,0.0,0.0,1033.76,1167.0800000000004,3.0,233.0,25.866666666666667,65.0,51.0,22.48,-0.5412984521036173,0.8408305333122887
1.0,0.0,0.0,0.0,1037.31,1254.1642857142858,63.0,199.0,27.433333333333334,79.0,38.0,10.66,-0.5267547528105542,0.8500173118187018
1.0,0.0,0.0,0.0,509.41,1052.1928571428575,2.0,262.0,26.866666666666667,80.0,44.0,22.71,-0.5120551783114646,0.8589525565270845
1.0,0.0,0.0,0.0,1190.13,1051.4014285714288,0.0,233.0,26.866666666666667,67.0,47.0,23.96,-0.4972040784469378,0.8676336233547726
1.0,0.0,0.0,0.0,1107.45,997.9485714285718,1.0,215.0,26.266666666666666,72.0,44.0,19.04,-0.4822058478963526,0.8760579434344281
1.0,0.0,0.0,0.0,925.43,982.274285714286,25.0,73.0,26.8,56.0,47.0,15.46,-0.46706492487743034,0.8842230238742036
1.0,0.0,0.0,0.0,588.88,913.1957142857145,38.0,140.0,27.266666666666666,79.0,49.0,14.68,-0.4363729641045924,0.8997658785476209
1.0,0.0,0.0,0.0,800.4,879.8585714285717,10.0,145.0,26.9,41.0,43.0,23.56,-0.4051645224207563,0.9142437912130223
1.0,0.0,0.0,0.0,618.24,819.9914285714287,5.0,201.0,23.066666666666666,42.0,47.0,19.21,-0.3574644155648614,0.9339267592294762
1.0,0.0,0.0,0.0,1065.73,899.4657142857146,24.0,175.0,22.7,80.0,43.0,19.8,-0.3251276029999093,0.9456701548465688
1.0,0.0,0.0,0.0,2309.92,1059.4357142857145,81.0,161.0,25.333333333333332,89.0,38.0,9.12,-0.30881248126625377,0.9511229423235357
1.0,0.0,0.0,0.0,1119.44,1061.1485714285718,47.0,209.0,26.666666666666668,82.0,46.0,16.84,-0.29240597695107734,0.9562942772197719
1.0,0.0,0.0,0.0,1371.37,1124.8542857142859,4.0,246.0,26.7,73.0,44.0,24.86,-0.27591294500296043,0.9611826292540837
1.0,0.0,0.0,0.0,1216.05,1214.4500000000003,0.0,230.0,26.566666666666666,74.0,48.0,19.0,-0.2593382659754056,0.9657865518844574
1.0,0.0,0.0,0.0,977.17,1239.7028571428575,24.0,201.0,26.9,48.0,44.0,12.15,-0.2426868445825954,0.9701046827361175
1.0,0.0,0.0,0.0,378.95,1205.518571428572,1.0,220.0,26.4,90.0,46.0,19.69,-0.22596360824801906,0.974135744004672
1.0,0.0,0.0,0.0,1169.52,1220.3457142857146,27.0,171.0,25.033333333333335,86.0,46.0,16.16,-0.19232150523909483,0.9813319716704275
1.0,0.0,0.0,0.0,910.45,1020.4214285714288,9.0,117.0,24.433333333333334,86.0,43.0,23.06,-0.17541259380427843,0.9844950085880858
1.0,0.0,0.0,0.0,1269.12,1041.804285714286,4.0,79.0,23.833333333333332,65.0,47.0,25.08,-0.15845177496083632,0.9873667175937016
1.0,0.0,0.0,0.0,1108.4,1004.2371428571431,4.0,79.0,23.8,83.0,41.0,22.9,-0.14144406768794202,0.9899462489023779
1.0,0.0,0.0,0.0,1677.14,1070.1071428571431,12.0,83.0,24.033333333333335,43.0,49.0,17.77,-0.12439450483979998,0.9922328391893008
1.0,0.0,0.0,0.0,2543.7,1293.8971428571433,43.0,71.0,23.233333333333334,74.0,45.0,16.54,-0.10730813165636247,0.9942258118156161
1.0,0.0,0.0,0.0,813.96,1356.0414285714287,0.0,113.0,22.9,90.0,47.0,25.19,-0.09019000427034513,0.9959245770286599
1.0,0.0,0.0,0.0,1530.23,1407.571428571429,7.0,99.0,21.833333333333332,75.0,46.0,24.31,-0.07304518821104743,0.9973286321364752
1.0,0.0,0.0,0.0,1203.18,1449.39,59.0,88.0,23.066666666666666,76.0,47.0,18.61,-0.03869579017652689,0.9992510374388481
1.0,0.0,0.0,0.0,947.38,1403.427142857143,16.0,143.0,22.366666666666667,89.0,44.0,22.11,-0.021501372740813793,0.999768818762748
1.0,0.0,0.0,0.0,1308.72,1432.044285714286,21.0,111.0,23.066666666666666,71.0,45.0,11.23,0.03439806061360801,0.9994082116062598
1.0,0.0,0.0,0.0,522.03,1267.0285714285717,0.0,125.0,22.466666666666665,76.0,43.0,21.93,0.06875540848113941,0.9976335468520451
1.0,0.0,0.0,0.0,2533.88,1265.6257142857144,8.0,61.0,17.966666666666665,82.0,45.0,20.71,0.10303137904317879,0.9946781061893646
1.0,0.0,0.0,0.0,1103.7,1307.0171428571432,0.0,53.0,17.933333333333334,43.0,47.0,18.14,0.1201261651823505,0.9927586335250793
1.0,0.0,0.0,0.0,530.4,1164.184285714286,11.0,53.0,18.2,70.0,48.0,16.79,0.13718540405660057,0.9905453876091833
1.0,0.0,0.0,0.0,775.5,1103.0871428571431,2.0,32.0,16.166666666666668,96.0,45.0,21.26,0.18809941761179758,0.9821499931752291
1.0,0.0,0.0,0.0,1357.27,1161.6428571428573,11.0,34.0,16.466666666666665,65.0,49.0,23.6,0.20496611396949532,0.9787690698649216
1.0,0.0,0.0,0.0,1043.12,1123.7000000000003,0.0,24.0,16.466666666666665,85.0,50.0,16.75,0.2551824131233728,0.9668929289391521
1.0,0.0,0.0,0.0,982.56,1189.4900000000002,0.0,13.0,16.433333333333334,69.0,51.0,17.1,0.2717767384711357,0.9623603298276545
1.0,0.0,0.0,0.0,831.9,946.3500000000003,0.0,13.0,15.6,75.0,42.0,19.4,0.2882906407095177,0.9575429528116719
1.0,0.0,0.0,0.0,931.2,921.7071428571431,0.0,13.0,14.333333333333334,76.0,50.0,15.43,0.3047192331091634,0.9524422234305676
1.0,0.0,0.0,0.0,815.24,962.3985714285716,16.0,29.0,14.533333333333333,77.0,49.0,20.56,0.3694836834473831,0.9292372181882051
1.0,0.0,0.0,0.0,1068.53,1004.2600000000002,0.0,45.0,14.366666666666667,81.0,50.0,19.0,0.38541335945432564,0.9227440286201427
1.0,0.0,0.0,0.0,1448.91,1017.3514285714289,0.0,45.0,13.566666666666666,82.0,44.0,20.6,0.4012289854475009,0.9159777842484877
1.0,0.0,0.0,0.0,1106.3,1026.377142857143,6.0,45.0,11.066666666666666,91.0,43.0,22.48,0.4169258813287287,0.908940487313808
1.0,0.0,0.0,0.0,1319.67,1074.5357142857144,0.0,31.0,9.5,35.0,50.0,21.17,0.4632579225674917,0.88622350294858
1.0,0.0,0.0,0.0,3273.0,1423.264285714286,0.0,31.0,9.366666666666667,81.0,49.0,20.89,0.4784338202547012,0.8781236129591848
1.0,0.0,0.0,0.0,1159.02,1455.8100000000002,0.0,15.0,9.366666666666667,69.0,52.0,16.83,0.49346814167723735,0.8697638720650646
1.0,0.0,0.0,0.0,812.7,1455.447142857143,11.0,15.0,8.933333333333334,71.0,41.0,16.15,0.5083564379375122,0.8611467540480452
1.0,0.0,0.0,0.0,2005.61,1589.3157142857146,18.0,26.0,9.5,64.0,43.0,16.88,0.5230943033491326,0.8522748088519838
1.0,0.0,0.0,0.0,685.8,1480.3000000000004,2.0,29.0,8.666666666666666,72.0,46.0,16.94,0.5521013427459208,0.8337770129585915
1.0,0.0,0.0,0.0,829.6,1440.7714285714287,0.0,31.0,8.366666666666667,41.0,47.0,17.2,0.5663619330814524,0.8241566360566663
1.0,0.0,0.0,0.0,475.88,1320.23,0.0,31.0,8.233333333333333,82.0,42.0,18.52,0.5943761565849831,0.804187157621448
1.0,0.0,0.0,0.0,979.75,992.6228571428574,0.0,20.0,8.1,85.0,44.0,15.73,0.6216868902665479,0.7832658619336791
1.0,0.0,0.0,0.0,1680.11,1067.064285714286,0.0,2.0,7.7,82.0,46.0,15.01,0.6350683134867438,0.7724559775191742
1.0,0.0,0.0,0.0,830.93,1069.6685714285718,0.0,2.0,6.266666666666667,66.0,47.0,15.3,0.6482618097757122,0.7614175109532997
1.0,0.0,0.0,0.0,686.8,881.267142857143,0.0,0.0,6.266666666666667,27.0,45.0,13.26,0.6612634749656386,0.7501537286959042
1.0,0.0,0.0,0.0,239.86,817.5614285714289,5.0,0.0,6.2,59.0,46.0,15.59,0.6740694616546161,0.7386679638813748
1.0,0.0,0.0,0.0,611.8,786.447142857143,1.0,5.0,4.266666666666667,92.0,47.0,14.01,0.6990793005655562,0.7150441465537444
1.0,0.0,0.0,0.0,882.97,844.6028571428573,14.0,6.0,4.2,73.0,44.0,17.1,0.7112757519738152,0.7029130847082615
1.0,0.0,0.0,0.0,798.72,818.7414285714287,0.0,20.0,3.5,77.0,49.0,19.23,0.7232617254437388,0.6905740195722293
1.0,0.0,0.0,0.0,1014.49,723.6528571428573,10.0,20.0,3.8333333333333335,92.0,42.0,16.04,0.7579216274973472,0.6523456189565257
1.0,0.0,0.0,0.0,1682.88,845.3600000000002,0.0,25.0,3.566666666666667,94.0,45.0,15.27,0.7690308592589181,0.6392116531380588
1.0,0.0,0.0,0.0,947.1,882.5457142857147,0.0,25.0,3.566666666666667,59.0,46.0,18.58,0.7799125224167177,0.6258885343075018
1.0,0.0,0.0,0.0,739.8,953.9657142857146,0.0,24.0,3.2,79.0,48.0,19.37,0.7905633969115482,0.612380204990065
1.0,0.0,0.0,0.0,1774.75,1120.1014285714289,0.0,10.0,3.1333333333333333,91.0,47.0,15.09,0.8009803309782905,0.5986906625177214
1.0,0.0,0.0,0.0,926.78,1126.3600000000004,0.0,10.0,2.7666666666666666,58.0,45.0,14.71,0.8111602420785621,0.5848239578463322
1.0,0.0,0.0,0.0,575.78,1094.5114285714287,0.0,10.0,2.7666666666666666,34.0,45.0,15.65,0.8211001178128892,0.5707841943569036
1.0,0.0,0.0,0.0,356.44,1000.504285714286,0.0,10.0,2.7666666666666666,70.0,46.0,17.09,0.8307970168121247,0.5565755266413303
1.0,0.0,0.0,0.0,795.34,873.7128571428574,0.0,0.0,2.7666666666666666,69.0,46.0,14.01,0.8402480696078469,0.5422021592729844
1.0,0.0,0.0,0.0,662.4,833.0414285714288,0.0,0.0,2.7666666666666666,53.0,46.0,13.75,0.8494504794814806,0.527668345562516
1.0,0.0,0.0,0.0,495.72,798.1728571428573,15.0,0.0,2.7333333333333334,105.0,46.0,22.62,0.8670985522812081,0.4981366284784055
1.0,0.0,0.0,0.0,1579.38,770.2628571428575,0.0,24.0,2.7333333333333334,28.0,45.0,22.04,0.8837203473619977,0.4680153284438345
1.0,0.0,0.0,0.0,410.31,696.481428571429,12.0,24.0,3.1333333333333333,87.0,45.0,22.92,0.8916401947968874,0.45274469960737107
1.0,0.0,0.0,0.0,1316.04,802.2328571428573,0.0,36.0,2.933333333333333,75.0,47.0,25.11,0.8992961915530253,0.4373400963303323
1.0,0.0,0.0,0.0,1280.44,934.2328571428574,2.0,36.0,3.0,67.0,52.0,21.61,0.9066860720977985,0.4218060770826634
1.0,0.0,0.0,0.0,999.12,963.344285714286,14.0,49.0,3.466666666666667,67.0,49.0,24.67,0.9395699859530622,0.342356891994542
1.0,0.0,0.0,0.0,1132.31,1030.474285714286,0.0,68.0,3.466666666666667,67.0,47.0,24.75,0.9507903724625832,0.3098349038318025
1.0,0.0,0.0,0.0,1553.73,1181.6185714285716,2.0,64.0,3.1666666666666665,57.0,45.0,24.3,0.9655071658143364,0.2603764827344581
1.0,0.0,0.0,0.0,921.03,1087.5685714285717,0.0,66.0,2.566666666666667,33.0,49.0,22.82,0.969843196967294,0.24372971360968387
1.0,0.0,0.0,0.0,508.28,1101.564285714286,0.0,66.0,2.5,73.0,50.0,22.53,0.9738922359149924,0.22701082094141847
1.0,0.0,0.0,0.0,1143.28,1076.884285714286,0.0,52.0,2.5,88.0,50.0,20.19,0.9776530844816641,0.2102247521189836
1.0,0.0,0.0,0.0,3496.02,1393.3957142857143,30.0,35.0,3.5,88.0,50.0,17.58,0.981124629771712,0.19337647441020586
1.0,0.0,0.0,0.0,1687.37,1491.717142857143,0.0,65.0,3.5,74.0,48.0,22.32,0.984305844499033,0.17647097349152166
1.0,0.0,0.0,0.0,1139.88,1492.7985714285714,0.0,34.0,3.5,72.0,45.0,26.07,0.9941098647022418,0.10837701279187609
1.0,0.0,0.0,0.0,1238.82,1447.811428571429,0.0,34.0,3.5,94.0,46.0,24.98,0.9958270335100595,0.09126072172931188
1.0,0.0,0.0,0.0,1573.16,1540.9728571428573,29.0,34.0,4.466666666666667,89.0,46.0,16.08,0.9972495210773451,0.07411742515094437
1.0,0.0,0.0,0.0,951.62,1604.3071428571432,32.0,57.0,5.366666666666666,83.0,41.0,12.89,0.9992088560679753,0.03977011384605572
1.0,0.0,0.0,0.0,679.45,1538.0457142857144,3.0,89.0,5.433333333333334,87.0,43.0,18.98,0.9997451236925734,0.022576263041545485
1.0,0.0,0.0,0.0,1671.15,1277.3500000000004,25.0,92.0,5.8,32.0,48.0,16.0,0.9999855506507186,0.005375731557583884
1.0,0.0,0.0,0.0,345.6,1085.6685714285718,3.0,113.0,5.9,92.0,43.0,24.49,0.9999300657962057,-0.011826390691832589
1.0,0.0,0.0,0.0,1464.45,1132.0357142857144,0.0,120.0,5.566666666666666,85.0,49.0,33.13,0.9989315138848577,-0.046215046983708354
1.0,0.0,0.0,0.0,1928.96,1230.6271428571433,10.0,67.0,5.9,71.0,48.0,30.38,0.9967506498213929,-0.08054900421874167
1.0,0.0,0.0,0.0,1466.76,1215.4271428571433,0.0,45.0,5.9,85.0,43.0,26.2,0.9952176027737294,-0.09768276782171598
1.0,0.0,0.0,0.0,1436.41,1284.6828571428575,30.0,64.0,6.9,77.0,46.0,25.18,0.9912685467787256,-0.13185851571739118
1.0,0.0,0.0,0.0,1289.44,1371.8242857142864,0.0,105.0,6.9,44.0,46.0,31.59,0.986146248341595,-0.16587819893463143
1.0,0.0,0.0,0.0,938.25,1267.124285714286,20.0,105.0,7.566666666666666,39.0,48.0,22.59,0.9831469737221499,-0.1828169249850199
1.0,0.0,0.0,0.0,1104.08,1375.4785714285717,18.0,148.0,8.166666666666666,16.0,45.0,31.44,0.9724075561219968,-0.23328854407545518
1.0,0.0,0.0,0.0,809.44,1281.9057142857146,5.0,119.0,8.333333333333334,52.0,47.0,25.5,0.9682507501166718,-0.2499809690726521
1.0,0.0,0.0,0.0,908.31,1136.0985714285716,0.0,94.0,8.333333333333334,36.0,42.0,30.81,0.9638074231367307,-0.26659942067929354
1.0,0.0,0.0,0.0,726.39,1030.331428571429,4.0,76.0,8.466666666666667,44.0,41.0,30.48,0.9590788900341131,-0.28313898122818354
1.0,0.0,0.0,0.0,1303.24,1011.307142857143,29.0,80.0,8.933333333333334,60.0,45.0,24.95,0.9540665500578387,-0.2995947563972602
1.0,0.0,0.0,0.0,3025.02,1259.247142857143,0.0,89.0,8.933333333333334,35.0,43.0,23.89,0.9487718864399473,-0.31596187665790293
1.0,0.0,0.0,0.0,543.4,1202.8400000000001,0.0,77.0,8.533333333333333,47.0,45.0,24.09,0.9431964659565866,-0.33223549871590435
1.0,0.0,0.0,0.0,758.44,1153.4628571428573,4.0,56.0,8.666666666666666,30.0,51.0,32.27,0.9373419384643772,-0.3484108069446808
1.0,0.0,0.0,0.0,682.44,1135.3200000000002,0.0,37.0,8.6,82.0,51.0,25.21,0.9248025743285089,-0.38044736628785164
1.0,0.0,0.0,0.0,1446.9,1212.2614285714287,13.0,37.0,8.566666666666666,65.0,46.0,29.05,0.9181214482844364,-0.39629913726891813
1.0,0.0,0.0,0.0,1236.64,1285.154285714286,0.0,46.0,8.566666666666666,78.0,46.0,31.59,0.9111686353326631,-0.41203363695942635
1.0,0.0,0.0,0.0,4503.88,1742.3885714285716,9.0,17.0,8.8,75.0,47.0,22.75,0.9039461929224011,-0.42764620926777464
1.0,0.0,0.0,0.0,1168.61,1477.187142857143,12.0,26.0,9.2,47.0,48.0,24.0,0.8887010478292915,-0.45848712914008766
1.0,0.0,0.0,0.0,3854.32,1950.1757142857148,0.0,34.0,9.2,76.0,47.0,26.32,0.8806828564301475,-0.47370635037968
1.0,0.0,0.0,0.0,1360.0,2036.1128571428574,1.0,34.0,9.233333333333333,65.0,52.0,30.65,0.8724040568049612,-0.48878539428899265
1.0,0.0,0.0,0.0,1384.44,2136.398571428572,25.0,35.0,9.066666666666666,80.0,44.0,27.11,0.8638670987837349,-0.503719798736334
1.0,0.0,0.0,0.0,4274.01,2540.2714285714287,33.0,53.0,10.166666666666666,80.0,41.0,27.73,0.8367329140344921,-0.5476112038402312
1.0,0.0,0.0,0.0,1386.25,2561.644285714286,7.0,86.0,10.4,49.0,46.0,35.27,0.8271893372462497,-0.5619233046832195
1.0,0.0,0.0,0.0,1166.4,2084.861428571429,20.0,81.0,11.066666666666666,77.0,45.0,36.6,0.8174009818249189,-0.5760691233798758
1.0,0.0,0.0,0.0,1845.79,2181.601428571429,0.0,101.0,10.1,97.0,48.0,31.84,0.8073707443023492,-0.5900444739548627
1.0,0.0,0.0,0.0,3589.84,2143.818571428572,0.0,75.0,9.033333333333333,76.0,52.0,34.14,0.7865965660866021,-0.6174672802835514
1.0,0.0,0.0,0.0,2227.45,2267.7400000000002,9.0,64.0,9.233333333333333,91.0,49.0,33.87,0.7648913904341225,-0.6441592666722685
1.0,0.0,0.0,0.0,2126.58,2373.7600000000007,6.0,41.0,8.6,75.0,45.0,40.68,0.742280907086982,-0.6700888411055113
1.0,0.0,0.0,0.0,2028.92,2053.032857142857,0.0,27.0,8.5,81.0,49.0,32.56,0.7306444969184916,-0.6827580970759147
1.0,0.0,0.0,0.0,4878.53,2551.9300000000003,16.0,27.0,9.033333333333333,90.0,44.0,32.01,0.7187918772884232,-0.6952253139408722
1.0,0.0,0.0,0.0,4357.84,3007.85,0.0,43.0,8.7,68.0,43.0,40.31,0.7067265555776158,-0.7074868024503348
1.0,0.0,0.0,0.0,2499.65,3101.258571428572,41.0,56.0,10.066666666666666,93.0,49.0,21.71,0.6819721490904629,-0.7313781428679254
1.0,0.0,0.0,0.0,1383.02,2785.998571428572,34.0,88.0,10.2,32.0,51.0,22.72,0.6692903895412567,-0.7430009249440493
1.0,0.0,0.0,0.0,516.17,2541.53,39.0,114.0,11.5,75.0,48.0,29.44,0.6564105761979381,-0.7544038410927472
1.0,0.0,0.0,0.0,1501.44,2452.224285714286,38.0,147.0,12.1,59.0,48.0,27.92,0.6433365204044917,-0.765583517007675
1.0,0.0,0.0,0.0,1128.2,2323.55,107.0,193.0,15.066666666666666,68.0,47.0,14.41,0.6029878670694714,-0.7977503570459932
1.0,0.0,0.0,0.0,671.3,1722.5171428571432,2.0,283.0,14.966666666666667,102.0,44.0,32.68,0.5891760872322963,-0.8080046647350754
1.0,0.0,0.0,0.0,2183.12,1411.8428571428574,0.0,212.0,14.966666666666667,86.0,47.0,39.02,0.5610336262283677,-0.8277930117131022
1.0,0.0,0.0,0.0,2231.74,1373.5700000000002,35.0,164.0,16.0,73.0,51.0,24.1,0.5322271388474397,-0.8466016020976267
1.0,0.0,0.0,0.0,1231.3,1351.8957142857146,118.0,182.0,18.966666666666665,70.0,45.0,16.11,0.5175855102531889,-0.8556314858488706
1.0,0.0,0.0,0.0,738.84,1383.7057142857145,1.0,293.0,19.0,80.0,44.0,42.29,0.5027907197793043,-0.8644081744776648
1.0,0.0,0.0,0.0,3132.78,1616.7542857142857,0.0,227.0,19.0,95.0,49.0,34.57,0.44216815196707204,-0.8969321743510065
1.0,0.0,0.0,0.0,2265.96,1779.291428571429,33.0,198.0,19.966666666666665,74.0,48.0,20.09,0.42667408318992467,-0.9044054548343001
1.0,0.0,0.0,0.0,996.29,1825.7185714285715,53.0,196.0,21.733333333333334,87.0,49.0,35.13,0.4110537546870351,-0.9116111071930239
1.0,0.0,0.0,0.0,3901.08,2071.1414285714286,11.0,153.0,21.666666666666668,27.0,44.0,34.96,0.36348161248290634,-0.9316013725767187
1.0,0.0,0.0,0.0,618.32,1840.6528571428573,29.0,142.0,22.633333333333333,70.0,37.0,24.87,0.31494162072895193,-0.9491110448902284
1.0,0.0,0.0,0.0,1053.31,1815.2257142857145,15.0,129.0,22.833333333333332,49.0,47.0,37.55,0.24893980855376657,-0.9685189578512204
1.0,0.0,0.0,0.0,1242.0,1887.1057142857146,12.0,139.0,22.833333333333332,82.0,43.0,34.95,0.21547731504673012,-0.976508846196619
1.0,0.0,0.0,0.0,1848.57,1703.6471428571433,0.0,151.0,22.833333333333332,89.0,50.0,38.26,0.19864794288017112,-0.9800709131432666
1.0,0.0,0.0,0.0,2383.5,1720.4385714285715,0.0,122.0,22.8,101.0,42.0,32.32,0.18175978759137534,-0.9833429613388902
1.0,0.0,0.0,0.0,2121.6,1881.1971428571433,0.0,75.0,21.966666666666665,107.0,47.0,35.13,0.14782713347053048,-0.9890132145779883
1.0,0.0,0.0,0.0,2574.92,1691.7457142857147,11.0,67.0,21.233333333333334,47.0,39.0,33.43,0.13079267585675922,-0.9914097417023038
1.0,0.0,0.0,0.0,966.16,1741.4371428571433,4.0,52.0,21.133333333333333,103.0,49.0,37.48,0.0966127018812031,-0.9953220513156602
1.0,0.0,0.0,0.0,2644.1,1968.6928571428575,9.0,103.0,20.766666666666666,95.0,52.0,37.25,0.02795029824021032,-0.999609314096404
1.0,0.0,0.0,0.0,2459.61,2142.637142857143,0.0,112.0,20.766666666666666,24.0,46.0,31.38,0.01075130776352193,-0.9999422030204416
1.0,0.0,0.0,0.0,2847.28,2285.3100000000004,35.0,101.0,21.933333333333334,56.0,49.0,16.7,-0.00645086419810515,-0.9999791929590823
1.0,0.0,0.0,0.0,631.12,2034.9700000000005,36.0,134.0,22.833333333333332,73.0,43.0,23.42,-0.023651127245231586,-0.9997202729664083
1.0,0.0,0.0,0.0,1111.5,1890.6700000000003,10.0,166.0,22.966666666666665,71.0,46.0,22.65,-0.04084439154329611,-0.9991655196610109
1.0,0.0,0.0,0.0,1485.28,1735.007142857143,10.0,171.0,23.3,83.0,39.0,21.72,-0.05802556932878035,-0.9983150972033183
1.0,0.0,0.0,0.0,1936.83,1873.6742857142858,33.0,136.0,23.866666666666667,79.0,45.0,17.86,-0.09233133369539122,-0.9957283388645872
1.0,0.0,0.0,0.0,938.32,1629.991428571429,0.0,160.0,23.866666666666667,41.0,41.0,24.2,-0.10944576864891556,-0.993992768446958
1.0,0.0,0.0,0.0,629.92,1368.6071428571431,22.0,160.0,23.233333333333334,76.0,50.0,18.72,-0.12652781683868314,-0.9919630595773397
1.0,0.0,0.0,0.0,974.76,1101.1042857142859,0.0,147.0,22.1,81.0,45.0,29.9,-0.1435724234118113,-0.9896398128792412
1.0,0.0,0.0,0.0,4127.41,1600.5742857142857,0.0,111.0,20.8,62.0,46.0,23.15,-0.16057454459499376,-0.9870237158387383
1.0,0.0,0.0,0.0,961.45,1579.1385714285716,33.0,101.0,20.633333333333333,70.0,49.0,21.37,-0.17752914918703497,-0.984115542601034
1.0,0.0,0.0,0.0,1024.76,1513.3500000000001,19.0,124.0,17.7,74.0,45.0,23.31,-0.19443122004766195,-0.9809161537413774
1.0,0.0,0.0,0.0,1121.25,1396.8385714285716,0.0,107.0,17.633333333333333,74.0,48.0,26.59,-0.2112757555821793,-0.9774264960104055
1.0,0.0,0.0,0.0,1357.92,1456.7814285714287,56.0,81.0,19.5,81.0,51.0,15.89,-0.24477230089725957,-0.9695805901076308
1.0,0.0,0.0,0.0,888.03,1493.654285714286,0.0,115.0,18.333333333333332,66.0,49.0,24.53,-0.2614143985111562,-0.965226663665613
1.0,0.0,0.0,0.0,1464.02,1563.5485714285714,9.0,134.0,14.7,72.0,47.0,30.42,-0.2944616217868012,-0.9556633054034704
1.0,0.0,0.0,0.0,1467.3,1183.5328571428574,20.0,110.0,15.333333333333334,83.0,43.0,28.86,-0.3108569682435036,-0.9504567035349151
1.0,0.0,0.0,0.0,1556.75,1268.5757142857146,0.0,116.0,15.333333333333334,38.0,43.0,24.87,-0.34336687399638804,-0.939201357453208
1.0,0.0,0.0,0.0,618.98,1210.6071428571431,7.0,86.0,14.466666666666667,69.0,42.0,22.26,-0.3754703786876202,-0.9268343944460494
1.0,0.0,0.0,0.0,960.0,1187.571428571429,0.0,108.0,12.7,90.0,46.0,24.94,-0.4383067230125192,-0.898825465016444
1.0,0.0,0.0,0.0,1504.15,1208.4614285714288,18.0,103.0,12.933333333333334,46.0,42.0,24.67,-0.45370308603134424,-0.8911529104063088
1.0,0.0,0.0,0.0,715.05,1183.7500000000002,8.0,121.0,12.233333333333333,72.0,47.0,25.82,-0.46896519100763184,-0.8832166493127127
1.0,0.0,0.0,0.0,3393.12,1459.3357142857146,0.0,96.0,11.733333333333333,80.0,49.0,25.0,-0.48408852163897587,-0.8750190302029955
1.0,0.0,0.0,0.0,2092.0,1548.5785714285719,84.0,89.0,14.133333333333333,77.0,40.0,8.58,-0.4990686026885319,-0.8665624788845385
1.0,0.0,0.0,0.0,409.82,1384.731428571429,0.0,153.0,14.133333333333333,78.0,54.0,21.51,-0.5139010013093103,-0.8578494977869301
1.0,0.0,0.0,0.0,1661.16,1533.614285714286,0.0,153.0,14.133333333333333,84.0,44.0,20.36,-0.5285813283559292,-0.8488826652214553
1.0,0.0,0.0,0.0,1128.6,1557.7000000000003,21.0,97.0,14.833333333333334,47.0,50.0,16.74,-0.5995514915196489,-0.8003361849976323
1.0,0.0,0.0,0.0,2113.1,1644.6928571428573,0.0,67.0,14.466666666666667,80.0,46.0,19.86,-0.6267266965083301,-0.7792391467859886
1.0,0.0,0.0,0.0,1072.58,1695.7685714285715,16.0,67.0,14.866666666666667,75.0,45.0,20.89,-0.6400381082043503,-0.7683431655492202
1.0,0.0,0.0,0.0,1042.06,1359.9028571428576,0.0,83.0,14.566666666666666,28.0,49.0,24.36,-0.65316012232693,-0.7572198192083127
1.0,0.0,0.0,0.0,470.58,1128.2714285714287,0.0,78.0,14.566666666666666,57.0,50.0,22.7,-0.666088855860977,-0.7458723993404063
1.0,0.0,0.0,0.0,899.33,1198.2014285714288,32.0,76.0,14.466666666666667,93.0,46.0,19.69,-0.6788204829862355,-0.734304263829602
1.0,0.0,0.0,0.0,1217.62,1134.8385714285716,13.0,97.0,13.7,74.0,44.0,25.38,-0.7036774074790128,-0.7105196029692745
1.0,0.0,0.0,0.0,1230.09,1149.3371428571431,16.0,77.0,13.9,52.0,43.0,19.56,-0.7157953492826642,-0.6983101158835584
1.0,0.0,0.0,0.0,655.97,941.1757142857147,17.0,102.0,14.133333333333333,99.0,43.0,26.28,-0.7508642533989489,-0.6604565640279754
1.0,0.0,0.0,0.0,1665.28,1025.8471428571431,4.0,119.0,13.166666666666666,63.0,44.0,21.03,-0.7621140503891487,-0.6474427960827475
1.0,0.0,0.0,0.0,874.5,1001.9100000000002,2.0,75.0,13.233333333333333,71.0,42.0,24.45,-0.7839338166829201,-0.620844401650647
1.0,0.0,0.0,0.0,1102.36,1092.1642857142858,1.0,64.0,12.533333333333333,74.0,41.0,23.16,-0.7944973291665992,-0.6072676460566135
1.0,0.0,0.0,0.0,2812.3900000000003,1365.4585714285718,37.0,49.0,13.766666666666667,80.0,41.0,18.23,-0.8048257371083452,-0.593511190196115
1.0,0.0,0.0,0.0,925.83,1323.774285714286,12.0,64.0,14.166666666666666,64.0,46.0,24.64,-0.8247650844733614,-0.5654755126737576
1.0,0.0,0.0,0.0,3146.59,1597.5600000000002,0.0,59.0,13.066666666666666,88.0,49.0,21.1,-0.8343701235229538,-0.5512045872199277
1.0,0.0,0.0,0.0,1272.05,1685.571428571429,15.0,55.0,12.933333333333334,84.0,45.0,24.2,-0.8437282590292712,-0.5367705514607103
1.0,0.0,0.0,0.0,1341.78,1639.3571428571431,0.0,70.0,12.933333333333334,76.0,46.0,25.33,-0.8528367217694595,-0.522177676659508
1.0,0.0,0.0,0.0,1280.12,1697.3028571428574,7.0,68.0,11.3,83.0,44.0,22.99,-0.8616928164028522,-0.5074302810827518
1.0,0.0,0.0,0.0,1221.12,1714.2685714285715,4.0,74.0,11.433333333333334,66.0,51.0,24.77,-0.8702939222685674,-0.49253272872205434
1.0,0.0,0.0,0.0,1152.68,1477.167142857143,33.0,41.0,12.233333333333333,30.0,45.0,19.87,-0.8786374941610001,-0.4774894280028391
1.0,0.0,0.0,0.0,390.38,1400.6742857142858,25.0,130.0,12.4,77.0,42.0,24.9,-0.9164086366943458,-0.4002439388573056
1.0,0.0,0.0,0.0,1217.3,1125.061428571429,17.0,156.0,12.966666666666667,63.0,46.0,23.43,-0.9358348973349941,-0.35243871088460327
1.0,0.0,0.0,0.0,966.78,1081.4514285714288,0.0,122.0,12.733333333333333,76.0,46.0,24.66,-0.9417589340994617,-0.33628873017668287
1.0,0.0,0.0,0.0,1274.32,1071.814285714286,0.0,109.0,12.733333333333333,85.0,43.0,25.64,-0.9474042892438845,-0.32003923622313857
1.0,0.0,0.0,0.0,1449.04,1095.9457142857145,7.0,87.0,12.366666666666667,89.0,42.0,21.27,-0.9578523554276669,-0.28726097055059635
1.0,0.0,0.0,0.0,1230.45,1097.2785714285717,0.0,80.0,12.1,60.0,48.0,21.45,-0.9753363880767837,-0.2207236509605022
1.0,0.0,0.0,0.0,888.03,1059.4714285714288,30.0,80.0,13.1,88.0,44.0,14.74,-0.9789888737409319,-0.20391367068311472
1.0,0.0,0.0,0.0,1217.05,1177.567142857143,5.0,110.0,10.466666666666667,82.0,47.0,26.55,-0.9854237542919524,-0.17011767832049052
1.0,0.0,0.0,0.0,1491.25,1216.7028571428575,24.0,108.0,11.266666666666667,71.0,37.0,16.94,-0.9882042449941422,-0.15314166701312007
1.0,0.0,0.0,0.0,4623.81,1739.1357142857144,20.0,90.0,11.933333333333334,60.0,49.0,24.28,-0.9928872135356962,-0.11905873003404988
1.0,0.0,0.0,0.0,1453.76,1764.7700000000002,38.0,98.0,12.5,66.0,48.0,21.73,-0.994788305609327,-0.10196189005174576
1.0,0.0,0.0,0.0,3553.61,2065.4228571428575,30.0,136.0,13.5,73.0,46.0,17.49,-0.9963950238187231,-0.08483487790576538
1.0,0.0,0.0,0.0,855.59,2011.8714285714289,0.0,136.0,12.966666666666667,73.0,50.0,22.12,-0.9977068927101168,-0.06768276175455162
1.0,0.0,0.0,0.0,1114.35,2044.2028571428575,8.0,136.0,13.233333333333333,88.0,48.0,22.32,-0.9987235240803972,-0.050510617185222886
1.0,0.0,0.0,0.0,1770.42,2123.2557142857145,27.0,139.0,14.133333333333333,81.0,43.0,17.98,-0.9994446170919858,-0.033323525711631344
1.0,0.0,0.0,0.0,946.4,2045.4200000000003,32.0,123.0,14.133333333333333,90.0,46.0,24.21,-0.9999994220246925,0.001075151282798226
1.0,0.0,0.0,0.0,1481.72,1596.55,0.0,135.0,13.7,90.0,54.0,27.81,-0.999832969770105,0.018276557681691223
1.0,0.0,0.0,0.0,2193.16,1702.1785714285718,25.0,157.0,14.0,80.0,46.0,25.85,-0.9986126020839734,0.052658056924614005
1.0,0.0,0.0,0.0,1395.9,1393.9342857142858,118.0,182.0,17.366666666666667,75.0,45.0,9.36,-0.9975590477788613,0.06982797572987089
1.0,0.0,0.0,0.0,983.79,1412.2485714285717,8.0,267.0,17.5,40.0,50.0,34.1,-0.9945667569706337,0.1041007489354256
1.0,0.0,0.0,0.0,947.98,1388.4814285714288,4.0,247.0,17.566666666666666,83.0,46.0,30.13,-0.9903973200352558,0.1382503109109819
1.0,0.0,0.0,0.0,1663.17,1373.16,53.0,162.0,19.3,73.0,43.0,21.32,-0.9850556718215013,0.172236243027682
1.0,0.0,0.0,0.0,4044.62,1815.7628571428575,0.0,112.0,18.066666666666666,72.0,47.0,26.08,-0.9785481345802031,0.20601832032517084
1.0,0.0,0.0,0.0,1248.87,1782.4985714285717,4.0,110.0,17.8,33.0,47.0,32.82,-0.9748595108374125,0.22282040779479959
1.0,0.0,0.0,0.0,736.44,1574.3957142857146,3.0,106.0,17.9,79.0,47.0,32.16,-0.9708824104813836,0.23955655912092708
1.0,0.0,0.0,0.0,1689.77,1616.3771428571433,23.0,165.0,18.166666666666668,66.0,45.0,27.82,-0.9620675724981452,0.27281126433401914
1.0,0.0,0.0,0.0,1220.94,1650.2557142857145,0.0,187.0,18.166666666666668,90.0,43.0,31.39,-0.957232443323312,0.28931997761869527
1.0,0.0,0.0,0.0,2236.12,1834.2757142857147,25.0,134.0,18.766666666666666,77.0,45.0,22.62,-0.9521140536681102,0.3057430764672831
1.0,0.0,0.0,0.0,1132.3,1758.437142857143,37.0,179.0,19.866666666666667,33.0,44.0,22.33,-0.9410336347451197,0.3383130181923076
1.0,0.0,0.0,0.0,479.05,1249.0700000000002,2.0,212.0,18.833333333333332,89.0,47.0,25.11,-0.9350748843515574,0.3544502230989869
1.0,0.0,0.0,0.0,1519.8,1287.774285714286,2.0,211.0,18.066666666666666,82.0,49.0,29.89,-0.9288394302558068,0.3704825404820963
1.0,0.0,0.0,0.0,1715.7,1427.6685714285718,31.0,149.0,18.533333333333335,67.0,43.0,23.45,-0.9223291176290545,0.3864052261209853
1.0,0.0,0.0,0.0,1328.15,1376.0085714285717,106.0,157.0,22.066666666666666,82.0,46.0,13.24,-0.9155458729775467,0.40221356823680365
1.0,0.0,0.0,0.0,722.19,1304.758571428572,0.0,263.0,22.066666666666666,82.0,46.0,32.84,-0.9084917035725082,0.41790288888678667
1.0,0.0,0.0,0.0,1817.78,1244.9957142857145,1.0,238.0,21.866666666666667,64.0,45.0,33.81,-0.9011686968561569,0.4334685453485363
1.0,0.0,0.0,0.0,1449.88,1290.3642857142859,15.0,188.0,22.366666666666667,80.0,54.0,30.95,-0.8776087166898392,0.4793776594606945
1.0,0.0,0.0,0.0,1770.34,1474.834285714286,43.0,201.0,22.8,80.0,51.0,31.81,-0.8692328164574792,0.49440298420761813
1.0,0.0,0.0,0.0,1781.5,1512.22,27.0,141.0,23.533333333333335,73.0,48.0,26.51,-0.8425720899866032,0.5385835804920232
1.0,0.0,0.0,0.0,4355.45,1889.3271428571431,41.0,167.0,24.1,44.0,43.0,31.14,-0.8331829385891785,0.5529974600700271
1.0,0.0,0.0,0.0,897.35,1827.7842857142862,42.0,182.0,24.833333333333332,68.0,39.0,25.15,-0.8235472349556007,0.5672476988027229
1.0,0.0,0.0,0.0,1735.1,1972.4857142857145,0.0,223.0,23.566666666666666,76.0,47.0,33.84,-0.7717727365467836,0.6358984534680745
1.0,0.0,0.0,0.0,1748.96,1962.654285714286,28.0,196.0,23.5,39.0,42.0,29.67,-0.7607200913564104,0.6490800741100398
1.0,0.0,0.0,0.0,752.05,1862.964285714286,3.0,231.0,23.6,70.0,52.0,36.56,-0.7379428103031386,0.6748632518680403
1.0,0.0,0.0,0.0,2320.1,1941.501428571429,22.0,179.0,24.066666666666666,87.0,41.0,23.07,-0.7262249146041543,0.6874571793269664
1.0,0.0,0.0,0.0,1284.48,1870.4985714285717,21.0,195.0,23.866666666666667,82.0,43.0,19.49,-0.7142921172691032,0.699847677146407
1.0,0.0,0.0,0.0,1363.69,1443.1042857142859,18.0,188.0,23.4,87.0,41.0,29.62,-0.6897960046655887,0.7240037789593305
1.0,0.0,0.0,0.0,1597.74,1543.16,185.0,115.0,29.566666666666666,67.0,44.0,9.0,-0.6515303615068021,0.75862255966641
1.0,0.0,0.0,0.0,391.95,1351.2814285714287,3.0,297.0,28.833333333333332,50.0,49.0,24.66,-0.6383844591746642,0.7697176640069211
1.0,0.0,0.0,0.0,838.44,1221.207142857143,2.0,273.0,24.966666666666665,80.0,48.0,31.9,-0.5699010576127624,0.8217133225960589
1.0,0.0,0.0,0.0,1748.12,1363.5028571428572,1.0,248.0,24.733333333333334,67.0,46.0,36.01,-0.5556819724760489,0.8313949395234058
1.0,0.0,0.0,0.0,3450.6400000000003,1525.0085714285717,52.0,64.0,26.333333333333332,76.0,43.0,25.11,-0.5412984521036173,0.8408305333122887
1.0,0.0,0.0,0.0,1240.2,1518.6828571428575,12.0,113.0,24.966666666666665,62.0,46.0,31.66,-0.5267547528105542,0.8500173118187018
1.0,0.0,0.0,0.0,1295.58,1508.9528571428575,60.0,121.0,26.966666666666665,72.0,41.0,26.25,-0.5120551783114646,0.8589525565270845
1.0,0.0,0.0,0.0,1162.35,1446.754285714286,0.0,222.0,26.833333333333332,30.0,45.0,22.43,-0.4822058478963526,0.8760579434344281
1.0,0.0,0.0,0.0,444.18,1454.2157142857145,2.0,217.0,26.8,91.0,50.0,24.67,-0.46706492487743034,0.8842230238742036
1.0,0.0,0.0,0.0,2977.28,1759.764285714286,34.0,167.0,27.166666666666668,94.0,44.0,17.54,-0.42083100859565564,0.9071390534005044
1.0,0.0,0.0,0.0,1047.12,1659.6214285714289,0.0,174.0,27.166666666666668,75.0,51.0,27.41,-0.3893781415452015,0.9210779895789526
1.0,0.0,0.0,0.0,1449.48,1373.741428571429,9.0,84.0,26.633333333333333,32.0,47.0,27.72,-0.37347653741307074,0.9276396261490467
1.0,0.0,0.0,0.0,598.73,1282.1028571428574,0.0,93.0,25.4,64.0,45.0,29.12,-0.3574644155648614,0.9339267592294762
1.0,0.0,0.0,0.0,1248.88,1275.4314285714288,0.0,92.0,25.333333333333332,65.0,46.0,25.92,-0.3251276029999093,0.9456701548465688
1.0,0.0,0.0,0.0,1120.53,1269.4571428571433,6.0,73.0,25.466666666666665,92.0,43.0,24.28,-0.2426868445825954,0.9701046827361175
1.0,0.0,0.0,0.0,1440.93,1411.8500000000001,34.0,79.0,25.566666666666666,58.0,41.0,21.02,-0.22596360824801906,0.974135744004672
1.0,0.0,0.0,0.0,761.88,1095.364285714286,28.0,110.0,22.966666666666665,85.0,49.0,21.93,-0.20917350564635637,0.9778785428342386
1.0,0.0,0.0,0.0,1286.16,1129.5128571428575,31.0,138.0,24.0,79.0,46.0,16.47,-0.19232150523909483,0.9813319716704275
1.0,0.0,0.0,0.0,1373.17,1118.6114285714289,36.0,148.0,25.166666666666668,72.0,46.0,20.75,-0.17541259380427843,0.9844950085880858
1.0,0.0,0.0,0.0,971.1,1171.8071428571432,20.0,184.0,25.333333333333332,69.0,44.0,23.61,-0.15845177496083632,0.9873667175937016
1.0,0.0,0.0,0.0,1034.41,1141.1685714285718,16.0,170.0,24.433333333333334,43.0,43.0,29.14,-0.14144406768794202,0.9899462489023779
1.0,0.0,0.0,0.0,801.92,1095.6528571428576,0.0,171.0,23.533333333333335,77.0,46.0,24.81,-0.12439450483979998,0.9922328391893008
1.0,0.0,0.0,0.0,1270.15,1071.2557142857147,61.0,165.0,24.2,77.0,44.0,8.92,-0.10730813165636247,0.9942258118156161
1.0,0.0,0.0,0.0,439.68,1025.2271428571432,10.0,192.0,23.133333333333333,109.0,46.0,22.72,-0.09019000427034513,0.9959245770286599
1.0,0.0,0.0,0.0,1609.4,1071.404285714286,15.0,174.0,23.633333333333333,68.0,44.0,22.84,-0.07304518821104743,0.9973286321364752
1.0,0.0,0.0,0.0,1017.22,1020.5542857142862,15.0,158.0,23.2,56.0,46.0,21.82,-0.05587875690537313,0.9984375616565666
1.0,0.0,0.0,0.0,3067.63,1320.0585714285717,41.0,137.0,24.466666666666665,78.0,46.0,22.95,-0.03869579017652689,0.9992510374388481
1.0,0.0,0.0,0.0,1961.45,1452.4928571428575,11.0,158.0,24.1,36.0,47.0,29.89,-0.021501372740813793,0.999768818762748
1.0,0.0,0.0,0.0,715.54,1440.1528571428573,44.0,199.0,24.866666666666667,81.0,46.0,15.8,0.012901459949419653,0.9999167727021953
1.0,0.0,0.0,0.0,838.4,1378.4742857142862,8.0,182.0,24.533333333333335,86.0,42.0,20.88,0.017201575418260506,0.9998520419557735
1.0,0.0,0.0,0.0,1131.48,1477.3028571428574,0.0,180.0,18.366666666666667,79.0,48.0,19.66,0.03439806061360801,0.9994082116062598
1.0,0.0,0.0,0.0,1048.28,1397.1428571428573,12.0,165.0,18.666666666666668,71.0,43.0,20.18,0.051584366869408364,0.9986686402879997
1.0,0.0,0.0,0.0,1389.96,1450.3914285714288,0.0,162.0,18.6,82.0,49.0,17.77,0.06875540848113941,0.9976335468520451
1.0,0.0,0.0,0.0,1012.62,1156.8185714285717,3.0,111.0,18.666666666666668,65.0,50.0,20.42,0.10303137904317879,0.9946781061893646
1.0,0.0,0.0,0.0,915.63,1007.4157142857146,0.0,68.0,16.933333333333334,86.0,47.0,19.43,0.1201261651823505,0.9927586335250793
1.0,0.0,0.0,0.0,1152.99,1069.9085714285716,0.0,28.0,16.533333333333335,39.0,45.0,20.38,0.20496611396949532,0.9787690698649216
1.0,0.0,0.0,0.0,520.73,1024.5271428571432,0.0,27.0,14.533333333333333,77.0,47.0,18.88,0.22177215755648186,0.975098513039961
1.0,0.0,0.0,0.0,1303.1799999999998,1049.0557142857147,0.0,24.0,14.533333333333333,82.0,43.0,18.05,0.23851257519407648,0.9711394088771653
1.0,0.0,0.0,0.0,962.0,1036.7300000000002,9.0,24.0,14.766666666666667,82.0,42.0,20.85,0.2551824131233728,0.9668929289391521
1.0,0.0,0.0,0.0,1068.75,990.8428571428574,0.0,33.0,13.633333333333333,73.0,47.0,20.85,0.2717767384711357,0.9623603298276545
1.0,0.0,0.0,0.0,1027.35,992.947142857143,0.0,9.0,13.633333333333333,78.0,51.0,14.4,0.2882906407095177,0.9575429528116719
1.0,0.0,0.0,0.0,786.1,974.4428571428573,0.0,19.0,13.333333333333334,78.0,49.0,15.53,0.3373010691361842,0.9413968285264122
1.0,0.0,0.0,0.0,4546.54,1459.2357142857145,0.0,19.0,13.333333333333334,77.0,51.0,18.08,0.3534446712740877,0.9354554315134164
1.0,0.0,0.0,0.0,967.44,1523.051428571429,6.0,19.0,13.533333333333333,75.0,46.0,16.68,0.3694836834473831,0.9292372181882051
1.0,0.0,0.0,0.0,831.92,1455.7285714285717,27.0,16.0,14.233333333333333,86.0,44.0,10.05,0.38541335945432564,0.9227440286201427
1.0,0.0,0.0,0.0,552.96,1397.294285714286,0.0,43.0,13.1,99.0,47.0,21.17,0.4012289854475009,0.9159777842484877
1.0,0.0,0.0,0.0,4270.8,1854.73,0.0,43.0,12.166666666666666,82.0,47.0,15.48,0.4169258813287287,0.908940487313808
1.0,0.0,0.0,0.0,856.58,1830.334285714286,0.0,43.0,11.133333333333333,38.0,52.0,22.08,0.4324994021339788,0.901634220265486
1.0,0.0,0.0,0.0,599.89,1803.7328571428573,0.0,33.0,9.933333333333334,68.0,48.0,18.51,0.44794493940789115,0.8940611451454876
1.0,0.0,0.0,0.0,862.42,1277.4300000000003,0.0,33.0,9.266666666666667,75.0,45.0,16.05,0.4632579225674917,0.88622350294858
1.0,0.0,0.0,0.0,800.66,1253.6042857142859,0.0,33.0,8.733333333333333,80.0,47.0,19.86,0.4784338202547012,0.8781236129591848
1.0,0.0,0.0,0.0,1072.58,1287.984285714286,3.0,27.0,8.833333333333334,95.0,44.0,15.49,0.49346814167723735,0.8697638720650646
1.0,0.0,0.0,0.0,986.24,1349.8814285714288,7.0,3.0,7.033333333333333,71.0,49.0,14.28,0.5083564379375122,0.8611467540480452
1.0,0.0,0.0,0.0,684.45,837.5457142857146,4.0,10.0,6.833333333333333,81.0,47.0,10.21,0.5230943033491326,0.8522748088519838
1.0,0.0,0.0,0.0,558.23,794.924285714286,0.0,14.0,6.333333333333333,38.0,48.0,15.08,0.5376773767406141,0.8431506618282
1.0,0.0,0.0,0.0,389.64,764.8885714285716,6.0,14.0,6.033333333333333,53.0,43.0,15.89,0.5943761565849831,0.804187157621448
1.0,0.0,0.0,0.0,547.3,719.8714285714287,16.0,17.0,5.2,90.0,41.0,14.71,0.6081214998935418,0.7938439653781019
1.0,0.0,0.0,0.0,834.12,724.6514285714287,5.0,26.0,5.0,75.0,43.0,18.79,0.6216868902665479,0.7832658619336791
1.0,0.0,0.0,0.0,922.89,703.2671428571431,4.0,27.0,3.6666666666666665,39.0,50.0,16.95,0.6350683134867438,0.7724559775191742
1.0,0.0,0.0,0.0,459.4,628.004285714286,8.0,31.0,3.6666666666666665,83.0,45.0,15.71,0.6482618097757122,0.7614175109532997
1.0,0.0,0.0,0.0,860.64,653.174285714286,0.0,39.0,3.6666666666666665,82.0,41.0,18.57,0.6740694616546161,0.7386679638813748
1.0,0.0,0.0,0.0,982.34,713.7614285714288,0.0,39.0,3.2666666666666666,67.0,46.0,15.76,0.6866759803451553,0.726963615332308
1.0,0.0,0.0,0.0,707.52,759.1728571428574,21.0,33.0,3.966666666666667,92.0,44.0,14.61,0.6990793005655562,0.7150441465537444
1.0,0.0,0.0,0.0,1502.76,895.6671428571432,0.0,38.0,3.8666666666666667,70.0,44.0,18.04,0.7112757519738152,0.7029130847082615
1.0,0.0,0.0,0.0,820.95,893.7857142857146,0.0,29.0,3.8666666666666667,81.0,43.0,14.69,0.7350336741329413,0.6780306024735382
1.0,0.0,0.0,0.0,785.4,874.144285714286,0.0,21.0,3.8666666666666667,74.0,48.0,18.0,0.746588114532413,0.6652865452111116
1.0,0.0,0.0,0.0,912.42,938.861428571429,0.0,21.0,3.8666666666666667,73.0,44.0,18.32,0.7579216274973472,0.6523456189565257
1.0,0.0,0.0,0.0,882.42,941.9728571428574,0.0,21.0,3.8666666666666667,97.0,46.0,13.77,0.7690308592589181,0.6392116531380588
1.0,0.0,0.0,0.0,4268.8,1411.467142857143,24.0,21.0,4.366666666666666,87.0,49.0,11.7,0.7799125224167177,0.6258885343075018
1.0,0.0,0.0,0.0,687.15,1408.5571428571432,0.0,24.0,4.366666666666666,65.0,44.0,19.0,0.7905633969115482,0.612380204990065
1.0,0.0,0.0,0.0,808.93,1309.438571428572,0.0,24.0,4.366666666666666,44.0,47.0,14.3,0.8009803309782905,0.5986906625177214
1.0,0.0,0.0,0.0,434.01,1254.1614285714288,0.0,24.0,4.366666666666666,80.0,47.0,19.57,0.8111602420785621,0.5848239578463322
1.0,0.0,0.0,0.0,1049.22,1291.8500000000001,9.0,24.0,4.666666666666667,89.0,48.0,16.96,0.8211001178128892,0.5707841943569036
1.0,0.0,0.0,0.0,1018.58,1307.0157142857145,0.0,33.0,4.466666666666667,57.0,48.0,18.26,0.8307970168121247,0.5565755266413303
1.0,0.0,0.0,0.0,713.09,1282.8257142857144,0.0,33.0,3.566666666666667,71.0,44.0,14.21,0.8402480696078469,0.5422021592729844
1.0,0.0,0.0,0.0,670.99,768.8528571428575,0.0,33.0,3.566666666666667,97.0,51.0,18.75,0.8494504794814806,0.527668345562516
1.0,0.0,0.0,0.0,1592.21,898.1471428571432,5.0,9.0,3.7333333333333334,78.0,45.0,18.12,0.8584015232918917,0.512978386299228
1.0,0.0,0.0,0.0,918.45,913.7928571428574,0.0,14.0,3.7333333333333334,38.0,45.0,17.34,0.8670985522812081,0.4981366284784055
1.0,0.0,0.0,0.0,438.24,914.3971428571431,0.0,18.0,3.7333333333333334,74.0,43.0,20.81,0.8916401947968874,0.45274469960737107
1.0,0.0,0.0,0.0,1008.7,908.6085714285717,0.0,18.0,3.7333333333333334,52.0,52.0,16.13,0.8992961915530253,0.4373400963303323
1.0,0.0,0.0,0.0,595.69,848.1957142857145,16.0,18.0,4.266666666666667,70.0,44.0,13.46,0.9066860720977985,0.4218060770826634
1.0,0.0,0.0,0.0,612.3,833.7971428571433,0.0,52.0,4.166666666666667,69.0,50.0,21.9,0.9335418911179212,0.35846832151248087
1.0,0.0,0.0,0.0,1042.59,886.8828571428575,7.0,52.0,4.166666666666667,88.0,41.0,17.03,0.9395699859530622,0.342356891994542
1.0,0.0,0.0,0.0,944.37,794.334285714286,0.0,60.0,4.033333333333333,75.0,45.0,19.47,0.9507903724625832,0.3098349038318025
1.0,0.0,0.0,0.0,978.2,802.8700000000002,0.0,44.0,4.033333333333333,74.0,49.0,23.35,0.9559793438440766,0.2934339689665273
1.0,0.0,0.0,0.0,1192.32,910.5957142857145,20.0,49.0,4.5,79.0,43.0,17.91,0.9655071658143364,0.2603764827344581
1.0,0.0,0.0,0.0,912.68,896.8785714285716,9.0,33.0,4.266666666666667,79.0,44.0,20.61,0.969843196967294,0.24372971360968387
1.0,0.0,0.0,0.0,3319.2,1285.9514285714288,0.0,42.0,4.1,64.0,46.0,21.75,0.9738922359149924,0.22701082094141847
1.0,0.0,0.0,0.0,925.68,1330.7200000000005,21.0,35.0,4.666666666666667,85.0,49.0,17.16,0.9776530844816641,0.2102247521189836
1.0,0.0,0.0,0.0,999.42,1324.5528571428574,0.0,55.0,4.4,54.0,44.0,22.06,0.981124629771712,0.19337647441020586
1.0,0.0,0.0,0.0,786.06,1301.937142857143,15.0,55.0,4.9,82.0,45.0,17.52,0.984305844499033,0.17647097349152166
1.0,0.0,0.0,0.0,955.61,1298.7100000000003,16.0,65.0,5.433333333333334,84.0,45.0,23.39,0.9897936029670716,0.14250832791617088
1.0,0.0,0.0,0.0,1287.08,1312.247142857143,24.0,61.0,5.533333333333333,79.0,44.0,13.7,0.992098522791769,0.12546123335273648
1.0,0.0,0.0,0.0,714.12,1283.8814285714288,4.0,76.0,5.666666666666667,98.0,45.0,20.71,0.9941098647022418,0.10837701279187609
1.0,0.0,0.0,0.0,1370.25,1005.4600000000003,0.0,80.0,5.666666666666667,67.0,47.0,22.48,0.9958270335100595,0.09126072172931188
1.0,0.0,0.0,0.0,1031.61,1020.5928571428574,23.0,59.0,6.433333333333334,84.0,47.0,17.82,0.998376906467142,0.056952196034039754
1.0,0.0,0.0,0.0,1817.48,1137.4585714285718,30.0,30.0,7.433333333333334,71.0,42.0,20.13,0.9995786855478958,-0.029025013321975237
1.0,0.0,0.0,0.0,893.12,1152.7528571428572,0.0,60.0,7.433333333333334,85.0,50.0,24.32,0.9979887423155984,-0.06339140486951038
1.0,0.0,0.0,0.0,1436.57,1221.4614285714288,7.0,37.0,6.866666666666666,42.0,45.0,27.74,0.9967506498213929,-0.08054900421874167
1.0,0.0,0.0,0.0,763.08,1146.6042857142859,12.0,44.0,7.266666666666667,73.0,44.0,29.86,0.9952176027737294,-0.09768276782171598
1.0,0.0,0.0,0.0,1427.9,1248.5728571428574,0.0,56.0,7.266666666666667,87.0,43.0,29.85,0.9933900548258936,-0.11478762552212701
1.0,0.0,0.0,0.0,1662.08,1290.2628571428575,17.0,41.0,7.833333333333333,38.0,40.0,29.08,0.986146248341595,-0.16587819893463143
1.0,0.0,0.0,0.0,4426.1,1775.1900000000003,12.0,58.0,7.933333333333334,32.0,41.0,23.84,0.9831469737221499,-0.1828169249850199
1.0,0.0,0.0,0.0,484.5,1584.764285714286,19.0,70.0,8.566666666666666,20.0,41.0,27.8,0.9798567700958665,-0.1997015525660636
1.0,0.0,0.0,0.0,2326.06,1789.4700000000005,22.0,82.0,9.3,39.0,48.0,17.33,0.9762766110869321,-0.21652708524481437
1.0,0.0,0.0,0.0,805.3,1699.2885714285717,32.0,92.0,10.366666666666667,38.0,43.0,24.18,0.9724075561219968,-0.23328854407545518
1.0,0.0,0.0,0.0,569.78,1671.674285714286,0.0,102.0,10.2,52.0,40.0,22.83,0.9590788900341131,-0.28313898122818354
1.0,0.0,0.0,0.0,741.88,1573.671428571429,44.0,85.0,11.666666666666666,46.0,43.0,19.28,0.9540665500578387,-0.2995947563972602
1.0,0.0,0.0,0.0,572.12,1417.9628571428577,12.0,117.0,12.066666666666666,26.0,48.0,24.15,0.9487718864399473,-0.31596187665790293
1.0,0.0,0.0,0.0,430.18,847.1171428571432,20.0,102.0,12.733333333333333,57.0,45.0,29.25,0.9373419384643772,-0.3484108069446808
1.0,0.0,0.0,0.0,1100.22,935.0771428571433,0.0,90.0,12.2,58.0,51.0,27.86,0.9312100364121947,-0.3644830148102912
1.0,0.0,0.0,0.0,1115.04,762.0742857142861,0.0,90.0,12.2,85.0,47.0,22.74,0.9248025743285089,-0.38044736628785164
1.0,0.0,0.0,0.0,1304.78,833.4285714285718,0.0,106.0,11.966666666666667,82.0,48.0,21.79,0.9111686353326631,-0.41203363695942635
1.0,0.0,0.0,0.0,1224.1,926.9028571428577,27.0,62.0,12.866666666666667,33.0,37.0,20.55,0.9039461929224011,-0.42764620926777464
1.0,0.0,0.0,0.0,3186.19,1276.0900000000004,0.0,77.0,12.866666666666667,73.0,50.0,27.84,0.8964562582905575,-0.44313223418263453
1.0,0.0,0.0,0.0,4894.92,1893.6328571428573,0.0,63.0,12.2,74.0,39.0,29.19,0.8887010478292915,-0.45848712914008766
1.0,0.0,0.0,0.0,3841.2,2380.921428571429,41.0,43.0,13.266666666666667,91.0,41.0,21.95,0.8724040568049612,-0.48878539428899265
1.0,0.0,0.0,0.0,1258.11,2403.4771428571435,7.0,88.0,13.5,59.0,38.0,35.1,0.8550745085896932,-0.518505144391157
1.0,0.0,0.0,0.0,1273.66,2426.1371428571433,40.0,95.0,14.133333333333333,38.0,42.0,23.08,0.8460288880917339,-0.533137056031809
1.0,0.0,0.0,0.0,570.05,2321.1757142857145,18.0,125.0,14.733333333333333,77.0,44.0,32.73,0.8271893372462497,-0.5619233046832195
1.0,0.0,0.0,0.0,1650.6,2382.104285714286,0.0,143.0,14.233333333333333,80.0,43.0,30.45,0.8174009818249189,-0.5760691233798758
1.0,0.0,0.0,0.0,1583.4,2153.1342857142863,33.0,143.0,14.8,106.0,43.0,24.05,0.8073707443023492,-0.5900444739548627
1.0,0.0,0.0,0.0,1631.36,1686.911428571429,11.0,138.0,14.366666666666667,31.0,41.0,35.32,0.7758587728069828,-0.6309066211876704
1.0,0.0,0.0,0.0,689.85,1236.7185714285717,35.0,112.0,15.4,101.0,45.0,27.55,0.753697664392914,-0.6572212950663319
1.0,0.0,0.0,0.0,4452.87,1693.1128571428576,2.0,129.0,15.466666666666667,82.0,42.0,30.28,0.742280907086982,-0.6700888411055113
1.0,0.0,0.0,0.0,1601.54,1739.9528571428575,0.0,131.0,14.7,81.0,51.0,32.6,0.7306444969184916,-0.6827580970759147
1.0,0.0,0.0,0.0,1875.11,1926.39,7.0,98.0,13.933333333333334,76.0,46.0,32.54,0.7187918772884232,-0.6952253139408722
1.0,0.0,0.0,0.0,1656.91,1927.291428571429,56.0,85.0,15.8,87.0,46.0,29.55,0.7067265555776158,-0.7074868024503348
1.0,0.0,0.0,0.0,2387.4300000000003,2042.1528571428573,3.0,124.0,15.666666666666666,68.0,44.0,27.54,0.6692903895412567,-0.7430009249440493
1.0,0.0,0.0,0.0,1245.55,1987.0371428571434,15.0,92.0,15.766666666666667,85.0,45.0,37.68,0.6564105761979381,-0.7544038410927472
1.0,0.0,0.0,0.0,2081.95,2185.9085714285716,7.0,105.0,16.0,77.0,47.0,39.09,0.6433365204044917,-0.765583517007675
1.0,0.0,0.0,0.0,3353.7,2028.884285714286,0.0,112.0,15.433333333333334,85.0,45.0,33.62,0.6300720909843687,-0.7765366444428655
1.0,0.0,0.0,0.0,4139.86,2391.5014285714287,32.0,111.0,16.1,37.0,42.0,33.14,0.6029878670694714,-0.7977503570459932
1.0,0.0,0.0,0.0,772.38,2233.9685714285715,28.0,140.0,16.4,61.0,46.0,23.85,0.5891760872322963,-0.8080046647350754
1.0,0.0,0.0,0.0,953.03,2133.414285714286,5.0,147.0,15.833333333333334,81.0,47.0,27.43,0.5751899607119775,-0.8180198708443174
1.0,0.0,0.0,0.0,1499.85,2006.617142857143,38.0,148.0,16.033333333333335,82.0,43.0,28.59,0.5467112728685939,-0.8373211953118121
1.0,0.0,0.0,0.0,3064.88,2266.5214285714287,22.0,179.0,16.766666666666666,62.0,48.0,26.76,0.5322271388474397,-0.8466016020976267
1.0,0.0,0.0,0.0,1136.42,2131.4457142857145,30.0,139.0,16.3,50.0,47.0,20.48,0.5027907197793043,-0.8644081744776648
1.0,0.0,0.0,0.0,675.84,1748.894285714286,32.0,137.0,16.966666666666665,92.0,41.0,25.75,0.4878471454423119,-0.8729290708206411
1.0,0.0,0.0,0.0,1492.47,1370.6957142857148,18.0,141.0,16.9,83.0,47.0,29.19,0.47275920928627757,-0.881191653407483
1.0,0.0,0.0,0.0,2188.3,1572.9700000000007,50.0,154.0,18.566666666666666,78.0,38.0,22.86,0.4575313760742512,-0.8891934772070711
1.0,0.0,0.0,0.0,1078.71,1590.924285714286,0.0,190.0,18.566666666666666,95.0,47.0,34.52,0.44216815196707204,-0.8969321743510065
1.0,0.0,0.0,0.0,2213.33,1692.8500000000004,18.0,157.0,19.166666666666668,87.0,40.0,28.57,0.4110537546870351,-0.9116111071930239
1.0,0.0,0.0,0.0,3787.18,1796.035714285715,11.0,175.0,18.633333333333333,30.0,44.0,32.47,0.3953117887649151,-0.9185469991587165
1.0,0.0,0.0,0.0,637.97,1724.8285714285719,3.0,163.0,18.733333333333334,66.0,40.0,31.5,0.3312212278016865,-0.9435531242349544
1.0,0.0,0.0,0.0,1320.16,1816.874285714286,29.0,166.0,19.7,63.0,47.0,22.52,0.31494162072895193,-0.9491110448902284
1.0,0.0,0.0,0.0,1316.73,1791.7685714285715,0.0,168.0,18.333333333333332,80.0,44.0,35.23,0.2985688173637202,-0.9543881083175908
1.0,0.0,0.0,0.0,3602.88,1993.8514285714289,0.0,150.0,18.1,41.0,53.0,34.39,0.2821076626819194,-0.9593827529490743
1.0,0.0,0.0,0.0,1008.15,1983.771428571429,30.0,129.0,17.766666666666666,70.0,44.0,21.53,0.23224292400907015,-0.9726578145718654
1.0,0.0,0.0,0.0,1734.09,1915.308571428572,7.0,81.0,17.4,77.0,38.0,27.73,0.21547731504673012,-0.976508846196619
1.0,0.0,0.0,0.0,1313.03,1561.858571428572,52.0,85.0,19.133333333333333,64.0,44.0,19.28,0.19864794288017112,-0.9800709131432666
1.0,0.0,0.0,0.0,802.1,1585.3057142857144,19.0,108.0,18.666666666666668,106.0,46.0,31.31,0.18175978759137534,-0.9833429613388902
1.0,0.0,0.0,0.0,2157.35,1704.904285714286,4.0,127.0,18.433333333333334,41.0,46.0,30.71,0.16481784665719793,-0.9863240225317866
1.0,0.0,0.0,0.0,1238.53,1693.7328571428575,0.0,131.0,17.266666666666666,62.0,50.0,29.18,0.14782713347053048,-0.9890132145779883
1.0,0.0,0.0,0.0,3468.26,1674.5014285714292,0.0,131.0,17.2,71.0,49.0,33.97,0.13079267585675922,-0.9914097417023038
1.0,0.0,0.0,0.0,2415.28,1875.5200000000004,29.0,112.0,18.166666666666668,78.0,44.0,22.19,0.11371951458594969,-0.9935128947338007
1.0,0.0,0.0,0.0,1633.5,1861.1500000000003,0.0,111.0,17.933333333333334,87.0,42.0,28.39,0.0966127018812031,-0.9953220513156602
1.0,0.0,0.0,0.0,1593.15,1901.1671428571433,0.0,104.0,16.066666666666666,68.0,47.0,25.63,0.07947729992362097,-0.9968366760893436
1.0,0.0,0.0,0.0,1185.24,1955.901428571429,16.0,52.0,16.5,69.0,40.0,27.17,0.062318379354325076,-0.998056320853012
1.0,0.0,0.0,0.0,1153.12,1812.4400000000005,0.0,49.0,16.0,38.0,45.0,27.16,0.04514101777397193,-0.9989806246941579
1.0,0.0,0.0,0.0,3385.6,2119.1642857142865,0.0,45.0,15.766666666666667,51.0,52.0,31.33,0.02795029824021032,-0.999609314096404
1.0,0.0,0.0,0.0,3577.56,2134.778571428572,10.0,64.0,16.1,79.0,46.0,27.28,-0.00645086419810515,-0.9999791929590823
1.0,0.0,0.0,0.0,1422.3,1992.924285714286,0.0,67.0,15.033333333333333,61.0,47.0,26.52,-0.05802556932878035,-0.9983150972033183
1.0,0.0,0.0,0.0,1456.24,1967.6014285714289,0.0,57.0,14.1,55.0,43.0,26.07,-0.09233133369539122,-0.9957283388645872
1.0,0.0,0.0,0.0,1771.44,1993.071428571429,0.0,57.0,13.933333333333334,83.0,50.0,26.35,-0.10944576864891556,-0.993992768446958
1.0,0.0,0.0,0.0,1509.03,2039.3271428571431,22.0,38.0,13.4,67.0,43.0,23.12,-0.1435724234118113,-0.9896398128792412
1.0,0.0,0.0,0.0,1022.34,2020.6442857142863,44.0,57.0,14.133333333333333,97.0,47.0,22.14,-0.17752914918703497,-0.984115542601034
1.0,0.0,0.0,0.0,1439.16,1742.5814285714291,25.0,101.0,13.966666666666667,37.0,43.0,19.43,-0.19443122004766195,-0.9809161537413774
1.0,0.0,0.0,0.0,449.38,1295.6985714285718,2.0,120.0,12.966666666666667,87.0,45.0,23.51,-0.2280577712215198,-0.9736476020539838
1.0,0.0,0.0,0.0,1359.93,1286.788571428572,46.0,122.0,13.9,83.0,44.0,19.2,-0.24477230089725957,-0.9695805901076308
1.0,0.0,0.0,0.0,1020.16,1224.4914285714292,21.0,136.0,12.933333333333334,69.0,45.0,15.88,-0.2779791393987801,-0.9605871111248129
1.0,0.0,0.0,0.0,717.88,1073.9828571428575,0.0,138.0,12.933333333333334,71.0,44.0,22.23,-0.2944616217868012,-0.9556633054034704
1.0,0.0,0.0,0.0,1363.59,1053.2057142857147,0.0,94.0,12.333333333333334,27.0,47.0,22.52,-0.3108569682435036,-0.9504567035349151
1.0,0.0,0.0,0.0,410.4,965.7857142857147,21.0,67.0,12.666666666666666,88.0,46.0,17.02,-0.3594718130884232,-0.9331559438780432
1.0,0.0,0.0,0.0,1681.17,1000.3585714285717,0.0,42.0,12.566666666666666,54.0,44.0,25.85,-0.3913578365610259,-0.9202385798054075
1.0,0.0,0.0,0.0,907.4,1065.7900000000004,1.0,60.0,11.633333333333333,87.0,45.0,27.67,-0.4383067230125192,-0.898825465016444
1.0,0.0,0.0,0.0,1600.65,1100.1785714285718,4.0,61.0,11.766666666666667,70.0,46.0,20.49,-0.45370308603134424,-0.8911529104063088
1.0,0.0,0.0,0.0,960.78,1091.6957142857148,0.0,65.0,11.766666666666667,77.0,48.0,19.61,-0.46896519100763184,-0.8832166493127127
1.0,0.0,0.0,0.0,1026.8,1135.8271428571431,9.0,44.0,11.066666666666666,74.0,39.0,19.08,-0.4990686026885319,-0.8665624788845385
1.0,0.0,0.0,0.0,889.56,1068.1085714285716,17.0,53.0,11.4,78.0,42.0,19.31,-0.5139010013093103,-0.8578494977869301
1.0,0.0,0.0,0.0,963.84,1147.171428571429,0.0,31.0,9.666666666666666,38.0,46.0,25.13,-0.5285813283559292,-0.8488826652214553
1.0,0.0,0.0,0.0,644.62,999.0928571428576,24.0,31.0,9.833333333333334,72.0,48.0,16.21,-0.5431052396834317,-0.8396646346181327
1.0,0.0,0.0,0.0,787.73,981.9971428571433,9.0,69.0,10.0,57.0,44.0,20.46,-0.5856957398073508,-0.8105309990194823
1.0,0.0,0.0,0.0,763.73,862.4371428571433,0.0,78.0,10.0,79.0,48.0,19.01,-0.5995514915196489,-0.8003361849976323
1.0,0.0,0.0,0.0,1472.38,935.5228571428577,11.0,69.0,10.366666666666667,96.0,41.0,18.08,-0.6132298262997502,-0.7899045386224707
1.0,0.0,0.0,0.0,1102.36,946.3171428571433,1.0,140.0,9.433333333333334,62.0,48.0,19.89,-0.6400381082043503,-0.7683431655492202
1.0,0.0,0.0,0.0,850.77,940.7757142857147,0.0,117.0,9.433333333333334,75.0,44.0,18.07,-0.65316012232693,-0.7572198192083127
1.0,0.0,0.0,0.0,894.3,930.841428571429,10.0,117.0,9.766666666666667,90.0,46.0,23.76,-0.666088855860977,-0.7458723993404063
1.0,0.0,0.0,0.0,1421.77,1041.8628571428576,38.0,108.0,10.5,56.0,43.0,13.88,-0.6788204829862355,-0.734304263829602
1.0,0.0,0.0,0.0,497.28,1000.3700000000005,0.0,137.0,10.5,77.0,47.0,20.77,-0.6913512362094071,-0.722518835873311
1.0,0.0,0.0,0.0,1087.32,1046.5971428571431,0.0,137.0,10.5,84.0,50.0,23.13,-0.7036774074790128,-0.7105196029692745
1.0,0.0,0.0,0.0,1350.39,1029.1700000000005,0.0,69.0,10.166666666666666,71.0,45.0,24.07,-0.7277014757264236,-0.6858939875998223
1.0,0.0,0.0,0.0,1127.94,1032.8242857142861,28.0,68.0,11.1,89.0,44.0,16.66,-0.7393922635959241,-0.673274892250183
1.0,0.0,0.0,0.0,963.95,1048.9928571428575,9.0,96.0,11.4,85.0,43.0,23.42,-0.7508642533989489,-0.6604565640279754
1.0,0.0,0.0,0.0,1284.19,1104.691428571429,8.0,95.0,11.666666666666666,89.0,42.0,18.3,-0.7621140503891487,-0.6474427960827475
1.0,0.0,0.0,0.0,1026.27,1048.191428571429,0.0,65.0,10.933333333333334,99.0,46.0,22.77,-0.7731383255706026,-0.6342374393978054
1.0,0.0,0.0,0.0,1543.99,1197.721428571429,11.0,65.0,9.833333333333334,75.0,41.0,22.52,-0.7839338166829201,-0.620844401650647
1.0,0.0,0.0,0.0,1055.62,1193.1928571428575,12.0,76.0,9.4,41.0,39.0,17.78,-0.7944973291665992,-0.6072676460566135
1.0,0.0,0.0,0.0,444.69,1063.8071428571432,0.0,85.0,9.333333333333334,89.0,50.0,23.17,-0.8149159841660791,-0.5795791048257612
1.0,0.0,0.0,0.0,1453.71,1110.3457142857146,0.0,57.0,7.8,75.0,46.0,18.39,-0.8247650844733614,-0.5654755126737576
1.0,0.0,0.0,0.0,917.04,1103.644285714286,11.0,48.0,7.466666666666667,56.0,47.0,20.93,-0.8343701235229538,-0.5512045872199277
1.0,0.0,0.0,0.0,767.66,1029.854285714286,0.0,65.0,7.466666666666667,92.0,48.0,18.9,-0.8528367217694595,-0.522177676659508
1.0,0.0,0.0,0.0,1208.61,1055.9028571428576,0.0,54.0,7.466666666666667,44.0,52.0,21.82,-0.8616928164028522,-0.5074302810827518
1.0,0.0,0.0,0.0,686.4,933.3900000000003,0.0,31.0,6.766666666666667,87.0,45.0,24.84,-0.8786374941610001,-0.4774894280028391
1.0,0.0,0.0,0.0,1415.46,984.7957142857147,12.0,31.0,7.166666666666667,84.0,47.0,24.86,-0.886721063082993,-0.46230483047981086
1.0,0.0,0.0,0.0,1388.52,1119.6285714285718,23.0,43.0,7.9,72.0,44.0,23.22,-0.8945422369764496,-0.4469834295196741
1.0,0.0,0.0,0.0,1061.72,1063.6300000000003,0.0,55.0,7.766666666666667,84.0,53.0,19.68,-0.9020987014301837,-0.43152975897147144
1.0,0.0,0.0,0.0,1181.9,1101.4671428571432,22.0,41.0,8.5,65.0,43.0,18.97,-0.9093882203647925,-0.4159483918249421
1.0,0.0,0.0,0.0,1228.96,1167.3671428571433,14.0,63.0,8.666666666666666,37.0,36.0,24.62,-0.9164086366943458,-0.4002439388573056
1.0,0.0,0.0,0.0,551.15,1073.444285714286,0.0,77.0,8.1,73.0,46.0,22.66,-0.9231578729647039,-0.38442104726885545
1.0,0.0,0.0,0.0,1124.72,1136.061428571429,0.0,71.0,8.1,73.0,48.0,20.92,-0.9296339319682695,-0.3684843993077793
1.0,0.0,0.0,0.0,3004.36,1363.0471428571434,19.0,66.0,7.933333333333334,87.0,45.0,21.6,-0.9474042892438845,-0.32003923622313857
1.0,0.0,0.0,0.0,1240.14,1341.8500000000004,38.0,73.0,8.9,38.0,42.0,15.92,-0.9578523554276669,-0.28726097055059635
1.0,0.0,0.0,0.0,390.23,1245.9228571428575,10.0,97.0,9.233333333333333,82.0,47.0,27.63,-0.9626519747161487,-0.2707418984477642
1.0,0.0,0.0,0.0,2040.55,1368.5871428571431,34.0,107.0,10.0,80.0,41.0,18.98,-0.9671667297977312,-0.2541427094613622
1.0,0.0,0.0,0.0,963.93,1330.7257142857147,0.0,141.0,9.966666666666667,63.0,45.0,24.76,-0.97139528468375,-0.23746831555846842
1.0,0.0,0.0,0.0,3413.4,1739.6185714285716,0.0,116.0,9.966666666666667,55.0,49.0,25.04,-0.9789888737409319,-0.20391367068311472
1.0,0.0,0.0,0.0,957.02,1715.661428571429,9.0,97.0,9.933333333333334,100.0,44.0,22.4,-0.9823516608469237,-0.18704334906991657
1.0,0.0,0.0,0.0,1456.0,1494.4671428571432,29.0,54.0,9.633333333333333,96.0,46.0,18.83,-0.9906923101615609,-0.13612033862266704
1.0,0.0,0.0,0.0,1193.28,1487.7728571428577,0.0,49.0,9.633333333333333,63.0,42.0,25.33,-0.9928872135356962,-0.11905873003404988
1.0,0.0,0.0,0.0,2363.4,1769.6542857142863,0.0,49.0,9.633333333333333,79.0,42.0,26.32,-0.994788305609327,-0.10196189005174576
1.0,0.0,0.0,0.0,1361.75,1672.6828571428575,8.0,44.0,9.9,73.0,41.0,23.33,-0.9963950238187231,-0.08483487790576538
1.0,0.0,0.0,0.0,1415.86,1737.2442857142862,0.0,52.0,8.966666666666667,61.0,51.0,21.74,-0.9977068927101168,-0.06768276175455162
1.0,0.0,0.0,0.0,1821.83,1509.8771428571433,13.0,43.0,9.1,48.0,46.0,26.79,-0.9987235240803972,-0.050510617185222886
1.0,0.0,0.0,0.0,1321.62,1561.9628571428573,45.0,65.0,10.333333333333334,58.0,50.0,22.19,-0.9998699583618592,-0.016126573270657762
1.0,0.0,0.0,0.0,1746.6,1603.4771428571432,20.0,96.0,11.0,61.0,47.0,24.49,-0.999832969770105,0.018276557681691223
1.0,0.0,0.0,0.0,4424.51,2065.081428571429,29.0,116.0,11.6,62.0,50.0,16.56,-0.9993706508539969,0.03547255575312556
1.0,0.0,0.0,0.0,713.77,1829.4200000000003,78.0,137.0,13.8,63.0,42.0,13.37,-0.9986126020839734,0.052658056924614005
1.0,0.0,0.0,0.0,526.25,1710.0628571428574,35.0,202.0,14.966666666666667,55.0,39.0,26.15,-0.9962102997023297,0.0869772313136861
1.0,0.0,0.0,0.0,869.99,1632.0814285714291,5.0,192.0,15.133333333333333,86.0,42.0,29.98,-0.9903973200352558,0.1382503109109819
1.0,0.0,0.0,0.0,4662.92,2037.951428571429,4.0,165.0,14.9,80.0,50.0,28.01,-0.9850556718215013,0.172236243027682
1.0,0.0,0.0,0.0,1557.5,2071.648571428572,36.0,91.0,16.1,32.0,42.0,15.94,-0.981947190186646,0.18915526872004093
1.0,0.0,0.0,0.0,321.3,1868.0342857142862,45.0,127.0,17.6,44.0,49.0,26.07,-0.9785481345802031,0.20601832032517084
1.0,0.0,0.0,0.0,1146.23,1399.708571428572,103.0,137.0,21.033333333333335,70.0,39.0,12.26,-0.9748595108374125,0.22282040779479959
1.0,0.0,0.0,0.0,519.09,1371.8971428571435,3.0,239.0,20.733333333333334,86.0,44.0,31.34,-0.9708824104813836,0.23955655912092708
1.0,0.0,0.0,0.0,1765.23,1548.8942857142863,9.0,208.0,20.266666666666666,86.0,47.0,32.2,-0.9620675724981452,0.27281126433401914
1.0,0.0,0.0,0.0,1841.38,1687.6642857142863,36.0,200.0,21.466666666666665,80.0,43.0,19.46,-0.957232443323312,0.28931997761869527
1.0,0.0,0.0,0.0,1663.26,1259.141428571429,0.0,232.0,20.733333333333334,54.0,47.0,31.48,-0.9521140536681102,0.3057430764672831
1.0,0.0,0.0,0.0,1164.5,1202.998571428572,27.0,196.0,21.166666666666668,84.0,50.0,26.71,-0.9467139181463862,0.3220757010206104
1.0,0.0,0.0,0.0,4082.36,1740.2928571428577,50.0,178.0,22.833333333333332,67.0,47.0,27.03,-0.9410336347451197,0.3383130181923076
1.0,0.0,0.0,0.0,1651.43,1812.4642857142862,9.0,138.0,23.133333333333333,87.0,43.0,29.18,-0.9288394302558068,0.3704825404820963
1.0,0.0,0.0,0.0,2108.96,2039.5885714285719,42.0,147.0,23.9,80.0,39.0,16.82,-0.9223291176290545,0.3864052261209853
1.0,0.0,0.0,0.0,827.79,1905.668571428572,57.0,180.0,24.533333333333335,58.0,46.0,22.05,-0.9155458729775467,0.40221356823680365
1.0,0.0,0.0,0.0,3536.75,2147.8642857142863,19.0,201.0,24.833333333333332,70.0,46.0,26.87,-0.9011686968561569,0.4334685453485363
1.0,0.0,0.0,0.0,2907.87,2325.665714285715,7.0,193.0,23.933333333333334,90.0,42.0,26.59,-0.8935790198239952,0.4489059314938798
1.0,0.0,0.0,0.0,1495.62,2372.968571428572,38.0,150.0,25.2,94.0,50.0,23.19,-0.8857249183835637,0.4642104791518923
1.0,0.0,0.0,0.0,1493.3,2003.1028571428574,33.0,155.0,26.3,77.0,44.0,22.53,-0.8605996962501181,0.5092820071573356
1.0,0.0,0.0,0.0,1145.1,1930.7700000000004,64.0,192.0,28.133333333333333,61.0,51.0,12.16,-0.8425720899866032,0.5385835804920232
1.0,0.0,0.0,0.0,1245.98,1807.487142857143,6.0,237.0,27.366666666666667,91.0,41.0,27.36,-0.8331829385891785,0.5529974600700271
1.0,0.0,0.0,0.0,1543.8,1909.7742857142862,3.0,236.0,27.466666666666665,71.0,47.0,27.51,-0.8235472349556007,0.5672476988027229
1.0,0.0,0.0,0.0,1298.75,1590.0600000000002,6.0,236.0,27.666666666666668,57.0,42.0,27.35,-0.7931896839451843,0.6089746507720486
1.0,0.0,0.0,0.0,1539.76,1394.6157142857148,16.0,185.0,27.933333333333334,81.0,40.0,32.11,-0.7717727365467836,0.6358984534680745
1.0,0.0,0.0,0.0,1625.62,1413.187142857143,31.0,131.0,28.966666666666665,79.0,44.0,16.86,-0.7494423368521954,0.6620696215153815
1.0,0.0,0.0,0.0,3793.78,1741.8271428571431,58.0,159.0,30.466666666666665,84.0,44.0,25.8,-0.7379428103031386,0.6748632518680403
1.0,0.0,0.0,0.0,1889.88,1848.2242857142862,57.0,176.0,30.866666666666667,54.0,40.0,24.69,-0.7262249146041543,0.6874571793269664
1.0,0.0,0.0,0.0,826.46,1788.2928571428577,0.0,224.0,30.2,32.0,45.0,30.28,-0.7021479494046978,0.7120310787787131
1.0,0.0,0.0,0.0,644.38,1659.8042857142862,4.0,187.0,29.366666666666667,89.0,46.0,32.3,-0.6897960046655887,0.7240037789593305
1.0,0.0,0.0,0.0,2640.0,1851.4114285714293,15.0,187.0,27.266666666666666,77.0,42.0,28.26,-0.6515303615068021,0.75862255966641
1.0,0.0,0.0,0.0,1370.88,1827.285714285715,37.0,144.0,27.333333333333332,84.0,47.0,18.94,-0.6383844591746642,0.7697176640069211
1.0,0.0,0.0,0.0,1065.97,1747.3357142857146,27.0,124.0,28.066666666666666,64.0,48.0,20.98,-0.6250496486104377,0.7805849965070866
1.0,0.0,0.0,0.0,899.81,1333.9114285714293,22.0,126.0,28.666666666666668,33.0,45.0,21.82,-0.6115298757991053,0.7912213413483807
1.0,0.0,0.0,0.0,475.2,1131.8142857142861,136.0,148.0,32.0,80.0,43.0,10.29,-0.5978291414589552,0.801623551065242
1.0,0.0,0.0,0.0,2105.26,1314.5000000000005,5.0,280.0,30.666666666666668,85.0,47.0,33.16,-0.5839514998576998,0.8117885474764613
1.0,0.0,0.0,0.0,1902.83,1494.2785714285721,3.0,239.0,27.333333333333332,72.0,46.0,32.56,-0.5412984521036173,0.8408305333122887
1.0,0.0,0.0,0.0,1558.76,1339.8157142857146,95.0,205.0,30.4,68.0,38.0,10.24,-0.5267547528105542,0.8500173118187018
1.0,0.0,0.0,0.0,414.12,1203.1357142857146,2.0,255.0,30.166666666666668,46.0,47.0,18.61,-0.4972040784469378,0.8676336233547726
1.0,0.0,0.0,0.0,3922.36,1611.191428571429,113.0,121.0,32.733333333333334,54.0,44.0,18.61,-0.4822058478963526,0.8760579434344281
1.0,0.0,0.0,0.0,1012.35,1627.268571428572,0.0,228.0,32.733333333333334,33.0,40.0,36.67,-0.451785789832884,0.8921264484954345
1.0,0.0,0.0,0.0,774.4,1670.0114285714287,1.0,217.0,31.866666666666667,86.0,48.0,23.41,-0.4363729641045924,0.8997658785476209
1.0,0.0,0.0,0.0,1368.84,1564.8085714285717,1.0,215.0,30.233333333333334,69.0,48.0,26.17,-0.42083100859565564,0.9071390534005044
1.0,0.0,0.0,0.0,1237.11,1469.7057142857145,0.0,121.0,29.933333333333334,52.0,46.0,21.98,-0.4051645224207563,0.9142437912130223
1.0,0.0,0.0,0.0,777.24,1358.0600000000002,15.0,56.0,29.033333333333335,35.0,44.0,19.94,-0.34134651424503615,0.9399375283564133
1.0,0.0,0.0,0.0,460.68,1364.711428571429,53.0,83.0,28.9,76.0,43.0,20.91,-0.30881248126625377,0.9511229423235357
1.0,0.0,0.0,0.0,1024.9,950.7885714285718,12.0,135.0,28.666666666666668,28.0,45.0,20.68,-0.29240597695107734,0.9562942772197719
1.0,0.0,0.0,0.0,373.45,859.5171428571432,43.0,147.0,29.866666666666667,70.0,42.0,17.84,-0.27591294500296043,0.9611826292540837
1.0,0.0,0.0,0.0,786.87,861.2985714285718,4.0,149.0,28.733333333333334,63.0,48.0,19.3,-0.2593382659754056,0.9657865518844574
1.0,0.0,0.0,0.0,839.04,785.6128571428575,0.0,143.0,27.633333333333333,70.0,44.0,18.86,-0.2426868445825954,0.9701046827361175
1.0,0.0,0.0,0.0,844.8,729.5685714285719,21.0,154.0,26.2,55.0,45.0,21.04,-0.15845177496083632,0.9873667175937016
1.0,0.0,0.0,0.0,775.19,729.2757142857147,100.0,132.0,29.333333333333332,42.0,44.0,21.45,-0.14144406768794202,0.9899462489023779
0.0,1.0,0.0,0.0,104.39,488.00714285714287,0.0,0.0,15.033333333333333,19.0,54.0,7.68,0.8837203473619977,0.4680153284438345
0.0,1.0,0.0,0.0,104.39,488.00714285714287,0.0,0.0,15.033333333333333,74.0,44.0,9.65,0.8992961915530253,0.4373400963303323
0.0,1.0,0.0,0.0,474.81,488.00714285714287,30.0,0.0,15.033333333333333,83.0,42.0,6.36,0.9066860720977985,0.4218060770826634
0.0,1.0,0.0,0.0,332.64,488.00714285714287,4.0,30.0,15.033333333333333,62.0,46.0,10.35,0.9206588168102428,0.3903682146763026
0.0,1.0,0.0,0.0,433.35,488.00714285714287,0.0,34.0,15.033333333333333,23.0,44.0,10.39,0.9335418911179212,0.35846832151248087
0.0,1.0,0.0,0.0,157.74,488.00714285714287,1.0,34.0,15.033333333333333,77.0,44.0,10.83,0.9395699859530622,0.342356891994542
0.0,1.0,0.0,0.0,546.27,488.00714285714287,15.0,35.0,15.033333333333333,79.0,45.0,10.49,0.945320046913132,0.3261441535642696
0.0,1.0,0.0,0.0,1366.85,488.00714285714287,14.0,59.0,15.033333333333333,61.0,39.0,13.36,0.9559793438440766,0.2934339689665273
0.0,1.0,0.0,0.0,505.3,545.28,0.0,73.0,15.033333333333333,81.0,43.0,11.86,0.9608854255574977,0.27694620226893646
0.0,1.0,0.0,0.0,634.26,568.0585714285714,0.0,69.0,15.033333333333333,58.0,46.0,11.9,0.9655071658143364,0.2603764827344581
0.0,1.0,0.0,0.0,458.85,586.0885714285714,11.0,69.0,15.033333333333333,32.0,47.0,12.06,0.969843196967294,0.24372971360968387
0.0,1.0,0.0,0.0,2602.76,896.0042857142859,5.0,65.0,15.033333333333333,49.0,46.0,11.76,0.981124629771712,0.19337647441020586
0.0,1.0,0.0,0.0,383.04,928.1900000000002,36.0,17.0,15.033333333333333,66.0,44.0,6.61,0.9871957872910085,0.15951325197263655
0.0,1.0,0.0,0.0,285.58,890.9485714285714,9.0,53.0,15.033333333333333,59.0,46.0,12.22,0.9897936029670716,0.14250832791617088
0.0,1.0,0.0,0.0,479.47,764.1800000000001,113.0,62.0,15.033333333333333,38.0,45.0,4.89,0.992098522791769,0.12546123335273648
0.0,1.0,0.0,0.0,120.9,709.2657142857144,0.0,164.0,15.033333333333333,66.0,49.0,12.53,0.9941098647022418,0.10837701279187609
0.0,1.0,0.0,0.0,4508.5,1262.7285714285715,0.0,163.0,15.033333333333333,57.0,48.0,11.44,0.9958270335100595,0.09126072172931188
0.0,1.0,0.0,0.0,3086.1,1638.05,3.0,163.0,15.033333333333333,57.0,48.0,12.35,0.9972495210773451,0.07411742515094437
0.0,1.0,0.0,0.0,1182.24,1435.1185714285714,0.0,161.0,15.033333333333333,62.0,51.0,12.26,0.998376906467142,0.056952196034039754
0.0,1.0,0.0,0.0,535.8,1456.9414285714286,10.0,161.0,15.033333333333333,75.0,40.0,11.65,0.9992088560679753,0.03977011384605572
0.0,1.0,0.0,0.0,559.36,1496.0528571428572,2.0,135.0,15.033333333333333,75.0,49.0,11.52,0.9997451236925734,0.022576263041545485
0.0,1.0,0.0,0.0,1209.48,1600.34,55.0,128.0,15.033333333333333,24.0,47.0,10.08,0.9999855506507186,0.005375731557583884
0.0,1.0,0.0,0.0,160.93,1606.0585714285714,9.0,70.0,15.033333333333333,66.0,39.0,12.03,0.9995786855478958,-0.029025013321975237
0.0,1.0,0.0,0.0,488.31,1031.7457142857143,50.0,79.0,15.033333333333333,56.0,43.0,12.0,0.9989315138848577,-0.046215046983708354
0.0,1.0,0.0,0.0,433.44,652.7942857142858,0.0,126.0,15.033333333333333,74.0,46.0,13.78,0.9979887423155984,-0.06339140486951038
0.0,1.0,0.0,0.0,1484.2,695.9314285714287,29.0,126.0,15.033333333333333,52.0,39.0,9.96,0.9967506498213929,-0.08054900421874167
0.0,1.0,0.0,0.0,318.57,664.8985714285716,0.0,145.0,15.033333333333333,65.0,47.0,14.11,0.9952176027737294,-0.09768276782171598
0.0,1.0,0.0,0.0,628.15,674.7257142857143,25.0,102.0,15.033333333333333,67.0,45.0,9.99,0.9912685467787256,-0.13185851571739118
0.0,1.0,0.0,0.0,438.19,564.5414285714286,30.0,123.0,15.033333333333333,28.0,48.0,8.93,0.986146248341595,-0.16587819893463143
0.0,1.0,0.0,0.0,170.0,565.8371428571429,0.0,103.0,15.033333333333333,26.0,51.0,14.15,0.9831469737221499,-0.1828169249850199
0.0,1.0,0.0,0.0,623.44,585.1414285714287,60.0,103.0,17.033333333333335,22.0,41.0,7.14,0.9798567700958665,-0.1997015525660636
0.0,1.0,0.0,0.0,99.7,537.4642857142858,17.0,134.0,17.6,31.0,44.0,12.52,0.9762766110869321,-0.21652708524481437
0.0,1.0,0.0,0.0,250.26,361.1871428571429,0.0,151.0,16.6,10.0,45.0,12.3,0.9724075561219968,-0.23328854407545518
0.0,1.0,0.0,0.0,81.8,327.36285714285714,10.0,137.0,16.8,22.0,42.0,12.55,0.9682507501166718,-0.2499809690726521
0.0,1.0,0.0,0.0,176.64,262.8614285714286,18.0,122.0,17.4,33.0,44.0,12.76,0.9638074231367307,-0.26659942067929354
0.0,1.0,0.0,0.0,273.65,239.3557142857143,0.0,135.0,17.366666666666667,34.0,46.0,11.5,0.9590788900341131,-0.28313898122818354
0.0,1.0,0.0,0.0,261.97,252.49428571428572,21.0,105.0,17.566666666666666,36.0,43.0,11.64,0.9540665500578387,-0.2995947563972602
0.0,1.0,0.0,0.0,270.25,202.03857142857143,0.0,126.0,17.1,28.0,49.0,12.89,0.9487718864399473,-0.31596187665790293
0.0,1.0,0.0,0.0,249.09,223.37999999999997,53.0,66.0,18.866666666666667,61.0,47.0,9.97,0.9431964659565866,-0.33223549871590435
0.0,1.0,0.0,0.0,3299.32,658.96,0.0,102.0,18.866666666666667,35.0,46.0,11.77,0.9373419384643772,-0.3484108069446808
0.0,1.0,0.0,0.0,278.1,687.0028571428571,3.0,102.0,18.6,53.0,49.0,12.62,0.9312100364121947,-0.3644830148102912
0.0,1.0,0.0,0.0,4008.61,1234.4271428571428,18.0,118.0,19.033333333333335,54.0,48.0,13.39,0.9181214482844364,-0.39629913726891813
0.0,1.0,0.0,0.0,491.64,1265.5685714285717,12.0,136.0,18.233333333333334,77.0,41.0,16.61,0.9111686353326631,-0.41203363695942635
0.0,1.0,0.0,0.0,792.98,1341.4271428571428,27.0,127.0,18.833333333333332,68.0,42.0,8.97,0.9039461929224011,-0.42764620926777464
0.0,1.0,0.0,0.0,384.3,1357.7199999999998,0.0,154.0,15.066666666666666,67.0,46.0,13.09,0.8964562582905575,-0.44313223418263453
0.0,1.0,0.0,0.0,2034.21,1612.7371428571428,44.0,101.0,16.533333333333335,66.0,45.0,10.67,0.8806828564301475,-0.47370635037968
0.0,1.0,0.0,0.0,464.64,1207.782857142857,14.0,104.0,17.0,60.0,40.0,17.2,0.8550745085896932,-0.518505144391157
0.0,1.0,0.0,0.0,4599.68,1825.1514285714286,21.0,79.0,17.6,81.0,44.0,14.7,0.8367329140344921,-0.5476112038402312
0.0,1.0,0.0,0.0,780.11,1363.937142857143,25.0,100.0,18.433333333333334,44.0,44.0,11.34,0.8271893372462497,-0.5619233046832195
0.0,1.0,0.0,0.0,324.35,1340.0385714285715,0.0,125.0,18.1,67.0,45.0,20.75,0.8174009818249189,-0.5760691233798758
0.0,1.0,0.0,0.0,4390.35,1853.9485714285713,12.0,108.0,18.433333333333334,65.0,50.0,15.4,0.7865965660866021,-0.6174672802835514
0.0,1.0,0.0,0.0,690.69,1897.7185714285715,10.0,106.0,16.933333333333334,87.0,49.0,14.98,0.7758587728069828,-0.6309066211876704
0.0,1.0,0.0,0.0,899.07,1735.5557142857142,4.0,137.0,16.766666666666666,23.0,48.0,20.52,0.753697664392914,-0.6572212950663319
0.0,1.0,0.0,0.0,318.6,1714.6928571428573,11.0,116.0,15.466666666666667,68.0,48.0,15.18,0.742280907086982,-0.6700888411055113
0.0,1.0,0.0,0.0,691.44,1156.3728571428571,16.0,127.0,16.0,65.0,48.0,19.78,0.7306444969184916,-0.6827580970759147
0.0,1.0,0.0,0.0,861.62,1168.0171428571427,80.0,105.0,17.7,73.0,47.0,5.08,0.7187918772884232,-0.6952253139408722
0.0,1.0,0.0,0.0,250.43,1157.4571428571428,0.0,175.0,17.7,67.0,45.0,18.7,0.7067265555776158,-0.7074868024503348
0.0,1.0,0.0,0.0,839.51,650.1942857142856,18.0,163.0,17.466666666666665,76.0,42.0,16.42,0.6944521021088763,-0.719538934232584
0.0,1.0,0.0,0.0,792.48,664.7357142857143,30.0,171.0,17.466666666666665,62.0,46.0,14.31,0.6819721490904629,-0.7313781428679254
0.0,1.0,0.0,0.0,1118.42,696.0714285714284,0.0,159.0,17.466666666666665,39.0,50.0,18.23,0.6692903895412567,-0.7430009249440493
0.0,1.0,0.0,0.0,501.26,722.1657142857142,48.0,155.0,17.066666666666666,68.0,42.0,11.88,0.6564105761979381,-0.7544038410927472
0.0,1.0,0.0,0.0,509.04,696.1085714285713,21.0,192.0,17.2,61.0,52.0,15.25,0.6433365204044917,-0.765583517007675
0.0,1.0,0.0,0.0,664.95,668.012857142857,1.0,197.0,17.233333333333334,62.0,49.0,18.58,0.6300720909843687,-0.7765366444428655
0.0,1.0,0.0,0.0,1606.36,861.7171428571427,3.0,118.0,17.0,65.0,50.0,14.88,0.6166212130956382,-0.7872599821916922
0.0,1.0,0.0,0.0,676.9,838.4871428571427,37.0,121.0,17.633333333333333,82.0,48.0,14.4,0.6029878670694714,-0.7977503570459932
0.0,1.0,0.0,0.0,791.27,838.3142857142856,21.0,140.0,18.333333333333332,88.0,48.0,10.3,0.5891760872322963,-0.8080046647350754
0.0,1.0,0.0,0.0,1210.55,851.4757142857142,36.0,131.0,18.833333333333332,28.0,45.0,13.29,0.5751899607119775,-0.8180198708443174
0.0,1.0,0.0,0.0,241.8,814.4099999999999,29.0,162.0,19.8,71.0,43.0,14.34,0.5467112728685939,-0.8373211953118121
0.0,1.0,0.0,0.0,656.61,835.4914285714284,21.0,170.0,18.733333333333334,70.0,50.0,13.86,0.5322271388474397,-0.8466016020976267
0.0,1.0,0.0,0.0,669.3,836.112857142857,60.0,155.0,20.733333333333334,70.0,47.0,13.44,0.4878471454423119,-0.8729290708206411
0.0,1.0,0.0,0.0,635.18,697.3728571428571,0.0,218.0,20.633333333333333,56.0,48.0,18.88,0.4575313760742512,-0.8891934772070711
0.0,1.0,0.0,0.0,718.76,703.3528571428569,38.0,175.0,21.3,69.0,42.0,11.71,0.44216815196707204,-0.8969321743510065
0.0,1.0,0.0,0.0,517.12,664.1885714285714,6.0,184.0,21.1,69.0,48.0,14.38,0.42667408318992467,-0.9044054548343001
0.0,1.0,0.0,0.0,659.68,585.492857142857,0.0,169.0,20.2,85.0,50.0,16.18,0.4110537546870351,-0.9116111071930239
0.0,1.0,0.0,0.0,969.38,689.432857142857,47.0,195.0,21.766666666666666,74.0,42.0,15.38,0.37945284372454435,-0.925211078289358
0.0,1.0,0.0,0.0,728.32,699.6771428571427,26.0,140.0,21.166666666666668,64.0,45.0,14.3,0.3474028211842774,-0.9377159910299093
0.0,1.0,0.0,0.0,599.33,689.6814285714283,41.0,166.0,22.066666666666666,73.0,48.0,12.71,0.3312212278016865,-0.9435531242349544
0.0,1.0,0.0,0.0,612.48,686.4385714285712,17.0,194.0,21.933333333333334,83.0,42.0,16.31,0.2985688173637202,-0.9543881083175908
0.0,1.0,0.0,0.0,859.79,706.5857142857141,80.0,182.0,23.766666666666666,61.0,46.0,6.87,0.26556302780405594,-0.9640935007889755
0.0,1.0,0.0,0.0,280.73,672.8157142857142,7.0,215.0,24.0,30.0,52.0,14.63,0.24893980855376657,-0.9685189578512204
0.0,1.0,0.0,0.0,307.3,622.4757142857142,25.0,204.0,24.433333333333334,86.0,45.0,10.98,0.23224292400907015,-0.9726578145718654
0.0,1.0,0.0,0.0,618.32,572.3242857142857,44.0,203.0,25.566666666666666,77.0,42.0,10.06,0.21547731504673012,-0.976508846196619
0.0,1.0,0.0,0.0,488.25,538.0285714285712,21.0,206.0,26.133333333333333,77.0,38.0,14.12,0.19864794288017112,-0.9800709131432666
0.0,1.0,0.0,0.0,657.63,546.3571428571428,48.0,189.0,27.366666666666667,62.0,46.0,12.55,0.16481784665719793,-0.9863240225317866
0.0,1.0,0.0,0.0,517.37,532.7699999999999,2.0,235.0,26.9,72.0,48.0,19.25,0.14782713347053048,-0.9890132145779883
0.0,1.0,0.0,0.0,3350.55,888.592857142857,20.0,192.0,24.9,61.0,44.0,15.44,0.11371951458594969,-0.9935128947338007
0.0,1.0,0.0,0.0,593.46,933.2685714285715,0.0,187.0,24.9,62.0,41.0,15.77,0.0966127018812031,-0.9953220513156602
0.0,1.0,0.0,0.0,3870.03,1442.23,12.0,138.0,24.7,64.0,47.0,17.02,0.062318379354325076,-0.998056320853012
0.0,1.0,0.0,0.0,1344.08,1545.91,15.0,140.0,24.2,71.0,48.0,18.96,0.04514101777397193,-0.9989806246941579
0.0,1.0,0.0,0.0,895.09,1604.0300000000002,5.0,107.0,24.366666666666667,81.0,47.0,18.02,0.02795029824021032,-0.999609314096404
0.0,1.0,0.0,0.0,985.5,1650.8685714285714,6.0,110.0,22.966666666666665,18.0,45.0,14.5,0.01075130776352193,-0.9999422030204416
0.0,1.0,0.0,0.0,169.65,1601.1942857142858,14.0,74.0,22.733333333333334,81.0,46.0,10.68,-0.00645086419810515,-0.9999791929590823
0.0,1.0,0.0,0.0,583.88,1205.955714285714,0.0,68.0,22.7,58.0,44.0,14.1,-0.023651127245231586,-0.9997202729664083
0.0,1.0,0.0,0.0,535.79,1197.7171428571426,0.0,71.0,22.6,89.0,44.0,11.02,-0.07518957641475855,-0.9971692572470178
0.0,1.0,0.0,0.0,647.46,737.3499999999998,7.0,56.0,21.6,71.0,44.0,11.35,-0.09233133369539122,-0.9957283388645872
0.0,1.0,0.0,0.0,2126.87,849.1771428571427,24.0,61.0,21.7,65.0,47.0,8.45,-0.12652781683868314,-0.9919630595773397
0.0,1.0,0.0,0.0,3976.83,1289.4257142857143,45.0,71.0,22.0,62.0,40.0,7.47,-0.16057454459499376,-0.9870237158387383
0.0,1.0,0.0,0.0,289.38,1189.9799999999998,5.0,104.0,21.2,58.0,43.0,13.31,-0.17752914918703497,-0.984115542601034
0.0,1.0,0.0,0.0,501.8,1237.4299999999998,23.0,90.0,21.266666666666666,51.0,46.0,9.49,-0.19443122004766195,-0.9809161537413774
0.0,1.0,0.0,0.0,1123.02,1314.45,49.0,113.0,20.9,57.0,48.0,8.86,-0.2112757555821793,-0.9774264960104055
0.0,1.0,0.0,0.0,345.93,1287.3271428571425,34.0,155.0,22.033333333333335,30.0,44.0,9.33,-0.2280577712215198,-0.9736476020539838
0.0,1.0,0.0,0.0,995.4,1337.032857142857,17.0,166.0,21.333333333333332,76.0,47.0,12.13,-0.2614143985111562,-0.965226663665613
0.0,1.0,0.0,0.0,617.74,1121.4428571428568,5.0,183.0,21.3,73.0,50.0,10.92,-0.2779791393987801,-0.9605871111248129
0.0,1.0,0.0,0.0,4227.9,1157.3099999999997,9.0,143.0,21.6,68.0,51.0,11.31,-0.2944616217868012,-0.9556633054034704
0.0,1.0,0.0,0.0,538.3,1192.8699999999997,14.0,54.0,20.5,78.0,38.0,13.55,-0.3594718130884232,-0.9331559438780432
0.0,1.0,0.0,0.0,639.49,1212.5399999999997,0.0,58.0,19.633333333333333,61.0,44.0,10.77,-0.3754703786876202,-0.9268343944460494
0.0,1.0,0.0,0.0,2758.05,1446.115714285714,7.0,52.0,18.5,84.0,43.0,14.12,-0.4071294853542516,-0.9133704517637858
0.0,1.0,0.0,0.0,1099.11,1553.7128571428568,0.0,69.0,17.933333333333334,51.0,46.0,12.76,-0.4383067230125192,-0.898825465016444
0.0,1.0,0.0,0.0,436.17,1473.822857142857,0.0,67.0,15.266666666666667,22.0,47.0,12.45,-0.45370308603134424,-0.8911529104063088
0.0,1.0,0.0,0.0,186.32,1412.1914285714283,0.0,60.0,15.033333333333333,56.0,49.0,12.57,-0.46896519100763184,-0.8832166493127127
0.0,1.0,0.0,0.0,485.76,877.5999999999998,33.0,46.0,15.3,71.0,44.0,9.04,-0.48408852163897587,-0.8750190302029955
0.0,1.0,0.0,0.0,417.3,860.3142857142856,12.0,63.0,14.233333333333333,52.0,49.0,13.33,-0.5139010013093103,-0.8578494977869301
0.0,1.0,0.0,0.0,474.71,836.7742857142856,16.0,68.0,14.066666666666666,56.0,47.0,11.8,-0.5285813283559292,-0.8488826652214553
0.0,1.0,0.0,0.0,446.18,506.5071428571427,0.0,61.0,12.466666666666667,24.0,46.0,12.67,-0.5574684374327892,-0.8301981337405212
0.0,1.0,0.0,0.0,200.64,378.15428571428555,8.0,61.0,12.666666666666666,79.0,40.0,9.43,-0.5716666713027052,-0.8204859638785327
0.0,1.0,0.0,0.0,1286.9,499.68714285714276,25.0,69.0,12.833333333333334,57.0,43.0,10.35,-0.5856957398073508,-0.8105309990194823
0.0,1.0,0.0,0.0,3611.65,989.0199999999999,0.0,61.0,12.833333333333334,65.0,44.0,9.85,-0.5995514915196489,-0.8003361849976323
0.0,1.0,0.0,0.0,422.4,979.9685714285713,10.0,80.0,12.766666666666667,63.0,47.0,13.05,-0.6267266965083301,-0.7792391467859886
0.0,1.0,0.0,0.0,550.74,999.0314285714284,11.0,74.0,12.633333333333333,55.0,40.0,10.35,-0.6400381082043503,-0.7683431655492202
0.0,1.0,0.0,0.0,352.78,981.6128571428569,23.0,85.0,13.233333333333333,29.0,44.0,8.24,-0.65316012232693,-0.7572198192083127
0.0,1.0,0.0,0.0,482.96,986.8671428571427,13.0,108.0,13.466666666666667,82.0,46.0,10.54,-0.666088855860977,-0.7458723993404063
0.0,1.0,0.0,0.0,2249.24,1279.5242857142855,5.0,113.0,13.166666666666666,68.0,43.0,12.31,-0.6788204829862355,-0.734304263829602
0.0,1.0,0.0,0.0,548.24,1174.0014285714283,13.0,93.0,13.6,71.0,45.0,13.11,-0.6913512362094071,-0.722518835873311
0.0,1.0,0.0,0.0,605.15,744.5014285714284,9.0,100.0,13.9,72.0,38.0,12.42,-0.7157953492826642,-0.6983101158835584
0.0,1.0,0.0,0.0,540.87,761.4257142857141,24.0,99.0,14.466666666666667,62.0,44.0,5.98,-0.7277014757264236,-0.6858939875998223
0.0,1.0,0.0,0.0,239.3,716.9342857142855,4.0,112.0,13.8,22.0,49.0,12.27,-0.7393922635959241,-0.673274892250183
0.0,1.0,0.0,0.0,1025.6,813.0514285714283,13.0,93.0,12.733333333333333,50.0,45.0,13.54,-0.7508642533989489,-0.6604565640279754
0.0,1.0,0.0,0.0,429.89,805.4699999999997,59.0,93.0,14.533333333333333,63.0,43.0,11.33,-0.7621140503891487,-0.6474427960827475
0.0,1.0,0.0,0.0,464.1,550.4499999999998,0.0,147.0,13.766666666666667,56.0,45.0,11.05,-0.7731383255706026,-0.6342374393978054
0.0,1.0,0.0,0.0,408.54,530.492857142857,34.0,109.0,13.266666666666667,46.0,42.0,7.41,-0.7944973291665992,-0.6072676460566135
0.0,1.0,0.0,0.0,214.83,474.732857142857,11.0,134.0,12.5,65.0,47.0,10.95,-0.8048257371083452,-0.593511190196115
0.0,1.0,0.0,0.0,477.04,465.6142857142855,0.0,121.0,11.933333333333334,33.0,47.0,9.67,-0.8149159841660791,-0.5795791048257612
0.0,1.0,0.0,0.0,212.14,461.7342857142855,63.0,117.0,13.866666666666667,63.0,48.0,3.4,-0.8247650844733614,-0.5654755126737576
0.0,1.0,0.0,0.0,143.38,335.70285714285694,7.0,167.0,13.8,83.0,44.0,9.34,-0.8343701235229538,-0.5512045872199277
0.0,1.0,0.0,0.0,492.12,344.592857142857,3.0,115.0,13.433333333333334,61.0,47.0,12.21,-0.8437282590292712,-0.5367705514607103
0.0,1.0,0.0,0.0,1144.15,441.74285714285696,11.0,118.0,13.8,73.0,43.0,13.15,-0.8616928164028522,-0.5074302810827518
0.0,1.0,0.0,0.0,619.2,471.8371428571427,7.0,95.0,13.8,61.0,40.0,10.79,-0.8702939222685674,-0.49253272872205434
0.0,1.0,0.0,0.0,4109.67,1028.242857142857,6.0,110.0,14.0,50.0,46.0,11.4,-0.886721063082993,-0.46230483047981086
0.0,1.0,0.0,0.0,381.9,1014.6514285714284,31.0,53.0,15.033333333333333,66.0,43.0,8.62,-0.8945422369764496,-0.4469834295196741
0.0,1.0,0.0,0.0,375.54,1037.9942857142855,25.0,77.0,15.866666666666667,67.0,41.0,10.42,-0.9020987014301837,-0.43152975897147144
0.0,1.0,0.0,0.0,439.74,1080.3314285714284,17.0,99.0,15.333333333333334,65.0,47.0,13.66,-0.9093882203647925,-0.4159483918249421
0.0,1.0,0.0,0.0,594.96,1095.022857142857,20.0,116.0,15.6,69.0,42.0,11.13,-0.9164086366943458,-0.4002439388573056
0.0,1.0,0.0,0.0,491.52,1001.7899999999997,11.0,125.0,15.433333333333334,50.0,48.0,11.28,-0.9231578729647039,-0.38442104726885545
0.0,1.0,0.0,0.0,372.24,966.5099999999996,31.0,129.0,16.466666666666665,27.0,42.0,10.41,-0.9296339319682695,-0.3684843993077793
0.0,1.0,0.0,0.0,598.25,464.8785714285712,0.0,140.0,16.2,62.0,45.0,13.97,-0.9417589340994617,-0.33628873017668287
0.0,1.0,0.0,0.0,571.56,491.97285714285687,0.0,107.0,15.366666666666667,57.0,52.0,13.12,-0.9527692922168511,-0.30369503751065885
0.0,1.0,0.0,0.0,527.34,513.6585714285712,12.0,90.0,15.766666666666667,49.0,41.0,12.2,-0.9578523554276669,-0.28726097055059635
0.0,1.0,0.0,0.0,1127.75,611.9457142857142,12.0,81.0,15.833333333333334,67.0,43.0,12.99,-0.97139528468375,-0.23746831555846842
0.0,1.0,0.0,0.0,556.8,606.4942857142854,25.0,88.0,16.3,66.0,47.0,10.12,-0.9753363880767837,-0.2207236509605022
0.0,1.0,0.0,0.0,454.24,601.1685714285712,32.0,94.0,16.6,56.0,42.0,9.12,-0.9823516608469237,-0.18704334906991657
0.0,1.0,0.0,0.0,329.6,595.0771428571426,3.0,136.0,16.266666666666666,56.0,47.0,11.23,-0.9882042449941422,-0.15314166701312007
0.0,1.0,0.0,0.0,737.72,615.0014285714284,0.0,107.0,16.1,40.0,57.0,11.53,-0.9906923101615609,-0.13612033862266704
0.0,1.0,0.0,0.0,749.06,640.3585714285712,0.0,98.0,15.666666666666666,71.0,47.0,12.1,-0.9928872135356962,-0.11905873003404988
0.0,1.0,0.0,0.0,584.12,648.4699999999997,4.0,86.0,15.5,58.0,48.0,15.02,-0.994788305609327,-0.10196189005174576
0.0,1.0,0.0,0.0,587.93,571.3528571428568,2.0,61.0,14.766666666666667,72.0,46.0,13.36,-0.9977068927101168,-0.06768276175455162
0.0,1.0,0.0,0.0,649.35,584.5742857142856,7.0,28.0,14.866666666666667,50.0,43.0,14.3,-0.9994446170919858,-0.033323525711631344
0.0,1.0,0.0,0.0,457.6,585.0542857142855,24.0,32.0,15.233333333333333,14.0,46.0,9.79,-0.9998699583618592,-0.016126573270657762
0.0,1.0,0.0,0.0,91.79,551.0814285714283,41.0,56.0,14.633333333333333,54.0,44.0,12.24,-0.9999994220246925,0.001075151282798226
0.0,1.0,0.0,0.0,967.04,583.8414285714283,10.0,97.0,14.966666666666667,56.0,49.0,17.98,-0.999832969770105,0.018276557681691223
0.0,1.0,0.0,0.0,684.76,574.655714285714,9.0,103.0,14.133333333333333,75.0,43.0,17.11,-0.9993706508539969,0.03547255575312556
0.0,1.0,0.0,0.0,821.12,608.5128571428569,42.0,112.0,15.166666666666666,66.0,45.0,11.12,-0.9986126020839734,0.052658056924614005
0.0,1.0,0.0,0.0,473.43,592.155714285714,43.0,172.0,16.6,60.0,48.0,13.85,-0.9962102997023297,0.0869772313136861
0.0,1.0,0.0,0.0,577.55,581.8985714285711,35.0,208.0,15.666666666666666,26.0,40.0,13.31,-0.9945667569706337,0.1041007489354256
0.0,1.0,0.0,0.0,214.52,547.1728571428569,1.0,219.0,15.466666666666667,72.0,47.0,16.89,-0.9926289059345095,0.121193461470736
0.0,1.0,0.0,0.0,1343.8,726.0314285714283,3.0,212.0,15.466666666666667,61.0,51.0,12.92,-0.9878726596350429,0.15526624985999563
0.0,1.0,0.0,0.0,539.78,664.9942857142854,29.0,206.0,16.066666666666666,69.0,44.0,11.13,-0.9850556718215013,0.172236243027682
0.0,1.0,0.0,0.0,491.52,637.3885714285713,30.0,193.0,16.833333333333332,47.0,50.0,12.57,-0.981947190186646,0.18915526872004093
0.0,1.0,0.0,0.0,401.88,577.4971428571426,63.0,166.0,18.733333333333334,28.0,47.0,5.32,-0.9748595108374125,0.22282040779479959
0.0,1.0,0.0,0.0,100.58,524.2328571428568,8.0,194.0,17.966666666666665,69.0,50.0,13.03,-0.9708824104813836,0.23955655912092708
0.0,1.0,0.0,0.0,624.81,530.9842857142855,0.0,201.0,17.133333333333333,53.0,49.0,18.38,-0.9666180104000972,0.2562218218071163
0.0,1.0,0.0,0.0,672.06,596.3471428571426,23.0,158.0,17.333333333333332,75.0,41.0,13.59,-0.9620675724981452,0.27281126433401914
0.0,1.0,0.0,0.0,2977.16,829.6842857142854,28.0,178.0,17.6,67.0,45.0,9.72,-0.957232443323312,0.28931997761869527
0.0,1.0,0.0,0.0,429.66,813.9528571428569,16.0,177.0,17.766666666666666,70.0,45.0,15.14,-0.9521140536681102,0.3057430764672831
0.0,1.0,0.0,0.0,1035.7,891.6928571428568,8.0,122.0,17.0,77.0,46.0,16.95,-0.9288394302558068,0.3704825404820963
0.0,1.0,0.0,0.0,867.83,958.2571428571425,0.0,156.0,17.0,66.0,45.0,13.38,-0.9155458729775467,0.40221356823680365
0.0,1.0,0.0,0.0,587.2,1027.7742857142853,124.0,128.0,21.133333333333333,61.0,45.0,6.41,-0.9084917035725082,0.41790288888678667
0.0,1.0,0.0,0.0,2609.11,1311.245714285714,7.0,239.0,20.966666666666665,18.0,47.0,15.33,-0.8935790198239952,0.4489059314938798
0.0,1.0,0.0,0.0,602.92,1301.3685714285712,54.0,192.0,22.366666666666667,77.0,45.0,12.39,-0.8776087166898392,0.4793776594606945
0.0,1.0,0.0,0.0,634.41,966.6899999999997,1.0,238.0,21.566666666666666,75.0,48.0,14.36,-0.8692328164574792,0.49440298420761813
0.0,1.0,0.0,0.0,737.75,1010.7028571428569,109.0,132.0,24.133333333333333,49.0,43.0,6.04,-0.8425720899866032,0.5385835804920232
0.0,1.0,0.0,0.0,189.44,889.808571428571,28.0,182.0,24.966666666666665,73.0,41.0,12.01,-0.8035476485339116,0.5952404359043674
0.0,1.0,0.0,0.0,1043.89,914.9599999999997,0.0,209.0,24.966666666666665,69.0,48.0,13.33,-0.7931896839451843,0.6089746507720486
0.0,1.0,0.0,0.0,1088.2,986.5314285714283,75.0,178.0,27.466666666666665,67.0,41.0,5.96,-0.7717727365467836,0.6358984534680745
0.0,1.0,0.0,0.0,251.37,649.7114285714282,50.0,144.0,29.0,19.0,41.0,11.0,-0.7607200913564104,0.6490800741100398
0.0,1.0,0.0,0.0,133.76,582.6885714285711,2.0,218.0,29.0,50.0,49.0,15.64,-0.7262249146041543,0.6874571793269664
0.0,1.0,0.0,0.0,1330.4,682.1157142857139,8.0,192.0,29.033333333333335,69.0,49.0,13.16,-0.7142921172691032,0.699847677146407
0.0,1.0,0.0,0.0,626.52,666.225714285714,19.0,176.0,28.866666666666667,70.0,49.0,14.57,-0.6897960046655887,0.7240037789593305
0.0,1.0,0.0,0.0,1195.6,809.9628571428568,180.0,120.0,33.5,20.0,43.0,6.75,-0.6772399381909491,0.7357622347736527
0.0,1.0,0.0,0.0,87.08,673.2757142857141,8.0,226.0,33.43333333333333,56.0,45.0,14.45,-0.6515303615068021,0.75862255966641
0.0,1.0,0.0,0.0,3197.85,974.6542857142855,8.0,229.0,33.4,64.0,40.0,17.08,-0.6250496486104377,0.7805849965070866
0.0,1.0,0.0,0.0,1529.19,1157.1999999999996,2.0,229.0,32.06666666666667,57.0,47.0,12.07,-0.6115298757991053,0.7912213413483807
0.0,1.0,0.0,0.0,467.84,1204.9257142857139,64.0,203.0,32.766666666666666,24.0,39.0,6.08,-0.5839514998576998,0.8117885474764613
0.0,1.0,0.0,0.0,425.52,1075.6571428571426,28.0,87.0,32.53333333333333,57.0,45.0,12.04,-0.5699010576127624,0.8217133225960589
0.0,1.0,0.0,0.0,459.62,1051.8142857142852,34.0,141.0,33.63333333333333,70.0,45.0,12.49,-0.5412984521036173,0.8408305333122887
0.0,1.0,0.0,0.0,572.47,962.7957142857139,5.0,205.0,33.7,82.0,42.0,17.33,-0.5120551783114646,0.8589525565270845
0.0,1.0,0.0,0.0,916.55,1081.2914285714282,3.0,275.0,32.833333333333336,23.0,45.0,15.17,-0.4822058478963526,0.8760579434344281
0.0,1.0,0.0,0.0,737.59,729.825714285714,0.0,214.0,31.833333333333332,72.0,42.0,14.12,-0.46706492487743034,0.8842230238742036
0.0,1.0,0.0,0.0,1497.97,725.3657142857139,0.0,168.0,29.733333333333334,95.0,45.0,14.47,-0.4363729641045924,0.8997658785476209
0.0,1.0,0.0,0.0,2782.13,1055.978571428571,57.0,134.0,31.366666666666667,64.0,43.0,7.28,-0.42083100859565564,0.9071390534005044
0.0,1.0,0.0,0.0,293.58,1037.1299999999997,0.0,152.0,31.366666666666667,62.0,45.0,11.45,-0.4051645224207563,0.9142437912130223
0.0,1.0,0.0,0.0,465.05,1037.905714285714,29.0,130.0,31.566666666666666,68.0,44.0,10.22,-0.34134651424503615,0.9399375283564133
0.0,1.0,0.0,0.0,444.8,1019.6671428571426,53.0,141.0,32.4,73.0,41.0,11.93,-0.3251276029999093,0.9456701548465688
0.0,1.0,0.0,0.0,548.73,967.1214285714283,6.0,151.0,32.06666666666667,72.0,41.0,14.14,-0.27591294500296043,0.9611826292540837
0.0,1.0,0.0,0.0,1067.25,1014.215714285714,49.0,122.0,33.43333333333333,38.0,40.0,12.89,-0.2426868445825954,0.9701046827361175
0.0,1.0,0.0,0.0,306.25,843.9699999999996,68.0,151.0,35.7,51.0,45.0,5.43,-0.22596360824801906,0.974135744004672
0.0,1.0,0.0,0.0,186.98,473.23428571428536,4.0,190.0,31.7,78.0,49.0,11.12,-0.20917350564635637,0.9778785428342386
0.0,1.0,0.0,0.0,980.56,571.3742857142854,36.0,141.0,32.666666666666664,63.0,43.0,11.6,-0.19232150523909483,0.9813319716704275
0.0,1.0,0.0,0.0,478.81,573.3399999999997,9.0,163.0,31.166666666666668,40.0,49.0,11.25,-0.17541259380427843,0.9844950085880858
0.0,1.0,0.0,0.0,308.25,553.8328571428568,0.0,172.0,31.133333333333333,66.0,50.0,10.94,-0.15845177496083632,0.9873667175937016
0.0,1.0,0.0,0.0,501.79,547.1271428571425,5.0,166.0,27.666666666666668,19.0,45.0,12.42,-0.14144406768794202,0.9899462489023779
0.0,1.0,0.0,0.0,156.94,417.0828571428568,9.0,171.0,27.033333333333335,48.0,47.0,11.33,-0.12439450483979998,0.9922328391893008
0.0,1.0,0.0,0.0,359.04,424.62428571428546,0.0,67.0,27.033333333333335,53.0,44.0,12.34,-0.09019000427034513,0.9959245770286599
0.0,1.0,0.0,0.0,428.37,459.1085714285711,38.0,63.0,25.8,63.0,45.0,8.81,-0.07304518821104743,0.9973286321364752
0.0,1.0,0.0,0.0,363.53,370.96142857142826,25.0,65.0,24.966666666666665,88.0,42.0,10.45,-0.05587875690537313,0.9984375616565666
0.0,1.0,0.0,0.0,575.0,384.7028571428568,9.0,81.0,25.2,57.0,45.0,13.19,-0.03869579017652689,0.9992510374388481
0.0,1.0,0.0,0.0,496.32,411.56999999999965,40.0,90.0,26.266666666666666,29.0,41.0,10.21,-0.021501372740813793,0.999768818762748
0.0,1.0,0.0,0.0,186.48,366.52571428571395,37.0,125.0,26.866666666666667,77.0,47.0,11.47,-0.004300592702981974,0.9999907524084426
0.0,1.0,0.0,0.0,2176.78,655.0742857142853,11.0,153.0,21.233333333333334,51.0,39.0,14.29,0.017201575418260506,0.9998520419557735
0.0,1.0,0.0,0.0,448.33,667.8299999999997,12.0,160.0,21.366666666666667,63.0,43.0,15.27,0.03439806061360801,0.9994082116062598
0.0,1.0,0.0,0.0,615.68,694.5885714285712,0.0,172.0,21.1,45.0,43.0,16.13,0.051584366869408364,0.9986686402879997
0.0,1.0,0.0,0.0,475.53,710.5885714285712,10.0,134.0,21.366666666666667,72.0,47.0,19.1,0.06875540848113941,0.9976335468520451
0.0,1.0,0.0,0.0,914.38,759.0714285714283,35.0,134.0,20.4,32.0,44.0,13.69,0.10303137904317879,0.9946781061893646
0.0,1.0,0.0,0.0,880.7,813.9828571428568,4.0,129.0,19.6,64.0,52.0,17.62,0.1201261651823505,0.9927586335250793
0.0,1.0,0.0,0.0,795.24,900.9485714285711,12.0,85.0,18.866666666666667,80.0,44.0,17.0,0.1542040475626894,0.988039023376751
0.0,1.0,0.0,0.0,870.4,714.3228571428568,0.0,72.0,18.7,27.0,43.0,18.89,0.22177215755648186,0.975098513039961
0.0,1.0,0.0,0.0,3628.95,1168.6971428571426,9.0,37.0,18.9,87.0,41.0,17.84,0.23851257519407648,0.9711394088771653
0.0,1.0,0.0,0.0,985.52,1221.5314285714283,0.0,42.0,18.9,77.0,43.0,19.49,0.2551824131233728,0.9668929289391521
0.0,1.0,0.0,0.0,998.17,1296.1942857142853,0.0,42.0,18.9,77.0,47.0,14.05,0.2717767384711357,0.9623603298276545
0.0,1.0,0.0,0.0,735.76,1270.6771428571426,8.0,60.0,17.266666666666666,55.0,46.0,16.04,0.3047192331091634,0.9524422234305676
0.0,1.0,0.0,0.0,582.12,1228.0228571428568,0.0,68.0,17.266666666666666,72.0,50.0,16.19,0.321057654185271,0.9470596510722283
0.0,1.0,0.0,0.0,810.37,1230.1842857142854,54.0,68.0,18.1,35.0,46.0,17.89,0.3373010691361842,0.9413968285264122
0.0,1.0,0.0,0.0,413.16,1164.8642857142854,0.0,122.0,16.333333333333332,42.0,55.0,16.45,0.3534446712740877,0.9354554315134164
0.0,1.0,0.0,0.0,507.88,718.9971428571425,2.0,10.0,16.2,56.0,50.0,15.34,0.4632579225674917,0.88622350294858
0.0,1.0,0.0,0.0,597.01,663.495714285714,0.0,12.0,14.566666666666666,56.0,47.0,15.95,0.49346814167723735,0.8697638720650646
0.0,1.0,0.0,0.0,607.24,607.6485714285711,0.0,12.0,12.3,73.0,45.0,13.36,0.5083564379375122,0.8611467540480452
0.0,1.0,0.0,0.0,658.12,596.5571428571427,0.0,12.0,12.166666666666666,57.0,47.0,9.53,0.5230943033491326,0.8522748088519838
0.0,1.0,0.0,0.0,371.96,566.5342857142855,0.0,12.0,10.966666666666667,49.0,46.0,12.06,0.5376773767406141,0.8431506618282
0.0,1.0,0.0,0.0,866.02,574.4842857142854,0.0,12.0,10.666666666666666,32.0,48.0,12.06,0.5521013427459208,0.8337770129585915
0.0,1.0,0.0,0.0,264.41,553.2342857142854,0.0,0.0,10.666666666666666,73.0,51.0,11.04,0.580454927809098,0.8142923779467267
0.0,1.0,0.0,0.0,564.2,561.2799999999997,0.0,21.0,10.5,66.0,47.0,13.86,0.6081214998935418,0.7938439653781019
0.0,1.0,0.0,0.0,622.2,564.8785714285711,19.0,21.0,10.833333333333334,65.0,46.0,12.4,0.6216868902665479,0.7832658619336791
0.0,1.0,0.0,0.0,535.99,554.6999999999997,8.0,40.0,11.1,47.0,49.0,14.89,0.6350683134867438,0.7724559775191742
0.0,1.0,0.0,0.0,486.5,530.182857142857,2.0,48.0,9.9,35.0,53.0,15.83,0.6482618097757122,0.7614175109532997
0.0,1.0,0.0,0.0,396.11,533.6328571428569,0.0,50.0,9.066666666666666,46.0,46.0,13.43,0.6866759803451553,0.726963615332308
0.0,1.0,0.0,0.0,410.97,468.625714285714,6.0,29.0,8.966666666666667,64.0,41.0,15.05,0.7112757519738152,0.7029130847082615
0.0,1.0,0.0,0.0,597.06,516.1471428571426,9.0,16.0,7.933333333333334,57.0,42.0,13.37,0.7232617254437388,0.6905740195722293
0.0,1.0,0.0,0.0,491.49,505.75999999999976,2.0,17.0,6.766666666666667,37.0,47.0,14.54,0.7350336741329413,0.6780306024735382
0.0,1.0,0.0,0.0,368.53,469.52142857142826,11.0,17.0,6.766666666666667,66.0,39.0,12.23,0.746588114532413,0.6652865452111116
0.0,1.0,0.0,0.0,500.34,464.42857142857116,0.0,28.0,6.366666666666666,59.0,47.0,17.63,0.7579216274973472,0.6523456189565257
0.0,1.0,0.0,0.0,712.4,496.6999999999997,0.0,28.0,6.366666666666666,70.0,48.0,13.0,0.7690308592589181,0.6392116531380588
0.0,1.0,0.0,0.0,1509.35,655.7342857142854,22.0,28.0,6.766666666666667,60.0,44.0,11.08,0.7799125224167177,0.6258885343075018
0.0,1.0,0.0,0.0,428.93,658.2999999999996,0.0,50.0,5.6,65.0,47.0,14.09,0.7905633969115482,0.612380204990065
0.0,1.0,0.0,0.0,627.46,662.6428571428569,0.0,44.0,5.466666666666667,56.0,50.0,12.18,0.8009803309782905,0.5986906625177214
0.0,1.0,0.0,0.0,480.81,661.1171428571427,8.0,33.0,5.333333333333333,76.0,45.0,14.83,0.8211001178128892,0.5707841943569036
0.0,1.0,0.0,0.0,738.19,713.925714285714,0.0,30.0,5.333333333333333,74.0,48.0,14.43,0.8307970168121247,0.5565755266413303
0.0,1.0,0.0,0.0,736.92,747.7228571428569,1.0,32.0,5.066666666666666,79.0,48.0,11.84,0.8494504794814806,0.527668345562516
0.0,1.0,0.0,0.0,635.8,736.7799999999997,13.0,11.0,5.5,61.0,45.0,12.15,0.8584015232918917,0.512978386299228
0.0,1.0,0.0,0.0,492.77,591.5542857142855,0.0,24.0,5.5,57.0,55.0,19.51,0.8670985522812081,0.4981366284784055
0.0,1.0,0.0,0.0,817.32,647.0385714285712,15.0,24.0,5.733333333333333,23.0,48.0,20.48,0.8755389928586302,0.4831474640149687
0.0,1.0,0.0,0.0,317.93,602.8199999999997,0.0,34.0,5.733333333333333,66.0,50.0,20.82,0.8916401947968874,0.45274469960737107
0.0,1.0,0.0,0.0,948.06,669.5699999999997,0.0,34.0,3.933333333333333,47.0,55.0,18.91,0.8992961915530253,0.4373400963303323
0.0,1.0,0.0,0.0,644.52,656.1885714285711,9.0,32.0,4.233333333333333,60.0,44.0,23.0,0.9066860720977985,0.4218060770826634
0.0,1.0,0.0,0.0,883.2,677.0857142857141,3.0,40.0,4.266666666666667,63.0,43.0,16.21,0.9138076496466615,0.4061472386305789
0.0,1.0,0.0,0.0,658.55,680.335714285714,0.0,30.0,4.266666666666667,71.0,48.0,17.89,0.9206588168102428,0.3903682146763026
0.0,1.0,0.0,0.0,863.6,733.3114285714283,0.0,23.0,4.266666666666667,48.0,46.0,20.81,0.9335418911179212,0.35846832151248087
0.0,1.0,0.0,0.0,674.33,712.8842857142855,9.0,24.0,4.566666666666666,64.0,47.0,16.17,0.945320046913132,0.3261441535642696
0.0,1.0,0.0,0.0,1508.28,882.9342857142855,4.0,24.0,4.7,63.0,48.0,17.84,0.9559793438440766,0.2934339689665273
0.0,1.0,0.0,0.0,775.56,858.2914285714284,0.0,25.0,4.7,57.0,52.0,21.75,0.9608854255574977,0.27694620226893646
0.0,1.0,0.0,0.0,886.6,892.8742857142854,15.0,25.0,5.2,11.0,46.0,17.18,0.9655071658143364,0.2603764827344581
0.0,1.0,0.0,0.0,126.63,784.7928571428569,11.0,32.0,5.566666666666666,65.0,43.0,17.86,0.969843196967294,0.24372971360968387
0.0,1.0,0.0,0.0,737.24,796.0342857142854,4.0,43.0,5.066666666666666,65.0,47.0,17.45,0.9738922359149924,0.22701082094141847
0.0,1.0,0.0,0.0,765.45,782.0128571428569,2.0,42.0,4.866666666666666,73.0,47.0,20.79,0.984305844499033,0.17647097349152166
0.0,1.0,0.0,0.0,2274.65,1010.6299999999998,40.0,40.0,6.133333333333334,53.0,43.0,13.66,0.9871957872910085,0.15951325197263655
0.0,1.0,0.0,0.0,466.98,861.872857142857,0.0,65.0,6.133333333333334,58.0,48.0,18.41,0.992098522791769,0.12546123335273648
0.0,1.0,0.0,0.0,1257.24,930.6842857142855,0.0,78.0,5.933333333333334,74.0,44.0,17.89,0.9992088560679753,0.03977011384605572
0.0,1.0,0.0,0.0,880.46,929.8071428571427,0.0,38.0,5.633333333333334,28.0,48.0,21.25,0.9997451236925734,0.022576263041545485
0.0,1.0,0.0,0.0,410.55,970.3671428571427,0.0,38.0,5.566666666666666,71.0,44.0,20.52,0.9999855506507186,0.005375731557583884
0.0,1.0,0.0,0.0,954.34,1001.3814285714283,2.0,38.0,5.266666666666667,52.0,45.0,23.0,0.9999300657962057,-0.011826390691832589
0.0,1.0,0.0,0.0,795.34,1005.6514285714283,24.0,40.0,6.066666666666666,80.0,44.0,18.11,0.9995786855478958,-0.029025013321975237
0.0,1.0,0.0,0.0,949.1,816.2871428571426,15.0,64.0,6.566666666666666,60.0,45.0,24.6,0.9989315138848577,-0.046215046983708354
0.0,1.0,0.0,0.0,981.54,889.7957142857141,18.0,75.0,6.433333333333334,22.0,41.0,24.14,0.9952176027737294,-0.09768276782171598
0.0,1.0,0.0,0.0,326.56,756.8414285714283,0.0,93.0,6.433333333333334,42.0,52.0,19.36,0.9933900548258936,-0.11478762552212701
0.0,1.0,0.0,0.0,585.36,714.6842857142855,0.0,133.0,6.433333333333334,26.0,46.0,24.0,0.9888537064205885,-0.1488903868564548
0.0,1.0,0.0,0.0,421.2,716.205714285714,31.0,109.0,7.2,37.0,43.0,16.97,0.986146248341595,-0.16587819893463143
0.0,1.0,0.0,0.0,408.2,638.1857142857141,21.0,125.0,7.9,31.0,42.0,14.19,0.9831469737221499,-0.1828169249850199
0.0,1.0,0.0,0.0,281.6,564.7942857142855,3.0,133.0,7.966666666666667,27.0,49.0,25.19,0.9798567700958665,-0.1997015525660636
0.0,1.0,0.0,0.0,469.2,496.2371428571426,24.0,115.0,8.333333333333334,11.0,46.0,15.55,0.9762766110869321,-0.21652708524481437
0.0,1.0,0.0,0.0,115.43,372.50714285714264,16.0,141.0,8.866666666666667,26.0,44.0,18.19,0.9682507501166718,-0.2499809690726521
0.0,1.0,0.0,0.0,312.18,370.4528571428569,11.0,127.0,8.733333333333333,29.0,42.0,22.14,0.9540665500578387,-0.2995947563972602
0.0,1.0,0.0,0.0,417.3,346.44428571428546,14.0,123.0,9.2,16.0,41.0,19.25,0.9431964659565866,-0.33223549871590435
0.0,1.0,0.0,0.0,197.12,314.43285714285685,23.0,113.0,9.966666666666667,65.0,44.0,17.46,0.9373419384643772,-0.3484108069446808
0.0,1.0,0.0,0.0,743.43,362.3228571428569,6.0,116.0,9.866666666666667,61.0,44.0,26.49,0.9312100364121947,-0.3644830148102912
0.0,1.0,0.0,0.0,1050.4,472.1514285714283,5.0,102.0,9.933333333333334,61.0,50.0,19.87,0.9111686353326631,-0.41203363695942635
0.0,1.0,0.0,0.0,830.22,523.725714285714,0.0,96.0,9.933333333333334,60.0,50.0,26.02,0.9039461929224011,-0.42764620926777464
0.0,1.0,0.0,0.0,1092.7,663.3357142857141,0.0,87.0,9.933333333333334,35.0,48.0,22.89,0.8964562582905575,-0.44313223418263453
0.0,1.0,0.0,0.0,1443.69,824.9799999999998,45.0,73.0,11.133333333333333,43.0,41.0,20.35,0.8887010478292915,-0.45848712914008766
0.0,1.0,0.0,0.0,564.38,845.9914285714283,0.0,95.0,11.0,67.0,47.0,25.75,0.8806828564301475,-0.47370635037968
0.0,1.0,0.0,0.0,1660.62,1055.062857142857,7.0,89.0,11.233333333333333,78.0,47.0,32.14,0.8724040568049612,-0.48878539428899265
0.0,1.0,0.0,0.0,1667.16,1187.0242857142855,12.0,57.0,11.133333333333333,58.0,49.0,34.55,0.8550745085896932,-0.518505144391157
0.0,1.0,0.0,0.0,1372.74,1233.072857142857,35.0,100.0,11.933333333333334,71.0,47.0,29.37,0.8174009818249189,-0.5760691233798758
0.0,1.0,0.0,0.0,2021.38,1403.2385714285713,11.0,135.0,12.166666666666666,67.0,47.0,33.9,0.8073707443023492,-0.5900444739548627
0.0,1.0,0.0,0.0,1532.93,1466.1285714285711,30.0,156.0,13.1,58.0,39.0,21.53,0.7865965660866021,-0.6174672802835514
0.0,1.0,0.0,0.0,761.89,1368.7285714285713,14.0,174.0,12.233333333333333,70.0,44.0,25.17,0.7758587728069828,-0.6309066211876704
0.0,1.0,0.0,0.0,1700.54,1531.0371428571427,31.0,146.0,13.266666666666667,57.0,44.0,18.77,0.7648913904341225,-0.6441592666722685
0.0,1.0,0.0,0.0,695.5,1393.162857142857,13.0,173.0,13.7,57.0,42.0,24.26,0.753697664392914,-0.6572212950663319
0.0,1.0,0.0,0.0,892.03,1282.4299999999998,30.0,151.0,14.7,75.0,42.0,25.52,0.742280907086982,-0.6700888411055113
0.0,1.0,0.0,0.0,1215.39,1259.9514285714283,3.0,146.0,14.8,82.0,49.0,24.87,0.7306444969184916,-0.6827580970759147
0.0,1.0,0.0,0.0,1417.11,1173.6271428571424,17.0,138.0,15.3,72.0,40.0,34.06,0.7187918772884232,-0.6952253139408722
0.0,1.0,0.0,0.0,1923.5,1229.4228571428569,64.0,138.0,16.633333333333333,86.0,43.0,11.77,0.7067265555776158,-0.7074868024503348
0.0,1.0,0.0,0.0,3199.62,1577.6699999999998,18.0,172.0,16.733333333333334,65.0,42.0,28.8,0.6944521021088763,-0.719538934232584
0.0,1.0,0.0,0.0,1179.36,1503.215714285714,18.0,176.0,16.733333333333334,29.0,42.0,28.86,0.6819721490904629,-0.7313781428679254
0.0,1.0,0.0,0.0,548.24,1482.178571428571,11.0,163.0,17.1,56.0,47.0,29.39,0.6692903895412567,-0.7430009249440493
0.0,1.0,0.0,0.0,1111.05,1513.4671428571426,11.0,141.0,17.466666666666665,77.0,45.0,33.36,0.6300720909843687,-0.7765366444428655
0.0,1.0,0.0,0.0,1669.85,1578.3899999999996,12.0,135.0,16.833333333333332,92.0,47.0,31.92,0.6166212130956382,-0.7872599821916922
0.0,1.0,0.0,0.0,1923.74,1650.765714285714,7.0,83.0,16.366666666666667,72.0,44.0,28.49,0.6029878670694714,-0.7977503570459932
0.0,1.0,0.0,0.0,1353.66,1569.36,14.0,96.0,16.733333333333334,63.0,44.0,30.79,0.5322271388474397,-0.8466016020976267
0.0,1.0,0.0,0.0,1270.7,1293.7999999999997,0.0,99.0,15.933333333333334,79.0,50.0,29.82,0.5175855102531889,-0.8556314858488706
0.0,1.0,0.0,0.0,1649.2,1360.9199999999998,23.0,80.0,16.166666666666668,27.0,40.0,23.93,0.4878471454423119,-0.8729290708206411
0.0,1.0,0.0,0.0,400.52,1339.8171428571427,0.0,95.0,15.8,93.0,47.0,30.35,0.47275920928627757,-0.881191653407483
0.0,1.0,0.0,0.0,1891.41,1451.2971428571425,6.0,101.0,15.533333333333333,62.0,51.0,24.08,0.44216815196707204,-0.8969321743510065
0.0,1.0,0.0,0.0,1450.1,1419.9042857142854,0.0,70.0,14.766666666666667,83.0,51.0,32.02,0.42667408318992467,-0.9044054548343001
0.0,1.0,0.0,0.0,1873.89,1412.7828571428568,20.0,56.0,15.233333333333333,79.0,45.0,30.96,0.4110537546870351,-0.9116111071930239
0.0,1.0,0.0,0.0,1602.13,1448.2785714285712,13.0,76.0,15.5,67.0,48.0,28.52,0.3953117887649151,-0.9185469991587165
0.0,1.0,0.0,0.0,1289.93,1451.025714285714,74.0,89.0,17.966666666666665,17.0,40.0,9.71,0.37945284372454435,-0.925211078289358
0.0,1.0,0.0,0.0,100.65,1229.8042857142857,19.0,155.0,18.6,82.0,43.0,24.76,0.3312212278016865,-0.9435531242349544
0.0,1.0,0.0,0.0,1339.8,1363.9871428571425,15.0,168.0,17.6,73.0,44.0,29.48,0.31494162072895193,-0.9491110448902284
0.0,1.0,0.0,0.0,3355.32,1573.1171428571429,0.0,163.0,17.6,67.0,43.0,27.07,0.2821076626819194,-0.9593827529490743
0.0,1.0,0.0,0.0,1179.1,1534.4028571428569,73.0,150.0,19.8,47.0,47.0,12.74,0.26556302780405594,-0.9640935007889755
0.0,1.0,0.0,0.0,401.33,1324.0371428571427,19.0,149.0,20.033333333333335,66.0,48.0,23.38,0.24893980855376657,-0.9685189578512204
0.0,1.0,0.0,0.0,1026.1,1241.7471428571425,15.0,149.0,19.366666666666667,64.0,44.0,22.7,0.21547731504673012,-0.976508846196619
0.0,1.0,0.0,0.0,944.45,1192.3928571428569,11.0,145.0,19.366666666666667,74.0,49.0,32.62,0.19864794288017112,-0.9800709131432666
0.0,1.0,0.0,0.0,1677.73,1417.6899999999998,55.0,141.0,20.2,54.0,51.0,18.2,0.18175978759137534,-0.9833429613388902
0.0,1.0,0.0,0.0,688.1,1324.59,5.0,212.0,19.9,49.0,44.0,29.06,0.14782713347053048,-0.9890132145779883
0.0,1.0,0.0,0.0,939.84,979.5214285714283,16.0,132.0,19.4,78.0,44.0,24.65,0.11371951458594969,-0.9935128947338007
0.0,1.0,0.0,0.0,1240.34,988.2699999999996,18.0,125.0,19.566666666666666,79.0,42.0,29.84,0.0966127018812031,-0.9953220513156602
0.0,1.0,0.0,0.0,1508.48,1146.4342857142854,10.0,128.0,18.9,61.0,45.0,31.87,0.07947729992362097,-0.9968366760893436
0.0,1.0,0.0,0.0,1283.04,1183.1399999999996,33.0,127.0,19.9,41.0,43.0,18.66,0.062318379354325076,-0.998056320853012
0.0,1.0,0.0,0.0,493.43,1118.708571428571,84.0,105.0,22.133333333333333,60.0,43.0,14.17,0.04514101777397193,-0.9989806246941579
0.0,1.0,0.0,0.0,552.5,957.9614285714282,0.0,225.0,20.0,52.0,51.0,23.5,-0.00645086419810515,-0.9999791929590823
0.0,1.0,0.0,0.0,861.51,982.7342857142855,0.0,209.0,19.4,58.0,46.0,24.59,-0.023651127245231586,-0.9997202729664083
0.0,1.0,0.0,0.0,969.68,986.9971428571426,0.0,219.0,18.8,69.0,45.0,18.0,-0.05802556932878035,-0.9983150972033183
0.0,1.0,0.0,0.0,825.93,927.795714285714,20.0,186.0,19.1,64.0,46.0,18.33,-0.07518957641475855,-0.9971692572470178
0.0,1.0,0.0,0.0,762.45,821.2199999999999,26.0,69.0,19.6,55.0,41.0,18.51,-0.10944576864891556,-0.993992768446958
0.0,1.0,0.0,0.0,626.07,727.3671428571425,6.0,103.0,19.4,70.0,42.0,21.84,-0.1435724234118113,-0.9896398128792412
0.0,1.0,0.0,0.0,970.91,795.5785714285712,12.0,89.0,19.566666666666666,56.0,41.0,21.04,-0.19443122004766195,-0.9809161537413774
0.0,1.0,0.0,0.0,736.25,821.8285714285712,24.0,81.0,19.9,25.0,43.0,20.56,-0.2112757555821793,-0.9774264960104055
0.0,1.0,0.0,0.0,915.67,829.5657142857141,53.0,96.0,21.666666666666668,68.0,45.0,15.01,-0.2280577712215198,-0.9736476020539838
0.0,1.0,0.0,0.0,684.07,788.7642857142854,10.0,123.0,21.233333333333334,58.0,48.0,18.31,-0.24477230089725957,-0.9695805901076308
0.0,1.0,0.0,0.0,716.85,773.1814285714283,20.0,127.0,21.9,70.0,47.0,21.07,-0.2779791393987801,-0.9605871111248129
0.0,1.0,0.0,0.0,2239.25,984.1528571428569,4.0,134.0,21.833333333333332,62.0,40.0,19.9,-0.2944616217868012,-0.9556633054034704
0.0,1.0,0.0,0.0,777.42,1005.7742857142855,7.0,133.0,22.066666666666666,72.0,49.0,18.57,-0.3108569682435036,-0.9504567035349151
0.0,1.0,0.0,0.0,915.85,997.9085714285712,18.0,104.0,22.0,44.0,37.0,24.98,-0.34336687399638804,-0.939201357453208
0.0,1.0,0.0,0.0,1546.4,1113.6442857142854,11.0,69.0,21.933333333333334,59.0,44.0,23.63,-0.3594718130884232,-0.9331559438780432
0.0,1.0,0.0,0.0,920.04,1114.2685714285712,41.0,70.0,20.833333333333332,64.0,44.0,16.56,-0.3754703786876202,-0.9268343944460494
0.0,1.0,0.0,0.0,683.7,1114.215714285714,0.0,96.0,20.2,41.0,46.0,20.34,-0.4071294853542516,-0.9133704517637858
0.0,1.0,0.0,0.0,558.78,1091.6342857142856,93.0,92.0,22.8,68.0,40.0,9.03,-0.4227806579826773,-0.9062320427107697
0.0,1.0,0.0,0.0,1133.75,933.7057142857141,92.0,159.0,25.866666666666667,79.0,47.0,9.35,-0.5285813283559292,-0.8488826652214553
0.0,1.0,0.0,0.0,484.05,891.795714285714,3.0,158.0,23.533333333333335,25.0,46.0,19.88,-0.5431052396834317,-0.8396646346181327
0.0,1.0,0.0,0.0,711.48,862.5999999999997,10.0,148.0,23.233333333333334,64.0,46.0,16.7,-0.5574684374327892,-0.8301981337405212
0.0,1.0,0.0,0.0,716.23,744.0042857142854,0.0,158.0,22.733333333333334,68.0,46.0,21.91,-0.5716666713027052,-0.8204859638785327
0.0,1.0,0.0,0.0,1013.2,757.312857142857,0.0,158.0,22.366666666666667,61.0,46.0,17.59,-0.5856957398073508,-0.8105309990194823
0.0,1.0,0.0,0.0,718.91,762.3428571428569,11.0,141.0,20.9,74.0,42.0,21.69,-0.5995514915196489,-0.8003361849976323
0.0,1.0,0.0,0.0,1011.15,826.9671428571427,43.0,21.0,22.166666666666668,53.0,45.0,18.04,-0.65316012232693,-0.7572198192083127
0.0,1.0,0.0,0.0,616.62,753.0914285714283,0.0,54.0,21.633333333333333,55.0,48.0,17.38,-0.666088855860977,-0.7458723993404063
0.0,1.0,0.0,0.0,654.86,777.492857142857,0.0,54.0,21.033333333333335,64.0,50.0,21.34,-0.6788204829862355,-0.734304263829602
0.0,1.0,0.0,0.0,1574.54,900.7871428571426,12.0,58.0,21.1,61.0,37.0,17.21,-0.7157953492826642,-0.6983101158835584
0.0,1.0,0.0,0.0,630.0,888.4685714285713,0.0,70.0,20.0,25.0,49.0,19.4,-0.7277014757264236,-0.6858939875998223
0.0,1.0,0.0,0.0,334.65,791.5328571428569,0.0,70.0,17.2,69.0,49.0,21.52,-0.7393922635959241,-0.673274892250183
0.0,1.0,0.0,0.0,1032.08,836.2714285714283,11.0,33.0,17.566666666666666,49.0,48.0,16.57,-0.7621140503891487,-0.6474427960827475
0.0,1.0,0.0,0.0,544.04,769.5414285714284,3.0,44.0,17.666666666666668,77.0,51.0,21.57,-0.7731383255706026,-0.6342374393978054
0.0,1.0,0.0,0.0,1179.31,849.925714285714,23.0,47.0,18.433333333333334,74.0,46.0,14.22,-0.7839338166829201,-0.620844401650647
0.0,1.0,0.0,0.0,694.32,855.5628571428568,7.0,55.0,18.0,54.0,46.0,19.11,-0.7944973291665992,-0.6072676460566135
0.0,1.0,0.0,0.0,686.28,728.6685714285711,10.0,50.0,17.466666666666665,74.0,44.0,19.91,-0.8247650844733614,-0.5654755126737576
0.0,1.0,0.0,0.0,1665.8200000000002,876.6428571428569,2.0,54.0,17.333333333333332,55.0,49.0,20.73,-0.8343701235229538,-0.5512045872199277
0.0,1.0,0.0,0.0,786.6,941.2071428571426,4.0,42.0,17.066666666666666,78.0,46.0,18.13,-0.8528367217694595,-0.522177676659508
0.0,1.0,0.0,0.0,940.31,928.0971428571427,52.0,38.0,18.0,18.0,43.0,14.67,-0.8702939222685674,-0.49253272872205434
0.0,1.0,0.0,0.0,170.28,874.7028571428569,12.0,90.0,16.633333333333333,57.0,47.0,23.14,-0.8786374941610001,-0.4774894280028391
0.0,1.0,0.0,0.0,870.54,830.5928571428569,34.0,123.0,17.433333333333334,49.0,43.0,17.92,-0.9164086366943458,-0.4002439388573056
0.0,1.0,0.0,0.0,961.7,868.7899999999997,0.0,135.0,16.766666666666666,21.0,42.0,19.67,-0.9231578729647039,-0.38442104726885545
0.0,1.0,0.0,0.0,272.58,809.6899999999997,13.0,83.0,17.066666666666666,54.0,40.0,18.06,-0.9296339319682695,-0.3684843993077793
0.0,1.0,0.0,0.0,614.25,659.4657142857141,13.0,84.0,17.266666666666666,50.0,45.0,19.28,-0.9358348973349941,-0.35243871088460327
0.0,1.0,0.0,0.0,650.7,640.0514285714283,3.0,127.0,16.766666666666666,68.0,48.0,21.46,-0.9474042892438845,-0.32003923622313857
0.0,1.0,0.0,0.0,1791.42,761.6385714285713,11.0,126.0,16.766666666666666,64.0,45.0,23.27,-0.9527692922168511,-0.30369503751065885
0.0,1.0,0.0,0.0,975.3,876.6414285714284,0.0,129.0,15.4,59.0,48.0,24.2,-0.9578523554276669,-0.28726097055059635
0.0,1.0,0.0,0.0,963.9,889.9785714285712,19.0,95.0,16.033333333333335,25.0,37.0,20.0,-0.9626519747161487,-0.2707418984477642
0.0,1.0,0.0,0.0,300.0,795.4499999999997,34.0,114.0,14.066666666666666,59.0,47.0,12.83,-0.9671667297977312,-0.2541427094613622
0.0,1.0,0.0,0.0,503.41,828.425714285714,34.0,135.0,12.133333333333333,60.0,44.0,12.02,-0.97139528468375,-0.23746831555846842
0.0,1.0,0.0,0.0,2811.44,1142.3099999999997,8.0,156.0,12.3,80.0,45.0,20.54,-0.9753363880767837,-0.2207236509605022
0.0,1.0,0.0,0.0,2686.16,1433.0899999999997,0.0,109.0,11.966666666666667,60.0,44.0,24.95,-0.9789888737409319,-0.20391367068311472
0.0,1.0,0.0,0.0,988.02,1318.3185714285712,24.0,106.0,12.766666666666667,51.0,48.0,13.84,-0.9823516608469237,-0.18704334906991657
0.0,1.0,0.0,0.0,862.49,1302.2028571428568,7.0,119.0,13.0,77.0,49.0,19.86,-0.9854237542919524,-0.17011767832049052
0.0,1.0,0.0,0.0,3331.4300000000003,1640.4214285714284,2.0,126.0,12.7,21.0,48.0,20.38,-0.9882042449941422,-0.15314166701312007
0.0,1.0,0.0,0.0,293.18,1639.4471428571428,25.0,109.0,12.1,81.0,45.0,14.3,-0.9906923101615609,-0.13612033862266704
0.0,1.0,0.0,0.0,758.49,1675.8871428571426,6.0,100.0,12.3,56.0,47.0,23.68,-0.9928872135356962,-0.11905873003404988
0.0,1.0,0.0,0.0,888.42,1401.1699999999998,22.0,72.0,13.033333333333333,61.0,42.0,16.59,-0.994788305609327,-0.10196189005174576
0.0,1.0,0.0,0.0,647.68,1109.9585714285713,0.0,86.0,12.633333333333333,69.0,45.0,21.17,-0.9963950238187231,-0.08483487790576538
0.0,1.0,0.0,0.0,978.87,1108.6514285714284,0.0,86.0,12.633333333333333,76.0,53.0,17.18,-0.9977068927101168,-0.06768276175455162
0.0,1.0,0.0,0.0,940.32,1119.7699999999998,0.0,62.0,12.633333333333333,60.0,49.0,21.52,-0.9987235240803972,-0.050510617185222886
0.0,1.0,0.0,0.0,890.79,771.1071428571425,0.0,55.0,12.266666666666667,31.0,46.0,22.52,-0.9994446170919858,-0.033323525711631344
0.0,1.0,0.0,0.0,471.15,796.5314285714283,12.0,53.0,12.566666666666666,54.0,48.0,19.85,-0.9998699583618592,-0.016126573270657762
0.0,1.0,0.0,0.0,723.6,791.5471428571426,68.0,40.0,14.066666666666666,51.0,46.0,11.18,-0.9999994220246925,0.001075151282798226
0.0,1.0,0.0,0.0,1697.9,907.1871428571425,47.0,102.0,15.4,60.0,49.0,18.2,-0.999832969770105,0.018276557681691223
0.0,1.0,0.0,0.0,753.48,922.3014285714282,80.0,127.0,17.733333333333334,72.0,43.0,9.69,-0.9993706508539969,0.03547255575312556
0.0,1.0,0.0,0.0,457.19,847.7757142857139,93.0,207.0,20.766666666666666,55.0,42.0,12.36,-0.9986126020839734,0.052658056924614005
0.0,1.0,0.0,0.0,435.2,775.615714285714,0.0,300.0,20.633333333333333,53.0,48.0,20.58,-0.9975590477788613,0.06982797572987089
0.0,1.0,0.0,0.0,747.34,755.122857142857,0.0,300.0,18.9,68.0,45.0,30.12,-0.9945667569706337,0.1041007489354256
0.0,1.0,0.0,0.0,1372.16,883.8385714285713,2.0,288.0,18.566666666666666,75.0,47.0,24.2,-0.9926289059345095,0.121193461470736
0.0,1.0,0.0,0.0,1991.05,1064.9028571428569,18.0,177.0,18.033333333333335,70.0,40.0,26.6,-0.9878726596350429,0.15526624985999563
0.0,1.0,0.0,0.0,1163.75,988.595714285714,15.0,115.0,18.533333333333335,59.0,44.0,23.66,-0.9850556718215013,0.172236243027682
0.0,1.0,0.0,0.0,921.36,1012.5785714285712,9.0,37.0,18.4,62.0,42.0,24.58,-0.981947190186646,0.18915526872004093
0.0,1.0,0.0,0.0,967.74,1085.5142857142855,22.0,87.0,18.7,55.0,48.0,21.51,-0.9708824104813836,0.23955655912092708
0.0,1.0,0.0,0.0,798.53,1137.418571428571,32.0,107.0,19.666666666666668,74.0,50.0,20.54,-0.9666180104000972,0.2562218218071163
0.0,1.0,0.0,0.0,1056.4,1181.5699999999997,27.0,147.0,20.2,82.0,40.0,17.94,-0.957232443323312,0.28931997761869527
0.0,1.0,0.0,0.0,919.38,1116.8871428571426,31.0,200.0,21.233333333333334,70.0,50.0,18.43,-0.9350748843515574,0.3544502230989869
0.0,1.0,0.0,0.0,896.55,960.5299999999997,41.0,209.0,21.966666666666665,73.0,38.0,17.48,-0.9288394302558068,0.3704825404820963
0.0,1.0,0.0,0.0,771.98,904.562857142857,107.0,193.0,24.4,68.0,43.0,8.79,-0.9155458729775467,0.40221356823680365
0.0,1.0,0.0,0.0,385.71,828.0414285714284,4.0,273.0,23.4,51.0,44.0,21.73,-0.9084917035725082,0.41790288888678667
0.0,1.0,0.0,0.0,4276.74,1300.7557142857138,0.0,189.0,23.133333333333333,61.0,48.0,22.1,-0.8935790198239952,0.4489059314938798
0.0,1.0,0.0,0.0,1541.64,1406.9142857142854,9.0,177.0,23.433333333333334,87.0,44.0,27.94,-0.8776087166898392,0.4793776594606945
0.0,1.0,0.0,0.0,1580.15,1481.735714285714,72.0,145.0,25.033333333333335,56.0,45.0,10.93,-0.8692328164574792,0.49440298420761813
0.0,1.0,0.0,0.0,1153.8,1515.2242857142858,40.0,107.0,26.133333333333333,55.0,41.0,23.42,-0.8517119107469189,0.5240103253675756
0.0,1.0,0.0,0.0,4829.76,2077.1114285714284,29.0,143.0,27.033333333333335,26.0,47.0,21.54,-0.8425720899866032,0.5385835804920232
0.0,1.0,0.0,0.0,375.2,2020.428571428571,23.0,171.0,26.966666666666665,59.0,40.0,19.07,-0.8331829385891785,0.5529974600700271
0.0,1.0,0.0,0.0,1122.5,2125.684285714285,106.0,194.0,30.3,50.0,51.0,11.14,-0.8235472349556007,0.5672476988027229
0.0,1.0,0.0,0.0,384.33,1569.6257142857141,2.0,279.0,29.633333333333333,58.0,51.0,21.0,-0.8136678304455991,0.5813300798152042
0.0,1.0,0.0,0.0,1733.6,1597.0485714285712,1.0,272.0,29.666666666666668,64.0,50.0,25.78,-0.8035476485339116,0.5952404359043674
0.0,1.0,0.0,0.0,1146.75,1535.1342857142856,41.0,201.0,31.033333333333335,48.0,46.0,18.73,-0.7931896839451843,0.6089746507720486
0.0,1.0,0.0,0.0,597.84,1455.7114285714285,0.0,203.0,31.033333333333335,33.0,45.0,21.91,-0.7717727365467836,0.6358984534680745
0.0,1.0,0.0,0.0,484.41,834.9471428571426,24.0,174.0,31.833333333333332,58.0,42.0,16.83,-0.7607200913564104,0.6490800741100398
0.0,1.0,0.0,0.0,610.0,868.4899999999998,93.0,103.0,34.53333333333333,51.0,42.0,7.61,-0.7379428103031386,0.6748632518680403
0.0,1.0,0.0,0.0,244.44,743.0528571428569,66.0,194.0,34.46666666666667,59.0,42.0,9.47,-0.7262249146041543,0.6874571793269664
0.0,1.0,0.0,0.0,363.35,740.0557142857141,2.0,259.0,32.96666666666667,78.0,51.0,25.31,-0.7142921172691032,0.699847677146407
0.0,1.0,0.0,0.0,4515.8,1137.512857142857,3.0,220.0,30.4,65.0,50.0,29.85,-0.7021479494046978,0.7120310787787131
0.0,1.0,0.0,0.0,1348.3,1166.305714285714,2.0,222.0,27.366666666666667,17.0,46.0,23.0,-0.6897960046655887,0.7240037789593305
0.0,1.0,0.0,0.0,798.9300000000001,1195.0328571428568,41.0,110.0,28.733333333333334,61.0,43.0,20.95,-0.6383844591746642,0.7697176640069211
0.0,1.0,0.0,0.0,1490.53,1338.7642857142855,90.0,85.0,31.733333333333334,63.0,43.0,7.38,-0.6250496486104377,0.7805849965070866
0.0,1.0,0.0,0.0,647.25,1344.0857142857142,0.0,173.0,31.666666666666668,65.0,45.0,21.22,-0.6115298757991053,0.7912213413483807
0.0,1.0,0.0,0.0,923.93,1441.155714285714,3.0,223.0,31.166666666666668,66.0,42.0,24.91,-0.5699010576127624,0.8217133225960589
0.0,1.0,0.0,0.0,1060.38,1540.7314285714285,6.0,225.0,30.866666666666667,43.0,50.0,24.67,-0.5556819724760489,0.8313949395234058
0.0,1.0,0.0,0.0,732.09,1000.2014285714283,31.0,208.0,31.6,70.0,43.0,24.21,-0.5412984521036173,0.8408305333122887
0.0,1.0,0.0,0.0,1084.8,962.5585714285711,39.0,198.0,32.166666666666664,66.0,46.0,24.15,-0.5267547528105542,0.8500173118187018
0.0,1.0,0.0,0.0,1067.98,1000.9942857142853,42.0,147.0,32.5,64.0,36.0,21.98,-0.5120551783114646,0.8589525565270845
0.0,1.0,0.0,0.0,830.13,906.6514285714283,10.0,189.0,31.933333333333334,26.0,52.0,18.77,-0.4972040784469378,0.8676336233547726
0.0,1.0,0.0,0.0,1628.04,1046.7642857142855,52.0,179.0,32.63333333333333,48.0,42.0,16.1,-0.4822058478963526,0.8760579434344281
0.0,1.0,0.0,0.0,483.12,983.7914285714285,11.0,183.0,31.633333333333333,63.0,48.0,23.03,-0.46706492487743034,0.8842230238742036
0.0,1.0,0.0,0.0,4721.68,1506.8342857142854,5.0,213.0,28.233333333333334,65.0,49.0,22.06,-0.4363729641045924,0.8997658785476209
0.0,1.0,0.0,0.0,4619.78,2062.218571428571,43.0,161.0,29.533333333333335,63.0,47.0,16.73,-0.4051645224207563,0.9142437912130223
0.0,1.0,0.0,0.0,3675.18,2432.272857142857,21.0,162.0,30.233333333333334,27.0,46.0,15.89,-0.3893781415452015,0.9210779895789526
0.0,1.0,0.0,0.0,2628.43,2655.194285714286,51.0,173.0,31.633333333333333,85.0,43.0,18.94,-0.37347653741307074,0.9276396261490467
0.0,1.0,0.0,0.0,1910.35,2809.5114285714285,71.0,172.0,31.6,80.0,45.0,7.67,-0.3574644155648614,0.9339267592294762
0.0,1.0,0.0,0.0,709.03,2678.224285714285,7.0,232.0,30.5,69.0,41.0,21.2,-0.34134651424503615,0.9399375283564133
0.0,1.0,0.0,0.0,907.06,2738.7871428571425,1.0,211.0,29.566666666666666,56.0,44.0,20.93,-0.3251276029999093,0.9456701548465688
0.0,1.0,0.0,0.0,1207.38,2236.7442857142855,11.0,207.0,29.166666666666668,62.0,46.0,22.19,-0.30881248126625377,0.9511229423235357
0.0,1.0,0.0,0.0,1253.04,1755.7814285714283,22.0,205.0,26.366666666666667,60.0,45.0,11.42,-0.29240597695107734,0.9562942772197719
0.0,1.0,0.0,0.0,438.4,1293.3842857142856,37.0,167.0,27.533333333333335,63.0,45.0,16.52,-0.2593382659754056,0.9657865518844574
0.0,1.0,0.0,0.0,687.06,1016.045714285714,42.0,82.0,28.9,69.0,51.0,12.87,-0.22596360824801906,0.974135744004672
0.0,1.0,0.0,0.0,626.04,832.5728571428568,13.0,117.0,27.966666666666665,56.0,47.0,18.18,-0.20917350564635637,0.9778785428342386
0.0,1.0,0.0,0.0,671.88,827.265714285714,35.0,145.0,29.133333333333333,53.0,42.0,17.02,-0.17541259380427843,0.9844950085880858
0.0,1.0,0.0,0.0,563.75,778.2214285714283,0.0,188.0,28.333333333333332,62.0,48.0,24.26,-0.14144406768794202,0.9899462489023779
0.0,1.0,0.0,0.0,1440.72,811.5557142857141,7.0,151.0,25.466666666666665,51.0,42.0,21.18,-0.12439450483979998,0.9922328391893008
0.0,1.0,0.0,0.0,1360.6,826.9214285714282,10.0,158.0,23.6,63.0,50.0,18.27,-0.10730813165636247,0.9942258118156161
0.0,1.0,0.0,0.0,805.7,879.3928571428569,0.0,126.0,23.533333333333335,59.0,45.0,18.58,-0.09019000427034513,0.9959245770286599
0.0,1.0,0.0,0.0,717.88,883.795714285714,46.0,113.0,24.966666666666665,49.0,42.0,15.61,-0.07304518821104743,0.9973286321364752
0.0,1.0,0.0,0.0,481.95,863.2114285714284,24.0,132.0,25.7,66.0,46.0,13.86,-0.05587875690537313,0.9984375616565666
0.0,1.0,0.0,0.0,613.05,854.8071428571426,4.0,103.0,24.466666666666665,55.0,45.0,21.33,-0.021501372740813793,0.999768818762748
0.0,1.0,0.0,0.0,3747.32,1309.6028571428567,0.0,107.0,21.466666666666665,65.0,49.0,23.75,-0.004300592702981974,0.9999907524084426
0.0,1.0,0.0,0.0,1065.36,1255.9799999999998,11.0,90.0,21.833333333333332,69.0,39.0,18.17,0.03439806061360801,0.9994082116062598
0.0,1.0,0.0,0.0,771.21,1171.7814285714285,0.0,101.0,21.733333333333334,53.0,43.0,16.72,0.051584366869408364,0.9986686402879997
0.0,1.0,0.0,0.0,580.33,1139.585714285714,0.0,55.0,21.533333333333335,67.0,47.0,20.39,0.06875540848113941,0.9976335468520451
0.0,1.0,0.0,0.0,915.22,1167.7771428571427,0.0,31.0,20.5,23.0,52.0,22.65,0.08590610426133272,0.9963032375991965
0.0,1.0,0.0,0.0,369.91,1151.7714285714283,0.0,15.0,19.2,72.0,52.0,20.08,0.10303137904317879,0.9946781061893646
0.0,1.0,0.0,0.0,1019.43,1209.8257142857142,4.0,11.0,17.933333333333334,75.0,45.0,19.63,0.1201261651823505,0.9927586335250793
0.0,1.0,0.0,0.0,2952.24,1096.2428571428568,0.0,15.0,17.6,80.0,47.0,13.61,0.13718540405660057,0.9905453876091833
0.0,1.0,0.0,0.0,735.08,1049.0599999999997,0.0,15.0,15.866666666666667,71.0,50.0,16.77,0.1542040475626894,0.988039023376751
0.0,1.0,0.0,0.0,839.66,1058.8385714285712,0.0,10.0,15.5,33.0,49.0,18.45,0.20496611396949532,0.9787690698649216
0.0,1.0,0.0,0.0,417.17,1035.5299999999997,0.0,43.0,15.333333333333334,66.0,46.0,17.38,0.23851257519407648,0.9711394088771653
0.0,1.0,0.0,0.0,757.02,1012.9299999999997,5.0,39.0,14.066666666666666,55.0,50.0,23.84,0.2551824131233728,0.9668929289391521
0.0,1.0,0.0,0.0,930.81,1093.0585714285712,8.0,44.0,13.633333333333333,70.0,44.0,18.57,0.2717767384711357,0.9623603298276545
0.0,1.0,0.0,0.0,838.5,1067.2114285714283,73.0,58.0,14.366666666666667,68.0,44.0,7.06,0.3373010691361842,0.9413968285264122
0.0,1.0,0.0,0.0,316.8,690.7199999999997,0.0,113.0,12.0,66.0,55.0,18.45,0.3694836834473831,0.9292372181882051
0.0,1.0,0.0,0.0,2622.23,960.312857142857,4.0,108.0,11.9,62.0,51.0,20.42,0.38541335945432564,0.9227440286201427
0.0,1.0,0.0,0.0,2748.53,1233.008571428571,0.0,104.0,11.866666666666667,61.0,53.0,18.43,0.4012289854475009,0.9159777842484877
0.0,1.0,0.0,0.0,814.9,1289.8271428571427,0.0,92.0,11.5,64.0,45.0,18.59,0.44794493940789115,0.8940611451454876
0.0,1.0,0.0,0.0,791.35,1294.7314285714285,0.0,4.0,10.766666666666667,57.0,54.0,16.05,0.4784338202547012,0.8781236129591848
0.0,1.0,0.0,0.0,4524.8,1808.1585714285713,13.0,4.0,9.966666666666667,51.0,44.0,19.84,0.49346814167723735,0.8697638720650646
0.0,1.0,0.0,0.0,632.5,1778.7299999999998,0.0,13.0,8.566666666666666,61.0,49.0,12.69,0.5230943033491326,0.8522748088519838
0.0,1.0,0.0,0.0,534.06,1809.7671428571425,0.0,13.0,8.133333333333333,64.0,48.0,15.23,0.5521013427459208,0.8337770129585915
0.0,1.0,0.0,0.0,667.88,1530.5742857142855,11.0,13.0,7.333333333333333,68.0,35.0,13.59,0.580454927809098,0.8142923779467267
0.0,1.0,0.0,0.0,1280.54,1320.8614285714284,0.0,24.0,7.333333333333333,64.0,52.0,16.69,0.5943761565849831,0.804187157621448
0.0,1.0,0.0,0.0,758.28,1312.7728571428568,0.0,11.0,7.1,63.0,44.0,13.46,0.6081214998935418,0.7938439653781019
0.0,1.0,0.0,0.0,555.44,1279.0714285714282,0.0,13.0,6.766666666666667,75.0,45.0,13.37,0.6612634749656386,0.7501537286959042
0.0,1.0,0.0,0.0,656.97,726.5242857142855,0.0,13.0,6.766666666666667,43.0,47.0,13.4,0.6740694616546161,0.7386679638813748
0.0,1.0,0.0,0.0,394.56,692.532857142857,0.0,2.0,5.233333333333333,61.0,46.0,14.15,0.6990793005655562,0.7150441465537444
0.0,1.0,0.0,0.0,578.21,698.8399999999996,0.0,9.0,4.433333333333334,35.0,47.0,13.8,0.7232617254437388,0.6905740195722293
0.0,1.0,0.0,0.0,326.03,650.0042857142855,3.0,7.0,4.4,69.0,43.0,17.41,0.7350336741329413,0.6780306024735382
0.0,1.0,0.0,0.0,774.64,577.7328571428569,28.0,10.0,5.333333333333333,66.0,42.0,9.18,0.746588114532413,0.6652865452111116
0.0,1.0,0.0,0.0,1062.87,621.245714285714,0.0,38.0,4.966666666666667,73.0,46.0,15.12,0.7579216274973472,0.6523456189565257
0.0,1.0,0.0,0.0,745.2,648.3542857142854,15.0,38.0,5.466666666666667,92.0,46.0,14.7,0.7799125224167177,0.6258885343075018
0.0,1.0,0.0,0.0,4327.08,1172.655714285714,3.0,53.0,5.566666666666666,58.0,43.0,20.12,0.7905633969115482,0.612380204990065
0.0,1.0,0.0,0.0,1072.38,1269.4871428571425,0.0,49.0,5.566666666666666,33.0,43.0,15.36,0.8009803309782905,0.5986906625177214
0.0,1.0,0.0,0.0,327.01,1233.6014285714284,0.0,49.0,5.566666666666666,64.0,45.0,16.12,0.8111602420785621,0.5848239578463322
0.0,1.0,0.0,0.0,4181.4400000000005,1784.3742857142856,0.0,46.0,5.433333333333334,50.0,46.0,17.48,0.8211001178128892,0.5707841943569036
0.0,1.0,0.0,0.0,581.21,1756.7414285714283,0.0,27.0,5.433333333333334,52.0,47.0,19.31,0.8402480696078469,0.5422021592729844
0.0,1.0,0.0,0.0,687.74,1703.1514285714286,0.0,27.0,5.433333333333334,65.0,49.0,20.58,0.8494504794814806,0.527668345562516
0.0,1.0,0.0,0.0,1608.6,1826.4942857142855,0.0,12.0,5.433333333333334,65.0,46.0,14.49,0.8584015232918917,0.512978386299228
0.0,1.0,0.0,0.0,626.43,1297.8299999999997,51.0,9.0,7.133333333333334,30.0,46.0,12.43,0.8670985522812081,0.4981366284784055
0.0,1.0,0.0,0.0,244.31,1179.5342857142855,4.0,60.0,7.1,64.0,44.0,25.12,0.8755389928586302,0.4831474640149687
0.0,1.0,0.0,0.0,4158.28,1726.8585714285712,4.0,64.0,6.966666666666667,64.0,50.0,21.34,0.8916401947968874,0.45274469960737107
0.0,1.0,0.0,0.0,956.2,1266.11,10.0,59.0,4.866666666666666,73.0,44.0,24.12,0.8992961915530253,0.4373400963303323
0.0,1.0,0.0,0.0,1153.46,1347.8599999999994,26.0,69.0,5.733333333333333,63.0,44.0,14.84,0.9066860720977985,0.4218060770826634
0.0,1.0,0.0,0.0,4571.43,1902.6728571428569,3.0,95.0,5.7,74.0,50.0,19.91,0.9138076496466615,0.4061472386305789
0.0,1.0,0.0,0.0,1038.47,1821.225714285714,52.0,98.0,7.433333333333334,23.0,42.0,15.22,0.9206588168102428,0.3903682146763026
0.0,1.0,0.0,0.0,225.75,1763.985714285714,0.0,99.0,7.433333333333334,65.0,45.0,21.03,0.9272375462179537,0.374473674486883
0.0,1.0,0.0,0.0,909.06,1858.95,0.0,95.0,7.433333333333334,49.0,45.0,23.98,0.9335418911179212,0.35846832151248087
0.0,1.0,0.0,0.0,757.88,1373.178571428571,16.0,95.0,7.533333333333333,77.0,47.0,21.38,0.9395699859530622,0.342356891994542
0.0,1.0,0.0,0.0,1094.59,1392.948571428571,0.0,107.0,7.533333333333333,100.0,49.0,22.38,0.945320046913132,0.3261441535642696
0.0,1.0,0.0,0.0,3656.6,1750.5399999999997,0.0,97.0,7.533333333333333,56.0,46.0,20.41,0.9507903724625832,0.3098349038318025
0.0,1.0,0.0,0.0,765.81,1206.8799999999997,0.0,68.0,7.166666666666667,21.0,46.0,22.9,0.9608854255574977,0.27694620226893646
0.0,1.0,0.0,0.0,322.27,1104.565714285714,0.0,16.0,7.166666666666667,59.0,45.0,17.71,0.9655071658143364,0.2603764827344581
0.0,1.0,0.0,0.0,1057.7,1223.415714285714,0.0,16.0,7.166666666666667,55.0,49.0,18.65,0.9738922359149924,0.22701082094141847
0.0,1.0,0.0,0.0,697.68,1193.2185714285713,10.0,0.0,7.5,75.0,40.0,22.6,0.9776530844816641,0.2102247521189836
0.0,1.0,0.0,0.0,1076.33,1238.7114285714283,0.0,10.0,7.5,66.0,47.0,20.3,0.981124629771712,0.19337647441020586
0.0,1.0,0.0,0.0,924.6,1214.4271428571426,0.0,0.0,7.5,0.0,0.0,0.0,0.984305844499033,0.17647097349152166
0.0,1.0,0.0,0.0,0.0,692.055714285714,0.0,0.0,7.5,0.0,0.0,0.0,0.9871957872910085,0.15951325197263655
0.0,1.0,0.0,0.0,0.0,582.6542857142855,0.0,0.0,7.4,0.0,0.0,0.0,0.9897936029670716,0.14250832791617088
0.0,1.0,0.0,0.0,0.0,536.615714285714,0.0,0.0,6.466666666666667,0.0,0.0,0.0,0.9941098647022418,0.10837701279187609
0.0,1.0,0.0,0.0,0.0,385.51571428571395,0.0,0.0,6.466666666666667,0.0,0.0,0.0,0.9958270335100595,0.09126072172931188
0.0,1.0,0.0,0.0,0.0,285.84714285714256,0.0,0.0,5.966666666666667,0.0,0.0,0.0,0.9972495210773451,0.07411742515094437
0.0,1.0,0.0,0.0,0.0,132.08571428571403,0.0,0.0,5.866666666666666,0.0,0.0,0.0,0.9992088560679753,0.03977011384605572
0.0,1.0,0.0,0.0,0.0,0.0,0.0,0.0,5.866666666666666,0.0,0.0,0.0,0.9999855506507186,0.005375731557583884
0.0,1.0,0.0,0.0,0.0,0.0,0.0,0.0,5.866666666666666,0.0,0.0,0.0,0.9989315138848577,-0.046215046983708354
0.0,1.0,0.0,0.0,0.0,0.0,0.0,0.0,5.866666666666666,0.0,0.0,0.0,0.9979887423155984,-0.06339140486951038
0.0,1.0,0.0,0.0,0.0,0.0,0.0,0.0,5.866666666666666,0.0,0.0,0.0,0.9933900548258936,-0.11478762552212701
0.0,1.0,0.0,0.0,0.0,0.0,0.0,0.0,5.866666666666666,0.0,0.0,0.0,0.9912685467787256,-0.13185851571739118
0.0,1.0,0.0,0.0,0.0,0.0,0.0,0.0,5.866666666666666,0.0,0.0,0.0,0.9888537064205885,-0.1488903868564548
0.0,1.0,0.0,0.0,0.0,0.0,0.0,0.0,4.166666666666667,0.0,0.0,0.0,0.9831469737221499,-0.1828169249850199
0.0,1.0,0.0,0.0,0.0,0.0,0.0,0.0,4.033333333333333,0.0,0.0,0.0,0.9798567700958665,-0.1997015525660636
0.0,1.0,0.0,0.0,0.0,0.0,0.0,0.0,3.9,0.0,0.0,0.0,0.9762766110869321,-0.21652708524481437
0.0,1.0,0.0,0.0,0.0,0.0,0.0,0.0,3.566666666666667,0.0,0.0,0.0,0.9724075561219968,-0.23328854407545518
0.0,1.0,0.0,0.0,0.0,0.0,0.0,0.0,2.7,0.0,0.0,0.0,0.9682507501166718,-0.2499809690726521
0.0,1.0,0.0,0.0,0.0,0.0,0.0,0.0,2.6,0.0,0.0,0.0,0.9638074231367307,-0.26659942067929354
0.0,1.0,0.0,0.0,0.0,0.0,0.0,0.0,0.8666666666666667,0.0,0.0,0.0,0.9590788900341131,-0.28313898122818354
0.0,1.0,0.0,0.0,0.0,0.0,0.0,0.0,0.8666666666666667,0.0,0.0,0.0,0.9312100364121947,-0.3644830148102912
0.0,1.0,0.0,0.0,0.0,0.0,0.0,0.0,0.8666666666666667,0.0,0.0,0.0,0.9181214482844364,-0.39629913726891813
0.0,1.0,0.0,0.0,0.0,0.0,0.0,0.0,0.3333333333333333,0.0,0.0,0.0,0.9111686353326631,-0.41203363695942635
0.0,1.0,0.0,0.0,0.0,0.0,0.0,0.0,0.3333333333333333,0.0,0.0,0.0,0.9039461929224011,-0.42764620926777464
0.0,1.0,0.0,0.0,0.0,0.0,0.0,0.0,0.3333333333333333,0.0,0.0,0.0,0.8964562582905575,-0.44313223418263453
0.0,1.0,0.0,0.0,0.0,0.0,0.0,0.0,0.3333333333333333,0.0,0.0,0.0,0.8806828564301475,-0.47370635037968
0.0,1.0,0.0,0.0,0.0,0.0,0.0,0.0,0.3333333333333333,0.0,0.0,0.0,0.8638670987837349,-0.503719798736334
0.0,1.0,0.0,0.0,0.0,0.0,0.0,0.0,0.3333333333333333,0.0,0.0,0.0,0.8550745085896932,-0.518505144391157
0.0,1.0,0.0,0.0,0.0,0.0,0.0,0.0,0.0,0.0,0.0,0.0,0.8460288880917339,-0.533137056031809
0.0,1.0,0.0,0.0,0.0,0.0,0.0,0.0,0.0,0.0,0.0,0.0,0.8367329140344921,-0.5476112038402312
0.0,1.0,0.0,0.0,0.0,0.0,0.0,0.0,0.0,0.0,0.0,0.0,0.8271893372462497,-0.5619233046832195
0.0,1.0,0.0,0.0,0.0,0.0,0.0,0.0,0.0,0.0,0.0,0.0,0.8174009818249189,-0.5760691233798758
0.0,1.0,0.0,0.0,0.0,0.0,0.0,0.0,0.0,0.0,0.0,0.0,0.8073707443023492,-0.5900444739548627
0.0,1.0,0.0,0.0,0.0,0.0,0.0,0.0,0.0,0.0,0.0,0.0,0.7971015927871943,-0.6038452208771035
0.0,1.0,0.0,0.0,0.0,0.0,0.0,0.0,0.0,0.0,0.0,0.0,0.7865965660866021,-0.6174672802835514
0.0,1.0,0.0,0.0,0.0,0.0,0.0,0.0,0.0,0.0,0.0,0.0,0.7648913904341225,-0.6441592666722685
0.0,1.0,0.0,0.0,0.0,0.0,0.0,0.0,0.0,0.0,0.0,0.0,0.742280907086982,-0.6700888411055113
0.0,1.0,0.0,0.0,0.0,0.0,0.0,0.0,0.0,0.0,0.0,0.0,0.7306444969184916,-0.6827580970759147
0.0,1.0,0.0,0.0,0.0,0.0,0.0,0.0,0.0,0.0,0.0,0.0,0.6300720909843687,-0.7765366444428655
0.0,1.0,0.0,0.0,0.0,0.0,0.0,0.0,0.0,0.0,0.0,0.0,0.6166212130956382,-0.7872599821916922
0.0,1.0,0.0,0.0,0.0,0.0,0.0,0.0,0.0,0.0,0.0,0.0,0.6029878670694714,-0.7977503570459932
0.0,1.0,0.0,0.0,0.0,0.0,0.0,0.0,0.0,0.0,0.0,0.0,0.5891760872322963,-0.8080046647350754
0.0,1.0,0.0,0.0,0.0,0.0,0.0,0.0,0.0,0.0,0.0,0.0,0.5751899607119775,-0.8180198708443174
0.0,1.0,0.0,0.0,0.0,0.0,0.0,0.0,0.0,0.0,0.0,0.0,0.5610336262283677,-0.8277930117131022
0.0,1.0,0.0,0.0,0.0,0.0,0.0,0.0,0.0,0.0,0.0,0.0,0.5467112728685939,-0.8373211953118121
0.0,1.0,0.0,0.0,0.0,0.0,0.0,0.0,0.0,0.0,0.0,0.0,0.5322271388474397,-0.8466016020976267
0.0,1.0,0.0,0.0,0.0,0.0,0.0,0.0,0.0,0.0,0.0,0.0,0.5175855102531889,-0.8556314858488706
0.0,1.0,0.0,0.0,0.0,0.0,0.0,0.0,0.0,0.0,0.0,0.0,0.4878471454423119,-0.8729290708206411
0.0,1.0,0.0,0.0,0.0,0.0,0.0,0.0,0.0,0.0,0.0,0.0,0.47275920928627757,-0.881191653407483
0.0,1.0,0.0,0.0,0.0,0.0,0.0,0.0,0.0,0.0,0.0,0.0,0.4575313760742512,-0.8891934772070711
0.0,1.0,0.0,0.0,0.0,0.0,0.0,0.0,0.0,0.0,0.0,0.0,0.42667408318992467,-0.9044054548343001
0.0,1.0,0.0,0.0,0.0,0.0,0.0,0.0,0.0,0.0,0.0,0.0,0.37945284372454435,-0.925211078289358
0.0,1.0,0.0,0.0,0.0,0.0,0.0,0.0,0.0,0.0,0.0,0.0,0.36348161248290634,-0.9316013725767187
0.0,1.0,0.0,0.0,0.0,0.0,0.0,0.0,0.0,0.0,0.0,0.0,0.3474028211842774,-0.9377159910299093
0.0,1.0,0.0,0.0,0.0,0.0,0.0,0.0,0.0,0.0,0.0,0.0,0.3312212278016865,-0.9435531242349544
0.0,1.0,0.0,0.0,0.0,0.0,0.0,0.0,0.0,0.0,0.0,0.0,0.2985688173637202,-0.9543881083175908
0.0,1.0,0.0,0.0,0.0,0.0,0.0,0.0,0.0,0.0,0.0,0.0,0.2821076626819194,-0.9593827529490743
0.0,1.0,0.0,0.0,0.0,0.0,0.0,0.0,0.0,0.0,0.0,0.0,0.26556302780405594,-0.9640935007889755
0.0,1.0,0.0,0.0,0.0,0.0,0.0,0.0,0.0,0.0,0.0,0.0,0.24893980855376657,-0.9685189578512204
0.0,1.0,0.0,0.0,0.0,0.0,0.0,0.0,0.0,0.0,0.0,0.0,0.23224292400907015,-0.9726578145718654
0.0,1.0,0.0,0.0,0.0,0.0,0.0,0.0,0.0,0.0,0.0,0.0,0.19864794288017112,-0.9800709131432666
0.0,1.0,0.0,0.0,0.0,0.0,0.0,0.0,0.0,0.0,0.0,0.0,0.16481784665719793,-0.9863240225317866
0.0,1.0,0.0,0.0,0.0,0.0,0.0,0.0,0.0,0.0,0.0,0.0,0.14782713347053048,-0.9890132145779883
0.0,1.0,0.0,0.0,0.0,0.0,0.0,0.0,0.0,0.0,0.0,0.0,0.11371951458594969,-0.9935128947338007
0.0,1.0,0.0,0.0,0.0,0.0,0.0,0.0,0.0,0.0,0.0,0.0,0.04514101777397193,-0.9989806246941579
0.0,1.0,0.0,0.0,0.0,0.0,0.0,0.0,0.0,0.0,0.0,0.0,0.02795029824021032,-0.999609314096404
0.0,1.0,0.0,0.0,0.0,0.0,0.0,0.0,0.0,0.0,0.0,0.0,0.01075130776352193,-0.9999422030204416
0.0,1.0,0.0,0.0,0.0,0.0,9.0,0.0,0.3,12.0,47.0,4.17,-0.00645086419810515,-0.9999791929590823
0.0,1.0,0.0,0.0,33.75,4.821428571428312,11.0,9.0,0.6666666666666666,14.0,44.0,5.21,-0.023651127245231586,-0.9997202729664083
0.0,1.0,0.0,0.0,47.45,11.59999999999974,14.0,20.0,1.1333333333333333,9.0,49.0,5.67,-0.04084439154329611,-0.9991655196610109
0.0,1.0,0.0,0.0,35.19,16.627142857142598,0.0,34.0,1.1333333333333333,12.0,47.0,5.0,-0.05802556932878035,-0.9983150972033183
0.0,1.0,0.0,0.0,40.2,22.36999999999974,1.0,34.0,1.1666666666666667,4.0,44.0,12.5,-0.07518957641475855,-0.9971692572470178
0.0,1.0,0.0,0.0,32.5,27.012857142856884,0.0,53.0,1.1666666666666667,14.0,50.0,7.43,-0.10944576864891556,-0.993992768446958
0.0,1.0,0.0,0.0,71.76,37.26428571428546,6.0,53.0,1.3666666666666667,15.0,51.0,6.8,-0.12652781683868314,-0.9919630595773397
0.0,1.0,0.0,0.0,69.87,47.24571428571403,39.0,54.0,2.6666666666666665,20.0,44.0,7.2,-0.2112757555821793,-0.9774264960104055
0.0,1.0,0.0,0.0,93.6,55.79571428571403,0.0,119.0,2.6666666666666665,20.0,42.0,9.05,-0.2614143985111562,-0.965226663665613
0.0,1.0,0.0,0.0,117.65,65.82428571428547,17.0,99.0,3.2333333333333334,20.0,48.0,10.0,-0.2779791393987801,-0.9605871111248129
0.0,1.0,0.0,0.0,132.0,79.65428571428546,15.0,116.0,3.7333333333333334,28.0,49.0,10.68,-0.2944616217868012,-0.9556633054034704
0.0,1.0,0.0,0.0,206.31,103.38428571428547,0.0,110.0,3.7333333333333334,22.0,48.0,8.36,-0.34336687399638804,-0.939201357453208
0.0,1.0,0.0,0.0,126.04,116.7471428571426,44.0,71.0,5.2,22.0,46.0,7.5,-0.3594718130884232,-0.9331559438780432
0.0,1.0,0.0,0.0,110.55,122.28857142857116,63.0,104.0,7.3,27.0,44.0,3.04,-0.3754703786876202,-0.9268343944460494
0.0,1.0,0.0,0.0,53.3,119.92142857142832,0.0,167.0,7.3,25.0,49.0,12.76,-0.3913578365610259,-0.9202385798054075
0.0,1.0,0.0,0.0,220.11,137.99428571428547,35.0,179.0,8.466666666666667,30.0,45.0,6.5,-0.4383067230125192,-0.898825465016444
0.0,1.0,0.0,0.0,126.75,139.29428571428545,34.0,194.0,9.6,31.0,44.0,6.71,-0.45370308603134424,-0.8911529104063088
0.0,1.0,0.0,0.0,135.2,139.7514285714283,10.0,132.0,9.933333333333334,22.0,46.0,12.86,-0.4990686026885319,-0.8665624788845385
0.0,1.0,0.0,0.0,188.2,137.16428571428546,0.0,142.0,9.933333333333334,31.0,43.0,10.74,-0.5139010013093103,-0.8578494977869301
0.0,1.0,0.0,0.0,221.45,150.79428571428545,29.0,126.0,10.9,10.0,44.0,7.9,-0.5285813283559292,-0.8488826652214553
0.0,1.0,0.0,0.0,51.35,142.3371428571426,7.0,119.0,11.133333333333333,30.0,44.0,11.33,-0.5431052396834317,-0.8396646346181327
0.0,1.0,0.0,0.0,222.7,166.53714285714258,16.0,62.0,11.666666666666666,31.0,36.0,11.0,-0.5716666713027052,-0.8204859638785327
0.0,1.0,0.0,0.0,202.89,164.0771428571426,0.0,76.0,11.666666666666666,36.0,44.0,10.47,-0.5856957398073508,-0.8105309990194823
0.0,1.0,0.0,0.0,243.17,180.70857142857116,45.0,67.0,13.166666666666666,36.0,46.0,9.44,-0.5995514915196489,-0.8003361849976323
0.0,1.0,0.0,0.0,227.8,193.9371428571426,19.0,102.0,13.8,33.0,39.0,14.18,-0.6132298262997502,-0.7899045386224707
0.0,1.0,0.0,0.0,292.5,208.8371428571426,3.0,92.0,13.9,36.0,50.0,11.08,-0.6400381082043503,-0.7683431655492202
0.0,1.0,0.0,0.0,281.3,217.38714285714258,0.0,97.0,13.9,34.0,43.0,14.47,-0.6913512362094071,-0.722518835873311
0.0,1.0,0.0,0.0,322.26,256.08857142857113,0.0,52.0,13.9,42.0,40.0,13.81,-0.7036774074790128,-0.7105196029692745
0.0,1.0,0.0,0.0,371.2,277.30285714285685,8.0,33.0,14.166666666666666,35.0,41.0,12.8,-0.7277014757264236,-0.6858939875998223
0.0,1.0,0.0,0.0,280.0,288.31857142857115,54.0,38.0,15.966666666666667,35.0,48.0,12.66,-0.7393922635959241,-0.673274892250183
0.0,1.0,0.0,0.0,294.6,295.665714285714,27.0,77.0,16.566666666666666,44.0,44.0,10.98,-0.7839338166829201,-0.620844401650647
0.0,1.0,0.0,0.0,309.12,307.28285714285687,0.0,104.0,16.2,16.0,50.0,15.56,-0.7944973291665992,-0.6072676460566135
0.0,1.0,0.0,0.0,173.06,290.21999999999974,0.0,104.0,15.733333333333333,44.0,51.0,16.43,-0.8048257371083452,-0.593511190196115
0.0,1.0,0.0,0.0,506.1,322.3342857142855,0.0,96.0,15.733333333333333,48.0,52.0,17.75,-0.8149159841660791,-0.5795791048257612
0.0,1.0,0.0,0.0,600.66,362.105714285714,11.0,42.0,16.066666666666666,51.0,44.0,16.94,-0.8247650844733614,-0.5654755126737576
0.0,1.0,0.0,0.0,561.6,389.3057142857141,17.0,55.0,16.633333333333333,42.0,44.0,17.14,-0.8437282590292712,-0.5367705514607103
0.0,1.0,0.0,0.0,464.4,415.6485714285712,1.0,62.0,16.466666666666665,42.0,46.0,22.45,-0.886721063082993,-0.46230483047981086
0.0,1.0,0.0,0.0,631.81,463.8214285714283,14.0,52.0,15.633333333333333,36.0,37.0,18.08,-0.8945422369764496,-0.4469834295196741
0.0,1.0,0.0,0.0,384.09,474.5314285714283,6.0,49.0,15.833333333333334,55.0,46.0,20.11,-0.9020987014301837,-0.43152975897147144
0.0,1.0,0.0,0.0,746.55,556.4585714285712,11.0,38.0,15.633333333333333,50.0,47.0,20.64,-0.9093882203647925,-0.4159483918249421
0.0,1.0,0.0,0.0,691.44,582.9357142857141,28.0,49.0,16.066666666666666,15.0,44.0,14.27,-0.9164086366943458,-0.4002439388573056
0.0,1.0,0.0,0.0,1391.1,695.855714285714,16.0,88.0,16.6,63.0,42.0,19.98,-0.9358348973349941,-0.35243871088460327
0.0,1.0,0.0,0.0,786.88,728.0385714285711,40.0,103.0,16.466666666666665,56.0,45.0,21.66,-0.9417589340994617,-0.33628873017668287
0.0,1.0,0.0,0.0,1460.65,870.3599999999998,26.0,129.0,15.233333333333333,49.0,45.0,19.61,-0.9474042892438845,-0.32003923622313857
0.0,1.0,0.0,0.0,624.65,869.3371428571426,0.0,149.0,15.233333333333333,48.0,44.0,22.79,-0.9527692922168511,-0.30369503751065885
0.0,1.0,0.0,0.0,1223.04,989.1871428571425,40.0,111.0,15.4,51.0,44.0,17.37,-0.9626519747161487,-0.2707418984477642
0.0,1.0,0.0,0.0,580.33,965.4414285714283,35.0,128.0,15.433333333333334,72.0,40.0,12.83,-0.9671667297977312,-0.2541427094613622
0.0,1.0,0.0,0.0,577.5,949.1642857142854,40.0,158.0,16.433333333333334,73.0,44.0,22.37,-0.97139528468375,-0.23746831555846842
0.0,1.0,0.0,0.0,1053.29,900.905714285714,0.0,163.0,16.433333333333334,49.0,41.0,21.06,-0.9823516608469237,-0.18704334906991657
0.0,1.0,0.0,0.0,660.48,882.8485714285713,114.0,163.0,19.266666666666666,22.0,45.0,8.77,-0.9854237542919524,-0.17011767832049052
0.0,1.0,0.0,0.0,125.45,692.1057142857142,1.0,276.0,19.066666666666666,53.0,50.0,20.25,-0.9882042449941422,-0.15314166701312007
0.0,1.0,0.0,0.0,745.74,709.4042857142855,0.0,237.0,18.533333333333335,57.0,45.0,26.42,-0.9906923101615609,-0.13612033862266704
0.0,1.0,0.0,0.0,1001.49,677.7542857142854,21.0,118.0,19.233333333333334,67.0,47.0,22.07,-0.999832969770105,0.018276557681691223
0.0,1.0,0.0,0.0,990.93,736.4114285714284,39.0,137.0,19.033333333333335,69.0,43.0,24.39,-0.9993706508539969,0.03547255575312556
0.0,1.0,0.0,0.0,1085.54,808.9885714285712,97.0,157.0,21.633333333333333,69.0,42.0,10.36,-0.9986126020839734,0.052658056924614005
0.0,1.0,0.0,0.0,454.03,723.3799999999998,0.0,0.0,21.533333333333335,0.0,0.0,0.0,-0.9975590477788613,0.06982797572987089
0.0,1.0,0.0,0.0,0.0,629.0257142857141,0.0,0.0,21.533333333333335,0.0,0.0,0.0,-0.9962102997023297,0.0869772313136861
0.0,1.0,0.0,0.0,0.0,611.1042857142854,0.0,0.0,21.533333333333335,0.0,0.0,0.0,-0.9926289059345095,0.121193461470736
0.0,1.0,0.0,0.0,0.0,504.5699999999997,0.0,0.0,21.266666666666666,0.0,0.0,0.0,-0.9878726596350429,0.15526624985999563
0.0,1.0,0.0,0.0,0.0,361.4999999999997,0.0,0.0,19.466666666666665,0.0,0.0,0.0,-0.9850556718215013,0.172236243027682
0.0,1.0,0.0,0.0,0.0,219.93857142857115,0.0,0.0,18.566666666666666,0.0,0.0,0.0,-0.9748595108374125,0.22282040779479959
0.0,1.0,0.0,0.0,0.0,64.8614285714283,0.0,0.0,18.566666666666666,0.0,0.0,0.0,-0.9708824104813836,0.23955655912092708
0.0,1.0,0.0,0.0,0.0,0.0,0.0,0.0,18.566666666666666,0.0,0.0,0.0,-0.9666180104000972,0.2562218218071163
0.0,1.0,0.0,0.0,0.0,0.0,0.0,0.0,18.566666666666666,0.0,0.0,0.0,-0.957232443323312,0.28931997761869527
0.0,1.0,0.0,0.0,0.0,0.0,0.0,0.0,18.2,0.0,0.0,0.0,-0.9521140536681102,0.3057430764672831
0.0,1.0,0.0,0.0,0.0,0.0,0.0,0.0,17.633333333333333,0.0,0.0,0.0,-0.9410336347451197,0.3383130181923076
0.0,1.0,0.0,0.0,0.0,0.0,0.0,0.0,17.6,0.0,0.0,0.0,-0.9350748843515574,0.3544502230989869
0.0,1.0,0.0,0.0,0.0,0.0,0.0,0.0,17.133333333333333,0.0,0.0,0.0,-0.9288394302558068,0.3704825404820963
0.0,1.0,0.0,0.0,0.0,0.0,0.0,0.0,16.933333333333334,0.0,0.0,0.0,-0.9223291176290545,0.3864052261209853
0.0,1.0,0.0,0.0,0.0,0.0,0.0,0.0,16.566666666666666,0.0,0.0,0.0,-0.9155458729775467,0.40221356823680365
0.0,1.0,0.0,0.0,0.0,0.0,0.0,0.0,15.633333333333333,0.0,0.0,0.0,-0.8935790198239952,0.4489059314938798
0.0,1.0,0.0,0.0,0.0,0.0,0.0,0.0,15.1,0.0,0.0,0.0,-0.8776087166898392,0.4793776594606945
0.0,1.0,0.0,0.0,0.0,0.0,0.0,0.0,13.766666666666667,0.0,0.0,0.0,-0.8692328164574792,0.49440298420761813
0.0,1.0,0.0,0.0,0.0,0.0,0.0,0.0,12.9,0.0,0.0,0.0,-0.8605996962501181,0.5092820071573356
0.0,1.0,0.0,0.0,0.0,0.0,0.0,0.0,12.9,0.0,0.0,0.0,-0.8517119107469189,0.5240103253675756
0.0,1.0,0.0,0.0,0.0,0.0,0.0,0.0,11.566666666666666,0.0,0.0,0.0,-0.8235472349556007,0.5672476988027229
0.0,1.0,0.0,0.0,0.0,0.0,0.0,0.0,10.4,0.0,0.0,0.0,-0.8136678304455991,0.5813300798152042
0.0,1.0,0.0,0.0,0.0,0.0,0.0,0.0,9.066666666666666,0.0,0.0,0.0,-0.8035476485339116,0.5952404359043674
0.0,1.0,0.0,0.0,0.0,0.0,0.0,0.0,9.066666666666666,0.0,0.0,0.0,-0.7931896839451843,0.6089746507720486
0.0,1.0,0.0,0.0,0.0,0.0,0.0,0.0,5.266666666666667,0.0,0.0,0.0,-0.7717727365467836,0.6358984534680745
0.0,1.0,0.0,0.0,0.0,0.0,0.0,0.0,5.233333333333333,0.0,0.0,0.0,-0.7607200913564104,0.6490800741100398
0.0,1.0,0.0,0.0,0.0,0.0,0.0,0.0,5.233333333333333,0.0,0.0,0.0,-0.7494423368521954,0.6620696215153815
0.0,1.0,0.0,0.0,0.0,0.0,0.0,0.0,4.533333333333333,0.0,0.0,0.0,-0.7379428103031386,0.6748632518680403
0.0,1.0,0.0,0.0,0.0,0.0,0.0,0.0,3.2333333333333334,0.0,0.0,0.0,-0.7262249146041543,0.6874571793269664
0.0,1.0,0.0,0.0,0.0,0.0,0.0,0.0,0.0,0.0,0.0,0.0,-0.7142921172691032,0.699847677146407
0.0,1.0,0.0,0.0,0.0,0.0,0.0,0.0,0.0,0.0,0.0,0.0,-0.7021479494046978,0.7120310787787131
0.0,1.0,0.0,0.0,0.0,0.0,0.0,0.0,0.0,0.0,0.0,0.0,-0.6897960046655887,0.7240037789593305
0.0,1.0,0.0,0.0,0.0,0.0,0.0,0.0,0.0,0.0,0.0,0.0,-0.6772399381909491,0.7357622347736527
0.0,1.0,0.0,0.0,0.0,0.0,0.0,0.0,0.0,0.0,0.0,0.0,-0.6644834655228552,0.7473029667054296
0.0,1.0,0.0,0.0,0.0,0.0,0.0,0.0,0.0,0.0,0.0,0.0,-0.6515303615068021,0.75862255966641
0.0,1.0,0.0,0.0,0.0,0.0,0.0,0.0,0.0,0.0,0.0,0.0,-0.6383844591746642,0.7697176640069211
0.0,1.0,0.0,0.0,0.0,0.0,0.0,0.0,0.0,0.0,0.0,0.0,-0.5978291414589552,0.801623551065242
0.0,1.0,0.0,0.0,0.0,0.0,0.0,0.0,0.0,0.0,0.0,0.0,-0.5839514998576998,0.8117885474764613
0.0,1.0,0.0,0.0,0.0,0.0,0.0,0.0,0.0,0.0,0.0,0.0,-0.5699010576127624,0.8217133225960589
0.0,1.0,0.0,0.0,0.0,0.0,0.0,0.0,0.0,0.0,0.0,0.0,-0.5556819724760489,0.8313949395234058
0.0,1.0,0.0,0.0,0.0,0.0,0.0,0.0,0.0,0.0,0.0,0.0,-0.5120551783114646,0.8589525565270845
0.0,1.0,0.0,0.0,0.0,0.0,0.0,0.0,0.0,0.0,0.0,0.0,-0.4822058478963526,0.8760579434344281
0.0,1.0,0.0,0.0,0.0,0.0,0.0,0.0,0.0,0.0,0.0,0.0,-0.46706492487743034,0.8842230238742036
0.0,1.0,0.0,0.0,0.0,0.0,0.0,0.0,0.0,0.0,0.0,0.0,-0.4363729641045924,0.8997658785476209
0.0,1.0,0.0,0.0,0.0,0.0,0.0,0.0,0.0,0.0,0.0,0.0,-0.42083100859565564,0.9071390534005044
0.0,1.0,0.0,0.0,0.0,0.0,0.0,0.0,0.0,0.0,0.0,0.0,-0.4051645224207563,0.9142437912130223
0.0,1.0,0.0,0.0,0.0,0.0,0.0,0.0,0.0,0.0,0.0,0.0,-0.37347653741307074,0.9276396261490467
0.0,1.0,0.0,0.0,0.0,0.0,0.0,0.0,0.0,0.0,0.0,0.0,-0.3574644155648614,0.9339267592294762
0.0,1.0,0.0,0.0,0.0,0.0,0.0,0.0,0.0,0.0,0.0,0.0,-0.34134651424503615,0.9399375283564133
0.0,1.0,0.0,0.0,0.0,0.0,0.0,0.0,0.0,0.0,0.0,0.0,-0.3251276029999093,0.9456701548465688
0.0,1.0,0.0,0.0,0.0,0.0,0.0,0.0,0.0,0.0,0.0,0.0,-0.30881248126625377,0.9511229423235357
0.0,1.0,0.0,0.0,0.0,0.0,0.0,0.0,0.0,0.0,0.0,0.0,-0.29240597695107734,0.9562942772197719
0.0,1.0,0.0,0.0,0.0,0.0,0.0,0.0,0.0,0.0,0.0,0.0,-0.27591294500296043,0.9611826292540837
0.0,1.0,0.0,0.0,0.0,0.0,0.0,0.0,0.0,0.0,0.0,0.0,-0.2593382659754056,0.9657865518844574
0.0,1.0,0.0,0.0,0.0,0.0,0.0,0.0,0.0,0.0,0.0,0.0,-0.22596360824801906,0.974135744004672
0.0,1.0,0.0,0.0,0.0,0.0,0.0,0.0,0.0,0.0,0.0,0.0,-0.20917350564635637,0.9778785428342386
0.0,1.0,0.0,0.0,0.0,0.0,0.0,0.0,0.0,0.0,0.0,0.0,-0.19232150523909483,0.9813319716704275
0.0,1.0,0.0,0.0,0.0,0.0,0.0,0.0,0.0,0.0,0.0,0.0,-0.15845177496083632,0.9873667175937016
0.0,1.0,0.0,0.0,0.0,0.0,0.0,0.0,0.0,0.0,0.0,0.0,-0.14144406768794202,0.9899462489023779
0.0,1.0,0.0,0.0,0.0,0.0,0.0,0.0,0.0,0.0,0.0,0.0,-0.12439450483979998,0.9922328391893008
0.0,1.0,0.0,0.0,0.0,0.0,0.0,0.0,0.0,0.0,0.0,0.0,-0.10730813165636247,0.9942258118156161
0.0,1.0,0.0,0.0,0.0,0.0,0.0,0.0,0.0,0.0,0.0,0.0,-0.09019000427034513,0.9959245770286599
0.0,1.0,0.0,0.0,0.0,0.0,0.0,0.0,0.0,0.0,0.0,0.0,-0.07304518821104743,0.9973286321364752
0.0,1.0,0.0,0.0,0.0,0.0,0.0,0.0,0.0,0.0,0.0,0.0,-0.03869579017652689,0.9992510374388481
0.0,1.0,0.0,0.0,0.0,0.0,0.0,0.0,0.0,0.0,0.0,0.0,-0.004300592702981974,0.9999907524084426
0.0,1.0,0.0,0.0,0.0,0.0,0.0,0.0,0.0,0.0,0.0,0.0,0.012901459949419653,0.9999167727021953
0.0,1.0,0.0,0.0,0.0,0.0,0.0,0.0,0.0,0.0,0.0,0.0,0.017201575418260506,0.9998520419557735
0.0,1.0,0.0,0.0,0.0,0.0,0.0,0.0,0.0,0.0,0.0,0.0,0.03439806061360801,0.9994082116062598
0.0,1.0,0.0,0.0,0.0,0.0,0.0,0.0,0.0,0.0,0.0,0.0,0.051584366869408364,0.9986686402879997
0.0,1.0,0.0,0.0,0.0,0.0,0.0,0.0,0.0,0.0,0.0,0.0,0.06875540848113941,0.9976335468520451
0.0,1.0,0.0,0.0,0.0,0.0,0.0,0.0,0.0,0.0,0.0,0.0,0.10303137904317879,0.9946781061893646
0.0,1.0,0.0,0.0,0.0,0.0,0.0,0.0,0.0,0.0,0.0,0.0,0.1201261651823505,0.9927586335250793
0.0,1.0,0.0,0.0,0.0,0.0,0.0,0.0,0.0,0.0,0.0,0.0,0.1542040475626894,0.988039023376751
0.0,1.0,0.0,0.0,0.0,0.0,0.0,0.0,0.0,0.0,0.0,0.0,0.17117705961019986,0.985240282501282
0.0,1.0,0.0,0.0,0.0,0.0,0.0,0.0,0.0,0.0,0.0,0.0,0.18809941761179758,0.9821499931752291
0.0,1.0,0.0,0.0,0.0,0.0,0.0,0.0,0.0,0.0,0.0,0.0,0.20496611396949532,0.9787690698649216
0.0,1.0,0.0,0.0,0.0,0.0,0.0,0.0,0.0,0.0,0.0,0.0,0.22177215755648186,0.975098513039961
0.0,1.0,0.0,0.0,0.0,0.0,0.0,0.0,0.0,0.0,0.0,0.0,0.2551824131233728,0.9668929289391521
0.0,1.0,0.0,0.0,0.0,0.0,0.0,0.0,0.0,0.0,0.0,0.0,0.2717767384711357,0.9623603298276545
0.0,1.0,0.0,0.0,0.0,0.0,0.0,0.0,0.0,0.0,0.0,0.0,0.3047192331091634,0.9524422234305676
0.0,1.0,0.0,0.0,0.0,0.0,0.0,0.0,0.0,0.0,0.0,0.0,0.3534446712740877,0.9354554315134164
0.0,1.0,0.0,0.0,0.0,0.0,0.0,0.0,0.0,0.0,0.0,0.0,0.3694836834473831,0.9292372181882051
0.0,1.0,0.0,0.0,0.0,0.0,0.0,0.0,0.0,0.0,0.0,0.0,0.38541335945432564,0.9227440286201427
0.0,1.0,0.0,0.0,0.0,0.0,0.0,0.0,0.0,0.0,0.0,0.0,0.4012289854475009,0.9159777842484877
0.0,1.0,0.0,0.0,0.0,0.0,0.0,0.0,0.0,0.0,0.0,0.0,0.44794493940789115,0.8940611451454876
0.0,1.0,0.0,0.0,0.0,0.0,0.0,0.0,0.0,0.0,0.0,0.0,0.4632579225674917,0.88622350294858
0.0,1.0,0.0,0.0,0.0,0.0,0.0,0.0,0.0,0.0,0.0,0.0,0.4784338202547012,0.8781236129591848
0.0,1.0,0.0,0.0,0.0,0.0,0.0,0.0,0.0,0.0,0.0,0.0,0.49346814167723735,0.8697638720650646
0.0,1.0,0.0,0.0,0.0,0.0,0.0,0.0,0.0,0.0,0.0,0.0,0.5083564379375122,0.8611467540480452
0.0,1.0,0.0,0.0,0.0,0.0,0.0,0.0,0.0,0.0,0.0,0.0,0.5376773767406141,0.8431506618282
0.0,1.0,0.0,0.0,0.0,0.0,0.0,0.0,0.0,0.0,0.0,0.0,0.5663619330814524,0.8241566360566663
0.0,1.0,0.0,0.0,0.0,0.0,0.0,0.0,0.0,0.0,0.0,0.0,0.580454927809098,0.8142923779467267
0.0,1.0,0.0,0.0,0.0,0.0,0.0,0.0,0.0,0.0,0.0,0.0,0.5943761565849831,0.804187157621448
0.0,1.0,0.0,0.0,0.0,0.0,0.0,0.0,0.0,0.0,0.0,0.0,0.6081214998935418,0.7938439653781019
0.0,1.0,0.0,0.0,0.0,0.0,0.0,0.0,0.0,0.0,0.0,0.0,0.6216868902665479,0.7832658619336791
0.0,1.0,0.0,0.0,0.0,0.0,0.0,0.0,0.0,0.0,0.0,0.0,0.6350683134867438,0.7724559775191742
0.0,1.0,0.0,0.0,0.0,0.0,0.0,0.0,0.0,0.0,0.0,0.0,0.6482618097757122,0.7614175109532997
0.0,1.0,0.0,0.0,0.0,0.0,0.0,0.0,0.0,0.0,0.0,0.0,0.6740694616546161,0.7386679638813748
0.0,1.0,0.0,0.0,0.0,0.0,0.0,0.0,0.0,0.0,0.0,0.0,0.6866759803451553,0.726963615332308
0.0,1.0,0.0,0.0,0.0,0.0,0.0,0.0,0.0,0.0,0.0,0.0,0.7112757519738152,0.7029130847082615
0.0,1.0,0.0,0.0,0.0,0.0,0.0,0.0,0.0,0.0,0.0,0.0,0.746588114532413,0.6652865452111116
0.0,1.0,0.0,0.0,0.0,0.0,0.0,0.0,0.0,0.0,0.0,0.0,0.7579216274973472,0.6523456189565257
0.0,1.0,0.0,0.0,0.0,0.0,0.0,0.0,0.0,0.0,0.0,0.0,0.7690308592589181,0.6392116531380588
0.0,1.0,0.0,0.0,0.0,0.0,0.0,0.0,0.0,0.0,0.0,0.0,0.7905633969115482,0.612380204990065
0.0,1.0,0.0,0.0,0.0,0.0,0.0,0.0,0.0,0.0,0.0,0.0,0.8009803309782905,0.5986906625177214
0.0,1.0,0.0,0.0,0.0,0.0,0.0,0.0,0.0,0.0,0.0,0.0,0.8111602420785621,0.5848239578463322
0.0,1.0,0.0,0.0,0.0,0.0,0.0,0.0,0.0,0.0,0.0,0.0,0.8494504794814806,0.527668345562516
0.0,1.0,0.0,0.0,0.0,0.0,0.0,0.0,0.0,0.0,0.0,0.0,0.8584015232918917,0.512978386299228
0.0,1.0,0.0,0.0,0.0,0.0,0.0,0.0,0.0,0.0,0.0,0.0,0.8670985522812081,0.4981366284784055
0.0,1.0,0.0,0.0,0.0,0.0,0.0,0.0,0.0,0.0,0.0,0.0,0.8837203473619977,0.4680153284438345
0.0,1.0,0.0,0.0,0.0,0.0,0.0,0.0,0.0,0.0,0.0,0.0,0.8992961915530253,0.4373400963303323
0.0,1.0,0.0,0.0,0.0,0.0,0.0,0.0,0.0,0.0,0.0,0.0,0.9066860720977985,0.4218060770826634
0.0,1.0,0.0,0.0,0.0,0.0,0.0,0.0,0.0,0.0,0.0,0.0,0.9138076496466615,0.4061472386305789
0.0,1.0,0.0,0.0,0.0,0.0,0.0,0.0,0.0,0.0,0.0,0.0,0.9206588168102428,0.3903682146763026
0.0,1.0,0.0,0.0,0.0,0.0,0.0,0.0,0.0,0.0,0.0,0.0,0.9272375462179537,0.374473674486883
0.0,1.0,0.0,0.0,0.0,0.0,0.0,0.0,0.0,0.0,0.0,0.0,0.9335418911179212,0.35846832151248087
0.0,1.0,0.0,0.0,0.0,0.0,0.0,0.0,0.0,0.0,0.0,0.0,0.9395699859530622,0.342356891994542
0.0,1.0,0.0,0.0,0.0,0.0,0.0,0.0,0.0,0.0,0.0,0.0,0.945320046913132,0.3261441535642696
0.0,1.0,0.0,0.0,0.0,0.0,0.0,0.0,0.0,0.0,0.0,0.0,0.9559793438440766,0.2934339689665273
0.0,1.0,0.0,0.0,0.0,0.0,0.0,0.0,0.0,0.0,0.0,0.0,0.9655071658143364,0.2603764827344581
0.0,1.0,0.0,0.0,0.0,0.0,0.0,0.0,0.0,0.0,0.0,0.0,0.9738922359149924,0.22701082094141847
0.0,1.0,0.0,0.0,0.0,0.0,0.0,0.0,0.0,0.0,0.0,0.0,0.9776530844816641,0.2102247521189836
0.0,1.0,0.0,0.0,0.0,0.0,0.0,0.0,0.0,0.0,0.0,0.0,0.984305844499033,0.17647097349152166
0.0,1.0,0.0,0.0,0.0,0.0,0.0,0.0,0.0,0.0,0.0,0.0,0.9871957872910085,0.15951325197263655
0.0,1.0,0.0,0.0,0.0,0.0,0.0,0.0,0.0,0.0,0.0,0.0,0.9897936029670716,0.14250832791617088
0.0,1.0,0.0,0.0,0.0,0.0,0.0,0.0,0.0,0.0,0.0,0.0,0.9941098647022418,0.10837701279187609
0.0,1.0,0.0,0.0,0.0,0.0,0.0,0.0,0.0,0.0,0.0,0.0,0.9958270335100595,0.09126072172931188
0.0,1.0,0.0,0.0,0.0,0.0,0.0,0.0,0.0,0.0,0.0,0.0,0.9972495210773451,0.07411742515094437
0.0,1.0,0.0,0.0,0.0,0.0,0.0,0.0,0.0,0.0,0.0,0.0,0.998376906467142,0.056952196034039754
0.0,1.0,0.0,0.0,0.0,0.0,0.0,0.0,0.0,0.0,0.0,0.0,0.9999300657962057,-0.011826390691832589
0.0,1.0,0.0,0.0,0.0,0.0,0.0,0.0,0.0,0.0,0.0,0.0,0.9995786855478958,-0.029025013321975237
0.0,1.0,0.0,0.0,0.0,0.0,0.0,0.0,0.0,0.0,0.0,0.0,0.9989315138848577,-0.046215046983708354
0.0,1.0,0.0,0.0,0.0,0.0,0.0,0.0,0.0,0.0,0.0,0.0,0.9979887423155984,-0.06339140486951038
0.0,1.0,0.0,0.0,0.0,0.0,0.0,0.0,0.0,0.0,0.0,0.0,0.9967506498213929,-0.08054900421874167
0.0,1.0,0.0,0.0,0.0,0.0,0.0,0.0,0.0,0.0,0.0,0.0,0.9952176027737294,-0.09768276782171598
0.0,1.0,0.0,0.0,0.0,0.0,0.0,0.0,0.0,0.0,0.0,0.0,0.9912685467787256,-0.13185851571739118
0.0,1.0,0.0,0.0,0.0,0.0,0.0,0.0,0.0,0.0,0.0,0.0,0.9888537064205885,-0.1488903868564548
0.0,1.0,0.0,0.0,0.0,0.0,0.0,0.0,0.0,0.0,0.0,0.0,0.986146248341595,-0.16587819893463143
0.0,1.0,0.0,0.0,0.0,0.0,0.0,0.0,0.0,0.0,0.0,0.0,0.9831469737221499,-0.1828169249850199
0.0,1.0,0.0,0.0,0.0,0.0,0.0,0.0,0.0,0.0,0.0,0.0,0.9682507501166718,-0.2499809690726521
0.0,1.0,0.0,0.0,0.0,0.0,0.0,0.0,0.0,0.0,0.0,0.0,0.9638074231367307,-0.26659942067929354
0.0,1.0,0.0,0.0,0.0,0.0,0.0,0.0,0.0,0.0,0.0,0.0,0.9590788900341131,-0.28313898122818354
0.0,1.0,0.0,0.0,0.0,0.0,0.0,0.0,0.0,0.0,0.0,0.0,0.9540665500578387,-0.2995947563972602
0.0,1.0,0.0,0.0,0.0,0.0,0.0,0.0,0.0,0.0,0.0,0.0,0.9487718864399473,-0.31596187665790293
0.0,1.0,0.0,0.0,0.0,0.0,0.0,0.0,0.0,0.0,0.0,0.0,0.9373419384643772,-0.3484108069446808
0.0,1.0,0.0,0.0,0.0,0.0,0.0,0.0,0.0,0.0,0.0,0.0,0.9312100364121947,-0.3644830148102912
0.0,1.0,0.0,0.0,0.0,0.0,0.0,0.0,0.0,0.0,0.0,0.0,0.9248025743285089,-0.38044736628785164
0.0,1.0,0.0,0.0,0.0,0.0,0.0,0.0,0.0,0.0,0.0,0.0,0.9039461929224011,-0.42764620926777464
0.0,1.0,0.0,0.0,0.0,0.0,0.0,0.0,0.0,0.0,0.0,0.0,0.8964562582905575,-0.44313223418263453
0.0,1.0,0.0,0.0,0.0,0.0,0.0,0.0,0.0,0.0,0.0,0.0,0.8887010478292915,-0.45848712914008766
0.0,1.0,0.0,0.0,0.0,0.0,0.0,0.0,0.0,0.0,0.0,0.0,0.8638670987837349,-0.503719798736334
0.0,1.0,0.0,0.0,0.0,0.0,0.0,0.0,0.0,0.0,0.0,0.0,0.8174009818249189,-0.5760691233798758
0.0,1.0,0.0,0.0,0.0,0.0,0.0,0.0,0.0,0.0,0.0,0.0,0.7758587728069828,-0.6309066211876704
0.0,1.0,0.0,0.0,0.0,0.0,0.0,0.0,0.0,0.0,0.0,0.0,0.7648913904341225,-0.6441592666722685
0.0,1.0,0.0,0.0,0.0,0.0,0.0,0.0,0.0,0.0,0.0,0.0,0.753697664392914,-0.6572212950663319
0.0,1.0,0.0,0.0,0.0,0.0,0.0,0.0,0.0,0.0,0.0,0.0,0.742280907086982,-0.6700888411055113
0.0,1.0,0.0,0.0,0.0,0.0,0.0,0.0,0.0,0.0,0.0,0.0,0.7306444969184916,-0.6827580970759147
0.0,1.0,0.0,0.0,0.0,0.0,0.0,0.0,0.0,0.0,0.0,0.0,0.7187918772884232,-0.6952253139408722
0.0,1.0,0.0,0.0,0.0,0.0,0.0,0.0,0.0,0.0,0.0,0.0,0.7067265555776158,-0.7074868024503348
0.0,1.0,0.0,0.0,0.0,0.0,0.0,0.0,0.0,0.0,0.0,0.0,0.6944521021088763,-0.719538934232584
0.0,1.0,0.0,0.0,0.0,0.0,0.0,0.0,0.0,0.0,0.0,0.0,0.6819721490904629,-0.7313781428679254
0.0,1.0,0.0,0.0,0.0,0.0,0.0,0.0,0.0,0.0,0.0,0.0,0.6692903895412567,-0.7430009249440493
0.0,1.0,0.0,0.0,0.0,0.0,51.0,0.0,1.7,14.0,47.0,4.5,0.6564105761979381,-0.7544038410927472
0.0,1.0,0.0,0.0,41.9,5.9857142857140255,25.0,51.0,2.533333333333333,15.0,45.0,6.47,0.6433365204044917,-0.765583517007675
0.0,1.0,0.0,0.0,63.54,15.062857142856883,0.0,76.0,2.533333333333333,3.0,50.0,16.67,0.6300720909843687,-0.7765366444428655
0.0,1.0,0.0,0.0,35.25,20.09857142857117,43.0,76.0,3.966666666666667,13.0,46.0,4.62,0.6166212130956382,-0.7872599821916922
0.0,1.0,0.0,0.0,39.3,25.712857142856883,23.0,119.0,4.733333333333333,16.0,45.0,7.12,0.6029878670694714,-0.7977503570459932
0.0,1.0,0.0,0.0,74.1,36.298571428571165,28.0,142.0,5.666666666666667,15.0,42.0,6.33,0.5891760872322963,-0.8080046647350754
0.0,1.0,0.0,0.0,60.33,44.91714285714259,0.0,170.0,5.666666666666667,12.0,46.0,8.25,0.5751899607119775,-0.8180198708443174
0.0,1.0,0.0,0.0,65.84,54.32285714285688,6.0,170.0,5.866666666666666,18.0,43.0,7.56,0.5610336262283677,-0.8277930117131022
0.0,1.0,0.0,0.0,87.04,60.771428571428316,0.0,257.0,5.866666666666666,19.0,48.0,10.68,0.5027907197793043,-0.8644081744776648
0.0,1.0,0.0,0.0,139.06,71.55999999999975,4.0,234.0,6.0,21.0,39.0,8.0,0.4878471454423119,-0.8729290708206411
0.0,1.0,0.0,0.0,105.0,81.52428571428547,1.0,243.0,6.033333333333333,19.0,44.0,8.89,0.44216815196707204,-0.8969321743510065
0.0,1.0,0.0,0.0,113.23,92.08571428571403,22.0,69.0,6.766666666666667,24.0,44.0,10.25,0.4110537546870351,-0.9116111071930239
0.0,1.0,0.0,0.0,161.13,104.51857142857118,40.0,91.0,8.1,28.0,44.0,9.57,0.3953117887649151,-0.9185469991587165
0.0,1.0,0.0,0.0,171.52,120.40285714285689,0.0,131.0,8.1,23.0,44.0,11.96,0.37945284372454435,-0.925211078289358
0.0,1.0,0.0,0.0,182.88,137.12285714285687,62.0,127.0,10.166666666666666,23.0,48.0,4.3,0.36348161248290634,-0.9316013725767187
0.0,1.0,0.0,0.0,66.83,134.235714285714,2.0,137.0,10.233333333333333,32.0,52.0,11.28,0.2985688173637202,-0.9543881083175908
0.0,1.0,0.0,0.0,252.7,150.46999999999974,34.0,115.0,11.366666666666667,39.0,42.0,11.85,0.26556302780405594,-0.9640935007889755
0.0,1.0,0.0,0.0,288.75,176.71999999999974,6.0,103.0,11.566666666666666,30.0,53.0,13.17,0.23224292400907015,-0.9726578145718654
0.0,1.0,0.0,0.0,280.45,200.60857142857117,7.0,96.0,11.8,36.0,45.0,15.39,0.21547731504673012,-0.976508846196619
0.0,1.0,0.0,0.0,368.41,230.21999999999974,0.0,103.0,11.8,14.0,43.0,12.43,0.19864794288017112,-0.9800709131432666
0.0,1.0,0.0,0.0,113.97,221.99857142857118,10.0,134.0,12.133333333333333,34.0,52.0,15.24,0.16481784665719793,-0.9863240225317866
0.0,1.0,0.0,0.0,370.37,248.7828571428569,7.0,106.0,12.366666666666667,41.0,45.0,13.02,0.14782713347053048,-0.9890132145779883
0.0,1.0,0.0,0.0,347.1,288.8214285714283,36.0,79.0,13.566666666666666,24.0,40.0,12.04,0.13079267585675922,-0.9914097417023038
0.0,1.0,0.0,0.0,177.73,278.1114285714283,12.0,99.0,13.966666666666667,26.0,45.0,14.15,0.11371951458594969,-0.9935128947338007
0.0,1.0,0.0,0.0,244.72,271.8214285714283,6.0,105.0,14.166666666666666,30.0,41.0,18.67,0.0966127018812031,-0.9953220513156602
0.0,1.0,0.0,0.0,352.8,282.15714285714256,9.0,104.0,14.466666666666667,12.0,44.0,17.08,0.07947729992362097,-0.9968366760893436
0.0,1.0,0.0,0.0,129.15,247.9771428571426,13.0,113.0,14.9,27.0,40.0,16.74,0.062318379354325076,-0.998056320853012
0.0,1.0,0.0,0.0,277.98,271.4071428571426,4.0,93.0,15.033333333333333,36.0,45.0,18.78,0.04514101777397193,-0.9989806246941579
0.0,1.0,0.0,0.0,446.16,282.2342857142855,0.0,87.0,15.033333333333333,29.0,50.0,19.38,0.02795029824021032,-0.999609314096404
0.0,1.0,0.0,0.0,396.21,289.2499999999997,15.0,80.0,15.533333333333333,30.0,43.0,11.2,0.01075130776352193,-0.9999422030204416
0.0,1.0,0.0,0.0,215.04,294.57999999999976,33.0,59.0,14.933333333333334,23.0,46.0,8.35,-0.00645086419810515,-0.9999791929590823
0.0,1.0,0.0,0.0,127.68,277.85999999999973,20.0,80.0,14.766666666666667,39.0,44.0,15.15,-0.023651127245231586,-0.9997202729664083
0.0,1.0,0.0,0.0,387.11,282.7614285714283,146.0,94.0,19.633333333333333,14.0,39.0,6.0,-0.04084439154329611,-0.9991655196610109
0.0,1.0,0.0,0.0,52.08,271.75142857142833,0.0,218.0,18.2,42.0,48.0,15.26,-0.07518957641475855,-0.9971692572470178
0.0,1.0,0.0,0.0,439.09,294.7671428571426,1.0,214.0,17.466666666666665,41.0,44.0,15.66,-0.09233133369539122,-0.9957283388645872
0.0,1.0,0.0,0.0,417.3,290.64428571428545,1.0,184.0,16.566666666666666,43.0,45.0,13.84,-0.1435724234118113,-0.9896398128792412
0.0,1.0,0.0,0.0,392.7,290.1428571428569,33.0,165.0,17.666666666666668,13.0,45.0,13.0,-0.16057454459499376,-0.9870237158387383
0.0,1.0,0.0,0.0,111.54,275.3571428571426,0.0,56.0,17.466666666666665,35.0,41.0,14.23,-0.19443122004766195,-0.9809161537413774
0.0,1.0,0.0,0.0,313.74,301.9371428571426,13.0,103.0,17.9,42.0,45.0,18.31,-0.24477230089725957,-0.9695805901076308
0.0,1.0,0.0,0.0,511.39,319.69142857142833,20.0,100.0,18.433333333333334,40.0,50.0,19.55,-0.2614143985111562,-0.965226663665613
0.0,1.0,0.0,0.0,547.4,390.45142857142827,7.0,86.0,18.633333333333333,47.0,48.0,17.19,-0.2944616217868012,-0.9556633054034704
0.0,1.0,0.0,0.0,557.52,407.3699999999998,28.0,89.0,18.833333333333332,47.0,47.0,11.15,-0.3108569682435036,-0.9504567035349151
0.0,1.0,0.0,0.0,348.46,397.53571428571405,23.0,104.0,18.266666666666666,58.0,41.0,11.84,-0.3594718130884232,-0.9331559438780432
0.0,1.0,0.0,0.0,429.38,402.775714285714,27.0,114.0,19.166666666666668,49.0,38.0,13.2,-0.3754703786876202,-0.9268343944460494
0.0,1.0,0.0,0.0,391.44,442.7614285714283,0.0,121.0,17.1,14.0,49.0,16.57,-0.3913578365610259,-0.9202385798054075
0.0,1.0,0.0,0.0,160.08,420.8099999999998,17.0,121.0,17.6,45.0,47.0,18.24,-0.4071294853542516,-0.9133704517637858
0.0,1.0,0.0,0.0,554.18,426.9228571428569,8.0,120.0,16.733333333333334,32.0,45.0,17.94,-0.45370308603134424,-0.8911529104063088
0.0,1.0,0.0,0.0,832.71,467.6814285714284,0.0,65.0,16.533333333333335,19.0,44.0,21.21,-0.4990686026885319,-0.8665624788845385
0.0,1.0,0.0,0.0,263.97,425.745714285714,9.0,65.0,16.6,53.0,46.0,21.04,-0.5139010013093103,-0.8578494977869301
0.0,1.0,0.0,0.0,735.9,481.0942857142855,19.0,57.0,17.233333333333334,58.0,44.0,18.47,-0.5285813283559292,-0.8488826652214553
0.0,1.0,0.0,0.0,696.15,519.2042857142854,0.0,76.0,16.9,60.0,41.0,16.15,-0.5431052396834317,-0.8396646346181327
0.0,1.0,0.0,0.0,629.85,553.2628571428569,1.0,44.0,16.7,60.0,43.0,18.92,-0.5856957398073508,-0.8105309990194823
0.0,1.0,0.0,0.0,737.75,635.7871428571426,20.0,40.0,16.166666666666668,14.0,40.0,17.64,-0.5995514915196489,-0.8003361849976323
0.0,1.0,0.0,0.0,155.61,578.8485714285711,41.0,51.0,17.133333333333333,62.0,44.0,17.48,-0.6267266965083301,-0.7792391467859886
0.0,1.0,0.0,0.0,704.6,560.5471428571426,0.0,73.0,16.933333333333334,43.0,48.0,15.98,-0.6400381082043503,-0.7683431655492202
0.0,1.0,0.0,0.0,474.03,590.5557142857141,0.0,73.0,16.633333333333333,61.0,48.0,20.54,-0.65316012232693,-0.7572198192083127
0.0,1.0,0.0,0.0,845.78,606.2528571428568,11.0,73.0,16.566666666666666,64.0,39.0,18.2,-0.666088855860977,-0.7458723993404063
0.0,1.0,0.0,0.0,728.12,610.8199999999997,37.0,83.0,17.666666666666668,20.0,47.0,18.25,-0.6913512362094071,-0.722518835873311
0.0,1.0,0.0,0.0,1480.38,732.3242857142856,6.0,100.0,17.866666666666667,61.0,47.0,18.3,-0.7036774074790128,-0.7105196029692745
0.0,1.0,0.0,0.0,725.4,730.5599999999997,13.0,106.0,17.8,62.0,44.0,19.71,-0.7157953492826642,-0.6983101158835584
0.0,1.0,0.0,0.0,1658.41,945.245714285714,0.0,91.0,16.7,76.0,48.0,22.28,-0.7508642533989489,-0.6604565640279754
0.0,1.0,0.0,0.0,1142.78,1007.8428571428568,47.0,80.0,17.6,52.0,43.0,21.29,-0.7621140503891487,-0.6474427960827475
0.0,1.0,0.0,0.0,719.55,1042.9171428571426,18.0,85.0,13.333333333333334,57.0,51.0,19.14,-0.7839338166829201,-0.620844401650647
0.0,1.0,0.0,0.0,747.34,1028.8542857142854,0.0,97.0,13.333333333333334,55.0,44.0,17.04,-0.7944973291665992,-0.6072676460566135
0.0,1.0,0.0,0.0,623.11,1013.8528571428569,3.0,84.0,13.4,61.0,46.0,22.64,-0.8048257371083452,-0.593511190196115
0.0,1.0,0.0,0.0,1336.08,993.2385714285712,15.0,101.0,13.866666666666667,69.0,45.0,17.41,-0.8343701235229538,-0.5512045872199277
0.0,1.0,0.0,0.0,1298.65,1075.1314285714284,4.0,69.0,12.9,34.0,44.0,23.94,-0.8437282590292712,-0.5367705514607103
0.0,1.0,0.0,0.0,541.31,915.545714285714,12.0,67.0,13.3,77.0,46.0,18.69,-0.8528367217694595,-0.522177676659508
0.0,1.0,0.0,0.0,949.74,887.9685714285713,0.0,61.0,12.866666666666667,62.0,49.0,25.65,-0.8786374941610001,-0.4774894280028391
0.0,1.0,0.0,0.0,1097.1,941.9042857142855,10.0,34.0,12.533333333333333,57.0,43.0,23.04,-0.8945422369764496,-0.4469834295196741
0.0,1.0,0.0,0.0,2415.01,1180.1428571428569,1.0,34.0,12.333333333333334,76.0,45.0,27.21,-0.9093882203647925,-0.4159483918249421
0.0,1.0,0.0,0.0,1364.88,1286.11,13.0,67.0,11.833333333333334,60.0,49.0,24.35,-0.9296339319682695,-0.3684843993077793
0.0,1.0,0.0,0.0,1008.09,1239.2542857142855,0.0,80.0,11.066666666666666,65.0,49.0,19.72,-0.9358348973349941,-0.35243871088460327
0.0,1.0,0.0,0.0,871.76,1178.2699999999998,0.0,80.0,10.166666666666666,66.0,47.0,22.45,-0.9417589340994617,-0.33628873017668287
0.0,1.0,0.0,0.0,1000.35,1243.8471428571427,111.0,70.0,13.866666666666667,22.0,43.0,11.86,-0.9474042892438845,-0.32003923622313857
0.0,1.0,0.0,0.0,926.96,1240.5928571428572,0.0,172.0,13.3,61.0,47.0,20.75,-0.9527692922168511,-0.30369503751065885
0.0,1.0,0.0,0.0,848.22,1205.0385714285712,17.0,174.0,13.6,71.0,43.0,23.14,-0.9626519747161487,-0.2707418984477642
0.0,1.0,0.0,0.0,1043.31,1009.0814285714283,11.0,166.0,13.966666666666667,69.0,45.0,22.75,-0.9671667297977312,-0.2541427094613622
0.0,1.0,0.0,0.0,1036.2,962.1271428571426,44.0,175.0,15.133333333333333,69.0,47.0,16.0,-0.9753363880767837,-0.2207236509605022
0.0,1.0,0.0,0.0,1230.6799999999998,993.925714285714,1.0,219.0,14.533333333333333,23.0,47.0,20.65,-0.9789888737409319,-0.20391367068311472
0.0,1.0,0.0,0.0,323.0,915.5314285714283,79.0,151.0,17.166666666666668,60.0,43.0,9.72,-0.9882042449941422,-0.15314166701312007
0.0,1.0,0.0,0.0,373.12,825.9271428571426,2.0,213.0,17.2,65.0,51.0,23.4,-0.9906923101615609,-0.13612033862266704
0.0,1.0,0.0,0.0,1057.1,844.5185714285711,27.0,204.0,17.433333333333334,82.0,47.0,21.84,-0.9928872135356962,-0.11905873003404988
0.0,1.0,0.0,0.0,1182.06,892.2099999999997,3.0,220.0,16.166666666666668,62.0,48.0,25.65,-0.994788305609327,-0.10196189005174576
0.0,1.0,0.0,0.0,1856.1,1008.322857142857,13.0,206.0,16.6,54.0,49.0,26.93,-0.9977068927101168,-0.06768276175455162
0.0,1.0,0.0,0.0,988.72,1001.5399999999997,17.0,196.0,17.166666666666668,75.0,40.0,22.72,-0.9987235240803972,-0.050510617185222886
0.0,1.0,0.0,0.0,1056.48,976.6542857142855,0.0,169.0,16.8,63.0,47.0,22.52,-0.9994446170919858,-0.033323525711631344
0.0,1.0,0.0,0.0,950.73,1066.3299999999997,43.0,90.0,17.0,60.0,42.0,21.0,-0.9998699583618592,-0.016126573270657762
0.0,1.0,0.0,0.0,806.4,1128.2271428571426,39.0,131.0,18.1,63.0,44.0,18.79,-0.9999994220246925,0.001075151282798226
0.0,1.0,0.0,0.0,775.52,1088.0014285714283,29.0,155.0,18.633333333333333,35.0,43.0,21.57,-0.9993706508539969,0.03547255575312556
0.0,1.0,0.0,0.0,1192.75,1089.5285714285712,0.0,174.0,18.633333333333333,78.0,50.0,31.32,-0.9975590477788613,0.06982797572987089
0.0,1.0,0.0,0.0,1685.67,1065.1814285714283,8.0,222.0,17.333333333333332,73.0,46.0,22.93,-0.9903973200352558,0.1382503109109819
0.0,1.0,0.0,0.0,1129.95,1085.3571428571427,2.0,215.0,16.8,25.0,50.0,23.32,-0.9878726596350429,0.15526624985999563
0.0,1.0,0.0,0.0,408.1,992.7314285714283,0.0,188.0,16.8,69.0,51.0,23.09,-0.9850556718215013,0.172236243027682
0.0,1.0,0.0,0.0,1115.1,1016.2128571428568,17.0,157.0,17.266666666666666,58.0,41.0,32.97,-0.981947190186646,0.18915526872004093
0.0,1.0,0.0,0.0,1175.88,1068.995714285714,44.0,105.0,18.233333333333334,72.0,48.0,17.93,-0.9708824104813836,0.23955655912092708
0.0,1.0,0.0,0.0,877.88,1083.6185714285712,0.0,145.0,18.1,59.0,48.0,30.34,-0.9666180104000972,0.2562218218071163
0.0,1.0,0.0,0.0,1226.15,1088.3899999999996,33.0,137.0,18.8,18.0,45.0,25.61,-0.9620675724981452,0.27281126433401914
0.0,1.0,0.0,0.0,1115.95,1007.0014285714284,51.0,168.0,20.5,62.0,44.0,23.23,-0.957232443323312,0.28931997761869527
0.0,1.0,0.0,0.0,943.2,980.322857142857,0.0,219.0,20.166666666666668,72.0,42.0,25.56,-0.9521140536681102,0.3057430764672831
0.0,1.0,0.0,0.0,1177.6,1090.2514285714283,61.0,202.0,22.166666666666668,72.0,37.0,10.57,-0.9467139181463862,0.3220757010206104
0.0,1.0,0.0,0.0,445.18,994.5485714285712,2.0,214.0,21.8,56.0,43.0,28.59,-0.9410336347451197,0.3383130181923076
0.0,1.0,0.0,0.0,2568.6400000000003,1193.5142857142855,25.0,191.0,22.633333333333333,58.0,46.0,19.86,-0.9350748843515574,0.3544502230989869
0.0,1.0,0.0,0.0,1564.84,1291.6514285714281,31.0,172.0,23.666666666666668,61.0,41.0,20.1,-0.9288394302558068,0.3704825404820963
0.0,1.0,0.0,0.0,766.25,1225.9514285714283,0.0,226.0,19.966666666666665,60.0,48.0,28.0,-0.9155458729775467,0.40221356823680365
0.0,1.0,0.0,0.0,1134.0,1228.5299999999995,20.0,175.0,20.633333333333333,67.0,41.0,29.82,-0.9084917035725082,0.41790288888678667
0.0,1.0,0.0,0.0,2083.7200000000003,1391.4614285714285,33.0,195.0,21.166666666666668,74.0,45.0,22.39,-0.9011686968561569,0.4334685453485363
0.0,1.0,0.0,0.0,1060.48,1374.7299999999998,49.0,167.0,22.433333333333334,70.0,43.0,21.2,-0.8935790198239952,0.4489059314938798
0.0,1.0,0.0,0.0,979.44,1451.052857142857,2.0,214.0,21.033333333333335,64.0,47.0,27.39,-0.8857249183835637,0.4642104791518923
0.0,1.0,0.0,0.0,1183.28,1253.1442857142854,30.0,191.0,22.0,57.0,47.0,23.77,-0.8776087166898392,0.4793776594606945
0.0,1.0,0.0,0.0,901.08,1158.3214285714282,0.0,300.0,19.366666666666667,58.0,51.0,28.31,-0.8517119107469189,0.5240103253675756
0.0,1.0,0.0,0.0,1165.82,1215.4028571428569,3.0,280.0,19.4,55.0,48.0,30.25,-0.8425720899866032,0.5385835804920232
0.0,1.0,0.0,0.0,2378.16,1393.1399999999996,0.0,250.0,18.5,64.0,46.0,24.98,-0.8331829385891785,0.5529974600700271
0.0,1.0,0.0,0.0,1710.33,1339.7985714285712,18.0,201.0,19.0,76.0,43.0,25.87,-0.8235472349556007,0.5672476988027229
0.0,1.0,0.0,0.0,3852.24,1738.6214285714284,3.0,217.0,18.666666666666668,58.0,50.0,29.98,-0.8136678304455991,0.5813300798152042
0.0,1.0,0.0,0.0,4840.91,2290.2599999999998,42.0,190.0,19.5,19.0,47.0,19.32,-0.8035476485339116,0.5952404359043674
0.0,1.0,0.0,0.0,1062.89,2273.061428571428,21.0,179.0,20.2,72.0,46.0,15.06,-0.7931896839451843,0.6089746507720486
0.0,1.0,0.0,0.0,726.28,2248.0899999999997,58.0,87.0,20.7,50.0,47.0,26.56,-0.7825970017677834,0.6225286602431057
0.0,1.0,0.0,0.0,1694.04,2323.5499999999997,49.0,145.0,21.033333333333335,66.0,46.0,24.62,-0.7717727365467836,0.6358984534680745
0.0,1.0,0.0,0.0,1064.38,2135.8671428571424,3.0,297.0,20.166666666666668,60.0,41.0,28.1,-0.7494423368521954,0.6620696215153815
0.0,1.0,0.0,0.0,1070.61,2044.4785714285713,2.0,282.0,20.233333333333334,56.0,51.0,26.2,-0.7379428103031386,0.6748632518680403
0.0,1.0,0.0,0.0,2242.57,1814.525714285714,1.0,281.0,20.0,33.0,52.0,31.18,-0.7262249146041543,0.6874571793269664
0.0,1.0,0.0,0.0,730.59,1227.3371428571427,6.0,230.0,20.133333333333333,53.0,40.0,23.3,-0.7021479494046978,0.7120310787787131
0.0,1.0,0.0,0.0,1246.88,1253.6214285714284,44.0,117.0,21.6,50.0,43.0,23.52,-0.6644834655228552,0.7473029667054296
0.0,1.0,0.0,0.0,3921.28,1710.0499999999997,24.0,158.0,21.833333333333332,58.0,41.0,24.59,-0.6515303615068021,0.75862255966641
0.0,1.0,0.0,0.0,3410.51,1955.2599999999998,24.0,179.0,21.166666666666668,61.0,47.0,16.56,-0.6250496486104377,0.7805849965070866
0.0,1.0,0.0,0.0,666.6,1898.4342857142856,74.0,192.0,23.633333333333333,62.0,46.0,10.27,-0.6115298757991053,0.7912213413483807
0.0,1.0,0.0,0.0,429.98,1806.915714285714,1.0,260.0,22.566666666666666,71.0,39.0,25.63,-0.5978291414589552,0.801623551065242
0.0,1.0,0.0,0.0,1137.5,1649.0485714285712,21.0,170.0,21.566666666666666,63.0,39.0,18.06,-0.5699010576127624,0.8217133225960589
0.0,1.0,0.0,0.0,705.56,1645.4728571428568,19.0,147.0,22.2,57.0,50.0,32.18,-0.5556819724760489,0.8313949395234058
0.0,1.0,0.0,0.0,1256.29,1646.8171428571425,27.0,142.0,21.066666666666666,33.0,46.0,27.09,-0.5412984521036173,0.8408305333122887
0.0,1.0,0.0,0.0,594.51,1171.5642857142855,29.0,169.0,21.966666666666665,68.0,44.0,21.56,-0.5267547528105542,0.8500173118187018
0.0,1.0,0.0,0.0,4470.56,1323.0,0.0,168.0,21.133333333333333,44.0,48.0,25.43,-0.46706492487743034,0.8842230238742036
0.0,1.0,0.0,0.0,766.52,1337.2742857142855,10.0,147.0,20.433333333333334,80.0,42.0,20.35,-0.451785789832884,0.8921264484954345
0.0,1.0,0.0,0.0,1033.78,1423.5314285714285,2.0,138.0,20.5,34.0,48.0,21.56,-0.4363729641045924,0.8997658785476209
0.0,1.0,0.0,0.0,502.11,1332.7614285714285,22.0,113.0,20.566666666666666,61.0,47.0,17.92,-0.42083100859565564,0.9071390534005044
0.0,1.0,0.0,0.0,743.24,1338.1442857142858,29.0,106.0,20.433333333333334,65.0,46.0,13.05,-0.4051645224207563,0.9142437912130223
0.0,1.0,0.0,0.0,559.68,1238.6285714285711,8.0,123.0,19.066666666666666,54.0,41.0,22.11,-0.3893781415452015,0.9210779895789526
0.0,1.0,0.0,0.0,1625.22,1385.872857142857,79.0,109.0,21.633333333333333,67.0,38.0,10.81,-0.37347653741307074,0.9276396261490467
0.0,1.0,0.0,0.0,445.26,810.8299999999997,0.0,150.0,20.633333333333333,58.0,47.0,23.43,-0.3574644155648614,0.9339267592294762
0.0,1.0,0.0,0.0,910.53,831.4028571428569,15.0,150.0,21.133333333333333,63.0,38.0,21.11,-0.34134651424503615,0.9399375283564133
0.0,1.0,0.0,0.0,811.3,799.6199999999998,32.0,155.0,22.1,19.0,44.0,23.47,-0.3251276029999093,0.9456701548465688
0.0,1.0,0.0,0.0,292.13,769.6228571428568,0.0,185.0,22.1,73.0,48.0,25.07,-0.30881248126625377,0.9511229423235357
0.0,1.0,0.0,0.0,1694.7,905.545714285714,7.0,163.0,21.733333333333334,79.0,44.0,22.67,-0.29240597695107734,0.9562942772197719
0.0,1.0,0.0,0.0,1155.19,990.6185714285712,0.0,141.0,21.633333333333333,67.0,43.0,23.21,-0.27591294500296043,0.9611826292540837
0.0,1.0,0.0,0.0,1384.75,956.265714285714,109.0,133.0,23.866666666666667,39.0,44.0,9.51,-0.2593382659754056,0.9657865518844574
0.0,1.0,0.0,0.0,241.15,927.1071428571425,0.0,182.0,23.166666666666668,76.0,45.0,25.34,-0.22596360824801906,0.974135744004672
0.0,1.0,0.0,0.0,4604.68,1454.842857142857,0.0,167.0,21.233333333333334,40.0,47.0,21.6,-0.20917350564635637,0.9778785428342386
0.0,1.0,0.0,0.0,596.16,1424.1085714285712,61.0,137.0,21.633333333333333,55.0,43.0,8.27,-0.17541259380427843,0.9844950085880858
0.0,1.0,0.0,0.0,2652.75,1761.3399999999997,30.0,191.0,22.533333333333335,60.0,43.0,22.62,-0.15845177496083632,0.9873667175937016
0.0,1.0,0.0,0.0,875.26,1644.2771428571427,34.0,112.0,23.6,74.0,40.0,13.14,-0.12439450483979998,0.9922328391893008
0.0,1.0,0.0,0.0,607.5,1566.035714285714,39.0,127.0,24.866666666666667,65.0,44.0,17.28,-0.10730813165636247,0.9942258118156161
0.0,1.0,0.0,0.0,729.95,1472.4928571428568,29.0,166.0,25.633333333333333,29.0,43.0,21.72,-0.09019000427034513,0.9959245770286599
0.0,1.0,0.0,0.0,409.5,1496.542857142857,0.0,195.0,24.166666666666668,80.0,48.0,26.23,-0.07304518821104743,0.9973286321364752
0.0,1.0,0.0,0.0,1416.15,1041.0385714285712,40.0,193.0,24.7,52.0,43.0,17.31,-0.05587875690537313,0.9984375616565666
0.0,1.0,0.0,0.0,919.0,1087.1585714285713,24.0,172.0,24.7,75.0,46.0,20.23,-0.03869579017652689,0.9992510374388481
0.0,1.0,0.0,0.0,1001.22,851.225714285714,19.0,147.0,22.866666666666667,79.0,49.0,16.72,0.06875540848113941,0.9976335468520451
0.0,1.0,0.0,0.0,898.28,854.5142857142855,0.0,126.0,22.833333333333332,54.0,43.0,15.96,0.08590610426133272,0.9963032375991965
0.0,1.0,0.0,0.0,564.61,848.3871428571426,21.0,102.0,22.833333333333332,41.0,42.0,9.61,0.10303137904317879,0.9946781061893646
0.0,1.0,0.0,0.0,248.22,779.5685714285712,0.0,92.0,22.2,59.0,49.0,14.69,0.1201261651823505,0.9927586335250793
0.0,1.0,0.0,0.0,602.57,807.1499999999997,20.0,59.0,21.966666666666665,34.0,45.0,14.15,0.1542040475626894,0.988039023376751
0.0,1.0,0.0,0.0,315.06,649.8514285714283,3.0,62.0,21.1,60.0,46.0,15.9,0.17117705961019986,0.985240282501282
0.0,1.0,0.0,0.0,1340.41,710.0528571428569,1.0,65.0,21.133333333333333,60.0,44.0,13.17,0.18809941761179758,0.9821499931752291
0.0,1.0,0.0,0.0,517.45,640.942857142857,25.0,47.0,21.633333333333333,67.0,51.0,9.39,0.20496611396949532,0.9787690698649216
0.0,1.0,0.0,0.0,440.3,575.5171428571426,5.0,59.0,21.733333333333334,50.0,44.0,17.5,0.23851257519407648,0.9711394088771653
0.0,1.0,0.0,0.0,581.88,577.9842857142855,3.0,64.0,21.1,40.0,47.0,13.47,0.2551824131233728,0.9668929289391521
0.0,1.0,0.0,0.0,369.22,595.2699999999998,0.0,47.0,20.133333333333333,66.0,40.0,15.29,0.2882906407095177,0.9575429528116719
0.0,1.0,0.0,0.0,655.85,602.8814285714283,0.0,44.0,19.866666666666667,51.0,49.0,16.59,0.3047192331091634,0.9524422234305676
0.0,1.0,0.0,0.0,575.28,640.0557142857141,0.0,12.0,17.233333333333334,59.0,44.0,12.29,0.3534446712740877,0.9354554315134164
0.0,1.0,0.0,0.0,993.5,590.4971428571426,0.0,7.0,17.233333333333334,58.0,49.0,15.02,0.3694836834473831,0.9292372181882051
0.0,1.0,0.0,0.0,600.99,602.4314285714283,6.0,4.0,16.933333333333334,25.0,49.0,11.48,0.38541335945432564,0.9227440286201427
0.0,1.0,0.0,0.0,198.03,567.8214285714283,0.0,8.0,15.866666666666667,68.0,49.0,10.75,0.4012289854475009,0.9159777842484877
0.0,1.0,0.0,0.0,497.08,555.7071428571426,14.0,8.0,16.333333333333332,53.0,43.0,12.62,0.4169258813287287,0.908940487313808
0.0,1.0,0.0,0.0,431.5,564.6042857142854,14.0,22.0,16.566666666666666,59.0,55.0,13.76,0.4324994021339788,0.901634220265486
0.0,1.0,0.0,0.0,580.58,553.8514285714283,0.0,34.0,16.566666666666666,67.0,49.0,15.48,0.44794493940789115,0.8940611451454876
0.0,1.0,0.0,0.0,720.72,574.6285714285711,0.0,34.0,12.933333333333334,73.0,46.0,14.56,0.4784338202547012,0.8781236129591848
0.0,1.0,0.0,0.0,717.53,535.2042857142854,0.0,34.0,12.933333333333334,27.0,48.0,18.15,0.49346814167723735,0.8697638720650646
0.0,1.0,0.0,0.0,335.65,497.29857142857117,5.0,28.0,13.1,70.0,45.0,14.16,0.5083564379375122,0.8611467540480452
0.0,1.0,0.0,0.0,663.97,563.8614285714283,0.0,5.0,11.066666666666666,48.0,51.0,11.19,0.5521013427459208,0.8337770129585915
0.0,1.0,0.0,0.0,378.59,546.9342857142855,12.0,5.0,10.466666666666667,69.0,42.0,10.52,0.580454927809098,0.8142923779467267
0.0,1.0,0.0,0.0,461.01,551.1499999999997,0.0,17.0,9.333333333333334,21.0,45.0,8.81,0.5943761565849831,0.804187157621448
0.0,1.0,0.0,0.0,124.88,486.0499999999997,6.0,16.0,8.233333333333333,48.0,48.0,9.6,0.6216868902665479,0.7832658619336791
0.0,1.0,0.0,0.0,311.18,427.5442857142854,7.0,22.0,7.5,52.0,49.0,12.81,0.6482618097757122,0.7614175109532997
0.0,1.0,0.0,0.0,1083.87,479.8785714285712,1.0,29.0,7.533333333333333,64.0,50.0,11.16,0.6740694616546161,0.7386679638813748
0.0,1.0,0.0,0.0,492.66,502.30857142857116,0.0,18.0,6.2,29.0,49.0,10.55,0.6866759803451553,0.726963615332308
0.0,1.0,0.0,0.0,209.61,437.3999999999997,7.0,8.0,5.633333333333334,57.0,44.0,10.35,0.7232617254437388,0.6905740195722293
0.0,1.0,0.0,0.0,389.4,438.94428571428546,4.0,32.0,5.133333333333334,69.0,45.0,14.52,0.7579216274973472,0.6523456189565257
0.0,1.0,0.0,0.0,661.32,467.5599999999998,0.0,51.0,5.133333333333334,62.0,49.0,12.79,0.7799125224167177,0.6258885343075018
0.0,1.0,0.0,0.0,539.24,526.7542857142855,0.0,51.0,4.433333333333334,68.0,55.0,15.16,0.7905633969115482,0.612380204990065
0.0,1.0,0.0,0.0,757.78,590.5542857142855,0.0,53.0,4.433333333333334,61.0,46.0,12.34,0.8111602420785621,0.5848239578463322
0.0,1.0,0.0,0.0,508.28,508.3271428571426,10.0,50.0,4.1,63.0,47.0,11.16,0.8211001178128892,0.5707841943569036
0.0,1.0,0.0,0.0,471.01,505.2342857142855,0.0,39.0,4.0,50.0,49.0,11.82,0.8307970168121247,0.5565755266413303
0.0,1.0,0.0,0.0,1020.75,621.1114285714283,0.0,35.0,3.966666666666667,14.0,45.0,15.43,0.8402480696078469,0.5422021592729844
0.0,1.0,0.0,0.0,145.8,586.3114285714283,18.0,19.0,3.7333333333333334,59.0,42.0,12.14,0.8494504794814806,0.527668345562516
0.0,1.0,0.0,0.0,458.24,557.2999999999998,0.0,37.0,3.566666666666667,69.0,45.0,15.3,0.8670985522812081,0.4981366284784055
0.0,1.0,0.0,0.0,691.68,579.0771428571426,0.0,28.0,3.466666666666667,61.0,46.0,19.54,0.8755389928586302,0.4831474640149687
0.0,1.0,0.0,0.0,792.68,584.0628571428568,5.0,28.0,3.6333333333333333,79.0,49.0,15.29,0.8837203473619977,0.4680153284438345
0.0,1.0,0.0,0.0,833.52,630.5257142857141,25.0,23.0,4.466666666666667,74.0,50.0,15.31,0.8916401947968874,0.45274469960737107
0.0,1.0,0.0,0.0,776.11,674.1114285714283,0.0,48.0,4.466666666666667,41.0,46.0,20.0,0.8992961915530253,0.4373400963303323
0.0,1.0,0.0,0.0,557.6,607.9471428571426,5.0,48.0,4.633333333333334,76.0,43.0,16.3,0.9066860720977985,0.4218060770826634
0.0,1.0,0.0,0.0,811.55,703.0542857142854,31.0,35.0,5.466666666666667,67.0,52.0,12.6,0.9138076496466615,0.4061472386305789
0.0,1.0,0.0,0.0,2765.24,1032.625714285714,0.0,66.0,5.466666666666667,62.0,43.0,16.21,0.9272375462179537,0.374473674486883
0.0,1.0,0.0,0.0,653.25,1027.135714285714,13.0,66.0,5.433333333333334,68.0,44.0,15.51,0.9335418911179212,0.35846832151248087
0.0,1.0,0.0,0.0,696.3,1013.3671428571425,19.0,74.0,5.6,57.0,50.0,20.04,0.9395699859530622,0.342356891994542
0.0,1.0,0.0,0.0,805.11,1009.3085714285711,0.0,68.0,5.6,44.0,49.0,17.25,0.945320046913132,0.3261441535642696
0.0,1.0,0.0,0.0,523.71,973.2514285714284,59.0,68.0,7.566666666666666,69.0,47.0,14.64,0.9507903724625832,0.3098349038318025
0.0,1.0,0.0,0.0,676.7,990.265714285714,25.0,122.0,8.4,59.0,44.0,13.42,0.9559793438440766,0.2934339689665273
0.0,1.0,0.0,0.0,518.76,948.4385714285712,0.0,126.0,8.233333333333333,42.0,45.0,17.74,0.9655071658143364,0.2603764827344581
0.0,1.0,0.0,0.0,491.7,623.6471428571425,4.0,126.0,8.366666666666667,69.0,40.0,16.19,0.969843196967294,0.24372971360968387
0.0,1.0,0.0,0.0,709.29,631.6528571428569,0.0,98.0,7.966666666666667,26.0,53.0,14.54,0.9776530844816641,0.2102247521189836
0.0,1.0,0.0,0.0,876.1600000000001,657.3471428571427,0.0,98.0,7.966666666666667,54.0,48.0,19.46,0.981124629771712,0.19337647441020586
0.0,1.0,0.0,0.0,714.68,644.4285714285712,0.0,39.0,7.766666666666667,68.0,45.0,16.63,0.984305844499033,0.17647097349152166
0.0,1.0,0.0,0.0,752.12,677.0585714285711,2.0,14.0,7.6,69.0,45.0,12.0,0.9871957872910085,0.15951325197263655
0.0,1.0,0.0,0.0,542.34,657.8642857142855,8.0,6.0,7.833333333333333,52.0,44.0,12.33,0.9897936029670716,0.14250832791617088
0.0,1.0,0.0,0.0,410.24,642.3614285714283,6.0,14.0,8.033333333333333,72.0,45.0,11.49,0.992098522791769,0.12546123335273648
0.0,1.0,0.0,0.0,545.82,650.0928571428568,0.0,16.0,7.8,42.0,50.0,15.21,0.9941098647022418,0.10837701279187609
0.0,1.0,0.0,0.0,444.11,612.2099999999998,3.0,16.0,7.766666666666667,28.0,51.0,13.32,0.9958270335100595,0.09126072172931188
0.0,1.0,0.0,0.0,934.1,620.4871428571425,6.0,19.0,7.966666666666667,48.0,42.0,12.31,0.9972495210773451,0.07411742515094437
0.0,1.0,0.0,0.0,381.19,572.845714285714,0.0,25.0,7.966666666666667,60.0,46.0,15.13,0.998376906467142,0.056952196034039754
0.0,1.0,0.0,0.0,617.44,553.6057142857142,0.0,25.0,7.966666666666667,56.0,45.0,16.89,0.9992088560679753,0.03977011384605572
0.0,1.0,0.0,0.0,633.82,566.6742857142855,0.0,23.0,7.633333333333334,70.0,47.0,15.3,0.9997451236925734,0.022576263041545485
0.0,1.0,0.0,0.0,712.22,609.8142857142855,15.0,15.0,8.133333333333333,48.0,45.0,21.85,0.9999855506507186,0.005375731557583884
0.0,1.0,0.0,0.0,697.59,631.495714285714,12.0,24.0,8.533333333333333,63.0,45.0,22.56,0.9999300657962057,-0.011826390691832589
0.0,1.0,0.0,0.0,937.86,702.0314285714284,6.0,36.0,8.133333333333333,32.0,46.0,24.62,0.9995786855478958,-0.029025013321975237
0.0,1.0,0.0,0.0,520.08,642.885714285714,0.0,39.0,8.133333333333333,56.0,44.0,22.07,0.9989315138848577,-0.046215046983708354
0.0,1.0,0.0,0.0,815.76,704.9671428571427,7.0,33.0,8.366666666666667,79.0,48.0,18.61,0.9979887423155984,-0.06339140486951038
0.0,1.0,0.0,0.0,999.6,759.5614285714283,12.0,40.0,8.6,72.0,46.0,20.11,0.9952176027737294,-0.09768276782171598
0.0,1.0,0.0,0.0,948.44,804.5071428571426,9.0,70.0,8.066666666666666,17.0,46.0,22.94,0.9888537064205885,-0.1488903868564548
0.0,1.0,0.0,0.0,261.3,740.0899999999998,20.0,73.0,8.733333333333333,33.0,44.0,19.3,0.986146248341595,-0.16587819893463143
0.0,1.0,0.0,0.0,414.05,699.5842857142854,19.0,93.0,9.2,33.0,43.0,20.0,0.9831469737221499,-0.1828169249850199
0.0,1.0,0.0,0.0,3869.0,1118.3185714285712,0.0,105.0,8.166666666666666,35.0,41.0,22.26,0.9798567700958665,-0.1997015525660636
0.0,1.0,0.0,0.0,490.77,1114.1314285714284,14.0,105.0,8.633333333333333,33.0,38.0,19.91,0.9762766110869321,-0.21652708524481437
0.0,1.0,0.0,0.0,397.49,1054.3785714285711,28.0,119.0,9.133333333333333,10.0,41.0,14.0,0.9638074231367307,-0.26659942067929354
0.0,1.0,0.0,0.0,86.8,923.9785714285712,0.0,136.0,8.5,34.0,49.0,19.03,0.9487718864399473,-0.31596187665790293
0.0,1.0,0.0,0.0,446.43,852.2628571428569,191.0,109.0,14.866666666666667,64.0,51.0,7.44,0.9312100364121947,-0.3644830148102912
0.0,1.0,0.0,0.0,333.2,862.5342857142854,25.0,208.0,13.733333333333333,53.0,45.0,12.94,0.9039461929224011,-0.42764620926777464
0.0,1.0,0.0,0.0,445.9,867.0842857142854,0.0,233.0,12.9,52.0,45.0,18.73,0.8964562582905575,-0.44313223418263453
0.0,1.0,0.0,0.0,637.97,405.50857142857114,2.0,220.0,12.966666666666667,57.0,48.0,19.89,0.8806828564301475,-0.47370635037968
0.0,1.0,0.0,0.0,788.13,447.98857142857116,6.0,31.0,13.033333333333333,47.0,44.0,27.45,0.8724040568049612,-0.48878539428899265
0.0,1.0,0.0,0.0,851.4,512.8328571428568,17.0,35.0,13.6,56.0,36.0,27.34,0.8638670987837349,-0.503719798736334
0.0,1.0,0.0,0.0,926.25,632.7542857142854,32.0,52.0,14.666666666666666,65.0,47.0,23.74,0.8550745085896932,-0.518505144391157
0.0,1.0,0.0,0.0,1033.81,716.665714285714,20.0,83.0,15.333333333333334,80.0,47.0,23.15,0.8460288880917339,-0.533137056031809
0.0,1.0,0.0,0.0,1250.1,847.6514285714283,9.0,78.0,15.566666666666666,70.0,40.0,22.49,0.8367329140344921,-0.5476112038402312
0.0,1.0,0.0,0.0,968.01,922.2385714285712,1.0,87.0,15.333333333333334,60.0,48.0,29.35,0.8271893372462497,-0.5619233046832195
0.0,1.0,0.0,0.0,1998.9,1116.6571428571426,18.0,87.0,15.733333333333333,79.0,45.0,24.57,0.8174009818249189,-0.5760691233798758
0.0,1.0,0.0,0.0,1261.65,1184.302857142857,82.0,103.0,18.466666666666665,32.0,48.0,8.84,0.8073707443023492,-0.5900444739548627
0.0,1.0,0.0,0.0,885.78,1189.2142857142856,6.0,179.0,18.566666666666666,78.0,45.0,25.17,0.7971015927871943,-0.6038452208771035
0.0,1.0,0.0,0.0,2124.58,1360.4042857142854,19.0,168.0,19.0,60.0,43.0,26.75,0.7865965660866021,-0.6174672802835514
0.0,1.0,0.0,0.0,1035.23,1360.6071428571427,4.0,231.0,19.133333333333333,83.0,48.0,22.29,0.7648913904341225,-0.6441592666722685
0.0,1.0,0.0,0.0,1258.0,1361.735714285714,4.0,226.0,19.266666666666666,64.0,49.0,22.03,0.753697664392914,-0.6572212950663319
0.0,1.0,0.0,0.0,965.85,1361.4271428571426,3.0,229.0,19.366666666666667,75.0,49.0,27.97,0.742280907086982,-0.6700888411055113
0.0,1.0,0.0,0.0,1932.6,1351.955714285714,36.0,88.0,20.066666666666666,56.0,40.0,20.2,0.6819721490904629,-0.7313781428679254
0.0,1.0,0.0,0.0,701.22,1271.8942857142852,0.0,120.0,19.666666666666668,52.0,51.0,23.38,0.6692903895412567,-0.7430009249440493
0.0,1.0,0.0,0.0,4655.28,1810.3942857142854,30.0,116.0,20.466666666666665,83.0,44.0,23.95,0.6564105761979381,-0.7544038410927472
0.0,1.0,0.0,0.0,1272.32,1688.6428571428569,39.0,143.0,21.766666666666666,32.0,43.0,25.41,0.6433365204044917,-0.765583517007675
0.0,1.0,0.0,0.0,524.38,1615.6642857142854,0.0,146.0,21.533333333333335,77.0,49.0,31.92,0.5891760872322963,-0.8080046647350754
0.0,1.0,0.0,0.0,1683.73,1676.4828571428568,0.0,110.0,21.133333333333333,64.0,47.0,26.39,0.5751899607119775,-0.8180198708443174
0.0,1.0,0.0,0.0,1165.41,1704.991428571428,6.0,94.0,21.033333333333335,43.0,49.0,26.88,0.5467112728685939,-0.8373211953118121
0.0,1.0,0.0,0.0,774.52,1539.5514285714282,54.0,61.0,22.166666666666668,67.0,46.0,21.28,0.5322271388474397,-0.8466016020976267
0.0,1.0,0.0,0.0,1480.42,1650.865714285714,0.0,108.0,21.533333333333335,69.0,47.0,24.07,0.5175855102531889,-0.8556314858488706
0.0,1.0,0.0,0.0,1121.18,1145.9942857142855,18.0,79.0,22.133333333333333,76.0,45.0,23.78,0.5027907197793043,-0.8644081744776648
0.0,1.0,0.0,0.0,1174.55,1132.0271428571427,0.0,92.0,21.666666666666668,46.0,50.0,22.07,0.4878471454423119,-0.8729290708206411
0.0,1.0,0.0,0.0,710.5,1158.6157142857141,6.0,92.0,20.933333333333334,81.0,46.0,22.51,0.47275920928627757,-0.881191653407483
0.0,1.0,0.0,0.0,1212.3,1091.268571428571,32.0,99.0,22.0,15.0,44.0,21.07,0.44216815196707204,-0.8969321743510065
0.0,1.0,0.0,0.0,977.82,1064.4699999999998,30.0,125.0,16.633333333333333,81.0,45.0,16.02,0.42667408318992467,-0.9044054548343001
0.0,1.0,0.0,0.0,1208.21,1126.425714285714,15.0,101.0,16.3,73.0,46.0,24.15,0.4110537546870351,-0.9116111071930239
0.0,1.0,0.0,0.0,1181.21,1083.6814285714283,33.0,108.0,17.4,66.0,44.0,20.64,0.37945284372454435,-0.925211078289358
0.0,1.0,0.0,0.0,878.49,1049.0114285714283,6.0,148.0,17.533333333333335,82.0,46.0,21.24,0.3474028211842774,-0.9377159910299093
0.0,1.0,0.0,0.0,1141.01,1044.2199999999998,34.0,139.0,18.466666666666665,30.0,44.0,19.5,0.3312212278016865,-0.9435531242349544
0.0,1.0,0.0,0.0,374.4,996.205714285714,112.0,141.0,21.633333333333333,80.0,45.0,9.05,0.31494162072895193,-0.9491110448902284
0.0,1.0,0.0,0.0,477.84,891.2828571428569,0.0,223.0,20.566666666666666,67.0,47.0,27.55,0.2985688173637202,-0.9543881083175908
0.0,1.0,0.0,0.0,1264.51,932.2385714285712,1.0,228.0,19.933333333333334,75.0,50.0,23.47,0.26556302780405594,-0.9640935007889755
0.0,1.0,0.0,0.0,1961.6,1039.865714285714,16.0,196.0,20.166666666666668,63.0,46.0,21.29,0.24893980855376657,-0.9685189578512204
0.0,1.0,0.0,0.0,885.06,997.5585714285711,0.0,81.0,20.133333333333333,77.0,48.0,27.56,0.18175978759137534,-0.9833429613388902
0.0,1.0,0.0,0.0,1453.57,1079.7128571428568,1.0,127.0,19.566666666666666,82.0,47.0,21.68,0.13079267585675922,-0.9914097417023038
0.0,1.0,0.0,0.0,1605.48,1146.065714285714,35.0,112.0,18.0,79.0,47.0,15.53,0.11371951458594969,-0.9935128947338007
0.0,1.0,0.0,0.0,1356.23,1286.3271428571427,14.0,140.0,18.266666666666666,31.0,40.0,27.97,0.0966127018812031,-0.9953220513156602
0.0,1.0,0.0,0.0,541.88,1295.475714285714,23.0,160.0,18.4,77.0,45.0,19.69,0.062318379354325076,-0.998056320853012
0.0,1.0,0.0,0.0,992.98,1256.6857142857139,6.0,183.0,18.466666666666665,58.0,47.0,26.17,0.04514101777397193,-0.9989806246941579
0.0,1.0,0.0,0.0,1009.47,1120.6671428571424,8.0,173.0,18.6,63.0,43.0,17.3,-0.00645086419810515,-0.9999791929590823
0.0,1.0,0.0,0.0,697.6,1093.8871428571426,0.0,146.0,18.5,14.0,46.0,17.71,-0.023651127245231586,-0.9997202729664083
0.0,1.0,0.0,0.0,166.16,909.9714285714283,15.0,132.0,17.8,60.0,45.0,16.57,-0.04084439154329611,-0.9991655196610109
0.0,1.0,0.0,0.0,656.04,774.3371428571426,0.0,114.0,17.8,69.0,44.0,16.06,-0.05802556932878035,-0.9983150972033183
0.0,1.0,0.0,0.0,1046.8200000000002,730.1357142857141,0.0,91.0,16.8,68.0,52.0,21.62,-0.07518957641475855,-0.9971692572470178
0.0,1.0,0.0,0.0,1043.7,801.8242857142856,0.0,23.0,15.5,84.0,46.0,22.76,-0.10944576864891556,-0.993992768446958
0.0,1.0,0.0,0.0,1271.48,841.6099999999997,86.0,45.0,18.366666666666667,64.0,47.0,8.25,-0.16057454459499376,-0.9870237158387383
0.0,1.0,0.0,0.0,3559.76,1205.9371428571426,12.0,116.0,18.766666666666666,72.0,48.0,19.08,-0.17752914918703497,-0.984115542601034
0.0,1.0,0.0,0.0,927.45,1238.7728571428568,0.0,137.0,18.566666666666666,52.0,45.0,20.81,-0.2112757555821793,-0.9774264960104055
0.0,1.0,0.0,0.0,730.35,1319.3714285714284,15.0,137.0,17.266666666666666,69.0,46.0,18.3,-0.24477230089725957,-0.9695805901076308
0.0,1.0,0.0,0.0,1430.63,1430.0271428571427,0.0,145.0,17.266666666666666,17.0,48.0,20.59,-0.2614143985111562,-0.965226663665613
0.0,1.0,0.0,0.0,239.75,1314.7314285714285,0.0,122.0,16.666666666666668,65.0,46.0,22.4,-0.2779791393987801,-0.9605871111248129
0.0,1.0,0.0,0.0,1802.24,1423.0942857142854,7.0,36.0,16.9,68.0,45.0,21.28,-0.2944616217868012,-0.9556633054034704
0.0,1.0,0.0,0.0,955.02,1377.8857142857141,0.0,29.0,16.7,69.0,50.0,16.71,-0.3271603271220951,-0.9449688462364056
0.0,1.0,0.0,0.0,807.1,984.6485714285711,20.0,44.0,16.3,59.0,42.0,19.19,-0.3594718130884232,-0.9331559438780432
0.0,1.0,0.0,0.0,718.82,954.8442857142855,0.0,49.0,15.3,33.0,46.0,19.58,-0.3754703786876202,-0.9268343944460494
0.0,1.0,0.0,0.0,423.13,910.9557142857141,3.0,45.0,14.9,69.0,44.0,17.88,-0.4227806579826773,-0.9062320427107697
0.0,1.0,0.0,0.0,4363.61,1329.9528571428568,16.0,41.0,14.333333333333334,74.0,38.0,19.05,-0.4383067230125192,-0.898825465016444
0.0,1.0,0.0,0.0,853.05,1417.5671428571425,14.0,57.0,14.6,68.0,42.0,20.06,-0.45370308603134424,-0.8911529104063088
0.0,1.0,0.0,0.0,859.32,1282.8642857142856,0.0,56.0,13.466666666666667,57.0,48.0,20.14,-0.46896519100763184,-0.8832166493127127
0.0,1.0,0.0,0.0,780.64,1257.9528571428568,0.0,36.0,9.733333333333333,32.0,47.0,16.59,-0.48408852163897587,-0.8750190302029955
0.0,1.0,0.0,0.0,361.08,1194.235714285714,21.0,36.0,10.433333333333334,44.0,45.0,13.91,-0.4990686026885319,-0.8665624788845385
0.0,1.0,0.0,0.0,403.92,1149.2499999999998,12.0,57.0,10.8,79.0,43.0,14.89,-0.5139010013093103,-0.8578494977869301
0.0,1.0,0.0,0.0,740.88,1194.6428571428569,27.0,66.0,11.166666666666666,38.0,46.0,14.5,-0.5285813283559292,-0.8488826652214553
0.0,1.0,0.0,0.0,366.42,623.615714285714,33.0,95.0,12.266666666666667,67.0,39.0,13.75,-0.5574684374327892,-0.8301981337405212
0.0,1.0,0.0,0.0,557.2,581.3514285714283,14.0,114.0,12.7,67.0,48.0,20.66,-0.5716666713027052,-0.8204859638785327
0.0,1.0,0.0,0.0,920.36,590.0714285714283,0.0,132.0,11.533333333333333,74.0,47.0,19.91,-0.5995514915196489,-0.8003361849976323
0.0,1.0,0.0,0.0,1001.64,621.6428571428569,25.0,111.0,11.9,71.0,46.0,13.68,-0.6132298262997502,-0.7899045386224707
0.0,1.0,0.0,0.0,2318.7200000000003,901.3057142857141,14.0,124.0,11.6,60.0,48.0,14.53,-0.6267266965083301,-0.7792391467859886
0.0,1.0,0.0,0.0,579.88,926.442857142857,3.0,119.0,11.5,61.0,44.0,18.7,-0.666088855860977,-0.7458723993404063
0.0,1.0,0.0,0.0,1090.76,976.425714285714,30.0,108.0,12.233333333333333,34.0,42.0,13.85,-0.6788204829862355,-0.734304263829602
0.0,1.0,0.0,0.0,296.73,966.4699999999997,12.0,134.0,12.633333333333333,58.0,46.0,18.41,-0.6913512362094071,-0.722518835873311
0.0,1.0,0.0,0.0,4255.2,1494.7557142857138,10.0,144.0,12.466666666666667,65.0,45.0,14.46,-0.7157953492826642,-0.6983101158835584
0.0,1.0,0.0,0.0,611.0,1450.561428571428,9.0,140.0,12.766666666666667,45.0,50.0,14.76,-0.7277014757264236,-0.6858939875998223
0.0,1.0,0.0,0.0,1282.16,1490.6357142857141,0.0,87.0,12.766666666666667,68.0,45.0,17.41,-0.7508642533989489,-0.6604565640279754
0.0,1.0,0.0,0.0,3452.28,1652.572857142857,9.0,84.0,13.066666666666666,40.0,44.0,16.88,-0.7621140503891487,-0.6474427960827475
0.0,1.0,0.0,0.0,442.12,1632.892857142857,0.0,53.0,10.2,76.0,42.0,17.93,-0.7839338166829201,-0.620844401650647
0.0,1.0,0.0,0.0,1299.3200000000002,1662.6871428571428,12.0,30.0,10.2,60.0,40.0,20.17,-0.7944973291665992,-0.6072676460566135
0.0,1.0,0.0,0.0,750.2,1727.468571428571,37.0,73.0,11.433333333333334,30.0,45.0,10.87,-0.8343701235229538,-0.5512045872199277
0.0,1.0,0.0,0.0,215.16,1150.32,18.0,101.0,11.533333333333333,61.0,47.0,17.34,-0.8437282590292712,-0.5367705514607103
0.0,1.0,0.0,0.0,724.73,1166.5671428571427,0.0,117.0,11.533333333333333,51.0,47.0,14.76,-0.8528367217694595,-0.522177676659508
0.0,1.0,0.0,0.0,504.51,1055.4742857142855,19.0,109.0,12.166666666666666,67.0,43.0,16.97,-0.8702939222685674,-0.49253272872205434
0.0,1.0,0.0,0.0,739.05,667.8699999999998,5.0,90.0,12.1,71.0,45.0,19.97,-0.8786374941610001,-0.4774894280028391
0.0,1.0,0.0,0.0,928.79,737.3942857142855,0.0,83.0,12.1,48.0,47.0,20.29,-0.886721063082993,-0.46230483047981086
0.0,1.0,0.0,0.0,657.45,645.6985714285712,17.0,83.0,12.0,33.0,44.0,20.0,-0.8945422369764496,-0.4469834295196741
0.0,1.0,0.0,0.0,435.6,600.755714285714,2.0,63.0,12.066666666666666,68.0,40.0,19.81,-0.9020987014301837,-0.43152975897147144
0.0,1.0,0.0,0.0,848.61,691.2485714285712,5.0,76.0,12.133333333333333,77.0,46.0,16.74,-0.9164086366943458,-0.4002439388573056
0.0,1.0,0.0,0.0,882.97,713.8542857142855,57.0,77.0,13.5,58.0,43.0,13.19,-0.9231578729647039,-0.38442104726885545
0.0,1.0,0.0,0.0,3294.6,1112.438571428571,0.0,122.0,13.033333333333333,42.0,45.0,21.6,-0.9358348973349941,-0.35243871088460327
0.0,1.0,0.0,0.0,1346.16,1199.168571428571,66.0,122.0,15.233333333333333,37.0,46.0,6.43,-0.9417589340994617,-0.33628873017668287
0.0,1.0,0.0,0.0,159.46,1089.2642857142855,28.0,174.0,16.166666666666668,69.0,44.0,12.94,-0.9578523554276669,-0.28726097055059635
0.0,1.0,0.0,0.0,575.99,1077.6271428571426,44.0,197.0,16.933333333333334,63.0,47.0,12.68,-0.9626519747161487,-0.2707418984477642
0.0,1.0,0.0,0.0,539.33,1092.445714285714,0.0,216.0,16.533333333333335,24.0,49.0,19.75,-0.9753363880767837,-0.2207236509605022
0.0,1.0,0.0,0.0,329.43,1018.2771428571426,50.0,121.0,17.3,76.0,42.0,12.53,-0.9854237542919524,-0.17011767832049052
0.0,1.0,0.0,0.0,599.76,977.8185714285711,0.0,77.0,16.2,65.0,51.0,22.02,-0.9928872135356962,-0.11905873003404988
0.0,1.0,0.0,0.0,1001.7,650.2614285714283,25.0,62.0,16.566666666666666,38.0,48.0,15.05,-0.994788305609327,-0.10196189005174576
0.0,1.0,0.0,0.0,706.24,558.8442857142855,10.0,90.0,16.9,73.0,44.0,22.62,-0.9977068927101168,-0.06768276175455162
0.0,1.0,0.0,0.0,1835.15,798.2285714285712,2.0,95.0,16.133333333333333,59.0,48.0,18.51,-0.9987235240803972,-0.050510617185222886
0.0,1.0,0.0,0.0,748.02,822.8042857142856,41.0,47.0,17.033333333333335,65.0,48.0,16.57,-0.9994446170919858,-0.033323525711631344
0.0,1.0,0.0,0.0,726.98,849.6114285714283,12.0,88.0,17.333333333333332,68.0,46.0,22.4,-0.9998699583618592,-0.016126573270657762
0.0,1.0,0.0,0.0,1012.8,947.2357142857142,28.0,93.0,17.266666666666666,59.0,46.0,18.07,-0.9999994220246925,0.001075151282798226
0.0,1.0,0.0,0.0,1066.23,1013.8742857142854,17.0,121.0,17.433333333333334,24.0,45.0,24.29,-0.999832969770105,0.018276557681691223
0.0,1.0,0.0,0.0,387.69,926.1585714285712,0.0,113.0,17.1,73.0,44.0,24.07,-0.9993706508539969,0.03547255575312556
0.0,1.0,0.0,0.0,1142.05,988.4171428571426,66.0,110.0,19.0,73.0,48.0,7.62,-0.9986126020839734,0.052658056924614005
0.0,1.0,0.0,0.0,372.52,779.4699999999997,16.0,150.0,19.533333333333335,74.0,45.0,24.72,-0.9945667569706337,0.1041007489354256
0.0,1.0,0.0,0.0,1225.43,847.6714285714285,0.0,142.0,19.233333333333334,20.0,49.0,25.25,-0.9903973200352558,0.1382503109109819
0.0,1.0,0.0,0.0,345.93,793.2357142857139,9.0,125.0,19.533333333333335,72.0,43.0,25.89,-0.9878726596350429,0.15526624985999563
0.0,1.0,0.0,0.0,1192.96,818.9728571428568,33.0,134.0,20.233333333333334,61.0,43.0,16.69,-0.9850556718215013,0.172236243027682
0.0,1.0,0.0,0.0,646.43,759.0014285714284,21.0,120.0,19.7,57.0,47.0,17.84,-0.9748595108374125,0.22282040779479959
0.0,1.0,0.0,0.0,681.39,800.9585714285712,26.0,202.0,19.966666666666665,62.0,43.0,12.66,-0.9620675724981452,0.27281126433401914
0.0,1.0,0.0,0.0,3200.32,1094.9971428571425,3.0,219.0,20.066666666666666,61.0,47.0,20.9,-0.957232443323312,0.28931997761869527
0.0,1.0,0.0,0.0,847.88,1162.905714285714,25.0,189.0,20.266666666666666,65.0,47.0,19.06,-0.9521140536681102,0.3057430764672831
0.0,1.0,0.0,0.0,836.33,1107.3199999999997,11.0,214.0,20.466666666666665,76.0,42.0,20.21,-0.9410336347451197,0.3383130181923076
0.0,1.0,0.0,0.0,4388.04,1684.7642857142855,5.0,204.0,20.633333333333333,49.0,47.0,26.86,-0.9350748843515574,0.3544502230989869
0.0,1.0,0.0,0.0,1352.3,1707.5271428571425,73.0,164.0,22.5,70.0,50.0,8.51,-0.9155458729775467,0.40221356823680365
0.0,1.0,0.0,0.0,1859.22,1880.7828571428568,2.0,212.0,22.5,56.0,54.0,23.48,-0.9011686968561569,0.4334685453485363
0.0,1.0,0.0,0.0,1313.8,1971.1271428571424,45.0,178.0,23.833333333333332,49.0,44.0,24.57,-0.8857249183835637,0.4642104791518923
0.0,1.0,0.0,0.0,1518.6,1730.8814285714284,2.0,218.0,22.0,44.0,49.0,19.55,-0.8776087166898392,0.4793776594606945
0.0,1.0,0.0,0.0,597.7,1695.1414285714284,0.0,205.0,22.0,68.0,45.0,20.99,-0.8692328164574792,0.49440298420761813
0.0,1.0,0.0,0.0,941.82,1710.2114285714283,24.0,103.0,20.6,70.0,44.0,16.13,-0.8425720899866032,0.5385835804920232
0.0,1.0,0.0,0.0,733.85,1188.1842857142854,22.0,125.0,20.4,51.0,36.0,16.59,-0.8331829385891785,0.5529974600700271
0.0,1.0,0.0,0.0,503.37,1066.9085714285711,32.0,126.0,20.0,41.0,43.0,16.59,-0.8235472349556007,0.5672476988027229
0.0,1.0,0.0,0.0,952.0,937.305714285714,45.0,113.0,21.5,39.0,46.0,16.64,-0.8136678304455991,0.5813300798152042
0.0,1.0,0.0,0.0,431.59,811.2757142857141,39.0,156.0,21.133333333333333,74.0,52.0,16.53,-0.8035476485339116,0.5952404359043674
0.0,1.0,0.0,0.0,856.1,716.6328571428569,43.0,195.0,22.566666666666666,52.0,47.0,17.25,-0.7931896839451843,0.6089746507720486
0.0,1.0,0.0,0.0,3720.99,1162.8171428571425,3.0,229.0,21.833333333333332,70.0,45.0,22.37,-0.7825970017677834,0.6225286602431057
0.0,1.0,0.0,0.0,4538.39,1676.612857142857,31.0,208.0,22.533333333333335,56.0,45.0,21.59,-0.7717727365467836,0.6358984534680745
0.0,1.0,0.0,0.0,791.89,1684.9042857142854,75.0,203.0,24.966666666666665,66.0,45.0,9.59,-0.7494423368521954,0.6620696215153815
0.0,1.0,0.0,0.0,414.62,1672.225714285714,14.0,246.0,24.066666666666666,32.0,44.0,19.94,-0.7379428103031386,0.6748632518680403
0.0,1.0,0.0,0.0,411.51,1595.012857142857,2.0,215.0,23.733333333333334,67.0,41.0,21.24,-0.7262249146041543,0.6874571793269664
0.0,1.0,0.0,0.0,917.84,1664.4771428571428,7.0,210.0,23.033333333333335,59.0,43.0,19.12,-0.6897960046655887,0.7240037789593305
0.0,1.0,0.0,0.0,1476.92,1753.1657142857143,17.0,186.0,23.033333333333335,61.0,43.0,26.92,-0.6772399381909491,0.7357622347736527
0.0,1.0,0.0,0.0,1042.67,1370.5485714285714,27.0,193.0,23.933333333333334,70.0,49.0,17.16,-0.6644834655228552,0.7473029667054296
0.0,1.0,0.0,0.0,2765.68,1117.3042857142855,37.0,145.0,22.966666666666665,28.0,46.0,19.04,-0.6515303615068021,0.75862255966641
0.0,1.0,0.0,0.0,349.12,1054.0514285714282,2.0,211.0,22.5,60.0,45.0,20.2,-0.6250496486104377,0.7805849965070866
0.0,1.0,0.0,0.0,1590.04,1221.9685714285713,1.0,234.0,22.533333333333335,72.0,45.0,19.85,-0.5978291414589552,0.801623551065242
0.0,1.0,0.0,0.0,936.0,1296.895714285714,7.0,228.0,22.466666666666665,72.0,44.0,20.61,-0.5839514998576998,0.8117885474764613
0.0,1.0,0.0,0.0,2259.76,1488.5985714285712,3.0,218.0,21.466666666666665,66.0,48.0,24.03,-0.5699010576127624,0.8217133225960589
0.0,1.0,0.0,0.0,1078.48,1431.678571428571,68.0,194.0,23.033333333333335,21.0,47.0,10.14,-0.5556819724760489,0.8313949395234058
0.0,1.0,0.0,0.0,143.78,1303.265714285714,0.0,225.0,22.166666666666668,68.0,48.0,22.5,-0.5412984521036173,0.8408305333122887
0.0,1.0,0.0,0.0,1048.05,1057.8899999999996,24.0,116.0,22.866666666666667,65.0,40.0,18.51,-0.4972040784469378,0.8676336233547726
0.0,1.0,0.0,0.0,757.89,1116.285714285714,29.0,162.0,23.0,56.0,46.0,14.11,-0.46706492487743034,0.8842230238742036
0.0,1.0,0.0,0.0,509.55,961.9299999999997,12.0,207.0,23.033333333333335,65.0,45.0,16.18,-0.4363729641045924,0.8997658785476209
0.0,1.0,0.0,0.0,689.06,926.6528571428569,2.0,219.0,22.933333333333334,67.0,43.0,22.22,-0.42083100859565564,0.9071390534005044
0.0,1.0,0.0,0.0,982.74,744.2214285714283,13.0,210.0,20.933333333333334,58.0,40.0,18.83,-0.4051645224207563,0.9142437912130223
0.0,1.0,0.0,0.0,682.5,687.6528571428569,0.0,175.0,20.866666666666667,82.0,44.0,17.05,-0.37347653741307074,0.9276396261490467
0.0,1.0,0.0,0.0,4171.68,1263.0671428571425,21.0,145.0,20.066666666666666,60.0,45.0,15.25,-0.3574644155648614,0.9339267592294762
0.0,1.0,0.0,0.0,599.33,1198.9642857142858,12.0,137.0,20.4,24.0,46.0,18.88,-0.34134651424503615,0.9399375283564133
0.0,1.0,0.0,0.0,303.51,1134.052857142857,24.0,58.0,21.2,71.0,46.0,10.9,-0.29240597695107734,0.9562942772197719
0.0,1.0,0.0,0.0,499.23,1132.5785714285712,52.0,83.0,22.133333333333333,77.0,43.0,15.6,-0.2593382659754056,0.9657865518844574
0.0,1.0,0.0,0.0,798.67,1148.2371428571425,2.0,232.0,21.466666666666665,62.0,53.0,19.77,-0.19232150523909483,0.9813319716704275
0.0,1.0,0.0,0.0,1654.85,1244.252857142857,5.0,224.0,20.566666666666666,60.0,47.0,21.73,-0.17541259380427843,0.9844950085880858
0.0,1.0,0.0,0.0,880.2,1272.495714285714,1.0,245.0,19.1,77.0,46.0,20.87,-0.14144406768794202,0.9899462489023779
0.0,1.0,0.0,0.0,3251.65,1141.062857142857,53.0,194.0,19.566666666666666,74.0,41.0,13.82,-0.12439450483979998,0.9922328391893008
0.0,1.0,0.0,0.0,1112.49,1214.3714285714284,5.0,247.0,18.3,28.0,48.0,22.18,-0.10730813165636247,0.9942258118156161
0.0,1.0,0.0,0.0,428.49,1232.225714285714,4.0,252.0,18.333333333333332,72.0,44.0,19.82,-0.09019000427034513,0.9959245770286599
0.0,1.0,0.0,0.0,948.96,1296.4728571428568,29.0,126.0,18.266666666666666,82.0,45.0,14.17,-0.07304518821104743,0.9973286321364752
0.0,1.0,0.0,0.0,755.3,1290.2771428571427,10.0,153.0,16.1,76.0,42.0,17.92,-0.05587875690537313,0.9984375616565666
0.0,1.0,0.0,0.0,1755.6799999999998,1304.6814285714283,0.0,158.0,15.633333333333333,58.0,44.0,18.26,-0.03869579017652689,0.9992510374388481
0.0,1.0,0.0,0.0,698.94,1278.7871428571427,29.0,102.0,16.533333333333335,64.0,44.0,12.73,-0.021501372740813793,0.999768818762748
0.0,1.0,0.0,0.0,2615.52,1187.9114285714281,1.0,136.0,16.333333333333332,61.0,53.0,8.26,0.03439806061360801,0.9994082116062598
0.0,1.0,0.0,0.0,362.88,1080.8242857142855,0.0,122.0,15.766666666666667,72.0,49.0,11.76,0.06875540848113941,0.9976335468520451
0.0,1.0,0.0,0.0,1116.4299999999998,1179.1014285714282,14.0,112.0,15.333333333333334,60.0,47.0,10.48,0.08590610426133272,0.9963032375991965
0.0,1.0,0.0,0.0,418.29,1103.2914285714282,0.0,126.0,14.1,77.0,50.0,9.14,0.10303137904317879,0.9946781061893646
0.0,1.0,0.0,0.0,489.28,1065.288571428571,18.0,97.0,14.633333333333333,50.0,46.0,9.2,0.1201261651823505,0.9927586335250793
0.0,1.0,0.0,0.0,303.6,857.8485714285711,20.0,61.0,15.266666666666667,65.0,45.0,10.78,0.17117705961019986,0.985240282501282
0.0,1.0,0.0,0.0,469.67,825.0957142857139,0.0,67.0,15.033333333333333,52.0,46.0,9.08,0.20496611396949532,0.9787690698649216
0.0,1.0,0.0,0.0,318.6,496.96428571428544,0.0,53.0,14.933333333333334,62.0,44.0,11.34,0.22177215755648186,0.975098513039961
0.0,1.0,0.0,0.0,471.01,512.4114285714284,3.0,53.0,12.766666666666667,62.0,50.0,11.76,0.23851257519407648,0.9711394088771653
0.0,1.0,0.0,0.0,1300.66,538.7299999999998,27.0,32.0,13.666666666666666,77.0,38.0,8.23,0.2717767384711357,0.9623603298276545
0.0,1.0,0.0,0.0,389.91,534.675714285714,0.0,58.0,12.866666666666667,48.0,48.0,8.96,0.2882906407095177,0.9575429528116719
0.0,1.0,0.0,0.0,288.1,505.935714285714,0.0,83.0,11.9,73.0,43.0,10.33,0.3373010691361842,0.9413968285264122
0.0,1.0,0.0,0.0,1292.87,647.2599999999996,9.0,83.0,11.8,61.0,46.0,9.89,0.3534446712740877,0.9354554315134164
0.0,1.0,0.0,0.0,404.01,637.8799999999998,18.0,95.0,12.333333333333334,68.0,47.0,11.69,0.38541335945432564,0.9227440286201427
0.0,1.0,0.0,0.0,528.68,667.8914285714283,3.0,86.0,12.0,73.0,48.0,11.21,0.4012289854475009,0.9159777842484877
0.0,1.0,0.0,0.0,873.06,725.3271428571426,27.0,89.0,12.9,76.0,46.0,8.33,0.4169258813287287,0.908940487313808
0.0,1.0,0.0,0.0,2710.11,926.6771428571426,4.0,85.0,12.333333333333334,25.0,52.0,9.72,0.4784338202547012,0.8781236129591848
0.0,1.0,0.0,0.0,171.32,895.4499999999997,0.0,79.0,11.933333333333334,43.0,47.0,11.98,0.49346814167723735,0.8697638720650646
0.0,1.0,0.0,0.0,968.62,992.6671428571426,0.0,61.0,11.133333333333333,65.0,48.0,9.17,0.5083564379375122,0.8611467540480452
0.0,1.0,0.0,0.0,1193.28,978.4399999999997,13.0,58.0,9.833333333333334,72.0,47.0,9.07,0.5230943033491326,0.8522748088519838
0.0,1.0,0.0,0.0,440.78,983.6928571428568,0.0,43.0,9.766666666666667,60.0,48.0,9.12,0.5521013427459208,0.8337770129585915
0.0,1.0,0.0,0.0,371.96,961.3042857142855,0.0,35.0,9.6,46.0,41.0,7.33,0.5943761565849831,0.804187157621448
0.0,1.0,0.0,0.0,220.74,868.1157142857139,0.0,35.0,9.566666666666666,68.0,49.0,9.46,0.6081214998935418,0.7938439653781019
0.0,1.0,0.0,0.0,446.89,544.7985714285712,0.0,24.0,7.8,66.0,49.0,7.56,0.6350683134867438,0.7724559775191742
0.0,1.0,0.0,0.0,344.31,569.5114285714283,0.0,24.0,7.633333333333334,70.0,48.0,8.97,0.6482618097757122,0.7614175109532997
0.0,1.0,0.0,0.0,423.9,491.6942857142854,0.0,24.0,7.5,62.0,49.0,10.63,0.6612634749656386,0.7501537286959042
0.0,1.0,0.0,0.0,4393.12,948.8142857142855,6.0,9.0,6.733333333333333,22.0,46.0,8.73,0.6740694616546161,0.7386679638813748
0.0,1.0,0.0,0.0,127.68,904.0857142857141,0.0,8.0,6.4,66.0,47.0,7.39,0.6866759803451553,0.726963615332308
0.0,1.0,0.0,0.0,3799.84,1393.7828571428568,0.0,29.0,6.4,50.0,48.0,10.44,0.7112757519738152,0.7029130847082615
0.0,1.0,0.0,0.0,357.57,1413.3299999999997,0.0,35.0,5.433333333333334,93.0,46.0,9.17,0.7350336741329413,0.6780306024735382
0.0,1.0,0.0,0.0,575.78,1431.7428571428568,0.0,35.0,5.4,71.0,47.0,7.54,0.746588114532413,0.6652865452111116
0.0,1.0,0.0,0.0,363.8,1434.5271428571425,0.0,35.0,5.4,44.0,49.0,8.8,0.7579216274973472,0.6523456189565257
0.0,1.0,0.0,0.0,1635.9,1607.6699999999998,8.0,29.0,5.2,61.0,48.0,8.34,0.7690308592589181,0.6392116531380588
0.0,1.0,0.0,0.0,348.67,1029.8914285714284,7.0,37.0,5.433333333333334,71.0,49.0,9.86,0.7799125224167177,0.6258885343075018
0.0,1.0,0.0,0.0,483.0,1080.6514285714281,9.0,23.0,5.133333333333334,72.0,48.0,10.11,0.8009803309782905,0.5986906625177214
0.0,1.0,0.0,0.0,495.04,608.5371428571426,0.0,24.0,4.466666666666667,66.0,45.0,9.27,0.8111602420785621,0.5848239578463322
0.0,1.0,0.0,0.0,410.04,616.0328571428569,0.0,24.0,4.466666666666667,45.0,50.0,9.51,0.8211001178128892,0.5707841943569036
0.0,1.0,0.0,0.0,299.6,576.5785714285712,0.0,38.0,4.466666666666667,53.0,46.0,9.32,0.8402480696078469,0.5422021592729844
0.0,1.0,0.0,0.0,333.45,572.2428571428569,0.0,30.0,4.366666666666666,73.0,43.0,7.96,0.8494504794814806,0.527668345562516
0.0,1.0,0.0,0.0,380.56,392.9085714285712,0.0,23.0,3.466666666666667,52.0,46.0,13.63,0.8584015232918917,0.512978386299228
0.0,1.0,0.0,0.0,482.12,411.9728571428569,40.0,23.0,4.8,73.0,50.0,9.19,0.8670985522812081,0.4981366284784055
0.0,1.0,0.0,0.0,466.35,409.5942857142855,0.0,54.0,4.8,50.0,47.0,9.06,0.8755389928586302,0.4831474640149687
0.0,1.0,0.0,0.0,303.51,382.23285714285686,0.0,54.0,4.5,63.0,48.0,12.95,0.8837203473619977,0.4680153284438345
0.0,1.0,0.0,0.0,3590.12,836.5299999999996,0.0,54.0,3.9,25.0,50.0,13.64,0.8916401947968874,0.45274469960737107
0.0,1.0,0.0,0.0,235.29,827.3428571428569,20.0,43.0,4.466666666666667,78.0,50.0,10.29,0.9066860720977985,0.4218060770826634
0.0,1.0,0.0,0.0,4367.06,1403.572857142857,0.0,63.0,3.566666666666667,62.0,41.0,11.13,0.9138076496466615,0.4061472386305789
0.0,1.0,0.0,0.0,1064.15,1501.2285714285713,14.0,63.0,3.9,69.0,36.0,13.33,0.9206588168102428,0.3903682146763026
0.0,1.0,0.0,0.0,552.0,1511.2114285714283,4.0,37.0,4.033333333333333,70.0,46.0,13.11,0.9272375462179537,0.374473674486883
0.0,1.0,0.0,0.0,975.47,1583.9428571428573,45.0,41.0,5.533333333333333,63.0,44.0,8.54,0.9335418911179212,0.35846832151248087
0.0,1.0,0.0,0.0,2605.01,1912.7285714285713,7.0,86.0,5.333333333333333,21.0,39.0,12.19,0.9395699859530622,0.342356891994542
0.0,1.0,0.0,0.0,157.44,1422.345714285714,0.0,90.0,5.333333333333333,66.0,45.0,10.82,0.9507903724625832,0.3098349038318025
0.0,1.0,0.0,0.0,485.52,1458.0928571428572,0.0,70.0,5.333333333333333,71.0,48.0,10.31,0.9559793438440766,0.2934339689665273
0.0,1.0,0.0,0.0,501.42,905.8585714285712,28.0,70.0,6.266666666666667,60.0,44.0,9.95,0.9608854255574977,0.27694620226893646
0.0,1.0,0.0,0.0,394.02,810.125714285714,0.0,84.0,6.266666666666667,57.0,45.0,12.54,0.9655071658143364,0.2603764827344581
0.0,1.0,0.0,0.0,471.9,798.6828571428568,17.0,80.0,6.833333333333333,65.0,45.0,12.45,0.969843196967294,0.24372971360968387
0.0,1.0,0.0,0.0,529.89,735.0285714285711,30.0,52.0,7.833333333333333,36.0,45.0,9.39,0.9738922359149924,0.22701082094141847
0.0,1.0,0.0,0.0,223.08,394.7528571428569,0.0,75.0,7.633333333333334,73.0,52.0,10.16,0.981124629771712,0.19337647441020586
0.0,1.0,0.0,0.0,1111.8200000000002,531.0928571428569,0.0,75.0,7.633333333333334,60.0,51.0,9.28,0.984305844499033,0.17647097349152166
0.0,1.0,0.0,0.0,392.69,517.8314285714283,9.0,53.0,7.933333333333334,62.0,46.0,9.69,0.9897936029670716,0.14250832791617088
0.0,1.0,0.0,0.0,396.66,502.86571428571403,0.0,62.0,7.933333333333334,57.0,53.0,10.61,0.992098522791769,0.12546123335273648
0.0,1.0,0.0,0.0,426.53,507.50999999999976,17.0,15.0,8.5,66.0,44.0,8.38,0.9958270335100595,0.09126072172931188
0.0,1.0,0.0,0.0,356.69,491.05142857142835,10.0,53.0,8.833333333333334,68.0,43.0,9.51,0.9997451236925734,0.022576263041545485
0.0,1.0,0.0,0.0,417.31,474.9685714285712,0.0,54.0,8.566666666666666,58.0,48.0,13.66,0.9999855506507186,0.005375731557583884
0.0,1.0,0.0,0.0,538.56,520.0371428571426,0.0,54.0,8.333333333333334,28.0,48.0,14.21,0.9999300657962057,-0.011826390691832589
0.0,1.0,0.0,0.0,272.63,400.1528571428568,12.0,52.0,8.433333333333334,72.0,45.0,14.56,0.9989315138848577,-0.046215046983708354
0.0,1.0,0.0,0.0,702.16,444.36285714285685,18.0,64.0,9.033333333333333,74.0,42.0,12.47,0.9979887423155984,-0.06339140486951038
0.0,1.0,0.0,0.0,581.49,470.7671428571426,63.0,71.0,11.133333333333333,66.0,37.0,4.53,0.9967506498213929,-0.08054900421874167
0.0,1.0,0.0,0.0,496.91,480.8214285714283,8.0,118.0,11.4,45.0,44.0,12.69,0.9952176027737294,-0.09768276782171598
0.0,1.0,0.0,0.0,371.15,482.8871428571425,0.0,116.0,11.4,71.0,49.0,14.82,0.9933900548258936,-0.11478762552212701
0.0,1.0,0.0,0.0,725.88,526.9685714285712,31.0,116.0,12.433333333333334,18.0,41.0,10.89,0.9912685467787256,-0.13185851571739118
0.0,1.0,0.0,0.0,122.5,467.5314285714283,2.0,147.0,11.166666666666666,27.0,50.0,11.37,0.9888537064205885,-0.1488903868564548
0.0,1.0,0.0,0.0,211.83,458.84571428571405,6.0,134.0,11.366666666666667,30.0,45.0,15.8,0.986146248341595,-0.16587819893463143
0.0,1.0,0.0,0.0,312.84,403.2285714285712,47.0,128.0,12.933333333333334,25.0,38.0,9.2,0.9831469737221499,-0.1828169249850199
0.0,1.0,0.0,0.0,140.3,340.20142857142827,0.0,157.0,12.933333333333334,19.0,49.0,15.68,0.9798567700958665,-0.1997015525660636
0.0,1.0,0.0,0.0,208.6,299.01428571428545,49.0,86.0,13.9,20.0,44.0,10.75,0.9724075561219968,-0.23328854407545518
0.0,1.0,0.0,0.0,137.6,265.6499999999997,19.0,135.0,14.533333333333333,12.0,45.0,13.67,0.9682507501166718,-0.2499809690726521
0.0,1.0,0.0,0.0,827.24,280.1299999999997,0.0,121.0,14.066666666666666,25.0,46.0,14.36,0.9590788900341131,-0.28313898122818354
0.0,1.0,0.0,0.0,240.53,296.99142857142834,11.0,115.0,14.3,26.0,43.0,12.5,0.9540665500578387,-0.2995947563972602
0.0,1.0,0.0,0.0,1028.75,413.69428571428546,22.0,79.0,13.533333333333333,20.0,44.0,10.75,0.9487718864399473,-0.31596187665790293
0.0,1.0,0.0,0.0,139.75,388.9671428571426,0.0,101.0,13.3,81.0,47.0,15.33,0.9431964659565866,-0.33223549871590435
0.0,1.0,0.0,0.0,838.35,488.6885714285712,28.0,101.0,14.233333333333333,63.0,45.0,13.05,0.9373419384643772,-0.3484108069446808
0.0,1.0,0.0,0.0,542.52,536.3914285714283,15.0,100.0,14.733333333333333,69.0,48.0,12.36,0.9248025743285089,-0.38044736628785164
0.0,1.0,0.0,0.0,580.04,599.5971428571427,4.0,115.0,13.933333333333334,96.0,41.0,15.65,0.9181214482844364,-0.39629913726891813
0.0,1.0,0.0,0.0,953.77,617.6728571428569,0.0,119.0,13.933333333333334,59.0,50.0,11.64,0.9111686353326631,-0.41203363695942635
0.0,1.0,0.0,0.0,879.03,708.8871428571426,0.0,108.0,13.366666666666667,42.0,44.0,14.62,0.9039461929224011,-0.42764620926777464
0.0,1.0,0.0,0.0,405.24,619.8142857142855,44.0,86.0,13.833333333333334,64.0,47.0,9.83,0.8964562582905575,-0.44313223418263453
0.0,1.0,0.0,0.0,424.58,660.5042857142854,13.0,130.0,14.266666666666667,67.0,47.0,15.1,0.8887010478292915,-0.45848712914008766
0.0,1.0,0.0,0.0,1219.98,715.0228571428569,9.0,115.0,14.566666666666666,24.0,46.0,14.54,0.8806828564301475,-0.47370635037968
0.0,1.0,0.0,0.0,232.09,670.675714285714,9.0,85.0,14.566666666666666,69.0,42.0,19.55,0.8724040568049612,-0.48878539428899265
0.0,1.0,0.0,0.0,4698.62,1259.0442857142855,29.0,79.0,15.533333333333333,68.0,44.0,14.81,0.8638670987837349,-0.503719798736334
0.0,1.0,0.0,0.0,1154.59,1287.7328571428568,18.0,129.0,15.566666666666666,80.0,45.0,19.39,0.8367329140344921,-0.5476112038402312
0.0,1.0,0.0,0.0,1015.91,1307.2871428571427,29.0,103.0,16.2,71.0,42.0,14.9,0.8271893372462497,-0.5619233046832195
0.0,1.0,0.0,0.0,1489.12,1462.1271428571429,14.0,117.0,16.666666666666668,69.0,40.0,16.59,0.7865965660866021,-0.6174672802835514
0.0,1.0,0.0,0.0,698.45,1501.2514285714283,40.0,121.0,18.0,79.0,47.0,15.05,0.7648913904341225,-0.6441592666722685
0.0,1.0,0.0,0.0,4136.63,1917.9157142857136,11.0,143.0,17.966666666666665,85.0,43.0,19.81,0.753697664392914,-0.6572212950663319
0.0,1.0,0.0,0.0,1086.18,2039.9285714285709,0.0,125.0,17.366666666666667,49.0,49.0,16.2,0.742280907086982,-0.6700888411055113
0.0,1.0,0.0,0.0,1295.86,1553.8199999999997,4.0,113.0,15.4,97.0,47.0,15.01,0.7306444969184916,-0.6827580970759147
0.0,1.0,0.0,0.0,1011.92,1533.438571428571,15.0,86.0,15.633333333333333,61.0,46.0,20.95,0.7187918772884232,-0.6952253139408722
0.0,1.0,0.0,0.0,856.26,1510.6314285714284,50.0,99.0,17.3,49.0,41.0,10.14,0.7067265555776158,-0.7074868024503348
0.0,1.0,0.0,0.0,308.14,1341.9199999999998,10.0,120.0,16.6,59.0,47.0,16.41,0.6819721490904629,-0.7313781428679254
0.0,1.0,0.0,0.0,1214.56,1415.6499999999996,12.0,90.0,16.933333333333334,72.0,46.0,21.1,0.6692903895412567,-0.7430009249440493
0.0,1.0,0.0,0.0,1032.92,972.2628571428569,49.0,103.0,18.366666666666667,75.0,44.0,15.56,0.6433365204044917,-0.765583517007675
0.0,1.0,0.0,0.0,4289.55,1429.8871428571426,6.0,148.0,17.0,82.0,40.0,16.24,0.6300720909843687,-0.7765366444428655
0.0,1.0,0.0,0.0,805.86,1359.8871428571424,32.0,139.0,18.066666666666666,72.0,47.0,14.81,0.6166212130956382,-0.7872599821916922
0.0,1.0,0.0,0.0,719.55,1318.1200000000001,0.0,121.0,16.433333333333334,47.0,46.0,19.13,0.6029878670694714,-0.7977503570459932
0.0,1.0,0.0,0.0,3473.33,1691.9871428571428,118.0,121.0,19.733333333333334,88.0,48.0,8.03,0.5891760872322963,-0.8080046647350754
0.0,1.0,0.0,0.0,480.76,1716.6471428571424,0.0,229.0,19.733333333333334,76.0,52.0,18.21,0.5751899607119775,-0.8180198708443174
0.0,1.0,0.0,0.0,1003.4,1686.4814285714285,3.0,217.0,19.466666666666665,29.0,50.0,19.55,0.5610336262283677,-0.8277930117131022
0.0,1.0,0.0,0.0,394.07,1595.2171428571426,0.0,203.0,18.733333333333334,68.0,46.0,19.09,0.5322271388474397,-0.8466016020976267
0.0,1.0,0.0,0.0,2272.17,1307.0199999999998,0.0,197.0,18.733333333333334,63.0,44.0,16.97,0.5175855102531889,-0.8556314858488706
0.0,1.0,0.0,0.0,1073.23,1345.215714285714,114.0,165.0,21.6,93.0,40.0,7.03,0.5027907197793043,-0.8644081744776648
0.0,1.0,0.0,0.0,4026.21,1817.595714285714,0.0,279.0,21.1,64.0,41.0,15.62,0.4878471454423119,-0.8729290708206411
0.0,1.0,0.0,0.0,645.0,1413.5485714285712,33.0,180.0,22.066666666666666,43.0,40.0,11.74,0.4575313760742512,-0.8891934772070711
0.0,1.0,0.0,0.0,859.1,1467.5971428571427,10.0,210.0,22.4,62.0,46.0,18.32,0.44216815196707204,-0.8969321743510065
0.0,1.0,0.0,0.0,766.8,1433.7971428571425,16.0,176.0,22.933333333333334,69.0,47.0,13.78,0.42667408318992467,-0.9044054548343001
0.0,1.0,0.0,0.0,1010.93,1521.9199999999998,2.0,212.0,21.533333333333335,61.0,50.0,16.26,0.3953117887649151,-0.9185469991587165
0.0,1.0,0.0,0.0,689.44,1295.8157142857142,114.0,100.0,24.9,63.0,43.0,6.75,0.37945284372454435,-0.925211078289358
0.0,1.0,0.0,0.0,3816.0,1687.6399999999996,0.0,214.0,24.6,73.0,49.0,14.23,0.36348161248290634,-0.9316013725767187
0.0,1.0,0.0,0.0,711.72,1214.1414285714284,0.0,195.0,24.3,14.0,43.0,19.07,0.3474028211842774,-0.9377159910299093
0.0,1.0,0.0,0.0,172.22,1146.6014285714284,0.0,162.0,23.333333333333332,72.0,46.0,15.62,0.3312212278016865,-0.9435531242349544
0.0,1.0,0.0,0.0,4007.75,1596.408571428571,12.0,152.0,23.133333333333333,67.0,43.0,18.79,0.31494162072895193,-0.9491110448902284
0.0,1.0,0.0,0.0,1193.76,1657.4028571428569,49.0,148.0,23.8,76.0,50.0,12.75,0.2985688173637202,-0.9543881083175908
0.0,1.0,0.0,0.0,673.46,1609.1928571428568,18.0,177.0,23.933333333333334,49.0,44.0,14.76,0.2821076626819194,-0.9593827529490743
0.0,1.0,0.0,0.0,1280.34,1693.6071428571427,19.0,193.0,23.233333333333334,62.0,49.0,16.55,0.26556302780405594,-0.9640935007889755
0.0,1.0,0.0,0.0,1454.42,1356.2385714285713,44.0,98.0,24.333333333333332,58.0,50.0,14.78,0.24893980855376657,-0.9685189578512204
0.0,1.0,0.0,0.0,2628.62,1630.0814285714282,8.0,142.0,24.6,23.0,42.0,17.43,0.23224292400907015,-0.9726578145718654
0.0,1.0,0.0,0.0,3018.63,2036.7114285714285,31.0,150.0,25.5,77.0,47.0,10.44,0.21547731504673012,-0.976508846196619
0.0,1.0,0.0,0.0,973.68,1603.2728571428572,1.0,263.0,25.033333333333335,70.0,49.0,17.99,0.18175978759137534,-0.9833429613388902
0.0,1.0,0.0,0.0,1677.01,1672.3085714285714,0.0,215.0,23.366666666666667,71.0,45.0,15.0,0.16481784665719793,-0.9863240225317866
0.0,1.0,0.0,0.0,2431.23,1923.418571428571,28.0,197.0,23.966666666666665,79.0,43.0,13.95,0.14782713347053048,-0.9890132145779883
0.0,1.0,0.0,0.0,710.79,1842.0542857142852,5.0,206.0,23.733333333333334,72.0,47.0,14.93,0.13079267585675922,-0.9914097417023038
0.0,1.0,0.0,0.0,736.38,1739.4771428571426,0.0,167.0,22.1,25.0,49.0,17.68,0.11371951458594969,-0.9935128947338007
0.0,1.0,0.0,0.0,304.98,1407.5285714285712,36.0,159.0,23.1,74.0,47.0,15.55,0.0966127018812031,-0.9953220513156602
0.0,1.0,0.0,0.0,4319.93,1593.428571428571,39.0,164.0,23.333333333333332,58.0,43.0,14.29,0.07947729992362097,-0.9968366760893436
0.0,1.0,0.0,0.0,534.71,1530.7185714285713,0.0,109.0,23.333333333333332,60.0,42.0,17.92,0.062318379354325076,-0.998056320853012
0.0,1.0,0.0,0.0,693.38,1390.2,20.0,108.0,20.066666666666666,66.0,43.0,13.8,0.04514101777397193,-0.9989806246941579
0.0,1.0,0.0,0.0,587.6,1126.8242857142855,0.0,126.0,20.066666666666666,52.0,47.0,13.02,0.01075130776352193,-0.9999422030204416
0.0,1.0,0.0,0.0,453.59,1090.0814285714284,11.0,121.0,20.333333333333332,20.0,46.0,13.7,-0.00645086419810515,-0.9999791929590823
0.0,1.0,0.0,0.0,180.84,1010.7185714285713,0.0,121.0,20.333333333333332,65.0,45.0,13.12,-0.04084439154329611,-0.9991655196610109
0.0,1.0,0.0,0.0,558.72,1046.9671428571426,10.0,82.0,20.666666666666668,64.0,46.0,11.64,-0.05802556932878035,-0.9983150972033183
0.0,1.0,0.0,0.0,1191.15,599.9985714285712,21.0,92.0,17.566666666666666,59.0,48.0,10.36,-0.07518957641475855,-0.9971692572470178
0.0,1.0,0.0,0.0,1636.54,757.4028571428569,12.0,87.0,17.966666666666665,66.0,43.0,13.3,-0.10944576864891556,-0.993992768446958
0.0,1.0,0.0,0.0,570.7,739.8771428571426,60.0,99.0,18.866666666666667,33.0,44.0,8.67,-0.12652781683868314,-0.9919630595773397
0.0,1.0,0.0,0.0,185.9,682.4914285714284,19.0,148.0,19.166666666666668,52.0,47.0,13.17,-0.1435724234118113,-0.9896398128792412
0.0,1.0,0.0,0.0,465.8,684.2357142857142,10.0,142.0,18.966666666666665,64.0,49.0,13.84,-0.16057454459499376,-0.9870237158387383
0.0,1.0,0.0,0.0,602.48,744.4699999999999,6.0,152.0,19.1,79.0,46.0,11.38,-0.17752914918703497,-0.984115542601034
0.0,1.0,0.0,0.0,602.33,750.6999999999998,0.0,148.0,15.3,56.0,47.0,10.46,-0.19443122004766195,-0.9809161537413774
0.0,1.0,0.0,0.0,395.55,637.0428571428569,42.0,111.0,16.7,66.0,46.0,10.06,-0.2280577712215198,-0.9736476020539838
0.0,1.0,0.0,0.0,434.92,465.38285714285695,17.0,141.0,17.266666666666666,31.0,37.0,13.23,-0.24477230089725957,-0.9695805901076308
0.0,1.0,0.0,0.0,246.0,418.99714285714265,52.0,98.0,19.0,61.0,47.0,11.61,-0.2614143985111562,-0.965226663665613
0.0,1.0,0.0,0.0,470.82,459.69999999999976,10.0,135.0,18.933333333333334,58.0,44.0,12.57,-0.2944616217868012,-0.9556633054034704
0.0,1.0,0.0,0.0,466.56,459.80857142857116,44.0,139.0,18.766666666666666,71.0,44.0,9.17,-0.3108569682435036,-0.9504567035349151
0.0,1.0,0.0,0.0,423.15,434.1899999999997,0.0,191.0,18.166666666666668,47.0,49.0,13.02,-0.34336687399638804,-0.939201357453208
0.0,1.0,0.0,0.0,419.22,408.03142857142836,2.0,149.0,17.6,28.0,45.0,11.14,-0.3594718130884232,-0.9331559438780432
0.0,1.0,0.0,0.0,2799.48,751.4499999999997,26.0,134.0,17.0,69.0,45.0,8.58,-0.3754703786876202,-0.9268343944460494
0.0,1.0,0.0,0.0,2114.64,991.4099999999997,8.0,108.0,17.0,65.0,43.0,11.43,-0.3913578365610259,-0.9202385798054075
0.0,1.0,0.0,0.0,479.24,1024.7299999999998,7.0,171.0,16.2,77.0,50.0,13.44,-0.4227806579826773,-0.9062320427107697
0.0,1.0,0.0,0.0,708.98,1058.752857142857,34.0,151.0,17.3,62.0,44.0,11.19,-0.48408852163897587,-0.8750190302029955
0.0,1.0,0.0,0.0,454.57,1057.0399999999997,13.0,167.0,17.733333333333334,71.0,39.0,13.39,-0.5139010013093103,-0.8578494977869301
0.0,1.0,0.0,0.0,580.11,1079.4628571428568,0.0,101.0,16.8,71.0,47.0,10.17,-0.5285813283559292,-0.8488826652214553
0.0,1.0,0.0,0.0,494.57,1090.2271428571426,0.0,97.0,16.633333333333333,62.0,49.0,13.56,-0.5574684374327892,-0.8301981337405212
0.0,1.0,0.0,0.0,892.09,817.742857142857,0.0,78.0,16.633333333333333,25.0,50.0,10.76,-0.5716666713027052,-0.8204859638785327
0.0,1.0,0.0,0.0,188.3,542.5514285714283,15.0,66.0,15.933333333333334,64.0,45.0,10.33,-0.5856957398073508,-0.8105309990194823
0.0,1.0,0.0,0.0,429.65,535.4671428571426,25.0,47.0,15.466666666666667,59.0,42.0,9.56,-0.5995514915196489,-0.8003361849976323
0.0,1.0,0.0,0.0,360.96,485.7499999999997,1.0,56.0,15.5,73.0,47.0,12.22,-0.6132298262997502,-0.7899045386224707
0.0,1.0,0.0,0.0,611.02,508.0999999999998,23.0,44.0,15.6,63.0,47.0,9.98,-0.6267266965083301,-0.7792391467859886
0.0,1.0,0.0,0.0,421.43,485.4314285714283,11.0,67.0,15.966666666666667,64.0,45.0,11.86,-0.6400381082043503,-0.7683431655492202
0.0,1.0,0.0,0.0,500.94,486.3414285714283,17.0,75.0,16.166666666666668,67.0,49.0,11.19,-0.65316012232693,-0.7572198192083127
0.0,1.0,0.0,0.0,506.25,431.22142857142836,0.0,92.0,16.166666666666668,41.0,47.0,9.8,-0.666088855860977,-0.7458723993404063
0.0,1.0,0.0,0.0,269.34,442.79857142857117,129.0,84.0,20.133333333333333,61.0,43.0,3.9,-0.6913512362094071,-0.722518835873311
0.0,1.0,0.0,0.0,601.13,467.295714285714,15.0,188.0,19.933333333333334,63.0,44.0,10.68,-0.7036774074790128,-0.7105196029692745
0.0,1.0,0.0,0.0,427.36,476.7814285714283,47.0,202.0,21.1,62.0,46.0,9.4,-0.7157953492826642,-0.6983101158835584
0.0,1.0,0.0,0.0,378.95,443.6285714285712,0.0,226.0,19.1,69.0,47.0,12.77,-0.7277014757264236,-0.6858939875998223
0.0,1.0,0.0,0.0,1095.6799999999998,539.9499999999997,2.0,215.0,18.533333333333335,65.0,51.0,11.06,-0.7393922635959241,-0.673274892250183
0.0,1.0,0.0,0.0,510.49,541.3142857142855,1.0,210.0,18.233333333333334,68.0,46.0,11.62,-0.7731383255706026,-0.6342374393978054
0.0,1.0,0.0,0.0,1420.2,671.8785714285711,10.0,58.0,18.366666666666667,34.0,45.0,11.06,-0.8247650844733614,-0.5654755126737576
0.0,1.0,0.0,0.0,246.28,668.5842857142854,13.0,60.0,18.8,65.0,47.0,10.02,-0.8343701235229538,-0.5512045872199277
0.0,1.0,0.0,0.0,956.92,719.4114285714282,0.0,81.0,17.4,70.0,48.0,9.81,-0.8528367217694595,-0.522177676659508
0.0,1.0,0.0,0.0,470.6,725.5885714285712,12.0,68.0,17.233333333333334,51.0,45.0,11.69,-0.8616928164028522,-0.5074302810827518
0.0,1.0,0.0,0.0,393.36,727.6471428571425,0.0,80.0,15.5,70.0,52.0,11.83,-0.8702939222685674,-0.49253272872205434
0.0,1.0,0.0,0.0,587.88,655.1042857142854,68.0,68.0,17.433333333333334,68.0,47.0,5.07,-0.8945422369764496,-0.4469834295196741
0.0,1.0,0.0,0.0,229.43,614.9528571428569,15.0,105.0,16.466666666666665,51.0,45.0,10.41,-0.9093882203647925,-0.4159483918249421
0.0,1.0,0.0,0.0,777.12,523.0842857142854,54.0,120.0,18.266666666666666,62.0,43.0,7.47,-0.9164086366943458,-0.4002439388573056
0.0,1.0,0.0,0.0,670.0,583.615714285714,6.0,169.0,18.4,57.0,49.0,12.89,-0.9296339319682695,-0.3684843993077793
0.0,1.0,0.0,0.0,499.8,518.3128571428568,91.0,163.0,20.566666666666666,27.0,52.0,4.15,-0.9358348973349941,-0.35243871088460327
0.0,1.0,0.0,0.0,78.96,462.3642857142855,14.0,176.0,20.766666666666666,55.0,43.0,14.35,-0.9474042892438845,-0.32003923622313857
0.0,1.0,0.0,0.0,508.91,478.8714285714283,24.0,190.0,21.333333333333332,55.0,42.0,9.64,-0.9527692922168511,-0.30369503751065885
0.0,1.0,0.0,0.0,333.9,442.58857142857124,16.0,147.0,20.733333333333334,69.0,41.0,13.1,-0.9626519747161487,-0.2707418984477642
0.0,1.0,0.0,0.0,1265.0,590.5271428571425,21.0,164.0,21.0,24.0,38.0,12.17,-0.97139528468375,-0.23746831555846842
0.0,1.0,0.0,0.0,176.66,504.7471428571426,0.0,96.0,21.0,76.0,45.0,13.95,-0.9823516608469237,-0.18704334906991657
0.0,1.0,0.0,0.0,699.6,508.975714285714,37.0,72.0,22.233333333333334,68.0,44.0,8.65,-0.9854237542919524,-0.17011767832049052
0.0,1.0,0.0,0.0,382.2,492.175714285714,12.0,107.0,22.633333333333333,72.0,41.0,12.81,-0.9882042449941422,-0.15314166701312007
0.0,1.0,0.0,0.0,580.86,563.875714285714,32.0,103.0,23.2,59.0,40.0,8.85,-0.9906923101615609,-0.13612033862266704
0.0,1.0,0.0,0.0,318.42,536.6628571428569,0.0,100.0,22.366666666666667,54.0,40.0,14.46,-0.994788305609327,-0.10196189005174576
0.0,1.0,0.0,0.0,499.84,560.3685714285712,27.0,89.0,23.233333333333334,68.0,46.0,9.75,-0.9963950238187231,-0.08483487790576538
0.0,1.0,0.0,0.0,1076.21,533.3985714285711,0.0,108.0,22.466666666666665,55.0,42.0,10.69,-0.9977068927101168,-0.06768276175455162
0.0,1.0,0.0,0.0,379.26,562.3414285714283,33.0,108.0,23.2,57.0,44.0,8.72,-0.9987235240803972,-0.050510617185222886
0.0,1.0,0.0,0.0,2925.54,880.3328571428568,0.0,104.0,22.633333333333333,54.0,52.0,11.96,-0.9994446170919858,-0.033323525711631344
0.0,1.0,0.0,0.0,926.43,958.0799999999998,3.0,92.0,22.733333333333334,71.0,47.0,13.42,-0.9998699583618592,-0.016126573270657762
0.0,1.0,0.0,0.0,628.98,964.9542857142854,0.0,63.0,18.433333333333334,40.0,40.0,16.98,-0.9999994220246925,0.001075151282798226
0.0,1.0,0.0,0.0,3205.56,1377.4028571428569,24.0,109.0,18.733333333333334,59.0,47.0,12.37,-0.9993706508539969,0.03547255575312556
0.0,1.0,0.0,0.0,485.45,1375.3471428571427,41.0,106.0,18.533333333333335,62.0,42.0,11.18,-0.9986126020839734,0.052658056924614005
0.0,1.0,0.0,0.0,440.06,1284.468571428571,40.0,122.0,19.866666666666667,64.0,43.0,11.95,-0.9962102997023297,0.0869772313136861
0.0,1.0,0.0,0.0,1310.9,1417.5599999999995,7.0,204.0,20.033333333333335,33.0,44.0,13.33,-0.9926289059345095,0.121193461470736
0.0,1.0,0.0,0.0,288.2,1040.7971428571425,2.0,211.0,20.066666666666666,73.0,46.0,17.08,-0.9903973200352558,0.1382503109109819
0.0,1.0,0.0,0.0,841.73,1028.6971428571426,35.0,167.0,20.9,48.0,42.0,14.65,-0.9878726596350429,0.15526624985999563
0.0,1.0,0.0,0.0,442.89,1002.1128571428569,13.0,178.0,20.9,49.0,44.0,14.94,-0.9850556718215013,0.172236243027682
0.0,1.0,0.0,0.0,472.14,611.6242857142854,46.0,150.0,22.433333333333334,52.0,47.0,15.04,-0.981947190186646,0.18915526872004093
0.0,1.0,0.0,0.0,993.03,684.1357142857141,34.0,188.0,23.166666666666668,58.0,49.0,12.24,-0.9785481345802031,0.20601832032517084
0.0,1.0,0.0,0.0,486.35,690.7485714285712,35.0,182.0,24.333333333333332,74.0,47.0,11.14,-0.9748595108374125,0.22282040779479959
0.0,1.0,0.0,0.0,556.2,582.9342857142855,1.0,172.0,22.1,26.0,50.0,16.46,-0.9708824104813836,0.23955655912092708
0.0,1.0,0.0,0.0,848.46,662.9714285714283,0.0,203.0,21.6,69.0,47.0,16.25,-0.957232443323312,0.28931997761869527
0.0,1.0,0.0,0.0,1183.28,711.7642857142855,20.0,172.0,20.466666666666665,61.0,44.0,18.03,-0.9467139181463862,0.3220757010206104
0.0,1.0,0.0,0.0,715.0,750.6371428571425,16.0,180.0,20.8,45.0,45.0,14.0,-0.9288394302558068,0.3704825404820963
0.0,1.0,0.0,0.0,412.65,742.1385714285713,19.0,155.0,18.4,62.0,42.0,12.73,-0.9223291176290545,0.3864052261209853
0.0,1.0,0.0,0.0,497.07,671.2871428571426,19.0,141.0,18.566666666666666,64.0,45.0,13.8,-0.9084917035725082,0.41790288888678667
0.0,1.0,0.0,0.0,1453.37,809.4328571428568,9.0,132.0,18.066666666666666,64.0,45.0,17.58,-0.9011686968561569,0.4334685453485363
0.0,1.0,0.0,0.0,736.88,835.2442857142854,11.0,121.0,17.9,61.0,45.0,15.95,-0.8935790198239952,0.4489059314938798
0.0,1.0,0.0,0.0,632.45,804.385714285714,24.0,87.0,18.0,18.0,48.0,11.11,-0.8857249183835637,0.4642104791518923
0.0,1.0,0.0,0.0,134.0,654.4885714285712,120.0,103.0,22.0,57.0,45.0,5.47,-0.8692328164574792,0.49440298420761813
0.0,1.0,0.0,0.0,846.36,673.2542857142854,2.0,239.0,20.833333333333332,54.0,49.0,17.41,-0.8517119107469189,0.5240103253675756
0.0,1.0,0.0,0.0,1358.3,808.3471428571427,7.0,222.0,20.666666666666668,67.0,45.0,17.94,-0.8425720899866032,0.5385835804920232
0.0,1.0,0.0,0.0,775.29,848.0928571428568,3.0,220.0,19.7,52.0,48.0,18.12,-0.8331829385891785,0.5529974600700271
0.0,1.0,0.0,0.0,645.27,732.6499999999996,4.0,212.0,19.833333333333332,27.0,48.0,16.78,-0.8235472349556007,0.5672476988027229
0.0,1.0,0.0,0.0,310.31,671.7114285714282,14.0,192.0,19.4,49.0,47.0,18.12,-0.8136678304455991,0.5813300798152042
0.0,1.0,0.0,0.0,599.4,666.9899999999998,16.0,185.0,19.933333333333334,53.0,41.0,16.28,-0.8035476485339116,0.5952404359043674
0.0,1.0,0.0,0.0,535.06,724.2842857142854,68.0,81.0,21.1,70.0,44.0,5.71,-0.7931896839451843,0.6089746507720486
0.0,1.0,0.0,0.0,260.0,640.5185714285711,27.0,114.0,22.0,63.0,39.0,12.32,-0.7825970017677834,0.6225286602431057
0.0,1.0,0.0,0.0,473.36,514.0985714285712,40.0,203.0,23.233333333333334,23.0,48.0,11.87,-0.7494423368521954,0.6620696215153815
0.0,1.0,0.0,0.0,511.91,476.47285714285687,5.0,247.0,23.4,47.0,50.0,14.7,-0.7262249146041543,0.6874571793269664
0.0,1.0,0.0,0.0,487.16,453.885714285714,5.0,236.0,22.766666666666666,51.0,48.0,13.1,-0.7142921172691032,0.699847677146407
0.0,1.0,0.0,0.0,464.26,475.8785714285712,21.0,173.0,22.1,71.0,51.0,14.94,-0.7021479494046978,0.7120310787787131
0.0,1.0,0.0,0.0,748.01,497.1085714285712,67.0,167.0,23.0,70.0,48.0,6.61,-0.6897960046655887,0.7240037789593305
0.0,1.0,0.0,0.0,1121.84,580.9342857142855,39.0,170.0,24.066666666666666,38.0,42.0,10.84,-0.6644834655228552,0.7473029667054296
0.0,1.0,0.0,0.0,261.62,581.165714285714,31.0,196.0,25.033333333333335,62.0,51.0,9.87,-0.6115298757991053,0.7912213413483807
0.0,1.0,0.0,0.0,422.28,573.8685714285712,18.0,206.0,24.466666666666665,68.0,44.0,13.26,-0.5978291414589552,0.801623551065242
0.0,1.0,0.0,0.0,604.34,587.072857142857,143.0,157.0,28.8,72.0,51.0,6.74,-0.5839514998576998,0.8117885474764613
0.0,1.0,0.0,0.0,344.35,566.6714285714284,3.0,290.0,27.366666666666667,41.0,47.0,16.63,-0.5699010576127624,0.8217133225960589
0.0,1.0,0.0,0.0,3463.76,995.1714285714285,1.0,254.0,26.266666666666666,66.0,48.0,18.06,-0.5556819724760489,0.8313949395234058
0.0,1.0,0.0,0.0,810.56,1004.1071428571425,3.0,233.0,25.2,48.0,55.0,13.29,-0.5412984521036173,0.8408305333122887
0.0,1.0,0.0,0.0,465.74,910.3785714285711,63.0,199.0,27.266666666666666,60.0,39.0,4.38,-0.5267547528105542,0.8500173118187018
0.0,1.0,0.0,0.0,913.43,1003.4942857142854,2.0,262.0,27.333333333333332,52.0,47.0,13.46,-0.5120551783114646,0.8589525565270845
0.0,1.0,0.0,0.0,479.5,1011.6685714285712,1.0,215.0,26.7,63.0,46.0,14.46,-0.4822058478963526,0.8760579434344281
0.0,1.0,0.0,0.0,610.37,1012.5299999999997,25.0,73.0,27.0,17.0,40.0,8.94,-0.46706492487743034,0.8842230238742036
0.0,1.0,0.0,0.0,668.52,1058.84,46.0,95.0,27.9,79.0,46.0,9.78,-0.451785789832884,0.8921264484954345
0.0,1.0,0.0,0.0,514.05,637.4528571428569,38.0,140.0,28.533333333333335,53.0,44.0,9.28,-0.4363729641045924,0.8997658785476209
0.0,1.0,0.0,0.0,1156.26,686.8385714285712,33.0,175.0,29.333333333333332,53.0,45.0,11.32,-0.42083100859565564,0.9071390534005044
0.0,1.0,0.0,0.0,387.0,675.5899999999998,10.0,145.0,29.3,59.0,44.0,12.8,-0.4051645224207563,0.9142437912130223
0.0,1.0,0.0,0.0,490.75,615.2071428571426,20.0,153.0,29.166666666666668,64.0,45.0,13.38,-0.3893781415452015,0.9210779895789526
0.0,1.0,0.0,0.0,556.4,626.1928571428568,29.0,173.0,26.133333333333333,63.0,47.0,10.29,-0.37347653741307074,0.9276396261490467
0.0,1.0,0.0,0.0,427.68,600.0942857142854,40.0,181.0,27.4,55.0,46.0,9.76,-0.34134651424503615,0.9399375283564133
0.0,1.0,0.0,0.0,1575.37,729.6442857142855,81.0,161.0,29.866666666666667,75.0,48.0,4.41,-0.30881248126625377,0.9511229423235357
0.0,1.0,0.0,0.0,223.43,688.1271428571425,47.0,209.0,31.333333333333332,66.0,49.0,9.35,-0.29240597695107734,0.9562942772197719
0.0,1.0,0.0,0.0,416.48,582.4442857142855,4.0,246.0,31.333333333333332,81.0,47.0,12.54,-0.27591294500296043,0.9611826292540837
0.0,1.0,0.0,0.0,690.88,625.855714285714,0.0,230.0,30.866666666666667,64.0,46.0,13.77,-0.2593382659754056,0.9657865518844574
0.0,1.0,0.0,0.0,590.27,640.072857142857,24.0,201.0,31.133333333333333,34.0,44.0,10.06,-0.2426868445825954,0.9701046827361175
0.0,1.0,0.0,0.0,218.88,591.855714285714,1.0,220.0,28.9,49.0,48.0,13.39,-0.22596360824801906,0.974135744004672
0.0,1.0,0.0,0.0,462.48,596.8271428571426,14.0,181.0,28.466666666666665,69.0,44.0,12.26,-0.20917350564635637,0.9778785428342386
0.0,1.0,0.0,0.0,558.36,451.5399999999997,27.0,171.0,28.033333333333335,52.0,47.0,8.63,-0.19232150523909483,0.9813319716704275
0.0,1.0,0.0,0.0,296.34,461.955714285714,4.0,79.0,28.0,61.0,47.0,12.95,-0.14144406768794202,0.9899462489023779
0.0,1.0,0.0,0.0,537.2,479.20142857142827,12.0,83.0,28.233333333333334,19.0,44.0,12.74,-0.12439450483979998,0.9922328391893008
0.0,1.0,0.0,0.0,158.51,403.1485714285712,0.0,113.0,27.533333333333335,65.0,54.0,14.57,-0.09019000427034513,0.9959245770286599
0.0,1.0,0.0,0.0,3342.31,796.2971428571426,7.0,99.0,25.533333333333335,58.0,43.0,12.33,-0.07304518821104743,0.9973286321364752
0.0,1.0,0.0,0.0,4286.18,1377.3399999999997,18.0,79.0,24.833333333333332,60.0,41.0,12.88,-0.05587875690537313,0.9984375616565666
0.0,1.0,0.0,0.0,494.72,1381.945714285714,59.0,88.0,25.766666666666666,74.0,41.0,11.01,-0.03869579017652689,0.9992510374388481
0.0,1.0,0.0,0.0,509.38,1374.948571428571,11.0,143.0,25.533333333333335,71.0,44.0,16.93,0.017201575418260506,0.9998520419557735
0.0,1.0,0.0,0.0,2465.29,1684.7985714285712,21.0,111.0,21.466666666666665,62.0,45.0,14.39,0.03439806061360801,0.9994082116062598
0.0,1.0,0.0,0.0,579.8,1690.8842857142856,0.0,125.0,21.366666666666667,50.0,50.0,20.36,0.06875540848113941,0.9976335468520451
0.0,1.0,0.0,0.0,712.6,1770.0399999999997,13.0,107.0,21.766666666666666,82.0,43.0,14.88,0.08590610426133272,0.9963032375991965
0.0,1.0,0.0,0.0,768.6,1402.3671428571427,8.0,61.0,21.933333333333334,78.0,53.0,18.08,0.10303137904317879,0.9946781061893646
0.0,1.0,0.0,0.0,1008.15,934.0771428571426,0.0,53.0,19.833333333333332,30.0,51.0,15.33,0.1201261651823505,0.9927586335250793
0.0,1.0,0.0,0.0,324.3,909.7314285714283,0.0,53.0,19.766666666666666,59.0,42.0,17.14,0.1542040475626894,0.988039023376751
0.0,1.0,0.0,0.0,652.1,930.1199999999997,2.0,32.0,19.8,75.0,44.0,20.04,0.18809941761179758,0.9821499931752291
0.0,1.0,0.0,0.0,999.5,720.7214285714283,11.0,34.0,19.333333333333332,66.0,48.0,14.02,0.20496611396949532,0.9787690698649216
0.0,1.0,0.0,0.0,633.62,728.4099999999997,0.0,24.0,17.8,31.0,50.0,18.23,0.23851257519407648,0.9711394088771653
0.0,1.0,0.0,0.0,398.33,683.5142857142855,0.0,24.0,16.533333333333335,63.0,47.0,18.86,0.2551824131233728,0.9668929289391521
0.0,1.0,0.0,0.0,790.02,686.5742857142856,0.0,13.0,15.433333333333334,72.0,46.0,14.01,0.2717767384711357,0.9623603298276545
0.0,1.0,0.0,0.0,670.99,638.4085714285711,0.0,13.0,15.1,56.0,49.0,15.3,0.3047192331091634,0.9524422234305676
0.0,1.0,0.0,0.0,604.19,678.3928571428569,17.0,11.0,15.0,72.0,50.0,11.33,0.321057654185271,0.9470596510722283
0.0,1.0,0.0,0.0,571.2,666.8357142857141,16.0,29.0,14.566666666666666,72.0,48.0,15.29,0.3694836834473831,0.9292372181882051
0.0,1.0,0.0,0.0,743.18,630.2185714285713,0.0,45.0,13.233333333333333,81.0,43.0,19.3,0.38541335945432564,0.9227440286201427
0.0,1.0,0.0,0.0,1023.76,685.9528571428569,0.0,45.0,10.533333333333333,68.0,50.0,19.46,0.4012289854475009,0.9159777842484877
0.0,1.0,0.0,0.0,1471.49,839.2614285714283,6.0,45.0,9.166666666666666,48.0,39.0,16.23,0.4169258813287287,0.908940487313808
0.0,1.0,0.0,0.0,486.88,795.955714285714,0.0,43.0,9.033333333333333,78.0,51.0,18.21,0.44794493940789115,0.8940611451454876
0.0,1.0,0.0,0.0,994.0,842.0999999999997,0.0,31.0,9.033333333333333,20.0,53.0,15.45,0.4632579225674917,0.88622350294858
0.0,1.0,0.0,0.0,222.48,787.5699999999997,0.0,31.0,8.233333333333333,59.0,50.0,19.54,0.4784338202547012,0.8781236129591848
0.0,1.0,0.0,0.0,1569.81,930.2285714285711,18.0,26.0,8.8,58.0,48.0,13.14,0.5230943033491326,0.8522748088519838
0.0,1.0,0.0,0.0,514.35,897.5385714285711,0.0,38.0,8.333333333333334,62.0,47.0,16.15,0.5376773767406141,0.8431506618282
0.0,1.0,0.0,0.0,685.69,849.2428571428569,0.0,31.0,7.433333333333334,69.0,42.0,15.09,0.5943761565849831,0.804187157621448
0.0,1.0,0.0,0.0,671.45,734.9514285714283,0.0,31.0,7.3,66.0,47.0,16.35,0.6081214998935418,0.7938439653781019
0.0,1.0,0.0,0.0,722.93,768.6728571428569,0.0,20.0,6.9,46.0,48.0,13.83,0.6216868902665479,0.7832658619336791
0.0,1.0,0.0,0.0,435.66,688.9099999999997,0.0,2.0,6.9,80.0,44.0,10.89,0.6350683134867438,0.7724559775191742
0.0,1.0,0.0,0.0,579.22,739.872857142857,0.0,5.0,6.666666666666667,54.0,46.0,14.19,0.6866759803451553,0.726963615332308
0.0,1.0,0.0,0.0,517.05,589.4785714285712,1.0,5.0,6.1,66.0,45.0,11.86,0.6990793005655562,0.7150441465537444
0.0,1.0,0.0,0.0,516.78,589.825714285714,14.0,6.0,4.6,81.0,46.0,11.59,0.7112757519738152,0.7029130847082615
0.0,1.0,0.0,0.0,615.05,579.7342857142854,0.0,20.0,4.233333333333333,52.0,48.0,17.17,0.7232617254437388,0.6905740195722293
0.0,1.0,0.0,0.0,611.71,571.1999999999997,0.0,20.0,3.533333333333333,75.0,51.0,15.56,0.7350336741329413,0.6780306024735382
0.0,1.0,0.0,0.0,1645.5700000000002,703.0057142857141,0.0,20.0,3.533333333333333,19.0,46.0,12.32,0.746588114532413,0.6652865452111116
0.0,1.0,0.0,0.0,159.12,663.4999999999999,0.0,25.0,3.1,60.0,49.0,12.02,0.7799125224167177,0.6258885343075018
0.0,1.0,0.0,0.0,504.7,652.8542857142855,0.0,24.0,2.8333333333333335,62.0,48.0,17.5,0.7905633969115482,0.612380204990065
0.0,1.0,0.0,0.0,1467.23,788.5942857142854,0.0,10.0,2.8333333333333335,74.0,46.0,11.0,0.8009803309782905,0.5986906625177214
0.0,1.0,0.0,0.0,1122.38,875.1085714285712,0.0,10.0,2.8333333333333335,63.0,47.0,12.38,0.8111602420785621,0.5848239578463322
0.0,1.0,0.0,0.0,530.4,863.0157142857141,0.0,10.0,2.7666666666666666,43.0,46.0,13.84,0.8211001178128892,0.5707841943569036
0.0,1.0,0.0,0.0,395.68,832.1542857142855,0.0,10.0,2.4,74.0,44.0,14.84,0.8307970168121247,0.5565755266413303
0.0,1.0,0.0,0.0,724.68,700.5985714285713,0.0,0.0,2.4,68.0,45.0,10.46,0.8402480696078469,0.5422021592729844
0.0,1.0,0.0,0.0,472.81,745.4114285714284,0.0,0.0,2.4,51.0,49.0,10.0,0.8494504794814806,0.527668345562516
0.0,1.0,0.0,0.0,1215.9,847.0114285714283,0.0,0.0,2.4,64.0,50.0,12.44,0.8584015232918917,0.512978386299228
0.0,1.0,0.0,0.0,553.22,716.4385714285712,15.0,0.0,2.9,81.0,45.0,15.52,0.8670985522812081,0.4981366284784055
0.0,1.0,0.0,0.0,829.62,674.615714285714,9.0,15.0,2.6333333333333333,49.0,43.0,12.78,0.8755389928586302,0.4831474640149687
0.0,1.0,0.0,0.0,403.77,656.5257142857139,0.0,24.0,2.1,35.0,48.0,16.17,0.8837203473619977,0.4680153284438345
0.0,1.0,0.0,0.0,1697.71,842.5299999999999,12.0,24.0,2.5,71.0,46.0,21.34,0.8916401947968874,0.45274469960737107
0.0,1.0,0.0,0.0,1037.78,887.2585714285713,0.0,73.0,2.5,73.0,47.0,17.96,0.9206588168102428,0.3903682146763026
0.0,1.0,0.0,0.0,898.04,948.005714285714,0.0,58.0,2.3,60.0,47.0,17.25,0.9272375462179537,0.374473674486883
0.0,1.0,0.0,0.0,698.62,874.1085714285712,14.0,49.0,2.7666666666666666,60.0,43.0,18.97,0.9395699859530622,0.342356891994542
0.0,1.0,0.0,0.0,734.01,899.9357142857141,33.0,31.0,3.8666666666666667,85.0,41.0,15.6,0.9608854255574977,0.27694620226893646
0.0,1.0,0.0,0.0,3241.75,1244.525714285714,0.0,66.0,3.8666666666666667,57.0,46.0,18.93,0.9738922359149924,0.22701082094141847
0.0,1.0,0.0,0.0,733.72,1291.6614285714281,0.0,52.0,3.2666666666666666,61.0,48.0,16.62,0.9776530844816641,0.2102247521189836
0.0,1.0,0.0,0.0,694.59,1148.3585714285712,30.0,35.0,4.266666666666667,66.0,47.0,14.02,0.981124629771712,0.19337647441020586
0.0,1.0,0.0,0.0,3478.12,1496.9785714285713,0.0,65.0,4.266666666666667,60.0,46.0,18.67,0.984305844499033,0.17647097349152166
0.0,1.0,0.0,0.0,744.8,1475.0871428571427,0.0,65.0,4.266666666666667,60.0,47.0,19.42,0.9871957872910085,0.15951325197263655
0.0,1.0,0.0,0.0,792.2,1488.455714285714,4.0,30.0,4.4,25.0,44.0,16.6,0.992098522791769,0.12546123335273648
0.0,1.0,0.0,0.0,2929.9,1802.1542857142854,0.0,34.0,4.4,59.0,42.0,18.02,0.9941098647022418,0.10837701279187609
0.0,1.0,0.0,0.0,675.0,1435.475714285714,0.0,34.0,4.4,75.0,48.0,22.71,0.9958270335100595,0.09126072172931188
0.0,1.0,0.0,0.0,2569.53,1697.7342857142855,29.0,34.0,5.333333333333333,77.0,47.0,12.08,0.9972495210773451,0.07411742515094437
0.0,1.0,0.0,0.0,623.1,1687.5214285714283,24.0,33.0,5.666666666666667,76.0,43.0,12.42,0.998376906467142,0.056952196034039754
0.0,1.0,0.0,0.0,613.6,1278.3042857142857,32.0,57.0,6.733333333333333,54.0,44.0,14.22,0.9992088560679753,0.03977011384605572
0.0,1.0,0.0,0.0,495.36,1242.6699999999998,3.0,89.0,6.833333333333333,54.0,53.0,16.76,0.9997451236925734,0.022576263041545485
0.0,1.0,0.0,0.0,647.08,1221.938571428571,25.0,92.0,7.666666666666667,32.0,41.0,14.81,0.9999855506507186,0.005375731557583884
0.0,1.0,0.0,0.0,726.36,907.1471428571427,3.0,113.0,7.766666666666667,69.0,47.0,19.71,0.9999300657962057,-0.011826390691832589
0.0,1.0,0.0,0.0,918.0,941.8614285714284,0.0,120.0,7.766666666666667,66.0,51.0,24.67,0.9989315138848577,-0.046215046983708354
0.0,1.0,0.0,0.0,1155.88,739.9114285714284,0.0,91.0,7.766666666666667,63.0,43.0,27.33,0.9979887423155984,-0.06339140486951038
0.0,1.0,0.0,0.0,1119.3,810.7971428571426,0.0,45.0,7.766666666666667,54.0,47.0,21.8,0.9952176027737294,-0.09768276782171598
0.0,1.0,0.0,0.0,794.48,836.6371428571426,30.0,64.0,8.766666666666667,58.0,44.0,14.4,0.9912685467787256,-0.13185851571739118
0.0,1.0,0.0,0.0,1368.75,961.4071428571425,18.0,91.0,9.366666666666667,63.0,41.0,27.32,0.9888537064205885,-0.1488903868564548
0.0,1.0,0.0,0.0,1101.44,1026.315714285714,0.0,105.0,9.366666666666667,36.0,51.0,22.47,0.986146248341595,-0.16587819893463143
0.0,1.0,0.0,0.0,550.12,1001.1385714285713,21.0,127.0,10.066666666666666,38.0,44.0,12.32,0.9762766110869321,-0.21652708524481437
0.0,1.0,0.0,0.0,311.22,914.4557142857141,0.0,94.0,10.066666666666666,36.0,47.0,21.47,0.9638074231367307,-0.26659942067929354
0.0,1.0,0.0,0.0,525.64,824.4214285714282,4.0,76.0,9.7,31.0,49.0,22.94,0.9590788900341131,-0.28313898122818354
0.0,1.0,0.0,0.0,490.59,734.605714285714,29.0,80.0,10.366666666666667,44.0,44.0,16.34,0.9540665500578387,-0.2995947563972602
0.0,1.0,0.0,0.0,470.94,688.3857142857141,0.0,89.0,10.366666666666667,34.0,48.0,18.47,0.9487718864399473,-0.31596187665790293
0.0,1.0,0.0,0.0,1024.04,639.1414285714283,0.0,77.0,9.966666666666667,26.0,51.0,19.42,0.9431964659565866,-0.33223549871590435
0.0,1.0,0.0,0.0,1851.55,746.2999999999996,4.0,56.0,10.1,22.0,51.0,25.27,0.9373419384643772,-0.3484108069446808
0.0,1.0,0.0,0.0,383.64,722.5171428571426,0.0,37.0,10.1,79.0,51.0,27.81,0.9248025743285089,-0.38044736628785164
0.0,1.0,0.0,0.0,1526.92,896.1885714285711,13.0,37.0,10.066666666666666,65.0,50.0,19.97,0.9181214482844364,-0.39629913726891813
0.0,1.0,0.0,0.0,915.09,951.8242857142856,0.0,46.0,8.966666666666667,51.0,44.0,20.69,0.9111686353326631,-0.41203363695942635
0.0,1.0,0.0,0.0,696.3,981.2114285714284,12.0,26.0,9.366666666666667,33.0,43.0,22.36,0.8887010478292915,-0.45848712914008766
0.0,1.0,0.0,0.0,476.01,981.9357142857141,0.0,34.0,9.366666666666667,52.0,44.0,25.5,0.8806828564301475,-0.47370635037968
0.0,1.0,0.0,0.0,875.16,960.6671428571426,0.0,47.0,8.366666666666667,78.0,38.0,31.1,0.8550745085896932,-0.518505144391157
0.0,1.0,0.0,0.0,4887.73,1394.4071428571426,15.0,47.0,8.866666666666667,62.0,46.0,32.31,0.8460288880917339,-0.533137056031809
0.0,1.0,0.0,0.0,1342.01,1531.3171428571425,33.0,53.0,9.966666666666667,65.0,46.0,19.77,0.8367329140344921,-0.5476112038402312
0.0,1.0,0.0,0.0,854.53,1435.261428571428,7.0,86.0,10.066666666666666,35.0,41.0,31.8,0.8271893372462497,-0.5619233046832195
0.0,1.0,0.0,0.0,712.32,1406.2942857142855,20.0,81.0,10.733333333333333,75.0,40.0,32.63,0.8174009818249189,-0.5760691233798758
0.0,1.0,0.0,0.0,1517.14,1523.5571428571425,0.0,101.0,10.733333333333333,67.0,48.0,31.07,0.8073707443023492,-0.5900444739548627
0.0,1.0,0.0,0.0,3861.35,2007.1771428571424,0.0,100.0,9.766666666666667,72.0,48.0,33.83,0.7971015927871943,-0.6038452208771035
0.0,1.0,0.0,0.0,1644.3,2117.0542857142855,0.0,75.0,8.966666666666667,60.0,47.0,30.85,0.7865965660866021,-0.6174672802835514
0.0,1.0,0.0,0.0,1249.43,1597.2971428571425,4.0,75.0,8.033333333333333,70.0,45.0,32.43,0.7758587728069828,-0.6309066211876704
0.0,1.0,0.0,0.0,1486.85,1617.9885714285708,9.0,64.0,8.233333333333333,87.0,45.0,26.0,0.7648913904341225,-0.6441592666722685
0.0,1.0,0.0,0.0,1504.23,1710.8028571428565,8.0,40.0,7.666666666666667,20.0,43.0,29.9,0.753697664392914,-0.6572212950663319
0.0,1.0,0.0,0.0,2475.7,1962.714285714285,6.0,41.0,7.766666666666667,66.0,45.0,29.24,0.742280907086982,-0.6700888411055113
0.0,1.0,0.0,0.0,1283.45,1929.3299999999997,0.0,27.0,7.766666666666667,72.0,44.0,27.89,0.7306444969184916,-0.6827580970759147
0.0,1.0,0.0,0.0,1315.24,1565.5999999999997,16.0,27.0,8.3,75.0,46.0,24.28,0.7187918772884232,-0.6952253139408722
0.0,1.0,0.0,0.0,1220.07,1504.995714285714,0.0,43.0,8.3,78.0,46.0,35.09,0.7067265555776158,-0.7074868024503348
0.0,1.0,0.0,0.0,1833.79,1588.4757142857138,41.0,56.0,8.666666666666666,82.0,46.0,23.99,0.6819721490904629,-0.7313781428679254
0.0,1.0,0.0,0.0,2040.55,1667.575714285714,34.0,88.0,9.2,19.0,45.0,23.32,0.6692903895412567,-0.7430009249440493
0.0,1.0,0.0,0.0,1001.17,1595.7099999999996,38.0,147.0,10.466666666666667,73.0,42.0,20.38,0.6433365204044917,-0.765583517007675
0.0,1.0,0.0,0.0,2182.44,1553.8157142857137,17.0,185.0,10.333333333333334,78.0,43.0,33.67,0.6300720909843687,-0.7765366444428655
0.0,1.0,0.0,0.0,1693.77,1612.4328571428566,7.0,186.0,10.566666666666666,88.0,40.0,32.48,0.6166212130956382,-0.7872599821916922
0.0,1.0,0.0,0.0,1786.25,1679.7199999999996,2.0,283.0,10.5,78.0,46.0,34.41,0.5891760872322963,-0.8080046647350754
0.0,1.0,0.0,0.0,1825.12,1766.155714285714,2.0,244.0,9.6,23.0,45.0,34.22,0.5751899607119775,-0.8180198708443174
0.0,1.0,0.0,0.0,523.36,1578.951428571428,0.0,212.0,9.6,72.0,46.0,32.31,0.5610336262283677,-0.8277930117131022
0.0,1.0,0.0,0.0,1875.42,1555.3614285714284,35.0,164.0,10.766666666666667,85.0,41.0,21.05,0.5322271388474397,-0.8466016020976267
0.0,1.0,0.0,0.0,1118.12,1572.0685714285712,118.0,182.0,14.566666666666666,67.0,44.0,14.06,0.5175855102531889,-0.8556314858488706
0.0,1.0,0.0,0.0,1473.3,1470.7628571428565,1.0,293.0,14.6,73.0,48.0,33.52,0.5027907197793043,-0.8644081744776648
0.0,1.0,0.0,0.0,3274.96,1696.6471428571424,15.0,187.0,14.666666666666666,82.0,44.0,31.96,0.4878471454423119,-0.8729290708206411
0.0,1.0,0.0,0.0,1690.55,1682.9757142857138,29.0,200.0,15.633333333333333,33.0,43.0,22.03,0.47275920928627757,-0.881191653407483
0.0,1.0,0.0,0.0,2919.92,1839.375714285714,0.0,227.0,15.233333333333333,80.0,45.0,31.06,0.4575313760742512,-0.8891934772070711
0.0,1.0,0.0,0.0,1677.38,2004.235714285714,0.0,227.0,15.233333333333333,59.0,49.0,29.9,0.44216815196707204,-0.8969321743510065
0.0,1.0,0.0,0.0,1217.16,1910.198571428571,33.0,198.0,16.333333333333332,87.0,46.0,19.64,0.42667408318992467,-0.9044054548343001
0.0,1.0,0.0,0.0,1127.94,1911.6014285714282,14.0,131.0,16.3,56.0,44.0,24.21,0.3953117887649151,-0.9185469991587165
0.0,1.0,0.0,0.0,4686.62,2370.6471428571426,24.0,144.0,16.0,73.0,44.0,23.55,0.37945284372454435,-0.925211078289358
0.0,1.0,0.0,0.0,1773.76,2156.1899999999996,11.0,153.0,16.133333333333333,28.0,46.0,25.25,0.36348161248290634,-0.9316013725767187
0.0,1.0,0.0,0.0,473.69,1982.3528571428567,0.0,142.0,15.466666666666667,72.0,49.0,28.97,0.3312212278016865,-0.9435531242349544
0.0,1.0,0.0,0.0,1418.48,1767.8614285714282,29.0,142.0,16.433333333333334,87.0,41.0,23.37,0.31494162072895193,-0.9491110448902284
0.0,1.0,0.0,0.0,1270.62,1709.752857142857,64.0,138.0,18.566666666666666,61.0,46.0,7.8,0.2985688173637202,-0.9543881083175908
0.0,1.0,0.0,0.0,321.3,1581.7728571428565,10.0,149.0,18.9,76.0,45.0,25.51,0.2821076626819194,-0.9593827529490743
0.0,1.0,0.0,0.0,1308.83,1607.6142857142854,8.0,145.0,19.033333333333335,63.0,37.0,27.25,0.26556302780405594,-0.9640935007889755
0.0,1.0,0.0,0.0,1030.2,1085.268571428571,12.0,139.0,19.133333333333333,77.0,45.0,31.1,0.21547731504673012,-0.976508846196619
0.0,1.0,0.0,0.0,1580.7,1057.688571428571,11.0,67.0,19.233333333333334,25.0,49.0,24.76,0.13079267585675922,-0.9914097417023038
0.0,1.0,0.0,0.0,420.92,1050.1499999999996,2.0,63.0,19.1,79.0,44.0,27.42,0.11371951458594969,-0.9935128947338007
0.0,1.0,0.0,0.0,1429.56,1051.7328571428568,4.0,52.0,19.233333333333334,69.0,46.0,29.51,0.0966127018812031,-0.9953220513156602
0.0,1.0,0.0,0.0,1364.12,1065.0899999999997,5.0,44.0,18.866666666666667,89.0,46.0,28.42,0.07947729992362097,-0.9968366760893436
0.0,1.0,0.0,0.0,1707.08,1263.058571428571,16.0,49.0,19.4,73.0,47.0,25.95,0.062318379354325076,-0.998056320853012
0.0,1.0,0.0,0.0,1779.98,1330.365714285714,9.0,103.0,18.333333333333332,68.0,43.0,26.07,0.02795029824021032,-0.999609314096404
0.0,1.0,0.0,0.0,1152.45,1347.8299999999997,0.0,112.0,17.2,35.0,49.0,28.43,0.01075130776352193,-0.9999422030204416
0.0,1.0,0.0,0.0,686.55,1220.0942857142852,35.0,101.0,17.1,64.0,46.0,15.47,-0.00645086419810515,-0.9999791929590823
0.0,1.0,0.0,0.0,653.4,1253.305714285714,10.0,166.0,16.866666666666667,58.0,45.0,24.67,-0.04084439154329611,-0.9991655196610109
0.0,1.0,0.0,0.0,3273.31,1516.698571428571,10.0,171.0,16.966666666666665,51.0,48.0,23.43,-0.05802556932878035,-0.9983150972033183
0.0,1.0,0.0,0.0,818.58,1438.7642857142853,36.0,165.0,18.1,75.0,50.0,14.43,-0.07518957641475855,-0.9971692572470178
0.0,1.0,0.0,0.0,735.76,1300.0042857142853,33.0,136.0,19.133333333333333,60.0,49.0,17.98,-0.09233133369539122,-0.9957283388645872
0.0,1.0,0.0,0.0,733.72,1150.538571428571,22.0,160.0,19.866666666666667,56.0,41.0,16.96,-0.12652781683868314,-0.9919630595773397
0.0,1.0,0.0,0.0,971.5,1124.688571428571,0.0,147.0,18.7,58.0,49.0,21.05,-0.1435724234118113,-0.9896398128792412
0.0,1.0,0.0,0.0,848.6,1147.838571428571,0.0,111.0,14.766666666666667,58.0,49.0,19.29,-0.16057454459499376,-0.9870237158387383
0.0,1.0,0.0,0.0,766.52,1163.998571428571,33.0,101.0,15.833333333333334,62.0,39.0,13.6,-0.17752914918703497,-0.984115542601034
0.0,1.0,0.0,0.0,3025.88,1128.6514285714281,19.0,124.0,15.966666666666667,90.0,44.0,18.27,-0.19443122004766195,-0.9809161537413774
0.0,1.0,0.0,0.0,1043.94,1160.845714285714,0.0,107.0,15.0,55.0,50.0,21.75,-0.2112757555821793,-0.9774264960104055
0.0,1.0,0.0,0.0,831.22,1174.4828571428568,7.0,74.0,15.233333333333333,20.0,45.0,21.7,-0.2280577712215198,-0.9736476020539838
0.0,1.0,0.0,0.0,1874.44,1337.4428571428566,56.0,81.0,17.1,69.0,42.0,18.61,-0.24477230089725957,-0.9695805901076308
0.0,1.0,0.0,0.0,1301.92,1384.645714285714,0.0,115.0,16.0,68.0,49.0,17.47,-0.2614143985111562,-0.965226663665613
0.0,1.0,0.0,0.0,819.72,1380.5199999999998,9.0,134.0,15.833333333333334,59.0,50.0,21.56,-0.2944616217868012,-0.9556633054034704
0.0,1.0,0.0,0.0,877.68,1396.3999999999999,20.0,110.0,15.7,56.0,50.0,22.62,-0.3108569682435036,-0.9504567035349151
0.0,1.0,0.0,0.0,874.23,1089.0214285714283,5.0,111.0,15.5,64.0,51.0,24.36,-0.3271603271220951,-0.9449688462364056
0.0,1.0,0.0,0.0,1106.89,1098.0142857142853,0.0,116.0,15.5,24.0,48.0,24.92,-0.34336687399638804,-0.939201357453208
0.0,1.0,0.0,0.0,409.63,1037.7871428571425,20.0,93.0,15.2,75.0,39.0,21.4,-0.3913578365610259,-0.9202385798054075
0.0,1.0,0.0,0.0,995.1,912.1671428571425,0.0,94.0,13.066666666666666,59.0,45.0,24.42,-0.4071294853542516,-0.9133704517637858
0.0,1.0,0.0,0.0,3992.86,1296.5871428571425,43.0,85.0,14.166666666666666,55.0,45.0,20.75,-0.4227806579826773,-0.9062320427107697
0.0,1.0,0.0,0.0,741.65,1285.4342857142854,8.0,121.0,14.166666666666666,74.0,44.0,25.18,-0.46896519100763184,-0.8832166493127127
0.0,1.0,0.0,0.0,1220.27,1334.375714285714,0.0,96.0,13.766666666666667,68.0,45.0,23.82,-0.48408852163897587,-0.8750190302029955
0.0,1.0,0.0,0.0,2707.3,1596.242857142857,84.0,89.0,16.2,76.0,41.0,7.53,-0.4990686026885319,-0.8665624788845385
0.0,1.0,0.0,0.0,360.36,1489.5957142857137,0.0,153.0,16.133333333333333,87.0,49.0,20.03,-0.5139010013093103,-0.8578494977869301
0.0,1.0,0.0,0.0,1211.39,1604.132857142857,0.0,153.0,16.0,45.0,46.0,18.18,-0.5285813283559292,-0.8488826652214553
0.0,1.0,0.0,0.0,539.88,1539.1014285714282,0.0,110.0,15.833333333333334,67.0,49.0,20.63,-0.5431052396834317,-0.8396646346181327
0.0,1.0,0.0,0.0,960.49,1105.9057142857139,2.0,97.0,15.366666666666667,55.0,50.0,17.09,-0.5716666713027052,-0.8204859638785327
0.0,1.0,0.0,0.0,3720.0,1531.3842857142852,6.0,91.0,15.266666666666667,57.0,50.0,17.58,-0.5856957398073508,-0.8105309990194823
0.0,1.0,0.0,0.0,686.37,1455.1128571428567,21.0,97.0,15.966666666666667,60.0,50.0,11.55,-0.5995514915196489,-0.8003361849976323
0.0,1.0,0.0,0.0,474.71,1136.1714285714284,33.0,34.0,15.9,57.0,49.0,19.19,-0.6132298262997502,-0.7899045386224707
0.0,1.0,0.0,0.0,749.39,1191.7471428571425,16.0,67.0,16.1,56.0,40.0,18.64,-0.6400381082043503,-0.7683431655492202
0.0,1.0,0.0,0.0,967.06,1156.842857142857,0.0,78.0,15.766666666666667,63.0,48.0,20.41,-0.666088855860977,-0.7458723993404063
0.0,1.0,0.0,0.0,874.48,1204.6428571428569,16.0,102.0,15.1,67.0,43.0,20.3,-0.6913512362094071,-0.722518835873311
0.0,1.0,0.0,0.0,877.2,1192.7442857142853,13.0,97.0,14.433333333333334,66.0,46.0,18.06,-0.7036774074790128,-0.7105196029692745
0.0,1.0,0.0,0.0,780.76,772.8528571428567,25.0,93.0,14.533333333333333,65.0,46.0,17.22,-0.7277014757264236,-0.6858939875998223
0.0,1.0,0.0,0.0,749.73,781.9042857142853,0.0,102.0,14.533333333333333,32.0,48.0,19.12,-0.7393922635959241,-0.673274892250183
0.0,1.0,0.0,0.0,428.4,775.288571428571,17.0,102.0,15.1,74.0,45.0,15.86,-0.7508642533989489,-0.6604565640279754
0.0,1.0,0.0,0.0,780.71,779.7628571428568,0.0,91.0,14.0,68.0,48.0,20.9,-0.7731383255706026,-0.6342374393978054
0.0,1.0,0.0,0.0,980.49,781.6814285714281,1.0,64.0,13.4,65.0,42.0,18.08,-0.7944973291665992,-0.6072676460566135
0.0,1.0,0.0,0.0,752.0,764.1842857142854,3.0,61.0,13.5,16.0,50.0,19.19,-0.8149159841660791,-0.5795791048257612
0.0,1.0,0.0,0.0,1800.9,896.1414285714282,12.0,64.0,13.666666666666666,77.0,45.0,22.21,-0.8247650844733614,-0.5654755126737576
0.0,1.0,0.0,0.0,1128.6,945.8328571428568,15.0,55.0,12.3,72.0,49.0,21.62,-0.8437282590292712,-0.5367705514607103
0.0,1.0,0.0,0.0,1408.33,1039.9185714285709,0.0,70.0,12.3,52.0,47.0,21.54,-0.8528367217694595,-0.522177676659508
0.0,1.0,0.0,0.0,744.8,1085.118571428571,7.0,68.0,12.233333333333333,61.0,44.0,17.16,-0.8616928164028522,-0.5074302810827518
0.0,1.0,0.0,0.0,696.25,1073.0528571428567,4.0,74.0,11.7,52.0,44.0,16.21,-0.8702939222685674,-0.49253272872205434
0.0,1.0,0.0,0.0,560.6,1013.0685714285711,51.0,71.0,13.233333333333333,78.0,48.0,16.62,-0.886721063082993,-0.46230483047981086
0.0,1.0,0.0,0.0,874.8,1030.6114285714282,13.0,110.0,13.666666666666666,56.0,42.0,18.93,-0.8945422369764496,-0.4469834295196741
0.0,1.0,0.0,0.0,1001.1,916.3542857142853,25.0,130.0,13.833333333333334,50.0,39.0,12.68,-0.9164086366943458,-0.4002439388573056
0.0,1.0,0.0,0.0,386.74,810.3742857142853,0.0,122.0,13.833333333333334,74.0,44.0,17.77,-0.9417589340994617,-0.33628873017668287
0.0,1.0,0.0,0.0,881.05,735.0485714285711,0.0,92.0,12.4,67.0,49.0,23.36,-0.9527692922168511,-0.30369503751065885
0.0,1.0,0.0,0.0,1079.85,782.9128571428568,22.0,69.0,12.866666666666667,47.0,42.0,15.85,-0.9626519747161487,-0.2707418984477642
0.0,1.0,0.0,0.0,473.07,751.0299999999996,39.0,66.0,14.166666666666666,35.0,44.0,14.63,-0.9671667297977312,-0.2541427094613622
0.0,1.0,0.0,0.0,340.48,719.5842857142853,12.0,85.0,11.766666666666667,58.0,42.0,23.5,-0.97139528468375,-0.23746831555846842
0.0,1.0,0.0,0.0,2691.32,979.0871428571425,0.0,80.0,11.766666666666667,70.0,46.0,20.53,-0.9753363880767837,-0.2207236509605022
0.0,1.0,0.0,0.0,962.79,973.6142857142853,30.0,80.0,12.766666666666667,40.0,44.0,16.23,-0.9789888737409319,-0.20391367068311472
0.0,1.0,0.0,0.0,919.61,1049.738571428571,0.0,110.0,12.766666666666667,78.0,48.0,22.72,-0.9823516608469237,-0.18704334906991657
0.0,1.0,0.0,0.0,1196.1,1094.745714285714,24.0,108.0,13.5,77.0,47.0,15.99,-0.9882042449941422,-0.15314166701312007
0.0,1.0,0.0,0.0,824.77,1058.305714285714,38.0,98.0,14.566666666666666,63.0,45.0,16.57,-0.994788305609327,-0.10196189005174576
0.0,1.0,0.0,0.0,683.82,1088.4128571428569,8.0,136.0,14.133333333333333,58.0,49.0,22.31,-0.9987235240803972,-0.050510617185222886
0.0,1.0,0.0,0.0,4327.45,1657.9799999999996,27.0,139.0,13.933333333333334,67.0,43.0,15.61,-0.9994446170919858,-0.033323525711631344
0.0,1.0,0.0,0.0,669.44,1369.1399999999996,0.0,142.0,13.4,31.0,50.0,25.48,-0.9998699583618592,-0.016126573270657762
0.0,1.0,0.0,0.0,553.0,1310.5985714285712,0.0,135.0,13.4,58.0,45.0,25.97,-0.999832969770105,0.018276557681691223
0.0,1.0,0.0,0.0,4825.49,1868.5814285714282,90.0,97.0,15.866666666666667,64.0,46.0,8.02,-0.9993706508539969,0.03547255575312556
0.0,1.0,0.0,0.0,336.01,1745.7114285714283,25.0,157.0,16.266666666666666,66.0,44.0,21.91,-0.9986126020839734,0.052658056924614005
0.0,1.0,0.0,0.0,939.9,1762.158571428571,118.0,182.0,19.366666666666667,76.0,44.0,9.74,-0.9975590477788613,0.06982797572987089
0.0,1.0,0.0,0.0,469.9,1731.598571428571,2.0,292.0,19.433333333333334,71.0,45.0,25.54,-0.9962102997023297,0.0869772313136861
0.0,1.0,0.0,0.0,2053.58,1406.7599999999998,8.0,267.0,19.133333333333333,21.0,50.0,25.57,-0.9945667569706337,0.1041007489354256
0.0,1.0,0.0,0.0,370.53,1364.058571428571,4.0,275.0,19.266666666666666,81.0,45.0,26.75,-0.9926289059345095,0.121193461470736
0.0,1.0,0.0,0.0,1462.73,1494.0199999999998,4.0,247.0,19.366666666666667,69.0,49.0,26.54,-0.9903973200352558,0.1382503109109819
0.0,1.0,0.0,0.0,1701.86,1047.7871428571423,53.0,162.0,21.033333333333335,74.0,45.0,20.95,-0.9850556718215013,0.172236243027682
0.0,1.0,0.0,0.0,1030.75,1147.0357142857138,40.0,190.0,21.966666666666665,53.0,46.0,14.96,-0.981947190186646,0.18915526872004093
0.0,1.0,0.0,0.0,527.35,1088.0999999999997,0.0,112.0,21.466666666666665,72.0,46.0,21.04,-0.9785481345802031,0.20601832032517084
0.0,1.0,0.0,0.0,1829.48,1282.325714285714,3.0,106.0,21.566666666666666,52.0,50.0,23.29,-0.9708824104813836,0.23955655912092708
0.0,1.0,0.0,0.0,2936.65,1408.4785714285713,64.0,105.0,23.466666666666665,65.0,42.0,10.14,-0.9666180104000972,0.2562218218071163
0.0,1.0,0.0,0.0,418.47,1415.3271428571425,23.0,165.0,24.1,64.0,49.0,16.05,-0.9620675724981452,0.27281126433401914
0.0,1.0,0.0,0.0,698.36,1306.1314285714284,0.0,187.0,22.4,55.0,50.0,22.04,-0.957232443323312,0.28931997761869527
0.0,1.0,0.0,0.0,4829.4,1752.9228571428564,60.0,119.0,23.966666666666665,72.0,41.0,18.33,-0.9467139181463862,0.3220757010206104
0.0,1.0,0.0,0.0,825.0,1723.5299999999993,37.0,179.0,24.366666666666667,30.0,46.0,17.37,-0.9410336347451197,0.3383130181923076
0.0,1.0,0.0,0.0,351.68,1698.4342857142851,2.0,211.0,24.433333333333334,72.0,45.0,26.94,-0.9288394302558068,0.3704825404820963
0.0,1.0,0.0,0.0,1290.1,1621.3799999999994,31.0,149.0,25.466666666666665,52.0,40.0,23.73,-0.9223291176290545,0.3864052261209853
0.0,1.0,0.0,0.0,765.08,1311.1557142857139,26.0,179.0,25.6,21.0,46.0,17.9,-0.8935790198239952,0.4489059314938798
0.0,1.0,0.0,0.0,695.04,1350.665714285714,22.0,168.0,25.033333333333335,55.0,48.0,18.29,-0.8857249183835637,0.4642104791518923
0.0,1.0,0.0,0.0,1505.11,1465.9157142857136,15.0,188.0,25.133333333333333,63.0,45.0,28.21,-0.8776087166898392,0.4793776594606945
0.0,1.0,0.0,0.0,1190.59,946.0857142857138,43.0,201.0,26.566666666666666,54.0,44.0,15.85,-0.8692328164574792,0.49440298420761813
0.0,1.0,0.0,0.0,1850.84,1092.6342857142852,2.0,213.0,25.633333333333333,52.0,49.0,27.17,-0.8605996962501181,0.5092820071573356
0.0,1.0,0.0,0.0,974.97,1181.6757142857136,32.0,109.0,26.7,71.0,42.0,20.04,-0.8517119107469189,0.5240103253675756
0.0,1.0,0.0,0.0,1511.49,1213.3028571428567,27.0,141.0,26.8,62.0,43.0,20.23,-0.8425720899866032,0.5385835804920232
0.0,1.0,0.0,0.0,1437.37,1309.3442857142852,41.0,167.0,26.9,31.0,37.0,19.32,-0.8331829385891785,0.5529974600700271
0.0,1.0,0.0,0.0,1605.4,1439.395714285714,42.0,182.0,28.033333333333335,65.0,47.0,23.72,-0.8235472349556007,0.5672476988027229
0.0,1.0,0.0,0.0,1410.72,1425.9114285714281,6.0,242.0,27.333333333333332,65.0,44.0,25.57,-0.8035476485339116,0.5952404359043674
0.0,1.0,0.0,0.0,2804.3,1656.441428571428,8.0,247.0,27.6,83.0,44.0,21.08,-0.7825970017677834,0.6225286602431057
0.0,1.0,0.0,0.0,1146.25,1555.7857142857138,0.0,223.0,27.6,73.0,46.0,28.18,-0.7717727365467836,0.6358984534680745
0.0,1.0,0.0,0.0,1877.05,1684.6542857142854,28.0,196.0,25.533333333333335,20.0,47.0,21.25,-0.7607200913564104,0.6490800741100398
0.0,1.0,0.0,0.0,284.75,1509.4057142857139,3.0,231.0,24.8,48.0,50.0,27.38,-0.7379428103031386,0.6748632518680403
0.0,1.0,0.0,0.0,919.8,1435.4671428571423,22.0,179.0,21.6,65.0,44.0,16.43,-0.7262249146041543,0.6874571793269664
0.0,1.0,0.0,0.0,683.52,1303.7699999999998,18.0,188.0,22.133333333333333,73.0,46.0,28.3,-0.6897960046655887,0.7240037789593305
0.0,1.0,0.0,0.0,1353.23,1295.5571428571425,0.0,206.0,21.866666666666667,25.0,46.0,29.48,-0.6772399381909491,0.7357622347736527
0.0,1.0,0.0,0.0,504.85,967.0642857142853,27.0,178.0,22.633333333333333,60.0,41.0,17.88,-0.6644834655228552,0.7473029667054296
0.0,1.0,0.0,0.0,670.62,899.1171428571424,185.0,115.0,28.666666666666668,62.0,43.0,10.6,-0.6515303615068021,0.75862255966641
0.0,1.0,0.0,0.0,420.48,691.0357142857139,3.0,297.0,27.0,77.0,50.0,25.0,-0.6383844591746642,0.7697176640069211
0.0,1.0,0.0,0.0,1328.25,840.1071428571424,38.0,261.0,26.933333333333334,43.0,44.0,22.65,-0.6115298757991053,0.7912213413483807
0.0,1.0,0.0,0.0,633.1,799.1499999999995,11.0,275.0,27.3,64.0,49.0,22.47,-0.5978291414589552,0.801623551065242
0.0,1.0,0.0,0.0,977.84,841.1957142857138,2.0,273.0,27.266666666666666,65.0,44.0,29.58,-0.5699010576127624,0.8217133225960589
0.0,1.0,0.0,0.0,1288.41,831.935714285714,1.0,248.0,25.166666666666668,64.0,49.0,24.92,-0.5556819724760489,0.8313949395234058
0.0,1.0,0.0,0.0,1108.53,918.175714285714,52.0,64.0,26.133333333333333,60.0,43.0,25.43,-0.5412984521036173,0.8408305333122887
0.0,1.0,0.0,0.0,1856.9,1087.6442857142854,12.0,113.0,26.533333333333335,60.0,52.0,22.25,-0.5267547528105542,0.8500173118187018
0.0,1.0,0.0,0.0,947.85,1162.9828571428568,60.0,121.0,26.533333333333335,51.0,47.0,21.31,-0.5120551783114646,0.8589525565270845
0.0,1.0,0.0,0.0,733.73,1078.0514285714282,90.0,143.0,28.3,59.0,47.0,8.14,-0.4972040784469378,0.8676336233547726
0.0,1.0,0.0,0.0,316.8,1032.865714285714,0.0,222.0,28.233333333333334,27.0,41.0,17.67,-0.4822058478963526,0.8760579434344281
0.0,1.0,0.0,0.0,2429.51,1240.2471428571425,1.0,218.0,27.233333333333334,77.0,48.0,21.26,-0.4363729641045924,0.8997658785476209
0.0,1.0,0.0,0.0,1121.35,1216.3814285714284,45.0,189.0,27.866666666666667,52.0,48.0,15.83,-0.4051645224207563,0.9142437912130223
0.0,1.0,0.0,0.0,2286.53,1384.6671428571426,0.0,174.0,27.133333333333333,70.0,44.0,17.79,-0.3893781415452015,0.9210779895789526
0.0,1.0,0.0,0.0,1305.7,1305.9242857142854,9.0,84.0,26.933333333333334,33.0,47.0,24.33,-0.37347653741307074,0.9276396261490467
0.0,1.0,0.0,0.0,538.01,1247.375714285714,3.0,91.0,25.6,74.0,46.0,22.42,-0.34134651424503615,0.9399375283564133
0.0,1.0,0.0,0.0,1111.53,1301.3471428571427,0.0,92.0,25.533333333333335,53.0,48.0,23.28,-0.3251276029999093,0.9456701548465688
0.0,1.0,0.0,0.0,851.46,1377.7271428571423,0.0,78.0,24.466666666666665,57.0,43.0,23.32,-0.29240597695107734,0.9562942772197719
0.0,1.0,0.0,0.0,870.5,1155.0114285714283,34.0,33.0,24.7,59.0,49.0,18.07,-0.27591294500296043,0.9611826292540837
0.0,1.0,0.0,0.0,735.54,1099.895714285714,15.0,67.0,23.833333333333332,18.0,45.0,22.89,-0.2593382659754056,0.9657865518844574
0.0,1.0,0.0,0.0,271.92,812.0942857142853,34.0,79.0,23.566666666666666,60.0,44.0,16.45,-0.22596360824801906,0.974135744004672
0.0,1.0,0.0,0.0,651.42,718.6257142857139,28.0,110.0,24.3,60.0,42.0,15.67,-0.20917350564635637,0.9778785428342386
0.0,1.0,0.0,0.0,3098.6,1084.4242857142854,31.0,138.0,25.066666666666666,60.0,47.0,15.23,-0.19232150523909483,0.9813319716704275
0.0,1.0,0.0,0.0,616.95,1013.7699999999996,36.0,148.0,26.266666666666666,72.0,42.0,14.28,-0.17541259380427843,0.9844950085880858
0.0,1.0,0.0,0.0,663.06,986.8557142857138,20.0,184.0,26.0,67.0,45.0,21.46,-0.15845177496083632,0.9873667175937016
0.0,1.0,0.0,0.0,941.89,997.0542857142854,16.0,170.0,26.433333333333334,17.0,46.0,18.59,-0.14144406768794202,0.9899462489023779
0.0,1.0,0.0,0.0,211.72,922.2228571428568,61.0,165.0,27.733333333333334,50.0,43.0,7.16,-0.10730813165636247,0.9942258118156161
0.0,1.0,0.0,0.0,780.12,994.8228571428568,10.0,192.0,27.466666666666665,72.0,43.0,19.12,-0.09019000427034513,0.9959245770286599
0.0,1.0,0.0,0.0,881.28,1027.6599999999996,15.0,174.0,27.966666666666665,58.0,44.0,21.0,-0.07304518821104743,0.9973286321364752
0.0,1.0,0.0,0.0,785.61,697.2328571428568,15.0,158.0,27.566666666666666,60.0,45.0,19.37,-0.05587875690537313,0.9984375616565666
0.0,1.0,0.0,0.0,755.3,716.9971428571425,41.0,137.0,22.766666666666666,76.0,39.0,17.63,-0.03869579017652689,0.9992510374388481
0.0,1.0,0.0,0.0,4625.1,1283.0028571428568,11.0,158.0,23.033333333333335,31.0,45.0,24.19,-0.021501372740813793,0.999768818762748
0.0,1.0,0.0,0.0,1099.0,1305.4471428571426,46.0,153.0,23.3,67.0,48.0,14.85,-0.004300592702981974,0.9999907524084426
0.0,1.0,0.0,0.0,681.58,1372.5699999999997,44.0,199.0,24.4,50.0,47.0,16.9,0.012901459949419653,0.9999167727021953
0.0,1.0,0.0,0.0,566.15,1342.002857142857,12.0,165.0,24.733333333333334,66.0,47.0,22.92,0.051584366869408364,0.9986686402879997
0.0,1.0,0.0,0.0,1021.28,1362.0028571428568,0.0,162.0,24.7,56.0,46.0,18.7,0.06875540848113941,0.9976335468520451
0.0,1.0,0.0,0.0,696.25,1349.2371428571425,1.0,121.0,23.0,20.0,45.0,19.55,0.08590610426133272,0.9963032375991965
0.0,1.0,0.0,0.0,258.06,1278.2028571428568,3.0,111.0,22.7,63.0,46.0,17.97,0.10303137904317879,0.9946781061893646
0.0,1.0,0.0,0.0,2962.44,1040.6799999999996,0.0,68.0,20.7,59.0,48.0,21.12,0.1201261651823505,0.9927586335250793
0.0,1.0,0.0,0.0,847.28,1004.7199999999996,24.0,16.0,18.5,59.0,48.0,8.83,0.1542040475626894,0.988039023376751
0.0,1.0,0.0,0.0,354.28,957.9628571428568,0.0,28.0,18.5,53.0,47.0,17.42,0.18809941761179758,0.9821499931752291
0.0,1.0,0.0,0.0,1133.03,1038.945714285714,0.0,28.0,18.466666666666665,31.0,46.0,17.71,0.20496611396949532,0.9787690698649216
0.0,1.0,0.0,0.0,373.32,946.3799999999995,0.0,27.0,16.966666666666665,62.0,44.0,19.82,0.22177215755648186,0.975098513039961
0.0,1.0,0.0,0.0,805.0,961.9157142857139,0.0,24.0,16.966666666666665,68.0,48.0,17.62,0.23851257519407648,0.9711394088771653
0.0,1.0,0.0,0.0,4358.61,1547.708571428571,9.0,24.0,16.966666666666665,45.0,44.0,17.71,0.2551824131233728,0.9668929289391521
0.0,1.0,0.0,0.0,1397.03,1324.078571428571,0.0,9.0,16.866666666666667,59.0,44.0,16.39,0.2882906407095177,0.9575429528116719
0.0,1.0,0.0,0.0,3674.06,1727.9042857142852,10.0,9.0,17.2,29.0,40.0,19.86,0.321057654185271,0.9470596510722283
0.0,1.0,0.0,0.0,360.0,1728.7214285714283,0.0,19.0,17.2,68.0,52.0,16.5,0.3373010691361842,0.9413968285264122
0.0,1.0,0.0,0.0,802.23,1681.464285714285,0.0,19.0,16.066666666666666,82.0,43.0,15.72,0.3534446712740877,0.9354554315134164
0.0,1.0,0.0,0.0,844.3,1748.7471428571425,6.0,19.0,15.766666666666667,49.0,40.0,13.47,0.3694836834473831,0.9292372181882051
0.0,1.0,0.0,0.0,405.9,1691.7328571428568,0.0,43.0,14.633333333333333,83.0,46.0,23.08,0.4012289854475009,0.9159777842484877
0.0,1.0,0.0,0.0,1283.72,1252.4628571428568,0.0,43.0,13.7,48.0,46.0,18.73,0.4169258813287287,0.908940487313808
0.0,1.0,0.0,0.0,602.33,1138.9342857142854,0.0,43.0,12.666666666666666,34.0,49.0,22.35,0.4324994021339788,0.901634220265486
0.0,1.0,0.0,0.0,524.4,688.9828571428568,0.0,33.0,11.466666666666667,58.0,45.0,22.38,0.4632579225674917,0.88622350294858
0.0,1.0,0.0,0.0,869.66,761.7914285714281,3.0,27.0,10.9,54.0,50.0,20.26,0.49346814167723735,0.8697638720650646
0.0,1.0,0.0,0.0,743.92,753.4614285714282,4.0,10.0,10.5,75.0,44.0,11.0,0.5230943033491326,0.8522748088519838
0.0,1.0,0.0,0.0,544.5,710.6328571428568,0.0,14.0,8.466666666666667,24.0,45.0,14.38,0.5376773767406141,0.8431506618282
0.0,1.0,0.0,0.0,227.7,685.1757142857139,0.0,14.0,8.133333333333333,59.0,53.0,15.0,0.5663619330814524,0.8241566360566663
0.0,1.0,0.0,0.0,628.35,591.5514285714281,6.0,14.0,7.833333333333333,48.0,44.0,14.62,0.5943761565849831,0.804187157621448
0.0,1.0,0.0,0.0,456.3,570.6899999999996,16.0,17.0,7.866666666666666,65.0,45.0,14.05,0.6081214998935418,0.7938439653781019
0.0,1.0,0.0,0.0,593.45,580.5542857142854,5.0,26.0,6.666666666666667,84.0,48.0,20.62,0.6216868902665479,0.7832658619336791
0.0,1.0,0.0,0.0,1701.44,699.3799999999995,8.0,31.0,6.566666666666666,49.0,39.0,18.47,0.6482618097757122,0.7614175109532997
0.0,1.0,0.0,0.0,565.62,673.908571428571,0.0,39.0,5.033333333333333,66.0,52.0,16.45,0.6740694616546161,0.7386679638813748
0.0,1.0,0.0,0.0,765.63,705.498571428571,0.0,39.0,3.566666666666667,58.0,49.0,18.67,0.6866759803451553,0.726963615332308
0.0,1.0,0.0,0.0,1534.27,892.1514285714283,21.0,33.0,3.8666666666666667,79.0,50.0,10.86,0.6990793005655562,0.7150441465537444
0.0,1.0,0.0,0.0,596.31,887.5742857142852,0.0,29.0,3.8666666666666667,73.0,49.0,18.9,0.7350336741329413,0.6780306024735382
0.0,1.0,0.0,0.0,966.0,960.3885714285709,0.0,21.0,3.8333333333333335,70.0,51.0,15.0,0.746588114532413,0.6652865452111116
0.0,1.0,0.0,0.0,1203.5,1047.538571428571,0.0,21.0,3.7333333333333334,64.0,44.0,20.53,0.7690308592589181,0.6392116531380588
0.0,1.0,0.0,0.0,860.67,927.428571428571,24.0,21.0,4.533333333333333,58.0,46.0,12.21,0.7799125224167177,0.6258885343075018
0.0,1.0,0.0,0.0,1001.28,989.6657142857139,0.0,24.0,3.7333333333333334,22.0,49.0,21.32,0.8009803309782905,0.5986906625177214
0.0,1.0,0.0,0.0,323.61,926.5199999999996,0.0,24.0,3.7333333333333334,55.0,46.0,20.45,0.8111602420785621,0.5848239578463322
0.0,1.0,0.0,0.0,742.5,813.4099999999996,0.0,33.0,3.7333333333333334,68.0,46.0,17.51,0.8307970168121247,0.5565755266413303
0.0,1.0,0.0,0.0,1453.01,935.795714285714,0.0,33.0,3.7333333333333334,50.0,48.0,20.78,0.8402480696078469,0.5422021592729844
0.0,1.0,0.0,0.0,711.72,899.4699999999996,0.0,33.0,3.7333333333333334,53.0,50.0,15.26,0.8494504794814806,0.527668345562516
0.0,1.0,0.0,0.0,566.3,808.4414285714282,13.0,14.0,3.8666666666666667,83.0,49.0,19.11,0.8755389928586302,0.4831474640149687
0.0,1.0,0.0,0.0,1086.41,840.6899999999996,0.0,27.0,3.8666666666666667,60.0,42.0,19.07,0.8837203473619977,0.4680153284438345
0.0,1.0,0.0,0.0,732.16,802.2442857142853,0.0,18.0,3.533333333333333,79.0,43.0,16.27,0.8916401947968874,0.45274469960737107
0.0,1.0,0.0,0.0,848.1,877.1714285714281,0.0,18.0,3.533333333333333,53.0,45.0,19.55,0.8992961915530253,0.4373400963303323
0.0,1.0,0.0,0.0,694.12,870.2599999999995,16.0,18.0,4.066666666666666,51.0,47.0,20.78,0.9066860720977985,0.4218060770826634
0.0,1.0,0.0,0.0,704.9,763.3871428571425,0.0,34.0,3.8666666666666667,54.0,50.0,19.96,0.9138076496466615,0.4061472386305789
0.0,1.0,0.0,0.0,749.21,768.7428571428567,0.0,52.0,3.8666666666666667,59.0,47.0,25.08,0.9335418911179212,0.35846832151248087
0.0,1.0,0.0,0.0,999.0,830.5571428571426,1.0,59.0,3.9,76.0,50.0,24.75,0.945320046913132,0.3261441535642696
0.0,1.0,0.0,0.0,1307.3,862.1128571428568,0.0,60.0,3.9,74.0,49.0,21.61,0.9507903724625832,0.3098349038318025
0.0,1.0,0.0,0.0,1119.3,917.4185714285711,0.0,44.0,3.9,73.0,44.0,23.45,0.9559793438440766,0.2934339689665273
0.0,1.0,0.0,0.0,1147.04,960.1242857142853,5.0,44.0,3.966666666666667,28.0,51.0,25.07,0.9608854255574977,0.27694620226893646
0.0,1.0,0.0,0.0,487.89,930.6628571428568,9.0,33.0,4.133333333333334,58.0,51.0,20.33,0.969843196967294,0.24372971360968387
0.0,1.0,0.0,0.0,1176.41,998.0214285714283,21.0,35.0,4.833333333333333,56.0,40.0,14.0,0.9776530844816641,0.2102247521189836
0.0,1.0,0.0,0.0,486.08,960.4314285714281,15.0,55.0,5.333333333333333,72.0,46.0,23.35,0.984305844499033,0.17647097349152166
0.0,1.0,0.0,0.0,1117.87,977.4128571428566,0.0,70.0,5.133333333333334,21.0,47.0,20.9,0.9871957872910085,0.15951325197263655
0.0,1.0,0.0,0.0,296.33,832.988571428571,16.0,65.0,5.133333333333334,52.0,43.0,24.21,0.9897936029670716,0.14250832791617088
0.0,1.0,0.0,0.0,818.35,789.9957142857139,24.0,61.0,5.766666666666667,72.0,45.0,16.83,0.992098522791769,0.12546123335273648
0.0,1.0,0.0,0.0,793.86,739.5414285714281,4.0,76.0,5.633333333333334,66.0,50.0,19.64,0.9941098647022418,0.10837701279187609
0.0,1.0,0.0,0.0,894.24,797.5914285714281,0.0,59.0,5.633333333333334,57.0,48.0,21.23,0.9972495210773451,0.07411742515094437
0.0,1.0,0.0,0.0,816.75,746.2114285714281,23.0,59.0,6.4,67.0,44.0,18.27,0.998376906467142,0.056952196034039754
0.0,1.0,0.0,0.0,789.48,789.5542857142854,0.0,67.0,5.7,23.0,46.0,22.43,0.9992088560679753,0.03977011384605572
0.0,1.0,0.0,0.0,348.3,679.6157142857139,0.0,67.0,5.7,57.0,45.0,19.91,0.9997451236925734,0.022576263041545485
0.0,1.0,0.0,0.0,743.43,743.4871428571424,7.0,51.0,5.933333333333334,60.0,41.0,28.87,0.9999855506507186,0.005375731557583884
0.0,1.0,0.0,0.0,1065.18,778.748571428571,7.0,37.0,6.166666666666667,17.0,43.0,29.53,0.9967506498213929,-0.08054900421874167
0.0,1.0,0.0,0.0,321.28,711.2371428571424,12.0,44.0,5.766666666666667,65.0,46.0,29.63,0.9952176027737294,-0.09768276782171598
0.0,1.0,0.0,0.0,1261.53,763.7071428571425,0.0,56.0,5.766666666666667,58.0,43.0,30.98,0.9933900548258936,-0.11478762552212701
0.0,1.0,0.0,0.0,1195.01,817.7442857142853,19.0,49.0,6.4,53.0,42.0,26.15,0.9912685467787256,-0.13185851571739118
0.0,1.0,0.0,0.0,880.11,830.6914285714282,3.0,68.0,6.5,28.0,47.0,27.54,0.9888537064205885,-0.1488903868564548
0.0,1.0,0.0,0.0,520.43,855.2814285714283,12.0,58.0,6.9,40.0,41.0,30.2,0.9831469737221499,-0.1828169249850199
0.0,1.0,0.0,0.0,761.04,857.7971428571425,19.0,70.0,7.533333333333333,13.0,42.0,30.08,0.9798567700958665,-0.1997015525660636
0.0,1.0,0.0,0.0,933.19,838.9414285714282,22.0,82.0,7.833333333333333,38.0,44.0,20.63,0.9762766110869321,-0.21652708524481437
0.0,1.0,0.0,0.0,509.6,865.8442857142853,32.0,92.0,8.9,18.0,43.0,22.94,0.9724075561219968,-0.23328854407545518
0.0,1.0,0.0,0.0,268.45,723.9757142857139,0.0,124.0,8.9,23.0,47.0,27.39,0.9682507501166718,-0.2499809690726521
0.0,1.0,0.0,0.0,4026.1,1128.4171428571424,0.0,102.0,8.9,28.0,46.0,25.43,0.9590788900341131,-0.28313898122818354
0.0,1.0,0.0,0.0,480.6,1071.3442857142852,44.0,85.0,9.833333333333334,35.0,45.0,19.71,0.9540665500578387,-0.2995947563972602
0.0,1.0,0.0,0.0,823.5,1114.6399999999996,12.0,117.0,10.233333333333333,10.0,50.0,29.4,0.9487718864399473,-0.31596187665790293
0.0,1.0,0.0,0.0,201.39,1034.6899999999996,14.0,110.0,10.7,66.0,42.0,29.47,0.9431964659565866,-0.33223549871590435
0.0,1.0,0.0,0.0,1244.8,1079.2057142857138,20.0,102.0,11.333333333333334,72.0,44.0,27.53,0.9373419384643772,-0.3484108069446808
0.0,1.0,0.0,0.0,1298.21,1191.8642857142854,0.0,90.0,11.333333333333334,65.0,48.0,25.78,0.9248025743285089,-0.38044736628785164
0.0,1.0,0.0,0.0,1139.68,1316.325714285714,0.0,106.0,11.333333333333334,61.0,44.0,24.66,0.9111686353326631,-0.41203363695942635
0.0,1.0,0.0,0.0,3387.64,1225.1171428571422,0.0,77.0,11.166666666666666,45.0,47.0,32.69,0.8964562582905575,-0.44313223418263453
0.0,1.0,0.0,0.0,1407.99,1357.6014285714282,0.0,63.0,10.866666666666667,52.0,45.0,26.9,0.8887010478292915,-0.45848712914008766
0.0,1.0,0.0,0.0,930.34,1372.8642857142854,0.0,43.0,10.166666666666666,48.0,45.0,23.83,0.8806828564301475,-0.47370635037968
0.0,1.0,0.0,0.0,755.04,1451.9571428571428,41.0,43.0,11.033333333333333,78.0,45.0,36.83,0.8724040568049612,-0.48878539428899265
0.0,1.0,0.0,0.0,1896.18,1545.0114285714283,20.0,84.0,11.7,67.0,44.0,39.54,0.8638670987837349,-0.503719798736334
0.0,1.0,0.0,0.0,1748.34,1609.315714285714,7.0,88.0,11.4,79.0,37.0,31.42,0.8550745085896932,-0.518505144391157
0.0,1.0,0.0,0.0,1489.2,1659.2471428571425,17.0,108.0,11.166666666666666,65.0,43.0,31.32,0.8367329140344921,-0.5476112038402312
0.0,1.0,0.0,0.0,1303.04,1361.4471428571426,0.0,143.0,11.033333333333333,73.0,44.0,30.85,0.8174009818249189,-0.5760691233798758
0.0,1.0,0.0,0.0,2014.06,1448.028571428571,10.0,135.0,11.366666666666667,63.0,42.0,35.68,0.7865965660866021,-0.6174672802835514
0.0,1.0,0.0,0.0,1461.2,1523.865714285714,20.0,109.0,11.266666666666667,80.0,47.0,35.67,0.7648913904341225,-0.6441592666722685
0.0,1.0,0.0,0.0,1912.18,1689.1714285714281,35.0,112.0,12.433333333333334,71.0,46.0,34.21,0.753697664392914,-0.6572212950663319
0.0,1.0,0.0,0.0,1603.14,1647.308571428571,2.0,129.0,12.5,76.0,48.0,32.08,0.742280907086982,-0.6700888411055113
0.0,1.0,0.0,0.0,1989.03,1681.6928571428568,0.0,131.0,12.266666666666667,57.0,45.0,36.54,0.7306444969184916,-0.6827580970759147
0.0,1.0,0.0,0.0,1385.2,1666.8357142857137,7.0,98.0,12.266666666666667,62.0,43.0,29.92,0.7187918772884232,-0.6952253139408722
0.0,1.0,0.0,0.0,1591.75,1708.0799999999997,3.0,131.0,11.966666666666667,24.0,50.0,41.58,0.6944521021088763,-0.719538934232584
0.0,1.0,0.0,0.0,693.61,1519.4442857142853,21.0,123.0,12.666666666666666,79.0,46.0,23.78,0.6819721490904629,-0.7313781428679254
0.0,1.0,0.0,0.0,1249.54,1489.2071428571423,3.0,124.0,12.133333333333333,77.0,50.0,37.78,0.6692903895412567,-0.7430009249440493
0.0,1.0,0.0,0.0,2907.21,1631.3542857142854,7.0,105.0,12.266666666666667,69.0,45.0,35.62,0.6433365204044917,-0.765583517007675
0.0,1.0,0.0,0.0,1646.86,1637.5999999999997,62.0,105.0,13.933333333333334,95.0,45.0,14.55,0.6166212130956382,-0.7872599821916922
0.0,1.0,0.0,0.0,919.03,1484.7428571428568,32.0,111.0,14.366666666666667,48.0,41.0,34.69,0.6029878670694714,-0.7977503570459932
0.0,1.0,0.0,0.0,1048.95,1436.7071428571423,28.0,140.0,14.566666666666666,72.0,43.0,26.96,0.5891760872322963,-0.8080046647350754
0.0,1.0,0.0,0.0,1251.94,1388.1628571428569,5.0,147.0,13.666666666666666,73.0,45.0,40.03,0.5751899607119775,-0.8180198708443174
0.0,1.0,0.0,0.0,1943.13,1566.6657142857136,14.0,149.0,14.133333333333333,59.0,44.0,38.76,0.5610336262283677,-0.8277930117131022
0.0,1.0,0.0,0.0,1497.99,1602.158571428571,0.0,201.0,14.133333333333333,88.0,49.0,42.34,0.5175855102531889,-0.8556314858488706
0.0,1.0,0.0,0.0,3189.68,1642.5114285714283,30.0,139.0,13.666666666666666,25.0,44.0,21.04,0.5027907197793043,-0.8644081744776648
0.0,1.0,0.0,0.0,339.27,1455.7128571428568,50.0,154.0,14.933333333333334,70.0,47.0,26.3,0.4575313760742512,-0.8891934772070711
0.0,1.0,0.0,0.0,1224.27,1499.3185714285707,0.0,190.0,14.466666666666667,73.0,46.0,35.47,0.44216815196707204,-0.8969321743510065
0.0,1.0,0.0,0.0,1734.63,1597.2728571428568,27.0,152.0,14.7,83.0,45.0,24.57,0.42667408318992467,-0.9044054548343001
0.0,1.0,0.0,0.0,1335.55,1609.2171428571423,18.0,157.0,15.3,88.0,44.0,29.17,0.4110537546870351,-0.9116111071930239
0.0,1.0,0.0,0.0,1707.06,1575.4928571428568,11.0,175.0,15.666666666666666,32.0,44.0,28.5,0.3953117887649151,-0.9185469991587165
0.0,1.0,0.0,0.0,1326.24,1550.9571428571423,9.0,144.0,15.966666666666667,68.0,44.0,37.24,0.36348161248290634,-0.9316013725767187
0.0,1.0,0.0,0.0,1607.82,1324.9771428571423,78.0,135.0,18.566666666666666,62.0,52.0,13.42,0.3474028211842774,-0.9377159910299093
0.0,1.0,0.0,0.0,586.56,1360.3042857142852,3.0,163.0,18.666666666666668,64.0,44.0,38.14,0.3312212278016865,-0.9435531242349544
0.0,1.0,0.0,0.0,1586.65,1412.0728571428567,0.0,139.0,17.3,87.0,47.0,36.52,0.26556302780405594,-0.9640935007889755
0.0,1.0,0.0,0.0,2160.36,1472.8914285714284,19.0,119.0,17.266666666666666,86.0,42.0,31.91,0.24893980855376657,-0.9685189578512204
0.0,1.0,0.0,0.0,1742.44,1531.018571428571,30.0,129.0,18.033333333333335,65.0,45.0,22.89,0.23224292400907015,-0.9726578145718654
0.0,1.0,0.0,0.0,982.08,1427.4499999999994,52.0,85.0,19.2,59.0,49.0,28.92,0.19864794288017112,-0.9800709131432666
0.0,1.0,0.0,0.0,2795.61,1637.3599999999994,19.0,108.0,19.833333333333332,63.0,40.0,31.43,0.18175978759137534,-0.9833429613388902
0.0,1.0,0.0,0.0,1632.7,1640.9142857142854,4.0,127.0,19.633333333333333,26.0,51.0,31.19,0.16481784665719793,-0.9863240225317866
0.0,1.0,0.0,0.0,571.76,1638.7999999999997,0.0,131.0,18.966666666666665,77.0,47.0,37.43,0.14782713347053048,-0.9890132145779883
0.0,1.0,0.0,0.0,1974.17,1694.1599999999999,29.0,112.0,18.766666666666666,61.0,43.0,19.87,0.11371951458594969,-0.9935128947338007
0.0,1.0,0.0,0.0,1135.6799999999998,1547.7771428571425,0.0,111.0,18.7,61.0,54.0,35.72,0.0966127018812031,-0.9953220513156602
0.0,1.0,0.0,0.0,3131.09,1746.1557142857139,16.0,52.0,19.233333333333334,71.0,50.0,28.44,0.062318379354325076,-0.998056320853012
0.0,1.0,0.0,0.0,1372.92,1801.9899999999996,0.0,49.0,19.0,34.0,44.0,35.0,0.04514101777397193,-0.9989806246941579
0.0,1.0,0.0,0.0,785.4,1514.8171428571422,19.0,45.0,19.533333333333335,57.0,47.0,30.67,0.01075130776352193,-0.9999422030204416
0.0,1.0,0.0,0.0,1717.42,1526.9199999999998,10.0,64.0,19.166666666666668,60.0,40.0,27.65,-0.00645086419810515,-0.9999791929590823
0.0,1.0,0.0,0.0,4606.17,2103.2642857142855,20.0,45.0,19.733333333333334,72.0,43.0,27.04,-0.023651127245231586,-0.9997202729664083
0.0,1.0,0.0,0.0,1255.82,2000.6428571428569,0.0,67.0,19.5,49.0,52.0,27.9,-0.05802556932878035,-0.9983150972033183
0.0,1.0,0.0,0.0,4125.57,2427.7699999999995,6.0,51.0,17.633333333333333,29.0,46.0,24.03,-0.07518957641475855,-0.9971692572470178
0.0,1.0,0.0,0.0,460.02,2046.1885714285709,0.0,57.0,16.566666666666666,60.0,49.0,24.73,-0.09233133369539122,-0.9957283388645872
0.0,1.0,0.0,0.0,1016.54,1995.2771428571425,0.0,57.0,15.633333333333333,64.0,47.0,25.61,-0.10944576864891556,-0.993992768446958
0.0,1.0,0.0,0.0,1106.33,2041.1242857142854,10.0,38.0,15.8,65.0,46.0,29.6,-0.12652781683868314,-0.9919630595773397
0.0,1.0,0.0,0.0,1289.08,1979.9328571428566,19.0,40.0,15.966666666666667,67.0,47.0,26.13,-0.16057454459499376,-0.9870237158387383
0.0,1.0,0.0,0.0,1164.41,1488.2528571428568,25.0,101.0,16.8,27.0,46.0,22.15,-0.19443122004766195,-0.9809161537413774
0.0,1.0,0.0,0.0,403.65,1366.5142857142853,2.0,120.0,15.866666666666667,72.0,46.0,27.92,-0.2280577712215198,-0.9736476020539838
0.0,1.0,0.0,0.0,1346.7,969.5328571428569,46.0,122.0,15.733333333333333,62.0,43.0,17.81,-0.24477230089725957,-0.9695805901076308
0.0,1.0,0.0,0.0,706.56,1004.7528571428567,0.0,158.0,15.733333333333333,54.0,47.0,30.61,-0.2614143985111562,-0.965226663665613
0.0,1.0,0.0,0.0,1124.04,1020.1099999999997,21.0,136.0,15.533333333333333,75.0,45.0,24.23,-0.2779791393987801,-0.9605871111248129
0.0,1.0,0.0,0.0,1217.39,1035.9757142857138,0.0,94.0,14.933333333333334,19.0,46.0,26.05,-0.3108569682435036,-0.9504567035349151
0.0,1.0,0.0,0.0,331.65,899.1999999999997,0.0,69.0,14.566666666666666,54.0,49.0,27.57,-0.3271603271220951,-0.9449688462364056
0.0,1.0,0.0,0.0,1034.86,880.6928571428567,21.0,67.0,14.966666666666667,68.0,39.0,21.0,-0.3594718130884232,-0.9331559438780432
0.0,1.0,0.0,0.0,863.94,946.4485714285711,0.0,42.0,12.366666666666667,67.0,47.0,25.52,-0.3754703786876202,-0.9268343944460494
0.0,1.0,0.0,0.0,1145.7,917.7342857142852,0.0,42.0,12.266666666666667,69.0,45.0,22.64,-0.3913578365610259,-0.9202385798054075
0.0,1.0,0.0,0.0,1742.11,1065.6699999999996,4.0,61.0,12.4,57.0,46.0,20.86,-0.45370308603134424,-0.8911529104063088
0.0,1.0,0.0,0.0,790.69,1018.0485714285711,0.0,65.0,11.766666666666667,87.0,47.0,23.28,-0.46896519100763184,-0.8832166493127127
0.0,1.0,0.0,0.0,1336.5,1035.0642857142852,0.0,44.0,10.766666666666667,64.0,45.0,28.22,-0.48408852163897587,-0.8750190302029955
0.0,1.0,0.0,0.0,1787.96,1243.1085714285712,17.0,53.0,9.6,49.0,48.0,24.59,-0.5139010013093103,-0.8578494977869301
0.0,1.0,0.0,0.0,819.4,1212.328571428571,0.0,31.0,8.966666666666667,44.0,48.0,20.27,-0.5285813283559292,-0.8488826652214553
0.0,1.0,0.0,0.0,602.1,1174.9228571428569,24.0,31.0,9.633333333333333,67.0,47.0,14.39,-0.5431052396834317,-0.8396646346181327
0.0,1.0,0.0,0.0,650.7,1104.208571428571,19.0,50.0,10.266666666666667,70.0,43.0,21.37,-0.5716666713027052,-0.8204859638785327
0.0,1.0,0.0,0.0,949.96,991.0442857142853,0.0,78.0,9.3,62.0,47.0,19.47,-0.5995514915196489,-0.8003361849976323
0.0,1.0,0.0,0.0,1531.66,1096.8971428571424,10.0,117.0,9.633333333333333,70.0,44.0,20.71,-0.666088855860977,-0.7458723993404063
0.0,1.0,0.0,0.0,928.0,1038.5399999999995,0.0,137.0,9.1,56.0,52.0,24.62,-0.6913512362094071,-0.722518835873311
0.0,1.0,0.0,0.0,985.99,923.9728571428568,0.0,137.0,9.1,77.0,43.0,25.65,-0.7036774074790128,-0.7105196029692745
0.0,1.0,0.0,0.0,1283.75,990.3085714285711,20.0,126.0,9.133333333333333,22.0,49.0,19.73,-0.7157953492826642,-0.6983101158835584
0.0,1.0,0.0,0.0,299.46,947.0742857142853,0.0,69.0,8.8,68.0,49.0,21.03,-0.7277014757264236,-0.6858939875998223
0.0,1.0,0.0,0.0,3847.7,1403.788571428571,28.0,68.0,9.066666666666666,71.0,47.0,20.79,-0.7393922635959241,-0.673274892250183
0.0,1.0,0.0,0.0,981.54,1408.2999999999995,9.0,96.0,9.366666666666667,72.0,47.0,19.9,-0.7508642533989489,-0.6604565640279754
0.0,1.0,0.0,0.0,960.11,1326.6499999999994,8.0,95.0,9.433333333333334,55.0,47.0,19.49,-0.7621140503891487,-0.6474427960827475
0.0,1.0,0.0,0.0,728.96,1298.2157142857138,12.0,76.0,9.833333333333334,18.0,42.0,22.17,-0.7944973291665992,-0.6072676460566135
0.0,1.0,0.0,0.0,253.37,1193.5557142857137,17.0,68.0,10.4,74.0,44.0,22.78,-0.8048257371083452,-0.593511190196115
0.0,1.0,0.0,0.0,1104.33,1167.9242857142851,0.0,85.0,10.066666666666666,66.0,49.0,24.86,-0.8149159841660791,-0.5795791048257612
0.0,1.0,0.0,0.0,1148.7,1289.2442857142853,0.0,57.0,9.433333333333334,79.0,48.0,23.86,-0.8247650844733614,-0.5654755126737576
0.0,1.0,0.0,0.0,1291.23,924.0342857142854,11.0,48.0,8.966666666666667,53.0,42.0,25.85,-0.8343701235229538,-0.5512045872199277
0.0,1.0,0.0,0.0,3959.95,1349.5214285714283,14.0,51.0,9.366666666666667,78.0,46.0,19.45,-0.8437282590292712,-0.5367705514607103
0.0,1.0,0.0,0.0,1008.81,1356.4785714285713,0.0,65.0,7.833333333333333,68.0,48.0,23.91,-0.8528367217694595,-0.522177676659508
0.0,1.0,0.0,0.0,1121.94,1412.6185714285712,0.0,54.0,7.833333333333333,19.0,47.0,19.42,-0.8616928164028522,-0.5074302810827518
0.0,1.0,0.0,0.0,4216.77,1978.8185714285714,6.0,42.0,7.333333333333333,61.0,46.0,21.93,-0.8702939222685674,-0.49253272872205434
0.0,1.0,0.0,0.0,903.15,1950.078571428571,0.0,31.0,7.333333333333333,75.0,45.0,25.61,-0.8786374941610001,-0.4774894280028391
0.0,1.0,0.0,0.0,1296.68,1971.2185714285713,12.0,31.0,7.733333333333333,67.0,43.0,20.67,-0.886721063082993,-0.46230483047981086
0.0,1.0,0.0,0.0,900.25,1915.3642857142856,23.0,43.0,7.8,67.0,48.0,21.13,-0.8945422369764496,-0.4469834295196741
0.0,1.0,0.0,0.0,955.8,1486.1999999999996,0.0,55.0,7.8,70.0,44.0,28.81,-0.9020987014301837,-0.43152975897147144
0.0,1.0,0.0,0.0,3135.2200000000003,1789.9728571428568,22.0,41.0,8.533333333333333,62.0,40.0,23.24,-0.9093882203647925,-0.4159483918249421
0.0,1.0,0.0,0.0,1304.22,1816.012857142857,14.0,63.0,8.866666666666667,31.0,45.0,30.42,-0.9164086366943458,-0.4002439388573056
0.0,1.0,0.0,0.0,608.24,1300.508571428571,0.0,77.0,8.866666666666667,60.0,45.0,26.22,-0.9231578729647039,-0.38442104726885545
0.0,1.0,0.0,0.0,1053.91,1322.045714285714,1.0,71.0,8.9,73.0,48.0,23.67,-0.9358348973349941,-0.35243871088460327
0.0,1.0,0.0,0.0,1175.04,1304.668571428571,29.0,60.0,9.3,58.0,49.0,17.78,-0.9417589340994617,-0.33628873017668287
0.0,1.0,0.0,0.0,701.08,1276.215714285714,19.0,66.0,9.933333333333334,62.0,43.0,26.71,-0.9474042892438845,-0.32003923622313857
0.0,1.0,0.0,0.0,1076.4,1293.4442857142853,10.0,85.0,9.466666666666667,77.0,43.0,28.21,-0.9527692922168511,-0.30369503751065885
0.0,1.0,0.0,0.0,1735.08,1093.4242857142854,38.0,73.0,10.1,30.0,49.0,20.63,-0.9578523554276669,-0.28726097055059635
0.0,1.0,0.0,0.0,3578.11,1418.2657142857138,10.0,97.0,10.433333333333334,65.0,45.0,24.8,-0.9626519747161487,-0.2707418984477642
0.0,1.0,0.0,0.0,4428.86,1964.0685714285712,5.0,140.0,10.266666666666667,65.0,50.0,27.88,-0.9753363880767837,-0.2207236509605022
0.0,1.0,0.0,0.0,1268.4,1994.7099999999996,0.0,116.0,10.266666666666667,68.0,45.0,23.79,-0.9789888737409319,-0.20391367068311472
0.0,1.0,0.0,0.0,1647.88,2062.258571428571,9.0,97.0,10.566666666666666,63.0,50.0,28.08,-0.9823516608469237,-0.18704334906991657
0.0,1.0,0.0,0.0,1247.15,2140.2685714285712,0.0,64.0,9.9,68.0,49.0,26.29,-0.9882042449941422,-0.15314166701312007
0.0,1.0,0.0,0.0,1630.6,2219.4399999999996,29.0,54.0,10.866666666666667,42.0,43.0,20.95,-0.9906923101615609,-0.13612033862266704
0.0,1.0,0.0,0.0,1384.0,2169.285714285714,0.0,49.0,9.933333333333334,58.0,49.0,22.48,-0.9928872135356962,-0.11905873003404988
0.0,1.0,0.0,0.0,912.8,1788.5271428571425,0.0,49.0,9.633333333333333,82.0,45.0,22.1,-0.994788305609327,-0.10196189005174576
0.0,1.0,0.0,0.0,1214.04,1329.2671428571427,8.0,44.0,9.633333333333333,71.0,49.0,24.08,-0.9963950238187231,-0.08483487790576538
0.0,1.0,0.0,0.0,1171.35,1315.4028571428569,13.0,43.0,9.666666666666666,22.0,48.0,22.05,-0.9987235240803972,-0.050510617185222886
0.0,1.0,0.0,0.0,327.38,1126.7599999999998,45.0,65.0,10.6,72.0,48.0,18.81,-0.9998699583618592,-0.016126573270657762
0.0,1.0,0.0,0.0,907.18,1078.1928571428568,15.0,81.0,11.1,89.0,38.0,25.69,-0.9999994220246925,0.001075151282798226
0.0,1.0,0.0,0.0,1428.75,1049.3571428571427,20.0,96.0,11.766666666666667,57.0,44.0,30.89,-0.999832969770105,0.018276557681691223
0.0,1.0,0.0,0.0,1144.65,1015.1642857142855,0.0,215.0,11.4,20.0,47.0,35.1,-0.9975590477788613,0.06982797572987089
0.0,1.0,0.0,0.0,470.34,951.9557142857141,35.0,202.0,12.1,51.0,41.0,20.98,-0.9962102997023297,0.0869772313136861
0.0,1.0,0.0,0.0,668.75,874.0571428571426,29.0,178.0,13.066666666666666,69.0,47.0,22.3,-0.9926289059345095,0.121193461470736
0.0,1.0,0.0,0.0,1031.13,854.0257142857141,5.0,192.0,13.233333333333333,66.0,48.0,24.82,-0.9903973200352558,0.1382503109109819
0.0,1.0,0.0,0.0,1113.84,966.3771428571425,17.0,177.0,13.6,67.0,44.0,28.19,-0.9878726596350429,0.15526624985999563
0.0,1.0,0.0,0.0,2119.85,1139.6157142857141,36.0,91.0,14.8,25.0,42.0,26.32,-0.981947190186646,0.18915526872004093
0.0,1.0,0.0,0.0,417.83,995.1985714285712,103.0,137.0,17.833333333333332,70.0,44.0,13.41,-0.9748595108374125,0.22282040779479959
0.0,1.0,0.0,0.0,605.65,918.1985714285711,3.0,239.0,17.166666666666668,66.0,45.0,33.35,-0.9708824104813836,0.23955655912092708
0.0,1.0,0.0,0.0,1452.66,1058.5299999999997,0.0,232.0,17.166666666666668,25.0,46.0,27.76,-0.9521140536681102,0.3057430764672831
0.0,1.0,0.0,0.0,468.45,1029.915714285714,27.0,196.0,17.333333333333332,68.0,45.0,21.54,-0.9467139181463862,0.3220757010206104
0.0,1.0,0.0,0.0,959.58,1019.6942857142856,50.0,178.0,18.533333333333335,77.0,43.0,18.0,-0.9410336347451197,0.3383130181923076
0.0,1.0,0.0,0.0,1334.11,1051.1614285714284,16.0,125.0,19.066666666666666,52.0,43.0,33.46,-0.9350748843515574,0.3544502230989869
0.0,1.0,0.0,0.0,1113.6,907.4114285714284,9.0,138.0,19.333333333333332,73.0,41.0,25.82,-0.9288394302558068,0.3704825404820963
0.0,1.0,0.0,0.0,1168.7,1014.6785714285712,42.0,147.0,19.766666666666666,76.0,45.0,18.75,-0.9223291176290545,0.3864052261209853
0.0,1.0,0.0,0.0,919.12,1059.4599999999998,57.0,180.0,21.033333333333335,82.0,44.0,23.8,-0.9155458729775467,0.40221356823680365
0.0,1.0,0.0,0.0,1278.56,1034.588571428571,19.0,201.0,21.333333333333332,77.0,39.0,28.44,-0.9011686968561569,0.4334685453485363
0.0,1.0,0.0,0.0,2077.9,1264.5099999999998,7.0,193.0,20.3,76.0,46.0,29.25,-0.8935790198239952,0.4489059314938798
0.0,1.0,0.0,0.0,1456.07,1335.4371428571426,38.0,150.0,21.233333333333334,65.0,47.0,19.51,-0.8857249183835637,0.4642104791518923
0.0,1.0,0.0,0.0,855.9,1267.1214285714284,0.0,197.0,21.066666666666666,53.0,50.0,34.98,-0.8692328164574792,0.49440298420761813
0.0,1.0,0.0,0.0,1288.53,1292.1114285714284,33.0,155.0,22.166666666666668,75.0,41.0,19.52,-0.8605996962501181,0.5092820071573356
0.0,1.0,0.0,0.0,915.0,1255.8685714285712,61.0,131.0,23.9,35.0,43.0,13.03,-0.8517119107469189,0.5240103253675756
0.0,1.0,0.0,0.0,1094.4,1280.9085714285713,6.0,237.0,24.1,54.0,50.0,27.06,-0.8331829385891785,0.5529974600700271
0.0,1.0,0.0,0.0,1000.79,1241.2271428571426,3.0,236.0,23.233333333333334,45.0,49.0,33.42,-0.8235472349556007,0.5672476988027229
0.0,1.0,0.0,0.0,1030.24,1091.5614285714285,41.0,201.0,24.6,61.0,44.0,21.95,-0.8136678304455991,0.5813300798152042
0.0,1.0,0.0,0.0,1525.65,1101.5014285714283,37.0,209.0,25.833333333333332,27.0,43.0,28.33,-0.7825970017677834,0.6225286602431057
0.0,1.0,0.0,0.0,493.43,1049.7199999999998,16.0,185.0,26.1,64.0,49.0,29.22,-0.7717727365467836,0.6358984534680745
0.0,1.0,0.0,0.0,1703.25,1108.965714285714,0.0,137.0,25.666666666666668,51.0,43.0,35.39,-0.7607200913564104,0.6490800741100398
0.0,1.0,0.0,0.0,1182.28,1147.1485714285711,58.0,159.0,26.1,91.0,48.0,27.77,-0.7379428103031386,0.6748632518680403
0.0,1.0,0.0,0.0,1731.0,1238.0914285714282,57.0,176.0,27.5,66.0,44.0,22.39,-0.7262249146041543,0.6874571793269664
0.0,1.0,0.0,0.0,1310.7,1282.3642857142856,25.0,205.0,27.666666666666668,69.0,43.0,22.96,-0.7142921172691032,0.699847677146407
0.0,1.0,0.0,0.0,4527.84,1782.0214285714283,4.0,187.0,27.8,63.0,49.0,25.44,-0.6897960046655887,0.7240037789593305
0.0,1.0,0.0,0.0,1641.06,1798.5085714285713,39.0,175.0,27.933333333333334,54.0,33.0,22.91,-0.6772399381909491,0.7357622347736527
0.0,1.0,0.0,0.0,717.46,1830.512857142857,4.0,214.0,27.1,47.0,49.0,30.23,-0.6644834655228552,0.7473029667054296
0.0,1.0,0.0,0.0,3280.81,2055.878571428571,15.0,187.0,27.433333333333334,61.0,45.0,28.87,-0.6515303615068021,0.75862255966641
0.0,1.0,0.0,0.0,1127.04,2047.9871428571425,37.0,144.0,28.1,59.0,41.0,25.22,-0.6383844591746642,0.7697176640069211
0.0,1.0,0.0,0.0,937.44,1934.6214285714284,27.0,124.0,27.8,81.0,42.0,30.57,-0.6250496486104377,0.7805849965070866
0.0,1.0,0.0,0.0,2214.5,2063.735714285714,136.0,148.0,28.9,65.0,44.0,12.02,-0.5978291414589552,0.801623551065242
0.0,1.0,0.0,0.0,937.46,1550.8242857142855,5.0,280.0,28.966666666666665,45.0,51.0,34.47,-0.5839514998576998,0.8117885474764613
0.0,1.0,0.0,0.0,1101.21,1473.702857142857,1.0,246.0,29.0,56.0,46.0,31.52,-0.5699010576127624,0.8217133225960589
0.0,1.0,0.0,0.0,1191.38,1541.405714285714,11.0,243.0,28.466666666666665,72.0,52.0,26.5,-0.5556819724760489,0.8313949395234058
0.0,1.0,0.0,0.0,1335.6,1263.5185714285712,3.0,239.0,26.9,64.0,48.0,31.12,-0.5412984521036173,0.8408305333122887
0.0,1.0,0.0,0.0,3432.56,1592.8785714285714,4.0,273.0,26.5,20.0,47.0,33.75,-0.5120551783114646,0.8589525565270845
0.0,1.0,0.0,0.0,465.75,1525.4942857142855,2.0,255.0,26.266666666666666,21.0,48.0,25.1,-0.4972040784469378,0.8676336233547726
0.0,1.0,0.0,0.0,3691.73,1736.5271428571427,113.0,121.0,28.633333333333333,56.0,46.0,26.82,-0.4822058478963526,0.8760579434344281
0.0,1.0,0.0,0.0,1330.3200000000002,1792.6499999999999,0.0,229.0,26.733333333333334,65.0,47.0,27.4,-0.46706492487743034,0.8842230238742036
0.0,1.0,0.0,0.0,1202.18,1807.0742857142855,0.0,228.0,26.1,48.0,44.0,29.15,-0.451785789832884,0.8921264484954345
0.0,1.0,0.0,0.0,923.34,1768.782857142857,1.0,215.0,25.9,64.0,48.0,30.62,-0.42083100859565564,0.9071390534005044
0.0,1.0,0.0,0.0,1842.2,1841.1542857142856,0.0,121.0,24.633333333333333,60.0,43.0,32.48,-0.4051645224207563,0.9142437912130223
0.0,1.0,0.0,0.0,1286.34,1534.5514285714287,3.0,53.0,24.733333333333334,54.0,44.0,22.93,-0.3574644155648614,0.9339267592294762
0.0,1.0,0.0,0.0,817.08,1584.7414285714287,13.0,71.0,24.066666666666666,31.0,45.0,25.61,-0.3251276029999093,0.9456701548465688
0.0,1.0,0.0,0.0,535.95,1133.9157142857143,53.0,83.0,23.8,57.0,45.0,19.12,-0.30881248126625377,0.9511229423235357
0.0,1.0,0.0,0.0,1197.95,1115.0057142857142,12.0,135.0,24.0,15.0,47.0,23.53,-0.29240597695107734,0.9562942772197719
0.0,1.0,0.0,0.0,232.98,976.5485714285713,4.0,149.0,24.033333333333335,46.0,43.0,21.35,-0.2593382659754056,0.9657865518844574
0.0,1.0,0.0,0.0,648.12,937.2314285714285,22.0,140.0,23.4,84.0,44.0,21.51,-0.22596360824801906,0.974135744004672
0.0,1.0,0.0,0.0,1183.59,843.1442857142857,22.0,196.0,22.9,63.0,46.0,15.97,-0.19232150523909483,0.9813319716704275
0.0,1.0,0.0,0.0,3118.99,1104.9514285714286,21.0,154.0,23.066666666666666,63.0,48.0,22.92,-0.15845177496083632,0.9873667175937016
0.0,1.0,0.0,0.0,967.48,1126.4371428571428,100.0,132.0,26.4,23.0,43.0,21.26,-0.14144406768794202,0.9899462489023779
0.0,0.0,1.0,0.0,537.51,945.5157142857142,0.0,0.0,13.3,43.0,49.0,18.12,0.8837203473619977,0.4680153284438345
0.0,0.0,1.0,0.0,537.51,945.5157142857142,0.0,0.0,13.3,86.0,47.0,17.91,0.8992961915530253,0.4373400963303323
0.0,0.0,1.0,0.0,1039.5,945.5157142857142,30.0,0.0,13.3,95.0,47.0,11.88,0.9066860720977985,0.4218060770826634
0.0,0.0,1.0,0.0,762.08,945.5157142857142,0.0,30.0,13.3,98.0,50.0,22.05,0.9138076496466615,0.4061472386305789
0.0,0.0,1.0,0.0,1491.09,945.5157142857142,0.0,34.0,13.3,110.0,46.0,18.12,0.9272375462179537,0.374473674486883
0.0,0.0,1.0,0.0,1325.35,945.5157142857142,0.0,34.0,13.3,32.0,42.0,17.0,0.9335418911179212,0.35846832151248087
0.0,0.0,1.0,0.0,350.88,945.5157142857142,1.0,34.0,13.3,77.0,45.0,21.56,0.9395699859530622,0.342356891994542
0.0,0.0,1.0,0.0,1112.2,945.5157142857142,39.0,50.0,13.3,108.0,48.0,13.26,0.9507903724625832,0.3098349038318025
0.0,0.0,1.0,0.0,952.28,1004.7685714285714,14.0,59.0,13.3,79.0,44.0,22.22,0.9559793438440766,0.2934339689665273
0.0,0.0,1.0,0.0,1149.53,1020.4871428571429,0.0,73.0,13.3,88.0,48.0,22.57,0.9608854255574977,0.27694620226893646
0.0,0.0,1.0,0.0,1360.41,1105.962857142857,11.0,69.0,13.3,19.0,47.0,21.42,0.969843196967294,0.24372971360968387
0.0,0.0,1.0,0.0,1007.62,1036.8957142857141,1.0,80.0,13.3,103.0,46.0,21.26,0.9738922359149924,0.22701082094141847
0.0,0.0,1.0,0.0,1456.35,1055.6100000000001,0.0,80.0,13.3,89.0,44.0,23.79,0.9776530844816641,0.2102247521189836
0.0,0.0,1.0,0.0,1397.22,1205.087142857143,5.0,65.0,13.3,98.0,48.0,16.9,0.981124629771712,0.19337647441020586
0.0,0.0,1.0,0.0,1150.92,1210.6185714285714,9.0,53.0,13.3,87.0,43.0,20.11,0.9897936029670716,0.14250832791617088
0.0,0.0,1.0,0.0,4146.0,1666.8642857142856,113.0,62.0,13.3,32.0,48.0,8.34,0.992098522791769,0.12546123335273648
0.0,0.0,1.0,0.0,176.22,1527.82,0.0,164.0,13.3,96.0,46.0,18.67,0.9941098647022418,0.10837701279187609
0.0,0.0,1.0,0.0,1164.8,1499.8757142857141,0.0,161.0,13.3,107.0,53.0,19.58,0.998376906467142,0.056952196034039754
0.0,0.0,1.0,0.0,1487.45,1568.4228571428573,10.0,161.0,13.3,93.0,43.0,16.83,0.9992088560679753,0.03977011384605572
0.0,0.0,1.0,0.0,1001.6,1503.4585714285715,2.0,135.0,13.3,89.0,50.0,19.76,0.9997451236925734,0.022576263041545485
0.0,0.0,1.0,0.0,1240.1,1481.0128571428572,55.0,128.0,13.3,47.0,44.0,18.6,0.9999855506507186,0.005375731557583884
0.0,0.0,1.0,0.0,563.73,1397.1285714285714,0.0,70.0,13.3,88.0,47.0,28.01,0.9999300657962057,-0.011826390691832589
0.0,0.0,1.0,0.0,2551.55,1169.3500000000001,9.0,70.0,13.3,76.0,41.0,25.8,0.9995786855478958,-0.029025013321975237
0.0,0.0,1.0,0.0,1274.65,1326.2685714285715,29.0,126.0,13.3,98.0,45.0,21.43,0.9967506498213929,-0.08054900421874167
0.0,0.0,1.0,0.0,1365.0,1354.8685714285716,14.0,143.0,13.3,32.0,47.0,23.09,0.9933900548258936,-0.11478762552212701
0.0,0.0,1.0,0.0,495.13,1213.1085714285714,25.0,102.0,13.3,93.0,37.0,18.02,0.9912685467787256,-0.13185851571739118
0.0,0.0,1.0,0.0,1595.6,1297.9657142857143,5.0,127.0,13.3,61.0,54.0,24.31,0.9888537064205885,-0.1488903868564548
0.0,0.0,1.0,0.0,1090.0,1276.5228571428572,17.0,134.0,13.3,60.0,44.0,22.95,0.9762766110869321,-0.21652708524481437
0.0,0.0,1.0,0.0,888.17,1322.8714285714286,0.0,151.0,13.3,21.0,50.0,26.0,0.9724075561219968,-0.23328854407545518
0.0,0.0,1.0,0.0,371.28,1011.4042857142857,10.0,137.0,13.3,51.0,45.0,22.57,0.9682507501166718,-0.2499809690726521
0.0,0.0,1.0,0.0,748.15,936.1899999999999,18.0,122.0,13.9,47.0,42.0,21.57,0.9638074231367307,-0.26659942067929354
0.0,0.0,1.0,0.0,643.89,833.1742857142857,21.0,105.0,14.6,46.0,51.0,14.83,0.9540665500578387,-0.2995947563972602
0.0,0.0,1.0,0.0,957.17,899.1800000000001,0.0,102.0,13.6,32.0,42.0,28.22,0.9373419384643772,-0.3484108069446808
0.0,0.0,1.0,0.0,1425.4,874.8657142857143,18.0,118.0,14.2,104.0,37.0,25.69,0.9181214482844364,-0.39629913726891813
0.0,0.0,1.0,0.0,2005.92,1005.7114285714285,12.0,136.0,14.6,94.0,42.0,28.91,0.9111686353326631,-0.41203363695942635
0.0,0.0,1.0,0.0,1712.34,1123.45,27.0,127.0,15.5,63.0,42.0,15.08,0.9039461929224011,-0.42764620926777464
0.0,0.0,1.0,0.0,603.25,1156.5885714285714,0.0,154.0,15.466666666666667,104.0,49.0,25.47,0.8964562582905575,-0.44313223418263453
0.0,0.0,1.0,0.0,1827.81,1310.8257142857144,44.0,101.0,15.633333333333333,76.0,42.0,19.21,0.8806828564301475,-0.47370635037968
0.0,0.0,1.0,0.0,934.4,1352.327142857143,12.0,110.0,15.566666666666666,104.0,43.0,28.34,0.8638670987837349,-0.503719798736334
0.0,0.0,1.0,0.0,1871.35,1482.9242857142858,14.0,104.0,16.033333333333335,112.0,43.0,35.86,0.8550745085896932,-0.518505144391157
0.0,0.0,1.0,0.0,4610.24,1937.9014285714281,0.0,106.0,15.666666666666666,110.0,42.0,32.1,0.8460288880917339,-0.533137056031809
0.0,0.0,1.0,0.0,2277.49,1976.697142857143,21.0,79.0,16.333333333333332,95.0,46.0,25.82,0.8367329140344921,-0.5476112038402312
0.0,0.0,1.0,0.0,1643.51,1966.8642857142856,25.0,100.0,17.166666666666668,40.0,46.0,27.65,0.8271893372462497,-0.5619233046832195
0.0,0.0,1.0,0.0,741.02,1986.5457142857142,10.0,110.0,17.333333333333332,99.0,51.0,32.17,0.7971015927871943,-0.6038452208771035
0.0,0.0,1.0,0.0,2669.5,2106.7871428571425,12.0,108.0,17.433333333333334,85.0,51.0,33.4,0.7865965660866021,-0.6174672802835514
0.0,0.0,1.0,0.0,1958.91,2253.145714285714,10.0,106.0,14.0,89.0,41.0,35.75,0.7758587728069828,-0.6309066211876704
0.0,0.0,1.0,0.0,2004.66,2272.1899999999996,42.0,116.0,15.4,105.0,47.0,29.34,0.7648913904341225,-0.6441592666722685
0.0,0.0,1.0,0.0,2064.27,1908.48,11.0,116.0,15.766666666666667,102.0,38.0,25.91,0.742280907086982,-0.6700888411055113
0.0,0.0,1.0,0.0,1612.23,1813.4428571428568,16.0,127.0,15.966666666666667,106.0,42.0,26.65,0.7306444969184916,-0.6827580970759147
0.0,0.0,1.0,0.0,1779.75,1832.9057142857143,0.0,175.0,15.9,86.0,43.0,29.1,0.7067265555776158,-0.7074868024503348
0.0,0.0,1.0,0.0,1626.95,1959.467142857143,0.0,159.0,14.066666666666666,43.0,49.0,37.88,0.6692903895412567,-0.7430009249440493
0.0,0.0,1.0,0.0,1124.01,1738.6828571428573,48.0,155.0,15.666666666666666,100.0,51.0,26.15,0.6564105761979381,-0.7544038410927472
0.0,0.0,1.0,0.0,1817.43,1718.4714285714288,21.0,192.0,16.066666666666666,92.0,43.0,19.12,0.6433365204044917,-0.765583517007675
0.0,0.0,1.0,0.0,2517.94,1791.7971428571432,1.0,197.0,15.133333333333333,105.0,49.0,28.12,0.6300720909843687,-0.7765366444428655
0.0,0.0,1.0,0.0,2022.81,1785.8742857142859,3.0,118.0,14.766666666666667,92.0,44.0,26.0,0.6166212130956382,-0.7872599821916922
0.0,0.0,1.0,0.0,1542.84,1775.9614285714288,37.0,121.0,15.166666666666666,102.0,43.0,25.59,0.6029878670694714,-0.7977503570459932
0.0,0.0,1.0,0.0,1670.4,1760.3400000000001,21.0,140.0,15.7,82.0,39.0,24.11,0.5891760872322963,-0.8080046647350754
0.0,0.0,1.0,0.0,1235.62,1704.435714285714,29.0,162.0,16.1,98.0,43.0,26.85,0.5467112728685939,-0.8373211953118121
0.0,0.0,1.0,0.0,1670.68,1782.5314285714285,21.0,170.0,16.8,109.0,49.0,29.56,0.5322271388474397,-0.8466016020976267
0.0,0.0,1.0,0.0,2190.96,1835.892857142857,0.0,190.0,16.466666666666665,93.0,47.0,33.49,0.5175855102531889,-0.8556314858488706
0.0,0.0,1.0,0.0,2087.05,1774.337142857143,60.0,194.0,17.866666666666667,29.0,47.0,17.0,0.47275920928627757,-0.881191653407483
0.0,0.0,1.0,0.0,332.78,1532.9042857142856,0.0,218.0,17.166666666666668,94.0,47.0,26.27,0.4575313760742512,-0.8891934772070711
0.0,0.0,1.0,0.0,1666.58,1550.5814285714284,6.0,184.0,17.366666666666667,108.0,46.0,31.82,0.42667408318992467,-0.9044054548343001
0.0,0.0,1.0,0.0,5391.42,2082.155714285714,18.0,182.0,17.366666666666667,39.0,50.0,33.08,0.36348161248290634,-0.9316013725767187
0.0,0.0,1.0,0.0,890.1,2032.7957142857144,26.0,140.0,17.833333333333332,106.0,43.0,24.72,0.3474028211842774,-0.9377159910299093
0.0,0.0,1.0,0.0,1689.9,2035.5414285714287,41.0,166.0,18.3,78.0,42.0,23.47,0.3312212278016865,-0.9435531242349544
0.0,0.0,1.0,0.0,1162.68,1888.6442857142858,17.0,194.0,18.866666666666667,95.0,38.0,25.23,0.2985688173637202,-0.9543881083175908
0.0,0.0,1.0,0.0,1486.14,1802.8,2.0,211.0,17.466666666666665,105.0,43.0,31.17,0.2821076626819194,-0.9593827529490743
0.0,0.0,1.0,0.0,2143.82,2061.52,80.0,182.0,19.733333333333334,106.0,45.0,13.67,0.26556302780405594,-0.9640935007889755
0.0,0.0,1.0,0.0,949.1,1959.0228571428572,7.0,215.0,19.5,52.0,44.0,26.58,0.24893980855376657,-0.9685189578512204
0.0,0.0,1.0,0.0,898.3,1317.1485714285716,25.0,204.0,20.333333333333332,98.0,39.0,17.71,0.23224292400907015,-0.9726578145718654
0.0,0.0,1.0,0.0,1598.64,1418.3685714285714,44.0,203.0,21.1,101.0,45.0,22.24,0.21547731504673012,-0.976508846196619
0.0,0.0,1.0,0.0,1504.82,1391.9285714285713,21.0,206.0,20.966666666666665,117.0,39.0,24.59,0.19864794288017112,-0.9800709131432666
0.0,0.0,1.0,0.0,1754.97,1476.5414285714287,10.0,196.0,20.966666666666665,80.0,41.0,23.54,0.18175978759137534,-0.9833429613388902
0.0,0.0,1.0,0.0,3277.29,1732.42,2.0,235.0,20.633333333333333,90.0,46.0,25.8,0.14782713347053048,-0.9890132145779883
0.0,0.0,1.0,0.0,2279.13,1751.75,42.0,157.0,21.7,51.0,44.0,20.67,0.13079267585675922,-0.9914097417023038
0.0,0.0,1.0,0.0,679.83,1713.2828571428574,16.0,143.0,20.833333333333332,108.0,42.0,24.81,0.07947729992362097,-0.9968366760893436
0.0,0.0,1.0,0.0,1701.16,1827.9771428571428,15.0,140.0,20.966666666666665,98.0,47.0,32.9,0.04514101777397193,-0.9989806246941579
0.0,0.0,1.0,0.0,2160.08,1908.1828571428573,5.0,107.0,20.6,106.0,38.0,29.93,0.02795029824021032,-0.999609314096404
0.0,0.0,1.0,0.0,1983.12,1976.5114285714285,6.0,110.0,20.8,23.0,46.0,18.96,0.01075130776352193,-0.9999422030204416
0.0,0.0,1.0,0.0,289.94,1767.2214285714288,0.0,68.0,20.8,103.0,42.0,19.75,-0.023651127245231586,-0.9997202729664083
0.0,0.0,1.0,0.0,1291.59,1483.55,19.0,64.0,19.833333333333332,94.0,49.0,21.96,-0.05802556932878035,-0.9983150972033183
0.0,0.0,1.0,0.0,3694.52,1685.7485714285715,0.0,71.0,19.133333333333333,97.0,47.0,24.1,-0.07518957641475855,-0.9971692572470178
0.0,0.0,1.0,0.0,1566.46,1812.4099999999999,9.0,58.0,19.4,31.0,41.0,21.39,-0.10944576864891556,-0.993992768446958
0.0,0.0,1.0,0.0,2759.32,1963.5757142857144,24.0,61.0,20.1,81.0,45.0,15.25,-0.12652781683868314,-0.9919630595773397
0.0,0.0,1.0,0.0,1569.75,1879.2428571428572,45.0,71.0,20.366666666666667,102.0,42.0,18.12,-0.16057454459499376,-0.9870237158387383
0.0,0.0,1.0,0.0,1182.72,1764.8999999999999,49.0,113.0,21.3,88.0,48.0,18.83,-0.2112757555821793,-0.9774264960104055
0.0,0.0,1.0,0.0,1655.48,1959.9771428571428,34.0,155.0,21.466666666666665,40.0,49.0,18.27,-0.2280577712215198,-0.9736476020539838
0.0,0.0,1.0,0.0,493.43,1845.9542857142858,10.0,180.0,21.1,107.0,45.0,23.55,-0.24477230089725957,-0.9695805901076308
0.0,0.0,1.0,0.0,1650.6,1553.9657142857143,17.0,166.0,21.666666666666668,91.0,41.0,23.56,-0.2614143985111562,-0.965226663665613
0.0,0.0,1.0,0.0,1340.0,1521.6142857142856,5.0,183.0,19.833333333333332,86.0,49.0,25.97,-0.2779791393987801,-0.9605871111248129
0.0,0.0,1.0,0.0,1540.77,1347.5357142857142,9.0,143.0,20.133333333333333,92.0,48.0,25.65,-0.2944616217868012,-0.9556633054034704
0.0,0.0,1.0,0.0,1593.0,1350.857142857143,4.0,147.0,20.066666666666666,81.0,50.0,18.75,-0.3108569682435036,-0.9504567035349151
0.0,0.0,1.0,0.0,1401.3,1382.0828571428572,2.0,128.0,19.533333333333335,83.0,46.0,23.6,-0.3271603271220951,-0.9449688462364056
0.0,0.0,1.0,0.0,1302.74,1331.6914285714286,7.0,81.0,18.9,40.0,44.0,21.95,-0.34336687399638804,-0.939201357453208
0.0,0.0,1.0,0.0,3256.31,1726.3885714285714,14.0,54.0,18.0,109.0,43.0,21.35,-0.3594718130884232,-0.9331559438780432
0.0,0.0,1.0,0.0,1500.91,1705.0042857142855,0.0,58.0,17.433333333333334,107.0,44.0,19.98,-0.3754703786876202,-0.9268343944460494
0.0,0.0,1.0,0.0,1432.46,1718.212857142857,7.0,52.0,17.6,86.0,47.0,20.74,-0.4071294853542516,-0.9133704517637858
0.0,0.0,1.0,0.0,1840.36,1761.0114285714285,23.0,50.0,15.7,84.0,49.0,19.45,-0.4227806579826773,-0.9062320427107697
0.0,0.0,1.0,0.0,1111.12,1692.1714285714286,0.0,69.0,15.466666666666667,86.0,41.0,26.19,-0.4383067230125192,-0.898825465016444
0.0,0.0,1.0,0.0,1430.02,1696.2742857142855,0.0,67.0,14.633333333333333,34.0,46.0,26.5,-0.45370308603134424,-0.8911529104063088
0.0,0.0,1.0,0.0,599.17,1595.7642857142855,0.0,60.0,13.166666666666666,90.0,44.0,25.63,-0.46896519100763184,-0.8832166493127127
0.0,0.0,1.0,0.0,1522.62,1348.0942857142857,33.0,46.0,13.566666666666666,99.0,49.0,17.95,-0.48408852163897587,-0.8750190302029955
0.0,0.0,1.0,0.0,1208.36,1306.3014285714287,0.0,79.0,13.233333333333333,97.0,48.0,23.09,-0.4990686026885319,-0.8665624788845385
0.0,0.0,1.0,0.0,1523.2,1319.2642857142857,0.0,61.0,13.166666666666666,29.0,45.0,18.0,-0.5574684374327892,-0.8301981337405212
0.0,0.0,1.0,0.0,349.74,1106.3185714285714,8.0,61.0,12.033333333333333,100.0,42.0,20.75,-0.5716666713027052,-0.8204859638785327
0.0,0.0,1.0,0.0,1286.5,1131.3728571428571,25.0,69.0,12.333333333333334,93.0,41.0,14.89,-0.5856957398073508,-0.8105309990194823
0.0,0.0,1.0,0.0,879.48,1052.7242857142858,11.0,74.0,12.2,96.0,47.0,20.41,-0.6400381082043503,-0.7683431655492202
0.0,0.0,1.0,0.0,1667.53,1205.347142857143,13.0,108.0,12.466666666666667,86.0,49.0,18.0,-0.666088855860977,-0.7458723993404063
0.0,0.0,1.0,0.0,1075.86,1141.5242857142857,5.0,113.0,12.433333333333334,98.0,48.0,18.26,-0.6788204829862355,-0.734304263829602
0.0,0.0,1.0,0.0,1225.47,1143.9685714285715,13.0,93.0,12.866666666666667,80.0,47.0,20.71,-0.6913512362094071,-0.722518835873311
0.0,0.0,1.0,0.0,1436.9,1131.6399999999999,25.0,106.0,13.066666666666666,82.0,44.0,15.48,-0.7036774074790128,-0.7105196029692745
0.0,0.0,1.0,0.0,837.54,1201.3257142857142,24.0,99.0,13.866666666666667,91.0,45.0,11.81,-0.7277014757264236,-0.6858939875998223
0.0,0.0,1.0,0.0,698.75,1117.3614285714286,13.0,93.0,14.0,91.0,40.0,18.99,-0.7508642533989489,-0.6604565640279754
0.0,0.0,1.0,0.0,1062.72,1143.5385714285715,59.0,93.0,15.166666666666666,96.0,44.0,13.79,-0.7621140503891487,-0.6474427960827475
0.0,0.0,1.0,0.0,853.98,1027.3171428571427,0.0,134.0,13.666666666666666,101.0,42.0,18.63,-0.7839338166829201,-0.620844401650647
0.0,0.0,1.0,0.0,1223.3,1048.3799999999999,34.0,109.0,13.166666666666666,96.0,40.0,12.36,-0.7944973291665992,-0.6072676460566135
0.0,0.0,1.0,0.0,730.0,977.5985714285715,0.0,121.0,12.033333333333333,26.0,45.0,19.04,-0.8149159841660791,-0.5795791048257612
0.0,0.0,1.0,0.0,3994.65,1342.9914285714287,63.0,117.0,13.8,79.0,46.0,7.78,-0.8247650844733614,-0.5654755126737576
0.0,0.0,1.0,0.0,405.9,1281.3285714285716,7.0,167.0,13.466666666666667,99.0,46.0,20.43,-0.8343701235229538,-0.5512045872199277
0.0,0.0,1.0,0.0,1335.18,1372.2471428571428,3.0,115.0,13.4,94.0,47.0,20.91,-0.8437282590292712,-0.5367705514607103
0.0,0.0,1.0,0.0,1327.05,1410.0085714285713,0.0,118.0,13.1,96.0,51.0,22.51,-0.8528367217694595,-0.522177676659508
0.0,0.0,1.0,0.0,1523.51,1505.6557142857143,11.0,118.0,13.333333333333334,92.0,50.0,18.82,-0.8616928164028522,-0.5074302810827518
0.0,0.0,1.0,0.0,1203.05,1502.7628571428572,19.0,91.0,13.9,23.0,47.0,21.09,-0.8786374941610001,-0.4774894280028391
0.0,0.0,1.0,0.0,329.8,1445.5914285714287,6.0,110.0,13.866666666666667,91.0,42.0,23.1,-0.886721063082993,-0.46230483047981086
0.0,0.0,1.0,0.0,1303.24,1061.1042857142857,31.0,53.0,14.433333333333334,90.0,44.0,12.59,-0.8945422369764496,-0.4469834295196741
0.0,0.0,1.0,0.0,730.78,1107.5157142857142,25.0,77.0,15.266666666666667,78.0,44.0,14.65,-0.9020987014301837,-0.43152975897147144
0.0,0.0,1.0,0.0,4255.67,1524.7285714285715,17.0,99.0,15.6,80.0,43.0,22.98,-0.9093882203647925,-0.4159483918249421
0.0,0.0,1.0,0.0,1176.32,1503.195714285714,20.0,116.0,15.5,75.0,44.0,22.36,-0.9164086366943458,-0.4002439388573056
0.0,0.0,1.0,0.0,1824.89,1546.25,11.0,125.0,15.866666666666667,100.0,49.0,25.14,-0.9231578729647039,-0.38442104726885545
0.0,0.0,1.0,0.0,1734.66,1622.1942857142858,31.0,129.0,16.9,20.0,45.0,15.9,-0.9296339319682695,-0.3684843993077793
0.0,0.0,1.0,0.0,206.7,1604.6085714285714,5.0,141.0,17.066666666666666,90.0,43.0,25.19,-0.9358348973349941,-0.35243871088460327
0.0,0.0,1.0,0.0,1507.56,1633.7971428571432,0.0,140.0,15.966666666666667,88.0,47.0,24.67,-0.9417589340994617,-0.33628873017668287
0.0,0.0,1.0,0.0,1454.57,1737.1957142857143,0.0,107.0,15.966666666666667,88.0,50.0,23.65,-0.9527692922168511,-0.30369503751065885
0.0,0.0,1.0,0.0,1425.49,1332.8842857142859,32.0,82.0,17.033333333333335,85.0,46.0,17.16,-0.9626519747161487,-0.2707418984477642
0.0,0.0,1.0,0.0,962.94,1302.4014285714288,9.0,103.0,17.066666666666666,21.0,41.0,23.14,-0.9671667297977312,-0.2541427094613622
0.0,0.0,1.0,0.0,911.61,1171.9328571428573,12.0,81.0,16.633333333333333,113.0,45.0,23.21,-0.97139528468375,-0.23746831555846842
0.0,0.0,1.0,0.0,1704.95,1167.6885714285713,25.0,88.0,17.1,88.0,49.0,18.72,-0.9753363880767837,-0.2207236509605022
0.0,0.0,1.0,0.0,1119.96,1298.1542857142856,4.0,113.0,16.8,93.0,45.0,21.72,-0.9789888737409319,-0.20391367068311472
0.0,0.0,1.0,0.0,1343.3,1274.6885714285713,32.0,94.0,17.7,88.0,46.0,18.22,-0.9823516608469237,-0.18704334906991657
0.0,0.0,1.0,0.0,3937.98,1629.4614285714285,3.0,136.0,17.366666666666667,74.0,50.0,21.45,-0.9882042449941422,-0.15314166701312007
0.0,0.0,1.0,0.0,1102.97,1583.387142857143,0.0,98.0,16.533333333333335,82.0,48.0,21.11,-0.9928872135356962,-0.11905873003404988
0.0,0.0,1.0,0.0,1177.08,1613.9785714285715,0.0,65.0,15.733333333333333,69.0,49.0,25.04,-0.9963950238187231,-0.08483487790576538
0.0,0.0,1.0,0.0,1183.68,1652.8457142857144,19.0,31.0,15.933333333333334,96.0,44.0,25.49,-0.9987235240803972,-0.050510617185222886
0.0,0.0,1.0,0.0,1590.55,1636.5028571428572,7.0,28.0,14.2,87.0,45.0,18.44,-0.9994446170919858,-0.033323525711631344
0.0,0.0,1.0,0.0,2778.6,1873.4514285714286,24.0,32.0,15.0,35.0,48.0,20.34,-0.9998699583618592,-0.016126573270657762
0.0,0.0,1.0,0.0,477.04,1749.7000000000003,10.0,97.0,14.2,94.0,48.0,31.88,-0.999832969770105,0.018276557681691223
0.0,0.0,1.0,0.0,3365.98,1667.9857142857145,42.0,112.0,15.6,102.0,45.0,19.79,-0.9986126020839734,0.052658056924614005
0.0,0.0,1.0,0.0,1723.54,1756.6385714285714,39.0,152.0,14.8,105.0,43.0,18.65,-0.9975590477788613,0.06982797572987089
0.0,0.0,1.0,0.0,1262.91,1768.8999999999999,43.0,172.0,16.0,72.0,42.0,23.21,-0.9962102997023297,0.0869772313136861
0.0,0.0,1.0,0.0,1417.44,1802.2942857142857,35.0,208.0,17.066666666666666,21.0,46.0,21.81,-0.9945667569706337,0.1041007489354256
0.0,0.0,1.0,0.0,302.28,1618.2557142857145,29.0,206.0,18.033333333333335,93.0,48.0,19.95,-0.9850556718215013,0.172236243027682
0.0,0.0,1.0,0.0,1261.4,1401.5128571428572,30.0,193.0,18.666666666666668,95.0,48.0,23.63,-0.981947190186646,0.18915526872004093
0.0,0.0,1.0,0.0,4171.6,1929.3071428571427,63.0,166.0,20.133333333333333,31.0,45.0,13.0,-0.9748595108374125,0.22282040779479959
0.0,0.0,1.0,0.0,2685.98,1832.1642857142856,8.0,194.0,20.2,86.0,46.0,26.78,-0.9708824104813836,0.23955655912092708
0.0,0.0,1.0,0.0,1531.5,1804.73,0.0,201.0,19.166666666666668,73.0,47.0,26.84,-0.9666180104000972,0.2562218218071163
0.0,0.0,1.0,0.0,1341.92,1816.017142857143,28.0,178.0,19.266666666666666,103.0,43.0,19.09,-0.957232443323312,0.28931997761869527
0.0,0.0,1.0,0.0,1828.9,1874.7971428571432,28.0,138.0,19.633333333333333,28.0,43.0,16.25,-0.9410336347451197,0.3383130181923076
0.0,0.0,1.0,0.0,293.48,1873.5400000000002,27.0,103.0,19.866666666666667,86.0,45.0,24.56,-0.9350748843515574,0.3544502230989869
0.0,0.0,1.0,0.0,1907.8,1965.8828571428571,8.0,122.0,19.766666666666666,87.0,45.0,25.28,-0.9288394302558068,0.3704825404820963
0.0,0.0,1.0,0.0,1473.33,1580.4157142857143,49.0,130.0,20.366666666666667,90.0,40.0,20.08,-0.9223291176290545,0.3864052261209853
0.0,0.0,1.0,0.0,1984.38,1480.187142857143,0.0,156.0,20.2,89.0,48.0,31.79,-0.9155458729775467,0.40221356823680365
0.0,0.0,1.0,0.0,1895.43,1532.177142857143,1.0,218.0,20.233333333333334,93.0,49.0,23.08,-0.8857249183835637,0.4642104791518923
0.0,0.0,1.0,0.0,2141.4700000000003,1646.3985714285716,54.0,192.0,22.033333333333335,80.0,37.0,19.14,-0.8776087166898392,0.4793776594606945
0.0,0.0,1.0,0.0,1212.29,1558.3114285714287,63.0,190.0,23.066666666666666,110.0,47.0,8.87,-0.8605996962501181,0.5092820071573356
0.0,0.0,1.0,0.0,653.92,1609.802857142857,109.0,132.0,26.4,90.0,43.0,13.56,-0.8425720899866032,0.5385835804920232
0.0,0.0,1.0,0.0,762.5,1446.1885714285713,3.0,238.0,26.1,26.0,47.0,24.04,-0.8331829385891785,0.5529974600700271
0.0,0.0,1.0,0.0,418.75,1295.5342857142857,1.0,235.0,25.3,91.0,44.0,29.71,-0.8136678304455991,0.5813300798152042
0.0,0.0,1.0,0.0,1771.12,1265.0685714285714,28.0,182.0,26.1,102.0,39.0,21.6,-0.8035476485339116,0.5952404359043674
0.0,0.0,1.0,0.0,1941.88,1271.7042857142858,0.0,209.0,25.033333333333335,104.0,49.0,27.62,-0.7931896839451843,0.6089746507720486
0.0,0.0,1.0,0.0,1996.04,1250.9285714285713,35.0,146.0,26.1,98.0,44.0,24.48,-0.7825970017677834,0.6225286602431057
0.0,0.0,1.0,0.0,1967.36,1358.7957142857142,75.0,178.0,28.6,91.0,46.0,10.4,-0.7717727365467836,0.6358984534680745
0.0,0.0,1.0,0.0,629.09,1355.2485714285715,50.0,144.0,30.266666666666666,35.0,44.0,20.46,-0.7607200913564104,0.6490800741100398
0.0,0.0,1.0,0.0,3322.14,1720.9114285714284,26.0,191.0,30.5,106.0,41.0,20.1,-0.7494423368521954,0.6620696215153815
0.0,0.0,1.0,0.0,1342.53,1852.8799999999999,4.0,215.0,30.4,85.0,52.0,26.26,-0.7379428103031386,0.6748632518680403
0.0,0.0,1.0,0.0,2212.88,1915.9885714285717,2.0,218.0,29.666666666666668,100.0,41.0,30.6,-0.7262249146041543,0.6874571793269664
0.0,0.0,1.0,0.0,1958.4,1918.3485714285714,8.0,192.0,29.6,78.0,48.0,23.69,-0.7142921172691032,0.699847677146407
0.0,0.0,1.0,0.0,1256.64,1812.72,11.0,200.0,28.566666666666666,92.0,42.0,25.75,-0.7021479494046978,0.7120310787787131
0.0,0.0,1.0,0.0,1492.47,1744.8785714285716,19.0,176.0,27.9,95.0,45.0,25.85,-0.6897960046655887,0.7240037789593305
0.0,0.0,1.0,0.0,1596.4,1883.0657142857144,180.0,120.0,32.46666666666667,44.0,44.0,11.32,-0.6772399381909491,0.7357622347736527
0.0,0.0,1.0,0.0,328.68,1455.4285714285718,2.0,250.0,31.366666666666667,88.0,49.0,29.3,-0.6644834655228552,0.7473029667054296
0.0,0.0,1.0,0.0,1765.93,1515.9142857142858,8.0,226.0,30.666666666666668,87.0,43.0,28.3,-0.6515303615068021,0.75862255966641
0.0,0.0,1.0,0.0,3922.3,1760.1171428571429,28.0,87.0,30.6,98.0,48.0,18.2,-0.5699010576127624,0.8217133225960589
0.0,0.0,1.0,0.0,1186.36,1649.8257142857144,36.0,113.0,29.7,105.0,45.0,23.71,-0.5556819724760489,0.8313949395234058
0.0,0.0,1.0,0.0,1630.95,1703.2985714285714,34.0,141.0,30.566666666666666,93.0,46.0,19.48,-0.5412984521036173,0.8408305333122887
0.0,0.0,1.0,0.0,1204.98,1662.2285714285713,39.0,174.0,31.866666666666667,95.0,44.0,17.16,-0.5267547528105542,0.8500173118187018
0.0,0.0,1.0,0.0,1043.2,1583.2,5.0,205.0,31.1,83.0,51.0,26.52,-0.5120551783114646,0.8589525565270845
0.0,0.0,1.0,0.0,2330.71,1869.2042857142858,69.0,208.0,32.46666666666667,87.0,41.0,8.43,-0.4972040784469378,0.8676336233547726
0.0,0.0,1.0,0.0,465.45,1683.4214285714284,3.0,275.0,31.666666666666668,48.0,46.0,26.83,-0.4822058478963526,0.8760579434344281
0.0,0.0,1.0,0.0,856.52,1245.452857142857,0.0,168.0,31.4,67.0,43.0,25.55,-0.4363729641045924,0.8997658785476209
0.0,0.0,1.0,0.0,1104.24,1233.7214285714285,57.0,134.0,31.666666666666668,95.0,47.0,18.51,-0.42083100859565564,0.9071390534005044
0.0,0.0,1.0,0.0,1151.49,1165.2271428571428,0.0,152.0,31.666666666666668,90.0,50.0,19.53,-0.4051645224207563,0.9142437912130223
0.0,0.0,1.0,0.0,1239.39,1170.142857142857,31.0,147.0,32.666666666666664,100.0,44.0,20.68,-0.3893781415452015,0.9210779895789526
0.0,0.0,1.0,0.0,1333.86,1211.6657142857143,20.0,110.0,31.533333333333335,88.0,44.0,25.75,-0.3574644155648614,0.9339267592294762
0.0,0.0,1.0,0.0,1472.9,1089.1214285714286,53.0,141.0,31.2,97.0,46.0,16.66,-0.3251276029999093,0.9456701548465688
0.0,0.0,1.0,0.0,1050.4,1172.6857142857145,0.0,151.0,27.566666666666666,84.0,44.0,18.74,-0.29240597695107734,0.9562942772197719
0.0,0.0,1.0,0.0,4038.58,1627.2657142857145,6.0,151.0,27.666666666666668,98.0,52.0,24.47,-0.27591294500296043,0.9611826292540837
0.0,0.0,1.0,0.0,1702.58,1712.7428571428572,68.0,151.0,29.9,83.0,43.0,11.08,-0.22596360824801906,0.974135744004672
0.0,0.0,1.0,0.0,1093.2,1704.4157142857143,4.0,190.0,29.1,105.0,54.0,19.18,-0.20917350564635637,0.9778785428342386
0.0,0.0,1.0,0.0,1480.29,1738.8300000000002,36.0,141.0,30.3,81.0,42.0,16.62,-0.19232150523909483,0.9813319716704275
0.0,0.0,1.0,0.0,2957.98,1970.847142857143,9.0,163.0,29.433333333333334,98.0,45.0,23.43,-0.17541259380427843,0.9844950085880858
0.0,0.0,1.0,0.0,3948.32,2324.4785714285713,0.0,172.0,26.933333333333334,79.0,47.0,22.14,-0.15845177496083632,0.9873667175937016
0.0,0.0,1.0,0.0,1189.32,2344.324285714286,5.0,166.0,25.433333333333334,23.0,44.0,24.87,-0.14144406768794202,0.9899462489023779
0.0,0.0,1.0,0.0,371.8,1820.4985714285717,9.0,171.0,24.866666666666667,94.0,43.0,22.26,-0.12439450483979998,0.9922328391893008
0.0,0.0,1.0,0.0,1370.26,1773.0242857142857,4.0,131.0,24.866666666666667,83.0,43.0,20.13,-0.10730813165636247,0.9942258118156161
0.0,0.0,1.0,0.0,1102.86,1774.4042857142856,0.0,67.0,24.8,79.0,44.0,25.43,-0.09019000427034513,0.9959245770286599
0.0,0.0,1.0,0.0,4200.9400000000005,2163.0685714285714,38.0,63.0,25.8,96.0,44.0,15.38,-0.07304518821104743,0.9973286321364752
0.0,0.0,1.0,0.0,952.02,1876.5028571428572,40.0,90.0,26.766666666666666,39.0,44.0,20.41,-0.021501372740813793,0.999768818762748
0.0,0.0,1.0,0.0,1220.42,1486.8028571428572,37.0,125.0,27.366666666666667,94.0,47.0,19.18,-0.004300592702981974,0.9999907524084426
0.0,0.0,1.0,0.0,3981.01,1885.6157142857144,0.0,172.0,21.366666666666667,100.0,47.0,12.01,0.051584366869408364,0.9986686402879997
0.0,0.0,1.0,0.0,804.67,1947.4542857142858,10.0,134.0,21.633333333333333,87.0,46.0,14.54,0.06875540848113941,0.9976335468520451
0.0,0.0,1.0,0.0,841.23,1871.8785714285714,24.0,119.0,22.166666666666668,87.0,44.0,10.38,0.08590610426133272,0.9963032375991965
0.0,0.0,1.0,0.0,568.89,1795.597142857143,35.0,134.0,22.4,27.0,46.0,10.78,0.10303137904317879,0.9946781061893646
0.0,0.0,1.0,0.0,190.61,1222.6928571428573,0.0,96.0,21.2,108.0,49.0,16.73,0.13718540405660057,0.9905453876091833
0.0,0.0,1.0,0.0,1255.87,1266.1000000000001,21.0,85.0,20.766666666666666,88.0,45.0,10.12,0.17117705961019986,0.985240282501282
0.0,0.0,1.0,0.0,579.15,1174.49,0.0,106.0,19.466666666666665,77.0,46.0,12.44,0.18809941761179758,0.9821499931752291
0.0,0.0,1.0,0.0,641.86,697.4685714285714,0.0,96.0,19.3,85.0,46.0,15.13,0.20496611396949532,0.9787690698649216
0.0,0.0,1.0,0.0,868.05,706.5228571428571,0.0,72.0,17.0,36.0,48.0,13.39,0.22177215755648186,0.975098513039961
0.0,0.0,1.0,0.0,327.76,633.1700000000001,0.0,42.0,16.9,89.0,45.0,13.03,0.2551824131233728,0.9668929289391521
0.0,0.0,1.0,0.0,783.0,663.7571428571429,51.0,30.0,18.6,116.0,49.0,11.32,0.2882906407095177,0.9575429528116719
0.0,0.0,1.0,0.0,879.71,762.2,8.0,60.0,16.966666666666665,91.0,46.0,12.97,0.3047192331091634,0.9524422234305676
0.0,0.0,1.0,0.0,778.8,694.0471428571428,0.0,122.0,16.966666666666665,73.0,44.0,13.55,0.3534446712740877,0.9354554315134164
0.0,0.0,1.0,0.0,647.8,703.8542857142858,0.0,113.0,15.933333333333334,90.0,47.0,13.24,0.3694836834473831,0.9292372181882051
0.0,0.0,1.0,0.0,822.48,729.6571428571427,0.0,113.0,15.266666666666667,95.0,52.0,14.51,0.38541335945432564,0.9227440286201427
0.0,0.0,1.0,0.0,2359.49,942.7199999999999,0.0,62.0,13.5,89.0,45.0,15.02,0.4169258813287287,0.908940487313808
0.0,0.0,1.0,0.0,882.42,1021.9571428571428,0.0,54.0,13.5,86.0,49.0,13.03,0.4324994021339788,0.901634220265486
0.0,0.0,1.0,0.0,784.7,1022.1999999999999,10.0,54.0,13.633333333333333,30.0,44.0,17.47,0.44794493940789115,0.8940611451454876
0.0,0.0,1.0,0.0,857.98,1019.0957142857143,2.0,10.0,11.433333333333334,94.0,49.0,11.84,0.4632579225674917,0.88622350294858
0.0,0.0,1.0,0.0,762.41,1016.7542857142856,0.0,12.0,11.3,92.0,53.0,9.17,0.4784338202547012,0.8781236129591848
0.0,0.0,1.0,0.0,603.46,1010.42,0.0,12.0,10.1,92.0,52.0,10.66,0.49346814167723735,0.8697638720650646
0.0,0.0,1.0,0.0,696.51,992.4242857142856,0.0,12.0,9.8,94.0,47.0,11.74,0.5083564379375122,0.8611467540480452
0.0,0.0,1.0,0.0,750.72,762.6,0.0,12.0,9.8,81.0,45.0,9.75,0.5230943033491326,0.8522748088519838
0.0,0.0,1.0,0.0,971.4,775.3114285714286,0.0,12.0,9.633333333333333,33.0,47.0,9.94,0.5521013427459208,0.8337770129585915
0.0,0.0,1.0,0.0,226.32,695.5428571428572,0.0,2.0,9.333333333333334,85.0,46.0,8.16,0.5663619330814524,0.8241566360566663
0.0,0.0,1.0,0.0,468.45,639.8957142857143,0.0,0.0,9.2,91.0,47.0,9.38,0.580454927809098,0.8142923779467267
0.0,0.0,1.0,0.0,580.72,613.9399999999999,21.0,0.0,9.9,93.0,43.0,7.54,0.5943761565849831,0.804187157621448
0.0,0.0,1.0,0.0,452.15,592.3242857142858,0.0,21.0,8.633333333333333,94.0,42.0,12.09,0.6081214998935418,0.7938439653781019
0.0,0.0,1.0,0.0,738.4,598.3085714285714,19.0,21.0,7.933333333333334,96.0,42.0,10.89,0.6216868902665479,0.7832658619336791
0.0,0.0,1.0,0.0,2112.58,792.8599999999999,8.0,40.0,6.966666666666667,101.0,50.0,12.94,0.6350683134867438,0.7724559775191742
0.0,0.0,1.0,0.0,908.37,783.8557142857143,2.0,48.0,7.033333333333333,51.0,49.0,14.86,0.6482618097757122,0.7614175109532997
0.0,0.0,1.0,0.0,519.23,825.7,9.0,16.0,7.0,90.0,49.0,9.73,0.7232617254437388,0.6905740195722293
0.0,0.0,1.0,0.0,974.06,897.93,2.0,17.0,6.266666666666667,42.0,47.0,12.19,0.7350336741329413,0.6780306024735382
0.0,0.0,1.0,0.0,340.48,863.61,11.0,17.0,5.466666666666667,95.0,45.0,9.66,0.746588114532413,0.6652865452111116
0.0,0.0,1.0,0.0,601.29,884.9157142857142,0.0,28.0,5.466666666666667,88.0,44.0,13.82,0.7579216274973472,0.6523456189565257
0.0,0.0,1.0,0.0,2833.56,1184.2242857142858,0.0,28.0,4.766666666666667,81.0,45.0,13.83,0.7690308592589181,0.6392116531380588
0.0,0.0,1.0,0.0,733.6,987.2271428571429,22.0,28.0,5.5,94.0,40.0,10.87,0.7799125224167177,0.6258885343075018
0.0,0.0,1.0,0.0,1087.64,1012.8371428571429,0.0,50.0,5.5,92.0,48.0,14.26,0.7905633969115482,0.612380204990065
0.0,0.0,1.0,0.0,1587.72,1165.4785714285713,0.0,44.0,5.5,97.0,41.0,12.13,0.8009803309782905,0.5986906625177214
0.0,0.0,1.0,0.0,747.39,1133.097142857143,0.0,35.0,5.5,32.0,46.0,12.16,0.8111602420785621,0.5848239578463322
0.0,0.0,1.0,0.0,258.69,1121.412857142857,8.0,33.0,4.066666666666666,98.0,51.0,13.43,0.8211001178128892,0.5707841943569036
0.0,0.0,1.0,0.0,908.04,1165.2342857142855,0.0,30.0,3.8,95.0,47.0,12.23,0.8307970168121247,0.5565755266413303
0.0,0.0,1.0,0.0,2816.54,1162.8028571428572,1.0,32.0,3.8333333333333335,107.0,48.0,11.84,0.8494504794814806,0.527668345562516
0.0,0.0,1.0,0.0,874.23,1182.892857142857,13.0,11.0,4.266666666666667,104.0,45.0,12.76,0.8584015232918917,0.512978386299228
0.0,0.0,1.0,0.0,869.19,1151.6857142857143,0.0,24.0,4.266666666666667,91.0,44.0,14.93,0.8670985522812081,0.4981366284784055
0.0,0.0,1.0,0.0,903.74,1053.9742857142858,15.0,24.0,4.766666666666667,25.0,43.0,14.0,0.8755389928586302,0.4831474640149687
0.0,0.0,1.0,0.0,224.0,979.2042857142857,3.0,39.0,4.866666666666666,92.0,45.0,16.68,0.8837203473619977,0.4680153284438345
0.0,0.0,1.0,0.0,997.75,1084.7842857142857,0.0,34.0,4.533333333333333,100.0,50.0,14.46,0.8992961915530253,0.4373400963303323
0.0,0.0,1.0,0.0,990.51,1096.5657142857142,0.0,30.0,4.466666666666667,86.0,50.0,17.83,0.9206588168102428,0.3903682146763026
0.0,0.0,1.0,0.0,1489.1,906.9314285714287,8.0,30.0,4.733333333333333,29.0,50.0,14.48,0.9272375462179537,0.374473674486883
0.0,0.0,1.0,0.0,287.7,823.1414285714287,0.0,23.0,4.733333333333333,79.0,53.0,16.22,0.9335418911179212,0.35846832151248087
0.0,0.0,1.0,0.0,922.32,830.7314285714285,4.0,20.0,4.866666666666666,93.0,51.0,16.03,0.9395699859530622,0.342356891994542
0.0,0.0,1.0,0.0,1043.7,850.7257142857143,9.0,24.0,5.166666666666667,96.0,40.0,18.11,0.945320046913132,0.3261441535642696
0.0,0.0,1.0,0.0,1086.88,973.9942857142858,0.0,33.0,5.166666666666667,99.0,48.0,18.17,0.9507903724625832,0.3098349038318025
0.0,0.0,1.0,0.0,1223.32,1006.2185714285715,4.0,24.0,5.3,83.0,50.0,18.35,0.9559793438440766,0.2934339689665273
0.0,0.0,1.0,0.0,1066.1,1017.0171428571429,0.0,25.0,5.3,68.0,50.0,14.0,0.9608854255574977,0.27694620226893646
0.0,0.0,1.0,0.0,656.88,898.1285714285715,15.0,25.0,5.1,33.0,50.0,18.85,0.9655071658143364,0.2603764827344581
0.0,0.0,1.0,0.0,1003.29,1000.3557142857143,11.0,32.0,5.466666666666667,80.0,44.0,14.57,0.969843196967294,0.24372971360968387
0.0,0.0,1.0,0.0,1552.9,1090.4385714285713,4.0,43.0,4.966666666666667,70.0,47.0,16.0,0.9738922359149924,0.22701082094141847
0.0,0.0,1.0,0.0,756.0,1049.3385714285716,0.0,43.0,4.7,104.0,47.0,16.7,0.9776530844816641,0.2102247521189836
0.0,0.0,1.0,0.0,1913.79,1167.4685714285715,8.0,34.0,4.9,105.0,42.0,13.7,0.981124629771712,0.19337647441020586
0.0,0.0,1.0,0.0,1407.51,1193.7814285714287,2.0,42.0,4.666666666666667,128.0,49.0,16.86,0.984305844499033,0.17647097349152166
0.0,0.0,1.0,0.0,1478.23,1252.6571428571428,40.0,40.0,5.933333333333334,94.0,45.0,11.85,0.9871957872910085,0.15951325197263655
0.0,0.0,1.0,0.0,729.67,1263.0557142857142,0.0,54.0,5.566666666666666,104.0,44.0,13.95,0.9941098647022418,0.10837701279187609
0.0,0.0,1.0,0.0,957.66,1256.537142857143,0.0,50.0,5.566666666666666,117.0,53.0,16.45,0.9958270335100595,0.09126072172931188
0.0,0.0,1.0,0.0,1376.38,1231.32,0.0,50.0,5.566666666666666,79.0,47.0,18.73,0.9972495210773451,0.07411742515094437
0.0,0.0,1.0,0.0,1453.6,1330.9771428571428,38.0,42.0,6.1,84.0,47.0,13.93,0.998376906467142,0.056952196034039754
0.0,0.0,1.0,0.0,783.9,1169.5642857142857,0.0,78.0,6.1,84.0,46.0,16.0,0.9992088560679753,0.03977011384605572
0.0,0.0,1.0,0.0,913.92,1099.0514285714287,0.0,38.0,6.1,29.0,46.0,16.03,0.9997451236925734,0.022576263041545485
0.0,0.0,1.0,0.0,311.55,932.382857142857,0.0,38.0,6.1,86.0,52.0,16.59,0.9999855506507186,0.005375731557583884
0.0,0.0,1.0,0.0,1013.17,972.882857142857,2.0,38.0,5.9,81.0,52.0,19.48,0.9999300657962057,-0.011826390691832589
0.0,0.0,1.0,0.0,1128.27,997.2557142857142,24.0,40.0,6.7,84.0,48.0,18.61,0.9995786855478958,-0.029025013321975237
0.0,0.0,1.0,0.0,1055.03,951.3485714285714,15.0,64.0,7.166666666666667,87.0,36.0,22.59,0.9989315138848577,-0.046215046983708354
0.0,0.0,1.0,0.0,1169.17,910.7157142857143,13.0,79.0,7.166666666666667,89.0,43.0,18.6,0.9979887423155984,-0.06339140486951038
0.0,0.0,1.0,0.0,1084.03,953.5914285714285,21.0,54.0,7.866666666666666,88.0,46.0,16.74,0.9967506498213929,-0.08054900421874167
0.0,0.0,1.0,0.0,964.82,960.8628571428571,18.0,75.0,7.966666666666667,32.0,43.0,24.66,0.9952176027737294,-0.09768276782171598
0.0,0.0,1.0,0.0,501.01,987.9285714285714,0.0,93.0,7.866666666666666,74.0,50.0,20.54,0.9933900548258936,-0.11478762552212701
0.0,0.0,1.0,0.0,1453.0,1050.7614285714285,42.0,93.0,9.266666666666667,93.0,44.0,13.22,0.9912685467787256,-0.13185851571739118
0.0,0.0,1.0,0.0,3070.85,1328.2728571428572,0.0,133.0,9.266666666666667,46.0,44.0,21.24,0.9888537064205885,-0.1488903868564548
0.0,0.0,1.0,0.0,639.94,1268.974285714286,31.0,109.0,10.033333333333333,63.0,47.0,12.57,0.986146248341595,-0.16587819893463143
0.0,0.0,1.0,0.0,530.64,1177.7557142857145,21.0,125.0,10.733333333333333,46.0,44.0,16.0,0.9831469737221499,-0.1828169249850199
0.0,0.0,1.0,0.0,482.08,1091.7628571428572,24.0,115.0,11.4,17.0,49.0,13.24,0.9762766110869321,-0.21652708524481437
0.0,0.0,1.0,0.0,155.25,976.1099999999999,20.0,121.0,11.766666666666667,46.0,45.0,21.98,0.9724075561219968,-0.23328854407545518
0.0,0.0,1.0,0.0,667.26,999.86,16.0,141.0,12.3,52.0,49.0,21.08,0.9682507501166718,-0.2499809690726521
0.0,0.0,1.0,0.0,739.8,897.9742857142858,13.0,145.0,12.6,52.0,49.0,19.02,0.9590788900341131,-0.28313898122818354
0.0,0.0,1.0,0.0,672.52,555.3557142857143,9.0,117.0,12.9,51.0,42.0,18.14,0.9487718864399473,-0.31596187665790293
0.0,0.0,1.0,0.0,2763.38,858.7042857142858,14.0,123.0,12.866666666666667,35.0,48.0,19.09,0.9431964659565866,-0.33223549871590435
0.0,0.0,1.0,0.0,454.24,847.79,23.0,113.0,13.266666666666667,95.0,41.0,16.8,0.9373419384643772,-0.3484108069446808
0.0,0.0,1.0,0.0,997.5,921.4214285714286,6.0,116.0,13.333333333333334,100.0,43.0,22.2,0.9312100364121947,-0.3644830148102912
0.0,0.0,1.0,0.0,5177.6,1638.8999999999999,27.0,106.0,14.233333333333333,82.0,50.0,11.88,0.9248025743285089,-0.38044736628785164
0.0,0.0,1.0,0.0,676.93,1640.2814285714285,12.0,103.0,14.366666666666667,96.0,47.0,23.43,0.9181214482844364,-0.39629913726891813
0.0,0.0,1.0,0.0,1495.59,1748.2514285714285,0.0,95.0,14.3,90.0,47.0,21.69,0.8806828564301475,-0.47370635037968
0.0,0.0,1.0,0.0,4978.84,2363.44,7.0,89.0,13.2,107.0,49.0,29.48,0.8724040568049612,-0.48878539428899265
0.0,0.0,1.0,0.0,2707.49,2355.4557142857143,0.0,69.0,13.2,76.0,50.0,25.26,0.8638670987837349,-0.503719798736334
0.0,0.0,1.0,0.0,1334.4,2481.192857142857,12.0,57.0,13.6,111.0,45.0,21.05,0.8550745085896932,-0.518505144391157
0.0,0.0,1.0,0.0,1530.08,2557.2757142857145,42.0,64.0,15.0,76.0,38.0,19.21,0.8460288880917339,-0.533137056031809
0.0,0.0,1.0,0.0,1654.6,2053.9900000000002,4.0,106.0,13.866666666666667,26.0,47.0,25.81,0.8367329140344921,-0.5476112038402312
0.0,0.0,1.0,0.0,452.93,2021.99,35.0,110.0,15.033333333333333,104.0,45.0,23.5,0.8271893372462497,-0.5619233046832195
0.0,0.0,1.0,0.0,1600.82,2037.0228571428572,35.0,100.0,16.2,108.0,41.0,22.14,0.8174009818249189,-0.5760691233798758
0.0,0.0,1.0,0.0,1482.42,1537.5342857142857,11.0,135.0,16.566666666666666,110.0,45.0,29.58,0.8073707443023492,-0.5900444739548627
0.0,0.0,1.0,0.0,2115.1,1452.9071428571428,17.0,139.0,17.066666666666666,89.0,43.0,26.48,0.7971015927871943,-0.6038452208771035
0.0,0.0,1.0,0.0,1496.69,1476.0914285714284,30.0,156.0,17.266666666666666,104.0,44.0,23.21,0.7865965660866021,-0.6174672802835514
0.0,0.0,1.0,0.0,1581.17,1483.3899999999999,31.0,146.0,17.8,24.0,49.0,15.25,0.7648913904341225,-0.6441592666722685
0.0,0.0,1.0,0.0,248.88,1282.5728571428572,30.0,151.0,18.366666666666667,84.0,42.0,16.76,0.742280907086982,-0.6700888411055113
0.0,0.0,1.0,0.0,887.04,1344.5885714285712,17.0,138.0,18.233333333333334,88.0,47.0,27.45,0.7187918772884232,-0.6952253139408722
0.0,0.0,1.0,0.0,1618.72,1347.1457142857143,64.0,138.0,19.766666666666666,107.0,44.0,8.7,0.7067265555776158,-0.7074868024503348
0.0,0.0,1.0,0.0,2634.5,1511.7285714285715,18.0,176.0,20.366666666666667,33.0,44.0,26.27,0.6819721490904629,-0.7313781428679254
0.0,0.0,1.0,0.0,554.88,1288.84,11.0,163.0,19.333333333333332,83.0,44.0,28.05,0.6692903895412567,-0.7430009249440493
0.0,0.0,1.0,0.0,1501.56,1289.5357142857142,11.0,141.0,19.7,106.0,45.0,24.8,0.6300720909843687,-0.7765366444428655
0.0,0.0,1.0,0.0,1722.0,1309.6542857142856,12.0,135.0,19.066666666666666,98.0,46.0,22.98,0.6166212130956382,-0.7872599821916922
0.0,0.0,1.0,0.0,2091.58,1572.8971428571429,7.0,83.0,18.6,96.0,45.0,26.47,0.6029878670694714,-0.7977503570459932
0.0,0.0,1.0,0.0,1664.36,1683.9428571428573,8.0,72.0,18.066666666666666,40.0,41.0,28.2,0.5891760872322963,-0.8080046647350754
0.0,0.0,1.0,0.0,1426.64,1656.5028571428572,37.0,72.0,18.633333333333333,112.0,44.0,23.47,0.5467112728685939,-0.8373211953118121
0.0,0.0,1.0,0.0,2574.85,1647.9814285714288,0.0,99.0,18.1,94.0,50.0,27.78,0.5175855102531889,-0.8556314858488706
0.0,0.0,1.0,0.0,5366.65,2335.3771428571426,0.0,87.0,17.666666666666668,78.0,42.0,23.04,0.5027907197793043,-0.8644081744776648
0.0,0.0,1.0,0.0,1168.05,2287.732857142857,23.0,80.0,18.133333333333333,65.0,45.0,18.31,0.4878471454423119,-0.8729290708206411
0.0,0.0,1.0,0.0,779.45,2153.082857142857,27.0,88.0,18.566666666666666,90.0,47.0,16.76,0.4575313760742512,-0.8891934772070711
0.0,0.0,1.0,0.0,1010.36,1998.6228571428571,6.0,101.0,18.0,71.0,48.0,25.59,0.44216815196707204,-0.8969321743510065
0.0,0.0,1.0,0.0,1226.48,1936.0685714285714,74.0,89.0,20.266666666666666,29.0,46.0,10.14,0.37945284372454435,-0.925211078289358
0.0,0.0,1.0,0.0,192.57,1759.7728571428572,15.0,167.0,19.866666666666667,97.0,47.0,20.36,0.3474028211842774,-0.9377159910299093
0.0,0.0,1.0,0.0,1343.0,1583.7942857142857,19.0,155.0,20.1,86.0,49.0,21.15,0.3312212278016865,-0.9435531242349544
0.0,0.0,1.0,0.0,1246.02,995.1328571428572,15.0,168.0,20.6,104.0,38.0,20.95,0.31494162072895193,-0.9491110448902284
0.0,0.0,1.0,0.0,1329.19,1018.1528571428571,0.0,183.0,20.366666666666667,92.0,50.0,28.1,0.2985688173637202,-0.9543881083175908
0.0,0.0,1.0,0.0,1783.65,1161.6100000000001,0.0,163.0,20.366666666666667,89.0,47.0,25.35,0.2821076626819194,-0.9593827529490743
0.0,0.0,1.0,0.0,1545.36,1238.0385714285715,73.0,150.0,22.4,31.0,44.0,9.19,0.26556302780405594,-0.9640935007889755
0.0,0.0,1.0,0.0,186.68,1089.4957142857143,19.0,149.0,21.633333333333333,107.0,45.0,24.11,0.24893980855376657,-0.9685189578512204
0.0,0.0,1.0,0.0,1677.0,1301.5571428571427,23.0,141.0,22.266666666666666,102.0,41.0,17.77,0.23224292400907015,-0.9726578145718654
0.0,0.0,1.0,0.0,4379.12,1735.2885714285715,11.0,145.0,21.466666666666665,115.0,52.0,25.1,0.19864794288017112,-0.9800709131432666
0.0,0.0,1.0,0.0,2812.06,1959.0085714285713,16.0,196.0,20.833333333333332,149.0,44.0,25.17,0.16481784665719793,-0.9863240225317866
0.0,0.0,1.0,0.0,2456.91,2120.1114285714284,7.0,144.0,20.7,101.0,44.0,24.9,0.13079267585675922,-0.9914097417023038
0.0,0.0,1.0,0.0,1584.45,2091.654285714286,16.0,132.0,20.666666666666668,95.0,44.0,23.53,0.11371951458594969,-0.9935128947338007
0.0,0.0,1.0,0.0,1441.58,2076.8285714285716,18.0,125.0,20.266666666666666,95.0,45.0,27.68,0.0966127018812031,-0.9953220513156602
0.0,0.0,1.0,0.0,1709.5,2294.3742857142856,10.0,128.0,19.566666666666666,86.0,43.0,24.55,0.07947729992362097,-0.9968366760893436
0.0,0.0,1.0,0.0,1372.15,2250.824285714286,33.0,127.0,19.666666666666668,112.0,45.0,21.27,0.062318379354325076,-0.998056320853012
0.0,0.0,1.0,0.0,1584.03,1851.5257142857142,62.0,173.0,21.166666666666668,55.0,43.0,9.13,0.02795029824021032,-0.999609314096404
0.0,0.0,1.0,0.0,3691.3,1977.1314285714286,0.0,225.0,19.033333333333335,103.0,46.0,15.21,-0.00645086419810515,-0.9999791929590823
0.0,0.0,1.0,0.0,1065.56,1778.3671428571429,38.0,191.0,19.7,104.0,45.0,12.88,-0.04084439154329611,-0.9991655196610109
0.0,0.0,1.0,0.0,871.0,1676.445714285714,0.0,219.0,19.333333333333332,89.0,48.0,20.62,-0.05802556932878035,-0.9983150972033183
0.0,0.0,1.0,0.0,1266.15,1651.3842857142859,9.0,122.0,19.266666666666666,30.0,41.0,21.83,-0.09233133369539122,-0.9957283388645872
0.0,0.0,1.0,0.0,412.65,1466.1200000000001,26.0,69.0,19.733333333333334,86.0,42.0,14.47,-0.10944576864891556,-0.993992768446958
0.0,0.0,1.0,0.0,796.16,1383.8357142857144,13.0,109.0,19.933333333333334,98.0,42.0,21.02,-0.16057454459499376,-0.9870237158387383
0.0,0.0,1.0,0.0,1318.4,1345.8885714285714,5.0,84.0,19.833333333333332,112.0,50.0,17.63,-0.17752914918703497,-0.984115542601034
0.0,0.0,1.0,0.0,5292.63,1574.65,10.0,123.0,18.933333333333334,89.0,45.0,18.24,-0.2614143985111562,-0.965226663665613
0.0,0.0,1.0,0.0,1071.18,1575.4528571428575,20.0,127.0,19.6,98.0,48.0,17.87,-0.2779791393987801,-0.9605871111248129
0.0,0.0,1.0,0.0,1181.93,1619.8714285714289,0.0,128.0,19.6,31.0,41.0,16.61,-0.3271603271220951,-0.9449688462364056
0.0,0.0,1.0,0.0,329.6,1486.0785714285716,18.0,104.0,19.433333333333334,114.0,44.0,19.89,-0.34336687399638804,-0.939201357453208
0.0,0.0,1.0,0.0,1462.22,1636.017142857143,41.0,70.0,19.9,91.0,47.0,15.36,-0.3754703786876202,-0.9268343944460494
0.0,0.0,1.0,0.0,936.66,1656.0885714285716,15.0,101.0,20.2,69.0,44.0,17.93,-0.3913578365610259,-0.9202385798054075
0.0,0.0,1.0,0.0,779.31,1579.0757142857144,0.0,96.0,17.733333333333334,96.0,49.0,18.28,-0.4071294853542516,-0.9133704517637858
0.0,0.0,1.0,0.0,1219.73,997.2328571428571,93.0,92.0,20.333333333333332,88.0,41.0,7.03,-0.4227806579826773,-0.9062320427107697
0.0,0.0,1.0,0.0,1182.16,1013.0871428571428,13.0,178.0,20.133333333333333,20.0,45.0,15.85,-0.4383067230125192,-0.898825465016444
0.0,0.0,1.0,0.0,206.05,873.6757142857143,0.0,173.0,19.633333333333333,86.0,47.0,17.95,-0.46896519100763184,-0.8832166493127127
0.0,0.0,1.0,0.0,1057.64,977.6814285714287,17.0,162.0,20.2,77.0,46.0,16.16,-0.48408852163897587,-0.8750190302029955
0.0,0.0,1.0,0.0,1211.26,941.8299999999999,10.0,148.0,20.533333333333335,81.0,48.0,16.94,-0.5574684374327892,-0.8301981337405212
0.0,0.0,1.0,0.0,912.38,938.3614285714285,0.0,158.0,18.1,100.0,52.0,15.41,-0.5856957398073508,-0.8105309990194823
0.0,0.0,1.0,0.0,1078.7,981.1314285714286,0.0,146.0,17.466666666666665,86.0,42.0,16.72,-0.6132298262997502,-0.7899045386224707
0.0,0.0,1.0,0.0,1429.7,1011.1271428571429,0.0,116.0,16.7,76.0,47.0,17.05,-0.6267266965083301,-0.7792391467859886
0.0,0.0,1.0,0.0,887.76,969.0699999999999,0.0,24.0,16.333333333333332,30.0,47.0,15.23,-0.6400381082043503,-0.7683431655492202
0.0,0.0,1.0,0.0,778.76,1050.8857142857144,0.0,54.0,15.8,95.0,42.0,16.38,-0.666088855860977,-0.7458723993404063
0.0,0.0,1.0,0.0,1491.4,1112.8514285714286,0.0,54.0,15.566666666666666,96.0,46.0,14.74,-0.6788204829862355,-0.734304263829602
0.0,0.0,1.0,0.0,962.2,1077.2714285714287,0.0,54.0,15.033333333333333,98.0,51.0,15.57,-0.6913512362094071,-0.722518835873311
0.0,0.0,1.0,0.0,1083.46,1101.7114285714285,15.0,43.0,14.933333333333334,82.0,43.0,13.96,-0.7036774074790128,-0.7105196029692745
0.0,0.0,1.0,0.0,744.25,1053.9328571428573,12.0,58.0,15.0,93.0,40.0,17.4,-0.7157953492826642,-0.6983101158835584
0.0,0.0,1.0,0.0,1011.25,994.1542857142857,0.0,70.0,13.9,103.0,48.0,14.22,-0.7393922635959241,-0.673274892250183
0.0,0.0,1.0,0.0,1347.85,1059.8814285714286,6.0,27.0,12.033333333333333,114.0,41.0,15.89,-0.7508642533989489,-0.6604565640279754
0.0,0.0,1.0,0.0,1140.93,1111.6200000000001,11.0,33.0,12.4,99.0,46.0,17.83,-0.7621140503891487,-0.6474427960827475
0.0,0.0,1.0,0.0,1156.08,1063.7171428571428,3.0,44.0,11.233333333333333,78.0,43.0,14.94,-0.7731383255706026,-0.6342374393978054
0.0,0.0,1.0,0.0,768.9,1036.1028571428571,23.0,47.0,12.0,93.0,46.0,10.4,-0.7839338166829201,-0.620844401650647
0.0,0.0,1.0,0.0,643.06,973.1885714285714,7.0,55.0,11.933333333333334,96.0,43.0,15.93,-0.7944973291665992,-0.6072676460566135
0.0,0.0,1.0,0.0,970.91,1005.5685714285713,10.0,50.0,11.4,93.0,49.0,17.0,-0.8247650844733614,-0.5654755126737576
0.0,0.0,1.0,0.0,1499.8,1075.3614285714286,2.0,54.0,11.033333333333333,89.0,52.0,17.04,-0.8343701235229538,-0.5512045872199277
0.0,0.0,1.0,0.0,1077.07,1036.6785714285713,0.0,45.0,10.866666666666667,86.0,52.0,15.36,-0.8437282590292712,-0.5367705514607103
0.0,0.0,1.0,0.0,937.91,1007.6757142857142,4.0,42.0,10.666666666666666,101.0,53.0,13.49,-0.8528367217694595,-0.522177676659508
0.0,0.0,1.0,0.0,967.02,980.6671428571428,22.0,23.0,10.733333333333333,104.0,38.0,14.51,-0.8616928164028522,-0.5074302810827518
0.0,0.0,1.0,0.0,897.85,999.0885714285713,52.0,38.0,12.466666666666667,25.0,43.0,15.56,-0.8702939222685674,-0.49253272872205434
0.0,0.0,1.0,0.0,988.02,1048.3685714285714,25.0,102.0,12.7,81.0,45.0,12.16,-0.886721063082993,-0.46230483047981086
0.0,0.0,1.0,0.0,655.03,1003.2428571428571,4.0,115.0,11.466666666666667,106.0,42.0,19.91,-0.9020987014301837,-0.43152975897147144
0.0,0.0,1.0,0.0,1360.95,983.407142857143,8.0,119.0,11.233333333333333,111.0,42.0,19.65,-0.9093882203647925,-0.4159483918249421
0.0,0.0,1.0,0.0,1384.93,1027.3871428571429,34.0,123.0,12.366666666666667,89.0,44.0,16.65,-0.9164086366943458,-0.4002439388573056
0.0,0.0,1.0,0.0,963.3,1031.0142857142857,0.0,135.0,9.266666666666667,32.0,47.0,21.16,-0.9231578729647039,-0.38442104726885545
0.0,0.0,1.0,0.0,467.13,959.6014285714285,13.0,83.0,9.266666666666667,88.0,44.0,18.72,-0.9296339319682695,-0.3684843993077793
0.0,0.0,1.0,0.0,1062.32,983.0971428571429,55.0,72.0,11.1,81.0,41.0,11.74,-0.9417589340994617,-0.33628873017668287
0.0,0.0,1.0,0.0,608.64,928.9,3.0,127.0,10.633333333333333,82.0,47.0,21.11,-0.9474042892438845,-0.32003923622313857
0.0,0.0,1.0,0.0,1142.46,998.5328571428571,11.0,126.0,10.666666666666666,76.0,47.0,16.29,-0.9527692922168511,-0.30369503751065885
0.0,0.0,1.0,0.0,829.46,922.6057142857143,0.0,129.0,10.666666666666666,106.0,49.0,17.94,-0.9578523554276669,-0.28726097055059635
0.0,0.0,1.0,0.0,1321.89,913.6,34.0,114.0,11.8,104.0,40.0,14.84,-0.9671667297977312,-0.2541427094613622
0.0,0.0,1.0,0.0,3822.66,1322.08,34.0,135.0,12.933333333333334,75.0,43.0,15.41,-0.97139528468375,-0.23746831555846842
0.0,0.0,1.0,0.0,745.62,1361.8642857142859,8.0,156.0,13.2,86.0,40.0,19.3,-0.9753363880767837,-0.2207236509605022
0.0,0.0,1.0,0.0,1029.2,1357.132857142857,0.0,109.0,13.2,97.0,50.0,21.65,-0.9789888737409319,-0.20391367068311472
0.0,0.0,1.0,0.0,1459.5,1478.6842857142856,24.0,106.0,14.0,69.0,47.0,17.81,-0.9823516608469237,-0.18704334906991657
0.0,0.0,1.0,0.0,811.14,1431.3528571428574,7.0,119.0,14.233333333333333,104.0,47.0,19.57,-0.9854237542919524,-0.17011767832049052
0.0,0.0,1.0,0.0,4118.45,1901.2085714285713,2.0,126.0,13.8,17.0,46.0,19.24,-0.9882042449941422,-0.15314166701312007
0.0,0.0,1.0,0.0,217.46,1743.432857142857,0.0,86.0,13.4,89.0,45.0,18.11,-0.9963950238187231,-0.08483487790576538
0.0,0.0,1.0,0.0,1088.1,1352.7814285714285,0.0,86.0,13.4,101.0,42.0,19.45,-0.9977068927101168,-0.06768276175455162
0.0,0.0,1.0,0.0,1266.78,1427.232857142857,0.0,62.0,13.2,93.0,44.0,19.3,-0.9987235240803972,-0.050510617185222886
0.0,0.0,1.0,0.0,4951.7,1987.5900000000001,0.0,55.0,12.833333333333334,44.0,48.0,22.41,-0.9994446170919858,-0.033323525711631344
0.0,0.0,1.0,0.0,670.48,1874.8728571428571,12.0,53.0,13.133333333333333,106.0,44.0,15.57,-0.9998699583618592,-0.016126573270657762
0.0,0.0,1.0,0.0,1072.5,1912.2099999999998,68.0,40.0,14.633333333333333,122.0,43.0,10.07,-0.9999994220246925,0.001075151282798226
0.0,0.0,1.0,0.0,780.41,1435.347142857143,47.0,102.0,15.966666666666667,83.0,45.0,20.84,-0.999832969770105,0.018276557681691223
0.0,0.0,1.0,0.0,1133.15,1566.16,80.0,127.0,18.3,91.0,44.0,9.63,-0.9993706508539969,0.03547255575312556
0.0,0.0,1.0,0.0,1917.02,1684.577142857143,93.0,207.0,21.333333333333332,93.0,42.0,8.55,-0.9986126020839734,0.052658056924614005
0.0,0.0,1.0,0.0,496.88,1574.5914285714284,0.0,300.0,21.333333333333332,102.0,45.0,23.28,-0.9945667569706337,0.1041007489354256
0.0,0.0,1.0,0.0,2396.88,1209.6171428571429,2.0,288.0,21.266666666666666,93.0,50.0,19.69,-0.9926289059345095,0.121193461470736
0.0,0.0,1.0,0.0,1290.86,1298.2428571428572,2.0,222.0,20.6,100.0,48.0,19.93,-0.9903973200352558,0.1382503109109819
0.0,0.0,1.0,0.0,1365.21,1340.0585714285714,18.0,177.0,19.466666666666665,104.0,45.0,21.61,-0.9878726596350429,0.15526624985999563
0.0,0.0,1.0,0.0,1494.26,1442.037142857143,15.0,115.0,19.133333333333333,120.0,48.0,19.49,-0.9850556718215013,0.172236243027682
0.0,0.0,1.0,0.0,1532.05,1499.0228571428574,9.0,37.0,19.3,77.0,43.0,18.09,-0.981947190186646,0.18915526872004093
0.0,0.0,1.0,0.0,891.52,1352.5228571428572,0.0,46.0,19.033333333333335,31.0,49.0,25.35,-0.9785481345802031,0.20601832032517084
0.0,0.0,1.0,0.0,1261.48,1461.7514285714285,41.0,46.0,19.266666666666666,93.0,45.0,14.56,-0.9748595108374125,0.22282040779479959
0.0,0.0,1.0,0.0,3801.87,1662.4642857142858,22.0,87.0,20.0,98.0,46.0,18.16,-0.9708824104813836,0.23955655912092708
0.0,0.0,1.0,0.0,1183.7,1647.1557142857143,32.0,107.0,20.633333333333333,82.0,46.0,13.2,-0.9666180104000972,0.2562218218071163
0.0,0.0,1.0,0.0,708.71,1553.3700000000001,28.0,137.0,19.733333333333334,108.0,47.0,16.54,-0.9620675724981452,0.27281126433401914
0.0,0.0,1.0,0.0,1570.76,1564.2985714285714,27.0,147.0,20.533333333333335,92.0,40.0,20.35,-0.957232443323312,0.28931997761869527
0.0,0.0,1.0,0.0,1934.0,1621.7199999999998,47.0,159.0,21.733333333333334,85.0,43.0,19.52,-0.9521140536681102,0.3057430764672831
0.0,0.0,1.0,0.0,1070.06,1647.2257142857143,2.0,239.0,21.8,87.0,50.0,18.43,-0.9410336347451197,0.3383130181923076
0.0,0.0,1.0,0.0,1466.09,1676.455714285714,31.0,200.0,21.7,93.0,45.0,16.86,-0.9350748843515574,0.3544502230989869
0.0,0.0,1.0,0.0,1394.88,1332.6000000000001,3.0,218.0,20.666666666666668,84.0,48.0,24.86,-0.9223291176290545,0.3864052261209853
0.0,0.0,1.0,0.0,5119.72,1894.8885714285716,107.0,193.0,23.966666666666665,104.0,45.0,7.26,-0.9155458729775467,0.40221356823680365
0.0,0.0,1.0,0.0,3419.08,2282.0842857142857,4.0,273.0,24.1,94.0,50.0,23.62,-0.9084917035725082,0.41790288888678667
0.0,0.0,1.0,0.0,1554.0,2279.69,1.0,230.0,23.333333333333332,22.0,50.0,24.82,-0.9011686968561569,0.4334685453485363
0.0,0.0,1.0,0.0,376.74,2057.224285714286,0.0,189.0,23.1,81.0,45.0,24.69,-0.8935790198239952,0.4489059314938798
0.0,0.0,1.0,0.0,1310.0,2091.5014285714287,21.0,187.0,23.733333333333334,105.0,48.0,14.81,-0.8857249183835637,0.4642104791518923
0.0,0.0,1.0,0.0,1741.08,2130.785714285714,9.0,177.0,24.033333333333335,97.0,44.0,17.63,-0.8776087166898392,0.4793776594606945
0.0,0.0,1.0,0.0,1094.4,2087.86,40.0,107.0,25.366666666666667,83.0,47.0,17.98,-0.8517119107469189,0.5240103253675756
0.0,0.0,1.0,0.0,992.18,1498.2114285714285,29.0,143.0,26.333333333333332,37.0,43.0,23.57,-0.8425720899866032,0.5385835804920232
0.0,0.0,1.0,0.0,558.08,1089.4971428571428,23.0,171.0,27.1,88.0,47.0,14.58,-0.8331829385891785,0.5529974600700271
0.0,0.0,1.0,0.0,4351.2,1489.097142857143,106.0,194.0,30.233333333333334,97.0,46.0,10.71,-0.8235472349556007,0.5672476988027229
0.0,0.0,1.0,0.0,2550.74,1799.6685714285716,2.0,279.0,28.033333333333335,75.0,49.0,18.23,-0.8136678304455991,0.5813300798152042
0.0,0.0,1.0,0.0,950.07,1748.25,41.0,201.0,27.833333333333332,87.0,38.0,14.91,-0.7931896839451843,0.6089746507720486
0.0,0.0,1.0,0.0,804.14,1614.4014285714288,1.0,242.0,25.2,84.0,51.0,24.39,-0.7825970017677834,0.6225286602431057
0.0,0.0,1.0,0.0,1465.04,1667.3500000000001,24.0,174.0,22.9,93.0,45.0,19.62,-0.7607200913564104,0.6490800741100398
0.0,0.0,1.0,0.0,1204.5,1697.6814285714286,34.0,175.0,24.033333333333335,89.0,42.0,13.31,-0.7494423368521954,0.6620696215153815
0.0,0.0,1.0,0.0,740.62,1723.7585714285717,93.0,103.0,27.066666666666666,80.0,47.0,11.14,-0.7379428103031386,0.6748632518680403
0.0,0.0,1.0,0.0,2190.51,1415.0885714285712,2.0,259.0,27.066666666666666,83.0,47.0,23.11,-0.7142921172691032,0.699847677146407
0.0,0.0,1.0,0.0,1980.65,1333.6471428571429,13.0,224.0,26.9,104.0,49.0,20.87,-0.6772399381909491,0.7357622347736527
0.0,0.0,1.0,0.0,1508.15,1413.3728571428571,23.0,180.0,27.166666666666668,95.0,44.0,15.96,-0.6515303615068021,0.75862255966641
0.0,0.0,1.0,0.0,962.66,1436.0185714285715,41.0,110.0,28.233333333333334,76.0,39.0,16.22,-0.6383844591746642,0.7697176640069211
0.0,0.0,1.0,0.0,4488.46,1867.935714285714,90.0,85.0,31.233333333333334,84.0,48.0,9.14,-0.6250496486104377,0.7805849965070866
0.0,0.0,1.0,0.0,514.56,1769.3728571428571,0.0,173.0,29.866666666666667,81.0,44.0,21.58,-0.6115298757991053,0.7912213413483807
0.0,0.0,1.0,0.0,1136.2,1825.8842857142856,20.0,170.0,29.8,48.0,45.0,19.25,-0.5978291414589552,0.801623551065242
0.0,0.0,1.0,0.0,609.84,1600.0742857142857,48.0,188.0,30.333333333333332,96.0,39.0,13.71,-0.5839514998576998,0.8117885474764613
0.0,0.0,1.0,0.0,796.18,1430.8642857142856,6.0,225.0,29.6,73.0,45.0,18.01,-0.5556819724760489,0.8313949395234058
0.0,0.0,1.0,0.0,1664.9,1453.2571428571428,39.0,198.0,30.0,107.0,42.0,18.49,-0.5267547528105542,0.8500173118187018
0.0,0.0,1.0,0.0,1256.03,1495.1671428571428,42.0,147.0,29.833333333333332,99.0,45.0,14.44,-0.5120551783114646,0.8589525565270845
0.0,0.0,1.0,0.0,3188.65,1309.48,10.0,189.0,30.1,28.0,41.0,20.32,-0.4972040784469378,0.8676336233547726
0.0,0.0,1.0,0.0,361.31,1287.587142857143,52.0,179.0,30.8,114.0,50.0,11.36,-0.4822058478963526,0.8760579434344281
0.0,0.0,1.0,0.0,1281.08,1308.2842857142857,28.0,191.0,31.633333333333333,69.0,43.0,10.48,-0.451785789832884,0.8921264484954345
0.0,0.0,1.0,0.0,469.95,1288.3,13.0,187.0,28.5,84.0,47.0,20.24,-0.42083100859565564,0.9071390534005044
0.0,0.0,1.0,0.0,1139.0,1337.2742857142857,43.0,161.0,29.8,117.0,50.0,13.99,-0.4051645224207563,0.9142437912130223
0.0,0.0,1.0,0.0,3988.53,1669.2214285714285,21.0,162.0,30.466666666666665,17.0,47.0,11.76,-0.3893781415452015,0.9210779895789526
0.0,0.0,1.0,0.0,133.0,1508.7885714285715,51.0,173.0,32.166666666666664,98.0,46.0,14.68,-0.37347653741307074,0.9276396261490467
0.0,0.0,1.0,0.0,942.55,1187.9171428571428,71.0,172.0,33.833333333333336,90.0,42.0,7.41,-0.3574644155648614,0.9339267592294762
0.0,0.0,1.0,0.0,423.55,1196.8085714285714,1.0,211.0,33.56666666666667,64.0,47.0,20.03,-0.3251276029999093,0.9456701548465688
0.0,0.0,1.0,0.0,2545.17,1377.392857142857,11.0,207.0,32.6,95.0,41.0,21.81,-0.30881248126625377,0.9511229423235357
0.0,0.0,1.0,0.0,1305.36,1496.7371428571428,22.0,205.0,32.36666666666667,79.0,41.0,14.3,-0.29240597695107734,0.9562942772197719
0.0,0.0,1.0,0.0,2459.2,1685.337142857143,0.0,153.0,31.6,98.0,46.0,16.6,-0.2426868445825954,0.9701046827361175
0.0,0.0,1.0,0.0,1820.23,1375.58,42.0,82.0,29.466666666666665,95.0,44.0,12.61,-0.22596360824801906,0.974135744004672
0.0,0.0,1.0,0.0,778.7,1467.8228571428572,13.0,117.0,29.833333333333332,83.0,46.0,17.51,-0.20917350564635637,0.9778785428342386
0.0,0.0,1.0,0.0,966.25,1471.2085714285715,27.0,129.0,29.366666666666667,84.0,41.0,16.42,-0.19232150523909483,0.9813319716704275
0.0,0.0,1.0,0.0,848.09,1531.857142857143,35.0,145.0,30.5,94.0,44.0,15.48,-0.17541259380427843,0.9844950085880858
0.0,0.0,1.0,0.0,931.2,1301.2899999999997,0.0,188.0,29.7,77.0,46.0,16.68,-0.14144406768794202,0.9899462489023779
0.0,0.0,1.0,0.0,3479.7,1611.9099999999999,7.0,151.0,28.8,100.0,43.0,19.18,-0.12439450483979998,0.9922328391893008
0.0,0.0,1.0,0.0,1237.11,1437.3257142857142,10.0,158.0,26.033333333333335,85.0,43.0,15.66,-0.10730813165636247,0.9942258118156161
0.0,0.0,1.0,0.0,871.81,1301.8371428571427,0.0,126.0,25.966666666666665,87.0,52.0,14.95,-0.09019000427034513,0.9959245770286599
0.0,0.0,1.0,0.0,930.22,1323.4828571428573,46.0,113.0,27.066666666666666,80.0,44.0,13.9,-0.07304518821104743,0.9973286321364752
0.0,0.0,1.0,0.0,722.8,1288.7042857142858,16.0,121.0,26.833333333333332,36.0,46.0,16.11,-0.03869579017652689,0.9992510374388481
0.0,0.0,1.0,0.0,382.8,1222.2342857142855,4.0,103.0,25.6,88.0,46.0,16.98,-0.021501372740813793,0.999768818762748
0.0,0.0,1.0,0.0,1008.45,1233.27,0.0,107.0,22.6,111.0,48.0,18.56,-0.004300592702981974,0.9999907524084426
0.0,0.0,1.0,0.0,5086.7,1462.8414285714284,11.0,90.0,22.966666666666665,86.0,50.0,10.86,0.03439806061360801,0.9994082116062598
0.0,0.0,1.0,0.0,2347.4700000000003,1621.4642857142858,0.0,101.0,22.3,89.0,49.0,9.84,0.051584366869408364,0.9986686402879997
0.0,0.0,1.0,0.0,613.2,1584.52,0.0,55.0,20.7,89.0,46.0,8.17,0.06875540848113941,0.9976335468520451
0.0,0.0,1.0,0.0,818.36,1568.5400000000002,0.0,31.0,20.5,37.0,49.0,9.05,0.08590610426133272,0.9963032375991965
0.0,0.0,1.0,0.0,231.15,1498.3042857142857,0.0,15.0,19.2,85.0,47.0,6.79,0.10303137904317879,0.9946781061893646
0.0,0.0,1.0,0.0,389.48,1499.2585714285713,4.0,11.0,17.933333333333334,102.0,45.0,7.36,0.1201261651823505,0.9927586335250793
0.0,0.0,1.0,0.0,495.66,1426.002857142857,0.0,15.0,17.6,84.0,48.0,7.49,0.1542040475626894,0.988039023376751
0.0,0.0,1.0,0.0,424.58,759.9857142857144,0.0,4.0,15.866666666666667,99.0,47.0,7.03,0.17117705961019986,0.985240282501282
0.0,0.0,1.0,0.0,476.76,492.74142857142857,6.0,4.0,15.133333333333333,91.0,50.0,6.91,0.18809941761179758,0.9821499931752291
0.0,0.0,1.0,0.0,430.87,466.6942857142857,0.0,10.0,14.7,32.0,49.0,9.81,0.20496611396949532,0.9787690698649216
0.0,0.0,1.0,0.0,213.52,380.2885714285714,33.0,10.0,14.366666666666667,76.0,46.0,6.68,0.22177215755648186,0.975098513039961
0.0,0.0,1.0,0.0,337.82,395.52714285714285,0.0,43.0,13.666666666666666,80.0,45.0,9.82,0.23851257519407648,0.9711394088771653
0.0,0.0,1.0,0.0,514.83,413.4342857142857,5.0,39.0,12.133333333333333,115.0,47.0,9.5,0.2551824131233728,0.9668929289391521
0.0,0.0,1.0,0.0,742.56,448.7057142857143,12.0,52.0,10.166666666666666,90.0,37.0,9.72,0.3047192331091634,0.9524422234305676
0.0,0.0,1.0,0.0,1416.62,590.4257142857142,0.0,58.0,10.133333333333333,30.0,50.0,8.47,0.321057654185271,0.9470596510722283
0.0,0.0,1.0,0.0,176.53,547.5357142857143,73.0,58.0,12.2,94.0,43.0,3.44,0.3373010691361842,0.9413968285264122
0.0,0.0,1.0,0.0,209.95,515.9757142857143,15.0,98.0,11.966666666666667,92.0,45.0,9.1,0.3534446712740877,0.9354554315134164
0.0,0.0,1.0,0.0,2286.05,812.0514285714287,0.0,113.0,11.966666666666667,92.0,47.0,10.05,0.3694836834473831,0.9292372181882051
0.0,0.0,1.0,0.0,619.75,852.327142857143,4.0,108.0,10.7,94.0,54.0,10.57,0.38541335945432564,0.9227440286201427
0.0,0.0,1.0,0.0,715.68,881.0199999999999,0.0,104.0,10.266666666666667,79.0,53.0,8.65,0.4012289854475009,0.9159777842484877
0.0,0.0,1.0,0.0,484.93,844.2157142857143,0.0,104.0,9.366666666666667,93.0,54.0,8.9,0.4169258813287287,0.908940487313808
0.0,0.0,1.0,0.0,2104.02,942.4157142857142,0.0,92.0,8.2,39.0,43.0,8.49,0.4324994021339788,0.901634220265486
0.0,0.0,1.0,0.0,4079.5,1499.9828571428573,0.0,92.0,8.2,100.0,48.0,8.43,0.44794493940789115,0.8940611451454876
0.0,0.0,1.0,0.0,577.46,1552.4842857142855,0.0,13.0,7.966666666666667,86.0,51.0,6.53,0.5083564379375122,0.8611467540480452
0.0,0.0,1.0,0.0,396.21,1282.507142857143,0.0,13.0,7.633333333333334,100.0,49.0,6.94,0.5230943033491326,0.8522748088519838
0.0,0.0,1.0,0.0,1070.27,1346.8671428571429,0.0,13.0,7.633333333333334,33.0,48.0,6.85,0.5376773767406141,0.8431506618282
0.0,0.0,1.0,0.0,154.81,1266.7428571428572,0.0,24.0,6.1,94.0,47.0,8.81,0.5943761565849831,0.804187157621448
0.0,0.0,1.0,0.0,1247.04,1375.6157142857141,0.0,11.0,5.566666666666666,104.0,49.0,6.49,0.6216868902665479,0.7832658619336791
0.0,0.0,1.0,0.0,472.5,1142.5414285714285,2.0,11.0,5.5,44.0,51.0,6.55,0.6350683134867438,0.7724559775191742
0.0,0.0,1.0,0.0,198.72,588.1442857142857,0.0,13.0,5.5,72.0,43.0,6.76,0.6740694616546161,0.7386679638813748
0.0,0.0,1.0,0.0,316.55,550.8714285714285,0.0,2.0,5.133333333333334,93.0,50.0,7.42,0.6866759803451553,0.726963615332308
0.0,0.0,1.0,0.0,472.65,561.7914285714286,0.0,2.0,5.133333333333334,97.0,42.0,5.55,0.6990793005655562,0.7150441465537444
0.0,0.0,1.0,0.0,341.63,457.69999999999993,7.0,2.0,5.366666666666666,77.0,45.0,5.86,0.7112757519738152,0.7029130847082615
0.0,0.0,1.0,0.0,297.66,478.10714285714283,0.0,9.0,5.366666666666666,31.0,48.0,6.84,0.7232617254437388,0.6905740195722293
0.0,0.0,1.0,0.0,147.34,321.00714285714287,3.0,7.0,5.466666666666667,100.0,43.0,6.42,0.7350336741329413,0.6780306024735382
0.0,0.0,1.0,0.0,420.51,313.58,0.0,38.0,5.333333333333333,90.0,41.0,8.04,0.7579216274973472,0.6523456189565257
0.0,0.0,1.0,0.0,463.36,351.38571428571424,0.0,38.0,5.333333333333333,90.0,42.0,7.14,0.7690308592589181,0.6392116531380588
0.0,0.0,1.0,0.0,827.52,424.3814285714285,3.0,53.0,5.433333333333334,99.0,46.0,8.95,0.7905633969115482,0.612380204990065
0.0,0.0,1.0,0.0,598.05,442.2957142857143,0.0,49.0,5.233333333333333,27.0,44.0,7.37,0.8009803309782905,0.5986906625177214
0.0,0.0,1.0,0.0,133.33,412.5385714285714,0.0,49.0,5.233333333333333,109.0,51.0,7.52,0.8111602420785621,0.5848239578463322
0.0,0.0,1.0,0.0,569.9,451.43,0.0,46.0,4.133333333333334,94.0,45.0,9.67,0.8211001178128892,0.5707841943569036
0.0,0.0,1.0,0.0,613.58,518.0357142857143,0.0,27.0,4.133333333333334,96.0,45.0,7.94,0.8402480696078469,0.5422021592729844
0.0,0.0,1.0,0.0,1195.11,628.6928571428571,0.0,27.0,3.966666666666667,87.0,45.0,9.38,0.8494504794814806,0.527668345562516
0.0,0.0,1.0,0.0,534.48,638.8528571428571,0.0,12.0,3.566666666666667,97.0,46.0,6.02,0.8584015232918917,0.512978386299228
0.0,0.0,1.0,0.0,942.44,655.2700000000001,4.0,60.0,3.7,81.0,51.0,11.65,0.8755389928586302,0.4831474640149687
0.0,0.0,1.0,0.0,670.24,665.5828571428572,0.0,64.0,1.2666666666666666,113.0,38.0,10.99,0.8837203473619977,0.4680153284438345
0.0,0.0,1.0,0.0,2251.04,968.1128571428571,4.0,64.0,0.9,94.0,49.0,10.97,0.8916401947968874,0.45274469960737107
0.0,0.0,1.0,0.0,706.24,987.59,10.0,59.0,1.2333333333333334,88.0,44.0,10.02,0.8992961915530253,0.4373400963303323
0.0,0.0,1.0,0.0,564.48,980.5757142857143,26.0,69.0,1.9666666666666666,80.0,46.0,9.04,0.9066860720977985,0.4218060770826634
0.0,0.0,1.0,0.0,1021.41,955.7614285714286,3.0,95.0,2.066666666666667,91.0,42.0,10.31,0.9138076496466615,0.4061472386305789
0.0,0.0,1.0,0.0,609.7,966.5071428571429,52.0,98.0,3.8,26.0,44.0,9.54,0.9206588168102428,0.3903682146763026
0.0,0.0,1.0,0.0,163.68,855.2557142857142,16.0,95.0,4.333333333333333,83.0,40.0,10.75,0.9395699859530622,0.342356891994542
0.0,0.0,1.0,0.0,553.04,838.5128571428571,0.0,97.0,4.333333333333333,76.0,50.0,9.89,0.9507903724625832,0.3098349038318025
0.0,0.0,1.0,0.0,522.64,591.5985714285714,0.0,71.0,4.333333333333333,84.0,50.0,9.38,0.9559793438440766,0.2934339689665273
0.0,0.0,1.0,0.0,551.6,569.5071428571429,0.0,68.0,4.333333333333333,30.0,47.0,12.9,0.9608854255574977,0.27694620226893646
0.0,0.0,1.0,0.0,263.16,526.4614285714285,0.0,16.0,4.333333333333333,87.0,44.0,10.03,0.9655071658143364,0.2603764827344581
0.0,0.0,1.0,0.0,576.18,462.85714285714283,0.0,16.0,4.333333333333333,90.0,54.0,10.86,0.9738922359149924,0.22701082094141847
0.0,0.0,1.0,0.0,708.32,476.94571428571425,10.0,0.0,4.666666666666667,86.0,47.0,9.76,0.9776530844816641,0.2102247521189836
0.0,0.0,1.0,0.0,557.94,533.2685714285714,0.0,0.0,4.6,0.0,0.0,0.0,0.984305844499033,0.17647097349152166
0.0,0.0,1.0,0.0,0.0,454.2628571428572,0.0,0.0,4.6,0.0,0.0,0.0,0.9871957872910085,0.15951325197263655
0.0,0.0,1.0,0.0,0.0,379.59999999999997,0.0,0.0,4.6,0.0,0.0,0.0,0.9897936029670716,0.14250832791617088
0.0,0.0,1.0,0.0,0.0,300.8,0.0,0.0,4.6,0.0,0.0,0.0,0.992098522791769,0.12546123335273648
0.0,0.0,1.0,0.0,0.0,263.2057142857143,0.0,0.0,4.366666666666666,0.0,0.0,0.0,0.9941098647022418,0.10837701279187609
0.0,0.0,1.0,0.0,0.0,180.89428571428576,0.0,0.0,4.366666666666666,0.0,0.0,0.0,0.9958270335100595,0.09126072172931188
0.0,0.0,1.0,0.0,0.0,79.7057142857143,0.0,0.0,4.266666666666667,0.0,0.0,0.0,0.9972495210773451,0.07411742515094437
0.0,0.0,1.0,0.0,0.0,0.0,0.0,0.0,4.266666666666667,0.0,0.0,0.0,0.998376906467142,0.056952196034039754
0.0,0.0,1.0,0.0,0.0,0.0,0.0,0.0,4.266666666666667,0.0,0.0,0.0,0.9992088560679753,0.03977011384605572
0.0,0.0,1.0,0.0,0.0,0.0,0.0,0.0,4.166666666666667,0.0,0.0,0.0,0.9999855506507186,0.005375731557583884
0.0,0.0,1.0,0.0,0.0,0.0,0.0,0.0,4.166666666666667,0.0,0.0,0.0,0.9999300657962057,-0.011826390691832589
0.0,0.0,1.0,0.0,0.0,0.0,0.0,0.0,4.166666666666667,0.0,0.0,0.0,0.9989315138848577,-0.046215046983708354
0.0,0.0,1.0,0.0,0.0,0.0,0.0,0.0,4.166666666666667,0.0,0.0,0.0,0.9979887423155984,-0.06339140486951038
0.0,0.0,1.0,0.0,0.0,0.0,0.0,0.0,4.166666666666667,0.0,0.0,0.0,0.9952176027737294,-0.09768276782171598
0.0,0.0,1.0,0.0,0.0,0.0,0.0,0.0,4.166666666666667,0.0,0.0,0.0,0.9912685467787256,-0.13185851571739118
0.0,0.0,1.0,0.0,0.0,0.0,0.0,0.0,4.166666666666667,0.0,0.0,0.0,0.9888537064205885,-0.1488903868564548
0.0,0.0,1.0,0.0,0.0,0.0,0.0,0.0,4.033333333333333,0.0,0.0,0.0,0.986146248341595,-0.16587819893463143
0.0,0.0,1.0,0.0,0.0,0.0,0.0,0.0,4.033333333333333,0.0,0.0,0.0,0.9831469737221499,-0.1828169249850199
0.0,0.0,1.0,0.0,0.0,0.0,0.0,0.0,3.9,0.0,0.0,0.0,0.9798567700958665,-0.1997015525660636
0.0,0.0,1.0,0.0,0.0,0.0,0.0,0.0,3.566666666666667,0.0,0.0,0.0,0.9724075561219968,-0.23328854407545518
0.0,0.0,1.0,0.0,0.0,0.0,0.0,0.0,2.7,0.0,0.0,0.0,0.9682507501166718,-0.2499809690726521
0.0,0.0,1.0,0.0,0.0,0.0,0.0,0.0,2.6,0.0,0.0,0.0,0.9638074231367307,-0.26659942067929354
0.0,0.0,1.0,0.0,0.0,0.0,0.0,0.0,0.8666666666666667,0.0,0.0,0.0,0.9590788900341131,-0.28313898122818354
0.0,0.0,1.0,0.0,0.0,0.0,0.0,0.0,0.3333333333333333,0.0,0.0,0.0,0.9540665500578387,-0.2995947563972602
0.0,0.0,1.0,0.0,0.0,0.0,0.0,0.0,0.3333333333333333,0.0,0.0,0.0,0.9487718864399473,-0.31596187665790293
0.0,0.0,1.0,0.0,0.0,0.0,0.0,0.0,0.3333333333333333,0.0,0.0,0.0,0.9431964659565866,-0.33223549871590435
0.0,0.0,1.0,0.0,0.0,0.0,0.0,0.0,0.3333333333333333,0.0,0.0,0.0,0.9373419384643772,-0.3484108069446808
0.0,0.0,1.0,0.0,0.0,0.0,0.0,0.0,0.3333333333333333,0.0,0.0,0.0,0.9312100364121947,-0.3644830148102912
0.0,0.0,1.0,0.0,0.0,0.0,0.0,0.0,0.3333333333333333,0.0,0.0,0.0,0.9248025743285089,-0.38044736628785164
0.0,0.0,1.0,0.0,0.0,0.0,0.0,0.0,0.0,0.0,0.0,0.0,0.9181214482844364,-0.39629913726891813
0.0,0.0,1.0,0.0,0.0,0.0,0.0,0.0,0.0,0.0,0.0,0.0,0.8964562582905575,-0.44313223418263453
0.0,0.0,1.0,0.0,0.0,0.0,0.0,0.0,0.0,0.0,0.0,0.0,0.8887010478292915,-0.45848712914008766
0.0,0.0,1.0,0.0,0.0,0.0,0.0,0.0,0.0,0.0,0.0,0.0,0.8806828564301475,-0.47370635037968
0.0,0.0,1.0,0.0,0.0,0.0,0.0,0.0,0.0,0.0,0.0,0.0,0.8724040568049612,-0.48878539428899265
0.0,0.0,1.0,0.0,0.0,0.0,0.0,0.0,0.0,0.0,0.0,0.0,0.8638670987837349,-0.503719798736334
0.0,0.0,1.0,0.0,0.0,0.0,0.0,0.0,0.0,0.0,0.0,0.0,0.8460288880917339,-0.533137056031809
0.0,0.0,1.0,0.0,0.0,0.0,0.0,0.0,0.0,0.0,0.0,0.0,0.8073707443023492,-0.5900444739548627
0.0,0.0,1.0,0.0,0.0,0.0,0.0,0.0,0.0,0.0,0.0,0.0,0.7865965660866021,-0.6174672802835514
0.0,0.0,1.0,0.0,0.0,0.0,0.0,0.0,0.0,0.0,0.0,0.0,0.7758587728069828,-0.6309066211876704
0.0,0.0,1.0,0.0,0.0,0.0,0.0,0.0,0.0,0.0,0.0,0.0,0.753697664392914,-0.6572212950663319
0.0,0.0,1.0,0.0,0.0,0.0,0.0,0.0,0.0,0.0,0.0,0.0,0.742280907086982,-0.6700888411055113
0.0,0.0,1.0,0.0,0.0,0.0,0.0,0.0,0.0,0.0,0.0,0.0,0.7306444969184916,-0.6827580970759147
0.0,0.0,1.0,0.0,0.0,0.0,0.0,0.0,0.0,0.0,0.0,0.0,0.7187918772884232,-0.6952253139408722
0.0,0.0,1.0,0.0,0.0,0.0,0.0,0.0,0.0,0.0,0.0,0.0,0.7067265555776158,-0.7074868024503348
0.0,0.0,1.0,0.0,0.0,0.0,0.0,0.0,0.0,0.0,0.0,0.0,0.6944521021088763,-0.719538934232584
0.0,0.0,1.0,0.0,0.0,0.0,0.0,0.0,0.0,0.0,0.0,0.0,0.6819721490904629,-0.7313781428679254
0.0,0.0,1.0,0.0,0.0,0.0,0.0,0.0,0.0,0.0,0.0,0.0,0.6564105761979381,-0.7544038410927472
0.0,0.0,1.0,0.0,0.0,0.0,0.0,0.0,0.0,0.0,0.0,0.0,0.6433365204044917,-0.765583517007675
0.0,0.0,1.0,0.0,0.0,0.0,0.0,0.0,0.0,0.0,0.0,0.0,0.6166212130956382,-0.7872599821916922
0.0,0.0,1.0,0.0,0.0,0.0,0.0,0.0,0.0,0.0,0.0,0.0,0.6029878670694714,-0.7977503570459932
0.0,0.0,1.0,0.0,0.0,0.0,0.0,0.0,0.0,0.0,0.0,0.0,0.5891760872322963,-0.8080046647350754
0.0,0.0,1.0,0.0,0.0,0.0,0.0,0.0,0.0,0.0,0.0,0.0,0.5751899607119775,-0.8180198708443174
0.0,0.0,1.0,0.0,0.0,0.0,0.0,0.0,0.0,0.0,0.0,0.0,0.5610336262283677,-0.8277930117131022
0.0,0.0,1.0,0.0,0.0,0.0,0.0,0.0,0.0,0.0,0.0,0.0,0.5175855102531889,-0.8556314858488706
0.0,0.0,1.0,0.0,0.0,0.0,0.0,0.0,0.0,0.0,0.0,0.0,0.5027907197793043,-0.8644081744776648
0.0,0.0,1.0,0.0,0.0,0.0,0.0,0.0,0.0,0.0,0.0,0.0,0.4878471454423119,-0.8729290708206411
0.0,0.0,1.0,0.0,0.0,0.0,0.0,0.0,0.0,0.0,0.0,0.0,0.47275920928627757,-0.881191653407483
0.0,0.0,1.0,0.0,0.0,0.0,0.0,0.0,0.0,0.0,0.0,0.0,0.4575313760742512,-0.8891934772070711
0.0,0.0,1.0,0.0,0.0,0.0,0.0,0.0,0.0,0.0,0.0,0.0,0.42667408318992467,-0.9044054548343001
0.0,0.0,1.0,0.0,0.0,0.0,0.0,0.0,0.0,0.0,0.0,0.0,0.36348161248290634,-0.9316013725767187
0.0,0.0,1.0,0.0,0.0,0.0,0.0,0.0,0.0,0.0,0.0,0.0,0.3474028211842774,-0.9377159910299093
0.0,0.0,1.0,0.0,0.0,0.0,0.0,0.0,0.0,0.0,0.0,0.0,0.3312212278016865,-0.9435531242349544
0.0,0.0,1.0,0.0,0.0,0.0,0.0,0.0,0.0,0.0,0.0,0.0,0.31494162072895193,-0.9491110448902284
0.0,0.0,1.0,0.0,0.0,0.0,0.0,0.0,0.0,0.0,0.0,0.0,0.2821076626819194,-0.9593827529490743
0.0,0.0,1.0,0.0,0.0,0.0,0.0,0.0,0.0,0.0,0.0,0.0,0.26556302780405594,-0.9640935007889755
0.0,0.0,1.0,0.0,0.0,0.0,0.0,0.0,0.0,0.0,0.0,0.0,0.23224292400907015,-0.9726578145718654
0.0,0.0,1.0,0.0,0.0,0.0,0.0,0.0,0.0,0.0,0.0,0.0,0.21547731504673012,-0.976508846196619
0.0,0.0,1.0,0.0,0.0,0.0,0.0,0.0,0.0,0.0,0.0,0.0,0.18175978759137534,-0.9833429613388902
0.0,0.0,1.0,0.0,0.0,0.0,0.0,0.0,0.0,0.0,0.0,0.0,0.16481784665719793,-0.9863240225317866
0.0,0.0,1.0,0.0,0.0,0.0,0.0,0.0,0.0,0.0,0.0,0.0,0.14782713347053048,-0.9890132145779883
0.0,0.0,1.0,0.0,0.0,0.0,0.0,0.0,0.0,0.0,0.0,0.0,0.13079267585675922,-0.9914097417023038
0.0,0.0,1.0,0.0,0.0,0.0,0.0,0.0,0.0,0.0,0.0,0.0,0.0966127018812031,-0.9953220513156602
0.0,0.0,1.0,0.0,0.0,0.0,0.0,0.0,0.0,0.0,0.0,0.0,0.07947729992362097,-0.9968366760893436
0.0,0.0,1.0,0.0,0.0,0.0,0.0,0.0,0.0,0.0,0.0,0.0,0.062318379354325076,-0.998056320853012
0.0,0.0,1.0,0.0,0.0,0.0,0.0,0.0,0.0,0.0,0.0,0.0,0.01075130776352193,-0.9999422030204416
0.0,0.0,1.0,0.0,0.0,0.0,11.0,9.0,0.36666666666666664,21.0,42.0,2.38,-0.023651127245231586,-0.9997202729664083
0.0,0.0,1.0,0.0,32.0,4.571428571428571,14.0,20.0,0.8333333333333334,18.0,47.0,3.0,-0.04084439154329611,-0.9991655196610109
0.0,0.0,1.0,0.0,36.45,9.778571428571428,0.0,34.0,0.8333333333333334,18.0,49.0,2.78,-0.05802556932878035,-0.9983150972033183
0.0,0.0,1.0,0.0,34.0,14.635714285714286,1.0,34.0,0.8666666666666667,5.0,47.0,10.0,-0.07518957641475855,-0.9971692572470178
0.0,0.0,1.0,0.0,33.5,19.42142857142857,18.0,35.0,1.4666666666666666,19.0,50.0,2.79,-0.09233133369539122,-0.9957283388645872
0.0,0.0,1.0,0.0,36.57,24.645714285714288,20.0,50.0,2.1333333333333333,28.0,48.0,3.5,-0.1435724234118113,-0.9896398128792412
0.0,0.0,1.0,0.0,65.66,34.02571428571429,0.0,59.0,2.1333333333333333,20.0,42.0,4.05,-0.16057454459499376,-0.9870237158387383
0.0,0.0,1.0,0.0,52.25,41.49,0.0,45.0,2.1333333333333333,20.0,43.0,3.6,-0.17752914918703497,-0.984115542601034
0.0,0.0,1.0,0.0,47.52,43.707142857142856,39.0,54.0,3.433333333333333,31.0,48.0,2.77,-0.2112757555821793,-0.9774264960104055
0.0,0.0,1.0,0.0,57.19,46.67,39.0,75.0,4.733333333333333,30.0,43.0,2.8,-0.2280577712215198,-0.9736476020539838
0.0,0.0,1.0,0.0,54.18,49.55285714285714,11.0,114.0,5.1,27.0,42.0,3.59,-0.24477230089725957,-0.9695805901076308
0.0,0.0,1.0,0.0,62.08,53.63571428571429,15.0,116.0,5.6,26.0,46.0,4.19,-0.2944616217868012,-0.9556633054034704
0.0,0.0,1.0,0.0,73.03,58.84428571428572,8.0,131.0,5.866666666666666,10.0,43.0,5.2,-0.3108569682435036,-0.9504567035349151
0.0,0.0,1.0,0.0,33.28,54.21857142857142,20.0,129.0,6.533333333333333,36.0,45.0,4.03,-0.3271603271220951,-0.9449688462364056
0.0,0.0,1.0,0.0,94.98,60.32285714285714,0.0,110.0,6.533333333333333,41.0,46.0,4.83,-0.34336687399638804,-0.939201357453208
0.0,0.0,1.0,0.0,133.65,72.62714285714286,0.0,167.0,6.533333333333333,41.0,43.0,5.34,-0.3913578365610259,-0.9202385798054075
0.0,0.0,1.0,0.0,143.44,84.94857142857144,16.0,150.0,7.066666666666666,38.0,44.0,4.89,-0.4071294853542516,-0.9133704517637858
0.0,0.0,1.0,0.0,122.76,94.74571428571429,36.0,151.0,8.266666666666667,6.0,47.0,8.33,-0.4227806579826773,-0.9062320427107697
0.0,0.0,1.0,0.0,33.25,90.62714285714287,2.0,228.0,8.333333333333334,39.0,45.0,4.74,-0.46896519100763184,-0.8832166493127127
0.0,0.0,1.0,0.0,123.03,97.77000000000001,9.0,186.0,8.633333333333333,43.0,44.0,5.3,-0.48408852163897587,-0.8750190302029955
0.0,0.0,1.0,0.0,147.06,114.02428571428572,10.0,132.0,8.966666666666667,39.0,41.0,4.77,-0.4990686026885319,-0.8665624788845385
0.0,0.0,1.0,0.0,116.25,117.06285714285715,0.0,142.0,8.966666666666667,41.0,50.0,4.51,-0.5139010013093103,-0.8578494977869301
0.0,0.0,1.0,0.0,128.58,116.33857142857143,7.0,119.0,9.2,44.0,45.0,6.05,-0.5431052396834317,-0.8396646346181327
0.0,0.0,1.0,0.0,175.56,120.92714285714287,5.0,91.0,9.366666666666667,47.0,47.0,6.0,-0.5574684374327892,-0.8301981337405212
0.0,0.0,1.0,0.0,190.35,130.58285714285714,16.0,62.0,9.9,42.0,46.0,6.26,-0.5716666713027052,-0.8204859638785327
0.0,0.0,1.0,0.0,174.9,150.81857142857143,0.0,76.0,9.9,38.0,49.0,6.0,-0.5856957398073508,-0.8105309990194823
0.0,0.0,1.0,0.0,155.04,155.39142857142858,45.0,67.0,11.4,56.0,46.0,4.2,-0.5995514915196489,-0.8003361849976323
0.0,0.0,1.0,0.0,155.1,156.54,19.0,102.0,12.033333333333333,52.0,41.0,6.17,-0.6132298262997502,-0.7899045386224707
0.0,0.0,1.0,0.0,203.84,169.05285714285716,0.0,121.0,12.033333333333333,13.0,50.0,6.31,-0.6267266965083301,-0.7792391467859886
0.0,0.0,1.0,0.0,57.4,158.88428571428568,3.0,92.0,12.133333333333333,53.0,50.0,5.91,-0.6400381082043503,-0.7683431655492202
0.0,0.0,1.0,0.0,214.41,164.43428571428572,25.0,88.0,12.6,53.0,47.0,5.13,-0.65316012232693,-0.7572198192083127
0.0,0.0,1.0,0.0,184.96,163.66428571428574,5.0,108.0,12.3,49.0,52.0,6.76,-0.666088855860977,-0.7458723993404063
0.0,0.0,1.0,0.0,235.01,172.25142857142856,0.0,97.0,12.3,48.0,50.0,6.23,-0.6788204829862355,-0.734304263829602
0.0,0.0,1.0,0.0,207.81,179.79,0.0,97.0,12.266666666666667,55.0,49.0,6.89,-0.6913512362094071,-0.722518835873311
0.0,0.0,1.0,0.0,261.51,194.99142857142857,0.0,52.0,11.666666666666666,52.0,48.0,5.5,-0.7036774074790128,-0.7105196029692745
0.0,0.0,1.0,0.0,191.62,193.24571428571426,8.0,33.0,11.266666666666667,58.0,42.0,6.19,-0.7277014757264236,-0.6858939875998223
0.0,0.0,1.0,0.0,229.76,217.8685714285714,15.0,62.0,11.766666666666667,62.0,48.0,6.29,-0.7621140503891487,-0.6474427960827475
0.0,0.0,1.0,0.0,259.35,224.28857142857143,0.0,77.0,11.766666666666667,55.0,43.0,7.44,-0.7731383255706026,-0.6342374393978054
0.0,0.0,1.0,0.0,267.9,236.13714285714286,0.0,104.0,10.466666666666667,9.0,49.0,7.11,-0.7944973291665992,-0.6072676460566135
0.0,0.0,1.0,0.0,44.48,208.9185714285714,0.0,104.0,9.166666666666666,47.0,48.0,7.11,-0.8048257371083452,-0.593511190196115
0.0,0.0,1.0,0.0,225.45,211.4385714285714,0.0,96.0,8.8,46.0,47.0,8.91,-0.8149159841660791,-0.5795791048257612
0.0,0.0,1.0,0.0,270.6,212.73714285714283,11.0,42.0,8.666666666666666,67.0,49.0,7.61,-0.8247650844733614,-0.5654755126737576
0.0,0.0,1.0,0.0,351.9,235.6342857142857,17.0,55.0,8.966666666666667,62.0,41.0,6.6,-0.8437282590292712,-0.5367705514607103
0.0,0.0,1.0,0.0,255.62,239.3285714285714,8.0,54.0,8.566666666666666,73.0,43.0,9.22,-0.8702939222685674,-0.49253272872205434
0.0,0.0,1.0,0.0,427.36,263.33,0.0,62.0,8.566666666666666,76.0,46.0,10.3,-0.8786374941610001,-0.4774894280028391
0.0,0.0,1.0,0.0,528.53,300.56285714285707,14.0,52.0,9.033333333333333,80.0,43.0,9.39,-0.8945422369764496,-0.4469834295196741
0.0,0.0,1.0,0.0,488.15,363.9442857142857,6.0,49.0,8.7,69.0,41.0,9.83,-0.9020987014301837,-0.43152975897147144
0.0,0.0,1.0,0.0,420.36,391.7885714285714,11.0,38.0,7.866666666666666,57.0,47.0,9.6,-0.9093882203647925,-0.4159483918249421
0.0,0.0,1.0,0.0,363.75,405.0957142857143,5.0,83.0,7.966666666666667,52.0,45.0,9.98,-0.9296339319682695,-0.3684843993077793
0.0,0.0,1.0,0.0,342.54,403.75857142857143,16.0,88.0,8.2,91.0,39.0,10.31,-0.9358348973349941,-0.35243871088460327
0.0,0.0,1.0,0.0,581.56,450.32142857142856,40.0,103.0,9.2,70.0,49.0,8.41,-0.9417589340994617,-0.33628873017668287
0.0,0.0,1.0,0.0,400.52,446.4871428571428,0.0,149.0,9.2,82.0,44.0,9.66,-0.9527692922168511,-0.30369503751065885
0.0,0.0,1.0,0.0,522.72,445.6571428571429,1.0,138.0,9.0,23.0,47.0,11.91,-0.9578523554276669,-0.28726097055059635
0.0,0.0,1.0,0.0,868.58,500.00428571428574,40.0,111.0,10.166666666666666,72.0,41.0,7.03,-0.9626519747161487,-0.2707418984477642
0.0,0.0,1.0,0.0,318.78,485.49285714285713,35.0,128.0,10.8,78.0,45.0,10.68,-0.9671667297977312,-0.2541427094613622
0.0,0.0,1.0,0.0,545.62,511.47428571428566,40.0,158.0,12.133333333333333,69.0,44.0,6.72,-0.97139528468375,-0.23746831555846842
0.0,0.0,1.0,0.0,299.28,505.2942857142857,0.0,163.0,10.633333333333333,80.0,51.0,9.65,-0.9823516608469237,-0.18704334906991657
0.0,0.0,1.0,0.0,544.26,499.96571428571434,0.0,237.0,10.0,87.0,41.0,9.79,-0.9906923101615609,-0.13612033862266704
0.0,0.0,1.0,0.0,964.8,580.5771428571428,2.0,162.0,10.066666666666666,88.0,45.0,12.12,-0.994788305609327,-0.10196189005174576
0.0,0.0,1.0,0.0,714.89,608.03,19.0,157.0,10.6,91.0,47.0,13.03,-0.9963950238187231,-0.08483487790576538
0.0,0.0,1.0,0.0,794.62,597.4642857142857,20.0,71.0,10.433333333333334,101.0,45.0,10.49,-0.9994446170919858,-0.033323525711631344
0.0,0.0,1.0,0.0,683.06,649.5042857142856,21.0,118.0,10.966666666666667,105.0,48.0,10.02,-0.999832969770105,0.018276557681691223
0.0,0.0,1.0,0.0,710.1,673.0014285714286,39.0,137.0,12.266666666666667,86.0,45.0,10.97,-0.9993706508539969,0.03547255575312556
0.0,0.0,1.0,0.0,1176.52,798.3214285714286,0.0,0.0,12.266666666666667,0.0,0.0,0.0,-0.9975590477788613,0.06982797572987089
0.0,0.0,1.0,0.0,0.0,720.5699999999999,0.0,0.0,12.266666666666667,0.0,0.0,0.0,-0.9962102997023297,0.0869772313136861
0.0,0.0,1.0,0.0,0.0,582.7414285714286,0.0,0.0,12.0,0.0,0.0,0.0,-0.9945667569706337,0.1041007489354256
0.0,0.0,1.0,0.0,0.0,480.61428571428576,0.0,0.0,11.5,0.0,0.0,0.0,-0.9926289059345095,0.121193461470736
0.0,0.0,1.0,0.0,0.0,367.0971428571429,0.0,0.0,11.5,0.0,0.0,0.0,-0.9903973200352558,0.1382503109109819
0.0,0.0,1.0,0.0,0.0,269.51714285714286,0.0,0.0,11.5,0.0,0.0,0.0,-0.9850556718215013,0.172236243027682
0.0,0.0,1.0,0.0,0.0,168.0742857142857,0.0,0.0,11.5,0.0,0.0,0.0,-0.9708824104813836,0.23955655912092708
0.0,0.0,1.0,0.0,0.0,0.0,0.0,0.0,11.5,0.0,0.0,0.0,-0.9666180104000972,0.2562218218071163
0.0,0.0,1.0,0.0,0.0,0.0,0.0,0.0,11.133333333333333,0.0,0.0,0.0,-0.957232443323312,0.28931997761869527
0.0,0.0,1.0,0.0,0.0,0.0,0.0,0.0,10.566666666666666,0.0,0.0,0.0,-0.9521140536681102,0.3057430764672831
0.0,0.0,1.0,0.0,0.0,0.0,0.0,0.0,10.3,0.0,0.0,0.0,-0.9467139181463862,0.3220757010206104
0.0,0.0,1.0,0.0,0.0,0.0,0.0,0.0,10.3,0.0,0.0,0.0,-0.9410336347451197,0.3383130181923076
0.0,0.0,1.0,0.0,0.0,0.0,0.0,0.0,9.833333333333334,0.0,0.0,0.0,-0.9223291176290545,0.3864052261209853
0.0,0.0,1.0,0.0,0.0,0.0,0.0,0.0,9.633333333333333,0.0,0.0,0.0,-0.9155458729775467,0.40221356823680365
0.0,0.0,1.0,0.0,0.0,0.0,0.0,0.0,9.266666666666667,0.0,0.0,0.0,-0.9011686968561569,0.4334685453485363
0.0,0.0,1.0,0.0,0.0,0.0,0.0,0.0,9.1,0.0,0.0,0.0,-0.8857249183835637,0.4642104791518923
0.0,0.0,1.0,0.0,0.0,0.0,0.0,0.0,8.566666666666666,0.0,0.0,0.0,-0.8776087166898392,0.4793776594606945
0.0,0.0,1.0,0.0,0.0,0.0,0.0,0.0,7.233333333333333,0.0,0.0,0.0,-0.8692328164574792,0.49440298420761813
0.0,0.0,1.0,0.0,0.0,0.0,0.0,0.0,7.233333333333333,0.0,0.0,0.0,-0.8517119107469189,0.5240103253675756
0.0,0.0,1.0,0.0,0.0,0.0,0.0,0.0,7.2,0.0,0.0,0.0,-0.8425720899866032,0.5385835804920232
0.0,0.0,1.0,0.0,0.0,0.0,0.0,0.0,5.866666666666666,0.0,0.0,0.0,-0.8331829385891785,0.5529974600700271
0.0,0.0,1.0,0.0,0.0,0.0,0.0,0.0,4.7,0.0,0.0,0.0,-0.8136678304455991,0.5813300798152042
0.0,0.0,1.0,0.0,0.0,0.0,0.0,0.0,3.3666666666666667,0.0,0.0,0.0,-0.8035476485339116,0.5952404359043674
0.0,0.0,1.0,0.0,0.0,0.0,0.0,0.0,3.3666666666666667,0.0,0.0,0.0,-0.7931896839451843,0.6089746507720486
0.0,0.0,1.0,0.0,0.0,0.0,0.0,0.0,3.3666666666666667,0.0,0.0,0.0,-0.7825970017677834,0.6225286602431057
0.0,0.0,1.0,0.0,0.0,0.0,0.0,0.0,3.3,0.0,0.0,0.0,-0.7494423368521954,0.6620696215153815
0.0,0.0,1.0,0.0,0.0,0.0,0.0,0.0,2.6666666666666665,0.0,0.0,0.0,-0.7379428103031386,0.6748632518680403
0.0,0.0,1.0,0.0,0.0,0.0,0.0,0.0,2.0,0.0,0.0,0.0,-0.7262249146041543,0.6874571793269664
0.0,0.0,1.0,0.0,0.0,0.0,0.0,0.0,1.3,0.0,0.0,0.0,-0.7142921172691032,0.699847677146407
0.0,0.0,1.0,0.0,0.0,0.0,0.0,0.0,0.0,0.0,0.0,0.0,-0.7021479494046978,0.7120310787787131
0.0,0.0,1.0,0.0,0.0,0.0,0.0,0.0,0.0,0.0,0.0,0.0,-0.6897960046655887,0.7240037789593305
0.0,0.0,1.0,0.0,0.0,0.0,0.0,0.0,0.0,0.0,0.0,0.0,-0.6772399381909491,0.7357622347736527
0.0,0.0,1.0,0.0,0.0,0.0,0.0,0.0,0.0,0.0,0.0,0.0,-0.6644834655228552,0.7473029667054296
0.0,0.0,1.0,0.0,0.0,0.0,0.0,0.0,0.0,0.0,0.0,0.0,-0.6515303615068021,0.75862255966641
0.0,0.0,1.0,0.0,0.0,0.0,0.0,0.0,0.0,0.0,0.0,0.0,-0.6115298757991053,0.7912213413483807
0.0,0.0,1.0,0.0,0.0,0.0,0.0,0.0,0.0,0.0,0.0,0.0,-0.5978291414589552,0.801623551065242
0.0,0.0,1.0,0.0,0.0,0.0,0.0,0.0,0.0,0.0,0.0,0.0,-0.5839514998576998,0.8117885474764613
0.0,0.0,1.0,0.0,0.0,0.0,0.0,0.0,0.0,0.0,0.0,0.0,-0.5699010576127624,0.8217133225960589
0.0,0.0,1.0,0.0,0.0,0.0,0.0,0.0,0.0,0.0,0.0,0.0,-0.5556819724760489,0.8313949395234058
0.0,0.0,1.0,0.0,0.0,0.0,0.0,0.0,0.0,0.0,0.0,0.0,-0.5267547528105542,0.8500173118187018
0.0,0.0,1.0,0.0,0.0,0.0,0.0,0.0,0.0,0.0,0.0,0.0,-0.5120551783114646,0.8589525565270845
0.0,0.0,1.0,0.0,0.0,0.0,0.0,0.0,0.0,0.0,0.0,0.0,-0.4972040784469378,0.8676336233547726
0.0,0.0,1.0,0.0,0.0,0.0,0.0,0.0,0.0,0.0,0.0,0.0,-0.451785789832884,0.8921264484954345
0.0,0.0,1.0,0.0,0.0,0.0,0.0,0.0,0.0,0.0,0.0,0.0,-0.4363729641045924,0.8997658785476209
0.0,0.0,1.0,0.0,0.0,0.0,0.0,0.0,0.0,0.0,0.0,0.0,-0.42083100859565564,0.9071390534005044
0.0,0.0,1.0,0.0,0.0,0.0,0.0,0.0,0.0,0.0,0.0,0.0,-0.4051645224207563,0.9142437912130223
0.0,0.0,1.0,0.0,0.0,0.0,0.0,0.0,0.0,0.0,0.0,0.0,-0.3893781415452015,0.9210779895789526
0.0,0.0,1.0,0.0,0.0,0.0,0.0,0.0,0.0,0.0,0.0,0.0,-0.37347653741307074,0.9276396261490467
0.0,0.0,1.0,0.0,0.0,0.0,0.0,0.0,0.0,0.0,0.0,0.0,-0.3574644155648614,0.9339267592294762
0.0,0.0,1.0,0.0,0.0,0.0,0.0,0.0,0.0,0.0,0.0,0.0,-0.34134651424503615,0.9399375283564133
0.0,0.0,1.0,0.0,0.0,0.0,0.0,0.0,0.0,0.0,0.0,0.0,-0.3251276029999093,0.9456701548465688
0.0,0.0,1.0,0.0,0.0,0.0,0.0,0.0,0.0,0.0,0.0,0.0,-0.30881248126625377,0.9511229423235357
0.0,0.0,1.0,0.0,0.0,0.0,0.0,0.0,0.0,0.0,0.0,0.0,-0.29240597695107734,0.9562942772197719
0.0,0.0,1.0,0.0,0.0,0.0,0.0,0.0,0.0,0.0,0.0,0.0,-0.27591294500296043,0.9611826292540837
0.0,0.0,1.0,0.0,0.0,0.0,0.0,0.0,0.0,0.0,0.0,0.0,-0.2426868445825954,0.9701046827361175
0.0,0.0,1.0,0.0,0.0,0.0,0.0,0.0,0.0,0.0,0.0,0.0,-0.22596360824801906,0.974135744004672
0.0,0.0,1.0,0.0,0.0,0.0,0.0,0.0,0.0,0.0,0.0,0.0,-0.19232150523909483,0.9813319716704275
0.0,0.0,1.0,0.0,0.0,0.0,0.0,0.0,0.0,0.0,0.0,0.0,-0.15845177496083632,0.9873667175937016
0.0,0.0,1.0,0.0,0.0,0.0,0.0,0.0,0.0,0.0,0.0,0.0,-0.14144406768794202,0.9899462489023779
0.0,0.0,1.0,0.0,0.0,0.0,0.0,0.0,0.0,0.0,0.0,0.0,-0.12439450483979998,0.9922328391893008
0.0,0.0,1.0,0.0,0.0,0.0,0.0,0.0,0.0,0.0,0.0,0.0,-0.10730813165636247,0.9942258118156161
0.0,0.0,1.0,0.0,0.0,0.0,0.0,0.0,0.0,0.0,0.0,0.0,-0.09019000427034513,0.9959245770286599
0.0,0.0,1.0,0.0,0.0,0.0,0.0,0.0,0.0,0.0,0.0,0.0,-0.05587875690537313,0.9984375616565666
0.0,0.0,1.0,0.0,0.0,0.0,0.0,0.0,0.0,0.0,0.0,0.0,-0.03869579017652689,0.9992510374388481
0.0,0.0,1.0,0.0,0.0,0.0,0.0,0.0,0.0,0.0,0.0,0.0,-0.021501372740813793,0.999768818762748
0.0,0.0,1.0,0.0,0.0,0.0,0.0,0.0,0.0,0.0,0.0,0.0,-0.004300592702981974,0.9999907524084426
0.0,0.0,1.0,0.0,0.0,0.0,0.0,0.0,0.0,0.0,0.0,0.0,0.012901459949419653,0.9999167727021953
0.0,0.0,1.0,0.0,0.0,0.0,0.0,0.0,0.0,0.0,0.0,0.0,0.017201575418260506,0.9998520419557735
0.0,0.0,1.0,0.0,0.0,0.0,0.0,0.0,0.0,0.0,0.0,0.0,0.1201261651823505,0.9927586335250793
0.0,0.0,1.0,0.0,0.0,0.0,0.0,0.0,0.0,0.0,0.0,0.0,0.13718540405660057,0.9905453876091833
0.0,0.0,1.0,0.0,0.0,0.0,0.0,0.0,0.0,0.0,0.0,0.0,0.1542040475626894,0.988039023376751
0.0,0.0,1.0,0.0,0.0,0.0,0.0,0.0,0.0,0.0,0.0,0.0,0.17117705961019986,0.985240282501282
0.0,0.0,1.0,0.0,0.0,0.0,0.0,0.0,0.0,0.0,0.0,0.0,0.20496611396949532,0.9787690698649216
0.0,0.0,1.0,0.0,0.0,0.0,0.0,0.0,0.0,0.0,0.0,0.0,0.23851257519407648,0.9711394088771653
0.0,0.0,1.0,0.0,0.0,0.0,0.0,0.0,0.0,0.0,0.0,0.0,0.2551824131233728,0.9668929289391521
0.0,0.0,1.0,0.0,0.0,0.0,0.0,0.0,0.0,0.0,0.0,0.0,0.2717767384711357,0.9623603298276545
0.0,0.0,1.0,0.0,0.0,0.0,0.0,0.0,0.0,0.0,0.0,0.0,0.2882906407095177,0.9575429528116719
0.0,0.0,1.0,0.0,0.0,0.0,0.0,0.0,0.0,0.0,0.0,0.0,0.321057654185271,0.9470596510722283
0.0,0.0,1.0,0.0,0.0,0.0,0.0,0.0,0.0,0.0,0.0,0.0,0.3694836834473831,0.9292372181882051
0.0,0.0,1.0,0.0,0.0,0.0,0.0,0.0,0.0,0.0,0.0,0.0,0.38541335945432564,0.9227440286201427
0.0,0.0,1.0,0.0,0.0,0.0,0.0,0.0,0.0,0.0,0.0,0.0,0.4012289854475009,0.9159777842484877
0.0,0.0,1.0,0.0,0.0,0.0,0.0,0.0,0.0,0.0,0.0,0.0,0.4324994021339788,0.901634220265486
0.0,0.0,1.0,0.0,0.0,0.0,0.0,0.0,0.0,0.0,0.0,0.0,0.4632579225674917,0.88622350294858
0.0,0.0,1.0,0.0,0.0,0.0,0.0,0.0,0.0,0.0,0.0,0.0,0.4784338202547012,0.8781236129591848
0.0,0.0,1.0,0.0,0.0,0.0,0.0,0.0,0.0,0.0,0.0,0.0,0.49346814167723735,0.8697638720650646
0.0,0.0,1.0,0.0,0.0,0.0,0.0,0.0,0.0,0.0,0.0,0.0,0.5230943033491326,0.8522748088519838
0.0,0.0,1.0,0.0,0.0,0.0,0.0,0.0,0.0,0.0,0.0,0.0,0.5376773767406141,0.8431506618282
0.0,0.0,1.0,0.0,0.0,0.0,0.0,0.0,0.0,0.0,0.0,0.0,0.5521013427459208,0.8337770129585915
0.0,0.0,1.0,0.0,0.0,0.0,0.0,0.0,0.0,0.0,0.0,0.0,0.5663619330814524,0.8241566360566663
0.0,0.0,1.0,0.0,0.0,0.0,0.0,0.0,0.0,0.0,0.0,0.0,0.6216868902665479,0.7832658619336791
0.0,0.0,1.0,0.0,0.0,0.0,0.0,0.0,0.0,0.0,0.0,0.0,0.6350683134867438,0.7724559775191742
0.0,0.0,1.0,0.0,0.0,0.0,0.0,0.0,0.0,0.0,0.0,0.0,0.6482618097757122,0.7614175109532997
0.0,0.0,1.0,0.0,0.0,0.0,0.0,0.0,0.0,0.0,0.0,0.0,0.6612634749656386,0.7501537286959042
0.0,0.0,1.0,0.0,0.0,0.0,0.0,0.0,0.0,0.0,0.0,0.0,0.6740694616546161,0.7386679638813748
0.0,0.0,1.0,0.0,0.0,0.0,0.0,0.0,0.0,0.0,0.0,0.0,0.6866759803451553,0.726963615332308
0.0,0.0,1.0,0.0,0.0,0.0,0.0,0.0,0.0,0.0,0.0,0.0,0.6990793005655562,0.7150441465537444
0.0,0.0,1.0,0.0,0.0,0.0,0.0,0.0,0.0,0.0,0.0,0.0,0.7232617254437388,0.6905740195722293
0.0,0.0,1.0,0.0,0.0,0.0,0.0,0.0,0.0,0.0,0.0,0.0,0.7350336741329413,0.6780306024735382
0.0,0.0,1.0,0.0,0.0,0.0,0.0,0.0,0.0,0.0,0.0,0.0,0.7579216274973472,0.6523456189565257
0.0,0.0,1.0,0.0,0.0,0.0,0.0,0.0,0.0,0.0,0.0,0.0,0.7690308592589181,0.6392116531380588
0.0,0.0,1.0,0.0,0.0,0.0,0.0,0.0,0.0,0.0,0.0,0.0,0.7799125224167177,0.6258885343075018
0.0,0.0,1.0,0.0,0.0,0.0,0.0,0.0,0.0,0.0,0.0,0.0,0.8009803309782905,0.5986906625177214
0.0,0.0,1.0,0.0,0.0,0.0,0.0,0.0,0.0,0.0,0.0,0.0,0.8111602420785621,0.5848239578463322
0.0,0.0,1.0,0.0,0.0,0.0,0.0,0.0,0.0,0.0,0.0,0.0,0.8307970168121247,0.5565755266413303
0.0,0.0,1.0,0.0,0.0,0.0,0.0,0.0,0.0,0.0,0.0,0.0,0.8402480696078469,0.5422021592729844
0.0,0.0,1.0,0.0,0.0,0.0,0.0,0.0,0.0,0.0,0.0,0.0,0.8494504794814806,0.527668345562516
0.0,0.0,1.0,0.0,0.0,0.0,0.0,0.0,0.0,0.0,0.0,0.0,0.8584015232918917,0.512978386299228
0.0,0.0,1.0,0.0,0.0,0.0,0.0,0.0,0.0,0.0,0.0,0.0,0.8755389928586302,0.4831474640149687
0.0,0.0,1.0,0.0,0.0,0.0,0.0,0.0,0.0,0.0,0.0,0.0,0.8837203473619977,0.4680153284438345
0.0,0.0,1.0,0.0,0.0,0.0,0.0,0.0,0.0,0.0,0.0,0.0,0.8916401947968874,0.45274469960737107
0.0,0.0,1.0,0.0,0.0,0.0,0.0,0.0,0.0,0.0,0.0,0.0,0.8992961915530253,0.4373400963303323
0.0,0.0,1.0,0.0,0.0,0.0,0.0,0.0,0.0,0.0,0.0,0.0,0.9066860720977985,0.4218060770826634
0.0,0.0,1.0,0.0,0.0,0.0,0.0,0.0,0.0,0.0,0.0,0.0,0.9272375462179537,0.374473674486883
0.0,0.0,1.0,0.0,0.0,0.0,0.0,0.0,0.0,0.0,0.0,0.0,0.9335418911179212,0.35846832151248087
0.0,0.0,1.0,0.0,0.0,0.0,0.0,0.0,0.0,0.0,0.0,0.0,0.9395699859530622,0.342356891994542
0.0,0.0,1.0,0.0,0.0,0.0,0.0,0.0,0.0,0.0,0.0,0.0,0.9608854255574977,0.27694620226893646
0.0,0.0,1.0,0.0,0.0,0.0,0.0,0.0,0.0,0.0,0.0,0.0,0.9655071658143364,0.2603764827344581
0.0,0.0,1.0,0.0,0.0,0.0,0.0,0.0,0.0,0.0,0.0,0.0,0.969843196967294,0.24372971360968387
0.0,0.0,1.0,0.0,0.0,0.0,0.0,0.0,0.0,0.0,0.0,0.0,0.9738922359149924,0.22701082094141847
0.0,0.0,1.0,0.0,0.0,0.0,0.0,0.0,0.0,0.0,0.0,0.0,0.9776530844816641,0.2102247521189836
0.0,0.0,1.0,0.0,0.0,0.0,0.0,0.0,0.0,0.0,0.0,0.0,0.981124629771712,0.19337647441020586
0.0,0.0,1.0,0.0,0.0,0.0,0.0,0.0,0.0,0.0,0.0,0.0,0.9871957872910085,0.15951325197263655
0.0,0.0,1.0,0.0,0.0,0.0,0.0,0.0,0.0,0.0,0.0,0.0,0.9897936029670716,0.14250832791617088
0.0,0.0,1.0,0.0,0.0,0.0,0.0,0.0,0.0,0.0,0.0,0.0,0.9941098647022418,0.10837701279187609
0.0,0.0,1.0,0.0,0.0,0.0,0.0,0.0,0.0,0.0,0.0,0.0,0.9958270335100595,0.09126072172931188
0.0,0.0,1.0,0.0,0.0,0.0,0.0,0.0,0.0,0.0,0.0,0.0,0.9972495210773451,0.07411742515094437
0.0,0.0,1.0,0.0,0.0,0.0,0.0,0.0,0.0,0.0,0.0,0.0,0.998376906467142,0.056952196034039754
0.0,0.0,1.0,0.0,0.0,0.0,0.0,0.0,0.0,0.0,0.0,0.0,0.9992088560679753,0.03977011384605572
0.0,0.0,1.0,0.0,0.0,0.0,0.0,0.0,0.0,0.0,0.0,0.0,0.9999855506507186,0.005375731557583884
0.0,0.0,1.0,0.0,0.0,0.0,0.0,0.0,0.0,0.0,0.0,0.0,0.9999300657962057,-0.011826390691832589
0.0,0.0,1.0,0.0,0.0,0.0,0.0,0.0,0.0,0.0,0.0,0.0,0.9995786855478958,-0.029025013321975237
0.0,0.0,1.0,0.0,0.0,0.0,0.0,0.0,0.0,0.0,0.0,0.0,0.9989315138848577,-0.046215046983708354
0.0,0.0,1.0,0.0,0.0,0.0,0.0,0.0,0.0,0.0,0.0,0.0,0.9979887423155984,-0.06339140486951038
0.0,0.0,1.0,0.0,0.0,0.0,0.0,0.0,0.0,0.0,0.0,0.0,0.9967506498213929,-0.08054900421874167
0.0,0.0,1.0,0.0,0.0,0.0,0.0,0.0,0.0,0.0,0.0,0.0,0.9952176027737294,-0.09768276782171598
0.0,0.0,1.0,0.0,0.0,0.0,0.0,0.0,0.0,0.0,0.0,0.0,0.9933900548258936,-0.11478762552212701
0.0,0.0,1.0,0.0,0.0,0.0,0.0,0.0,0.0,0.0,0.0,0.0,0.9888537064205885,-0.1488903868564548
0.0,0.0,1.0,0.0,0.0,0.0,0.0,0.0,0.0,0.0,0.0,0.0,0.986146248341595,-0.16587819893463143
0.0,0.0,1.0,0.0,0.0,0.0,0.0,0.0,0.0,0.0,0.0,0.0,0.9831469737221499,-0.1828169249850199
0.0,0.0,1.0,0.0,0.0,0.0,0.0,0.0,0.0,0.0,0.0,0.0,0.9798567700958665,-0.1997015525660636
0.0,0.0,1.0,0.0,0.0,0.0,0.0,0.0,0.0,0.0,0.0,0.0,0.9762766110869321,-0.21652708524481437
0.0,0.0,1.0,0.0,0.0,0.0,0.0,0.0,0.0,0.0,0.0,0.0,0.9724075561219968,-0.23328854407545518
0.0,0.0,1.0,0.0,0.0,0.0,0.0,0.0,0.0,0.0,0.0,0.0,0.9638074231367307,-0.26659942067929354
0.0,0.0,1.0,0.0,0.0,0.0,0.0,0.0,0.0,0.0,0.0,0.0,0.9540665500578387,-0.2995947563972602
0.0,0.0,1.0,0.0,0.0,0.0,0.0,0.0,0.0,0.0,0.0,0.0,0.9487718864399473,-0.31596187665790293
0.0,0.0,1.0,0.0,0.0,0.0,0.0,0.0,0.0,0.0,0.0,0.0,0.9373419384643772,-0.3484108069446808
0.0,0.0,1.0,0.0,0.0,0.0,0.0,0.0,0.0,0.0,0.0,0.0,0.9312100364121947,-0.3644830148102912
0.0,0.0,1.0,0.0,0.0,0.0,0.0,0.0,0.0,0.0,0.0,0.0,0.9181214482844364,-0.39629913726891813
0.0,0.0,1.0,0.0,0.0,0.0,0.0,0.0,0.0,0.0,0.0,0.0,0.9111686353326631,-0.41203363695942635
0.0,0.0,1.0,0.0,0.0,0.0,0.0,0.0,0.0,0.0,0.0,0.0,0.9039461929224011,-0.42764620926777464
0.0,0.0,1.0,0.0,0.0,0.0,0.0,0.0,0.0,0.0,0.0,0.0,0.8964562582905575,-0.44313223418263453
0.0,0.0,1.0,0.0,0.0,0.0,0.0,0.0,0.0,0.0,0.0,0.0,0.8887010478292915,-0.45848712914008766
0.0,0.0,1.0,0.0,0.0,0.0,0.0,0.0,0.0,0.0,0.0,0.0,0.8806828564301475,-0.47370635037968
0.0,0.0,1.0,0.0,0.0,0.0,0.0,0.0,0.0,0.0,0.0,0.0,0.8724040568049612,-0.48878539428899265
0.0,0.0,1.0,0.0,0.0,0.0,0.0,0.0,0.0,0.0,0.0,0.0,0.8638670987837349,-0.503719798736334
0.0,0.0,1.0,0.0,0.0,0.0,0.0,0.0,0.0,0.0,0.0,0.0,0.8550745085896932,-0.518505144391157
0.0,0.0,1.0,0.0,0.0,0.0,0.0,0.0,0.0,0.0,0.0,0.0,0.8460288880917339,-0.533137056031809
0.0,0.0,1.0,0.0,0.0,0.0,0.0,0.0,0.0,0.0,0.0,0.0,0.8367329140344921,-0.5476112038402312
0.0,0.0,1.0,0.0,0.0,0.0,0.0,0.0,0.0,0.0,0.0,0.0,0.8271893372462497,-0.5619233046832195
0.0,0.0,1.0,0.0,0.0,0.0,0.0,0.0,0.0,0.0,0.0,0.0,0.7306444969184916,-0.6827580970759147
0.0,0.0,1.0,0.0,0.0,0.0,0.0,0.0,0.0,0.0,0.0,0.0,0.7187918772884232,-0.6952253139408722
0.0,0.0,1.0,0.0,0.0,0.0,0.0,0.0,0.0,0.0,0.0,0.0,0.7067265555776158,-0.7074868024503348
0.0,0.0,1.0,0.0,0.0,0.0,0.0,0.0,0.0,0.0,0.0,0.0,0.6944521021088763,-0.719538934232584
0.0,0.0,1.0,0.0,0.0,0.0,0.0,0.0,0.0,0.0,0.0,0.0,0.6819721490904629,-0.7313781428679254
0.0,0.0,1.0,0.0,0.0,0.0,0.0,0.0,0.0,0.0,0.0,0.0,0.6692903895412567,-0.7430009249440493
0.0,0.0,1.0,0.0,0.0,0.0,51.0,0.0,1.7,17.0,51.0,3.35,0.6564105761979381,-0.7544038410927472
0.0,0.0,1.0,0.0,39.05,5.578571428571428,25.0,51.0,2.533333333333333,22.0,45.0,4.27,0.6433365204044917,-0.765583517007675
0.0,0.0,1.0,0.0,60.16,14.172857142857142,0.0,76.0,2.533333333333333,3.0,43.0,16.67,0.6300720909843687,-0.7765366444428655
0.0,0.0,1.0,0.0,32.5,18.815714285714282,43.0,76.0,3.966666666666667,21.0,43.0,4.57,0.6166212130956382,-0.7872599821916922
0.0,0.0,1.0,0.0,61.44,27.592857142857138,28.0,142.0,4.9,25.0,43.0,6.64,0.5891760872322963,-0.8080046647350754
0.0,0.0,1.0,0.0,104.58,42.53285714285715,0.0,170.0,4.9,21.0,47.0,7.52,0.5751899607119775,-0.8180198708443174
0.0,0.0,1.0,0.0,109.02,58.107142857142854,6.0,170.0,5.1,23.0,48.0,8.43,0.5610336262283677,-0.8277930117131022
0.0,0.0,1.0,0.0,131.92,76.95285714285714,37.0,125.0,6.333333333333333,29.0,38.0,7.83,0.5467112728685939,-0.8373211953118121
0.0,0.0,1.0,0.0,140.74,91.47999999999999,163.0,137.0,11.766666666666667,12.0,44.0,4.25,0.5322271388474397,-0.8466016020976267
0.0,0.0,1.0,0.0,33.15,87.62142857142858,0.0,300.0,11.766666666666667,28.0,44.0,7.43,0.5175855102531889,-0.8556314858488706
0.0,0.0,1.0,0.0,136.24,102.44142857142857,0.0,257.0,11.766666666666667,28.0,45.0,8.11,0.5027907197793043,-0.8644081744776648
0.0,0.0,1.0,0.0,150.96,115.22999999999999,4.0,234.0,11.9,24.0,51.0,8.38,0.4878471454423119,-0.8729290708206411
0.0,0.0,1.0,0.0,140.7,120.39,37.0,210.0,13.133333333333333,34.0,47.0,5.74,0.47275920928627757,-0.881191653407483
0.0,0.0,1.0,0.0,129.68,123.34142857142858,2.0,247.0,13.2,28.0,48.0,7.79,0.4575313760742512,-0.8891934772070711
0.0,0.0,1.0,0.0,148.24,125.67285714285715,1.0,243.0,13.233333333333333,24.0,49.0,8.42,0.44216815196707204,-0.8969321743510065
0.0,0.0,1.0,0.0,139.38,125.47857142857141,25.0,207.0,14.066666666666666,9.0,38.0,7.0,0.42667408318992467,-0.9044054548343001
0.0,0.0,1.0,0.0,38.12,126.18857142857142,22.0,69.0,14.8,27.0,47.0,6.56,0.4110537546870351,-0.9116111071930239
0.0,0.0,1.0,0.0,116.82,123.41428571428571,40.0,91.0,16.133333333333333,30.0,51.0,7.8,0.3953117887649151,-0.9185469991587165
0.0,0.0,1.0,0.0,164.97,125.4157142857143,0.0,131.0,16.133333333333333,33.0,48.0,10.94,0.37945284372454435,-0.925211078289358
0.0,0.0,1.0,0.0,247.29,140.64285714285714,13.0,152.0,16.566666666666666,40.0,43.0,9.2,0.3474028211842774,-0.9377159910299093
0.0,0.0,1.0,0.0,233.68,155.5,0.0,163.0,16.566666666666666,41.0,46.0,9.1,0.3312212278016865,-0.9435531242349544
0.0,0.0,1.0,0.0,249.91,170.0242857142857,2.0,137.0,16.633333333333333,43.0,46.0,11.16,0.2985688173637202,-0.9543881083175908
0.0,0.0,1.0,0.0,324.0,196.39857142857142,34.0,115.0,17.766666666666666,46.0,39.0,10.72,0.26556302780405594,-0.9640935007889755
0.0,0.0,1.0,0.0,305.66,234.6185714285714,6.0,103.0,17.966666666666665,39.0,44.0,10.49,0.23224292400907015,-0.9726578145718654
0.0,0.0,1.0,0.0,265.85,255.90857142857143,7.0,96.0,18.2,39.0,44.0,13.36,0.21547731504673012,-0.976508846196619
0.0,0.0,1.0,0.0,343.86,281.4642857142857,0.0,103.0,18.2,22.0,48.0,10.86,0.19864794288017112,-0.9800709131432666
0.0,0.0,1.0,0.0,164.91,269.6957142857143,33.0,103.0,19.3,43.0,41.0,8.67,0.18175978759137534,-0.9833429613388902
0.0,0.0,1.0,0.0,234.99,269.8828571428572,10.0,134.0,19.633333333333333,51.0,45.0,13.14,0.16481784665719793,-0.9863240225317866
0.0,0.0,1.0,0.0,435.5,296.39571428571435,7.0,106.0,19.866666666666667,43.0,46.0,11.28,0.14782713347053048,-0.9890132145779883
0.0,0.0,1.0,0.0,322.53,296.1857142857143,36.0,79.0,21.066666666666666,55.0,43.0,8.29,0.13079267585675922,-0.9914097417023038
0.0,0.0,1.0,0.0,294.12,294.5371428571429,12.0,99.0,19.766666666666666,47.0,45.0,13.11,0.11371951458594969,-0.9935128947338007
0.0,0.0,1.0,0.0,400.4,313.75857142857143,6.0,105.0,19.133333333333333,50.0,48.0,15.26,0.0966127018812031,-0.9953220513156602
0.0,0.0,1.0,0.0,515.02,338.21000000000004,13.0,113.0,19.566666666666666,62.0,48.0,14.4,0.062318379354325076,-0.998056320853012
0.0,0.0,1.0,0.0,611.71,402.0385714285715,15.0,80.0,18.633333333333333,47.0,48.0,11.0,0.01075130776352193,-0.9999422030204416
0.0,0.0,1.0,0.0,346.39,417.95285714285717,33.0,59.0,18.8,57.0,45.0,9.19,-0.00645086419810515,-0.9999791929590823
0.0,0.0,1.0,0.0,348.46,405.5185714285714,20.0,80.0,19.466666666666665,44.0,44.0,13.07,-0.023651127245231586,-0.9997202729664083
0.0,0.0,1.0,0.0,373.75,412.83571428571435,146.0,94.0,24.133333333333333,25.0,40.0,5.16,-0.04084439154329611,-0.9991655196610109
0.0,0.0,1.0,0.0,78.05,381.9685714285714,0.0,231.0,22.9,44.0,46.0,13.48,-0.05802556932878035,-0.9983150972033183
0.0,0.0,1.0,0.0,400.28,381.9514285714286,1.0,214.0,17.5,49.0,44.0,11.16,-0.09233133369539122,-0.9957283388645872
0.0,0.0,1.0,0.0,361.02,359.9514285714286,1.0,215.0,17.533333333333335,56.0,49.0,12.38,-0.10944576864891556,-0.993992768446958
0.0,0.0,1.0,0.0,478.17,340.8742857142857,16.0,201.0,18.066666666666666,48.0,39.0,14.25,-0.12652781683868314,-0.9919630595773397
0.0,0.0,1.0,0.0,427.5,352.4614285714286,1.0,184.0,17.966666666666665,62.0,47.0,11.87,-0.1435724234118113,-0.9896398128792412
0.0,0.0,1.0,0.0,504.16,374.70428571428573,33.0,165.0,17.833333333333332,13.0,45.0,12.46,-0.16057454459499376,-0.9870237158387383
0.0,0.0,1.0,0.0,104.49,336.23857142857145,4.0,52.0,17.9,47.0,54.0,13.64,-0.17752914918703497,-0.984115542601034
0.0,0.0,1.0,0.0,458.32,390.5628571428571,15.0,56.0,18.366666666666667,62.0,43.0,12.24,-0.2112757555821793,-0.9774264960104055
0.0,0.0,1.0,0.0,481.97,402.23285714285714,34.0,70.0,18.666666666666668,66.0,49.0,13.85,-0.2280577712215198,-0.9736476020539838
0.0,0.0,1.0,0.0,621.52,439.44714285714286,13.0,103.0,18.366666666666667,59.0,46.0,12.46,-0.24477230089725957,-0.9695805901076308
0.0,0.0,1.0,0.0,485.1,440.4371428571429,0.0,119.0,17.033333333333335,18.0,43.0,13.89,-0.2779791393987801,-0.9605871111248129
0.0,0.0,1.0,0.0,162.5,402.58,7.0,86.0,17.266666666666666,75.0,41.0,16.93,-0.2944616217868012,-0.9556633054034704
0.0,0.0,1.0,0.0,812.8,446.6714285714285,28.0,89.0,17.766666666666666,57.0,45.0,10.84,-0.3108569682435036,-0.9504567035349151
0.0,0.0,1.0,0.0,401.7,489.13,8.0,117.0,18.033333333333335,70.0,44.0,17.91,-0.3271603271220951,-0.9449688462364056
0.0,0.0,1.0,0.0,802.56,538.3071428571428,23.0,104.0,18.733333333333334,65.0,49.0,10.97,-0.3594718130884232,-0.9331559438780432
0.0,0.0,1.0,0.0,484.84,538.7171428571429,27.0,114.0,18.5,74.0,44.0,14.16,-0.3754703786876202,-0.9268343944460494
0.0,0.0,1.0,0.0,681.2,547.2428571428571,17.0,121.0,18.866666666666667,68.0,47.0,18.74,-0.4071294853542516,-0.9133704517637858
0.0,0.0,1.0,0.0,853.58,599.8828571428572,25.0,103.0,19.466666666666665,71.0,50.0,12.07,-0.4383067230125192,-0.898825465016444
0.0,0.0,1.0,0.0,582.76,659.92,8.0,120.0,19.733333333333334,77.0,39.0,19.55,-0.45370308603134424,-0.8911529104063088
0.0,0.0,1.0,0.0,933.1,677.1057142857143,10.0,100.0,18.966666666666665,69.0,49.0,16.9,-0.46896519100763184,-0.8832166493127127
0.0,0.0,1.0,0.0,798.71,733.8214285714286,5.0,87.0,18.8,67.0,52.0,14.45,-0.48408852163897587,-0.8750190302029955
0.0,0.0,1.0,0.0,672.76,715.2785714285716,0.0,65.0,18.566666666666666,29.0,48.0,16.66,-0.4990686026885319,-0.8665624788845385
0.0,0.0,1.0,0.0,326.03,692.5914285714287,9.0,65.0,17.666666666666668,73.0,49.0,15.14,-0.5139010013093103,-0.8578494977869301
0.0,0.0,1.0,0.0,745.88,701.8314285714287,19.0,57.0,17.9,79.0,46.0,17.11,-0.5285813283559292,-0.8488826652214553
0.0,0.0,1.0,0.0,3554.84,1087.7257142857143,11.0,43.0,18.066666666666666,89.0,51.0,13.84,-0.5716666713027052,-0.8204859638785327
0.0,0.0,1.0,0.0,856.24,1126.7942857142857,20.0,40.0,18.3,30.0,48.0,17.67,-0.5995514915196489,-0.8003361849976323
0.0,0.0,1.0,0.0,360.4,1044.98,0.0,60.0,17.8,76.0,48.0,16.79,-0.6132298262997502,-0.7899045386224707
0.0,0.0,1.0,0.0,861.3,1053.9214285714286,41.0,51.0,18.066666666666666,76.0,46.0,14.21,-0.6267266965083301,-0.7792391467859886
0.0,0.0,1.0,0.0,723.6,1061.1842857142858,0.0,73.0,17.4,92.0,45.0,16.28,-0.6400381082043503,-0.7683431655492202
0.0,0.0,1.0,0.0,988.68,1155.8485714285714,0.0,73.0,12.533333333333333,90.0,44.0,14.63,-0.65316012232693,-0.7572198192083127
0.0,0.0,1.0,0.0,3878.81,1603.41,11.0,73.0,12.9,100.0,51.0,19.46,-0.666088855860977,-0.7458723993404063
0.0,0.0,1.0,0.0,1362.2,1290.1757142857143,11.0,73.0,13.233333333333333,83.0,45.0,20.05,-0.6788204829862355,-0.734304263829602
0.0,0.0,1.0,0.0,1106.56,1325.935714285714,37.0,83.0,14.433333333333334,21.0,43.0,17.19,-0.6913512362094071,-0.722518835873311
0.0,0.0,1.0,0.0,234.65,1307.9714285714285,6.0,100.0,14.1,98.0,44.0,16.27,-0.7036774074790128,-0.7105196029692745
0.0,0.0,1.0,0.0,1044.07,1334.0814285714284,13.0,106.0,14.5,99.0,52.0,20.53,-0.7157953492826642,-0.6983101158835584
0.0,0.0,1.0,0.0,1432.56,1435.3614285714286,0.0,91.0,13.4,83.0,42.0,21.52,-0.7393922635959241,-0.673274892250183
0.0,0.0,1.0,0.0,1143.04,1457.412857142857,0.0,91.0,13.266666666666667,90.0,46.0,19.86,-0.7508642533989489,-0.6604565640279754
0.0,0.0,1.0,0.0,1188.36,1073.0628571428572,47.0,80.0,14.333333333333334,96.0,41.0,12.95,-0.7621140503891487,-0.6474427960827475
0.0,0.0,1.0,0.0,783.09,990.3328571428572,6.0,116.0,13.4,37.0,48.0,17.03,-0.7731383255706026,-0.6342374393978054
0.0,0.0,1.0,0.0,431.55,893.9028571428571,18.0,85.0,13.566666666666666,109.0,43.0,16.41,-0.7839338166829201,-0.620844401650647
0.0,0.0,1.0,0.0,1153.9,1025.2242857142858,3.0,84.0,13.666666666666666,105.0,51.0,19.4,-0.8048257371083452,-0.593511190196115
0.0,0.0,1.0,0.0,1436.09,1081.2271428571428,14.0,87.0,13.9,87.0,39.0,17.24,-0.8247650844733614,-0.5654755126737576
0.0,0.0,1.0,0.0,4190.0,1475.1471428571429,15.0,101.0,13.466666666666667,93.0,46.0,19.87,-0.8343701235229538,-0.5512045872199277
0.0,0.0,1.0,0.0,1238.16,1488.7357142857143,4.0,69.0,13.333333333333334,24.0,42.0,18.04,-0.8437282590292712,-0.5367705514607103
0.0,0.0,1.0,0.0,924.45,1451.034285714286,0.0,61.0,12.566666666666666,79.0,48.0,19.15,-0.8616928164028522,-0.5074302810827518
0.0,0.0,1.0,0.0,1036.4,1487.2214285714288,0.0,61.0,11.666666666666666,94.0,48.0,20.34,-0.8786374941610001,-0.4774894280028391
0.0,0.0,1.0,0.0,1319.28,1614.0400000000002,0.0,48.0,11.1,103.0,44.0,18.65,-0.886721063082993,-0.46230483047981086
0.0,0.0,1.0,0.0,1924.26,1724.0914285714284,1.0,34.0,10.3,88.0,47.0,20.98,-0.9093882203647925,-0.4159483918249421
0.0,0.0,1.0,0.0,1255.28,1698.2614285714285,25.0,45.0,10.866666666666667,79.0,44.0,16.67,-0.9231578729647039,-0.38442104726885545
0.0,0.0,1.0,0.0,2099.63,1399.6371428571426,0.0,80.0,10.533333333333333,82.0,50.0,20.29,-0.9358348973349941,-0.35243871088460327
0.0,0.0,1.0,0.0,1156.48,1387.9685714285715,25.0,171.0,11.2,75.0,47.0,17.72,-0.9578523554276669,-0.28726097055059635
0.0,0.0,1.0,0.0,890.43,1383.1085714285714,17.0,174.0,11.766666666666667,93.0,42.0,20.18,-0.9626519747161487,-0.2707418984477642
0.0,0.0,1.0,0.0,1173.12,1402.6399999999999,11.0,166.0,11.833333333333334,96.0,42.0,17.47,-0.9671667297977312,-0.2541427094613622
0.0,0.0,1.0,0.0,1723.51,1460.3871428571426,11.0,164.0,11.566666666666666,96.0,42.0,18.29,-0.97139528468375,-0.23746831555846842
0.0,0.0,1.0,0.0,1123.84,1346.0414285714287,23.0,109.0,11.966666666666667,94.0,47.0,14.29,-0.9823516608469237,-0.18704334906991657
0.0,0.0,1.0,0.0,906.53,1296.2199999999998,44.0,132.0,12.766666666666667,96.0,44.0,18.07,-0.9854237542919524,-0.17011767832049052
0.0,0.0,1.0,0.0,3268.42,1463.19,79.0,151.0,15.4,81.0,44.0,8.14,-0.9882042449941422,-0.15314166701312007
0.0,0.0,1.0,0.0,431.65,1359.642857142857,2.0,213.0,14.1,91.0,48.0,23.05,-0.9906923101615609,-0.13612033862266704
0.0,0.0,1.0,0.0,1426.64,1436.2442857142855,27.0,204.0,15.0,97.0,48.0,14.38,-0.9928872135356962,-0.11905873003404988
0.0,0.0,1.0,0.0,934.65,1402.177142857143,3.0,220.0,15.1,91.0,47.0,23.37,-0.994788305609327,-0.10196189005174576
0.0,0.0,1.0,0.0,4025.36,1731.0128571428572,28.0,179.0,15.666666666666666,28.0,45.0,13.93,-0.9963950238187231,-0.08483487790576538
0.0,0.0,1.0,0.0,1557.35,1792.9428571428573,13.0,206.0,15.733333333333333,100.0,46.0,17.7,-0.9977068927101168,-0.06768276175455162
0.0,0.0,1.0,0.0,1141.65,1826.5314285714287,17.0,196.0,15.066666666666666,79.0,49.0,18.27,-0.9987235240803972,-0.050510617185222886
0.0,0.0,1.0,0.0,988.46,1500.822857142857,43.0,90.0,16.3,97.0,45.0,20.08,-0.9998699583618592,-0.016126573270657762
0.0,0.0,1.0,0.0,1285.68,1622.8271428571427,39.0,131.0,17.166666666666668,88.0,41.0,21.31,-0.9999994220246925,0.001075151282798226
0.0,0.0,1.0,0.0,1181.25,1587.7714285714285,15.0,143.0,17.666666666666668,105.0,42.0,23.68,-0.999832969770105,0.018276557681691223
0.0,0.0,1.0,0.0,1553.75,1676.2142857142858,0.0,174.0,17.666666666666668,75.0,49.0,24.28,-0.9975590477788613,0.06982797572987089
0.0,0.0,1.0,0.0,1256.49,1280.6614285714288,29.0,157.0,17.066666666666666,86.0,47.0,20.33,-0.9962102997023297,0.0869772313136861
0.0,0.0,1.0,0.0,1565.42,1281.814285714286,114.0,186.0,20.666666666666668,95.0,45.0,10.27,-0.9945667569706337,0.1041007489354256
0.0,0.0,1.0,0.0,658.8,1212.8357142857144,8.0,222.0,20.333333333333332,84.0,52.0,21.12,-0.9903973200352558,0.1382503109109819
0.0,0.0,1.0,0.0,1241.8,1249.027142857143,2.0,215.0,20.3,36.0,51.0,23.42,-0.9878726596350429,0.15526624985999563
0.0,0.0,1.0,0.0,581.67,1148.4542857142856,0.0,188.0,19.833333333333332,103.0,50.0,20.04,-0.9850556718215013,0.172236243027682
0.0,0.0,1.0,0.0,1444.8,1186.1042857142857,17.0,157.0,19.9,82.0,43.0,19.77,-0.981947190186646,0.18915526872004093
0.0,0.0,1.0,0.0,1021.23,1110.03,49.0,174.0,21.4,72.0,49.0,19.58,-0.9785481345802031,0.20601832032517084
0.0,0.0,1.0,0.0,944.7,1065.4885714285715,25.0,194.0,22.233333333333334,91.0,41.0,23.19,-0.9748595108374125,0.22282040779479959
0.0,0.0,1.0,0.0,1318.75,1030.25,44.0,105.0,23.7,92.0,44.0,16.7,-0.9708824104813836,0.23955655912092708
0.0,0.0,1.0,0.0,1013.76,1080.9585714285713,0.0,145.0,23.7,88.0,52.0,19.91,-0.9666180104000972,0.2562218218071163
0.0,0.0,1.0,0.0,1243.92,1081.2614285714285,33.0,137.0,24.766666666666666,31.0,39.0,23.77,-0.9620675724981452,0.27281126433401914
0.0,0.0,1.0,0.0,3671.88,1522.72,51.0,168.0,25.633333333333333,88.0,43.0,19.42,-0.957232443323312,0.28931997761869527
0.0,0.0,1.0,0.0,1102.31,1473.7928571428572,0.0,219.0,25.633333333333333,99.0,45.0,22.01,-0.9521140536681102,0.3057430764672831
0.0,0.0,1.0,0.0,1427.25,1531.7957142857142,61.0,202.0,26.833333333333332,96.0,45.0,8.49,-0.9467139181463862,0.3220757010206104
0.0,0.0,1.0,0.0,537.9,1473.6814285714286,2.0,214.0,26.333333333333332,95.0,48.0,22.21,-0.9410336347451197,0.3383130181923076
0.0,0.0,1.0,0.0,2005.35,1571.767142857143,25.0,191.0,26.8,128.0,43.0,14.67,-0.9350748843515574,0.3544502230989869
0.0,0.0,1.0,0.0,1211.31,1599.9885714285715,31.0,172.0,27.466666666666665,92.0,47.0,13.6,-0.9288394302558068,0.3704825404820963
0.0,0.0,1.0,0.0,825.66,1540.2371428571428,56.0,203.0,28.566666666666666,32.0,48.0,17.28,-0.9223291176290545,0.3864052261209853
0.0,0.0,1.0,0.0,376.04,1069.402857142857,0.0,226.0,27.1,84.0,50.0,25.83,-0.9155458729775467,0.40221356823680365
0.0,0.0,1.0,0.0,1519.0,1128.93,49.0,167.0,26.1,94.0,43.0,22.01,-0.8935790198239952,0.4489059314938798
0.0,0.0,1.0,0.0,1334.51,1115.6814285714286,53.0,190.0,27.8,21.0,49.0,20.33,-0.8692328164574792,0.49440298420761813
0.0,0.0,1.0,0.0,865.0899999999999,1162.422857142857,113.0,187.0,30.666666666666668,76.0,50.0,7.5,-0.8605996962501181,0.5092820071573356
0.0,0.0,1.0,0.0,1030.45,1023.1514285714285,0.0,300.0,30.566666666666666,84.0,48.0,25.26,-0.8517119107469189,0.5240103253675756
0.0,0.0,1.0,0.0,4224.35,1453.5857142857144,3.0,280.0,29.733333333333334,98.0,45.0,24.02,-0.8425720899866032,0.5385835804920232
0.0,0.0,1.0,0.0,2325.6400000000003,1667.8685714285716,42.0,190.0,30.7,37.0,48.0,19.54,-0.8035476485339116,0.5952404359043674
0.0,0.0,1.0,0.0,491.64,1684.3828571428571,21.0,179.0,30.833333333333332,105.0,43.0,18.36,-0.7931896839451843,0.6089746507720486
0.0,0.0,1.0,0.0,2108.84,1768.6457142857143,58.0,87.0,31.333333333333332,89.0,40.0,17.65,-0.7825970017677834,0.6225286602431057
0.0,0.0,1.0,0.0,966.16,1716.0242857142857,3.0,297.0,30.133333333333333,103.0,42.0,20.47,-0.7494423368521954,0.6620696215153815
0.0,0.0,1.0,0.0,1338.58,1783.6657142857143,2.0,282.0,29.7,93.0,47.0,21.41,-0.7379428103031386,0.6748632518680403
0.0,0.0,1.0,0.0,2208.84,1952.007142857143,1.0,281.0,29.733333333333334,31.0,43.0,29.74,-0.7262249146041543,0.6874571793269664
0.0,0.0,1.0,0.0,4004.3,1920.5714285714287,6.0,230.0,28.966666666666665,90.0,40.0,25.81,-0.7021479494046978,0.7120310787787131
0.0,0.0,1.0,0.0,1428.64,1792.4285714285718,46.0,178.0,26.7,91.0,45.0,18.87,-0.6897960046655887,0.7240037789593305
0.0,0.0,1.0,0.0,1124.63,1882.8557142857142,48.0,175.0,28.033333333333335,94.0,41.0,15.1,-0.6772399381909491,0.7357622347736527
0.0,0.0,1.0,0.0,908.16,1711.33,44.0,117.0,29.433333333333334,100.0,45.0,22.05,-0.6644834655228552,0.7473029667054296
0.0,0.0,1.0,0.0,1444.28,1779.6328571428571,24.0,158.0,30.233333333333334,78.0,42.0,21.99,-0.6515303615068021,0.75862255966641
0.0,0.0,1.0,0.0,1080.45,1742.7571428571428,0.0,180.0,29.666666666666668,24.0,39.0,29.75,-0.6383844591746642,0.7697176640069211
0.0,0.0,1.0,0.0,3093.82,1869.182857142857,24.0,179.0,28.833333333333332,87.0,44.0,16.1,-0.6250496486104377,0.7805849965070866
0.0,0.0,1.0,0.0,924.66,1429.234285714286,1.0,260.0,28.033333333333335,95.0,42.0,22.26,-0.5978291414589552,0.801623551065242
0.0,0.0,1.0,0.0,1364.17,1420.0242857142855,21.0,170.0,27.266666666666666,91.0,45.0,17.0,-0.5699010576127624,0.8217133225960589
0.0,0.0,1.0,0.0,1021.02,1405.222857142857,19.0,147.0,27.9,104.0,51.0,24.72,-0.5556819724760489,0.8313949395234058
0.0,0.0,1.0,0.0,2111.1400000000003,1577.077142857143,27.0,142.0,27.7,49.0,45.0,18.16,-0.5412984521036173,0.8408305333122887
0.0,0.0,1.0,0.0,587.4,1454.6657142857143,29.0,169.0,26.966666666666665,76.0,40.0,18.86,-0.5267547528105542,0.8500173118187018
0.0,0.0,1.0,0.0,902.79,1429.2857142857142,12.0,174.0,27.366666666666667,95.0,40.0,20.59,-0.5120551783114646,0.8589525565270845
0.0,0.0,1.0,0.0,1202.94,1159.16,22.0,112.0,26.066666666666666,101.0,46.0,18.99,-0.4972040784469378,0.8676336233547726
0.0,0.0,1.0,0.0,1275.47,1209.2757142857142,38.0,133.0,27.266666666666666,86.0,46.0,14.22,-0.4822058478963526,0.8760579434344281
0.0,0.0,1.0,0.0,3065.07,1452.2614285714287,22.0,113.0,27.166666666666668,93.0,43.0,13.83,-0.42083100859565564,0.9071390534005044
0.0,0.0,1.0,0.0,3450.04,1799.2642857142857,8.0,123.0,26.4,95.0,43.0,22.73,-0.3893781415452015,0.9210779895789526
0.0,0.0,1.0,0.0,1381.76,1695.067142857143,79.0,109.0,27.166666666666668,90.0,45.0,8.61,-0.37347653741307074,0.9276396261490467
0.0,0.0,1.0,0.0,515.38,1684.7785714285715,15.0,150.0,27.666666666666668,93.0,44.0,17.51,-0.34134651424503615,0.9399375283564133
0.0,0.0,1.0,0.0,1050.06,1705.817142857143,32.0,155.0,27.1,36.0,48.0,18.22,-0.3251276029999093,0.9456701548465688
0.0,0.0,1.0,0.0,449.36,1598.162857142857,0.0,185.0,25.333333333333332,82.0,45.0,20.9,-0.30881248126625377,0.9511229423235357
0.0,0.0,1.0,0.0,1131.24,1577.5585714285714,7.0,163.0,21.8,95.0,42.0,17.69,-0.29240597695107734,0.9562942772197719
0.0,0.0,1.0,0.0,1067.43,1292.1814285714286,19.0,163.0,22.433333333333334,98.0,45.0,17.85,-0.2426868445825954,0.9701046827361175
0.0,0.0,1.0,0.0,1171.83,966.722857142857,2.0,135.0,22.4,107.0,45.0,16.65,-0.19232150523909483,0.9813319716704275
0.0,0.0,1.0,0.0,1167.21,936.0728571428571,61.0,137.0,23.033333333333335,108.0,42.0,6.98,-0.17541259380427843,0.9844950085880858
0.0,0.0,1.0,0.0,467.48,929.2299999999999,30.0,191.0,23.333333333333332,85.0,44.0,18.55,-0.15845177496083632,0.9873667175937016
0.0,0.0,1.0,0.0,1032.93,926.7828571428571,0.0,221.0,21.4,82.0,48.0,23.72,-0.14144406768794202,0.9899462489023779
0.0,0.0,1.0,0.0,1332.33,1052.9214285714286,34.0,112.0,22.433333333333334,94.0,47.0,13.83,-0.12439450483979998,0.9922328391893008
0.0,0.0,1.0,0.0,864.5,1014.8157142857144,39.0,127.0,23.666666666666668,103.0,44.0,13.04,-0.10730813165636247,0.9942258118156161
0.0,0.0,1.0,0.0,879.67,987.9928571428571,40.0,193.0,24.966666666666665,98.0,44.0,12.41,-0.05587875690537313,0.9984375616565666
0.0,0.0,1.0,0.0,1444.3200000000002,1026.92,24.0,172.0,25.566666666666666,87.0,43.0,16.15,-0.03869579017652689,0.9992510374388481
0.0,0.0,1.0,0.0,906.23,989.637142857143,34.0,197.0,25.166666666666668,86.0,40.0,15.09,-0.004300592702981974,0.9999907524084426
0.0,0.0,1.0,0.0,824.23,1040.6014285714286,1.0,197.0,23.6,96.0,44.0,18.95,0.017201575418260506,0.9998520419557735
0.0,0.0,1.0,0.0,1191.44,1063.2457142857145,17.0,159.0,22.7,32.0,46.0,23.66,0.03439806061360801,0.9994082116062598
0.0,0.0,1.0,0.0,1252.62,1051.8585714285714,0.0,147.0,21.9,82.0,47.0,21.87,0.051584366869408364,0.9986686402879997
0.0,0.0,1.0,0.0,1219.24,1102.5357142857144,19.0,147.0,22.533333333333335,92.0,44.0,19.46,0.06875540848113941,0.9976335468520451
0.0,0.0,1.0,0.0,1154.55,1141.804285714286,0.0,126.0,21.733333333333334,85.0,47.0,16.62,0.08590610426133272,0.9963032375991965
0.0,0.0,1.0,0.0,960.84,1072.7357142857143,20.0,59.0,22.366666666666667,28.0,38.0,23.71,0.1542040475626894,0.988039023376751
0.0,0.0,1.0,0.0,405.04,1001.1371428571429,3.0,62.0,21.766666666666666,77.0,46.0,16.21,0.17117705961019986,0.985240282501282
0.0,0.0,1.0,0.0,1497.92,1097.3785714285714,1.0,65.0,21.166666666666668,102.0,45.0,20.08,0.18809941761179758,0.9821499931752291
0.0,0.0,1.0,0.0,1351.68,1120.27,25.0,47.0,21.1,91.0,50.0,13.69,0.20496611396949532,0.9787690698649216
0.0,0.0,1.0,0.0,865.97,1065.0342857142857,8.0,72.0,20.4,75.0,46.0,19.65,0.22177215755648186,0.975098513039961
0.0,0.0,1.0,0.0,972.84,1029.8342857142857,5.0,59.0,20.166666666666668,94.0,54.0,21.74,0.23851257519407648,0.9711394088771653
0.0,0.0,1.0,0.0,1441.02,1070.7585714285717,3.0,64.0,19.533333333333335,92.0,52.0,17.99,0.2551824131233728,0.9668929289391521
0.0,0.0,1.0,0.0,1577.33,1158.8285714285716,0.0,47.0,18.266666666666666,87.0,53.0,21.83,0.2882906407095177,0.9575429528116719
0.0,0.0,1.0,0.0,1367.28,1296.2914285714287,0.0,44.0,17.533333333333335,108.0,43.0,19.6,0.3047192331091634,0.9524422234305676
0.0,0.0,1.0,0.0,1386.63,1280.392857142857,0.0,20.0,17.266666666666666,102.0,46.0,16.25,0.3373010691361842,0.9413968285264122
0.0,0.0,1.0,0.0,1110.19,1245.8942857142858,0.0,12.0,14.633333333333333,77.0,44.0,15.55,0.3534446712740877,0.9354554315134164
0.0,0.0,1.0,0.0,784.04,1234.19,0.0,7.0,14.133333333333333,81.0,49.0,14.27,0.3694836834473831,0.9292372181882051
0.0,0.0,1.0,0.0,786.08,1207.51,14.0,8.0,13.533333333333333,68.0,41.0,16.62,0.4169258813287287,0.908940487313808
0.0,0.0,1.0,0.0,1370.2,1197.392857142857,14.0,22.0,14.0,88.0,40.0,18.7,0.4324994021339788,0.901634220265486
0.0,0.0,1.0,0.0,1028.75,1119.0242857142857,0.0,34.0,13.766666666666667,101.0,46.0,20.59,0.44794493940789115,0.8940611451454876
0.0,0.0,1.0,0.0,1372.8,1119.8128571428572,0.0,34.0,13.133333333333333,106.0,47.0,22.28,0.4632579225674917,0.88622350294858
0.0,0.0,1.0,0.0,1606.16,1151.1742857142856,0.0,34.0,13.066666666666666,104.0,51.0,20.75,0.4784338202547012,0.8781236129591848
0.0,0.0,1.0,0.0,1510.6,1208.3757142857144,0.0,34.0,11.033333333333333,17.0,44.0,17.35,0.49346814167723735,0.8697638720650646
0.0,0.0,1.0,0.0,193.22,1123.9728571428573,5.0,28.0,10.2,89.0,45.0,18.09,0.5083564379375122,0.8611467540480452
0.0,0.0,1.0,0.0,3422.6,1500.6185714285714,0.0,33.0,10.2,91.0,50.0,16.65,0.5230943033491326,0.8522748088519838
0.0,0.0,1.0,0.0,4373.5,1929.6614285714284,0.0,5.0,9.066666666666666,83.0,48.0,16.39,0.5521013427459208,0.8337770129585915
0.0,0.0,1.0,0.0,938.4,1916.7542857142855,4.0,17.0,7.9,96.0,45.0,15.15,0.6081214998935418,0.7938439653781019
0.0,0.0,1.0,0.0,974.18,1859.8085714285714,0.0,22.0,6.566666666666666,79.0,45.0,14.84,0.6350683134867438,0.7724559775191742
0.0,0.0,1.0,0.0,785.24,1742.5342857142857,7.0,22.0,6.0,89.0,47.0,16.3,0.6482618097757122,0.7614175109532997
0.0,0.0,1.0,0.0,957.66,1663.542857142857,0.0,29.0,4.866666666666666,101.0,42.0,16.18,0.6612634749656386,0.7501537286959042
0.0,0.0,1.0,0.0,1045.76,1785.3342857142857,1.0,29.0,4.866666666666666,82.0,47.0,16.18,0.6740694616546161,0.7386679638813748
0.0,0.0,1.0,0.0,3755.73,1832.9242857142856,0.0,18.0,4.3,35.0,46.0,14.34,0.6866759803451553,0.726963615332308
0.0,0.0,1.0,0.0,336.34,1256.1871428571428,0.0,14.0,4.3,80.0,46.0,13.68,0.7112757519738152,0.7029130847082615
0.0,0.0,1.0,0.0,738.45,1227.6228571428571,3.0,15.0,3.7666666666666666,87.0,45.0,15.48,0.7350336741329413,0.6780306024735382
0.0,0.0,1.0,0.0,909.23,1218.3442857142857,21.0,11.0,4.466666666666667,85.0,43.0,10.64,0.746588114532413,0.6652865452111116
0.0,0.0,1.0,0.0,574.04,1188.172857142857,4.0,32.0,3.933333333333333,88.0,46.0,16.84,0.7579216274973472,0.6523456189565257
0.0,0.0,1.0,0.0,985.53,1192.1542857142856,16.0,35.0,4.366666666666666,30.0,42.0,18.57,0.7690308592589181,0.6392116531380588
0.0,0.0,1.0,0.0,359.26,1094.0828571428572,0.0,51.0,4.333333333333333,89.0,51.0,17.74,0.7799125224167177,0.6258885343075018
0.0,0.0,1.0,0.0,1128.99,718.8342857142858,9.0,51.0,3.8,103.0,47.0,17.58,0.8009803309782905,0.5986906625177214
0.0,0.0,1.0,0.0,1213.37,844.1242857142857,0.0,53.0,3.533333333333333,100.0,44.0,14.11,0.8111602420785621,0.5848239578463322
0.0,0.0,1.0,0.0,931.26,871.6685714285715,0.0,39.0,3.3666666666666667,80.0,44.0,15.91,0.8307970168121247,0.5565755266413303
0.0,0.0,1.0,0.0,3130.82,1189.0385714285715,0.0,35.0,3.2666666666666666,37.0,46.0,15.7,0.8402480696078469,0.5422021592729844
0.0,0.0,1.0,0.0,386.37,1162.2285714285713,18.0,19.0,3.8666666666666667,81.0,46.0,12.38,0.8494504794814806,0.527668345562516
0.0,0.0,1.0,0.0,667.0,1116.7242857142858,0.0,37.0,3.8666666666666667,98.0,48.0,24.74,0.8584015232918917,0.512978386299228
0.0,0.0,1.0,0.0,2426.38,1412.0271428571427,0.0,37.0,3.8666666666666667,94.0,44.0,23.44,0.8670985522812081,0.4981366284784055
0.0,0.0,1.0,0.0,1476.01,1461.6014285714284,5.0,28.0,4.033333333333333,83.0,43.0,24.98,0.8837203473619977,0.4680153284438345
0.0,0.0,1.0,0.0,2103.1800000000003,1588.717142857143,25.0,23.0,4.866666666666666,88.0,45.0,15.84,0.8916401947968874,0.45274469960737107
0.0,0.0,1.0,0.0,899.13,1584.127142857143,5.0,48.0,4.566666666666666,87.0,47.0,23.41,0.9066860720977985,0.4218060770826634
0.0,0.0,1.0,0.0,1395.35,1336.202857142857,31.0,35.0,5.133333333333334,84.0,41.0,17.15,0.9138076496466615,0.4061472386305789
0.0,0.0,1.0,0.0,907.83,1410.6971428571428,0.0,66.0,5.133333333333334,118.0,48.0,18.57,0.9206588168102428,0.3903682146763026
0.0,0.0,1.0,0.0,1522.75,1532.9471428571428,13.0,66.0,5.566666666666666,84.0,39.0,23.52,0.9335418911179212,0.35846832151248087
0.0,0.0,1.0,0.0,1215.24,1359.9271428571428,0.0,68.0,5.566666666666666,28.0,44.0,25.39,0.945320046913132,0.3261441535642696
0.0,0.0,1.0,0.0,3267.26,1615.8200000000002,59.0,68.0,7.533333333333333,93.0,42.0,15.37,0.9507903724625832,0.3098349038318025
0.0,0.0,1.0,0.0,893.12,1442.9542857142858,25.0,122.0,8.2,93.0,46.0,21.2,0.9559793438440766,0.2934339689665273
0.0,0.0,1.0,0.0,1301.52,1500.4385714285715,10.0,116.0,8.533333333333333,73.0,44.0,19.42,0.9608854255574977,0.27694620226893646
0.0,0.0,1.0,0.0,935.88,1434.8,0.0,126.0,8.533333333333333,109.0,46.0,25.61,0.9655071658143364,0.2603764827344581
0.0,0.0,1.0,0.0,4517.93,1950.5285714285715,4.0,126.0,8.533333333333333,105.0,46.0,24.83,0.969843196967294,0.24372971360968387
0.0,0.0,1.0,0.0,1746.69,1982.5200000000002,0.0,98.0,8.533333333333333,33.0,41.0,26.36,0.9776530844816641,0.2102247521189836
0.0,0.0,1.0,0.0,1069.15,1961.65,0.0,98.0,8.3,91.0,47.0,18.74,0.981124629771712,0.19337647441020586
0.0,0.0,1.0,0.0,1672.88,1733.8814285714288,0.0,39.0,8.3,99.0,49.0,22.01,0.984305844499033,0.17647097349152166
0.0,0.0,1.0,0.0,1514.41,1822.637142857143,2.0,14.0,8.333333333333334,103.0,47.0,20.9,0.9871957872910085,0.15951325197263655
0.0,0.0,1.0,0.0,1464.04,1845.8542857142857,0.0,16.0,8.333333333333334,83.0,46.0,15.25,0.9941098647022418,0.10837701279187609
0.0,0.0,1.0,0.0,829.23,1830.6185714285714,3.0,16.0,8.433333333333334,34.0,50.0,18.91,0.9958270335100595,0.09126072172931188
0.0,0.0,1.0,0.0,453.32,1249.9600000000003,6.0,19.0,8.533333333333333,80.0,49.0,16.84,0.9972495210773451,0.07411742515094437
0.0,0.0,1.0,0.0,936.17,1134.1714285714286,0.0,25.0,7.833333333333333,110.0,44.0,19.92,0.9992088560679753,0.03977011384605572
0.0,0.0,1.0,0.0,1446.06,1188.0157142857145,15.0,15.0,8.2,97.0,44.0,19.08,0.9999855506507186,0.005375731557583884
0.0,0.0,1.0,0.0,1184.64,1118.2671428571427,0.0,39.0,7.666666666666667,87.0,43.0,29.26,0.9989315138848577,-0.046215046983708354
0.0,0.0,1.0,0.0,1654.9,1138.337142857143,7.0,33.0,7.9,90.0,44.0,31.08,0.9979887423155984,-0.06339140486951038
0.0,0.0,1.0,0.0,1804.07,1186.912857142857,12.0,40.0,8.0,98.0,42.0,30.53,0.9952176027737294,-0.09768276782171598
0.0,0.0,1.0,0.0,1929.84,1344.142857142857,45.0,37.0,9.5,82.0,46.0,20.3,0.9912685467787256,-0.13185851571739118
0.0,0.0,1.0,0.0,1123.88,1439.9371428571428,9.0,70.0,9.8,12.0,46.0,27.0,0.9888537064205885,-0.1488903868564548
0.0,0.0,1.0,0.0,726.84,1410.032857142857,20.0,73.0,10.466666666666667,60.0,43.0,21.23,0.986146248341595,-0.16587819893463143
0.0,0.0,1.0,0.0,1531.73,1422.2714285714287,0.0,105.0,9.866666666666667,48.0,50.0,22.81,0.9798567700958665,-0.1997015525660636
0.0,0.0,1.0,0.0,761.03,1361.7557142857142,14.0,105.0,10.333333333333334,49.0,43.0,26.61,0.9762766110869321,-0.21652708524481437
0.0,0.0,1.0,0.0,4476.08,1764.7814285714285,27.0,107.0,11.233333333333333,67.0,46.0,19.42,0.9724075561219968,-0.23328854407545518
0.0,0.0,1.0,0.0,858.66,1629.722857142857,30.0,134.0,12.066666666666666,63.0,46.0,18.16,0.9682507501166718,-0.2499809690726521
0.0,0.0,1.0,0.0,766.48,1463.5285714285712,28.0,119.0,12.166666666666666,25.0,46.0,23.8,0.9638074231367307,-0.26659942067929354
0.0,0.0,1.0,0.0,386.75,1358.2242857142858,0.0,138.0,12.0,48.0,49.0,24.29,0.9590788900341131,-0.28313898122818354
0.0,0.0,1.0,0.0,2317.54,1585.467142857143,37.0,118.0,12.2,53.0,39.0,23.43,0.9540665500578387,-0.2995947563972602
0.0,0.0,1.0,0.0,776.25,1477.5414285714287,0.0,136.0,12.2,47.0,51.0,26.09,0.9487718864399473,-0.31596187665790293
0.0,0.0,1.0,0.0,858.2,1491.422857142857,2.0,270.0,11.833333333333334,26.0,45.0,25.0,0.9248025743285089,-0.38044736628785164
0.0,0.0,1.0,0.0,435.5,914.1971428571429,0.0,244.0,11.833333333333334,100.0,48.0,26.51,0.9181214482844364,-0.39629913726891813
0.0,0.0,1.0,0.0,1829.19,1052.8442857142857,1.0,244.0,9.9,80.0,46.0,27.61,0.9111686353326631,-0.41203363695942635
0.0,0.0,1.0,0.0,1480.03,1154.78,25.0,208.0,9.9,80.0,34.0,22.59,0.9039461929224011,-0.42764620926777464
0.0,0.0,1.0,0.0,1869.13,1366.5485714285714,0.0,233.0,9.566666666666666,91.0,45.0,26.27,0.8964562582905575,-0.44313223418263453
0.0,0.0,1.0,0.0,1590.02,1262.6171428571429,1.0,230.0,9.6,88.0,47.0,30.75,0.8887010478292915,-0.45848712914008766
0.0,0.0,1.0,0.0,1840.08,1414.5928571428574,2.0,220.0,9.533333333333333,93.0,52.0,23.0,0.8806828564301475,-0.47370635037968
0.0,0.0,1.0,0.0,4540.6900000000005,1940.662857142857,32.0,52.0,10.6,96.0,35.0,22.27,0.8550745085896932,-0.518505144391157
0.0,0.0,1.0,0.0,1261.42,2058.651428571429,9.0,78.0,10.9,91.0,48.0,34.6,0.8367329140344921,-0.5476112038402312
0.0,0.0,1.0,0.0,2141.32,2103.2414285714285,1.0,87.0,10.933333333333334,125.0,47.0,32.23,0.8271893372462497,-0.5619233046832195
0.0,0.0,1.0,0.0,2719.58,2280.32,82.0,103.0,13.6,48.0,41.0,10.71,0.8073707443023492,-0.5900444739548627
0.0,0.0,1.0,0.0,331.53,2060.662857142857,6.0,179.0,13.8,110.0,42.0,32.38,0.7971015927871943,-0.6038452208771035
0.0,0.0,1.0,0.0,2261.87,2156.6414285714286,19.0,168.0,14.333333333333334,83.0,45.0,34.84,0.7865965660866021,-0.6174672802835514
0.0,0.0,1.0,0.0,1865.34,2160.25,96.0,155.0,17.333333333333332,77.0,39.0,15.05,0.7758587728069828,-0.6309066211876704
0.0,0.0,1.0,0.0,712.78,1613.4057142857143,4.0,226.0,17.466666666666665,85.0,45.0,30.21,0.753697664392914,-0.6572212950663319
0.0,0.0,1.0,0.0,2445.88,1782.6142857142856,3.0,229.0,17.066666666666666,91.0,50.0,30.76,0.742280907086982,-0.6700888411055113
0.0,0.0,1.0,0.0,1987.29,1760.6100000000001,2.0,214.0,17.133333333333333,23.0,51.0,38.0,0.7306444969184916,-0.6827580970759147
0.0,0.0,1.0,0.0,616.17,1460.122857142857,9.0,134.0,17.2,88.0,45.0,37.9,0.7187918772884232,-0.6952253139408722
0.0,0.0,1.0,0.0,2184.43,1724.8228571428572,39.0,143.0,18.1,37.0,42.0,27.86,0.6433365204044917,-0.765583517007675
0.0,0.0,1.0,0.0,1504.84,1616.6757142857143,29.0,178.0,17.566666666666666,97.0,47.0,29.47,0.6166212130956382,-0.7872599821916922
0.0,0.0,1.0,0.0,1944.12,1627.93,5.0,177.0,17.433333333333334,96.0,42.0,32.53,0.6029878670694714,-0.7977503570459932
0.0,0.0,1.0,0.0,2612.18,1899.2728571428572,0.0,146.0,16.766666666666666,97.0,46.0,29.56,0.5891760872322963,-0.8080046647350754
0.0,0.0,1.0,0.0,1920.89,1824.2742857142857,0.0,110.0,16.766666666666666,91.0,51.0,30.05,0.5751899607119775,-0.8180198708443174
0.0,0.0,1.0,0.0,1941.85,1817.7828571428574,14.0,110.0,16.766666666666666,86.0,44.0,34.47,0.5610336262283677,-0.8277930117131022
0.0,0.0,1.0,0.0,1926.6,2004.9871428571428,54.0,61.0,17.666666666666668,101.0,43.0,26.33,0.5322271388474397,-0.8466016020976267
0.0,0.0,1.0,0.0,1701.76,1936.0342857142857,18.0,79.0,17.266666666666666,116.0,42.0,28.22,0.5027907197793043,-0.8644081744776648
0.0,0.0,1.0,0.0,2078.36,2017.9657142857143,0.0,92.0,16.333333333333332,101.0,49.0,36.68,0.4878471454423119,-0.8729290708206411
0.0,0.0,1.0,0.0,2574.98,2108.0885714285714,6.0,92.0,16.533333333333335,98.0,45.0,29.38,0.47275920928627757,-0.881191653407483
0.0,0.0,1.0,0.0,1900.14,2006.3685714285714,15.0,98.0,15.8,115.0,46.0,35.68,0.4575313760742512,-0.8891934772070711
0.0,0.0,1.0,0.0,2666.95,2112.9485714285715,30.0,125.0,16.8,94.0,44.0,23.31,0.42667408318992467,-0.9044054548343001
0.0,0.0,1.0,0.0,1424.15,2038.9914285714283,15.0,101.0,17.233333333333334,75.0,52.0,28.96,0.4110537546870351,-0.9116111071930239
0.0,0.0,1.0,0.0,2181.12,2075.3514285714286,33.0,108.0,18.333333333333332,108.0,47.0,24.31,0.37945284372454435,-0.925211078289358
0.0,0.0,1.0,0.0,1745.62,2081.617142857143,6.0,148.0,18.5,99.0,48.0,30.95,0.3474028211842774,-0.9377159910299093
0.0,0.0,1.0,0.0,2895.52,2198.3542857142857,112.0,141.0,21.4,105.0,45.0,14.31,0.31494162072895193,-0.9491110448902284
0.0,0.0,1.0,0.0,1296.98,2015.782857142857,30.0,208.0,22.4,93.0,47.0,28.06,0.2821076626819194,-0.9593827529490743
0.0,0.0,1.0,0.0,1748.7,1994.1485714285714,16.0,196.0,22.9,122.0,40.0,25.66,0.24893980855376657,-0.9685189578512204
0.0,0.0,1.0,0.0,2754.6,2006.6699999999998,7.0,199.0,23.066666666666666,103.0,43.0,27.03,0.23224292400907015,-0.9726578145718654
0.0,0.0,1.0,0.0,1809.6,2061.7342857142858,0.0,81.0,22.0,108.0,43.0,37.2,0.18175978759137534,-0.9833429613388902
0.0,0.0,1.0,0.0,3065.61,2188.0899999999997,45.0,81.0,23.2,95.0,43.0,23.38,0.16481784665719793,-0.9863240225317866
0.0,0.0,1.0,0.0,1432.55,2143.365714285714,32.0,96.0,24.233333333333334,85.0,45.0,30.94,0.14782713347053048,-0.9890132145779883
0.0,0.0,1.0,0.0,1722.65,1975.8128571428572,35.0,112.0,22.666666666666668,105.0,46.0,27.95,0.11371951458594969,-0.9935128947338007
0.0,0.0,1.0,0.0,2820.4300000000003,2193.4485714285715,14.0,140.0,22.933333333333334,41.0,47.0,35.02,0.0966127018812031,-0.9953220513156602
0.0,0.0,1.0,0.0,954.94,2080.0542857142855,33.0,138.0,23.4,98.0,44.0,32.8,0.07947729992362097,-0.9968366760893436
0.0,0.0,1.0,0.0,2867.03,2096.115714285714,23.0,160.0,20.966666666666665,72.0,42.0,24.26,0.062318379354325076,-0.998056320853012
0.0,0.0,1.0,0.0,1118.08,1997.327142857143,6.0,183.0,21.033333333333335,110.0,43.0,34.23,0.04514101777397193,-0.9989806246941579
0.0,0.0,1.0,0.0,2979.78,1985.0657142857144,0.0,174.0,20.933333333333334,77.0,49.0,20.36,0.01075130776352193,-0.9999422030204416
0.0,0.0,1.0,0.0,1081.92,1934.9757142857145,8.0,173.0,21.133333333333333,79.0,46.0,25.06,-0.00645086419810515,-0.9999791929590823
0.0,0.0,1.0,0.0,1287.0,1872.74,0.0,146.0,20.833333333333332,21.0,46.0,24.76,-0.023651127245231586,-0.9997202729664083
0.0,0.0,1.0,0.0,348.4,1519.5928571428572,15.0,132.0,20.033333333333335,121.0,44.0,22.8,-0.04084439154329611,-0.9991655196610109
0.0,0.0,1.0,0.0,1765.76,1635.4242857142858,0.0,114.0,19.066666666666666,98.0,46.0,24.98,-0.05802556932878035,-0.9983150972033183
0.0,0.0,1.0,0.0,2371.6400000000003,1564.6542857142856,0.0,85.0,18.9,73.0,47.0,25.15,-0.09233133369539122,-0.9957283388645872
0.0,0.0,1.0,0.0,1230.12,1580.66,0.0,23.0,18.9,107.0,49.0,27.37,-0.10944576864891556,-0.993992768446958
0.0,0.0,1.0,0.0,3849.37,1704.8871428571426,23.0,22.0,19.666666666666668,32.0,41.0,14.91,-0.1435724234118113,-0.9896398128792412
0.0,0.0,1.0,0.0,305.28,1593.9385714285713,12.0,116.0,19.6,99.0,47.0,23.04,-0.17752914918703497,-0.984115542601034
0.0,0.0,1.0,0.0,1516.87,1626.7771428571427,0.0,137.0,17.8,111.0,46.0,27.72,-0.2280577712215198,-0.9736476020539838
0.0,0.0,1.0,0.0,2076.98,1873.717142857143,15.0,137.0,17.7,96.0,44.0,28.83,-0.24477230089725957,-0.9695805901076308
0.0,0.0,1.0,0.0,1799.2,1878.4942857142855,0.0,145.0,17.7,18.0,48.0,26.33,-0.2614143985111562,-0.965226663665613
0.0,0.0,1.0,0.0,324.69,1586.0728571428572,0.0,122.0,17.5,95.0,44.0,25.97,-0.2779791393987801,-0.9605871111248129
0.0,0.0,1.0,0.0,1640.56,1644.7071428571428,7.0,36.0,17.233333333333334,81.0,45.0,20.01,-0.2944616217868012,-0.9556633054034704
0.0,0.0,1.0,0.0,1086.07,1249.95,7.0,31.0,16.466666666666665,97.0,43.0,23.62,-0.3108569682435036,-0.9504567035349151
0.0,0.0,1.0,0.0,1466.24,1415.8014285714285,0.0,49.0,15.966666666666667,42.0,45.0,29.1,-0.3754703786876202,-0.9268343944460494
0.0,0.0,1.0,0.0,806.52,1314.3228571428572,0.0,49.0,14.866666666666667,92.0,50.0,20.48,-0.3913578365610259,-0.9202385798054075
0.0,0.0,1.0,0.0,1309.38,1204.6657142857143,3.0,49.0,14.766666666666667,93.0,50.0,23.67,-0.4071294853542516,-0.9133704517637858
0.0,0.0,1.0,0.0,1551.71,1169.31,3.0,45.0,11.133333333333333,82.0,49.0,26.45,-0.4227806579826773,-0.9062320427107697
0.0,0.0,1.0,0.0,1485.77,1335.1785714285713,14.0,57.0,10.6,83.0,47.0,21.4,-0.45370308603134424,-0.8911529104063088
0.0,0.0,1.0,0.0,1172.16,1268.2642857142857,0.0,56.0,10.066666666666666,82.0,46.0,27.13,-0.46896519100763184,-0.8832166493127127
0.0,0.0,1.0,0.0,1909.13,1385.8442857142857,0.0,36.0,9.833333333333334,30.0,44.0,27.2,-0.48408852163897587,-0.8750190302029955
0.0,0.0,1.0,0.0,1252.48,1355.3071428571432,21.0,90.0,10.533333333333333,78.0,45.0,18.38,-0.5431052396834317,-0.8396646346181327
0.0,0.0,1.0,0.0,924.93,1372.2228571428573,33.0,95.0,10.133333333333333,97.0,43.0,18.61,-0.5574684374327892,-0.8301981337405212
0.0,0.0,1.0,0.0,1137.15,1347.6185714285714,14.0,114.0,9.533333333333333,74.0,44.0,21.99,-0.5716666713027052,-0.8204859638785327
0.0,0.0,1.0,0.0,1065.68,1278.1857142857145,4.0,128.0,8.5,20.0,49.0,26.55,-0.5856957398073508,-0.8105309990194823
0.0,0.0,1.0,0.0,369.05,1118.6542857142856,25.0,111.0,8.866666666666667,100.0,42.0,16.5,-0.6132298262997502,-0.7899045386224707
0.0,0.0,1.0,0.0,1801.75,1208.5957142857144,14.0,124.0,8.233333333333333,82.0,49.0,21.38,-0.6267266965083301,-0.7792391467859886
0.0,0.0,1.0,0.0,1209.57,1108.6585714285713,36.0,111.0,8.666666666666666,76.0,50.0,12.99,-0.6400381082043503,-0.7683431655492202
0.0,0.0,1.0,0.0,690.9,1028.432857142857,3.0,119.0,8.566666666666666,95.0,48.0,24.47,-0.666088855860977,-0.7458723993404063
0.0,0.0,1.0,0.0,1920.25,1170.6214285714286,30.0,108.0,9.566666666666666,34.0,37.0,18.24,-0.6788204829862355,-0.734304263829602
0.0,0.0,1.0,0.0,378.2,1062.2,12.0,134.0,9.7,79.0,47.0,21.13,-0.6913512362094071,-0.722518835873311
0.0,0.0,1.0,0.0,1854.23,1174.8500000000001,10.0,144.0,10.033333333333333,105.0,40.0,21.91,-0.7157953492826642,-0.6983101158835584
0.0,0.0,1.0,0.0,1415.12,1324.2885714285715,0.0,113.0,9.533333333333333,77.0,47.0,21.92,-0.7393922635959241,-0.673274892250183
0.0,0.0,1.0,0.0,1122.52,1227.2557142857142,0.0,87.0,9.533333333333333,95.0,45.0,18.65,-0.7508642533989489,-0.6604565640279754
0.0,0.0,1.0,0.0,1169.52,1221.5342857142857,9.0,84.0,9.833333333333334,43.0,44.0,19.4,-0.7621140503891487,-0.6474427960827475
0.0,0.0,1.0,0.0,542.1,1200.2771428571427,0.0,53.0,9.833333333333334,76.0,46.0,19.46,-0.7839338166829201,-0.620844401650647
0.0,0.0,1.0,0.0,998.33,1068.5742857142857,0.0,73.0,9.066666666666666,84.0,41.0,19.65,-0.8247650844733614,-0.5654755126737576
0.0,0.0,1.0,0.0,1064.89,1166.672857142857,37.0,73.0,9.9,20.0,39.0,17.5,-0.8343701235229538,-0.5512045872199277
0.0,0.0,1.0,0.0,217.0,932.7828571428572,18.0,101.0,10.5,91.0,47.0,24.27,-0.8437282590292712,-0.5367705514607103
0.0,0.0,1.0,0.0,1480.03,942.0557142857143,0.0,117.0,10.0,74.0,46.0,21.19,-0.8528367217694595,-0.522177676659508
0.0,0.0,1.0,0.0,1034.88,929.5357142857143,0.0,83.0,10.0,92.0,46.0,26.2,-0.886721063082993,-0.46230483047981086
0.0,0.0,1.0,0.0,1638.8,996.5757142857144,17.0,83.0,10.566666666666666,45.0,48.0,27.24,-0.8945422369764496,-0.4469834295196741
0.0,0.0,1.0,0.0,1225.81,1094.2485714285715,2.0,63.0,10.4,101.0,47.0,22.34,-0.9020987014301837,-0.43152975897147144
0.0,0.0,1.0,0.0,1534.08,1170.7842857142857,29.0,47.0,11.133333333333333,83.0,45.0,20.49,-0.9093882203647925,-0.4159483918249421
0.0,0.0,1.0,0.0,1122.66,1179.037142857143,5.0,76.0,11.3,79.0,47.0,22.78,-0.9164086366943458,-0.4002439388573056
0.0,0.0,1.0,0.0,1251.0,1326.7514285714285,57.0,77.0,13.2,113.0,44.0,22.12,-0.9231578729647039,-0.38442104726885545
0.0,0.0,1.0,0.0,1611.86,1345.5842857142857,0.0,122.0,13.1,83.0,47.0,27.05,-0.9358348973349941,-0.35243871088460327
0.0,0.0,1.0,0.0,1481.7,1409.4157142857143,15.0,188.0,13.5,95.0,42.0,21.42,-0.9527692922168511,-0.30369503751065885
0.0,0.0,1.0,0.0,1302.4,1361.3585714285714,28.0,174.0,13.966666666666667,97.0,48.0,17.87,-0.9578523554276669,-0.28726097055059635
0.0,0.0,1.0,0.0,1169.78,1353.3542857142857,29.0,184.0,14.933333333333334,91.0,47.0,15.64,-0.9671667297977312,-0.2541427094613622
0.0,0.0,1.0,0.0,960.53,1271.4185714285716,15.0,201.0,15.433333333333334,80.0,44.0,22.48,-0.97139528468375,-0.23746831555846842
0.0,0.0,1.0,0.0,1168.7,1277.9957142857145,5.0,131.0,14.9,68.0,50.0,24.5,-0.9823516608469237,-0.18704334906991657
0.0,0.0,1.0,0.0,3579.2,1610.5957142857144,0.0,143.0,13.8,103.0,46.0,26.09,-0.9882042449941422,-0.15314166701312007
0.0,0.0,1.0,0.0,1773.42,1633.6757142857143,7.0,99.0,13.566666666666666,88.0,43.0,25.3,-0.9906923101615609,-0.13612033862266704
0.0,0.0,1.0,0.0,1413.51,1623.9342857142856,0.0,77.0,13.433333333333334,88.0,42.0,23.61,-0.9928872135356962,-0.11905873003404988
0.0,0.0,1.0,0.0,1340.31,1629.35,25.0,62.0,13.433333333333334,34.0,39.0,16.85,-0.994788305609327,-0.10196189005174576
0.0,0.0,1.0,0.0,352.39,1512.58,3.0,87.0,13.066666666666666,90.0,52.0,23.53,-0.9963950238187231,-0.08483487790576538
0.0,0.0,1.0,0.0,1503.78,1590.1871428571428,2.0,95.0,11.933333333333334,71.0,46.0,21.49,-0.9987235240803972,-0.050510617185222886
0.0,0.0,1.0,0.0,1014.79,1568.1999999999996,41.0,47.0,13.2,83.0,44.0,19.05,-0.9994446170919858,-0.033323525711631344
0.0,0.0,1.0,0.0,1003.94,1200.3057142857142,12.0,88.0,12.6,95.0,43.0,27.81,-0.9998699583618592,-0.016126573270657762
0.0,0.0,1.0,0.0,1690.88,1188.5142857142857,28.0,93.0,13.133333333333333,94.0,45.0,24.83,-0.9999994220246925,0.001075151282798226
0.0,0.0,1.0,0.0,1540.44,1206.6471428571426,66.0,110.0,15.0,93.0,40.0,9.91,-0.9986126020839734,0.052658056924614005
0.0,0.0,1.0,0.0,576.25,1097.4957142857143,0.0,166.0,15.0,84.0,45.0,30.93,-0.9975590477788613,0.06982797572987089
0.0,0.0,1.0,0.0,1753.65,1297.6757142857143,16.0,150.0,15.533333333333333,98.0,42.0,23.99,-0.9945667569706337,0.1041007489354256
0.0,0.0,1.0,0.0,1803.88,1340.547142857143,16.0,154.0,15.766666666666667,108.0,43.0,33.06,-0.9926289059345095,0.121193461470736
0.0,0.0,1.0,0.0,6209.4400000000005,2082.6400000000003,9.0,125.0,16.066666666666666,79.0,43.0,26.54,-0.9878726596350429,0.15526624985999563
0.0,0.0,1.0,0.0,1352.57,2132.444285714286,33.0,134.0,17.166666666666668,84.0,39.0,16.54,-0.9850556718215013,0.172236243027682
0.0,0.0,1.0,0.0,833.4,2009.9471428571428,16.0,101.0,16.466666666666665,76.0,37.0,24.07,-0.981947190186646,0.18915526872004093
0.0,0.0,1.0,0.0,1097.4,1946.6557142857143,21.0,120.0,16.566666666666666,87.0,43.0,18.56,-0.9748595108374125,0.22282040779479959
0.0,0.0,1.0,0.0,1025.53,2010.8385714285712,61.0,125.0,18.6,81.0,44.0,10.17,-0.9708824104813836,0.23955655912092708
0.0,0.0,1.0,0.0,535.6,1836.8314285714284,32.0,170.0,19.666666666666668,24.0,44.0,20.38,-0.9666180104000972,0.2562218218071163
0.0,0.0,1.0,0.0,317.85,1624.5414285714287,26.0,202.0,19.966666666666665,90.0,44.0,19.78,-0.9620675724981452,0.27281126433401914
0.0,0.0,1.0,0.0,1757.9,988.6071428571429,3.0,219.0,20.0,115.0,45.0,33.1,-0.957232443323312,0.28931997761869527
0.0,0.0,1.0,0.0,2550.02,1159.6714285714286,25.0,189.0,19.866666666666667,88.0,45.0,17.53,-0.9521140536681102,0.3057430764672831
0.0,0.0,1.0,0.0,1018.38,1186.097142857143,5.0,204.0,19.866666666666667,99.0,45.0,33.84,-0.9350748843515574,0.3544502230989869
0.0,0.0,1.0,0.0,2244.5,1349.9685714285715,15.0,148.0,18.466666666666665,35.0,46.0,31.06,-0.9288394302558068,0.3704825404820963
0.0,0.0,1.0,0.0,1037.86,1351.7299999999998,59.0,131.0,20.433333333333334,92.0,48.0,17.57,-0.9223291176290545,0.3864052261209853
0.0,0.0,1.0,0.0,1082.72,1429.89,73.0,164.0,22.366666666666667,74.0,49.0,10.59,-0.9155458729775467,0.40221356823680365
0.0,0.0,1.0,0.0,533.12,1460.642857142857,3.0,234.0,21.533333333333335,89.0,44.0,28.81,-0.9084917035725082,0.41790288888678667
0.0,0.0,1.0,0.0,5641.42,2015.4314285714286,2.0,212.0,20.633333333333333,93.0,49.0,34.57,-0.9011686968561569,0.4334685453485363
0.0,0.0,1.0,0.0,2218.35,1968.05,21.0,168.0,20.833333333333332,103.0,44.0,27.78,-0.8935790198239952,0.4489059314938798
0.0,0.0,1.0,0.0,1873.96,2090.2757142857145,45.0,178.0,22.166666666666668,100.0,39.0,22.14,-0.8857249183835637,0.4642104791518923
0.0,0.0,1.0,0.0,1339.47,1960.9857142857143,0.0,205.0,22.166666666666668,112.0,43.0,33.73,-0.8692328164574792,0.49440298420761813
0.0,0.0,1.0,0.0,2474.59,2166.2328571428575,9.0,146.0,22.233333333333334,83.0,45.0,30.34,-0.8605996962501181,0.5092820071573356
0.0,0.0,1.0,0.0,1674.47,2250.7685714285712,24.0,82.0,23.033333333333335,91.0,40.0,20.0,-0.8517119107469189,0.5240103253675756
0.0,0.0,1.0,0.0,1464.3,2383.7942857142857,24.0,103.0,23.0,79.0,48.0,27.43,-0.8425720899866032,0.5385835804920232
0.0,0.0,1.0,0.0,1473.56,1788.3857142857141,22.0,125.0,23.633333333333333,110.0,50.0,20.96,-0.8331829385891785,0.5529974600700271
0.0,0.0,1.0,0.0,1614.2,1702.0785714285716,32.0,126.0,24.633333333333333,98.0,47.0,23.3,-0.8235472349556007,0.5672476988027229
0.0,0.0,1.0,0.0,1529.61,1652.8857142857141,45.0,113.0,24.766666666666666,36.0,42.0,27.64,-0.8136678304455991,0.5813300798152042
0.0,0.0,1.0,0.0,4581.83,2116.08,39.0,156.0,25.666666666666668,113.0,44.0,20.03,-0.8035476485339116,0.5952404359043674
0.0,0.0,1.0,0.0,1459.63,1971.0857142857142,43.0,195.0,26.166666666666668,80.0,44.0,25.86,-0.7931896839451843,0.6089746507720486
0.0,0.0,1.0,0.0,1334.51,1922.52,31.0,208.0,25.0,92.0,46.0,19.36,-0.7717727365467836,0.6358984534680745
0.0,0.0,1.0,0.0,1193.27,1883.8014285714285,10.0,215.0,25.333333333333332,85.0,42.0,35.15,-0.7607200913564104,0.6490800741100398
0.0,0.0,1.0,0.0,2200.38,1987.6328571428571,75.0,203.0,27.3,106.0,43.0,14.58,-0.7494423368521954,0.6620696215153815
0.0,0.0,1.0,0.0,1406.44,1957.9528571428568,14.0,246.0,27.233333333333334,25.0,48.0,26.48,-0.7379428103031386,0.6748632518680403
0.0,0.0,1.0,0.0,3144.4700000000003,2188.647142857143,2.0,215.0,27.0,91.0,46.0,24.76,-0.7262249146041543,0.6874571793269664
0.0,0.0,1.0,0.0,1509.51,1749.7442857142858,78.0,178.0,28.5,88.0,40.0,10.42,-0.7142921172691032,0.699847677146407
0.0,0.0,1.0,0.0,582.29,1624.41,0.0,213.0,27.966666666666665,89.0,54.0,24.72,-0.7021479494046978,0.7120310787787131
0.0,0.0,1.0,0.0,1584.0,1660.0514285714287,7.0,210.0,27.5,96.0,46.0,31.77,-0.6897960046655887,0.7240037789593305
0.0,0.0,1.0,0.0,2013.0,1777.1557142857143,27.0,193.0,26.366666666666667,85.0,49.0,25.6,-0.6644834655228552,0.7473029667054296
0.0,0.0,1.0,0.0,2313.32,1793.2899999999997,37.0,145.0,26.533333333333335,32.0,49.0,25.03,-0.6515303615068021,0.75862255966641
0.0,0.0,1.0,0.0,1192.69,1762.7542857142857,99.0,135.0,28.966666666666665,90.0,43.0,9.74,-0.6115298757991053,0.7912213413483807
0.0,0.0,1.0,0.0,561.28,1393.7271428571428,1.0,234.0,28.9,88.0,46.0,29.91,-0.5978291414589552,0.801623551065242
0.0,0.0,1.0,0.0,1763.44,1430.0028571428572,3.0,218.0,28.166666666666668,87.0,44.0,31.61,-0.5699010576127624,0.8217133225960589
0.0,0.0,1.0,0.0,2492.0,1702.8185714285714,68.0,194.0,30.266666666666666,31.0,42.0,10.61,-0.5556819724760489,0.8313949395234058
0.0,0.0,1.0,0.0,210.56,1506.6128571428574,0.0,225.0,29.766666666666666,86.0,52.0,29.26,-0.5412984521036173,0.8408305333122887
0.0,0.0,1.0,0.0,1798.94,1476.032857142857,11.0,180.0,28.166666666666668,103.0,51.0,24.52,-0.5267547528105542,0.8500173118187018
0.0,0.0,1.0,0.0,1742.94,1394.55,26.0,189.0,26.6,87.0,43.0,18.97,-0.5120551783114646,0.8589525565270845
0.0,0.0,1.0,0.0,4947.75,1930.9871428571428,24.0,116.0,27.3,105.0,40.0,20.37,-0.4972040784469378,0.8676336233547726
0.0,0.0,1.0,0.0,1336.88,2041.7871428571432,29.0,162.0,28.2,90.0,46.0,19.81,-0.46706492487743034,0.8842230238742036
0.0,0.0,1.0,0.0,1718.7,2035.3957142857143,87.0,188.0,30.4,26.0,44.0,10.12,-0.451785789832884,0.8921264484954345
0.0,0.0,1.0,0.0,170.95,1703.817142857143,12.0,207.0,29.3,86.0,46.0,26.6,-0.4363729641045924,0.8997658785476209
0.0,0.0,1.0,0.0,2934.08,2092.8914285714286,2.0,219.0,29.366666666666667,91.0,48.0,20.85,-0.42083100859565564,0.9071390534005044
0.0,0.0,1.0,0.0,1289.96,2020.18,13.0,210.0,29.5,85.0,41.0,20.86,-0.4051645224207563,0.9142437912130223
0.0,0.0,1.0,0.0,1116.99,1930.7585714285713,2.0,197.0,28.766666666666666,78.0,49.0,23.28,-0.3893781415452015,0.9210779895789526
0.0,0.0,1.0,0.0,1271.2,1405.537142857143,12.0,137.0,28.366666666666667,28.0,42.0,24.96,-0.34134651424503615,0.9399375283564133
0.0,0.0,1.0,0.0,436.88,1276.9657142857143,0.0,62.0,27.633333333333333,85.0,53.0,24.24,-0.3251276029999093,0.9456701548465688
0.0,0.0,1.0,0.0,1462.6,1240.3799999999999,10.0,50.0,26.9,87.0,46.0,28.85,-0.30881248126625377,0.9511229423235357
0.0,0.0,1.0,0.0,1669.15,1454.4085714285716,52.0,83.0,27.133333333333333,101.0,44.0,18.8,-0.2593382659754056,0.9657865518844574
0.0,0.0,1.0,0.0,1234.35,1211.59,0.0,135.0,25.833333333333332,88.0,45.0,24.31,-0.2426868445825954,0.9701046827361175
0.0,0.0,1.0,0.0,1422.44,1230.5157142857145,56.0,205.0,26.266666666666666,91.0,48.0,18.01,-0.15845177496083632,0.9873667175937016
0.0,0.0,1.0,0.0,2739.13,1462.25,5.0,247.0,25.4,22.0,50.0,27.82,-0.10730813165636247,0.9942258118156161
0.0,0.0,1.0,0.0,2855.4,1688.5642857142855,4.0,252.0,25.2,78.0,43.0,21.85,-0.09019000427034513,0.9959245770286599
0.0,0.0,1.0,0.0,1107.6,1784.3814285714286,29.0,126.0,23.666666666666668,96.0,46.0,19.68,-0.07304518821104743,0.9973286321364752
0.0,0.0,1.0,0.0,1265.63,1756.2428571428572,10.0,153.0,23.533333333333335,102.0,42.0,28.11,-0.05587875690537313,0.9984375616565666
0.0,0.0,1.0,0.0,1877.88,1786.0614285714287,0.0,158.0,23.466666666666665,87.0,50.0,25.63,-0.03869579017652689,0.9992510374388481
0.0,0.0,1.0,0.0,2238.0,1929.44,29.0,102.0,21.833333333333332,101.0,45.0,21.16,-0.021501372740813793,0.999768818762748
0.0,0.0,1.0,0.0,1410.42,1927.722857142857,44.0,130.0,23.3,89.0,47.0,18.56,-0.004300592702981974,0.9999907524084426
0.0,0.0,1.0,0.0,1098.58,1693.3585714285714,20.0,121.0,23.733333333333334,32.0,49.0,21.75,0.017201575418260506,0.9998520419557735
0.0,0.0,1.0,0.0,473.28,1353.0557142857144,18.0,133.0,23.433333333333334,83.0,47.0,18.86,0.051584366869408364,0.9986686402879997
0.0,0.0,1.0,0.0,1064.2,1346.8557142857142,0.0,122.0,22.2,92.0,47.0,18.03,0.06875540848113941,0.9976335468520451
0.0,0.0,1.0,0.0,1136.42,1328.3971428571429,14.0,112.0,19.366666666666667,110.0,46.0,20.06,0.08590610426133272,0.9963032375991965
0.0,0.0,1.0,0.0,1478.69,1271.3700000000001,0.0,126.0,19.333333333333332,83.0,48.0,18.92,0.10303137904317879,0.9946781061893646
0.0,0.0,1.0,0.0,1091.15,1107.5342857142857,18.0,97.0,19.833333333333332,86.0,43.0,17.13,0.1201261651823505,0.9927586335250793
0.0,0.0,1.0,0.0,1554.36,1128.097142857143,10.0,71.0,17.9,34.0,48.0,18.18,0.13718540405660057,0.9905453876091833
0.0,0.0,1.0,0.0,410.97,1029.8671428571429,1.0,61.0,17.933333333333334,90.0,44.0,15.68,0.1542040475626894,0.988039023376751
0.0,0.0,1.0,0.0,917.15,1093.277142857143,0.0,53.0,17.566666666666666,106.0,46.0,17.97,0.22177215755648186,0.975098513039961
0.0,0.0,1.0,0.0,1276.35,1123.5842857142857,3.0,53.0,16.8,81.0,45.0,20.35,0.23851257519407648,0.9711394088771653
0.0,0.0,1.0,0.0,1095.92,1117.7985714285714,27.0,32.0,16.9,107.0,40.0,12.61,0.2717767384711357,0.9623603298276545
0.0,0.0,1.0,0.0,836.38,1026.04,43.0,40.0,17.366666666666667,80.0,46.0,14.1,0.321057654185271,0.9470596510722283
0.0,0.0,1.0,0.0,3076.76,1309.6985714285713,0.0,83.0,14.466666666666667,97.0,50.0,14.6,0.3373010691361842,0.9413968285264122
0.0,0.0,1.0,0.0,1841.2,1350.6757142857143,10.0,89.0,14.4,35.0,41.0,16.51,0.3694836834473831,0.9292372181882051
0.0,0.0,1.0,0.0,364.14,1343.9857142857145,18.0,95.0,14.933333333333334,96.0,43.0,18.02,0.38541335945432564,0.9227440286201427
0.0,0.0,1.0,0.0,1115.85,1372.3714285714289,3.0,86.0,14.6,100.0,49.0,18.38,0.4012289854475009,0.9159777842484877
0.0,0.0,1.0,0.0,1259.03,1369.8971428571429,26.0,68.0,15.4,92.0,40.0,12.61,0.44794493940789115,0.8940611451454876
0.0,0.0,1.0,0.0,725.0,1316.9085714285716,0.0,79.0,15.0,95.0,49.0,17.57,0.49346814167723735,0.8697638720650646
0.0,0.0,1.0,0.0,1168.3,1364.3257142857142,0.0,61.0,15.0,80.0,44.0,15.3,0.5083564379375122,0.8611467540480452
0.0,0.0,1.0,0.0,813.96,1041.0685714285714,13.0,58.0,15.1,102.0,39.0,15.2,0.5230943033491326,0.8522748088519838
0.0,0.0,1.0,0.0,945.5,913.1114285714285,15.0,17.0,13.866666666666667,97.0,46.0,13.31,0.5663619330814524,0.8241566360566663
0.0,0.0,1.0,0.0,864.97,984.6585714285715,7.0,32.0,14.1,31.0,47.0,19.0,0.580454927809098,0.8142923779467267
0.0,0.0,1.0,0.0,388.74,880.7857142857143,0.0,35.0,12.233333333333333,92.0,46.0,13.2,0.5943761565849831,0.804187157621448
0.0,0.0,1.0,0.0,825.52,818.8557142857143,2.0,35.0,12.133333333333333,95.0,47.0,13.49,0.6216868902665479,0.7832658619336791
0.0,0.0,1.0,0.0,865.35,838.9057142857143,0.0,24.0,12.0,80.0,51.0,17.24,0.6612634749656386,0.7501537286959042
0.0,0.0,1.0,0.0,965.3,809.9057142857143,21.0,8.0,11.733333333333333,100.0,46.0,7.79,0.6990793005655562,0.7150441465537444
0.0,0.0,1.0,0.0,514.14,767.0742857142858,0.0,29.0,11.4,88.0,51.0,14.81,0.7112757519738152,0.7029130847082615
0.0,0.0,1.0,0.0,918.62,763.2342857142858,8.0,27.0,11.666666666666666,85.0,42.0,15.92,0.7232617254437388,0.6905740195722293
0.0,0.0,1.0,0.0,865.92,763.37,0.0,35.0,10.7,112.0,44.0,18.17,0.7350336741329413,0.6780306024735382
0.0,0.0,1.0,0.0,1363.45,902.6142857142858,0.0,35.0,9.233333333333333,104.0,45.0,17.09,0.746588114532413,0.6652865452111116
0.0,0.0,1.0,0.0,1172.82,952.2285714285715,0.0,35.0,8.566666666666666,31.0,46.0,19.29,0.7579216274973472,0.6523456189565257
0.0,0.0,1.0,0.0,403.65,886.2714285714285,8.0,29.0,8.233333333333333,84.0,46.0,17.08,0.7690308592589181,0.6392116531380588
0.0,0.0,1.0,0.0,954.28,884.6971428571429,7.0,37.0,8.466666666666667,110.0,40.0,18.43,0.7799125224167177,0.6258885343075018
0.0,0.0,1.0,0.0,1266.88,992.2314285714284,0.0,24.0,8.0,97.0,44.0,13.6,0.8211001178128892,0.5707841943569036
0.0,0.0,1.0,0.0,870.54,985.362857142857,14.0,24.0,8.466666666666667,54.0,51.0,14.11,0.8307970168121247,0.5565755266413303
0.0,0.0,1.0,0.0,533.4,937.8599999999999,0.0,38.0,7.866666666666666,101.0,44.0,15.7,0.8402480696078469,0.5422021592729844
0.0,0.0,1.0,0.0,1054.69,893.7514285714286,0.0,30.0,7.533333333333333,76.0,49.0,13.07,0.8494504794814806,0.527668345562516
0.0,0.0,1.0,0.0,675.24,822.6685714285715,40.0,23.0,8.833333333333334,93.0,45.0,13.33,0.8670985522812081,0.4981366284784055
0.0,0.0,1.0,0.0,818.4,881.9185714285715,0.0,54.0,8.833333333333334,88.0,49.0,20.92,0.8755389928586302,0.4831474640149687
0.0,0.0,1.0,0.0,2599.88,1117.0042857142857,0.0,54.0,8.733333333333333,100.0,52.0,20.23,0.8837203473619977,0.4680153284438345
0.0,0.0,1.0,0.0,1887.33,1205.6399999999999,20.0,43.0,8.5,92.0,43.0,22.92,0.9066860720977985,0.4218060770826634
0.0,0.0,1.0,0.0,1349.76,1274.1000000000001,0.0,63.0,7.066666666666666,104.0,54.0,17.08,0.9138076496466615,0.4061472386305789
0.0,0.0,1.0,0.0,1296.48,1383.1114285714286,45.0,41.0,8.566666666666666,88.0,47.0,12.74,0.9335418911179212,0.35846832151248087
0.0,0.0,1.0,0.0,762.28,1341.3385714285716,7.0,86.0,8.466666666666667,25.0,46.0,23.2,0.9395699859530622,0.342356891994542
0.0,0.0,1.0,0.0,388.6,1300.39,0.0,93.0,7.866666666666666,88.0,46.0,18.06,0.945320046913132,0.3261441535642696
0.0,0.0,1.0,0.0,1072.58,1336.7014285714286,0.0,90.0,7.766666666666667,92.0,47.0,18.33,0.9507903724625832,0.3098349038318025
0.0,0.0,1.0,0.0,1154.91,1130.2771428571427,28.0,70.0,7.833333333333333,85.0,46.0,14.72,0.9608854255574977,0.27694620226893646
0.0,0.0,1.0,0.0,825.66,978.6099999999999,17.0,80.0,8.4,79.0,39.0,22.87,0.969843196967294,0.24372971360968387
0.0,0.0,1.0,0.0,1111.31,944.5457142857142,30.0,52.0,9.4,21.0,44.0,17.71,0.9738922359149924,0.22701082094141847
0.0,0.0,1.0,0.0,243.66,794.1428571428571,0.0,75.0,8.966666666666667,89.0,46.0,21.92,0.9776530844816641,0.2102247521189836
0.0,0.0,1.0,0.0,1307.17,871.9842857142856,6.0,75.0,8.666666666666666,90.0,43.0,18.71,0.9871957872910085,0.15951325197263655
0.0,0.0,1.0,0.0,1086.18,971.6385714285715,9.0,53.0,8.733333333333333,78.0,41.0,22.41,0.9897936029670716,0.14250832791617088
0.0,0.0,1.0,0.0,1092.5,974.4842857142858,0.0,32.0,8.733333333333333,86.0,45.0,16.5,0.9972495210773451,0.07411742515094437
0.0,0.0,1.0,0.0,943.64,944.3028571428573,11.0,32.0,9.033333333333333,88.0,45.0,21.45,0.998376906467142,0.056952196034039754
0.0,0.0,1.0,0.0,1246.08,1004.3628571428573,16.0,43.0,9.566666666666666,115.0,40.0,20.36,0.9992088560679753,0.03977011384605572
0.0,0.0,1.0,0.0,1474.83,1056.2942857142857,10.0,53.0,9.2,84.0,45.0,23.2,0.9997451236925734,0.022576263041545485
0.0,0.0,1.0,0.0,1286.34,1205.2485714285715,0.0,54.0,9.2,29.0,49.0,28.59,0.9999300657962057,-0.011826390691832589
0.0,0.0,1.0,0.0,567.87,1099.6342857142856,18.0,64.0,9.533333333333333,74.0,46.0,27.24,0.9979887423155984,-0.06339140486951038
0.0,0.0,1.0,0.0,1330.56,1134.5457142857142,63.0,71.0,11.633333333333333,77.0,44.0,11.42,0.9967506498213929,-0.08054900421874167
0.0,0.0,1.0,0.0,562.56,1058.84,8.0,118.0,11.9,83.0,38.0,22.57,0.9952176027737294,-0.09768276782171598
0.0,0.0,1.0,0.0,1151.89,1088.59,31.0,116.0,12.933333333333334,22.0,39.0,16.86,0.9912685467787256,-0.13185851571739118
0.0,0.0,1.0,0.0,233.73,943.9685714285714,2.0,147.0,12.733333333333333,57.0,50.0,22.19,0.9888537064205885,-0.1488903868564548
0.0,0.0,1.0,0.0,872.85,857.9714285714286,6.0,134.0,12.7,56.0,43.0,23.05,0.986146248341595,-0.16587819893463143
0.0,0.0,1.0,0.0,839.15,794.0871428571429,0.0,157.0,12.7,46.0,49.0,21.43,0.9798567700958665,-0.1997015525660636
0.0,0.0,1.0,0.0,670.48,808.7457142857144,49.0,86.0,13.866666666666667,56.0,44.0,15.86,0.9724075561219968,-0.23328854407545518
0.0,0.0,1.0,0.0,572.76,700.4885714285714,19.0,135.0,14.5,13.0,45.0,19.85,0.9682507501166718,-0.2499809690726521
0.0,0.0,1.0,0.0,171.57,644.6328571428572,0.0,123.0,14.5,50.0,51.0,19.22,0.9638074231367307,-0.26659942067929354
0.0,0.0,1.0,0.0,677.51,576.8642857142858,0.0,101.0,13.166666666666666,95.0,43.0,27.56,0.9431964659565866,-0.33223549871590435
0.0,0.0,1.0,0.0,4468.06,1181.7685714285715,28.0,101.0,14.1,76.0,48.0,16.95,0.9373419384643772,-0.3484108069446808
0.0,0.0,1.0,0.0,875.84,1182.195714285714,15.0,100.0,14.6,106.0,42.0,25.29,0.9248025743285089,-0.38044736628785164
0.0,0.0,1.0,0.0,2396.25,1404.6385714285716,4.0,115.0,14.066666666666666,101.0,47.0,22.64,0.9181214482844364,-0.39629913726891813
0.0,0.0,1.0,0.0,1566.6,1532.6557142857143,0.0,119.0,14.066666666666666,83.0,47.0,20.31,0.9111686353326631,-0.41203363695942635
0.0,0.0,1.0,0.0,1129.62,1612.207142857143,0.0,108.0,12.566666666666666,56.0,45.0,25.32,0.9039461929224011,-0.42764620926777464
0.0,0.0,1.0,0.0,1346.88,1780.1085714285714,13.0,130.0,12.766666666666667,110.0,46.0,26.27,0.8887010478292915,-0.45848712914008766
0.0,0.0,1.0,0.0,1892.95,1953.7428571428572,9.0,115.0,13.066666666666666,34.0,42.0,28.24,0.8806828564301475,-0.47370635037968
0.0,0.0,1.0,0.0,595.2,1400.4771428571428,9.0,85.0,13.366666666666667,98.0,47.0,29.96,0.8724040568049612,-0.48878539428899265
0.0,0.0,1.0,0.0,2025.84,1564.762857142857,29.0,79.0,13.4,103.0,48.0,24.94,0.8638670987837349,-0.503719798736334
0.0,0.0,1.0,0.0,1759.77,1473.8371428571427,12.0,117.0,13.233333333333333,110.0,50.0,32.9,0.8460288880917339,-0.533137056031809
0.0,0.0,1.0,0.0,2515.21,1609.3528571428567,29.0,103.0,13.2,97.0,46.0,24.32,0.8271893372462497,-0.5619233046832195
0.0,0.0,1.0,0.0,1568.74,1672.0842857142857,12.0,119.0,13.6,24.0,44.0,37.12,0.8174009818249189,-0.5760691233798758
0.0,0.0,1.0,0.0,583.61,1563.045714285714,31.0,122.0,14.433333333333334,106.0,45.0,24.57,0.8073707443023492,-0.5900444739548627
0.0,0.0,1.0,0.0,1679.58,1532.5642857142855,15.0,118.0,14.633333333333333,79.0,46.0,36.76,0.7758587728069828,-0.6309066211876704
0.0,0.0,1.0,0.0,2368.16,1785.8442857142854,40.0,121.0,15.966666666666667,102.0,45.0,25.43,0.7648913904341225,-0.6441592666722685
0.0,0.0,1.0,0.0,2478.1,1850.4528571428568,11.0,143.0,15.966666666666667,103.0,43.0,29.42,0.753697664392914,-0.6572212950663319
0.0,0.0,1.0,0.0,1939.2,1876.0857142857142,0.0,125.0,15.433333333333334,38.0,49.0,34.18,0.742280907086982,-0.6700888411055113
0.0,0.0,1.0,0.0,1333.31,1707.242857142857,15.0,86.0,15.6,82.0,42.0,36.83,0.7187918772884232,-0.6952253139408722
0.0,0.0,1.0,0.0,1947.9,1761.4085714285713,50.0,99.0,17.266666666666666,114.0,44.0,21.74,0.7067265555776158,-0.7074868024503348
0.0,0.0,1.0,0.0,1610.7,1908.1357142857141,0.0,135.0,16.666666666666668,98.0,46.0,28.01,0.6944521021088763,-0.719538934232584
0.0,0.0,1.0,0.0,5237.43,2416.4,10.0,120.0,14.9,102.0,45.0,36.16,0.6819721490904629,-0.7313781428679254
0.0,0.0,1.0,0.0,2470.96,2431.085714285714,12.0,90.0,15.033333333333333,108.0,41.0,27.39,0.6692903895412567,-0.7430009249440493
0.0,0.0,1.0,0.0,1863.54,2343.2914285714287,12.0,91.0,14.4,31.0,47.0,30.77,0.6564105761979381,-0.7544038410927472
0.0,0.0,1.0,0.0,639.18,2157.574285714286,6.0,148.0,14.533333333333333,114.0,45.0,36.15,0.6300720909843687,-0.7765366444428655
0.0,0.0,1.0,0.0,5223.26,2713.281428571429,32.0,139.0,15.4,107.0,46.0,22.84,0.6166212130956382,-0.7872599821916922
0.0,0.0,1.0,0.0,1963.04,2715.444285714286,0.0,121.0,15.4,101.0,49.0,35.07,0.6029878670694714,-0.7977503570459932
0.0,0.0,1.0,0.0,2426.27,2831.9542857142856,0.0,229.0,13.766666666666667,95.0,49.0,34.05,0.5751899607119775,-0.8180198708443174
0.0,0.0,1.0,0.0,2199.8,2398.0071428571428,3.0,217.0,13.233333333333333,40.0,44.0,38.17,0.5610336262283677,-0.8277930117131022
0.0,0.0,1.0,0.0,4163.46,2639.7928571428574,0.0,203.0,13.233333333333333,78.0,48.0,33.03,0.5322271388474397,-0.8466016020976267
0.0,0.0,1.0,0.0,2344.6800000000003,2708.527142857143,0.0,197.0,13.233333333333333,101.0,51.0,35.64,0.5175855102531889,-0.8556314858488706
0.0,0.0,1.0,0.0,2520.0,2977.2157142857145,114.0,165.0,16.1,73.0,45.0,14.58,0.5027907197793043,-0.8644081744776648
0.0,0.0,1.0,0.0,702.24,2331.3557142857144,0.0,279.0,15.6,114.0,53.0,31.0,0.4878471454423119,-0.8729290708206411
0.0,0.0,1.0,0.0,3767.81,2589.1800000000003,19.0,161.0,16.1,81.0,44.0,32.37,0.47275920928627757,-0.881191653407483
0.0,0.0,1.0,0.0,1678.08,2482.2957142857144,10.0,210.0,16.433333333333334,105.0,42.0,26.91,0.44216815196707204,-0.8969321743510065
0.0,0.0,1.0,0.0,1808.64,2426.4157142857143,16.0,176.0,16.966666666666665,107.0,38.0,24.57,0.42667408318992467,-0.9044054548343001
0.0,0.0,1.0,0.0,1590.54,2058.8557142857144,2.0,212.0,16.6,96.0,48.0,26.86,0.3953117887649151,-0.9185469991587165
0.0,0.0,1.0,0.0,2113.7200000000003,2025.8614285714286,0.0,214.0,16.3,98.0,44.0,27.3,0.36348161248290634,-0.9316013725767187
0.0,0.0,1.0,0.0,1765.5,1918.0757142857144,0.0,195.0,16.0,58.0,51.0,29.31,0.3474028211842774,-0.9377159910299093
0.0,0.0,1.0,0.0,1215.5,1991.3985714285716,0.0,162.0,15.033333333333333,91.0,50.0,27.66,0.3312212278016865,-0.9435531242349544
0.0,0.0,1.0,0.0,1724.15,1699.4471428571428,19.0,193.0,15.266666666666667,123.0,43.0,33.92,0.26556302780405594,-0.9640935007889755
0.0,0.0,1.0,0.0,4608.9400000000005,2118.1414285714286,44.0,98.0,15.766666666666667,90.0,43.0,20.41,0.24893980855376657,-0.9685189578512204
0.0,0.0,1.0,0.0,1203.24,2031.6557142857143,94.0,181.0,18.5,101.0,44.0,10.99,0.19864794288017112,-0.9800709131432666
0.0,0.0,1.0,0.0,710.4,1905.9214285714286,0.0,215.0,17.466666666666665,96.0,48.0,30.76,0.16481784665719793,-0.9863240225317866
0.0,0.0,1.0,0.0,4399.57,2232.4714285714285,28.0,197.0,17.9,83.0,43.0,23.58,0.14782713347053048,-0.9890132145779883
0.0,0.0,1.0,0.0,1252.48,2159.1828571428573,5.0,206.0,16.733333333333334,89.0,40.0,28.7,0.13079267585675922,-0.9914097417023038
0.0,0.0,1.0,0.0,1609.02,2215.4,36.0,159.0,17.566666666666666,106.0,45.0,19.85,0.0966127018812031,-0.9953220513156602
0.0,0.0,1.0,0.0,5164.64,2706.8985714285714,39.0,164.0,18.866666666666667,80.0,45.0,24.62,0.07947729992362097,-0.9968366760893436
0.0,0.0,1.0,0.0,1300.2,2234.2214285714285,0.0,109.0,18.366666666666667,101.0,48.0,33.19,0.062318379354325076,-0.998056320853012
0.0,0.0,1.0,0.0,2890.88,2475.3128571428574,20.0,108.0,17.366666666666667,99.0,42.0,33.88,0.04514101777397193,-0.9989806246941579
0.0,0.0,1.0,0.0,2129.79,2678.082857142857,26.0,128.0,18.233333333333334,82.0,49.0,28.78,0.02795029824021032,-0.999609314096404
0.0,0.0,1.0,0.0,1616.6,2280.5157142857142,0.0,126.0,17.9,95.0,49.0,18.83,0.01075130776352193,-0.9999422030204416
0.0,0.0,1.0,0.0,2490.41,2457.362857142857,11.0,121.0,17.866666666666667,21.0,46.0,26.33,-0.00645086419810515,-0.9999791929590823
0.0,0.0,1.0,0.0,367.75,2280.0385714285712,0.0,121.0,17.466666666666665,81.0,47.0,21.15,-0.04084439154329611,-0.9991655196610109
0.0,0.0,1.0,0.0,1156.28,1707.4157142857143,10.0,82.0,17.6,67.0,44.0,24.28,-0.05802556932878035,-0.9983150972033183
0.0,0.0,1.0,0.0,2986.55,1948.322857142857,21.0,92.0,17.233333333333334,85.0,40.0,19.01,-0.07518957641475855,-0.9971692572470178
0.0,0.0,1.0,0.0,1026.16,1681.9342857142858,12.0,87.0,17.633333333333333,118.0,50.0,18.57,-0.10944576864891556,-0.993992768446958
0.0,0.0,1.0,0.0,2148.9700000000003,1684.6742857142856,60.0,99.0,19.633333333333333,31.0,47.0,17.29,-0.12652781683868314,-0.9919630595773397
0.0,0.0,1.0,0.0,793.44,1567.0800000000002,10.0,142.0,19.866666666666667,89.0,45.0,18.4,-0.16057454459499376,-0.9870237158387383
0.0,0.0,1.0,0.0,1081.08,1365.747142857143,6.0,152.0,20.066666666666666,82.0,45.0,23.4,-0.17752914918703497,-0.984115542601034
0.0,0.0,1.0,0.0,1247.35,1491.404285714286,4.0,127.0,20.2,88.0,48.0,24.61,-0.2112757555821793,-0.9774264960104055
0.0,0.0,1.0,0.0,1483.71,1538.18,42.0,111.0,17.8,86.0,50.0,15.52,-0.2280577712215198,-0.9736476020539838
0.0,0.0,1.0,0.0,927.83,1244.077142857143,52.0,98.0,19.533333333333335,102.0,42.0,16.85,-0.2614143985111562,-0.965226663665613
0.0,0.0,1.0,0.0,1100.16,1254.6485714285716,14.0,131.0,19.366666666666667,94.0,47.0,19.67,-0.2779791393987801,-0.9605871111248129
0.0,0.0,1.0,0.0,5058.34,1670.2728571428572,12.0,183.0,19.433333333333334,77.0,37.0,19.31,-0.3271603271220951,-0.9449688462364056
0.0,0.0,1.0,0.0,1209.76,1729.7471428571428,26.0,134.0,19.766666666666666,97.0,41.0,15.99,-0.3754703786876202,-0.9268343944460494
0.0,0.0,1.0,0.0,3073.62,2014.3957142857143,79.0,102.0,22.333333333333332,96.0,48.0,6.61,-0.4071294853542516,-0.9133704517637858
0.0,0.0,1.0,0.0,1240.8,2013.4600000000003,7.0,171.0,22.566666666666666,98.0,47.0,25.83,-0.4227806579826773,-0.9062320427107697
0.0,0.0,1.0,0.0,1657.81,2038.331428571429,0.0,134.0,22.566666666666666,86.0,41.0,18.83,-0.4383067230125192,-0.898825465016444
0.0,0.0,1.0,0.0,1044.26,2054.964285714286,19.0,122.0,23.2,111.0,45.0,23.12,-0.45370308603134424,-0.8911529104063088
0.0,0.0,1.0,0.0,1693.56,2139.7357142857145,13.0,167.0,23.0,94.0,53.0,16.46,-0.5139010013093103,-0.8578494977869301
0.0,0.0,1.0,0.0,1098.37,1574.0257142857142,0.0,101.0,21.533333333333335,100.0,44.0,20.35,-0.5285813283559292,-0.8488826652214553
0.0,0.0,1.0,0.0,4977.1,2112.217142857143,3.0,94.0,18.5,90.0,48.0,20.5,-0.5431052396834317,-0.8396646346181327
0.0,0.0,1.0,0.0,1263.83,1853.6757142857145,0.0,78.0,18.5,32.0,44.0,19.12,-0.5716666713027052,-0.8204859638785327
0.0,0.0,1.0,0.0,403.92,1734.1214285714286,15.0,66.0,18.066666666666666,94.0,42.0,21.76,-0.5856957398073508,-0.8105309990194823
0.0,0.0,1.0,0.0,1298.58,1682.8028571428572,25.0,47.0,18.733333333333334,88.0,42.0,11.75,-0.5995514915196489,-0.8003361849976323
0.0,0.0,1.0,0.0,651.42,1626.6828571428573,23.0,44.0,18.3,94.0,47.0,14.09,-0.6267266965083301,-0.7792391467859886
0.0,0.0,1.0,0.0,880.46,1510.5257142857142,11.0,67.0,17.366666666666667,96.0,45.0,16.23,-0.6400381082043503,-0.7683431655492202
0.0,0.0,1.0,0.0,1020.49,1499.4,0.0,92.0,17.366666666666667,42.0,47.0,24.64,-0.666088855860977,-0.7458723993404063
0.0,0.0,1.0,0.0,708.98,889.6685714285715,7.0,92.0,16.933333333333334,71.0,48.0,18.99,-0.6788204829862355,-0.734304263829602
0.0,0.0,1.0,0.0,923.38,841.0328571428571,129.0,84.0,20.366666666666667,96.0,40.0,7.98,-0.6913512362094071,-0.722518835873311
0.0,0.0,1.0,0.0,467.26,850.0814285714285,15.0,188.0,20.866666666666667,109.0,42.0,18.77,-0.7036774074790128,-0.7105196029692745
0.0,0.0,1.0,0.0,1309.44,851.6328571428572,0.0,226.0,20.5,90.0,45.0,23.51,-0.7277014757264236,-0.6858939875998223
0.0,0.0,1.0,0.0,1385.98,956.5699999999999,2.0,215.0,20.566666666666666,95.0,43.0,20.47,-0.7393922635959241,-0.673274892250183
0.0,0.0,1.0,0.0,1235.08,1007.2299999999999,1.0,210.0,20.266666666666666,75.0,41.0,18.19,-0.7731383255706026,-0.6342374393978054
0.0,0.0,1.0,0.0,886.6,988.1028571428571,0.0,80.0,19.566666666666666,82.0,46.0,19.72,-0.7944973291665992,-0.6072676460566135
0.0,0.0,1.0,0.0,1099.56,1043.8999999999999,13.0,60.0,19.6,83.0,47.0,23.19,-0.8343701235229538,-0.5512045872199277
0.0,0.0,1.0,0.0,1309.0,1098.9885714285715,18.0,64.0,18.2,90.0,46.0,23.4,-0.8437282590292712,-0.5367705514607103
0.0,0.0,1.0,0.0,1400.49,1232.3071428571427,0.0,81.0,17.866666666666667,94.0,47.0,19.54,-0.8528367217694595,-0.522177676659508
0.0,0.0,1.0,0.0,1239.98,1222.3842857142859,12.0,68.0,18.066666666666666,85.0,42.0,19.89,-0.8616928164028522,-0.5074302810827518
0.0,0.0,1.0,0.0,1056.88,1175.3700000000001,0.0,80.0,17.933333333333334,95.0,43.0,24.92,-0.8702939222685674,-0.49253272872205434
0.0,0.0,1.0,0.0,1538.55,1218.7228571428573,12.0,78.0,16.933333333333334,100.0,44.0,21.61,-0.8786374941610001,-0.4774894280028391
0.0,0.0,1.0,0.0,1404.65,1292.73,68.0,68.0,17.466666666666665,91.0,42.0,9.36,-0.8945422369764496,-0.4469834295196741
0.0,0.0,1.0,0.0,545.28,1213.547142857143,0.0,123.0,17.0,95.0,47.0,23.22,-0.9020987014301837,-0.43152975897147144
0.0,0.0,1.0,0.0,1500.08,1240.8442857142857,54.0,120.0,18.4,85.0,45.0,18.07,-0.9164086366943458,-0.4002439388573056
0.0,0.0,1.0,0.0,998.4,1183.402857142857,6.0,169.0,17.733333333333334,76.0,47.0,24.82,-0.9296339319682695,-0.3684843993077793
0.0,0.0,1.0,0.0,1273.05,1188.1271428571429,91.0,163.0,18.133333333333333,32.0,46.0,8.72,-0.9358348973349941,-0.35243871088460327
0.0,0.0,1.0,0.0,1547.53,1258.22,14.0,176.0,18.366666666666667,89.0,44.0,20.82,-0.9474042892438845,-0.32003923622313857
0.0,0.0,1.0,0.0,1213.72,1211.8157142857142,16.0,147.0,18.9,97.0,43.0,20.37,-0.9626519747161487,-0.2707418984477642
0.0,0.0,1.0,0.0,1274.52,1193.2257142857143,14.0,156.0,18.733333333333334,98.0,46.0,21.34,-0.9671667297977312,-0.2541427094613622
0.0,0.0,1.0,0.0,1908.52,1387.9742857142858,21.0,164.0,19.0,26.0,47.0,19.88,-0.97139528468375,-0.23746831555846842
0.0,0.0,1.0,0.0,351.56,1223.8999999999999,11.0,94.0,19.366666666666667,87.0,45.0,24.62,-0.9753363880767837,-0.2207236509605022
0.0,0.0,1.0,0.0,1392.3,1280.1714285714286,8.0,102.0,19.533333333333335,90.0,45.0,26.66,-0.9789888737409319,-0.20391367068311472
0.0,0.0,1.0,0.0,1559.35,1321.0714285714287,0.0,96.0,19.533333333333335,113.0,50.0,24.76,-0.9823516608469237,-0.18704334906991657
0.0,0.0,1.0,0.0,1958.6,1379.7957142857142,12.0,107.0,19.433333333333334,105.0,42.0,23.0,-0.9882042449941422,-0.15314166701312007
0.0,0.0,1.0,0.0,1521.45,1423.7571428571428,32.0,103.0,19.666666666666668,81.0,45.0,15.95,-0.9906923101615609,-0.13612033862266704
0.0,0.0,1.0,0.0,1448.1799999999998,1448.5657142857142,0.0,121.0,18.9,31.0,41.0,27.1,-0.9928872135356962,-0.11905873003404988
0.0,0.0,1.0,0.0,533.4,1252.1200000000001,0.0,100.0,18.533333333333335,84.0,41.0,21.12,-0.994788305609327,-0.10196189005174576
0.0,0.0,1.0,0.0,1117.62,1361.5571428571427,0.0,108.0,18.533333333333335,95.0,43.0,25.44,-0.9977068927101168,-0.06768276175455162
0.0,0.0,1.0,0.0,1583.13,1388.8185714285714,33.0,108.0,19.4,96.0,44.0,17.05,-0.9987235240803972,-0.050510617185222886
0.0,0.0,1.0,0.0,3901.87,1723.4642857142858,0.0,104.0,15.1,97.0,51.0,25.68,-0.9994446170919858,-0.033323525711631344
0.0,0.0,1.0,0.0,1756.16,1694.5442857142857,3.0,92.0,14.7,92.0,44.0,23.88,-0.9998699583618592,-0.016126573270657762
0.0,0.0,1.0,0.0,1450.02,1684.3400000000001,24.0,109.0,15.5,81.0,47.0,18.79,-0.9993706508539969,0.03547255575312556
0.0,0.0,1.0,0.0,1012.13,1622.047142857143,8.0,147.0,15.7,83.0,42.0,28.34,-0.9975590477788613,0.06982797572987089
0.0,0.0,1.0,0.0,1505.28,1760.887142857143,40.0,122.0,17.0,103.0,44.0,21.49,-0.9962102997023297,0.0869772313136861
0.0,0.0,1.0,0.0,1449.52,1808.3014285714287,7.0,204.0,17.233333333333334,30.0,47.0,28.23,-0.9926289059345095,0.121193461470736
0.0,0.0,1.0,0.0,563.25,1662.6042857142857,34.0,188.0,17.933333333333334,88.0,50.0,21.67,-0.9785481345802031,0.20601832032517084
0.0,0.0,1.0,0.0,1315.83,1293.1699999999998,1.0,172.0,17.366666666666667,37.0,44.0,26.24,-0.9708824104813836,0.23955655912092708
0.0,0.0,1.0,0.0,640.86,1133.8414285714284,33.0,205.0,18.466666666666665,93.0,42.0,21.13,-0.9620675724981452,0.27281126433401914
0.0,0.0,1.0,0.0,1228.12,1102.1414285714286,0.0,203.0,18.066666666666666,89.0,48.0,26.42,-0.957232443323312,0.28931997761869527
0.0,0.0,1.0,0.0,2147.95,1264.4014285714286,19.0,155.0,18.7,85.0,46.0,26.34,-0.9223291176290545,0.3864052261209853
0.0,0.0,1.0,0.0,1466.55,1258.8685714285714,0.0,141.0,18.3,109.0,46.0,21.85,-0.9155458729775467,0.40221356823680365
0.0,0.0,1.0,0.0,1584.03,1278.0842857142857,19.0,141.0,16.666666666666668,92.0,40.0,29.53,-0.9084917035725082,0.41790288888678667
0.0,0.0,1.0,0.0,2094.37,1496.8157142857142,9.0,132.0,16.966666666666665,86.0,50.0,27.74,-0.9011686968561569,0.4334685453485363
0.0,0.0,1.0,0.0,2460.34,1660.3171428571427,24.0,87.0,15.966666666666667,39.0,48.0,23.13,-0.8857249183835637,0.4642104791518923
0.0,0.0,1.0,0.0,604.34,1655.1,120.0,103.0,19.766666666666666,93.0,41.0,8.87,-0.8692328164574792,0.49440298420761813
0.0,0.0,1.0,0.0,528.0,1555.0828571428572,35.0,204.0,17.9,74.0,45.0,26.11,-0.8605996962501181,0.5092820071573356
0.0,0.0,1.0,0.0,1255.8,1427.6328571428571,7.0,222.0,17.666666666666668,99.0,42.0,31.0,-0.8425720899866032,0.5385835804920232
0.0,0.0,1.0,0.0,1948.82,1496.5285714285715,4.0,212.0,17.266666666666666,35.0,50.0,27.83,-0.8235472349556007,0.5672476988027229
0.0,0.0,1.0,0.0,1020.8,1416.0671428571427,14.0,192.0,17.266666666666666,77.0,43.0,25.17,-0.8136678304455991,0.5813300798152042
0.0,0.0,1.0,0.0,1664.01,1354.587142857143,16.0,185.0,17.1,113.0,47.0,27.56,-0.8035476485339116,0.5952404359043674
0.0,0.0,1.0,0.0,2039.67,1294.4914285714287,68.0,81.0,19.0,97.0,48.0,9.27,-0.7931896839451843,0.6089746507720486
0.0,0.0,1.0,0.0,615.82,1296.1314285714286,43.0,139.0,20.166666666666668,89.0,46.0,21.78,-0.7717727365467836,0.6358984534680745
0.0,0.0,1.0,0.0,3617.08,1737.4285714285713,31.0,175.0,21.2,88.0,49.0,18.35,-0.7607200913564104,0.6490800741100398
0.0,0.0,1.0,0.0,1098.2,1714.9142857142858,40.0,203.0,22.133333333333333,31.0,42.0,23.23,-0.7494423368521954,0.6620696215153815
0.0,0.0,1.0,0.0,1118.6,1596.3114285714285,5.0,247.0,21.233333333333334,112.0,42.0,30.82,-0.7262249146041543,0.6874571793269664
0.0,0.0,1.0,0.0,2666.28,1831.3799999999999,5.0,236.0,21.4,82.0,48.0,32.06,-0.7142921172691032,0.699847677146407
0.0,0.0,1.0,0.0,1787.72,1849.052857142857,21.0,173.0,22.1,96.0,47.0,23.57,-0.7021479494046978,0.7120310787787131
0.0,0.0,1.0,0.0,1538.84,1777.5057142857142,10.0,191.0,22.433333333333334,108.0,46.0,30.08,-0.6772399381909491,0.7357622347736527
0.0,0.0,1.0,0.0,2176.83,2000.5071428571428,39.0,170.0,22.633333333333333,40.0,42.0,21.02,-0.6644834655228552,0.7473029667054296
0.0,0.0,1.0,0.0,4023.24,2058.5299999999997,22.0,169.0,23.366666666666667,99.0,44.0,19.02,-0.6515303615068021,0.75862255966641
0.0,0.0,1.0,0.0,1214.54,2075.15,37.0,169.0,24.5,113.0,45.0,18.51,-0.6383844591746642,0.7697176640069211
0.0,0.0,1.0,0.0,3037.1800000000003,2349.2328571428575,0.0,201.0,23.7,69.0,46.0,31.23,-0.6250496486104377,0.7805849965070866
0.0,0.0,1.0,0.0,1433.08,2173.0614285714287,31.0,196.0,24.466666666666665,105.0,43.0,19.44,-0.6115298757991053,0.7912213413483807
0.0,0.0,1.0,0.0,1758.65,2168.9085714285716,18.0,206.0,23.733333333333334,85.0,47.0,26.13,-0.5978291414589552,0.801623551065242
0.0,0.0,1.0,0.0,1476.97,2160.07,143.0,157.0,28.266666666666666,90.0,44.0,9.9,-0.5839514998576998,0.8117885474764613
0.0,0.0,1.0,0.0,579.15,1931.8300000000002,3.0,290.0,27.233333333333334,26.0,50.0,29.73,-0.5699010576127624,0.8217133225960589
0.0,0.0,1.0,0.0,533.37,1433.277142857143,3.0,233.0,27.3,86.0,48.0,26.28,-0.5412984521036173,0.8408305333122887
0.0,0.0,1.0,0.0,1548.1,1480.9285714285713,63.0,199.0,28.3,82.0,40.0,10.37,-0.5267547528105542,0.8500173118187018
0.0,0.0,1.0,0.0,522.75,1121.7242857142858,2.0,262.0,28.366666666666667,89.0,48.0,25.39,-0.5120551783114646,0.8589525565270845
0.0,0.0,1.0,0.0,1548.1,1138.155714285714,0.0,233.0,27.733333333333334,122.0,49.0,22.15,-0.4972040784469378,0.8676336233547726
0.0,0.0,1.0,0.0,1904.91,1159.05,1.0,215.0,27.766666666666666,90.0,53.0,21.48,-0.4822058478963526,0.8760579434344281
0.0,0.0,1.0,0.0,1401.42,1148.2571428571428,25.0,73.0,27.966666666666665,40.0,42.0,19.57,-0.46706492487743034,0.8842230238742036
0.0,0.0,1.0,0.0,505.04,1137.67,46.0,95.0,29.2,90.0,45.0,17.79,-0.451785789832884,0.8921264484954345
0.0,0.0,1.0,0.0,1535.66,1280.8542857142857,38.0,140.0,29.666666666666668,104.0,42.0,16.17,-0.4363729641045924,0.8997658785476209
0.0,0.0,1.0,0.0,1076.48,1213.48,33.0,175.0,26.766666666666666,87.0,41.0,17.4,-0.42083100859565564,0.9071390534005044
0.0,0.0,1.0,0.0,953.82,1275.0614285714287,10.0,145.0,25.933333333333334,81.0,44.0,25.57,-0.4051645224207563,0.9142437912130223
0.0,0.0,1.0,0.0,1356.51,1247.6914285714286,20.0,153.0,26.366666666666667,99.0,44.0,18.53,-0.3893781415452015,0.9210779895789526
0.0,0.0,1.0,0.0,3742.1,1510.1471428571429,29.0,173.0,27.2,105.0,42.0,18.09,-0.37347653741307074,0.9276396261490467
0.0,0.0,1.0,0.0,1870.86,1577.2100000000003,5.0,201.0,26.9,28.0,46.0,23.43,-0.3574644155648614,0.9339267592294762
0.0,0.0,1.0,0.0,446.08,1568.787142857143,47.0,209.0,27.933333333333334,81.0,47.0,18.31,-0.29240597695107734,0.9562942772197719
0.0,0.0,1.0,0.0,4857.2,2043.292857142857,0.0,230.0,25.666666666666668,71.0,48.0,25.45,-0.2593382659754056,0.9657865518844574
0.0,0.0,1.0,0.0,3334.83,2365.914285714286,24.0,201.0,25.033333333333335,38.0,42.0,20.87,-0.2426868445825954,0.9701046827361175
0.0,0.0,1.0,0.0,503.56,2301.5914285714284,1.0,220.0,24.033333333333335,85.0,49.0,18.24,-0.22596360824801906,0.974135744004672
0.0,0.0,1.0,0.0,1069.5,2260.5899999999997,14.0,181.0,23.166666666666668,91.0,47.0,24.84,-0.20917350564635637,0.9778785428342386
0.0,0.0,1.0,0.0,1514.2,1942.3185714285714,27.0,171.0,23.9,80.0,42.0,14.69,-0.19232150523909483,0.9813319716704275
0.0,0.0,1.0,0.0,740.25,1780.802857142857,4.0,79.0,23.866666666666667,84.0,51.0,24.19,-0.15845177496083632,0.9873667175937016
0.0,0.0,1.0,0.0,3506.56,2218.0142857142855,4.0,79.0,23.3,84.0,43.0,19.48,-0.14144406768794202,0.9899462489023779
0.0,0.0,1.0,0.0,1071.58,1677.2114285714285,12.0,83.0,23.366666666666667,36.0,38.0,21.03,-0.12439450483979998,0.9922328391893008
0.0,0.0,1.0,0.0,1069.56,1353.6014285714284,0.0,113.0,22.066666666666666,90.0,47.0,25.34,-0.09019000427034513,0.9959245770286599
0.0,0.0,1.0,0.0,1551.08,1503.2471428571428,7.0,99.0,21.566666666666666,78.0,45.0,17.87,-0.07304518821104743,0.9973286321364752
0.0,0.0,1.0,0.0,920.04,1481.8957142857143,59.0,88.0,22.3,79.0,44.0,17.43,-0.03869579017652689,0.9992510374388481
0.0,0.0,1.0,0.0,901.94,1394.4299999999998,16.0,143.0,22.833333333333332,78.0,42.0,18.69,-0.021501372740813793,0.999768818762748
0.0,0.0,1.0,0.0,911.25,1418.8585714285712,11.0,143.0,22.166666666666668,102.0,42.0,16.37,0.017201575418260506,0.9998520419557735
0.0,0.0,1.0,0.0,1052.1,1068.2214285714285,21.0,111.0,22.266666666666666,101.0,44.0,12.24,0.03439806061360801,0.9994082116062598
0.0,0.0,1.0,0.0,2095.2200000000003,1214.4557142857143,0.0,132.0,17.5,92.0,48.0,12.92,0.051584366869408364,0.9986686402879997
0.0,0.0,1.0,0.0,814.47,1178.0142857142857,0.0,125.0,17.4,87.0,50.0,12.24,0.06875540848113941,0.9976335468520451
0.0,0.0,1.0,0.0,1262.85,1136.8385714285716,13.0,107.0,17.733333333333334,90.0,47.0,11.96,0.08590610426133272,0.9963032375991965
0.0,0.0,1.0,0.0,1144.54,1168.91,8.0,61.0,15.9,105.0,50.0,13.33,0.10303137904317879,0.9946781061893646
0.0,0.0,1.0,0.0,1625.0,1272.2042857142858,0.0,53.0,15.833333333333334,29.0,50.0,15.69,0.1201261651823505,0.9927586335250793
0.0,0.0,1.0,0.0,318.5,1187.5257142857142,11.0,53.0,16.2,105.0,43.0,13.84,0.13718540405660057,0.9905453876091833
0.0,0.0,1.0,0.0,908.12,1166.9571428571428,0.0,53.0,16.166666666666668,85.0,48.0,13.0,0.1542040475626894,0.988039023376751
0.0,0.0,1.0,0.0,745.88,974.1942857142857,2.0,32.0,15.4,87.0,50.0,14.41,0.18809941761179758,0.9821499931752291
0.0,0.0,1.0,0.0,865.26,981.4499999999999,0.0,32.0,13.866666666666667,108.0,46.0,12.04,0.22177215755648186,0.975098513039961
0.0,0.0,1.0,0.0,871.0,925.4714285714284,0.0,24.0,12.6,26.0,44.0,17.04,0.23851257519407648,0.9711394088771653
0.0,0.0,1.0,0.0,292.38,803.7342857142856,0.0,24.0,11.5,93.0,52.0,15.17,0.2551824131233728,0.9668929289391521
0.0,0.0,1.0,0.0,1001.81,714.7071428571428,0.0,13.0,11.166666666666666,104.0,49.0,12.19,0.2717767384711357,0.9623603298276545
0.0,0.0,1.0,0.0,874.92,794.1957142857143,0.0,13.0,10.5,97.0,46.0,12.67,0.2882906407095177,0.9575429528116719
0.0,0.0,1.0,0.0,829.58,782.9757142857143,12.0,17.0,9.933333333333334,85.0,46.0,11.16,0.3373010691361842,0.9413968285264122
0.0,0.0,1.0,0.0,3458.6,1170.5071428571428,0.0,29.0,9.766666666666667,24.0,46.0,15.88,0.3534446712740877,0.9354554315134164
0.0,0.0,1.0,0.0,255.27,1083.3657142857141,16.0,29.0,8.733333333333333,84.0,46.0,14.26,0.3694836834473831,0.9292372181882051
0.0,0.0,1.0,0.0,2463.69,1310.892857142857,0.0,45.0,8.733333333333333,78.0,47.0,11.6,0.38541335945432564,0.9227440286201427
0.0,0.0,1.0,0.0,1253.9299999999998,1448.2571428571428,0.0,45.0,7.933333333333334,68.0,45.0,12.44,0.4012289854475009,0.9159777842484877
0.0,0.0,1.0,0.0,1459.59,1513.6542857142856,6.0,45.0,8.1,93.0,44.0,16.85,0.4169258813287287,0.908940487313808
0.0,0.0,1.0,0.0,1505.72,1603.7685714285715,9.0,51.0,7.933333333333334,104.0,44.0,13.74,0.4324994021339788,0.901634220265486
0.0,0.0,1.0,0.0,957.43,1622.0328571428574,0.0,43.0,7.033333333333333,102.0,47.0,15.26,0.44794493940789115,0.8940611451454876
0.0,0.0,1.0,0.0,1828.98,1389.23,0.0,31.0,6.9,45.0,42.0,17.27,0.4632579225674917,0.88622350294858
0.0,0.0,1.0,0.0,501.17,1424.3585714285714,0.0,31.0,6.766666666666667,88.0,48.0,15.36,0.4784338202547012,0.8781236129591848
0.0,0.0,1.0,0.0,912.6,1202.7742857142855,0.0,15.0,6.366666666666666,104.0,52.0,10.64,0.49346814167723735,0.8697638720650646
0.0,0.0,1.0,0.0,785.97,1135.922857142857,11.0,15.0,6.733333333333333,72.0,46.0,11.57,0.5083564379375122,0.8611467540480452
0.0,0.0,1.0,0.0,549.78,1005.9499999999999,18.0,26.0,7.1,73.0,46.0,11.01,0.5230943033491326,0.8522748088519838
0.0,0.0,1.0,0.0,538.68,867.8014285714287,2.0,29.0,5.2,107.0,45.0,11.52,0.5521013427459208,0.8337770129585915
0.0,0.0,1.0,0.0,819.95,848.1614285714286,0.0,31.0,4.666666666666667,18.0,49.0,15.56,0.5663619330814524,0.8241566360566663
0.0,0.0,1.0,0.0,193.2,614.4785714285714,0.0,31.0,4.3,109.0,45.0,14.47,0.580454927809098,0.8142923779467267
0.0,0.0,1.0,0.0,1064.48,694.9514285714286,0.0,20.0,3.6,92.0,48.0,10.53,0.6216868902665479,0.7832658619336791
0.0,0.0,1.0,0.0,668.61,660.0957142857143,0.0,2.0,3.6,83.0,40.0,9.9,0.6350683134867438,0.7724559775191742
0.0,0.0,1.0,0.0,521.97,622.3814285714286,0.0,2.0,3.6,107.0,46.0,12.94,0.6482618097757122,0.7614175109532997
0.0,0.0,1.0,0.0,934.88,677.3957142857143,0.0,0.0,3.1666666666666665,37.0,44.0,10.57,0.6612634749656386,0.7501537286959042
0.0,0.0,1.0,0.0,256.11,637.0285714285714,5.0,0.0,3.066666666666667,88.0,47.0,10.34,0.6740694616546161,0.7386679638813748
0.0,0.0,1.0,0.0,600.6,605.6928571428572,0.0,5.0,3.066666666666667,102.0,53.0,10.81,0.6866759803451553,0.726963615332308
0.0,0.0,1.0,0.0,788.65,690.7571428571429,1.0,5.0,2.7333333333333334,77.0,42.0,10.27,0.6990793005655562,0.7150441465537444
0.0,0.0,1.0,0.0,514.15,612.1385714285715,0.0,20.0,2.7333333333333334,20.0,47.0,11.65,0.746588114532413,0.6652865452111116
0.0,0.0,1.0,0.0,157.28,539.0914285714285,0.0,25.0,2.6666666666666665,92.0,42.0,13.33,0.7799125224167177,0.6258885343075018
0.0,0.0,1.0,0.0,784.64,576.6157142857143,0.0,24.0,2.6666666666666665,99.0,47.0,11.97,0.7905633969115482,0.612380204990065
0.0,0.0,1.0,0.0,805.8,558.1757142857143,0.0,10.0,2.6666666666666665,80.0,47.0,9.34,0.8009803309782905,0.5986906625177214
0.0,0.0,1.0,0.0,504.23,593.6214285714285,0.0,10.0,2.6666666666666665,86.0,52.0,9.4,0.8307970168121247,0.5565755266413303
0.0,0.0,1.0,0.0,565.6,588.6214285714286,0.0,0.0,2.6666666666666665,91.0,49.0,12.35,0.8402480696078469,0.5422021592729844
0.0,0.0,1.0,0.0,781.18,587.5542857142857,0.0,0.0,2.6666666666666665,88.0,45.0,9.57,0.8494504794814806,0.527668345562516
0.0,0.0,1.0,0.0,559.93,594.0942857142857,15.0,0.0,2.7666666666666666,95.0,46.0,12.86,0.8670985522812081,0.4981366284784055
0.0,0.0,1.0,0.0,800.41,685.97,9.0,15.0,3.066666666666667,102.0,46.0,11.46,0.8755389928586302,0.4831474640149687
0.0,0.0,1.0,0.0,777.38,684.9328571428571,12.0,24.0,2.933333333333333,99.0,47.0,17.62,0.8916401947968874,0.45274469960737107
0.0,0.0,1.0,0.0,1159.76,735.4985714285714,0.0,36.0,2.933333333333333,96.0,47.0,17.27,0.8992961915530253,0.4373400963303323
0.0,0.0,1.0,0.0,1119.15,823.3442857142857,2.0,36.0,3.0,107.0,45.0,19.16,0.9066860720977985,0.4218060770826634
0.0,0.0,1.0,0.0,1373.5,938.7585714285714,0.0,73.0,2.8,101.0,49.0,14.15,0.9206588168102428,0.3903682146763026
0.0,0.0,1.0,0.0,993.16,969.0414285714286,0.0,58.0,2.5,89.0,45.0,13.72,0.9272375462179537,0.374473674486883
0.0,0.0,1.0,0.0,799.75,1003.3014285714287,14.0,49.0,2.966666666666667,89.0,44.0,14.56,0.9395699859530622,0.342356891994542
0.0,0.0,1.0,0.0,2636.88,1265.6542857142856,17.0,51.0,3.533333333333333,98.0,43.0,16.46,0.945320046913132,0.3261441535642696
0.0,0.0,1.0,0.0,1594.45,1382.3785714285714,0.0,68.0,3.533333333333333,86.0,50.0,13.74,0.9507903724625832,0.3098349038318025
0.0,0.0,1.0,0.0,803.76,1331.5214285714285,0.0,66.0,3.533333333333333,90.0,50.0,16.69,0.9559793438440766,0.2934339689665273
0.0,0.0,1.0,0.0,1043.89,1320.7700000000002,33.0,31.0,4.266666666666667,74.0,46.0,14.03,0.9608854255574977,0.27694620226893646
0.0,0.0,1.0,0.0,695.46,1223.9071428571428,2.0,64.0,3.7333333333333334,87.0,47.0,13.75,0.9655071658143364,0.2603764827344581
0.0,0.0,1.0,0.0,819.26,1199.064285714286,0.0,66.0,3.6666666666666665,17.0,50.0,15.06,0.969843196967294,0.24372971360968387
0.0,0.0,1.0,0.0,176.64,1110.0485714285714,0.0,66.0,3.6666666666666665,75.0,46.0,17.47,0.9738922359149924,0.22701082094141847
0.0,0.0,1.0,0.0,890.8,860.6085714285715,0.0,52.0,3.6666666666666665,102.0,45.0,14.66,0.9776530844816641,0.2102247521189836
0.0,0.0,1.0,0.0,4577.75,1286.7942857142857,0.0,32.0,3.6666666666666665,76.0,50.0,18.47,0.9897936029670716,0.14250832791617088
0.0,0.0,1.0,0.0,975.78,1311.3685714285714,4.0,30.0,3.8,38.0,42.0,18.82,0.992098522791769,0.12546123335273648
0.0,0.0,1.0,0.0,461.18,1228.1242857142856,0.0,34.0,3.8,89.0,45.0,14.21,0.9941098647022418,0.10837701279187609
0.0,0.0,1.0,0.0,847.55,1249.8514285714284,0.0,34.0,3.8,95.0,47.0,15.92,0.9958270335100595,0.09126072172931188
0.0,0.0,1.0,0.0,1020.6,1278.6142857142856,29.0,34.0,4.6,92.0,42.0,11.55,0.9972495210773451,0.07411742515094437
0.0,0.0,1.0,0.0,664.38,1348.2914285714287,24.0,33.0,5.4,90.0,48.0,13.61,0.998376906467142,0.056952196034039754
0.0,0.0,1.0,0.0,820.75,1338.2842857142857,32.0,57.0,6.433333333333334,93.0,46.0,12.68,0.9992088560679753,0.03977011384605572
0.0,0.0,1.0,0.0,789.93,797.1671428571428,3.0,89.0,6.533333333333333,97.0,46.0,16.48,0.9997451236925734,0.022576263041545485
0.0,0.0,1.0,0.0,1063.34,809.6757142857142,25.0,92.0,7.366666666666666,40.0,43.0,15.45,0.9999855506507186,0.005375731557583884
0.0,0.0,1.0,0.0,2456.7,1094.75,3.0,113.0,7.466666666666667,94.0,52.0,20.88,0.9999300657962057,-0.011826390691832589
0.0,0.0,1.0,0.0,3559.92,1482.2314285714285,4.0,116.0,7.6,82.0,48.0,21.7,0.9995786855478958,-0.029025013321975237
0.0,0.0,1.0,0.0,4542.51,1985.3614285714284,0.0,120.0,7.6,87.0,43.0,20.37,0.9989315138848577,-0.046215046983708354
0.0,0.0,1.0,0.0,1142.94,2053.727142857143,10.0,67.0,7.933333333333334,88.0,42.0,23.28,0.9967506498213929,-0.08054900421874167
0.0,0.0,1.0,0.0,1321.61,2125.2785714285715,0.0,45.0,7.933333333333334,87.0,52.0,18.69,0.9952176027737294,-0.09768276782171598
0.0,0.0,1.0,0.0,1162.59,2178.5157142857142,30.0,64.0,8.433333333333334,98.0,46.0,11.21,0.9912685467787256,-0.13185851571739118
0.0,0.0,1.0,0.0,714.35,2128.66,0.0,105.0,8.133333333333333,60.0,47.0,17.17,0.986146248341595,-0.16587819893463143
0.0,0.0,1.0,0.0,695.25,1877.0242857142857,12.0,125.0,8.133333333333333,57.0,45.0,19.18,0.9798567700958665,-0.1997015525660636
0.0,0.0,1.0,0.0,715.92,1470.7385714285715,18.0,148.0,8.733333333333333,13.0,43.0,23.15,0.9724075561219968,-0.23328854407545518
0.0,0.0,1.0,0.0,862.65,945.0442857142856,5.0,119.0,8.833333333333334,46.0,42.0,20.52,0.9682507501166718,-0.2499809690726521
0.0,0.0,1.0,0.0,1456.44,989.8299999999999,29.0,80.0,9.8,50.0,40.0,14.96,0.9540665500578387,-0.2995947563972602
0.0,0.0,1.0,0.0,471.24,868.3485714285714,4.0,56.0,9.933333333333334,32.0,50.0,18.94,0.9373419384643772,-0.3484108069446808
0.0,0.0,1.0,0.0,418.14,761.9985714285715,0.0,37.0,9.466666666666667,92.0,50.0,18.53,0.9248025743285089,-0.38044736628785164
0.0,0.0,1.0,0.0,1176.45,828.0128571428571,13.0,37.0,9.333333333333334,105.0,50.0,20.3,0.9181214482844364,-0.39629913726891813
0.0,0.0,1.0,0.0,1470.39,938.7471428571429,9.0,17.0,9.633333333333333,88.0,42.0,17.72,0.9039461929224011,-0.42764620926777464
0.0,0.0,1.0,0.0,989.97,977.897142857143,0.0,26.0,9.633333333333333,82.0,44.0,22.73,0.8964562582905575,-0.44313223418263453
0.0,0.0,1.0,0.0,1239.56,1031.7414285714287,12.0,26.0,8.933333333333334,36.0,42.0,19.08,0.8887010478292915,-0.45848712914008766
0.0,0.0,1.0,0.0,443.12,886.9814285714285,0.0,34.0,8.866666666666667,83.0,50.0,18.07,0.8806828564301475,-0.47370635037968
0.0,0.0,1.0,0.0,1035.0,967.5185714285715,1.0,34.0,8.9,94.0,49.0,18.62,0.8724040568049612,-0.48878539428899265
0.0,0.0,1.0,0.0,2605.0,1279.9271428571428,25.0,35.0,9.733333333333333,105.0,39.0,17.7,0.8638670987837349,-0.503719798736334
0.0,0.0,1.0,0.0,1124.09,1272.4471428571428,0.0,47.0,9.733333333333333,76.0,44.0,25.0,0.8550745085896932,-0.518505144391157
0.0,0.0,1.0,0.0,1254.0,1241.5342857142857,15.0,47.0,10.233333333333333,108.0,42.0,28.5,0.8460288880917339,-0.533137056031809
0.0,0.0,1.0,0.0,5036.92,1819.67,33.0,53.0,11.2,113.0,42.0,17.69,0.8367329140344921,-0.5476112038402312
0.0,0.0,1.0,0.0,1249.38,1821.0728571428574,20.0,81.0,11.866666666666667,102.0,44.0,25.81,0.8174009818249189,-0.5760691233798758
0.0,0.0,1.0,0.0,1698.29,2000.3828571428571,0.0,101.0,11.866666666666667,97.0,53.0,24.52,0.8073707443023492,-0.5900444739548627
0.0,0.0,1.0,0.0,1712.16,2097.12,0.0,100.0,10.9,108.0,47.0,27.83,0.7971015927871943,-0.6038452208771035
0.0,0.0,1.0,0.0,2044.08,2016.9885714285715,4.0,75.0,10.233333333333333,77.0,44.0,23.81,0.7758587728069828,-0.6309066211876704
0.0,0.0,1.0,0.0,1209.78,2029.23,8.0,40.0,9.433333333333334,26.0,44.0,24.27,0.753697664392914,-0.6572212950663319
0.0,0.0,1.0,0.0,413.31,1909.1314285714286,6.0,41.0,9.533333333333333,111.0,43.0,25.41,0.742280907086982,-0.6700888411055113
0.0,0.0,1.0,0.0,1791.34,1445.4771428571428,0.0,27.0,8.7,93.0,45.0,27.71,0.7306444969184916,-0.6827580970759147
0.0,0.0,1.0,0.0,1713.71,1511.8099999999997,16.0,27.0,9.133333333333333,103.0,44.0,27.88,0.7187918772884232,-0.6952253139408722
0.0,0.0,1.0,0.0,1895.52,1539.9857142857143,17.0,43.0,9.566666666666666,85.0,46.0,21.42,0.6944521021088763,-0.719538934232584
0.0,0.0,1.0,0.0,2037.86,1586.5142857142857,41.0,56.0,10.933333333333334,102.0,47.0,15.74,0.6819721490904629,-0.7313781428679254
0.0,0.0,1.0,0.0,2750.33,1687.4071428571428,7.0,186.0,10.833333333333334,92.0,40.0,26.85,0.6166212130956382,-0.7872599821916922
0.0,0.0,1.0,0.0,1519.05,1731.5885714285712,2.0,244.0,10.9,46.0,50.0,29.28,0.5751899607119775,-0.8180198708443174
0.0,0.0,1.0,0.0,949.64,1808.2071428571428,118.0,182.0,13.833333333333334,70.0,46.0,10.43,0.5175855102531889,-0.8556314858488706
0.0,0.0,1.0,0.0,922.15,1684.037142857143,0.0,227.0,13.833333333333334,96.0,45.0,25.59,0.4575313760742512,-0.8891934772070711
0.0,0.0,1.0,0.0,2138.19,1744.677142857143,33.0,198.0,14.533333333333333,89.0,45.0,19.99,0.42667408318992467,-0.9044054548343001
0.0,0.0,1.0,0.0,1881.25,1742.6385714285716,14.0,131.0,14.4,87.0,41.0,25.47,0.3953117887649151,-0.9185469991587165
0.0,0.0,1.0,0.0,3382.08,1934.6699999999998,24.0,144.0,15.033333333333333,98.0,41.0,14.64,0.37945284372454435,-0.925211078289358
0.0,0.0,1.0,0.0,896.88,1669.8914285714286,11.0,153.0,14.433333333333334,34.0,43.0,27.68,0.36348161248290634,-0.9316013725767187
0.0,0.0,1.0,0.0,611.65,1540.2628571428572,7.0,135.0,14.533333333333333,92.0,43.0,21.76,0.3474028211842774,-0.9377159910299093
0.0,0.0,1.0,0.0,1281.28,1587.64,0.0,142.0,14.533333333333333,94.0,43.0,20.86,0.3312212278016865,-0.9435531242349544
0.0,0.0,1.0,0.0,3171.85,1909.0257142857142,29.0,142.0,15.066666666666666,87.0,43.0,16.64,0.31494162072895193,-0.9491110448902284
0.0,0.0,1.0,0.0,926.72,1735.9585714285715,64.0,138.0,16.9,95.0,39.0,8.27,0.2985688173637202,-0.9543881083175908
0.0,0.0,1.0,0.0,479.46,1535.7028571428568,15.0,129.0,17.4,40.0,41.0,23.75,0.24893980855376657,-0.9685189578512204
0.0,0.0,1.0,0.0,598.5,1138.0485714285714,13.0,133.0,17.433333333333334,89.0,45.0,27.53,0.23224292400907015,-0.9726578145718654
0.0,0.0,1.0,0.0,2168.5,1319.7085714285713,12.0,139.0,17.833333333333332,98.0,47.0,26.7,0.21547731504673012,-0.976508846196619
0.0,0.0,1.0,0.0,1727.22,1479.0757142857144,0.0,151.0,17.8,83.0,53.0,21.76,0.19864794288017112,-0.9800709131432666
0.0,0.0,1.0,0.0,1282.26,1479.2157142857143,0.0,122.0,16.966666666666665,86.0,49.0,24.33,0.18175978759137534,-0.9833429613388902
0.0,0.0,1.0,0.0,1433.02,1230.8114285714287,0.0,75.0,16.966666666666665,112.0,44.0,26.12,0.14782713347053048,-0.9890132145779883
0.0,0.0,1.0,0.0,1930.5,1374.2085714285713,11.0,67.0,16.833333333333332,31.0,42.0,29.26,0.13079267585675922,-0.9914097417023038
0.0,0.0,1.0,0.0,571.41,1387.344285714286,5.0,44.0,15.9,96.0,46.0,21.77,0.07947729992362097,-0.9968366760893436
0.0,0.0,1.0,0.0,1389.85,1500.3942857142858,16.0,49.0,15.766666666666667,100.0,45.0,20.2,0.062318379354325076,-0.998056320853012
0.0,0.0,1.0,0.0,1343.3,1382.5085714285713,65.0,65.0,17.933333333333334,101.0,46.0,10.91,0.04514101777397193,-0.9989806246941579
0.0,0.0,1.0,0.0,3575.32,1646.5228571428572,9.0,103.0,18.233333333333334,116.0,44.0,20.28,0.02795029824021032,-0.999609314096404
0.0,0.0,1.0,0.0,1517.68,1680.1542857142856,0.0,112.0,18.1,38.0,47.0,25.39,0.01075130776352193,-0.9999422030204416
0.0,0.0,1.0,0.0,1147.03,1639.2985714285714,35.0,101.0,19.0,88.0,48.0,12.75,-0.00645086419810515,-0.9999791929590823
0.0,0.0,1.0,0.0,757.35,1471.7057142857143,36.0,134.0,20.0,78.0,48.0,12.88,-0.023651127245231586,-0.9997202729664083
0.0,0.0,1.0,0.0,688.43,1488.422857142857,10.0,166.0,20.333333333333332,93.0,48.0,19.16,-0.04084439154329611,-0.9991655196610109
0.0,0.0,1.0,0.0,1229.58,1465.527142857143,36.0,165.0,21.0,88.0,42.0,11.39,-0.07518957641475855,-0.9971692572470178
0.0,0.0,1.0,0.0,641.28,1365.2385714285715,33.0,136.0,21.533333333333335,86.0,40.0,16.63,-0.09233133369539122,-0.9957283388645872
0.0,0.0,1.0,0.0,872.3,979.092857142857,0.0,160.0,20.166666666666668,35.0,50.0,15.77,-0.10944576864891556,-0.993992768446958
0.0,0.0,1.0,0.0,383.64,817.0871428571428,0.0,147.0,19.933333333333334,77.0,49.0,16.84,-0.1435724234118113,-0.9896398128792412
0.0,0.0,1.0,0.0,901.42,782.0,0.0,111.0,19.866666666666667,90.0,49.0,16.58,-0.16057454459499376,-0.9870237158387383
0.0,0.0,1.0,0.0,1044.4,823.0071428571428,33.0,101.0,17.033333333333335,90.0,43.0,17.44,-0.17752914918703497,-0.984115542601034
0.0,0.0,1.0,0.0,4000.1,1296.1028571428574,19.0,124.0,17.666666666666668,79.0,40.0,19.84,-0.19443122004766195,-0.9809161537413774
0.0,0.0,1.0,0.0,979.38,1260.3600000000001,0.0,107.0,16.566666666666666,88.0,50.0,15.18,-0.2112757555821793,-0.9774264960104055
0.0,0.0,1.0,0.0,921.84,1300.44,7.0,74.0,16.333333333333332,26.0,51.0,19.38,-0.2280577712215198,-0.9736476020539838
0.0,0.0,1.0,0.0,347.76,1225.5057142857145,56.0,81.0,17.4,96.0,42.0,14.09,-0.24477230089725957,-0.9695805901076308
0.0,0.0,1.0,0.0,852.39,1292.47,0.0,115.0,17.033333333333335,83.0,48.0,16.2,-0.2614143985111562,-0.965226663665613
0.0,0.0,1.0,0.0,921.33,1295.314285714286,9.0,134.0,17.1,79.0,46.0,15.77,-0.2944616217868012,-0.9556633054034704
0.0,0.0,1.0,0.0,828.59,1264.484285714286,5.0,111.0,17.266666666666666,110.0,48.0,17.23,-0.3271603271220951,-0.9449688462364056
0.0,0.0,1.0,0.0,1288.6,877.1271428571428,0.0,116.0,16.3,17.0,51.0,21.47,-0.34336687399638804,-0.939201357453208
0.0,0.0,1.0,0.0,253.68,773.4557142857142,33.0,109.0,15.266666666666667,79.0,47.0,14.09,-0.3594718130884232,-0.9331559438780432
0.0,0.0,1.0,0.0,1134.15,803.7857142857143,7.0,86.0,15.0,98.0,42.0,17.73,-0.3754703786876202,-0.9268343944460494
0.0,0.0,1.0,0.0,1632.01,987.25,0.0,94.0,14.566666666666666,91.0,49.0,17.02,-0.4071294853542516,-0.9133704517637858
0.0,0.0,1.0,0.0,1084.3,1020.38,0.0,96.0,14.166666666666666,106.0,53.0,20.4,-0.48408852163897587,-0.8750190302029955
0.0,0.0,1.0,0.0,4380.83,1514.5942857142857,84.0,89.0,16.966666666666665,93.0,42.0,6.04,-0.4990686026885319,-0.8665624788845385
0.0,0.0,1.0,0.0,362.49,1448.0085714285713,0.0,153.0,16.966666666666665,92.0,44.0,16.95,-0.5139010013093103,-0.8578494977869301
0.0,0.0,1.0,0.0,3355.94,1743.3428571428572,0.0,110.0,16.966666666666665,76.0,46.0,16.08,-0.5431052396834317,-0.8396646346181327
0.0,0.0,1.0,0.0,824.85,1824.9385714285713,2.0,97.0,16.666666666666668,85.0,46.0,16.56,-0.5716666713027052,-0.8204859638785327
0.0,0.0,1.0,0.0,936.32,1796.6771428571428,6.0,91.0,16.7,80.0,42.0,13.86,-0.5856957398073508,-0.8105309990194823
0.0,0.0,1.0,0.0,715.31,1665.7199999999998,21.0,97.0,16.866666666666667,98.0,43.0,12.35,-0.5995514915196489,-0.8003361849976323
0.0,0.0,1.0,0.0,756.25,1618.8557142857142,33.0,34.0,15.8,56.0,42.0,11.8,-0.6132298262997502,-0.7899045386224707
0.0,0.0,1.0,0.0,423.04,1053.457142857143,0.0,67.0,15.5,98.0,51.0,18.92,-0.6267266965083301,-0.7792391467859886
0.0,0.0,1.0,0.0,1307.07,1188.3971428571429,16.0,67.0,16.033333333333335,99.0,41.0,18.8,-0.6400381082043503,-0.7683431655492202
0.0,0.0,1.0,0.0,1191.04,879.1257142857143,0.0,83.0,14.866666666666667,35.0,43.0,17.34,-0.65316012232693,-0.7572198192083127
0.0,0.0,1.0,0.0,388.48,816.7871428571427,32.0,76.0,14.733333333333333,88.0,49.0,10.55,-0.6788204829862355,-0.734304263829602
0.0,0.0,1.0,0.0,971.68,821.8385714285714,16.0,102.0,14.933333333333334,82.0,43.0,17.05,-0.6913512362094071,-0.722518835873311
0.0,0.0,1.0,0.0,2925.7200000000003,1137.6114285714286,13.0,97.0,14.166666666666666,96.0,41.0,18.18,-0.7036774074790128,-0.7105196029692745
0.0,0.0,1.0,0.0,1108.08,1187.8728571428571,16.0,77.0,13.6,101.0,45.0,17.79,-0.7157953492826642,-0.6983101158835584
0.0,0.0,1.0,0.0,1168.05,1294.302857142857,25.0,93.0,14.433333333333334,85.0,43.0,10.58,-0.7277014757264236,-0.6858939875998223
0.0,0.0,1.0,0.0,570.87,1189.1314285714286,0.0,102.0,14.433333333333334,26.0,46.0,17.73,-0.7393922635959241,-0.673274892250183
0.0,0.0,1.0,0.0,311.18,1063.4371428571428,0.0,91.0,14.433333333333334,100.0,51.0,17.27,-0.7731383255706026,-0.6342374393978054
0.0,0.0,1.0,0.0,1217.54,1181.8742857142859,1.0,64.0,13.366666666666667,106.0,44.0,14.32,-0.7944973291665992,-0.6072676460566135
0.0,0.0,1.0,0.0,3663.88,1566.4742857142858,37.0,49.0,13.966666666666667,91.0,44.0,12.11,-0.8048257371083452,-0.593511190196115
0.0,0.0,1.0,0.0,705.28,1249.2685714285712,3.0,61.0,14.066666666666666,18.0,48.0,16.28,-0.8149159841660791,-0.5795791048257612
0.0,0.0,1.0,0.0,202.17,1119.8528571428571,12.0,64.0,14.233333333333333,103.0,51.0,16.49,-0.8247650844733614,-0.5654755126737576
0.0,0.0,1.0,0.0,1508.62,1168.5057142857142,15.0,55.0,12.866666666666667,106.0,43.0,13.64,-0.8437282590292712,-0.5367705514607103
0.0,0.0,1.0,0.0,925.44,1219.1585714285716,0.0,70.0,12.866666666666667,78.0,51.0,18.56,-0.8528367217694595,-0.522177676659508
0.0,0.0,1.0,0.0,1020.84,1320.5385714285715,7.0,68.0,12.8,92.0,42.0,15.86,-0.8616928164028522,-0.5074302810827518
0.0,0.0,1.0,0.0,904.58,1275.8300000000002,4.0,74.0,12.766666666666667,93.0,47.0,16.95,-0.8702939222685674,-0.49253272872205434
0.0,0.0,1.0,0.0,1079.56,906.6414285714285,33.0,41.0,13.866666666666667,30.0,43.0,14.3,-0.8786374941610001,-0.4774894280028391
0.0,0.0,1.0,0.0,799.56,920.1099999999999,51.0,71.0,14.466666666666667,93.0,46.0,16.0,-0.886721063082993,-0.46230483047981086
0.0,0.0,1.0,0.0,989.52,1032.5885714285714,13.0,110.0,14.666666666666666,83.0,53.0,17.27,-0.8945422369764496,-0.4469834295196741
0.0,0.0,1.0,0.0,1010.27,961.3957142857142,25.0,130.0,15.5,74.0,47.0,13.47,-0.9164086366943458,-0.4002439388573056
0.0,0.0,1.0,0.0,4660.99,1495.0457142857142,17.0,156.0,16.066666666666666,97.0,45.0,19.31,-0.9358348973349941,-0.35243871088460327
0.0,0.0,1.0,0.0,1900.18,1620.6657142857143,0.0,109.0,13.266666666666667,88.0,46.0,15.14,-0.9474042892438845,-0.32003923622313857
0.0,0.0,1.0,0.0,899.1,1619.8828571428571,0.0,92.0,13.266666666666667,67.0,41.0,17.45,-0.9527692922168511,-0.30369503751065885
0.0,0.0,1.0,0.0,754.0,1573.3742857142859,7.0,87.0,13.5,92.0,39.0,20.9,-0.9578523554276669,-0.28726097055059635
0.0,0.0,1.0,0.0,1929.03,1734.7271428571426,22.0,69.0,14.166666666666666,82.0,43.0,11.96,-0.9626519747161487,-0.2707418984477642
0.0,0.0,1.0,0.0,1111.56,1752.1614285714288,12.0,85.0,14.366666666666667,88.0,45.0,15.72,-0.97139528468375,-0.23746831555846842
0.0,0.0,1.0,0.0,905.87,1737.2471428571428,0.0,80.0,13.666666666666666,90.0,52.0,14.84,-0.9753363880767837,-0.2207236509605022
0.0,0.0,1.0,0.0,948.56,1206.8999999999999,30.0,80.0,13.566666666666666,88.0,47.0,12.69,-0.9789888737409319,-0.20391367068311472
0.0,0.0,1.0,0.0,737.22,1040.762857142857,0.0,110.0,13.566666666666666,89.0,44.0,15.4,-0.9823516608469237,-0.18704334906991657
0.0,0.0,1.0,0.0,904.86,1041.5857142857144,5.0,110.0,13.2,85.0,44.0,15.42,-0.9854237542919524,-0.17011767832049052
0.0,0.0,1.0,0.0,3139.37,1382.3528571428574,24.0,108.0,14.0,91.0,42.0,13.22,-0.9882042449941422,-0.15314166701312007
0.0,0.0,1.0,0.0,763.9,1215.9057142857143,19.0,110.0,13.566666666666666,50.0,49.0,22.0,-0.9906923101615609,-0.13612033862266704
0.0,0.0,1.0,0.0,759.0,1165.54,20.0,90.0,13.7,68.0,46.0,20.21,-0.9928872135356962,-0.11905873003404988
0.0,0.0,1.0,0.0,886.23,1162.7342857142858,38.0,98.0,14.533333333333333,95.0,36.0,15.69,-0.994788305609327,-0.10196189005174576
0.0,0.0,1.0,0.0,887.14,1153.9599999999998,30.0,136.0,15.0,95.0,45.0,15.13,-0.9963950238187231,-0.08483487790576538
0.0,0.0,1.0,0.0,1733.42,1296.2742857142857,0.0,136.0,14.166666666666666,90.0,47.0,19.58,-0.9977068927101168,-0.06768276175455162
0.0,0.0,1.0,0.0,1206.97,1339.4328571428573,8.0,136.0,14.433333333333334,104.0,40.0,19.04,-0.9987235240803972,-0.050510617185222886
0.0,0.0,1.0,0.0,1217.7,1064.9085714285716,27.0,139.0,15.333333333333334,92.0,50.0,11.14,-0.9994446170919858,-0.033323525711631344
0.0,0.0,1.0,0.0,1482.25,1167.5300000000002,0.0,142.0,15.3,19.0,49.0,17.37,-0.9998699583618592,-0.016126573270657762
0.0,0.0,1.0,0.0,227.7,1091.63,90.0,97.0,17.066666666666666,98.0,43.0,9.17,-0.9993706508539969,0.03547255575312556
0.0,0.0,1.0,0.0,588.85,1049.1471428571429,25.0,157.0,17.8,85.0,48.0,18.68,-0.9986126020839734,0.052658056924614005
0.0,0.0,1.0,0.0,1048.08,1072.1385714285714,2.0,292.0,17.466666666666665,101.0,44.0,24.11,-0.9962102997023297,0.0869772313136861
0.0,0.0,1.0,0.0,1594.92,1052.3528571428571,8.0,267.0,17.233333333333334,21.0,43.0,24.14,-0.9945667569706337,0.1041007489354256
0.0,0.0,1.0,0.0,329.55,927.0071428571429,4.0,275.0,17.366666666666667,83.0,49.0,23.53,-0.9926289059345095,0.121193461470736
0.0,0.0,1.0,0.0,5202.57,1496.2742857142857,4.0,247.0,17.266666666666666,98.0,46.0,19.98,-0.9903973200352558,0.1382503109109819
0.0,0.0,1.0,0.0,5005.65,1999.6171428571429,1.0,251.0,17.166666666666668,70.0,46.0,23.17,-0.9878726596350429,0.15526624985999563
0.0,0.0,1.0,0.0,1111.07,2125.812857142857,0.0,112.0,16.066666666666666,87.0,46.0,18.43,-0.9785481345802031,0.20601832032517084
0.0,0.0,1.0,0.0,1757.01,2292.692857142857,23.0,165.0,15.133333333333333,79.0,43.0,17.19,-0.9620675724981452,0.27281126433401914
0.0,0.0,1.0,0.0,869.12,2267.1271428571426,0.0,187.0,14.7,104.0,45.0,17.82,-0.957232443323312,0.28931997761869527
0.0,0.0,1.0,0.0,1222.98,2213.992857142857,25.0,134.0,14.7,84.0,45.0,13.8,-0.9521140536681102,0.3057430764672831
0.0,0.0,1.0,0.0,759.14,2275.362857142857,60.0,119.0,16.133333333333333,70.0,48.0,16.34,-0.9467139181463862,0.3220757010206104
0.0,0.0,1.0,0.0,760.76,1640.8185714285714,2.0,212.0,16.2,96.0,43.0,18.79,-0.9350748843515574,0.3544502230989869
0.0,0.0,1.0,0.0,1172.6,1093.24,2.0,211.0,16.266666666666666,82.0,44.0,19.76,-0.9288394302558068,0.3704825404820963
0.0,0.0,1.0,0.0,1053.0,1084.9442857142858,31.0,149.0,17.066666666666666,87.0,44.0,14.61,-0.9223291176290545,0.3864052261209853
0.0,0.0,1.0,0.0,832.5,952.8714285714286,106.0,157.0,19.866666666666667,84.0,42.0,7.46,-0.9155458729775467,0.40221356823680365
0.0,0.0,1.0,0.0,407.55,886.9328571428571,0.0,263.0,19.466666666666665,82.0,48.0,23.32,-0.9084917035725082,0.41790288888678667
0.0,0.0,1.0,0.0,3917.16,1271.8157142857142,1.0,238.0,19.5,75.0,45.0,23.76,-0.9011686968561569,0.4334685453485363
0.0,0.0,1.0,0.0,1167.21,1330.1114285714286,26.0,179.0,19.366666666666667,39.0,48.0,20.03,-0.8935790198239952,0.4489059314938798
0.0,0.0,1.0,0.0,531.08,1297.3,22.0,168.0,20.1,93.0,42.0,16.02,-0.8857249183835637,0.4642104791518923
0.0,0.0,1.0,0.0,961.05,1267.0785714285714,15.0,188.0,20.433333333333334,78.0,47.0,23.14,-0.8776087166898392,0.4793776594606945
0.0,0.0,1.0,0.0,1669.38,1355.1328571428571,43.0,201.0,21.066666666666666,94.0,43.0,19.18,-0.8692328164574792,0.49440298420761813
0.0,0.0,1.0,0.0,1153.92,1401.05,2.0,213.0,20.5,81.0,45.0,19.64,-0.8605996962501181,0.5092820071573356
0.0,0.0,1.0,0.0,1058.02,1493.9742857142858,32.0,109.0,20.9,73.0,45.0,16.56,-0.8517119107469189,0.5240103253675756
0.0,0.0,1.0,0.0,1615.94,1165.2285714285715,27.0,141.0,20.533333333333335,84.0,45.0,14.13,-0.8425720899866032,0.5385835804920232
0.0,0.0,1.0,0.0,777.49,1109.5542857142857,41.0,167.0,20.9,27.0,42.0,15.11,-0.8331829385891785,0.5529974600700271
0.0,0.0,1.0,0.0,259.08,1070.6971428571428,42.0,182.0,22.3,95.0,45.0,14.74,-0.8235472349556007,0.5672476988027229
0.0,0.0,1.0,0.0,910.0,1063.4042857142858,6.0,242.0,22.233333333333334,89.0,39.0,24.83,-0.8035476485339116,0.5952404359043674
0.0,0.0,1.0,0.0,1370.2,1020.6642857142858,0.0,223.0,21.333333333333332,93.0,42.0,18.13,-0.7717727365467836,0.6358984534680745
0.0,0.0,1.0,0.0,1079.04,1009.9671428571428,28.0,196.0,22.266666666666666,36.0,48.0,18.78,-0.7607200913564104,0.6490800741100398
0.0,0.0,1.0,0.0,463.06,924.9728571428572,90.0,183.0,22.266666666666666,101.0,43.0,8.65,-0.7494423368521954,0.6620696215153815
0.0,0.0,1.0,0.0,2751.99,1087.2657142857145,3.0,231.0,21.533333333333335,95.0,47.0,18.77,-0.7379428103031386,0.6748632518680403
0.0,0.0,1.0,0.0,1864.53,1242.5571428571427,24.0,172.0,22.266666666666666,101.0,43.0,16.16,-0.7021479494046978,0.7120310787787131
0.0,0.0,1.0,0.0,1903.16,1477.4257142857143,18.0,188.0,22.6,99.0,47.0,24.2,-0.6897960046655887,0.7240037789593305
0.0,0.0,1.0,0.0,1593.34,1575.0457142857142,27.0,178.0,23.366666666666667,96.0,45.0,21.8,-0.6644834655228552,0.7473029667054296
0.0,0.0,1.0,0.0,2078.91,1676.2899999999997,185.0,115.0,29.4,96.0,47.0,6.72,-0.6515303615068021,0.75862255966641
0.0,0.0,1.0,0.0,428.93,1583.4171428571428,3.0,297.0,29.466666666666665,95.0,49.0,18.93,-0.6383844591746642,0.7697176640069211
0.0,0.0,1.0,0.0,1249.61,1695.7814285714287,4.0,278.0,29.6,122.0,47.0,25.03,-0.6250496486104377,0.7805849965070866
0.0,0.0,1.0,0.0,2856.1800000000003,1710.6657142857143,38.0,261.0,30.1,80.0,41.0,20.66,-0.6115298757991053,0.7912213413483807
0.0,0.0,1.0,0.0,1024.86,1590.712857142857,11.0,275.0,30.466666666666665,85.0,45.0,21.93,-0.5978291414589552,0.801623551065242
0.0,0.0,1.0,0.0,1220.92,1493.25,5.0,268.0,29.8,30.0,44.0,24.7,-0.5839514998576998,0.8117885474764613
0.0,0.0,1.0,0.0,1059.06,1416.9242857142856,2.0,273.0,27.866666666666667,94.0,46.0,24.97,-0.5699010576127624,0.8217133225960589
0.0,0.0,1.0,0.0,1525.55,1337.8728571428571,1.0,248.0,27.833333333333332,92.0,48.0,24.63,-0.5556819724760489,0.8313949395234058
0.0,0.0,1.0,0.0,1540.88,1496.722857142857,52.0,64.0,29.5,90.0,48.0,16.91,-0.5412984521036173,0.8408305333122887
0.0,0.0,1.0,0.0,1027.35,1464.9714285714288,12.0,113.0,28.866666666666667,75.0,46.0,24.77,-0.5267547528105542,0.8500173118187018
0.0,0.0,1.0,0.0,1588.28,1283.8428571428572,60.0,121.0,27.333333333333332,78.0,42.0,19.77,-0.5120551783114646,0.8589525565270845
0.0,0.0,1.0,0.0,1555.17,1359.6014285714286,0.0,222.0,27.333333333333332,28.0,53.0,15.96,-0.4822058478963526,0.8760579434344281
0.0,0.0,1.0,0.0,1098.84,1342.1614285714288,2.0,217.0,27.366666666666667,76.0,50.0,21.67,-0.451785789832884,0.8921264484954345
0.0,0.0,1.0,0.0,1152.9,1355.567142857143,1.0,218.0,26.533333333333335,96.0,45.0,14.94,-0.4363729641045924,0.8997658785476209
0.0,0.0,1.0,0.0,953.61,1273.8614285714284,45.0,189.0,27.3,82.0,45.0,11.93,-0.4051645224207563,0.9142437912130223
0.0,0.0,1.0,0.0,640.59,1145.2485714285715,0.0,174.0,26.8,105.0,42.0,19.88,-0.3893781415452015,0.9210779895789526
0.0,0.0,1.0,0.0,1346.12,1190.787142857143,9.0,84.0,25.666666666666668,25.0,44.0,20.08,-0.37347653741307074,0.9276396261490467
0.0,0.0,1.0,0.0,328.81,1010.8628571428571,0.0,93.0,25.6,95.0,43.0,19.28,-0.3574644155648614,0.9339267592294762
0.0,0.0,1.0,0.0,1199.96,960.1185714285714,3.0,91.0,24.633333333333333,86.0,47.0,21.53,-0.34134651424503615,0.9399375283564133
0.0,0.0,1.0,0.0,2016.1,1091.1557142857143,0.0,92.0,23.733333333333334,97.0,48.0,17.66,-0.3251276029999093,0.9456701548465688
0.0,0.0,1.0,0.0,1955.97,1205.8799999999999,21.0,91.0,23.066666666666666,77.0,43.0,12.99,-0.30881248126625377,0.9511229423235357
0.0,0.0,1.0,0.0,1175.0,1237.5071428571428,0.0,78.0,21.666666666666668,75.0,47.0,16.64,-0.29240597695107734,0.9562942772197719
0.0,0.0,1.0,0.0,836.16,1265.445714285714,34.0,33.0,22.6,122.0,45.0,18.69,-0.27591294500296043,0.9611826292540837
0.0,0.0,1.0,0.0,1516.2,1289.7428571428572,6.0,73.0,22.8,75.0,43.0,17.49,-0.2426868445825954,0.9701046827361175
0.0,0.0,1.0,0.0,826.56,1360.8500000000001,34.0,79.0,23.0,93.0,51.0,13.3,-0.22596360824801906,0.974135744004672
0.0,0.0,1.0,0.0,847.35,1310.4771428571428,28.0,110.0,20.933333333333334,85.0,45.0,12.4,-0.20917350564635637,0.9778785428342386
0.0,0.0,1.0,0.0,690.37,1121.087142857143,31.0,138.0,21.866666666666667,68.0,40.0,12.66,-0.19232150523909483,0.9813319716704275
0.0,0.0,1.0,0.0,529.51,917.3071428571428,20.0,184.0,21.733333333333334,98.0,44.0,20.54,-0.15845177496083632,0.9873667175937016
0.0,0.0,1.0,0.0,5201.45,1492.5142857142855,16.0,170.0,21.666666666666668,34.0,50.0,16.88,-0.14144406768794202,0.9899462489023779
0.0,0.0,1.0,0.0,390.32,1428.8228571428572,0.0,171.0,20.766666666666666,104.0,46.0,19.56,-0.12439450483979998,0.9922328391893008
0.0,0.0,1.0,0.0,1352.61,1405.452857142857,61.0,165.0,16.633333333333333,95.0,43.0,6.69,-0.10730813165636247,0.9942258118156161
0.0,0.0,1.0,0.0,1867.22,1554.1185714285714,11.0,158.0,16.9,31.0,49.0,18.1,-0.021501372740813793,0.999768818762748
0.0,0.0,1.0,0.0,381.48,1487.5657142857142,46.0,153.0,18.3,100.0,51.0,11.37,-0.004300592702981974,0.9999907524084426
0.0,0.0,1.0,0.0,795.9,1502.6414285714286,44.0,199.0,18.5,94.0,42.0,12.52,0.012901459949419653,0.9999167727021953
0.0,0.0,1.0,0.0,753.28,1534.6085714285714,8.0,182.0,18.4,76.0,40.0,9.11,0.017201575418260506,0.9998520419557735
0.0,0.0,1.0,0.0,1164.96,957.9671428571429,12.0,165.0,18.633333333333333,85.0,42.0,7.88,0.051584366869408364,0.9986686402879997
0.0,0.0,1.0,0.0,2043.45,1194.1285714285714,0.0,162.0,18.566666666666666,92.0,52.0,9.87,0.06875540848113941,0.9976335468520451
0.0,0.0,1.0,0.0,653.76,1094.292857142857,0.0,68.0,18.533333333333335,88.0,46.0,8.16,0.1201261651823505,0.9927586335250793
0.0,0.0,1.0,0.0,488.24,897.2957142857143,0.0,24.0,16.8,94.0,49.0,9.04,0.13718540405660057,0.9905453876091833
0.0,0.0,1.0,0.0,595.0,927.7985714285714,24.0,16.0,17.2,94.0,46.0,6.06,0.1542040475626894,0.988039023376751
0.0,0.0,1.0,0.0,381.9,868.6557142857143,0.0,40.0,15.2,86.0,44.0,9.21,0.17117705961019986,0.985240282501282
0.0,0.0,1.0,0.0,970.72,899.7185714285715,0.0,27.0,15.2,92.0,51.0,9.17,0.22177215755648186,0.975098513039961
0.0,0.0,1.0,0.0,586.58,817.092857142857,0.0,24.0,15.133333333333333,88.0,49.0,8.94,0.23851257519407648,0.9711394088771653
0.0,0.0,1.0,0.0,1249.16,703.6228571428571,0.0,33.0,15.1,92.0,44.0,8.09,0.2717767384711357,0.9623603298276545
0.0,0.0,1.0,0.0,487.32,679.8457142857144,0.0,9.0,13.6,87.0,47.0,9.21,0.2882906407095177,0.9575429528116719
0.0,0.0,1.0,0.0,536.67,686.7642857142857,0.0,9.0,13.6,91.0,44.0,8.74,0.3047192331091634,0.9524422234305676
0.0,0.0,1.0,0.0,528.68,677.29,10.0,9.0,13.633333333333333,35.0,43.0,7.29,0.321057654185271,0.9470596510722283
0.0,0.0,1.0,0.0,165.75,646.4114285714286,0.0,19.0,13.633333333333333,86.0,43.0,9.31,0.3534446712740877,0.9354554315134164
0.0,0.0,1.0,0.0,524.65,582.6871428571428,6.0,19.0,13.733333333333333,87.0,49.0,7.49,0.3694836834473831,0.9292372181882051
0.0,0.0,1.0,0.0,1684.36,739.5128571428571,27.0,16.0,14.633333333333333,81.0,40.0,6.46,0.38541335945432564,0.9227440286201427
0.0,0.0,1.0,0.0,687.88,659.33,0.0,43.0,13.933333333333334,95.0,47.0,8.14,0.4012289854475009,0.9159777842484877
0.0,0.0,1.0,0.0,525.64,664.8042857142856,0.0,33.0,13.933333333333334,91.0,43.0,10.44,0.44794493940789115,0.8940611451454876
0.0,0.0,1.0,0.0,627.0,677.7085714285713,0.0,33.0,12.8,93.0,49.0,11.42,0.4632579225674917,0.88622350294858
0.0,0.0,1.0,0.0,748.71,709.1414285714285,0.0,33.0,12.6,104.0,49.0,8.1,0.4784338202547012,0.8781236129591848
0.0,0.0,1.0,0.0,580.98,768.46,3.0,27.0,11.566666666666666,93.0,42.0,9.8,0.49346814167723735,0.8697638720650646
0.0,0.0,1.0,0.0,592.15,778.102857142857,7.0,3.0,10.866666666666667,99.0,44.0,6.83,0.5083564379375122,0.8611467540480452
0.0,0.0,1.0,0.0,442.78,600.7342857142856,4.0,10.0,9.966666666666667,90.0,45.0,6.86,0.5230943033491326,0.8522748088519838
0.0,0.0,1.0,0.0,410.31,561.0814285714285,0.0,14.0,9.3,110.0,46.0,7.21,0.5521013427459208,0.8337770129585915
0.0,0.0,1.0,0.0,531.31,561.8914285714286,0.0,14.0,8.766666666666667,82.0,43.0,7.7,0.5663619330814524,0.8241566360566663
0.0,0.0,1.0,0.0,410.15,530.9128571428571,0.0,14.0,8.766666666666667,77.0,44.0,7.78,0.580454927809098,0.8142923779467267
0.0,0.0,1.0,0.0,398.34,480.86,6.0,14.0,6.933333333333334,103.0,48.0,6.48,0.5943761565849831,0.804187157621448
0.0,0.0,1.0,0.0,955.56,534.3714285714286,5.0,26.0,6.733333333333333,96.0,45.0,9.27,0.6216868902665479,0.7832658619336791
0.0,0.0,1.0,0.0,587.4,533.6928571428572,4.0,27.0,5.333333333333333,30.0,47.0,9.0,0.6350683134867438,0.7724559775191742
0.0,0.0,1.0,0.0,183.6,496.6671428571428,8.0,31.0,4.133333333333334,88.0,43.0,7.06,0.6482618097757122,0.7614175109532997
0.0,0.0,1.0,0.0,397.44,494.82857142857137,0.0,39.0,3.8666666666666667,97.0,45.0,7.13,0.6612634749656386,0.7501537286959042
0.0,0.0,1.0,0.0,1304.18,605.2385714285714,0.0,39.0,3.466666666666667,92.0,46.0,7.5,0.6866759803451553,0.726963615332308
0.0,0.0,1.0,0.0,469.2,613.6742857142857,21.0,33.0,4.166666666666667,94.0,41.0,6.57,0.6990793005655562,0.7150441465537444
0.0,0.0,1.0,0.0,1036.25,704.8042857142857,0.0,38.0,4.166666666666667,96.0,49.0,7.21,0.7112757519738152,0.7029130847082615
0.0,0.0,1.0,0.0,474.02,636.0128571428571,0.0,29.0,4.166666666666667,99.0,45.0,8.25,0.7350336741329413,0.6780306024735382
0.0,0.0,1.0,0.0,539.22,629.13,0.0,21.0,3.3666666666666667,99.0,47.0,8.07,0.7579216274973472,0.6523456189565257
0.0,0.0,1.0,0.0,539.33,679.9485714285714,0.0,21.0,3.3666666666666667,93.0,47.0,9.6,0.7690308592589181,0.6392116531380588
0.0,0.0,1.0,0.0,3641.31,1143.3585714285714,0.0,24.0,3.3666666666666667,110.0,45.0,9.68,0.7905633969115482,0.612380204990065
0.0,0.0,1.0,0.0,2191.88,1270.172857142857,0.0,24.0,3.3666666666666667,92.0,46.0,9.54,0.8111602420785621,0.5848239578463322
0.0,0.0,1.0,0.0,583.87,1286.5542857142857,9.0,24.0,3.6666666666666665,94.0,51.0,9.84,0.8211001178128892,0.5707841943569036
0.0,0.0,1.0,0.0,638.25,1229.697142857143,0.0,33.0,3.6666666666666665,106.0,49.0,7.49,0.8402480696078469,0.5422021592729844
0.0,0.0,1.0,0.0,547.86,1240.2457142857143,5.0,9.0,3.8333333333333335,85.0,47.0,8.19,0.8584015232918917,0.512978386299228
0.0,0.0,1.0,0.0,473.28,1230.8257142857144,0.0,14.0,3.5,43.0,45.0,9.16,0.8670985522812081,0.4981366284784055
0.0,0.0,1.0,0.0,262.01,1191.2085714285713,0.0,18.0,3.5,103.0,46.0,10.06,0.8992961915530253,0.4373400963303323
0.0,0.0,1.0,0.0,699.3,770.9214285714286,16.0,18.0,3.8333333333333335,76.0,42.0,8.59,0.9066860720977985,0.4218060770826634
0.0,0.0,1.0,0.0,952.12,593.8128571428571,0.0,34.0,2.933333333333333,101.0,49.0,9.81,0.9138076496466615,0.4061472386305789
0.0,0.0,1.0,0.0,3003.79,939.5157142857144,0.0,29.0,2.933333333333333,28.0,46.0,11.96,0.9206588168102428,0.3903682146763026
0.0,0.0,1.0,0.0,4125.48,1437.6914285714286,36.0,29.0,4.133333333333334,91.0,45.0,8.63,0.9272375462179537,0.374473674486883
0.0,0.0,1.0,0.0,510.25,1432.3185714285714,1.0,59.0,4.166666666666667,82.0,43.0,12.28,0.945320046913132,0.3261441535642696
0.0,0.0,1.0,0.0,664.62,1459.6528571428573,0.0,60.0,4.166666666666667,91.0,47.0,11.35,0.9507903724625832,0.3098349038318025
0.0,0.0,1.0,0.0,712.77,1524.047142857143,0.0,44.0,4.066666666666666,96.0,51.0,12.01,0.9559793438440766,0.2934339689665273
0.0,0.0,1.0,0.0,812.87,1540.2714285714285,5.0,44.0,4.0,32.0,46.0,10.03,0.9608854255574977,0.27694620226893646
0.0,0.0,1.0,0.0,213.47,1434.75,20.0,49.0,4.533333333333333,83.0,42.0,9.63,0.9655071658143364,0.2603764827344581
0.0,0.0,1.0,0.0,511.36,1078.6885714285713,9.0,33.0,4.833333333333333,90.0,46.0,11.91,0.969843196967294,0.24372971360968387
0.0,0.0,1.0,0.0,707.52,590.4085714285713,0.0,42.0,4.833333333333333,94.0,49.0,11.23,0.9738922359149924,0.22701082094141847
0.0,0.0,1.0,0.0,728.64,621.6071428571429,0.0,55.0,4.833333333333333,96.0,46.0,11.17,0.981124629771712,0.19337647441020586
0.0,0.0,1.0,0.0,734.32,631.5642857142857,15.0,55.0,5.133333333333334,95.0,45.0,8.97,0.984305844499033,0.17647097349152166
0.0,0.0,1.0,0.0,960.32,666.9285714285714,16.0,65.0,5.5,76.0,40.0,10.07,0.9897936029670716,0.14250832791617088
0.0,0.0,1.0,0.0,474.3,618.5614285714286,4.0,76.0,5.5,97.0,44.0,9.13,0.9941098647022418,0.10837701279187609
0.0,0.0,1.0,0.0,584.76,671.6028571428571,0.0,80.0,5.233333333333333,85.0,50.0,10.66,0.9958270335100595,0.09126072172931188
0.0,0.0,1.0,0.0,625.14,687.8571428571429,0.0,59.0,5.233333333333333,89.0,53.0,9.85,0.9972495210773451,0.07411742515094437
0.0,0.0,1.0,0.0,622.67,675.7357142857143,23.0,59.0,6.0,85.0,46.0,8.12,0.998376906467142,0.056952196034039754
0.0,0.0,1.0,0.0,2794.85,970.9085714285715,0.0,67.0,5.3,33.0,46.0,9.3,0.9992088560679753,0.03977011384605572
0.0,0.0,1.0,0.0,207.23,895.61,0.0,67.0,5.3,95.0,43.0,12.01,0.9997451236925734,0.022576263041545485
0.0,0.0,1.0,0.0,1514.36,974.7585714285714,0.0,34.0,5.3,80.0,51.0,14.3,0.9999300657962057,-0.011826390691832589
0.0,0.0,1.0,0.0,812.24,1023.0357142857143,0.0,60.0,5.3,92.0,49.0,15.2,0.9989315138848577,-0.046215046983708354
0.0,0.0,1.0,0.0,957.63,1076.3028571428572,0.0,60.0,5.3,100.0,44.0,15.05,0.9979887423155984,-0.06339140486951038
0.0,0.0,1.0,0.0,985.78,1127.8228571428572,7.0,37.0,5.533333333333333,33.0,43.0,13.64,0.9967506498213929,-0.08054900421874167
0.0,0.0,1.0,0.0,290.25,1080.3342857142857,12.0,44.0,5.933333333333334,99.0,46.0,14.56,0.9952176027737294,-0.09768276782171598
0.0,0.0,1.0,0.0,1429.06,885.2214285714286,19.0,49.0,6.266666666666667,83.0,43.0,14.04,0.9912685467787256,-0.13185851571739118
0.0,0.0,1.0,0.0,745.6,962.1314285714287,3.0,68.0,6.366666666666666,49.0,52.0,12.84,0.9888537064205885,-0.1488903868564548
0.0,0.0,1.0,0.0,446.59,809.592857142857,17.0,41.0,6.766666666666667,54.0,43.0,11.63,0.986146248341595,-0.16587819893463143
0.0,0.0,1.0,0.0,411.34,752.3214285714286,12.0,58.0,7.166666666666667,57.0,40.0,12.61,0.9831469737221499,-0.1828169249850199
0.0,0.0,1.0,0.0,438.59,678.1728571428572,19.0,70.0,7.8,15.0,44.0,14.93,0.9798567700958665,-0.1997015525660636
0.0,0.0,1.0,0.0,145.6,558.1471428571429,22.0,82.0,8.0,59.0,44.0,8.97,0.9762766110869321,-0.21652708524481437
0.0,0.0,1.0,0.0,346.5,566.1828571428572,32.0,92.0,9.066666666666666,57.0,40.0,8.44,0.9724075561219968,-0.23328854407545518
0.0,0.0,1.0,0.0,1043.62,511.12,0.0,124.0,9.066666666666666,47.0,45.0,10.7,0.9682507501166718,-0.2499809690726521
0.0,0.0,1.0,0.0,331.98,452.0314285714286,0.0,102.0,7.866666666666666,45.0,53.0,10.44,0.9590788900341131,-0.28313898122818354
0.0,0.0,1.0,0.0,338.4,436.5757142857143,12.0,117.0,8.233333333333333,12.0,43.0,15.67,0.9487718864399473,-0.31596187665790293
0.0,0.0,1.0,0.0,121.26,395.1357142857143,20.0,102.0,8.9,82.0,50.0,14.32,0.9373419384643772,-0.3484108069446808
0.0,0.0,1.0,0.0,798.32,446.52571428571434,0.0,90.0,8.9,89.0,48.0,14.09,0.9312100364121947,-0.3644830148102912
0.0,0.0,1.0,0.0,871.53,550.2300000000001,0.0,90.0,8.733333333333333,97.0,45.0,15.31,0.9248025743285089,-0.38044736628785164
0.0,0.0,1.0,0.0,1814.38,759.9271428571429,16.0,90.0,8.6,105.0,49.0,11.88,0.9181214482844364,-0.39629913726891813
0.0,0.0,1.0,0.0,866.67,734.6485714285716,0.0,106.0,8.3,78.0,44.0,11.94,0.9111686353326631,-0.41203363695942635
0.0,0.0,1.0,0.0,609.81,774.3385714285715,27.0,62.0,9.2,38.0,45.0,11.13,0.9039461929224011,-0.42764620926777464
0.0,0.0,1.0,0.0,283.41,766.4828571428571,0.0,77.0,9.2,71.0,44.0,12.99,0.8964562582905575,-0.44313223418263453
0.0,0.0,1.0,0.0,608.52,836.0914285714287,41.0,43.0,10.066666666666666,106.0,46.0,12.82,0.8724040568049612,-0.48878539428899265
0.0,0.0,1.0,0.0,1232.53,898.1214285714286,20.0,84.0,10.2,94.0,46.0,16.93,0.8638670987837349,-0.503719798736334
0.0,0.0,1.0,0.0,4293.97,1387.0414285714287,18.0,125.0,10.666666666666666,91.0,43.0,15.34,0.8271893372462497,-0.5619233046832195
0.0,0.0,1.0,0.0,1524.46,1345.6242857142859,33.0,143.0,11.766666666666667,109.0,43.0,14.73,0.8073707443023492,-0.5900444739548627
0.0,0.0,1.0,0.0,3653.78,1743.7828571428574,20.0,135.0,12.433333333333334,93.0,43.0,19.71,0.7971015927871943,-0.6038452208771035
0.0,0.0,1.0,0.0,1182.29,1825.5657142857144,10.0,135.0,12.0,97.0,49.0,18.01,0.7865965660866021,-0.6174672802835514
0.0,0.0,1.0,0.0,1179.23,1953.5400000000004,11.0,138.0,12.366666666666667,34.0,49.0,18.41,0.7758587728069828,-0.6309066211876704
0.0,0.0,1.0,0.0,1071.94,2019.7428571428572,20.0,109.0,13.033333333333333,93.0,49.0,16.68,0.7648913904341225,-0.6441592666722685
0.0,0.0,1.0,0.0,1592.68,2071.192857142857,2.0,129.0,13.1,110.0,48.0,14.97,0.742280907086982,-0.6700888411055113
0.0,0.0,1.0,0.0,1144.67,1621.2928571428572,7.0,98.0,13.333333333333334,124.0,46.0,18.06,0.7187918772884232,-0.6952253139408722
0.0,0.0,1.0,0.0,1478.4,1614.712857142857,3.0,131.0,13.433333333333334,44.0,49.0,18.23,0.6944521021088763,-0.719538934232584
0.0,0.0,1.0,0.0,553.38,1171.7985714285717,3.0,124.0,13.3,92.0,41.0,19.37,0.6692903895412567,-0.7430009249440493
0.0,0.0,1.0,0.0,1140.48,1165.8257142857144,15.0,92.0,13.4,104.0,46.0,19.85,0.6564105761979381,-0.7544038410927472
0.0,0.0,1.0,0.0,1393.2,1196.3928571428573,7.0,105.0,13.0,109.0,37.0,17.97,0.6433365204044917,-0.765583517007675
0.0,0.0,1.0,0.0,1165.61,1209.7742857142857,62.0,105.0,14.966666666666667,98.0,45.0,6.47,0.6166212130956382,-0.7872599821916922
0.0,0.0,1.0,0.0,418.44,1042.0257142857145,32.0,111.0,15.466666666666667,42.0,41.0,13.55,0.6029878670694714,-0.7977503570459932
0.0,0.0,1.0,0.0,364.16,930.5242857142858,14.0,149.0,15.533333333333333,84.0,45.0,16.31,0.5610336262283677,-0.8277930117131022
0.0,0.0,1.0,0.0,917.9,850.4528571428572,38.0,148.0,16.166666666666668,113.0,41.0,11.36,0.5467112728685939,-0.8373211953118121
0.0,0.0,1.0,0.0,796.08,885.1242857142859,30.0,139.0,16.433333333333334,55.0,40.0,14.53,0.5027907197793043,-0.8644081744776648
0.0,0.0,1.0,0.0,2916.37,1138.8228571428572,32.0,137.0,16.433333333333334,106.0,47.0,9.64,0.4878471454423119,-0.8729290708206411
0.0,0.0,1.0,0.0,684.74,1037.6142857142859,18.0,141.0,17.033333333333335,103.0,47.0,15.31,0.47275920928627757,-0.881191653407483
0.0,0.0,1.0,0.0,1048.71,1020.9142857142858,50.0,154.0,18.7,113.0,46.0,10.7,0.4575313760742512,-0.8891934772070711
0.0,0.0,1.0,0.0,3452.99,1454.4214285714286,0.0,190.0,18.3,107.0,44.0,14.2,0.44216815196707204,-0.8969321743510065
0.0,0.0,1.0,0.0,994.95,1544.534285714286,18.0,157.0,18.233333333333334,85.0,43.0,17.32,0.4110537546870351,-0.9116111071930239
0.0,0.0,1.0,0.0,942.08,1547.9885714285717,11.0,175.0,18.6,36.0,46.0,14.17,0.3953117887649151,-0.9185469991587165
0.0,0.0,1.0,0.0,341.7,1483.077142857143,78.0,135.0,21.2,92.0,51.0,5.86,0.3474028211842774,-0.9377159910299093
0.0,0.0,1.0,0.0,3755.3,1602.9242857142858,29.0,166.0,21.633333333333333,117.0,49.0,13.08,0.31494162072895193,-0.9491110448902284
0.0,0.0,1.0,0.0,1025.1,1651.5471428571432,0.0,168.0,21.633333333333333,106.0,45.0,17.5,0.2985688173637202,-0.9543881083175908
0.0,0.0,1.0,0.0,1224.3,1676.6314285714288,52.0,85.0,22.466666666666665,91.0,40.0,13.63,0.19864794288017112,-0.9800709131432666
0.0,0.0,1.0,0.0,781.2,1294.947142857143,4.0,127.0,22.6,30.0,45.0,17.3,0.16481784665719793,-0.9863240225317866
0.0,0.0,1.0,0.0,347.73,1202.487142857143,0.0,131.0,21.233333333333334,102.0,46.0,16.39,0.13079267585675922,-0.9914097417023038
0.0,0.0,1.0,0.0,1111.88,1226.7442857142858,29.0,112.0,21.533333333333335,83.0,40.0,10.23,0.11371951458594969,-0.9935128947338007
0.0,0.0,1.0,0.0,530.62,1253.7328571428573,0.0,111.0,20.933333333333334,100.0,49.0,16.5,0.0966127018812031,-0.9953220513156602
0.0,0.0,1.0,0.0,1715.5,962.3328571428574,0.0,104.0,19.833333333333332,122.0,48.0,15.2,0.07947729992362097,-0.9968366760893436
0.0,0.0,1.0,0.0,1260.72,995.9928571428572,16.0,52.0,19.7,79.0,47.0,18.7,0.062318379354325076,-0.998056320853012
0.0,0.0,1.0,0.0,1004.36,964.5728571428573,0.0,49.0,19.366666666666667,43.0,49.0,14.02,0.04514101777397193,-0.9989806246941579
0.0,0.0,1.0,0.0,413.06,911.9814285714286,0.0,45.0,19.0,100.0,41.0,17.65,0.02795029824021032,-0.999609314096404
0.0,0.0,1.0,0.0,1129.6,1023.677142857143,19.0,45.0,18.966666666666665,86.0,46.0,12.88,0.01075130776352193,-0.9999422030204416
0.0,0.0,1.0,0.0,742.36,970.8885714285715,20.0,45.0,19.566666666666666,98.0,45.0,10.7,-0.023651127245231586,-0.9997202729664083
0.0,0.0,1.0,0.0,692.34,993.9914285714286,0.0,67.0,19.333333333333332,91.0,42.0,12.51,-0.05802556932878035,-0.9983150972033183
0.0,0.0,1.0,0.0,728.32,852.9657142857143,6.0,51.0,19.433333333333334,35.0,48.0,11.97,-0.07518957641475855,-0.9971692572470178
0.0,0.0,1.0,0.0,282.83,713.267142857143,0.0,57.0,19.333333333333332,98.0,50.0,10.82,-0.09233133369539122,-0.9957283388645872
0.0,0.0,1.0,0.0,1254.0,748.9300000000002,0.0,57.0,18.833333333333332,87.0,43.0,14.43,-0.10944576864891556,-0.993992768446958
0.0,0.0,1.0,0.0,3809.75,1234.1714285714286,22.0,38.0,19.333333333333332,82.0,47.0,9.28,-0.1435724234118113,-0.9896398128792412
0.0,0.0,1.0,0.0,498.46,1144.0085714285717,19.0,40.0,17.9,83.0,47.0,11.53,-0.16057454459499376,-0.9870237158387383
0.0,0.0,1.0,0.0,645.98,1130.24,44.0,57.0,18.3,86.0,42.0,9.62,-0.17752914918703497,-0.984115542601034
0.0,0.0,1.0,0.0,529.28,1106.9457142857143,25.0,101.0,18.666666666666668,36.0,49.0,10.5,-0.19443122004766195,-0.9809161537413774
0.0,0.0,1.0,0.0,792.15,1116.064285714286,2.0,120.0,17.466666666666665,94.0,40.0,11.86,-0.2280577712215198,-0.9736476020539838
0.0,0.0,1.0,0.0,713.6,1177.6028571428574,46.0,122.0,18.0,102.0,42.0,9.73,-0.24477230089725957,-0.9695805901076308
0.0,0.0,1.0,0.0,2534.92,1360.5914285714287,0.0,158.0,16.933333333333334,95.0,45.0,12.6,-0.2614143985111562,-0.965226663665613
0.0,0.0,1.0,0.0,796.0,930.0557142857144,21.0,136.0,17.033333333333335,70.0,43.0,8.51,-0.2779791393987801,-0.9605871111248129
0.0,0.0,1.0,0.0,381.44,913.3385714285715,0.0,94.0,15.366666666666667,35.0,42.0,10.77,-0.3108569682435036,-0.9504567035349151
0.0,0.0,1.0,0.0,3082.28,1261.3814285714288,0.0,69.0,15.366666666666667,96.0,47.0,13.77,-0.34336687399638804,-0.939201357453208
0.0,0.0,1.0,0.0,905.57,1315.137142857143,0.0,42.0,14.766666666666667,83.0,45.0,10.55,-0.3913578365610259,-0.9202385798054075
0.0,0.0,1.0,0.0,591.3,1286.444285714286,0.0,60.0,14.4,46.0,48.0,11.5,-0.4227806579826773,-0.9062320427107697
0.0,0.0,1.0,0.0,365.01,1236.6457142857143,1.0,60.0,11.833333333333334,96.0,45.0,14.09,-0.4383067230125192,-0.898825465016444
0.0,0.0,1.0,0.0,899.75,1003.0500000000002,4.0,61.0,11.0,105.0,45.0,11.1,-0.45370308603134424,-0.8911529104063088
0.0,0.0,1.0,0.0,768.9,999.1785714285716,17.0,53.0,11.566666666666666,109.0,43.0,9.39,-0.5139010013093103,-0.8578494977869301
0.0,0.0,1.0,0.0,659.84,1038.9500000000003,0.0,31.0,9.833333333333334,28.0,44.0,10.89,-0.5285813283559292,-0.8488826652214553
0.0,0.0,1.0,0.0,2700.78,984.4500000000002,24.0,31.0,10.5,99.0,38.0,9.34,-0.5431052396834317,-0.8396646346181327
0.0,0.0,1.0,0.0,573.5,937.0114285714288,19.0,50.0,11.133333333333333,75.0,43.0,10.15,-0.5716666713027052,-0.8204859638785327
0.0,0.0,1.0,0.0,487.04,922.1171428571431,9.0,69.0,10.466666666666667,75.0,38.0,11.57,-0.5856957398073508,-0.8105309990194823
0.0,0.0,1.0,0.0,525.14,944.9928571428572,0.0,78.0,10.466666666666667,98.0,47.0,11.81,-0.5995514915196489,-0.8003361849976323
0.0,0.0,1.0,0.0,792.55,929.6785714285716,11.0,69.0,10.833333333333334,83.0,40.0,9.94,-0.6132298262997502,-0.7899045386224707
0.0,0.0,1.0,0.0,3173.62,1273.2100000000003,77.0,63.0,12.866666666666667,37.0,48.0,3.65,-0.6267266965083301,-0.7792391467859886
0.0,0.0,1.0,0.0,92.48,1192.1585714285716,1.0,140.0,12.9,94.0,46.0,10.07,-0.6400381082043503,-0.7683431655492202
0.0,0.0,1.0,0.0,643.96,898.327142857143,0.0,117.0,12.9,90.0,47.0,10.21,-0.65316012232693,-0.7572198192083127
0.0,0.0,1.0,0.0,629.52,906.33,10.0,117.0,12.6,71.0,40.0,10.56,-0.666088855860977,-0.7458723993404063
0.0,0.0,1.0,0.0,480.0,905.3242857142858,0.0,69.0,11.933333333333334,85.0,48.0,11.67,-0.7277014757264236,-0.6858939875998223
0.0,0.0,1.0,0.0,674.56,926.6700000000001,9.0,96.0,12.233333333333333,100.0,39.0,12.55,-0.7508642533989489,-0.6604565640279754
0.0,0.0,1.0,0.0,778.1,924.6057142857144,8.0,95.0,12.3,102.0,41.0,9.58,-0.7621140503891487,-0.6474427960827475
0.0,0.0,1.0,0.0,615.51,559.1614285714287,0.0,65.0,12.3,89.0,45.0,9.15,-0.7731383255706026,-0.6342374393978054
0.0,0.0,1.0,0.0,541.31,623.2800000000001,11.0,65.0,12.666666666666666,104.0,43.0,12.21,-0.7839338166829201,-0.620844401650647
0.0,0.0,1.0,0.0,825.5,649.2142857142859,17.0,68.0,12.5,98.0,44.0,9.58,-0.8048257371083452,-0.593511190196115
0.0,0.0,1.0,0.0,605.65,645.8042857142858,0.0,57.0,11.866666666666667,95.0,46.0,10.97,-0.8247650844733614,-0.5654755126737576
0.0,0.0,1.0,0.0,4411.14,1207.3957142857143,0.0,65.0,10.4,86.0,47.0,9.76,-0.8528367217694595,-0.522177676659508
0.0,0.0,1.0,0.0,557.94,1190.7357142857145,0.0,54.0,9.566666666666666,22.0,48.0,12.09,-0.8616928164028522,-0.5074302810827518
0.0,0.0,1.0,0.0,184.87,1105.9885714285717,6.0,42.0,9.7,84.0,47.0,12.55,-0.8702939222685674,-0.49253272872205434
0.0,0.0,1.0,0.0,706.18,1118.9414285714288,0.0,31.0,8.166666666666666,94.0,46.0,11.16,-0.8786374941610001,-0.4774894280028391
0.0,0.0,1.0,0.0,702.83,1142.0157142857145,12.0,31.0,8.566666666666666,107.0,43.0,13.97,-0.886721063082993,-0.46230483047981086
0.0,0.0,1.0,0.0,2465.8,1376.344285714286,22.0,41.0,8.6,85.0,48.0,10.15,-0.9093882203647925,-0.4159483918249421
0.0,0.0,1.0,0.0,578.21,1372.424285714286,14.0,63.0,9.066666666666666,42.0,48.0,13.24,-0.9164086366943458,-0.4002439388573056
0.0,0.0,1.0,0.0,372.52,795.4785714285716,0.0,71.0,9.066666666666666,84.0,45.0,14.36,-0.9296339319682695,-0.3684843993077793
0.0,0.0,1.0,0.0,808.02,831.204285714286,1.0,71.0,9.1,84.0,47.0,12.23,-0.9358348973349941,-0.35243871088460327
0.0,0.0,1.0,0.0,693.23,903.827142857143,29.0,60.0,10.066666666666666,87.0,47.0,9.84,-0.9417589340994617,-0.33628873017668287
0.0,0.0,1.0,0.0,888.52,929.8757142857145,19.0,66.0,10.666666666666666,106.0,46.0,13.6,-0.9474042892438845,-0.32003923622313857
0.0,0.0,1.0,0.0,973.35,968.5214285714288,10.0,85.0,10.866666666666667,75.0,44.0,10.03,-0.9527692922168511,-0.30369503751065885
0.0,0.0,1.0,0.0,488.8,686.0928571428573,38.0,73.0,11.566666666666666,37.0,40.0,11.84,-0.9578523554276669,-0.28726097055059635
0.0,0.0,1.0,0.0,2358.94,940.4828571428573,10.0,97.0,11.9,101.0,47.0,13.92,-0.9626519747161487,-0.2707418984477642
0.0,0.0,1.0,0.0,934.99,1020.8357142857145,5.0,140.0,11.266666666666667,95.0,50.0,10.11,-0.9753363880767837,-0.2207236509605022
0.0,0.0,1.0,0.0,1428.0,1109.404285714286,0.0,116.0,10.633333333333333,83.0,48.0,14.42,-0.9789888737409319,-0.20391367068311472
0.0,0.0,1.0,0.0,819.95,1127.507142857143,6.0,96.0,10.533333333333333,32.0,45.0,14.94,-0.9854237542919524,-0.17011767832049052
0.0,0.0,1.0,0.0,315.48,1045.6442857142858,0.0,64.0,10.533333333333333,78.0,45.0,13.28,-0.9882042449941422,-0.15314166701312007
0.0,0.0,1.0,0.0,4675.9400000000005,1574.5857142857146,29.0,54.0,11.133333333333333,84.0,40.0,8.96,-0.9906923101615609,-0.13612033862266704
0.0,0.0,1.0,0.0,459.33,1570.3757142857146,0.0,49.0,8.566666666666666,89.0,56.0,11.85,-0.994788305609327,-0.10196189005174576
0.0,0.0,1.0,0.0,780.7,1344.9128571428573,8.0,44.0,8.8,79.0,53.0,11.1,-0.9963950238187231,-0.08483487790576538
0.0,0.0,1.0,0.0,3105.9,1655.0428571428577,0.0,52.0,8.8,81.0,42.0,13.93,-0.9977068927101168,-0.06768276175455162
0.0,0.0,1.0,0.0,2996.12,1879.0600000000002,13.0,43.0,8.9,39.0,48.0,11.44,-0.9987235240803972,-0.050510617185222886
0.0,0.0,1.0,0.0,301.05,1804.9314285714286,15.0,81.0,9.4,96.0,45.0,15.72,-0.9999994220246925,0.001075151282798226
0.0,0.0,1.0,0.0,980.85,1899.984285714286,29.0,116.0,10.066666666666666,76.0,46.0,9.67,-0.9993706508539969,0.03547255575312556
0.0,0.0,1.0,0.0,488.78,1301.8185714285717,78.0,137.0,12.4,95.0,46.0,4.26,-0.9986126020839734,0.052658056924614005
0.0,0.0,1.0,0.0,265.28,1274.097142857143,35.0,202.0,13.566666666666666,94.0,38.0,13.37,-0.9962102997023297,0.0869772313136861
0.0,0.0,1.0,0.0,760.49,1271.2100000000003,29.0,178.0,14.166666666666666,92.0,49.0,11.49,-0.9926289059345095,0.121193461470736
0.0,0.0,1.0,0.0,4260.33,1436.1285714285716,5.0,192.0,13.766666666666667,93.0,46.0,12.1,-0.9903973200352558,0.1382503109109819
0.0,0.0,1.0,0.0,765.0,1117.3971428571429,17.0,177.0,14.333333333333334,91.0,43.0,15.7,-0.9878726596350429,0.15526624985999563
0.0,0.0,1.0,0.0,921.71,1206.0628571428572,4.0,165.0,14.466666666666667,80.0,49.0,16.77,-0.9850556718215013,0.172236243027682
0.0,0.0,1.0,0.0,925.98,1198.2242857142858,36.0,91.0,15.666666666666666,36.0,46.0,10.72,-0.981947190186646,0.18915526872004093
0.0,0.0,1.0,0.0,1029.62,1275.4871428571428,45.0,127.0,16.966666666666665,78.0,47.0,13.09,-0.9785481345802031,0.20601832032517084
0.0,0.0,1.0,0.0,673.86,1333.8557142857146,103.0,137.0,20.4,87.0,47.0,6.34,-0.9748595108374125,0.22282040779479959
0.0,0.0,1.0,0.0,369.84,1278.0485714285714,3.0,239.0,20.1,89.0,49.0,14.65,-0.9708824104813836,0.23955655912092708
0.0,0.0,1.0,0.0,912.8,799.8300000000002,9.0,208.0,19.666666666666668,84.0,48.0,16.0,-0.9620675724981452,0.27281126433401914
0.0,0.0,1.0,0.0,887.04,817.2642857142857,0.0,232.0,19.2,22.0,43.0,17.27,-0.9521140536681102,0.3057430764672831
0.0,0.0,1.0,0.0,250.8,721.4200000000001,27.0,196.0,20.1,88.0,41.0,10.73,-0.9467139181463862,0.3220757010206104
0.0,0.0,1.0,0.0,1046.44,738.6285714285716,16.0,125.0,20.6,108.0,41.0,16.91,-0.9350748843515574,0.3544502230989869
0.0,0.0,1.0,0.0,4856.38,1285.3085714285714,9.0,138.0,19.933333333333334,98.0,42.0,17.19,-0.9288394302558068,0.3704825404820963
0.0,0.0,1.0,0.0,1069.97,1341.8957142857146,42.0,147.0,20.7,77.0,46.0,10.25,-0.9223291176290545,0.3864052261209853
0.0,0.0,1.0,0.0,1032.8,1436.6042857142859,57.0,180.0,22.266666666666666,90.0,48.0,12.39,-0.9155458729775467,0.40221356823680365
0.0,0.0,1.0,0.0,3334.62,1782.5785714285716,19.0,201.0,21.633333333333333,100.0,43.0,14.91,-0.9011686968561569,0.4334685453485363
0.0,0.0,1.0,0.0,939.33,1790.0485714285717,38.0,150.0,22.566666666666666,90.0,53.0,11.37,-0.8857249183835637,0.4642104791518923
0.0,0.0,1.0,0.0,736.56,1859.4428571428573,34.0,172.0,23.533333333333335,88.0,44.0,10.57,-0.8776087166898392,0.4793776594606945
0.0,0.0,1.0,0.0,590.55,1794.3157142857144,0.0,197.0,23.533333333333335,115.0,48.0,16.23,-0.8692328164574792,0.49440298420761813
0.0,0.0,1.0,0.0,1288.23,1284.5800000000002,33.0,155.0,24.433333333333334,78.0,44.0,11.59,-0.8605996962501181,0.5092820071573356
0.0,0.0,1.0,0.0,2379.08,1471.5957142857144,64.0,192.0,26.566666666666666,103.0,48.0,6.1,-0.8425720899866032,0.5385835804920232
0.0,0.0,1.0,0.0,433.32,1385.9557142857143,6.0,237.0,25.8,110.0,49.0,12.97,-0.8331829385891785,0.5529974600700271
0.0,0.0,1.0,0.0,970.36,1048.2042857142858,3.0,236.0,25.9,97.0,41.0,13.23,-0.8235472349556007,0.5672476988027229
0.0,0.0,1.0,0.0,814.71,1030.4014285714286,28.0,208.0,26.566666666666666,95.0,42.0,9.53,-0.8035476485339116,0.5952404359043674
0.0,0.0,1.0,0.0,574.67,1007.2742857142858,6.0,236.0,26.766666666666666,86.0,46.0,15.01,-0.7931896839451843,0.6089746507720486
0.0,0.0,1.0,0.0,864.97,1046.477142857143,37.0,209.0,27.566666666666666,34.0,42.0,10.88,-0.7825970017677834,0.6225286602431057
0.0,0.0,1.0,0.0,777.25,973.4800000000001,0.0,137.0,27.066666666666666,108.0,44.0,17.18,-0.7607200913564104,0.6490800741100398
0.0,0.0,1.0,0.0,1233.58,809.8371428571429,31.0,131.0,27.133333333333333,86.0,43.0,10.05,-0.7494423368521954,0.6620696215153815
0.0,0.0,1.0,0.0,557.28,827.5457142857143,57.0,176.0,26.433333333333334,105.0,43.0,8.17,-0.7262249146041543,0.6874571793269664
0.0,0.0,1.0,0.0,553.41,767.9814285714286,25.0,205.0,26.1,80.0,41.0,8.79,-0.7142921172691032,0.699847677146407
0.0,0.0,1.0,0.0,442.89,714.8642857142859,0.0,224.0,25.133333333333333,29.0,50.0,16.14,-0.7021479494046978,0.7120310787787131
0.0,0.0,1.0,0.0,327.6,679.5685714285717,4.0,187.0,25.1,96.0,49.0,15.43,-0.6897960046655887,0.7240037789593305
0.0,0.0,1.0,0.0,1029.3,703.0442857142859,39.0,175.0,25.833333333333332,85.0,46.0,13.87,-0.6772399381909491,0.7357622347736527
0.0,0.0,1.0,0.0,784.04,704.0142857142857,4.0,214.0,25.833333333333332,92.0,48.0,16.66,-0.6644834655228552,0.7473029667054296
0.0,0.0,1.0,0.0,1050.11,677.8042857142858,15.0,187.0,25.133333333333333,98.0,52.0,15.64,-0.6515303615068021,0.75862255966641
0.0,0.0,1.0,0.0,1080.77,752.5885714285715,37.0,144.0,24.866666666666667,88.0,42.0,11.22,-0.6383844591746642,0.7697176640069211
0.0,0.0,1.0,0.0,1132.81,835.3600000000002,27.0,124.0,22.333333333333332,93.0,44.0,8.7,-0.6250496486104377,0.7805849965070866
0.0,0.0,1.0,0.0,2772.81,1168.2057142857143,136.0,148.0,26.766666666666666,111.0,44.0,5.64,-0.5978291414589552,0.801623551065242
0.0,0.0,1.0,0.0,400.64,1178.6399999999999,1.0,246.0,26.5,86.0,47.0,15.06,-0.5699010576127624,0.8217133225960589
0.0,0.0,1.0,0.0,887.08,1158.3228571428574,11.0,243.0,26.866666666666667,86.0,45.0,13.42,-0.5556819724760489,0.8313949395234058
0.0,0.0,1.0,0.0,744.33,1152.65,3.0,239.0,26.066666666666666,82.0,39.0,13.4,-0.5412984521036173,0.8408305333122887
0.0,0.0,1.0,0.0,681.38,1099.9742857142858,4.0,273.0,25.666666666666668,45.0,47.0,14.47,-0.5120551783114646,0.8589525565270845
0.0,0.0,1.0,0.0,442.68,1008.8185714285715,2.0,255.0,25.433333333333334,68.0,48.0,16.34,-0.4972040784469378,0.8676336233547726
0.0,0.0,1.0,0.0,4091.48,1431.4857142857145,113.0,121.0,27.8,68.0,43.0,19.63,-0.4822058478963526,0.8760579434344281
0.0,0.0,1.0,0.0,1213.4299999999998,1208.717142857143,0.0,229.0,25.9,85.0,43.0,12.71,-0.46706492487743034,0.8842230238742036
0.0,0.0,1.0,0.0,707.4,1252.5400000000002,1.0,217.0,25.3,96.0,47.0,14.23,-0.4363729641045924,0.8997658785476209
0.0,0.0,1.0,0.0,949.37,1261.4385714285713,1.0,215.0,24.066666666666666,84.0,45.0,10.29,-0.42083100859565564,0.9071390534005044
0.0,0.0,1.0,0.0,574.56,1237.1857142857145,0.0,121.0,22.933333333333334,69.0,47.0,25.17,-0.4051645224207563,0.9142437912130223
0.0,0.0,1.0,0.0,1172.48,1307.3428571428574,41.0,117.0,24.3,40.0,45.0,23.55,-0.3893781415452015,0.9210779895789526
0.0,0.0,1.0,0.0,1815.85,1503.51,15.0,56.0,23.7,57.0,45.0,20.88,-0.34134651424503615,0.9399375283564133
0.0,0.0,1.0,0.0,803.25,1033.7628571428572,13.0,71.0,22.0,39.0,45.0,18.28,-0.3251276029999093,0.9456701548465688
0.0,0.0,1.0,0.0,481.28,929.1700000000001,53.0,83.0,23.566666666666666,87.0,50.0,9.0,-0.30881248126625377,0.9511229423235357
0.0,0.0,1.0,0.0,1297.19,1013.4257142857143,43.0,147.0,24.9,99.0,38.0,8.6,-0.27591294500296043,0.9611826292540837
0.0,0.0,1.0,0.0,1012.86,1022.4957142857145,4.0,149.0,24.1,38.0,45.0,20.39,-0.2593382659754056,0.9657865518844574
0.0,0.0,1.0,0.0,519.25,1014.594285714286,0.0,143.0,23.9,66.0,40.0,19.38,-0.2426868445825954,0.9701046827361175
0.0,0.0,1.0,0.0,831.35,965.8614285714286,22.0,196.0,23.4,95.0,42.0,8.45,-0.19232150523909483,0.9813319716704275
0.0,0.0,1.0,0.0,4015.92,1280.1571428571428,1.0,165.0,23.433333333333334,30.0,50.0,10.83,-0.17541259380427843,0.9844950085880858
0.0,0.0,1.0,0.0,227.5,1197.9071428571428,21.0,154.0,23.1,69.0,46.0,19.32,-0.15845177496083632,0.9873667175937016
0.0,0.0,1.0,0.0,893.11,1256.74,100.0,132.0,24.533333333333335,62.0,44.0,17.39,-0.14144406768794202,0.9899462489023779
0.0,0.0,0.0,1.0,1760.56,1412.1057142857142,0.0,30.0,12.866666666666667,95.0,47.0,17.28,0.9138076496466615,0.4061472386305789
0.0,0.0,0.0,1.0,1760.56,1412.1057142857142,0.0,34.0,12.866666666666667,36.0,51.0,17.83,0.9335418911179212,0.35846832151248087
0.0,0.0,0.0,1.0,449.4,1412.1057142857142,1.0,34.0,12.866666666666667,94.0,44.0,19.66,0.9395699859530622,0.342356891994542
0.0,0.0,0.0,1.0,1210.44,1412.1057142857142,15.0,35.0,12.866666666666667,93.0,46.0,17.89,0.945320046913132,0.3261441535642696
0.0,0.0,0.0,1.0,1089.92,1412.1057142857142,39.0,50.0,12.866666666666667,84.0,45.0,13.27,0.9507903724625832,0.3098349038318025
0.0,0.0,0.0,1.0,1392.33,1412.1057142857142,14.0,59.0,12.866666666666667,69.0,39.0,17.03,0.9559793438440766,0.2934339689665273
0.0,0.0,0.0,1.0,710.88,1412.1057142857142,0.0,73.0,12.866666666666667,78.0,48.0,15.5,0.9608854255574977,0.27694620226893646
0.0,0.0,0.0,1.0,3271.21,1412.1057142857142,0.0,69.0,12.866666666666667,83.0,45.0,16.99,0.9655071658143364,0.2603764827344581
0.0,0.0,0.0,1.0,930.6,1293.5400000000002,11.0,69.0,12.866666666666667,28.0,46.0,14.96,0.969843196967294,0.24372971360968387
0.0,0.0,0.0,1.0,278.63,1269.144285714286,1.0,80.0,12.866666666666667,96.0,48.0,15.51,0.9738922359149924,0.22701082094141847
0.0,0.0,0.0,1.0,1019.97,1241.9342857142858,0.0,80.0,12.866666666666667,109.0,44.0,20.21,0.9776530844816641,0.2102247521189836
0.0,0.0,0.0,1.0,5238.0,1834.517142857143,5.0,65.0,12.866666666666667,76.0,51.0,16.13,0.981124629771712,0.19337647441020586
0.0,0.0,0.0,1.0,852.07,1757.337142857143,0.0,31.0,12.866666666666667,83.0,50.0,17.7,0.984305844499033,0.17647097349152166
0.0,0.0,0.0,1.0,1020.96,1801.6342857142859,9.0,53.0,12.866666666666667,109.0,49.0,16.71,0.9897936029670716,0.14250832791617088
0.0,0.0,0.0,1.0,2103.49,1634.817142857143,113.0,62.0,12.866666666666667,46.0,41.0,8.02,0.992098522791769,0.12546123335273648
0.0,0.0,0.0,1.0,232.47,1535.0842857142857,0.0,163.0,12.866666666666667,99.0,46.0,15.25,0.9958270335100595,0.09126072172931188
0.0,0.0,0.0,1.0,1019.25,1640.8871428571426,0.0,161.0,12.866666666666667,87.0,48.0,17.22,0.998376906467142,0.056952196034039754
0.0,0.0,0.0,1.0,1011.15,1639.6271428571429,2.0,135.0,12.866666666666667,101.0,45.0,19.86,0.9997451236925734,0.022576263041545485
0.0,0.0,0.0,1.0,1323.96,1080.4785714285715,55.0,128.0,12.866666666666667,45.0,44.0,13.22,0.9999855506507186,0.005375731557583884
0.0,0.0,0.0,1.0,389.73,1014.4300000000001,9.0,70.0,12.866666666666667,96.0,42.0,21.66,0.9995786855478958,-0.029025013321975237
0.0,0.0,0.0,1.0,1320.16,1057.172857142857,0.0,126.0,12.866666666666667,88.0,45.0,19.74,0.9979887423155984,-0.06339140486951038
0.0,0.0,0.0,1.0,1137.74,919.2085714285713,5.0,127.0,12.866666666666667,35.0,49.0,19.46,0.9888537064205885,-0.1488903868564548
0.0,0.0,0.0,1.0,469.89,953.1257142857143,0.0,103.0,12.866666666666667,38.0,45.0,18.42,0.9831469737221499,-0.1828169249850199
0.0,0.0,0.0,1.0,1059.5,958.8757142857143,17.0,134.0,12.866666666666667,36.0,49.0,22.61,0.9762766110869321,-0.21652708524481437
0.0,0.0,0.0,1.0,553.52,893.5,0.0,151.0,12.866666666666667,22.0,47.0,21.36,0.9724075561219968,-0.23328854407545518
0.0,0.0,0.0,1.0,319.6,750.0200000000001,10.0,137.0,12.866666666666667,54.0,44.0,15.96,0.9682507501166718,-0.2499809690726521
0.0,0.0,0.0,1.0,568.92,775.6185714285714,18.0,122.0,12.866666666666667,45.0,46.0,19.78,0.9638074231367307,-0.26659942067929354
0.0,0.0,0.0,1.0,596.3,672.21,0.0,135.0,12.866666666666667,37.0,48.0,16.7,0.9590788900341131,-0.28313898122818354
0.0,0.0,0.0,1.0,429.51,571.0342857142857,21.0,105.0,12.866666666666667,37.0,45.0,18.08,0.9540665500578387,-0.2995947563972602
0.0,0.0,0.0,1.0,1810.54,762.5557142857142,41.0,95.0,12.866666666666667,94.0,45.0,21.14,0.9248025743285089,-0.38044736628785164
0.0,0.0,0.0,1.0,1311.42,798.5442857142856,18.0,118.0,13.466666666666667,89.0,43.0,20.92,0.9181214482844364,-0.39629913726891813
0.0,0.0,0.0,1.0,1182.37,888.38,27.0,127.0,14.366666666666667,72.0,41.0,17.71,0.9039461929224011,-0.42764620926777464
0.0,0.0,0.0,1.0,1186.25,1012.1871428571428,0.0,154.0,14.333333333333334,105.0,55.0,21.35,0.8964562582905575,-0.44313223418263453
0.0,0.0,0.0,1.0,1636.66,1164.7214285714285,44.0,101.0,15.3,94.0,43.0,20.81,0.8806828564301475,-0.47370635037968
0.0,0.0,0.0,1.0,1261.62,1259.7671428571427,9.0,142.0,14.3,95.0,44.0,27.57,0.8724040568049612,-0.48878539428899265
0.0,0.0,0.0,1.0,1689.26,1439.7314285714285,12.0,110.0,14.233333333333333,104.0,47.0,30.79,0.8638670987837349,-0.503719798736334
0.0,0.0,0.0,1.0,5757.33,2003.5585714285714,14.0,104.0,14.7,108.0,47.0,31.85,0.8550745085896932,-0.518505144391157
0.0,0.0,0.0,1.0,2322.0,2147.927142857143,0.0,106.0,14.7,100.0,45.0,28.49,0.8460288880917339,-0.533137056031809
0.0,0.0,0.0,1.0,2421.08,2324.885714285714,25.0,100.0,15.166666666666666,44.0,41.0,23.95,0.8271893372462497,-0.5619233046832195
0.0,0.0,0.0,1.0,664.02,2250.2814285714285,0.0,125.0,15.133333333333333,98.0,50.0,31.51,0.8174009818249189,-0.5760691233798758
0.0,0.0,0.0,1.0,2774.16,2412.781428571428,38.0,81.0,16.4,87.0,42.0,19.72,0.8073707443023492,-0.5900444739548627
0.0,0.0,0.0,1.0,1098.24,2389.441428571429,10.0,110.0,16.566666666666666,105.0,47.0,31.09,0.7971015927871943,-0.6038452208771035
0.0,0.0,0.0,1.0,2203.2,2462.8614285714284,10.0,106.0,16.9,101.0,49.0,21.97,0.7758587728069828,-0.6309066211876704
0.0,0.0,0.0,1.0,4751.11,2319.115714285714,16.0,127.0,17.133333333333333,104.0,47.0,27.56,0.7306444969184916,-0.6827580970759147
0.0,0.0,0.0,1.0,2420.21,2333.1457142857143,80.0,105.0,16.033333333333335,104.0,48.0,8.49,0.7187918772884232,-0.6952253139408722
0.0,0.0,0.0,1.0,1220.2,2161.5914285714284,0.0,175.0,16.033333333333335,108.0,43.0,25.43,0.7067265555776158,-0.7074868024503348
0.0,0.0,0.0,1.0,1812.36,2325.64,30.0,171.0,17.033333333333335,82.0,45.0,19.5,0.6819721490904629,-0.7313781428679254
0.0,0.0,0.0,1.0,4992.34,2642.522857142857,0.0,159.0,16.966666666666665,32.0,50.0,23.66,0.6692903895412567,-0.7430009249440493
0.0,0.0,0.0,1.0,1255.33,2664.964285714286,48.0,155.0,16.733333333333334,115.0,48.0,21.82,0.6564105761979381,-0.7544038410927472
0.0,0.0,0.0,1.0,1718.67,2595.7457142857143,1.0,197.0,16.466666666666665,82.0,52.0,24.12,0.6300720909843687,-0.7765366444428655
0.0,0.0,0.0,1.0,3580.16,2428.467142857143,3.0,118.0,16.566666666666666,95.0,44.0,24.13,0.6166212130956382,-0.7872599821916922
0.0,0.0,0.0,1.0,1524.18,2300.4628571428575,21.0,140.0,17.1,107.0,45.0,20.48,0.5891760872322963,-0.8080046647350754
0.0,0.0,0.0,1.0,1435.11,2331.164285714286,36.0,131.0,18.3,53.0,48.0,19.7,0.5751899607119775,-0.8180198708443174
0.0,0.0,0.0,1.0,715.14,2174.4185714285713,21.0,170.0,18.433333333333334,107.0,44.0,22.65,0.5322271388474397,-0.8466016020976267
0.0,0.0,0.0,1.0,1611.96,1691.5071428571428,0.0,190.0,18.433333333333334,110.0,46.0,28.34,0.5175855102531889,-0.8556314858488706
0.0,0.0,0.0,1.0,2905.98,1927.314285714286,5.0,187.0,18.266666666666666,97.0,46.0,28.93,0.5027907197793043,-0.8644081744776648
0.0,0.0,0.0,1.0,1865.99,1948.3600000000001,60.0,155.0,19.666666666666668,120.0,43.0,20.94,0.4878471454423119,-0.8729290708206411
0.0,0.0,0.0,1.0,1620.88,1668.462857142857,0.0,218.0,19.666666666666668,116.0,46.0,24.33,0.4575313760742512,-0.8891934772070711
0.0,0.0,0.0,1.0,1876.63,1718.8128571428572,38.0,175.0,20.233333333333334,94.0,43.0,22.16,0.44216815196707204,-0.8969321743510065
0.0,0.0,0.0,1.0,5049.54,2235.1600000000003,6.0,184.0,19.066666666666666,90.0,41.0,26.41,0.42667408318992467,-0.9044054548343001
0.0,0.0,0.0,1.0,1521.28,2350.3228571428567,0.0,169.0,18.466666666666665,105.0,54.0,21.8,0.4110537546870351,-0.9116111071930239
0.0,0.0,0.0,1.0,2212.08,2436.054285714286,31.0,169.0,18.6,90.0,47.0,17.01,0.3953117887649151,-0.9185469991587165
0.0,0.0,0.0,1.0,1559.77,2243.7385714285715,47.0,195.0,20.166666666666668,94.0,47.0,18.55,0.37945284372454435,-0.925211078289358
0.0,0.0,0.0,1.0,1540.2,2197.197142857143,18.0,182.0,19.3,45.0,42.0,21.18,0.36348161248290634,-0.9316013725767187
0.0,0.0,0.0,1.0,605.15,2052.092857142857,26.0,140.0,19.866666666666667,88.0,45.0,17.14,0.3474028211842774,-0.9377159910299093
0.0,0.0,0.0,1.0,965.12,1921.8771428571429,41.0,166.0,20.833333333333332,91.0,41.0,20.58,0.3312212278016865,-0.9435531242349544
0.0,0.0,0.0,1.0,1161.26,1366.4085714285716,17.0,194.0,20.933333333333334,85.0,44.0,27.08,0.2985688173637202,-0.9543881083175908
0.0,0.0,0.0,1.0,1496.3,1362.84,2.0,211.0,21.0,84.0,52.0,23.15,0.2821076626819194,-0.9593827529490743
0.0,0.0,0.0,1.0,1756.23,1297.7185714285715,7.0,215.0,20.4,46.0,40.0,25.35,0.24893980855376657,-0.9685189578512204
0.0,0.0,0.0,1.0,722.92,1178.1685714285716,25.0,204.0,21.233333333333334,103.0,39.0,14.97,0.23224292400907015,-0.9726578145718654
0.0,0.0,0.0,1.0,971.46,1096.9199999999998,44.0,203.0,21.433333333333334,97.0,41.0,19.84,0.21547731504673012,-0.976508846196619
0.0,0.0,0.0,1.0,1817.74,1270.1471428571429,21.0,206.0,21.8,88.0,48.0,15.62,0.19864794288017112,-0.9800709131432666
0.0,0.0,0.0,1.0,2320.13,1463.72,10.0,196.0,21.8,115.0,44.0,21.1,0.18175978759137534,-0.9833429613388902
0.0,0.0,0.0,1.0,1565.41,1521.4557142857143,2.0,235.0,21.333333333333332,85.0,50.0,22.88,0.14782713347053048,-0.9890132145779883
0.0,0.0,0.0,1.0,2071.78,1603.667142857143,42.0,157.0,20.066666666666666,54.0,41.0,18.56,0.13079267585675922,-0.9914097417023038
0.0,0.0,0.0,1.0,626.25,1442.2414285714283,20.0,192.0,20.733333333333334,113.0,43.0,25.75,0.11371951458594969,-0.9935128947338007
0.0,0.0,0.0,1.0,3456.3,1832.7242857142858,0.0,187.0,19.733333333333334,89.0,46.0,28.84,0.0966127018812031,-0.9953220513156602
0.0,0.0,0.0,1.0,1719.89,1939.642857142857,16.0,143.0,20.266666666666666,89.0,43.0,28.71,0.07947729992362097,-0.9968366760893436
0.0,0.0,0.0,1.0,3965.65,2246.4871428571428,12.0,138.0,19.066666666666666,106.0,47.0,26.86,0.062318379354325076,-0.998056320853012
0.0,0.0,0.0,1.0,4214.49,2517.11,15.0,140.0,19.533333333333335,107.0,43.0,23.62,0.04514101777397193,-0.9989806246941579
0.0,0.0,0.0,1.0,4299.28,2907.662857142857,5.0,107.0,19.6,87.0,48.0,24.23,0.02795029824021032,-0.999609314096404
0.0,0.0,0.0,1.0,1454.52,2819.4828571428575,6.0,110.0,19.1,42.0,42.0,18.69,0.01075130776352193,-0.9999422030204416
0.0,0.0,0.0,1.0,486.7,2799.547142857143,0.0,68.0,17.9,91.0,49.0,15.97,-0.023651127245231586,-0.9997202729664083
0.0,0.0,0.0,1.0,1017.1,2451.09,12.0,68.0,17.6,85.0,45.0,15.81,-0.04084439154329611,-0.9991655196610109
0.0,0.0,0.0,1.0,1742.6,2454.3342857142857,19.0,64.0,18.233333333333334,88.0,43.0,17.93,-0.05802556932878035,-0.9983150972033183
0.0,0.0,0.0,1.0,1017.81,2033.2142857142856,0.0,71.0,18.066666666666666,98.0,49.0,16.11,-0.07518957641475855,-0.9971692572470178
0.0,0.0,0.0,1.0,1089.51,1586.7885714285712,7.0,56.0,16.3,102.0,43.0,16.38,-0.09233133369539122,-0.9957283388645872
0.0,0.0,0.0,1.0,1061.09,1124.19,9.0,58.0,16.6,37.0,49.0,16.78,-0.10944576864891556,-0.993992768446958
0.0,0.0,0.0,1.0,425.39,977.1714285714285,24.0,61.0,16.133333333333333,99.0,45.0,10.38,-0.12652781683868314,-0.9919630595773397
0.0,0.0,0.0,1.0,663.06,1002.3657142857143,0.0,71.0,15.933333333333334,79.0,47.0,15.7,-0.1435724234118113,-0.9896398128792412
0.0,0.0,0.0,1.0,837.0,976.6371428571429,45.0,71.0,17.433333333333334,84.0,40.0,16.29,-0.16057454459499376,-0.9870237158387383
0.0,0.0,0.0,1.0,1415.64,929.9285714285714,34.0,155.0,17.533333333333335,30.0,40.0,18.73,-0.2280577712215198,-0.9736476020539838
0.0,0.0,0.0,1.0,342.82,833.5014285714286,9.0,143.0,16.266666666666666,78.0,50.0,18.49,-0.2944616217868012,-0.9556633054034704
0.0,0.0,0.0,1.0,1860.77,943.6814285714285,4.0,147.0,15.8,81.0,44.0,21.9,-0.3108569682435036,-0.9504567035349151
0.0,0.0,0.0,1.0,1179.71,960.6271428571428,7.0,81.0,15.166666666666666,30.0,41.0,22.53,-0.34336687399638804,-0.939201357453208
0.0,0.0,0.0,1.0,419.12,959.7314285714285,14.0,54.0,14.266666666666667,95.0,47.0,18.76,-0.3594718130884232,-0.9331559438780432
0.0,0.0,0.0,1.0,1193.94,1035.5714285714287,16.0,41.0,14.233333333333333,76.0,40.0,19.96,-0.3913578365610259,-0.9202385798054075
0.0,0.0,0.0,1.0,1552.29,1137.7557142857142,7.0,52.0,14.4,94.0,47.0,18.14,-0.4071294853542516,-0.9133704517637858
0.0,0.0,0.0,1.0,1519.35,1152.5714285714287,0.0,69.0,14.166666666666666,115.0,45.0,18.06,-0.4383067230125192,-0.898825465016444
0.0,0.0,0.0,1.0,1360.43,1297.9442857142858,0.0,67.0,13.333333333333334,38.0,49.0,22.24,-0.45370308603134424,-0.8911529104063088
0.0,0.0,0.0,1.0,583.05,1115.412857142857,0.0,79.0,11.866666666666667,86.0,40.0,16.95,-0.4990686026885319,-0.8665624788845385
0.0,0.0,0.0,1.0,925.83,1079.1442857142858,12.0,63.0,11.566666666666666,86.0,45.0,19.3,-0.5139010013093103,-0.8578494977869301
0.0,0.0,0.0,1.0,1087.3,1174.5985714285714,16.0,68.0,11.766666666666667,99.0,42.0,19.24,-0.5285813283559292,-0.8488826652214553
0.0,0.0,0.0,1.0,1209.67,1176.8457142857144,0.0,61.0,11.7,86.0,43.0,19.6,-0.5431052396834317,-0.8396646346181327
0.0,0.0,0.0,1.0,1112.76,1114.0557142857144,0.0,61.0,10.3,28.0,47.0,15.75,-0.5574684374327892,-0.8301981337405212
0.0,0.0,0.0,1.0,3768.68,1435.3885714285716,8.0,61.0,9.9,86.0,46.0,19.38,-0.5716666713027052,-0.8204859638785327
0.0,0.0,0.0,1.0,1108.56,1399.4071428571428,25.0,69.0,10.733333333333333,91.0,39.0,14.43,-0.5856957398073508,-0.8105309990194823
0.0,0.0,0.0,1.0,794.37,1429.595714285714,31.0,61.0,11.233333333333333,92.0,40.0,12.33,-0.6132298262997502,-0.7899045386224707
0.0,0.0,0.0,1.0,720.09,1400.2042857142856,10.0,80.0,11.166666666666666,84.0,39.0,17.45,-0.6267266965083301,-0.7792391467859886
0.0,0.0,0.0,1.0,1324.9299999999998,1434.1514285714286,11.0,74.0,11.033333333333333,83.0,45.0,15.71,-0.6400381082043503,-0.7683431655492202
0.0,0.0,0.0,1.0,1528.12,1479.6442857142854,13.0,108.0,11.3,92.0,40.0,18.5,-0.666088855860977,-0.7458723993404063
0.0,0.0,0.0,1.0,1038.22,1468.9957142857143,5.0,113.0,11.266666666666667,81.0,44.0,17.49,-0.6788204829862355,-0.734304263829602
0.0,0.0,0.0,1.0,935.22,1064.2157142857143,13.0,93.0,11.7,83.0,43.0,14.78,-0.6913512362094071,-0.722518835873311
0.0,0.0,0.0,1.0,791.42,1018.91,9.0,100.0,11.6,116.0,42.0,17.95,-0.7157953492826642,-0.6983101158835584
0.0,0.0,0.0,1.0,1311.66,1092.8085714285714,4.0,112.0,11.1,35.0,47.0,18.09,-0.7393922635959241,-0.673274892250183
0.0,0.0,0.0,1.0,430.44,1051.4299999999998,13.0,93.0,11.533333333333333,89.0,42.0,18.9,-0.7508642533989489,-0.6604565640279754
0.0,0.0,0.0,1.0,1068.07,1014.7357142857143,59.0,93.0,13.266666666666667,107.0,47.0,11.3,-0.7621140503891487,-0.6474427960827475
0.0,0.0,0.0,1.0,822.12,913.8785714285714,34.0,109.0,14.1,112.0,45.0,11.3,-0.7944973291665992,-0.6072676460566135
0.0,0.0,0.0,1.0,829.23,884.0228571428571,0.0,121.0,13.3,28.0,48.0,16.89,-0.8149159841660791,-0.5795791048257612
0.0,0.0,0.0,1.0,771.9100000000001,860.6928571428572,63.0,117.0,15.4,93.0,45.0,5.12,-0.8247650844733614,-0.5654755126737576
0.0,0.0,0.0,1.0,307.02,791.4928571428572,7.0,167.0,14.133333333333333,104.0,44.0,19.27,-0.8343701235229538,-0.5512045872199277
0.0,0.0,0.0,1.0,1312.62,791.63,3.0,115.0,13.1,97.0,43.0,14.4,-0.8437282590292712,-0.5367705514607103
0.0,0.0,0.0,1.0,922.02,861.8557142857143,11.0,118.0,13.166666666666666,86.0,46.0,18.26,-0.8616928164028522,-0.5074302810827518
0.0,0.0,0.0,1.0,1020.5,855.0600000000001,7.0,95.0,13.266666666666667,85.0,46.0,19.12,-0.8702939222685674,-0.49253272872205434
0.0,0.0,0.0,1.0,1080.62,891.9885714285714,19.0,91.0,13.666666666666666,41.0,51.0,17.32,-0.8786374941610001,-0.4774894280028391
0.0,0.0,0.0,1.0,497.0,844.5271428571428,6.0,110.0,13.4,109.0,54.0,20.75,-0.886721063082993,-0.46230483047981086
0.0,0.0,0.0,1.0,1617.33,965.3014285714286,31.0,53.0,13.9,84.0,45.0,16.57,-0.8945422369764496,-0.4469834295196741
0.0,0.0,0.0,1.0,2649.68,1299.9671428571426,25.0,77.0,14.5,83.0,46.0,14.2,-0.9020987014301837,-0.43152975897147144
0.0,0.0,0.0,1.0,784.04,1224.4557142857143,17.0,99.0,15.066666666666666,96.0,42.0,20.19,-0.9093882203647925,-0.4159483918249421
0.0,0.0,0.0,1.0,1230.63,1268.542857142857,20.0,116.0,15.733333333333333,83.0,45.0,15.54,-0.9164086366943458,-0.4002439388573056
0.0,0.0,0.0,1.0,838.5,1242.542857142857,11.0,125.0,16.1,95.0,52.0,17.08,-0.9231578729647039,-0.38442104726885545
0.0,0.0,0.0,1.0,1152.33,1252.787142857143,31.0,129.0,16.733333333333334,25.0,42.0,14.2,-0.9296339319682695,-0.3684843993077793
0.0,0.0,0.0,1.0,221.88,1213.4842857142855,5.0,141.0,16.366666666666667,86.0,39.0,21.6,-0.9358348973349941,-0.35243871088460327
0.0,0.0,0.0,1.0,1179.83,1150.9842857142855,0.0,140.0,16.366666666666667,84.0,48.0,15.76,-0.9417589340994617,-0.33628873017668287
0.0,0.0,0.0,1.0,906.94,902.0214285714285,0.0,107.0,16.366666666666667,82.0,50.0,18.49,-0.9527692922168511,-0.30369503751065885
0.0,0.0,0.0,1.0,2926.04,1208.0214285714287,12.0,90.0,16.5,79.0,45.0,18.19,-0.9578523554276669,-0.28726097055059635
0.0,0.0,0.0,1.0,2327.24,1364.6799999999998,12.0,81.0,16.066666666666666,89.0,44.0,18.93,-0.97139528468375,-0.23746831555846842
0.0,0.0,0.0,1.0,1061.55,1396.5442857142857,4.0,113.0,15.166666666666666,89.0,53.0,18.02,-0.9789888737409319,-0.20391367068311472
0.0,0.0,0.0,1.0,1550.86,1453.4771428571428,32.0,94.0,15.9,101.0,45.0,15.0,-0.9823516608469237,-0.18704334906991657
0.0,0.0,0.0,1.0,984.75,1562.4585714285713,22.0,126.0,16.266666666666666,97.0,49.0,12.59,-0.9854237542919524,-0.17011767832049052
0.0,0.0,0.0,1.0,830.28,1512.5228571428572,3.0,136.0,15.933333333333334,98.0,46.0,20.49,-0.9882042449941422,-0.15314166701312007
0.0,0.0,0.0,1.0,1659.32,1620.0057142857142,0.0,107.0,15.766666666666667,36.0,48.0,18.5,-0.9906923101615609,-0.13612033862266704
0.0,0.0,0.0,1.0,1272.54,1383.7914285714287,0.0,98.0,15.333333333333334,94.0,50.0,15.84,-0.9928872135356962,-0.11905873003404988
0.0,0.0,0.0,1.0,1034.86,1199.1657142857143,4.0,86.0,15.166666666666666,72.0,47.0,19.88,-0.994788305609327,-0.10196189005174576
0.0,0.0,0.0,1.0,958.77,1184.482857142857,2.0,61.0,15.1,84.0,45.0,16.21,-0.9977068927101168,-0.06768276175455162
0.0,0.0,0.0,1.0,905.73,1092.3214285714287,19.0,31.0,15.3,85.0,43.0,17.53,-0.9987235240803972,-0.050510617185222886
0.0,0.0,0.0,1.0,3016.7,1382.6000000000001,7.0,28.0,13.566666666666666,96.0,48.0,18.47,-0.9994446170919858,-0.033323525711631344
0.0,0.0,0.0,1.0,3529.51,1768.2042857142858,24.0,32.0,13.233333333333333,34.0,44.0,16.68,-0.9998699583618592,-0.016126573270657762
0.0,0.0,0.0,1.0,374.22,1584.6185714285714,10.0,97.0,13.566666666666666,90.0,44.0,22.08,-0.999832969770105,0.018276557681691223
0.0,0.0,0.0,1.0,1291.55,1587.3342857142857,42.0,112.0,12.866666666666667,76.0,44.0,16.26,-0.9986126020839734,0.052658056924614005
0.0,0.0,0.0,1.0,791.04,1552.5028571428572,39.0,152.0,13.933333333333334,100.0,47.0,16.28,-0.9975590477788613,0.06982797572987089
0.0,0.0,0.0,1.0,1641.9,1650.0928571428572,43.0,172.0,15.266666666666667,88.0,38.0,19.38,-0.9962102997023297,0.0869772313136861
0.0,0.0,0.0,1.0,4652.1,2185.2885714285717,1.0,219.0,14.933333333333334,75.0,47.0,24.6,-0.9926289059345095,0.121193461470736
0.0,0.0,0.0,1.0,1254.6,1933.56,43.0,179.0,16.133333333333333,95.0,45.0,16.14,-0.9903973200352558,0.1382503109109819
0.0,0.0,0.0,1.0,1736.45,1677.4085714285713,3.0,212.0,15.6,93.0,51.0,24.53,-0.9878726596350429,0.15526624985999563
0.0,0.0,0.0,1.0,1585.3,1850.42,30.0,193.0,16.4,90.0,45.0,16.38,-0.981947190186646,0.18915526872004093
0.0,0.0,0.0,1.0,958.1,1802.784285714286,25.0,184.0,16.2,91.0,47.0,16.36,-0.9785481345802031,0.20601832032517084
0.0,0.0,0.0,1.0,990.19,1831.2342857142855,63.0,166.0,17.466666666666665,33.0,47.0,8.15,-0.9748595108374125,0.22282040779479959
0.0,0.0,0.0,1.0,178.89,1622.2328571428573,8.0,194.0,17.166666666666668,93.0,47.0,19.88,-0.9708824104813836,0.23955655912092708
0.0,0.0,0.0,1.0,1248.08,1135.9442857142856,23.0,158.0,17.266666666666666,90.0,46.0,17.59,-0.9620675724981452,0.27281126433401914
0.0,0.0,0.0,1.0,1092.27,1112.7542857142857,0.0,163.0,16.9,92.0,50.0,19.47,-0.9467139181463862,0.3220757010206104
0.0,0.0,0.0,1.0,1677.79,1104.3742857142856,28.0,138.0,16.8,29.0,49.0,20.34,-0.9410336347451197,0.3383130181923076
0.0,0.0,0.0,1.0,398.25,934.7957142857142,49.0,130.0,18.266666666666666,76.0,42.0,23.41,-0.9223291176290545,0.3864052261209853
0.0,0.0,0.0,1.0,1120.77,958.0342857142857,0.0,156.0,18.266666666666666,109.0,51.0,24.95,-0.9155458729775467,0.40221356823680365
0.0,0.0,0.0,1.0,2800.8,1216.6928571428568,124.0,128.0,22.4,102.0,44.0,7.86,-0.9084917035725082,0.41790288888678667
0.0,0.0,0.0,1.0,529.32,1266.7542857142857,3.0,236.0,22.1,95.0,44.0,23.25,-0.9011686968561569,0.4334685453485363
0.0,0.0,0.0,1.0,1457.94,1296.7342857142855,1.0,218.0,21.733333333333334,82.0,49.0,26.8,-0.8857249183835637,0.4642104791518923
0.0,0.0,0.0,1.0,1863.62,1406.9271428571428,54.0,192.0,23.4,90.0,42.0,15.11,-0.8776087166898392,0.4793776594606945
0.0,0.0,0.0,1.0,863.6,1290.6142857142856,1.0,238.0,22.366666666666667,83.0,49.0,23.45,-0.8692328164574792,0.49440298420761813
0.0,0.0,0.0,1.0,1860.2,1499.4642857142858,63.0,190.0,23.733333333333334,94.0,46.0,9.56,-0.8605996962501181,0.5092820071573356
0.0,0.0,0.0,1.0,1325.84,1528.76,3.0,253.0,23.733333333333334,98.0,47.0,25.47,-0.8517119107469189,0.5240103253675756
0.0,0.0,0.0,1.0,1684.8,1369.3314285714284,109.0,132.0,27.366666666666667,103.0,45.0,8.56,-0.8425720899866032,0.5385835804920232
0.0,0.0,0.0,1.0,1343.53,1485.6471428571429,3.0,238.0,27.466666666666665,39.0,43.0,20.05,-0.8331829385891785,0.5529974600700271
0.0,0.0,0.0,1.0,512.21,1350.542857142857,2.0,234.0,27.4,99.0,52.0,22.08,-0.8235472349556007,0.5672476988027229
0.0,0.0,0.0,1.0,1552.06,1306.0342857142857,28.0,182.0,28.266666666666666,73.0,51.0,20.52,-0.8035476485339116,0.5952404359043674
0.0,0.0,0.0,1.0,1041.11,1331.392857142857,0.0,209.0,27.633333333333333,83.0,48.0,18.3,-0.7931896839451843,0.6089746507720486
0.0,0.0,0.0,1.0,1040.52,1214.2957142857142,35.0,146.0,28.566666666666666,73.0,43.0,18.84,-0.7825970017677834,0.6225286602431057
0.0,0.0,0.0,1.0,880.0,1150.6042857142857,75.0,178.0,30.266666666666666,68.0,44.0,9.76,-0.7717727365467836,0.6358984534680745
0.0,0.0,0.0,1.0,421.64,970.1528571428572,50.0,144.0,31.6,31.0,43.0,17.0,-0.7607200913564104,0.6490800741100398
0.0,0.0,0.0,1.0,337.28,826.4028571428571,4.0,215.0,30.333333333333332,95.0,46.0,24.44,-0.7379428103031386,0.6748632518680403
0.0,0.0,0.0,1.0,4960.35,1461.8514285714284,8.0,192.0,29.3,95.0,45.0,25.27,-0.7142921172691032,0.699847677146407
0.0,0.0,0.0,1.0,1560.65,1463.0785714285716,11.0,200.0,28.233333333333334,89.0,44.0,21.91,-0.7021479494046978,0.7120310787787131
0.0,0.0,0.0,1.0,5225.0,2060.7771428571427,19.0,176.0,28.833333333333332,80.0,45.0,25.0,-0.6897960046655887,0.7240037789593305
0.0,0.0,0.0,1.0,4391.0,2539.417142857143,2.0,250.0,27.466666666666665,90.0,51.0,21.86,-0.6644834655228552,0.7473029667054296
0.0,0.0,0.0,1.0,1406.41,2614.6185714285716,1.0,230.0,27.4,79.0,50.0,22.23,-0.6383844591746642,0.7697176640069211
0.0,0.0,0.0,1.0,1229.2,2729.984285714286,8.0,229.0,26.666666666666668,88.0,44.0,24.8,-0.6250496486104377,0.7805849965070866
0.0,0.0,0.0,1.0,1451.03,2889.0914285714284,2.0,229.0,25.9,85.0,49.0,20.19,-0.6115298757991053,0.7912213413483807
0.0,0.0,0.0,1.0,1175.46,2348.3928571428573,2.0,220.0,23.866666666666667,82.0,49.0,22.29,-0.5978291414589552,0.801623551065242
0.0,0.0,0.0,1.0,4308.46,2740.937142857143,36.0,113.0,24.8,91.0,42.0,21.19,-0.5556819724760489,0.8313949395234058
0.0,0.0,0.0,1.0,1650.28,2230.2628571428572,5.0,205.0,24.2,100.0,48.0,24.52,-0.5120551783114646,0.8589525565270845
0.0,0.0,0.0,1.0,1679.62,1842.9228571428573,3.0,275.0,24.3,38.0,46.0,16.53,-0.4822058478963526,0.8760579434344281
0.0,0.0,0.0,1.0,737.1800000000001,1747.3185714285714,0.0,214.0,23.366666666666667,84.0,47.0,16.19,-0.46706492487743034,0.8842230238742036
0.0,0.0,0.0,1.0,4129.8,2161.69,18.0,186.0,22.333333333333332,89.0,45.0,19.88,-0.451785789832884,0.8921264484954345
0.0,0.0,0.0,1.0,3008.54,2384.191428571429,0.0,168.0,22.333333333333332,83.0,47.0,16.71,-0.4363729641045924,0.8997658785476209
0.0,0.0,0.0,1.0,943.16,2351.0057142857145,57.0,134.0,20.1,84.0,42.0,12.38,-0.42083100859565564,0.9071390534005044
0.0,0.0,0.0,1.0,655.2,1829.1114285714286,0.0,152.0,20.0,93.0,51.0,21.88,-0.4051645224207563,0.9142437912130223
0.0,0.0,0.0,1.0,3380.6800000000003,2076.3114285714287,31.0,147.0,21.0,85.0,45.0,14.58,-0.3893781415452015,0.9210779895789526
0.0,0.0,0.0,1.0,792.96,1949.6457142857143,4.0,109.0,19.333333333333332,29.0,49.0,16.24,-0.37347653741307074,0.9276396261490467
0.0,0.0,0.0,1.0,322.64,1890.4257142857143,29.0,130.0,20.266666666666666,99.0,45.0,18.82,-0.34134651424503615,0.9399375283564133
0.0,0.0,0.0,1.0,1229.58,1476.1085714285714,53.0,141.0,19.933333333333334,82.0,51.0,13.32,-0.3251276029999093,0.9456701548465688
0.0,0.0,0.0,1.0,758.94,1154.7371428571428,6.0,151.0,20.033333333333335,100.0,46.0,17.47,-0.27591294500296043,0.9611826292540837
0.0,0.0,0.0,1.0,1153.02,1184.717142857143,0.0,126.0,16.4,35.0,49.0,20.26,-0.2593382659754056,0.9657865518844574
0.0,0.0,0.0,1.0,489.21,1161.0042857142857,49.0,122.0,17.933333333333334,90.0,46.0,17.77,-0.2426868445825954,0.9701046827361175
0.0,0.0,0.0,1.0,1055.34,828.8128571428572,68.0,151.0,20.133333333333333,84.0,41.0,7.05,-0.22596360824801906,0.974135744004672
0.0,0.0,0.0,1.0,372.96,768.8128571428571,4.0,190.0,19.333333333333332,84.0,45.0,18.48,-0.20917350564635637,0.9778785428342386
0.0,0.0,0.0,1.0,1047.6,872.3785714285714,0.0,172.0,19.333333333333332,91.0,48.0,18.6,-0.15845177496083632,0.9873667175937016
0.0,0.0,0.0,1.0,4059.64,1276.672857142857,9.0,171.0,18.466666666666665,73.0,38.0,22.12,-0.12439450483979998,0.9922328391893008
0.0,0.0,0.0,1.0,1001.3,1311.2957142857142,0.0,67.0,15.966666666666667,85.0,48.0,21.59,-0.09019000427034513,0.9959245770286599
0.0,0.0,0.0,1.0,2071.98,1442.5757142857142,38.0,63.0,15.566666666666666,74.0,45.0,10.91,-0.07304518821104743,0.9973286321364752
0.0,0.0,0.0,1.0,532.62,1448.777142857143,25.0,65.0,16.266666666666666,94.0,42.0,15.67,-0.05587875690537313,0.9984375616565666
0.0,0.0,0.0,1.0,920.62,1429.5314285714287,9.0,81.0,16.3,80.0,43.0,16.71,-0.03869579017652689,0.9992510374388481
0.0,0.0,0.0,1.0,842.31,1496.5814285714284,37.0,125.0,17.166666666666668,68.0,46.0,14.03,-0.004300592702981974,0.9999907524084426
0.0,0.0,0.0,1.0,624.87,1436.1914285714283,11.0,153.0,16.9,102.0,42.0,11.87,0.017201575418260506,0.9998520419557735
0.0,0.0,0.0,1.0,1369.15,1051.8357142857144,12.0,160.0,17.233333333333334,88.0,41.0,10.86,0.03439806061360801,0.9994082116062598
0.0,0.0,0.0,1.0,602.28,994.8328571428572,0.0,172.0,17.2,84.0,47.0,8.51,0.051584366869408364,0.9986686402879997
0.0,0.0,0.0,1.0,1237.2,875.5785714285714,10.0,134.0,17.266666666666666,90.0,39.0,11.5,0.06875540848113941,0.9976335468520451
0.0,0.0,0.0,1.0,631.35,889.6828571428572,35.0,134.0,18.366666666666667,32.0,41.0,9.38,0.10303137904317879,0.9946781061893646
0.0,0.0,0.0,1.0,189.0,785.1657142857144,4.0,129.0,18.433333333333334,97.0,45.0,10.8,0.1201261651823505,0.9927586335250793
0.0,0.0,0.0,1.0,691.68,763.6471428571429,12.0,85.0,17.633333333333333,90.0,42.0,9.77,0.1542040475626894,0.988039023376751
0.0,0.0,0.0,1.0,549.38,752.8628571428571,0.0,106.0,17.466666666666665,78.0,51.0,10.82,0.18809941761179758,0.9821499931752291
0.0,0.0,0.0,1.0,595.02,642.2728571428571,0.0,96.0,17.366666666666667,92.0,46.0,9.24,0.20496611396949532,0.9787690698649216
0.0,0.0,0.0,1.0,565.25,636.9828571428571,0.0,72.0,17.366666666666667,35.0,44.0,9.26,0.22177215755648186,0.975098513039961
0.0,0.0,0.0,1.0,213.84,490.7885714285714,0.0,42.0,16.766666666666666,93.0,45.0,8.84,0.2551824131233728,0.9668929289391521
0.0,0.0,0.0,1.0,554.85,479.86,0.0,42.0,16.766666666666666,82.0,44.0,10.62,0.2717767384711357,0.9623603298276545
0.0,0.0,0.0,1.0,948.86,588.4114285714286,51.0,30.0,16.566666666666666,90.0,42.0,7.68,0.2882906407095177,0.9575429528116719
0.0,0.0,0.0,1.0,438.79,552.2842857142857,8.0,60.0,16.833333333333332,85.0,45.0,11.02,0.3047192331091634,0.9524422234305676
0.0,0.0,0.0,1.0,609.05,560.8085714285714,0.0,68.0,15.8,91.0,43.0,10.18,0.321057654185271,0.9470596510722283
0.0,0.0,0.0,1.0,601.9,561.7914285714286,54.0,68.0,17.466666666666665,34.0,43.0,8.29,0.3373010691361842,0.9413968285264122
0.0,0.0,0.0,1.0,179.07,506.6228571428572,0.0,122.0,16.5,80.0,49.0,10.6,0.3534446712740877,0.9354554315134164
0.0,0.0,0.0,1.0,589.36,560.2685714285715,0.0,113.0,14.733333333333333,84.0,51.0,10.88,0.3694836834473831,0.9292372181882051
0.0,0.0,0.0,1.0,635.23,571.7514285714286,0.0,113.0,14.533333333333333,88.0,43.0,11.55,0.4012289854475009,0.9159777842484877
0.0,0.0,0.0,1.0,665.48,531.2685714285715,0.0,62.0,14.533333333333333,91.0,47.0,9.95,0.4169258813287287,0.908940487313808
0.0,0.0,0.0,1.0,619.93,557.1457142857142,0.0,54.0,12.9,95.0,43.0,10.2,0.4324994021339788,0.901634220265486
0.0,0.0,0.0,1.0,629.85,560.1171428571429,10.0,54.0,10.966666666666667,41.0,45.0,9.29,0.44794493940789115,0.8940611451454876
0.0,0.0,0.0,1.0,251.46,510.05428571428575,2.0,10.0,10.9,70.0,50.0,10.06,0.4632579225674917,0.88622350294858
0.0,0.0,0.0,1.0,485.76,553.8671428571428,0.0,12.0,10.9,90.0,46.0,8.42,0.49346814167723735,0.8697638720650646
0.0,0.0,0.0,1.0,2805.23,870.4200000000001,0.0,12.0,10.6,85.0,45.0,7.38,0.5230943033491326,0.8522748088519838
0.0,0.0,0.0,1.0,420.09,839.6857142857143,0.0,12.0,10.6,37.0,48.0,8.84,0.5521013427459208,0.8337770129585915
0.0,0.0,0.0,1.0,224.0,776.617142857143,0.0,2.0,9.333333333333334,90.0,49.0,7.02,0.5663619330814524,0.8241566360566663
0.0,0.0,0.0,1.0,445.56,751.7071428571428,21.0,0.0,9.2,85.0,45.0,6.21,0.5943761565849831,0.804187157621448
0.0,0.0,0.0,1.0,933.84,795.1342857142857,0.0,21.0,8.9,92.0,49.0,10.25,0.6081214998935418,0.7938439653781019
0.0,0.0,0.0,1.0,655.39,852.8385714285715,8.0,40.0,7.933333333333334,89.0,42.0,8.58,0.6350683134867438,0.7724559775191742
0.0,0.0,0.0,1.0,1340.96,975.0100000000001,2.0,48.0,7.633333333333334,27.0,45.0,8.85,0.6482618097757122,0.7614175109532997
0.0,0.0,0.0,1.0,158.94,596.9685714285714,0.0,50.0,7.233333333333333,87.0,46.0,10.26,0.6866759803451553,0.726963615332308
0.0,0.0,0.0,1.0,607.24,623.7042857142858,6.0,29.0,7.433333333333334,81.0,51.0,7.94,0.7112757519738152,0.7029130847082615
0.0,0.0,0.0,1.0,4357.24,1214.1671428571428,9.0,16.0,7.4,83.0,45.0,5.94,0.7232617254437388,0.6905740195722293
0.0,0.0,0.0,1.0,322.92,1196.6471428571429,11.0,17.0,6.6,83.0,39.0,8.72,0.746588114532413,0.6652865452111116
0.0,0.0,0.0,1.0,1234.64,1239.6185714285714,0.0,28.0,6.466666666666667,87.0,45.0,9.67,0.7690308592589181,0.6392116531380588
0.0,0.0,0.0,1.0,4291.06,1759.0,22.0,28.0,6.8,90.0,42.0,7.01,0.7799125224167177,0.6258885343075018
0.0,0.0,0.0,1.0,391.22,1623.3228571428574,0.0,50.0,6.8,98.0,45.0,7.9,0.7905633969115482,0.612380204990065
0.0,0.0,0.0,1.0,518.58,1674.7000000000003,0.0,44.0,6.8,74.0,48.0,10.09,0.8009803309782905,0.5986906625177214
0.0,0.0,0.0,1.0,507.96,1660.517142857143,0.0,35.0,6.8,43.0,43.0,9.7,0.8111602420785621,0.5848239578463322
0.0,0.0,0.0,1.0,1118.31,1197.8128571428572,8.0,33.0,7.066666666666666,89.0,42.0,10.04,0.8211001178128892,0.5707841943569036
0.0,0.0,0.0,1.0,572.16,1233.4185714285716,0.0,30.0,7.066666666666666,93.0,44.0,9.28,0.8307970168121247,0.5565755266413303
0.0,0.0,0.0,1.0,569.58,1138.41,2.0,30.0,5.433333333333334,81.0,46.0,9.63,0.8402480696078469,0.5422021592729844
0.0,0.0,0.0,1.0,1234.8,701.8014285714286,1.0,32.0,5.2,77.0,42.0,9.12,0.8494504794814806,0.527668345562516
0.0,0.0,0.0,1.0,445.77,709.5942857142857,0.0,24.0,5.2,82.0,48.0,10.24,0.8670985522812081,0.4981366284784055
0.0,0.0,0.0,1.0,1410.4,836.9971428571428,15.0,24.0,3.9,41.0,43.0,10.8,0.8755389928586302,0.4831474640149687
0.0,0.0,0.0,1.0,281.31,804.6185714285714,0.0,34.0,3.9,91.0,47.0,12.32,0.8916401947968874,0.45274469960737107
0.0,0.0,0.0,1.0,762.28,753.7571428571429,0.0,34.0,3.9,80.0,46.0,10.07,0.8992961915530253,0.4373400963303323
0.0,0.0,0.0,1.0,540.02,749.1657142857142,9.0,32.0,4.2,79.0,47.0,9.72,0.9066860720977985,0.4218060770826634
0.0,0.0,0.0,1.0,510.72,740.7571428571429,3.0,40.0,4.3,83.0,48.0,11.94,0.9138076496466615,0.4061472386305789
0.0,0.0,0.0,1.0,673.88,660.6257142857143,8.0,30.0,4.566666666666666,46.0,42.0,10.15,0.9272375462179537,0.374473674486883
0.0,0.0,0.0,1.0,294.21,638.9742857142857,0.0,23.0,4.233333333333333,82.0,48.0,13.1,0.9335418911179212,0.35846832151248087
0.0,0.0,0.0,1.0,730.32,541.82,4.0,20.0,4.3,81.0,46.0,10.1,0.9395699859530622,0.342356891994542
0.0,0.0,0.0,1.0,548.06,579.9271428571428,0.0,33.0,4.3,78.0,51.0,10.37,0.9507903724625832,0.3098349038318025
0.0,0.0,0.0,1.0,2996.35,899.0799999999999,4.0,24.0,4.433333333333334,77.0,46.0,13.32,0.9559793438440766,0.2934339689665273
0.0,0.0,0.0,1.0,687.42,920.1371428571427,0.0,25.0,4.433333333333334,91.0,45.0,12.66,0.9608854255574977,0.27694620226893646
0.0,0.0,0.0,1.0,771.84,957.4399999999999,15.0,25.0,4.933333333333334,35.0,48.0,10.09,0.9655071658143364,0.2603764827344581
0.0,0.0,0.0,1.0,2089.51,1159.672857142857,2.0,42.0,4.3,74.0,48.0,11.99,0.984305844499033,0.17647097349152166
0.0,0.0,0.0,1.0,603.16,1203.8085714285714,0.0,80.0,4.3,32.0,45.0,13.16,0.9897936029670716,0.14250832791617088
0.0,0.0,0.0,1.0,279.97,1139.4728571428573,0.0,65.0,4.033333333333333,85.0,46.0,10.94,0.992098522791769,0.12546123335273648
0.0,0.0,0.0,1.0,623.1,1150.1928571428573,0.0,50.0,3.966666666666667,73.0,46.0,11.88,0.9958270335100595,0.09126072172931188
0.0,0.0,0.0,1.0,580.89,805.1271428571428,0.0,50.0,3.966666666666667,97.0,47.0,11.8,0.9972495210773451,0.07411742515094437
0.0,0.0,0.0,1.0,1276.6,889.2957142857142,38.0,42.0,5.033333333333333,94.0,42.0,7.7,0.998376906467142,0.056952196034039754
0.0,0.0,0.0,1.0,463.36,845.2271428571429,0.0,78.0,4.733333333333333,88.0,47.0,10.65,0.9992088560679753,0.03977011384605572
0.0,0.0,0.0,1.0,632.48,637.0799999999999,0.0,38.0,4.366666666666666,35.0,45.0,12.2,0.9997451236925734,0.022576263041545485
0.0,0.0,0.0,1.0,1169.82,718.0314285714285,0.0,38.0,4.366666666666666,77.0,49.0,13.42,0.9999855506507186,0.005375731557583884
0.0,0.0,0.0,1.0,717.94,780.5985714285714,21.0,54.0,4.333333333333333,88.0,39.0,9.1,0.9967506498213929,-0.08054900421874167
0.0,0.0,0.0,1.0,3232.62,1153.3871428571429,18.0,75.0,4.933333333333334,41.0,47.0,16.93,0.9952176027737294,-0.09768276782171598
0.0,0.0,0.0,1.0,464.98,1136.8285714285714,0.0,93.0,4.933333333333334,88.0,42.0,16.09,0.9933900548258936,-0.11478762552212701
0.0,0.0,0.0,1.0,913.32,1084.9314285714286,0.0,133.0,4.933333333333334,43.0,47.0,10.88,0.9888537064205885,-0.1488903868564548
0.0,0.0,0.0,1.0,4101.9,1604.722857142857,31.0,109.0,5.7,34.0,46.0,9.5,0.986146248341595,-0.16587819893463143
0.0,0.0,0.0,1.0,691.8,1613.1971428571428,21.0,125.0,6.4,35.0,44.0,9.83,0.9831469737221499,-0.1828169249850199
0.0,0.0,0.0,1.0,628.3199999999999,1535.8400000000001,3.0,133.0,6.433333333333334,46.0,51.0,15.37,0.9798567700958665,-0.1997015525660636
0.0,0.0,0.0,1.0,2832.44,1837.9114285714284,20.0,121.0,7.066666666666666,47.0,43.0,13.79,0.9724075561219968,-0.23328854407545518
0.0,0.0,0.0,1.0,1003.2,1519.422857142857,30.0,115.0,8.066666666666666,38.0,43.0,7.11,0.9638074231367307,-0.26659942067929354
0.0,0.0,0.0,1.0,178.2,1478.4542857142856,13.0,145.0,8.0,45.0,48.0,10.84,0.9590788900341131,-0.28313898122818354
0.0,0.0,0.0,1.0,331.84,1395.3857142857141,9.0,117.0,8.3,43.0,35.0,10.86,0.9487718864399473,-0.31596187665790293
0.0,0.0,0.0,1.0,275.53,848.7614285714286,23.0,113.0,9.066666666666666,89.0,50.0,10.44,0.9373419384643772,-0.3484108069446808
0.0,0.0,0.0,1.0,664.24,844.8242857142857,6.0,116.0,8.966666666666667,103.0,44.0,14.34,0.9312100364121947,-0.3644830148102912
0.0,0.0,0.0,1.0,937.89,889.0485714285714,27.0,106.0,9.766666666666667,89.0,42.0,11.43,0.9248025743285089,-0.38044736628785164
0.0,0.0,0.0,1.0,635.62,575.2171428571429,12.0,103.0,9.9,98.0,38.0,12.78,0.9181214482844364,-0.39629913726891813
0.0,0.0,0.0,1.0,763.72,541.0057142857142,0.0,96.0,9.9,92.0,49.0,14.5,0.9039461929224011,-0.42764620926777464
0.0,0.0,0.0,1.0,1415.13,717.71,0.0,87.0,9.766666666666667,35.0,42.0,15.17,0.8964562582905575,-0.44313223418263453
0.0,0.0,0.0,1.0,342.5,719.2328571428571,0.0,69.0,9.766666666666667,116.0,47.0,18.81,0.8638670987837349,-0.503719798736334
0.0,0.0,0.0,1.0,1483.76,891.8371428571429,12.0,57.0,10.033333333333333,97.0,43.0,16.97,0.8550745085896932,-0.518505144391157
0.0,0.0,0.0,1.0,4247.4400000000005,1403.7228571428573,42.0,64.0,11.433333333333334,100.0,49.0,13.5,0.8460288880917339,-0.533137056031809
0.0,0.0,0.0,1.0,904.5,1398.9528571428575,35.0,110.0,12.1,93.0,49.0,11.78,0.8271893372462497,-0.5619233046832195
0.0,0.0,0.0,1.0,756.24,1416.1842857142858,35.0,100.0,13.2,110.0,45.0,14.31,0.8174009818249189,-0.5760691233798758
0.0,0.0,0.0,1.0,2682.9700000000003,1690.3628571428574,11.0,135.0,13.566666666666666,79.0,46.0,20.46,0.8073707443023492,-0.5900444739548627
0.0,0.0,0.0,1.0,1074.64,1641.7214285714288,17.0,139.0,14.133333333333333,87.0,44.0,14.59,0.7971015927871943,-0.6038452208771035
0.0,0.0,0.0,1.0,3791.85,2134.4857142857145,30.0,156.0,15.133333333333333,104.0,39.0,13.96,0.7865965660866021,-0.6174672802835514
0.0,0.0,0.0,1.0,3551.7200000000003,2429.9085714285716,31.0,146.0,16.166666666666668,46.0,45.0,14.48,0.7648913904341225,-0.6441592666722685
0.0,0.0,0.0,1.0,439.56,1885.9257142857143,13.0,173.0,15.333333333333334,100.0,44.0,17.23,0.753697664392914,-0.6572212950663319
0.0,0.0,0.0,1.0,1625.18,1988.8799999999999,30.0,151.0,16.333333333333332,96.0,42.0,12.69,0.742280907086982,-0.6700888411055113
0.0,0.0,0.0,1.0,1161.61,2046.7900000000002,18.0,176.0,16.933333333333334,56.0,46.0,19.39,0.6819721490904629,-0.7313781428679254
0.0,0.0,0.0,1.0,1095.62,1820.0257142857142,11.0,163.0,17.3,92.0,42.0,19.78,0.6692903895412567,-0.7430009249440493
0.0,0.0,0.0,1.0,1155.7,1831.6057142857142,0.0,161.0,16.6,90.0,44.0,19.8,0.6564105761979381,-0.7544038410927472
0.0,0.0,0.0,1.0,1176.12,1457.9299999999998,13.0,131.0,16.433333333333334,104.0,42.0,17.59,0.6433365204044917,-0.765583517007675
0.0,0.0,0.0,1.0,1143.12,1113.8442857142857,11.0,141.0,16.8,103.0,41.0,18.4,0.6300720909843687,-0.7765366444428655
0.0,0.0,0.0,1.0,1203.33,1222.9542857142856,12.0,135.0,17.2,92.0,38.0,17.74,0.6166212130956382,-0.7872599821916922
0.0,0.0,0.0,1.0,987.36,1131.837142857143,7.0,83.0,16.4,79.0,45.0,19.01,0.6029878670694714,-0.7977503570459932
0.0,0.0,0.0,1.0,983.81,1106.4371428571428,8.0,72.0,15.966666666666667,60.0,46.0,16.43,0.5891760872322963,-0.8080046647350754
0.0,0.0,0.0,1.0,650.76,1042.8857142857144,7.0,62.0,16.1,99.0,43.0,16.1,0.5751899607119775,-0.8180198708443174
0.0,0.0,0.0,1.0,1028.13,1024.6614285714284,14.0,58.0,15.9,93.0,46.0,20.74,0.5610336262283677,-0.8277930117131022
0.0,0.0,0.0,1.0,2985.1400000000003,1283.0928571428572,37.0,72.0,16.133333333333333,91.0,46.0,15.84,0.5467112728685939,-0.8373211953118121
0.0,0.0,0.0,1.0,951.06,1255.6557142857143,0.0,99.0,15.7,101.0,47.0,20.16,0.5175855102531889,-0.8556314858488706
0.0,0.0,0.0,1.0,1394.66,1282.9885714285715,0.0,87.0,15.4,88.0,51.0,18.18,0.5027907197793043,-0.8644081744776648
0.0,0.0,0.0,1.0,1136.0,1304.2228571428573,23.0,80.0,15.4,34.0,46.0,12.68,0.4878471454423119,-0.8729290708206411
0.0,0.0,0.0,1.0,1949.15,1442.1285714285714,0.0,95.0,15.2,86.0,50.0,15.12,0.47275920928627757,-0.881191653407483
0.0,0.0,0.0,1.0,1356.5,1542.9485714285713,6.0,101.0,14.5,112.0,41.0,16.31,0.44216815196707204,-0.8969321743510065
0.0,0.0,0.0,1.0,1123.61,1556.5885714285716,0.0,70.0,14.1,90.0,46.0,14.28,0.42667408318992467,-0.9044054548343001
0.0,0.0,0.0,1.0,867.38,1254.0514285714285,13.0,76.0,14.533333333333333,103.0,46.0,19.3,0.3953117887649151,-0.9185469991587165
0.0,0.0,0.0,1.0,4745.96,1796.18,74.0,89.0,17.0,69.0,41.0,6.36,0.37945284372454435,-0.925211078289358
0.0,0.0,0.0,1.0,1165.38,1763.4257142857143,15.0,167.0,17.5,91.0,40.0,19.14,0.3474028211842774,-0.9377159910299093
0.0,0.0,0.0,1.0,1088.75,1756.6757142857143,19.0,155.0,17.733333333333334,85.0,48.0,17.31,0.3312212278016865,-0.9435531242349544
0.0,0.0,0.0,1.0,1007.64,1622.1742857142858,0.0,183.0,16.333333333333332,105.0,42.0,16.48,0.2985688173637202,-0.9543881083175908
0.0,0.0,0.0,1.0,1124.5,1589.0314285714287,0.0,163.0,15.166666666666666,120.0,49.0,15.43,0.2821076626819194,-0.9593827529490743
0.0,0.0,0.0,1.0,1295.7,1613.6157142857141,73.0,150.0,16.433333333333334,30.0,48.0,6.17,0.26556302780405594,-0.9640935007889755
0.0,0.0,0.0,1.0,123.03,1507.2800000000002,19.0,149.0,16.7,94.0,48.0,14.14,0.24893980855376657,-0.9685189578512204
0.0,0.0,0.0,1.0,883.79,955.5414285714286,23.0,141.0,16.9,94.0,48.0,11.71,0.23224292400907015,-0.9726578145718654
0.0,0.0,0.0,1.0,748.68,896.0128571428571,15.0,149.0,16.4,91.0,44.0,18.22,0.21547731504673012,-0.976508846196619
0.0,0.0,0.0,1.0,4769.99,1421.9042857142856,11.0,145.0,15.733333333333333,96.0,42.0,17.45,0.19864794288017112,-0.9800709131432666
0.0,0.0,0.0,1.0,1055.25,1428.7057142857143,55.0,141.0,17.133333333333333,107.0,46.0,11.88,0.18175978759137534,-0.9833429613388902
0.0,0.0,0.0,1.0,2037.5,1559.1342857142859,16.0,196.0,16.666666666666668,103.0,44.0,16.21,0.16481784665719793,-0.9863240225317866
0.0,0.0,0.0,1.0,1981.55,1657.112857142857,5.0,212.0,16.233333333333334,40.0,47.0,18.73,0.14782713347053048,-0.9890132145779883
0.0,0.0,0.0,1.0,1308.6,1826.4799999999998,7.0,144.0,16.1,108.0,41.0,14.87,0.13079267585675922,-0.9914097417023038
0.0,0.0,0.0,1.0,1011.78,1844.7642857142857,10.0,128.0,16.433333333333334,98.0,41.0,14.78,0.07947729992362097,-0.9968366760893436
0.0,0.0,0.0,1.0,912.24,1868.1299999999999,2.0,230.0,16.066666666666666,80.0,47.0,14.91,0.01075130776352193,-0.9999422030204416
0.0,0.0,0.0,1.0,805.28,1301.7428571428572,0.0,225.0,15.7,90.0,45.0,12.11,-0.00645086419810515,-0.9999791929590823
0.0,0.0,0.0,1.0,719.4,1253.7642857142857,0.0,209.0,15.3,82.0,46.0,10.82,-0.023651127245231586,-0.9997202729664083
0.0,0.0,0.0,1.0,598.73,1048.2257142857143,0.0,219.0,15.066666666666666,74.0,51.0,10.42,-0.05802556932878035,-0.9983150972033183
0.0,0.0,0.0,1.0,3686.56,1291.7985714285714,20.0,186.0,15.466666666666667,78.0,49.0,12.21,-0.07518957641475855,-0.9971692572470178
0.0,0.0,0.0,1.0,647.36,1197.3357142857144,9.0,122.0,15.533333333333333,36.0,43.0,14.25,-0.09233133369539122,-0.9957283388645872
0.0,0.0,0.0,1.0,699.88,1152.7785714285715,26.0,69.0,15.933333333333334,82.0,45.0,9.74,-0.10944576864891556,-0.993992768446958
0.0,0.0,0.0,1.0,2760.35,1416.7942857142857,6.0,103.0,14.9,88.0,46.0,11.86,-0.1435724234118113,-0.9896398128792412
0.0,0.0,0.0,1.0,1454.04,1509.4742857142858,13.0,109.0,15.333333333333334,94.0,39.0,11.77,-0.16057454459499376,-0.9870237158387383
0.0,0.0,0.0,1.0,685.72,1504.662857142857,5.0,84.0,15.5,101.0,45.0,11.65,-0.17752914918703497,-0.984115542601034
0.0,0.0,0.0,1.0,788.59,1531.7857142857142,12.0,89.0,15.133333333333333,91.0,41.0,12.03,-0.19443122004766195,-0.9809161537413774
0.0,0.0,0.0,1.0,678.9,1102.1200000000001,24.0,81.0,15.933333333333334,26.0,40.0,7.04,-0.2112757555821793,-0.9774264960104055
0.0,0.0,0.0,1.0,114.38,1025.98,53.0,96.0,17.5,74.0,41.0,11.3,-0.2280577712215198,-0.9736476020539838
0.0,0.0,0.0,1.0,514.14,999.4457142857142,4.0,134.0,17.633333333333333,85.0,48.0,11.46,-0.2944616217868012,-0.9556633054034704
0.0,0.0,0.0,1.0,1276.19,787.4228571428572,7.0,133.0,17.433333333333334,93.0,46.0,11.58,-0.3108569682435036,-0.9504567035349151
0.0,0.0,0.0,1.0,710.82,681.2485714285714,0.0,128.0,14.966666666666667,24.0,50.0,11.08,-0.3271603271220951,-0.9449688462364056
0.0,0.0,0.0,1.0,187.53,610.0785714285714,18.0,104.0,15.066666666666666,95.0,42.0,10.48,-0.34336687399638804,-0.939201357453208
0.0,0.0,0.0,1.0,632.46,587.7742857142857,11.0,69.0,14.8,85.0,45.0,11.2,-0.3594718130884232,-0.9331559438780432
0.0,0.0,0.0,1.0,3739.56,1025.0114285714285,41.0,70.0,16.166666666666668,82.0,43.0,9.82,-0.3754703786876202,-0.9268343944460494
0.0,0.0,0.0,1.0,515.2,1082.2714285714285,0.0,96.0,16.166666666666668,103.0,51.0,12.51,-0.4071294853542516,-0.9133704517637858
0.0,0.0,0.0,1.0,908.75,1138.6442857142858,93.0,92.0,16.833333333333332,89.0,45.0,6.53,-0.4227806579826773,-0.9062320427107697
0.0,0.0,0.0,1.0,380.56,1010.6971428571429,13.0,178.0,16.633333333333333,30.0,46.0,13.97,-0.4383067230125192,-0.898825465016444
0.0,0.0,0.0,1.0,278.63,948.9557142857144,0.0,173.0,15.866666666666667,86.0,44.0,11.52,-0.46896519100763184,-0.8832166493127127
0.0,0.0,0.0,1.0,3868.97,1474.8757142857141,17.0,162.0,15.933333333333334,86.0,47.0,12.42,-0.48408852163897587,-0.8750190302029955
0.0,0.0,0.0,1.0,704.88,1485.2214285714285,6.0,138.0,15.766666666666667,79.0,43.0,13.27,-0.4990686026885319,-0.8665624788845385
0.0,0.0,0.0,1.0,670.72,1046.8157142857142,92.0,159.0,17.0,98.0,45.0,3.76,-0.5285813283559292,-0.8488826652214553
0.0,0.0,0.0,1.0,242.88,1007.9128571428571,3.0,158.0,16.566666666666666,31.0,45.0,12.94,-0.5431052396834317,-0.8396646346181327
0.0,0.0,0.0,1.0,264.66,915.9,10.0,148.0,16.733333333333334,108.0,44.0,12.78,-0.5574684374327892,-0.8301981337405212
0.0,0.0,0.0,1.0,890.1,988.6914285714284,0.0,158.0,16.5,85.0,50.0,10.6,-0.5716666713027052,-0.8204859638785327
0.0,0.0,0.0,1.0,965.21,1086.7742857142855,0.0,158.0,16.166666666666668,91.0,48.0,11.32,-0.5856957398073508,-0.8105309990194823
0.0,0.0,0.0,1.0,2321.55,865.7142857142857,11.0,141.0,16.466666666666665,85.0,36.0,12.44,-0.5995514915196489,-0.8003361849976323
0.0,0.0,0.0,1.0,634.2,855.6171428571428,0.0,146.0,16.466666666666665,75.0,46.0,11.88,-0.6132298262997502,-0.7899045386224707
0.0,0.0,0.0,1.0,596.97,845.0814285714285,0.0,24.0,16.466666666666665,37.0,44.0,9.59,-0.6400381082043503,-0.7683431655492202
0.0,0.0,0.0,1.0,237.85,844.3628571428573,0.0,54.0,16.466666666666665,93.0,46.0,12.02,-0.666088855860977,-0.7458723993404063
0.0,0.0,0.0,1.0,765.83,915.9585714285714,0.0,54.0,15.8,90.0,46.0,11.22,-0.6913512362094071,-0.722518835873311
0.0,0.0,0.0,1.0,676.7,885.4728571428572,15.0,43.0,16.0,92.0,42.0,9.7,-0.7036774074790128,-0.7105196029692745
0.0,0.0,0.0,1.0,566.42,828.5028571428572,0.0,70.0,15.133333333333333,22.0,46.0,10.91,-0.7277014757264236,-0.6858939875998223
0.0,0.0,0.0,1.0,159.6,519.6528571428572,0.0,70.0,14.933333333333334,90.0,48.0,11.9,-0.7393922635959241,-0.673274892250183
0.0,0.0,0.0,1.0,733.64,533.8585714285714,3.0,44.0,14.6,89.0,46.0,10.73,-0.7731383255706026,-0.6342374393978054
0.0,0.0,0.0,1.0,644.62,540.6657142857142,23.0,47.0,15.2,88.0,44.0,12.1,-0.7839338166829201,-0.620844401650647
0.0,0.0,0.0,1.0,3604.25,1021.5799999999999,7.0,55.0,15.033333333333333,91.0,41.0,12.47,-0.7944973291665992,-0.6072676460566135
0.0,0.0,0.0,1.0,726.4,1015.9471428571429,0.0,50.0,14.233333333333333,32.0,48.0,13.16,-0.8048257371083452,-0.593511190196115
0.0,0.0,0.0,1.0,292.6,961.0757142857144,0.0,50.0,12.466666666666667,83.0,48.0,9.69,-0.8149159841660791,-0.5795791048257612
0.0,0.0,0.0,1.0,546.72,958.2614285714286,10.0,50.0,12.666666666666666,87.0,42.0,12.57,-0.8247650844733614,-0.5654755126737576
0.0,0.0,0.0,1.0,705.63,1036.2657142857142,0.0,45.0,12.433333333333334,106.0,46.0,9.63,-0.8437282590292712,-0.5367705514607103
0.0,0.0,0.0,1.0,678.97,1028.4557142857143,4.0,42.0,12.566666666666666,90.0,47.0,13.14,-0.8528367217694595,-0.522177676659508
0.0,0.0,0.0,1.0,1368.7,1131.8957142857141,22.0,23.0,12.7,94.0,49.0,7.07,-0.8616928164028522,-0.5074302810827518
0.0,0.0,0.0,1.0,452.2,681.602857142857,52.0,38.0,14.066666666666666,42.0,45.0,12.83,-0.8702939222685674,-0.49253272872205434
0.0,0.0,0.0,1.0,355.74,628.6514285714285,12.0,90.0,13.1,83.0,48.0,14.24,-0.8786374941610001,-0.4774894280028391
0.0,0.0,0.0,1.0,1168.94,753.842857142857,0.0,117.0,13.1,97.0,49.0,13.98,-0.8945422369764496,-0.4469834295196741
0.0,0.0,0.0,1.0,949.2,811.34,4.0,115.0,10.133333333333333,90.0,47.0,14.62,-0.9020987014301837,-0.43152975897147144
0.0,0.0,0.0,1.0,894.88,838.3757142857143,34.0,123.0,10.833333333333334,85.0,41.0,7.4,-0.9164086366943458,-0.4002439388573056
0.0,0.0,0.0,1.0,402.56,798.8885714285714,0.0,135.0,10.833333333333334,38.0,46.0,11.68,-0.9231578729647039,-0.38442104726885545
0.0,0.0,0.0,1.0,301.92,646.4914285714285,13.0,83.0,10.7,98.0,45.0,14.44,-0.9296339319682695,-0.3684843993077793
0.0,0.0,0.0,1.0,926.83,714.2957142857142,13.0,84.0,10.933333333333334,89.0,47.0,13.38,-0.9358348973349941,-0.35243871088460327
0.0,0.0,0.0,1.0,797.97,777.4714285714286,55.0,72.0,9.7,85.0,41.0,12.05,-0.9417589340994617,-0.33628873017668287
0.0,0.0,0.0,1.0,1464.48,819.6914285714286,3.0,127.0,9.7,98.0,48.0,11.51,-0.9474042892438845,-0.32003923622313857
0.0,0.0,0.0,1.0,772.68,794.4742857142857,11.0,126.0,9.733333333333333,83.0,42.0,14.06,-0.9527692922168511,-0.30369503751065885
0.0,0.0,0.0,1.0,729.38,770.8314285714285,0.0,129.0,9.733333333333333,82.0,42.0,10.83,-0.9578523554276669,-0.28726097055059635
0.0,0.0,0.0,1.0,572.76,795.1457142857142,19.0,95.0,10.366666666666667,27.0,43.0,13.7,-0.9626519747161487,-0.2707418984477642
0.0,0.0,0.0,1.0,238.65,786.1071428571428,34.0,114.0,11.133333333333333,88.0,44.0,10.68,-0.9671667297977312,-0.2541427094613622
0.0,0.0,0.0,1.0,2722.7,1042.6599999999999,34.0,135.0,12.266666666666667,84.0,40.0,7.9,-0.97139528468375,-0.23746831555846842
0.0,0.0,0.0,1.0,415.0,987.9499999999999,8.0,156.0,12.533333333333333,78.0,41.0,11.68,-0.9753363880767837,-0.2207236509605022
0.0,0.0,0.0,1.0,573.93,860.7285714285714,2.0,126.0,12.6,27.0,49.0,14.11,-0.9882042449941422,-0.15314166701312007
0.0,0.0,0.0,1.0,260.99,787.6299999999999,25.0,109.0,13.433333333333334,95.0,50.0,11.31,-0.9906923101615609,-0.13612033862266704
0.0,0.0,0.0,1.0,741.06,789.2985714285712,6.0,100.0,13.133333333333333,87.0,43.0,10.95,-0.9928872135356962,-0.11905873003404988
0.0,0.0,0.0,1.0,605.15,793.9257142857142,22.0,72.0,13.866666666666667,92.0,43.0,10.48,-0.994788305609327,-0.10196189005174576
0.0,0.0,0.0,1.0,612.14,847.2814285714284,12.0,53.0,14.266666666666667,91.0,40.0,13.97,-0.9998699583618592,-0.016126573270657762
0.0,0.0,0.0,1.0,794.38,571.8071428571428,68.0,40.0,16.433333333333334,88.0,43.0,6.92,-0.9999994220246925,0.001075151282798226
0.0,0.0,0.0,1.0,4087.72,1096.4814285714285,80.0,127.0,18.333333333333332,90.0,48.0,5.83,-0.9993706508539969,0.03547255575312556
0.0,0.0,0.0,1.0,354.38,1065.1171428571427,93.0,207.0,21.2,80.0,45.0,6.36,-0.9986126020839734,0.052658056924614005
0.0,0.0,0.0,1.0,338.49,1076.1885714285713,0.0,300.0,21.2,93.0,46.0,13.6,-0.9975590477788613,0.06982797572987089
0.0,0.0,0.0,1.0,847.55,1091.4014285714286,0.0,300.0,21.2,34.0,47.0,13.97,-0.9962102997023297,0.0869772313136861
0.0,0.0,0.0,1.0,327.75,1051.772857142857,0.0,300.0,20.866666666666667,100.0,47.0,14.99,-0.9945667569706337,0.1041007489354256
0.0,0.0,0.0,1.0,1004.33,1107.8,2.0,288.0,20.933333333333334,89.0,46.0,14.52,-0.9926289059345095,0.121193461470736
0.0,0.0,0.0,1.0,885.02,1120.7485714285715,2.0,222.0,20.866666666666667,90.0,49.0,17.06,-0.9903973200352558,0.1382503109109819
0.0,0.0,0.0,1.0,1066.83,689.192857142857,18.0,177.0,20.733333333333334,77.0,39.0,13.69,-0.9878726596350429,0.15526624985999563
0.0,0.0,0.0,1.0,642.94,730.4157142857141,15.0,115.0,19.5,104.0,42.0,13.09,-0.9850556718215013,0.172236243027682
0.0,0.0,0.0,1.0,877.85,807.4671428571428,41.0,46.0,20.466666666666665,87.0,43.0,11.02,-0.9748595108374125,0.22282040779479959
0.0,0.0,0.0,1.0,623.35,775.4385714285712,28.0,137.0,21.4,74.0,46.0,10.51,-0.9620675724981452,0.27281126433401914
0.0,0.0,0.0,1.0,3057.48,1165.3999999999999,27.0,147.0,22.166666666666668,92.0,42.0,13.74,-0.957232443323312,0.28931997761869527
0.0,0.0,0.0,1.0,1198.64,1193.1585714285713,47.0,159.0,22.6,84.0,44.0,11.49,-0.9521140536681102,0.3057430764672831
0.0,0.0,0.0,1.0,627.25,1156.3342857142857,42.0,197.0,24.0,48.0,49.0,9.9,-0.9467139181463862,0.3220757010206104
0.0,0.0,0.0,1.0,318.25,1049.3942857142858,31.0,200.0,24.6,106.0,44.0,9.83,-0.9350748843515574,0.3544502230989869
0.0,0.0,0.0,1.0,1538.09,1177.2728571428572,3.0,218.0,24.266666666666666,100.0,47.0,12.97,-0.9223291176290545,0.3864052261209853
0.0,0.0,0.0,1.0,881.96,1177.86,107.0,193.0,26.0,91.0,48.0,6.41,-0.9155458729775467,0.40221356823680365
0.0,0.0,0.0,1.0,396.44,1145.4442857142856,4.0,273.0,26.033333333333335,99.0,47.0,15.54,-0.9084917035725082,0.41790288888678667
0.0,0.0,0.0,1.0,3341.15,1185.9685714285713,0.0,189.0,25.666666666666668,85.0,45.0,14.35,-0.8935790198239952,0.4489059314938798
0.0,0.0,0.0,1.0,1298.2,1200.1914285714283,21.0,187.0,26.366666666666667,95.0,46.0,10.79,-0.8857249183835637,0.4642104791518923
0.0,0.0,0.0,1.0,676.5,1207.2271428571426,72.0,145.0,28.133333333333333,85.0,48.0,6.22,-0.8692328164574792,0.49440298420761813
0.0,0.0,0.0,1.0,351.79,1212.0185714285712,0.0,214.0,27.0,83.0,52.0,14.49,-0.8605996962501181,0.5092820071573356
0.0,0.0,0.0,1.0,842.1,1112.5914285714284,23.0,171.0,26.633333333333333,77.0,42.0,11.91,-0.8331829385891785,0.5529974600700271
0.0,0.0,0.0,1.0,573.12,1068.4714285714285,106.0,194.0,29.9,103.0,47.0,4.11,-0.8235472349556007,0.5672476988027229
0.0,0.0,0.0,1.0,274.95,1051.1157142857141,2.0,279.0,29.9,88.0,47.0,17.49,-0.8136678304455991,0.5813300798152042
0.0,0.0,0.0,1.0,1038.83,722.2128571428569,1.0,272.0,29.1,73.0,52.0,14.44,-0.8035476485339116,0.5952404359043674
0.0,0.0,0.0,1.0,748.34,643.6614285714285,41.0,201.0,30.266666666666666,98.0,46.0,9.9,-0.7931896839451843,0.6089746507720486
0.0,0.0,0.0,1.0,635.35,637.7828571428571,0.0,203.0,29.533333333333335,37.0,44.0,17.81,-0.7717727365467836,0.6358984534680745
0.0,0.0,0.0,1.0,438.24,650.132857142857,34.0,175.0,30.266666666666666,99.0,49.0,11.28,-0.7494423368521954,0.6620696215153815
0.0,0.0,0.0,1.0,770.73,639.9371428571428,93.0,103.0,31.1,81.0,47.0,5.47,-0.7379428103031386,0.6748632518680403
0.0,0.0,0.0,1.0,1019.03,703.6385714285714,66.0,194.0,30.633333333333333,95.0,44.0,7.08,-0.7262249146041543,0.6874571793269664
0.0,0.0,0.0,1.0,430.72,725.8914285714285,2.0,259.0,27.6,87.0,49.0,17.44,-0.7142921172691032,0.699847677146407
0.0,0.0,0.0,1.0,1054.32,728.1042857142857,1.0,213.0,27.633333333333333,89.0,47.0,16.34,-0.6644834655228552,0.7473029667054296
0.0,0.0,0.0,1.0,988.72,762.4442857142856,23.0,180.0,28.4,98.0,39.0,10.13,-0.6515303615068021,0.75862255966641
0.0,0.0,0.0,1.0,615.66,759.6314285714285,41.0,110.0,29.766666666666666,81.0,40.0,12.93,-0.6383844591746642,0.7697176640069211
0.0,0.0,0.0,1.0,659.61,791.2557142857141,90.0,85.0,32.7,74.0,46.0,7.46,-0.6250496486104377,0.7805849965070866
0.0,0.0,0.0,1.0,364.32,733.1971428571427,0.0,173.0,32.63333333333333,98.0,49.0,14.49,-0.6115298757991053,0.7912213413483807
0.0,0.0,0.0,1.0,4257.1,1195.7785714285712,20.0,170.0,32.7,36.0,45.0,18.22,-0.5978291414589552,0.801623551065242
0.0,0.0,0.0,1.0,956.24,1270.8528571428571,6.0,225.0,32.4,82.0,44.0,16.74,-0.5556819724760489,0.8313949395234058
0.0,0.0,0.0,1.0,906.18,1249.6899999999998,31.0,208.0,32.06666666666667,86.0,41.0,13.35,-0.5412984521036173,0.8408305333122887
0.0,0.0,0.0,1.0,723.24,1211.7642857142857,42.0,147.0,32.53333333333333,101.0,45.0,11.76,-0.5120551783114646,0.8589525565270845
0.0,0.0,0.0,1.0,778.14,1234.975714285714,10.0,189.0,31.966666666666665,33.0,44.0,12.52,-0.4972040784469378,0.8676336233547726
0.0,0.0,0.0,1.0,268.45,1179.095714285714,52.0,179.0,32.13333333333333,75.0,37.0,8.56,-0.4822058478963526,0.8760579434344281
0.0,0.0,0.0,1.0,388.41,1182.537142857143,28.0,191.0,31.666666666666668,108.0,50.0,9.39,-0.451785789832884,0.8921264484954345
0.0,0.0,0.0,1.0,694.59,673.6071428571428,5.0,213.0,30.8,96.0,40.0,13.35,-0.4363729641045924,0.8997658785476209
0.0,0.0,0.0,1.0,820.48,654.2128571428572,13.0,187.0,31.133333333333333,93.0,40.0,12.11,-0.42083100859565564,0.9071390534005044
0.0,0.0,0.0,1.0,709.38,626.0985714285713,21.0,162.0,28.266666666666666,37.0,39.0,10.05,-0.3893781415452015,0.9210779895789526
0.0,0.0,0.0,1.0,232.5,555.992857142857,51.0,173.0,29.833333333333332,102.0,48.0,8.44,-0.37347653741307074,0.9276396261490467
0.0,0.0,0.0,1.0,581.18,527.8557142857142,71.0,172.0,32.2,89.0,48.0,4.18,-0.3574644155648614,0.9339267592294762
0.0,0.0,0.0,1.0,1955.38,768.8457142857142,7.0,232.0,31.733333333333334,78.0,43.0,13.4,-0.34134651424503615,0.9399375283564133
0.0,0.0,0.0,1.0,668.8,808.9014285714285,22.0,205.0,30.066666666666666,92.0,45.0,10.79,-0.29240597695107734,0.9562942772197719
0.0,0.0,0.0,1.0,660.35,804.0099999999999,4.0,184.0,30.2,39.0,44.0,13.97,-0.27591294500296043,0.9611826292540837
0.0,0.0,0.0,1.0,356.98,737.7957142857141,37.0,167.0,30.666666666666668,78.0,42.0,9.77,-0.2593382659754056,0.9657865518844574
0.0,0.0,0.0,1.0,483.87,705.5799999999999,0.0,153.0,27.133333333333333,71.0,49.0,12.94,-0.2426868445825954,0.9701046827361175
0.0,0.0,0.0,1.0,638.71,763.6099999999999,42.0,82.0,28.466666666666665,86.0,40.0,7.92,-0.22596360824801906,0.974135744004672
0.0,0.0,0.0,1.0,429.03,741.8742857142855,13.0,117.0,28.866666666666667,90.0,48.0,12.06,-0.20917350564635637,0.9778785428342386
0.0,0.0,0.0,1.0,721.53,565.6099999999999,27.0,129.0,28.4,102.0,46.0,9.78,-0.19232150523909483,0.9813319716704275
0.0,0.0,0.0,1.0,658.68,564.1642857142856,35.0,145.0,29.566666666666666,92.0,43.0,11.13,-0.17541259380427843,0.9844950085880858
0.0,0.0,0.0,1.0,660.48,564.182857142857,34.0,158.0,29.566666666666666,38.0,45.0,11.03,-0.15845177496083632,0.9873667175937016
0.0,0.0,0.0,1.0,276.54,552.6914285714284,0.0,188.0,26.466666666666665,85.0,47.0,11.24,-0.14144406768794202,0.9899462489023779
0.0,0.0,0.0,1.0,644.62,575.6557142857142,7.0,151.0,24.5,79.0,41.0,10.73,-0.12439450483979998,0.9922328391893008
0.0,0.0,0.0,1.0,1389.76,682.9485714285713,46.0,113.0,25.966666666666665,89.0,48.0,12.09,-0.07304518821104743,0.9973286321364752
0.0,0.0,0.0,1.0,737.06,726.952857142857,0.0,107.0,25.933333333333334,89.0,47.0,11.61,-0.004300592702981974,0.9999907524084426
0.0,0.0,0.0,1.0,4371.4400000000005,1248.3685714285714,0.0,100.0,25.166666666666668,95.0,46.0,18.09,0.017201575418260506,0.9998520419557735
0.0,0.0,0.0,1.0,1168.92,1321.26,11.0,90.0,24.166666666666668,85.0,39.0,15.42,0.03439806061360801,0.9994082116062598
0.0,0.0,0.0,1.0,799.71,1341.1499999999999,0.0,55.0,21.166666666666668,85.0,45.0,18.06,0.06875540848113941,0.9976335468520451
0.0,0.0,0.0,1.0,1028.45,1448.5657142857142,0.0,31.0,21.166666666666668,24.0,47.0,20.21,0.08590610426133272,0.9963032375991965
0.0,0.0,0.0,1.0,329.8,1403.5914285714287,4.0,11.0,20.633333333333333,79.0,45.0,11.67,0.1201261651823505,0.9927586335250793
0.0,0.0,0.0,1.0,617.74,1293.3028571428572,0.0,15.0,20.433333333333334,90.0,47.0,14.32,0.13718540405660057,0.9905453876091833
0.0,0.0,0.0,1.0,870.08,1312.3057142857144,0.0,15.0,19.4,85.0,45.0,14.4,0.1542040475626894,0.988039023376751
0.0,0.0,0.0,1.0,3337.84,1164.6485714285714,0.0,4.0,18.0,83.0,45.0,14.86,0.17117705961019986,0.985240282501282
0.0,0.0,0.0,1.0,826.11,1115.6757142857143,33.0,10.0,18.766666666666666,91.0,47.0,9.31,0.22177215755648186,0.975098513039961
0.0,0.0,0.0,1.0,571.73,1083.1071428571427,0.0,43.0,17.033333333333335,94.0,43.0,14.76,0.23851257519407648,0.9711394088771653
0.0,0.0,0.0,1.0,901.55,1064.9785714285713,5.0,39.0,16.266666666666666,82.0,48.0,19.06,0.2551824131233728,0.9668929289391521
0.0,0.0,0.0,1.0,1070.65,1170.8142857142855,0.0,52.0,16.1,98.0,52.0,17.11,0.2882906407095177,0.9575429528116719
0.0,0.0,0.0,1.0,1190.67,1252.6614285714284,12.0,52.0,16.066666666666666,74.0,42.0,17.01,0.3047192331091634,0.9524422234305676
0.0,0.0,0.0,1.0,799.47,1242.5742857142857,73.0,58.0,17.8,75.0,45.0,6.11,0.3373010691361842,0.9413968285264122
0.0,0.0,0.0,1.0,299.99,808.5957142857143,15.0,98.0,16.6,83.0,50.0,15.71,0.3534446712740877,0.9354554315134164
0.0,0.0,0.0,1.0,899.76,819.1171428571427,4.0,108.0,14.366666666666667,81.0,44.0,14.95,0.38541335945432564,0.9227440286201427
0.0,0.0,0.0,1.0,793.21,850.7571428571428,0.0,104.0,14.133333333333333,86.0,43.0,19.08,0.4012289854475009,0.9159777842484877
0.0,0.0,0.0,1.0,1058.44,873.17,0.0,104.0,13.4,93.0,56.0,16.17,0.4169258813287287,0.908940487313808
0.0,0.0,0.0,1.0,1120.48,880.2885714285712,0.0,92.0,13.266666666666667,37.0,41.0,16.76,0.4324994021339788,0.901634220265486
0.0,0.0,0.0,1.0,1036.7,858.2928571428571,0.0,92.0,12.033333333333333,89.0,47.0,16.85,0.44794493940789115,0.8940611451454876
0.0,0.0,0.0,1.0,1592.0,971.5114285714286,0.0,19.0,12.033333333333333,99.0,47.0,11.34,0.4632579225674917,0.88622350294858
0.0,0.0,0.0,1.0,746.8,1035.3414285714284,13.0,4.0,11.066666666666666,86.0,39.0,11.47,0.49346814167723735,0.8697638720650646
0.0,0.0,0.0,1.0,601.46,992.7271428571428,0.0,13.0,10.633333333333333,86.0,48.0,11.99,0.5083564379375122,0.8611467540480452
0.0,0.0,0.0,1.0,706.24,980.302857142857,0.0,13.0,9.733333333333333,89.0,47.0,14.01,0.5521013427459208,0.8337770129585915
0.0,0.0,0.0,1.0,2200.49,1143.4528571428568,0.0,13.0,8.566666666666666,87.0,45.0,11.93,0.5663619330814524,0.8241566360566663
0.0,0.0,0.0,1.0,700.65,1083.4771428571428,11.0,13.0,7.8,94.0,44.0,12.55,0.580454927809098,0.8142923779467267
0.0,0.0,0.0,1.0,772.9,1045.7914285714285,0.0,11.0,7.8,92.0,51.0,12.62,0.6081214998935418,0.7938439653781019
0.0,0.0,0.0,1.0,812.7,934.4628571428572,0.0,11.0,7.566666666666666,73.0,48.0,12.96,0.6216868902665479,0.7832658619336791
0.0,0.0,0.0,1.0,648.01,920.3499999999998,2.0,11.0,6.1,41.0,48.0,10.9,0.6350683134867438,0.7724559775191742
0.0,0.0,0.0,1.0,306.2,878.1699999999998,0.0,13.0,6.1,98.0,48.0,14.5,0.6482618097757122,0.7614175109532997
0.0,0.0,0.0,1.0,980.49,917.3485714285714,0.0,13.0,6.1,100.0,47.0,10.98,0.6612634749656386,0.7501537286959042
0.0,0.0,0.0,1.0,741.15,708.8714285714284,0.0,2.0,5.733333333333333,89.0,49.0,9.8,0.6866759803451553,0.726963615332308
0.0,0.0,0.0,1.0,597.32,694.1099999999998,7.0,2.0,5.966666666666667,80.0,44.0,12.36,0.7112757519738152,0.7029130847082615
0.0,0.0,0.0,1.0,647.8,676.2385714285713,0.0,9.0,5.966666666666667,34.0,52.0,11.65,0.7232617254437388,0.6905740195722293
0.0,0.0,0.0,1.0,2901.14,974.5871428571427,3.0,7.0,5.933333333333334,98.0,47.0,13.23,0.7350336741329413,0.6780306024735382
0.0,0.0,0.0,1.0,868.99,1006.1557142857142,28.0,10.0,6.866666666666666,94.0,43.0,10.31,0.746588114532413,0.6652865452111116
0.0,0.0,0.0,1.0,625.0,1051.6985714285713,0.0,38.0,6.866666666666666,98.0,47.0,13.94,0.7690308592589181,0.6392116531380588
0.0,0.0,0.0,1.0,915.22,1042.3742857142856,15.0,38.0,7.366666666666666,102.0,43.0,15.2,0.7799125224167177,0.6258885343075018
0.0,0.0,0.0,1.0,1465.5,1145.8528571428571,3.0,53.0,6.366666666666666,84.0,50.0,12.35,0.7905633969115482,0.612380204990065
0.0,0.0,0.0,1.0,725.9,1164.2214285714285,0.0,49.0,6.366666666666666,42.0,49.0,17.38,0.8009803309782905,0.5986906625177214
0.0,0.0,0.0,1.0,503.7,1143.6357142857141,0.0,49.0,6.2,100.0,45.0,16.76,0.8111602420785621,0.5848239578463322
0.0,0.0,0.0,1.0,1097.78,886.012857142857,0.0,46.0,6.2,91.0,45.0,14.51,0.8211001178128892,0.5707841943569036
0.0,0.0,0.0,1.0,1649.8,997.5571428571428,9.0,18.0,6.1,75.0,46.0,12.96,0.8307970168121247,0.5565755266413303
0.0,0.0,0.0,1.0,1102.52,1065.7742857142857,0.0,27.0,3.6666666666666665,81.0,41.0,17.02,0.8402480696078469,0.5422021592729844
0.0,0.0,0.0,1.0,4809.77,1622.1385714285716,0.0,27.0,3.1666666666666665,102.0,44.0,13.18,0.8494504794814806,0.527668345562516
0.0,0.0,0.0,1.0,1423.04,1616.0728571428572,0.0,12.0,3.033333333333333,87.0,45.0,11.14,0.8584015232918917,0.512978386299228
0.0,0.0,0.0,1.0,639.54,1603.7357142857145,51.0,9.0,4.733333333333333,31.0,42.0,13.9,0.8670985522812081,0.4981366284784055
0.0,0.0,0.0,1.0,3001.53,1960.5685714285714,4.0,60.0,4.866666666666666,78.0,50.0,16.04,0.8755389928586302,0.4831474640149687
0.0,0.0,0.0,1.0,881.96,1929.737142857143,0.0,64.0,4.866666666666666,89.0,48.0,22.15,0.8837203473619977,0.4680153284438345
0.0,0.0,0.0,1.0,1340.28,1885.52,4.0,64.0,5.0,72.0,48.0,17.93,0.8916401947968874,0.45274469960737107
0.0,0.0,0.0,1.0,890.79,1855.2728571428572,10.0,59.0,5.333333333333333,84.0,46.0,17.26,0.8992961915530253,0.4373400963303323
0.0,0.0,0.0,1.0,2597.75,1539.27,26.0,69.0,5.766666666666667,89.0,45.0,18.39,0.9066860720977985,0.4218060770826634
0.0,0.0,0.0,1.0,1088.61,1491.4942857142855,3.0,95.0,5.866666666666666,70.0,46.0,21.59,0.9138076496466615,0.4061472386305789
0.0,0.0,0.0,1.0,1004.82,1543.6771428571428,52.0,98.0,7.6,42.0,49.0,19.12,0.9206588168102428,0.3903682146763026
0.0,0.0,0.0,1.0,562.1,1195.1871428571428,0.0,99.0,7.6,82.0,45.0,15.94,0.9272375462179537,0.374473674486883
0.0,0.0,0.0,1.0,2791.09,1467.92,0.0,95.0,7.233333333333333,88.0,42.0,21.93,0.9335418911179212,0.35846832151248087
0.0,0.0,0.0,1.0,2035.15,1567.1871428571428,0.0,107.0,7.233333333333333,84.0,46.0,21.37,0.945320046913132,0.3261441535642696
0.0,0.0,0.0,1.0,1211.62,1613.0200000000002,0.0,71.0,7.233333333333333,78.0,50.0,16.08,0.9559793438440766,0.2934339689665273
0.0,0.0,0.0,1.0,871.53,1366.4171428571426,0.0,16.0,7.166666666666667,84.0,40.0,16.75,0.9655071658143364,0.2603764827344581
0.0,0.0,0.0,1.0,900.48,1339.5414285714287,0.0,16.0,7.166666666666667,86.0,45.0,15.15,0.969843196967294,0.24372971360968387
0.0,0.0,0.0,1.0,866.5,1319.7814285714287,0.0,16.0,7.166666666666667,100.0,46.0,15.83,0.9738922359149924,0.22701082094141847
0.0,0.0,0.0,1.0,1068.53,1392.1285714285714,10.0,0.0,7.5,78.0,42.0,13.38,0.9776530844816641,0.2102247521189836
0.0,0.0,0.0,1.0,662.94,1088.107142857143,0.0,0.0,7.266666666666667,0.0,0.0,0.0,0.9871957872910085,0.15951325197263655
0.0,0.0,0.0,1.0,0.0,797.3714285714286,0.0,0.0,7.266666666666667,0.0,0.0,0.0,0.9897936029670716,0.14250832791617088
0.0,0.0,0.0,1.0,0.0,624.2828571428571,0.0,0.0,7.166666666666667,0.0,0.0,0.0,0.9958270335100595,0.09126072172931188
0.0,0.0,0.0,1.0,0.0,499.7785714285714,0.0,0.0,6.233333333333333,0.0,0.0,0.0,0.9972495210773451,0.07411742515094437
0.0,0.0,0.0,1.0,0.0,371.1385714285715,0.0,0.0,6.233333333333333,0.0,0.0,0.0,0.998376906467142,0.056952196034039754
0.0,0.0,0.0,1.0,0.0,247.35285714285715,0.0,0.0,5.733333333333333,0.0,0.0,0.0,0.9992088560679753,0.03977011384605572
0.0,0.0,0.0,1.0,0.0,94.7057142857143,0.0,0.0,5.633333333333334,0.0,0.0,0.0,0.9997451236925734,0.022576263041545485
0.0,0.0,0.0,1.0,0.0,0.0,0.0,0.0,5.633333333333334,0.0,0.0,0.0,0.9999855506507186,0.005375731557583884
0.0,0.0,0.0,1.0,0.0,0.0,0.0,0.0,5.633333333333334,0.0,0.0,0.0,0.9999300657962057,-0.011826390691832589
0.0,0.0,0.0,1.0,0.0,0.0,0.0,0.0,5.633333333333334,0.0,0.0,0.0,0.9989315138848577,-0.046215046983708354
0.0,0.0,0.0,1.0,0.0,0.0,0.0,0.0,5.333333333333333,0.0,0.0,0.0,0.9979887423155984,-0.06339140486951038
0.0,0.0,0.0,1.0,0.0,0.0,0.0,0.0,5.333333333333333,0.0,0.0,0.0,0.9967506498213929,-0.08054900421874167
0.0,0.0,0.0,1.0,0.0,0.0,0.0,0.0,5.333333333333333,0.0,0.0,0.0,0.9952176027737294,-0.09768276782171598
0.0,0.0,0.0,1.0,0.0,0.0,0.0,0.0,5.333333333333333,0.0,0.0,0.0,0.9933900548258936,-0.11478762552212701
0.0,0.0,0.0,1.0,0.0,0.0,0.0,0.0,3.6333333333333333,0.0,0.0,0.0,0.9912685467787256,-0.13185851571739118
0.0,0.0,0.0,1.0,0.0,0.0,0.0,0.0,3.5,0.0,0.0,0.0,0.9888537064205885,-0.1488903868564548
0.0,0.0,0.0,1.0,0.0,0.0,0.0,0.0,3.5,0.0,0.0,0.0,0.9831469737221499,-0.1828169249850199
0.0,0.0,0.0,1.0,0.0,0.0,0.0,0.0,3.3666666666666667,0.0,0.0,0.0,0.9762766110869321,-0.21652708524481437
0.0,0.0,0.0,1.0,0.0,0.0,0.0,0.0,3.033333333333333,0.0,0.0,0.0,0.9724075561219968,-0.23328854407545518
0.0,0.0,0.0,1.0,0.0,0.0,0.0,0.0,2.1666666666666665,0.0,0.0,0.0,0.9590788900341131,-0.28313898122818354
0.0,0.0,0.0,1.0,0.0,0.0,0.0,0.0,2.066666666666667,0.0,0.0,0.0,0.9540665500578387,-0.2995947563972602
0.0,0.0,0.0,1.0,0.0,0.0,0.0,0.0,0.3333333333333333,0.0,0.0,0.0,0.9487718864399473,-0.31596187665790293
0.0,0.0,0.0,1.0,0.0,0.0,0.0,0.0,0.3333333333333333,0.0,0.0,0.0,0.9431964659565866,-0.33223549871590435
0.0,0.0,0.0,1.0,0.0,0.0,0.0,0.0,0.3333333333333333,0.0,0.0,0.0,0.9312100364121947,-0.3644830148102912
0.0,0.0,0.0,1.0,0.0,0.0,0.0,0.0,0.3333333333333333,0.0,0.0,0.0,0.9248025743285089,-0.38044736628785164
0.0,0.0,0.0,1.0,0.0,0.0,0.0,0.0,0.3333333333333333,0.0,0.0,0.0,0.9181214482844364,-0.39629913726891813
0.0,0.0,0.0,1.0,0.0,0.0,0.0,0.0,0.3333333333333333,0.0,0.0,0.0,0.9111686353326631,-0.41203363695942635
0.0,0.0,0.0,1.0,0.0,0.0,0.0,0.0,0.3333333333333333,0.0,0.0,0.0,0.8887010478292915,-0.45848712914008766
0.0,0.0,0.0,1.0,0.0,0.0,0.0,0.0,0.3333333333333333,0.0,0.0,0.0,0.8806828564301475,-0.47370635037968
0.0,0.0,0.0,1.0,0.0,0.0,0.0,0.0,0.0,0.0,0.0,0.0,0.8724040568049612,-0.48878539428899265
0.0,0.0,0.0,1.0,0.0,0.0,0.0,0.0,0.0,0.0,0.0,0.0,0.8550745085896932,-0.518505144391157
0.0,0.0,0.0,1.0,0.0,0.0,0.0,0.0,0.0,0.0,0.0,0.0,0.8460288880917339,-0.533137056031809
0.0,0.0,0.0,1.0,0.0,0.0,0.0,0.0,0.0,0.0,0.0,0.0,0.8367329140344921,-0.5476112038402312
0.0,0.0,0.0,1.0,0.0,0.0,0.0,0.0,0.0,0.0,0.0,0.0,0.8073707443023492,-0.5900444739548627
0.0,0.0,0.0,1.0,0.0,0.0,0.0,0.0,0.0,0.0,0.0,0.0,0.7971015927871943,-0.6038452208771035
0.0,0.0,0.0,1.0,0.0,0.0,0.0,0.0,0.0,0.0,0.0,0.0,0.7865965660866021,-0.6174672802835514
0.0,0.0,0.0,1.0,0.0,0.0,0.0,0.0,0.0,0.0,0.0,0.0,0.7758587728069828,-0.6309066211876704
0.0,0.0,0.0,1.0,0.0,0.0,0.0,0.0,0.0,0.0,0.0,0.0,0.7648913904341225,-0.6441592666722685
0.0,0.0,0.0,1.0,0.0,0.0,0.0,0.0,0.0,0.0,0.0,0.0,0.753697664392914,-0.6572212950663319
0.0,0.0,0.0,1.0,0.0,0.0,0.0,0.0,0.0,0.0,0.0,0.0,0.742280907086982,-0.6700888411055113
0.0,0.0,0.0,1.0,0.0,0.0,0.0,0.0,0.0,0.0,0.0,0.0,0.7306444969184916,-0.6827580970759147
0.0,0.0,0.0,1.0,0.0,0.0,0.0,0.0,0.0,0.0,0.0,0.0,0.7187918772884232,-0.6952253139408722
0.0,0.0,0.0,1.0,0.0,0.0,0.0,0.0,0.0,0.0,0.0,0.0,0.7067265555776158,-0.7074868024503348
0.0,0.0,0.0,1.0,0.0,0.0,0.0,0.0,0.0,0.0,0.0,0.0,0.6944521021088763,-0.719538934232584
0.0,0.0,0.0,1.0,0.0,0.0,0.0,0.0,0.0,0.0,0.0,0.0,0.6692903895412567,-0.7430009249440493
0.0,0.0,0.0,1.0,0.0,0.0,0.0,0.0,0.0,0.0,0.0,0.0,0.6564105761979381,-0.7544038410927472
0.0,0.0,0.0,1.0,0.0,0.0,0.0,0.0,0.0,0.0,0.0,0.0,0.6166212130956382,-0.7872599821916922
0.0,0.0,0.0,1.0,0.0,0.0,0.0,0.0,0.0,0.0,0.0,0.0,0.5751899607119775,-0.8180198708443174
0.0,0.0,0.0,1.0,0.0,0.0,0.0,0.0,0.0,0.0,0.0,0.0,0.5610336262283677,-0.8277930117131022
0.0,0.0,0.0,1.0,0.0,0.0,0.0,0.0,0.0,0.0,0.0,0.0,0.5467112728685939,-0.8373211953118121
0.0,0.0,0.0,1.0,0.0,0.0,0.0,0.0,0.0,0.0,0.0,0.0,0.5322271388474397,-0.8466016020976267
0.0,0.0,0.0,1.0,0.0,0.0,0.0,0.0,0.0,0.0,0.0,0.0,0.5027907197793043,-0.8644081744776648
0.0,0.0,0.0,1.0,0.0,0.0,0.0,0.0,0.0,0.0,0.0,0.0,0.4878471454423119,-0.8729290708206411
0.0,0.0,0.0,1.0,0.0,0.0,0.0,0.0,0.0,0.0,0.0,0.0,0.4575313760742512,-0.8891934772070711
0.0,0.0,0.0,1.0,0.0,0.0,0.0,0.0,0.0,0.0,0.0,0.0,0.44216815196707204,-0.8969321743510065
0.0,0.0,0.0,1.0,0.0,0.0,0.0,0.0,0.0,0.0,0.0,0.0,0.42667408318992467,-0.9044054548343001
0.0,0.0,0.0,1.0,0.0,0.0,0.0,0.0,0.0,0.0,0.0,0.0,0.4110537546870351,-0.9116111071930239
0.0,0.0,0.0,1.0,0.0,0.0,0.0,0.0,0.0,0.0,0.0,0.0,0.3953117887649151,-0.9185469991587165
0.0,0.0,0.0,1.0,0.0,0.0,0.0,0.0,0.0,0.0,0.0,0.0,0.37945284372454435,-0.925211078289358
0.0,0.0,0.0,1.0,0.0,0.0,0.0,0.0,0.0,0.0,0.0,0.0,0.3474028211842774,-0.9377159910299093
0.0,0.0,0.0,1.0,0.0,0.0,0.0,0.0,0.0,0.0,0.0,0.0,0.31494162072895193,-0.9491110448902284
0.0,0.0,0.0,1.0,0.0,0.0,0.0,0.0,0.0,0.0,0.0,0.0,0.2985688173637202,-0.9543881083175908
0.0,0.0,0.0,1.0,0.0,0.0,0.0,0.0,0.0,0.0,0.0,0.0,0.2821076626819194,-0.9593827529490743
0.0,0.0,0.0,1.0,0.0,0.0,0.0,0.0,0.0,0.0,0.0,0.0,0.26556302780405594,-0.9640935007889755
0.0,0.0,0.0,1.0,0.0,0.0,0.0,0.0,0.0,0.0,0.0,0.0,0.24893980855376657,-0.9685189578512204
0.0,0.0,0.0,1.0,0.0,0.0,0.0,0.0,0.0,0.0,0.0,0.0,0.21547731504673012,-0.976508846196619
0.0,0.0,0.0,1.0,0.0,0.0,0.0,0.0,0.0,0.0,0.0,0.0,0.19864794288017112,-0.9800709131432666
0.0,0.0,0.0,1.0,0.0,0.0,0.0,0.0,0.0,0.0,0.0,0.0,0.18175978759137534,-0.9833429613388902
0.0,0.0,0.0,1.0,0.0,0.0,0.0,0.0,0.0,0.0,0.0,0.0,0.14782713347053048,-0.9890132145779883
0.0,0.0,0.0,1.0,0.0,0.0,0.0,0.0,0.0,0.0,0.0,0.0,0.13079267585675922,-0.9914097417023038
0.0,0.0,0.0,1.0,0.0,0.0,0.0,0.0,0.0,0.0,0.0,0.0,0.0966127018812031,-0.9953220513156602
0.0,0.0,0.0,1.0,0.0,0.0,0.0,0.0,0.0,0.0,0.0,0.0,0.07947729992362097,-0.9968366760893436
0.0,0.0,0.0,1.0,0.0,0.0,0.0,0.0,0.0,0.0,0.0,0.0,0.02795029824021032,-0.999609314096404
0.0,0.0,0.0,1.0,0.0,0.0,0.0,0.0,0.0,0.0,0.0,0.0,0.01075130776352193,-0.9999422030204416
0.0,0.0,0.0,1.0,0.0,0.0,9.0,0.0,0.3,16.0,43.0,3.44,-0.00645086419810515,-0.9999791929590823
0.0,0.0,0.0,1.0,35.75,5.107142857142857,11.0,9.0,0.6666666666666666,19.0,47.0,2.89,-0.023651127245231586,-0.9997202729664083
0.0,0.0,0.0,1.0,36.85,10.37142857142857,14.0,20.0,1.1333333333333333,15.0,46.0,5.4,-0.04084439154329611,-0.9991655196610109
0.0,0.0,0.0,1.0,53.05,17.95,0.0,34.0,1.1333333333333333,21.0,48.0,5.05,-0.05802556932878035,-0.9983150972033183
0.0,0.0,0.0,1.0,72.08,28.247142857142855,18.0,35.0,1.7333333333333334,23.0,42.0,6.26,-0.09233133369539122,-0.9957283388645872
0.0,0.0,0.0,1.0,91.44,41.309999999999995,6.0,53.0,1.9333333333333333,22.0,41.0,5.36,-0.12652781683868314,-0.9919630595773397
0.0,0.0,0.0,1.0,74.34,51.93,20.0,50.0,2.6,19.0,42.0,5.32,-0.1435724234118113,-0.9896398128792412
0.0,0.0,0.0,1.0,63.63,61.019999999999996,0.0,59.0,2.6,22.0,52.0,5.86,-0.16057454459499376,-0.9870237158387383
0.0,0.0,0.0,1.0,90.3,68.81285714285714,0.0,45.0,2.6,25.0,47.0,5.36,-0.17752914918703497,-0.984115542601034
0.0,0.0,0.0,1.0,92.46,76.75714285714285,10.0,45.0,2.933333333333333,10.0,48.0,7.3,-0.19443122004766195,-0.9809161537413774
0.0,0.0,0.0,1.0,50.01,76.32285714285715,39.0,54.0,4.233333333333333,29.0,41.0,5.17,-0.2112757555821793,-0.9774264960104055
0.0,0.0,0.0,1.0,95.25,79.63285714285713,11.0,114.0,4.6,30.0,42.0,6.67,-0.24477230089725957,-0.9695805901076308
0.0,0.0,0.0,1.0,129.0,84.99857142857142,0.0,119.0,4.6,29.0,45.0,8.62,-0.2614143985111562,-0.965226663665613
0.0,0.0,0.0,1.0,167.5,98.30714285714285,17.0,99.0,5.166666666666667,29.0,43.0,6.97,-0.2779791393987801,-0.9605871111248129
0.0,0.0,0.0,1.0,132.31,108.11857142857143,15.0,116.0,5.666666666666667,25.0,39.0,8.96,-0.2944616217868012,-0.9556633054034704
0.0,0.0,0.0,1.0,138.88,115.05857142857143,8.0,131.0,5.933333333333334,15.0,42.0,8.33,-0.3108569682435036,-0.9504567035349151
0.0,0.0,0.0,1.0,79.38,113.19000000000001,20.0,129.0,6.6,31.0,41.0,8.81,-0.3271603271220951,-0.9449688462364056
0.0,0.0,0.0,1.0,173.35,130.81,0.0,110.0,6.6,28.0,50.0,8.75,-0.34336687399638804,-0.939201357453208
0.0,0.0,0.0,1.0,172.73,141.87857142857143,44.0,71.0,8.066666666666666,36.0,44.0,5.22,-0.3594718130884232,-0.9331559438780432
0.0,0.0,0.0,1.0,120.32,140.63857142857142,16.0,150.0,8.6,39.0,42.0,7.87,-0.4071294853542516,-0.9133704517637858
0.0,0.0,0.0,1.0,193.41,144.34,36.0,151.0,9.8,14.0,46.0,7.36,-0.4227806579826773,-0.9062320427107697
0.0,0.0,0.0,1.0,67.98,135.15,35.0,179.0,10.966666666666667,37.0,48.0,7.38,-0.4383067230125192,-0.898825465016444
0.0,0.0,0.0,1.0,185.64,141.82999999999998,34.0,194.0,12.1,37.0,44.0,6.16,-0.45370308603134424,-0.8911529104063088
0.0,0.0,0.0,1.0,147.06,151.49857142857144,2.0,228.0,12.166666666666666,34.0,41.0,9.12,-0.46896519100763184,-0.8832166493127127
0.0,0.0,0.0,1.0,196.85,154.8557142857143,10.0,132.0,12.5,37.0,44.0,11.59,-0.4990686026885319,-0.8665624788845385
0.0,0.0,0.0,1.0,278.85,170.0157142857143,29.0,126.0,13.466666666666667,17.0,45.0,6.82,-0.5285813283559292,-0.8488826652214553
0.0,0.0,0.0,1.0,77.72,163.93,7.0,119.0,13.7,43.0,42.0,9.93,-0.5431052396834317,-0.8396646346181327
0.0,0.0,0.0,1.0,271.14,175.03428571428572,16.0,62.0,14.233333333333333,42.0,48.0,10.64,-0.5716666713027052,-0.8204859638785327
0.0,0.0,0.0,1.0,306.2,209.06571428571428,0.0,76.0,14.233333333333333,43.0,45.0,10.98,-0.5856957398073508,-0.8105309990194823
0.0,0.0,0.0,1.0,311.52,227.04857142857145,0.0,121.0,14.233333333333333,21.0,42.0,12.43,-0.6267266965083301,-0.7792391467859886
0.0,0.0,0.0,1.0,168.34,230.0885714285714,25.0,88.0,14.766666666666667,42.0,53.0,7.74,-0.65316012232693,-0.7572198192083127
0.0,0.0,0.0,1.0,227.5,234.46714285714285,5.0,108.0,14.566666666666666,62.0,51.0,10.56,-0.666088855860977,-0.7458723993404063
0.0,0.0,0.0,1.0,461.78,260.6,0.0,97.0,14.1,53.0,49.0,10.47,-0.6788204829862355,-0.734304263829602
0.0,0.0,0.0,1.0,380.18,303.8085714285714,0.0,97.0,14.1,40.0,45.0,12.3,-0.6913512362094071,-0.722518835873311
0.0,0.0,0.0,1.0,327.18,311.8142857142857,0.0,33.0,13.5,21.0,46.0,12.76,-0.7157953492826642,-0.6983101158835584
0.0,0.0,0.0,1.0,178.22,293.53142857142853,8.0,33.0,13.566666666666666,59.0,41.0,10.07,-0.7277014757264236,-0.6858939875998223
0.0,0.0,0.0,1.0,377.19,302.91285714285715,54.0,38.0,14.7,59.0,42.0,9.95,-0.7393922635959241,-0.673274892250183
0.0,0.0,0.0,1.0,372.75,332.11428571428576,0.0,67.0,14.7,45.0,49.0,11.51,-0.7508642533989489,-0.6604565640279754
0.0,0.0,0.0,1.0,357.42,350.6742857142857,15.0,62.0,15.2,53.0,47.0,10.3,-0.7621140503891487,-0.6474427960827475
0.0,0.0,0.0,1.0,365.82,336.96571428571434,0.0,77.0,14.866666666666667,53.0,43.0,13.64,-0.7731383255706026,-0.6342374393978054
0.0,0.0,0.0,1.0,477.18,350.8228571428571,27.0,77.0,14.466666666666667,69.0,48.0,9.1,-0.7839338166829201,-0.620844401650647
0.0,0.0,0.0,1.0,417.62,363.7428571428572,0.0,104.0,14.1,23.0,45.0,13.3,-0.7944973291665992,-0.6072676460566135
0.0,0.0,0.0,1.0,203.49,367.3528571428571,0.0,104.0,14.1,59.0,45.0,12.12,-0.8048257371083452,-0.593511190196115
0.0,0.0,0.0,1.0,479.05,381.9042857142857,0.0,96.0,13.533333333333333,60.0,45.0,13.48,-0.8149159841660791,-0.5795791048257612
0.0,0.0,0.0,1.0,546.08,406.6657142857143,11.0,42.0,13.4,60.0,47.0,13.67,-0.8247650844733614,-0.5654755126737576
0.0,0.0,0.0,1.0,545.3,433.5057142857143,9.0,45.0,13.433333333333334,27.0,46.0,14.3,-0.8616928164028522,-0.5074302810827518
0.0,0.0,0.0,1.0,254.76,417.64,0.0,62.0,12.766666666666667,63.0,48.0,17.06,-0.8786374941610001,-0.4774894280028391
0.0,0.0,0.0,1.0,741.75,455.4357142857143,1.0,62.0,12.8,70.0,45.0,14.76,-0.886721063082993,-0.46230483047981086
0.0,0.0,0.0,1.0,676.62,492.43571428571425,14.0,52.0,11.8,64.0,39.0,17.47,-0.8945422369764496,-0.4469834295196741
0.0,0.0,0.0,1.0,681.98,560.7914285714286,6.0,49.0,11.466666666666667,67.0,45.0,14.43,-0.9020987014301837,-0.43152975897147144
0.0,0.0,0.0,1.0,643.06,584.2214285714285,28.0,49.0,11.2,31.0,46.0,16.1,-0.9164086366943458,-0.4002439388573056
0.0,0.0,0.0,1.0,329.34,553.2585714285714,23.0,68.0,10.8,74.0,40.0,10.65,-0.9231578729647039,-0.38442104726885545
0.0,0.0,0.0,1.0,480.68,544.0271428571428,5.0,83.0,9.833333333333334,62.0,46.0,18.02,-0.9296339319682695,-0.3684843993077793
0.0,0.0,0.0,1.0,1157.81,673.0342857142857,16.0,88.0,10.3,70.0,43.0,20.84,-0.9358348973349941,-0.35243871088460327
0.0,0.0,0.0,1.0,948.35,702.5485714285714,40.0,103.0,11.3,67.0,47.0,12.54,-0.9417589340994617,-0.33628873017668287
0.0,0.0,0.0,1.0,554.4,685.0885714285714,26.0,129.0,11.2,78.0,47.0,10.49,-0.9474042892438845,-0.32003923622313857
0.0,0.0,0.0,1.0,552.15,666.5414285714285,0.0,149.0,10.966666666666667,76.0,45.0,17.93,-0.9527692922168511,-0.30369503751065885
0.0,0.0,0.0,1.0,906.4,704.1614285714286,1.0,138.0,10.466666666666667,26.0,47.0,16.19,-0.9578523554276669,-0.28726097055059635
0.0,0.0,0.0,1.0,1814.18,916.2814285714285,35.0,128.0,11.633333333333333,56.0,47.0,13.23,-0.9671667297977312,-0.2541427094613622
0.0,0.0,0.0,1.0,489.06,917.4785714285714,40.0,149.0,12.966666666666667,81.0,43.0,13.78,-0.9789888737409319,-0.20391367068311472
0.0,0.0,0.0,1.0,714.24,854.1114285714285,0.0,163.0,12.133333333333333,87.0,47.0,16.74,-0.9823516608469237,-0.18704334906991657
0.0,0.0,0.0,1.0,1004.64,862.1528571428571,1.0,276.0,12.0,89.0,51.0,18.8,-0.9882042449941422,-0.15314166701312007
0.0,0.0,0.0,1.0,1171.1,950.2528571428572,0.0,237.0,12.0,87.0,48.0,22.09,-0.9906923101615609,-0.13612033862266704
0.0,0.0,0.0,1.0,1306.96,1058.0828571428572,0.0,202.0,12.0,89.0,47.0,18.51,-0.9928872135356962,-0.11905873003404988
0.0,0.0,0.0,1.0,1119.96,1088.5914285714284,19.0,157.0,12.633333333333333,75.0,48.0,23.43,-0.9963950238187231,-0.08483487790576538
0.0,0.0,0.0,1.0,1177.19,997.592857142857,27.0,136.0,13.266666666666667,84.0,44.0,17.33,-0.9977068927101168,-0.06768276175455162
0.0,0.0,0.0,1.0,939.12,1061.8871428571429,22.0,163.0,12.2,31.0,45.0,14.23,-0.9987235240803972,-0.050510617185222886
0.0,0.0,0.0,1.0,291.06,1001.4328571428572,20.0,71.0,12.866666666666667,83.0,40.0,17.99,-0.9994446170919858,-0.033323525711631344
0.0,0.0,0.0,1.0,955.52,994.4157142857142,27.0,90.0,13.266666666666667,98.0,46.0,16.73,-0.9998699583618592,-0.016126573270657762
0.0,0.0,0.0,1.0,3724.2,1359.1442857142854,1.0,117.0,13.3,91.0,43.0,22.89,-0.9999994220246925,0.001075151282798226
0.0,0.0,0.0,1.0,1364.37,1367.3457142857144,39.0,137.0,13.7,98.0,45.0,17.81,-0.9993706508539969,0.03547255575312556
0.0,0.0,0.0,1.0,1151.7,1371.8799999999999,97.0,157.0,16.933333333333334,97.0,46.0,9.31,-0.9986126020839734,0.052658056924614005
0.0,0.0,0.0,1.0,600.5,1289.4957142857145,0.0,0.0,16.933333333333334,0.0,0.0,0.0,-0.9975590477788613,0.06982797572987089
0.0,0.0,0.0,1.0,0.0,1155.3357142857142,0.0,0.0,16.933333333333334,0.0,0.0,0.0,-0.9962102997023297,0.0869772313136861
0.0,0.0,0.0,1.0,0.0,1113.7557142857142,0.0,0.0,16.566666666666666,0.0,0.0,0.0,-0.9945667569706337,0.1041007489354256
0.0,0.0,0.0,1.0,0.0,977.2528571428571,0.0,0.0,16.266666666666666,0.0,0.0,0.0,-0.9926289059345095,0.121193461470736
0.0,0.0,0.0,1.0,0.0,445.22428571428566,0.0,0.0,16.266666666666666,0.0,0.0,0.0,-0.9878726596350429,0.15526624985999563
0.0,0.0,0.0,1.0,0.0,250.31428571428572,0.0,0.0,16.233333333333334,0.0,0.0,0.0,-0.9850556718215013,0.172236243027682
0.0,0.0,0.0,1.0,0.0,85.78571428571429,0.0,0.0,15.766666666666667,0.0,0.0,0.0,-0.9785481345802031,0.20601832032517084
0.0,0.0,0.0,1.0,0.0,0.0,0.0,0.0,15.566666666666666,0.0,0.0,0.0,-0.9748595108374125,0.22282040779479959
0.0,0.0,0.0,1.0,0.0,0.0,0.0,0.0,14.633333333333333,0.0,0.0,0.0,-0.9708824104813836,0.23955655912092708
0.0,0.0,0.0,1.0,0.0,0.0,0.0,0.0,13.866666666666667,0.0,0.0,0.0,-0.9620675724981452,0.27281126433401914
0.0,0.0,0.0,1.0,0.0,0.0,0.0,0.0,13.7,0.0,0.0,0.0,-0.957232443323312,0.28931997761869527
0.0,0.0,0.0,1.0,0.0,0.0,0.0,0.0,13.166666666666666,0.0,0.0,0.0,-0.9521140536681102,0.3057430764672831
0.0,0.0,0.0,1.0,0.0,0.0,0.0,0.0,11.833333333333334,0.0,0.0,0.0,-0.9350748843515574,0.3544502230989869
0.0,0.0,0.0,1.0,0.0,0.0,0.0,0.0,10.966666666666667,0.0,0.0,0.0,-0.9288394302558068,0.3704825404820963
0.0,0.0,0.0,1.0,0.0,0.0,0.0,0.0,10.966666666666667,0.0,0.0,0.0,-0.9223291176290545,0.3864052261209853
0.0,0.0,0.0,1.0,0.0,0.0,0.0,0.0,10.933333333333334,0.0,0.0,0.0,-0.9155458729775467,0.40221356823680365
0.0,0.0,0.0,1.0,0.0,0.0,0.0,0.0,9.766666666666667,0.0,0.0,0.0,-0.9084917035725082,0.41790288888678667
0.0,0.0,0.0,1.0,0.0,0.0,0.0,0.0,8.433333333333334,0.0,0.0,0.0,-0.9011686968561569,0.4334685453485363
0.0,0.0,0.0,1.0,0.0,0.0,0.0,0.0,8.433333333333334,0.0,0.0,0.0,-0.8935790198239952,0.4489059314938798
0.0,0.0,0.0,1.0,0.0,0.0,0.0,0.0,8.4,0.0,0.0,0.0,-0.8857249183835637,0.4642104791518923
0.0,0.0,0.0,1.0,0.0,0.0,0.0,0.0,8.4,0.0,0.0,0.0,-0.8776087166898392,0.4793776594606945
0.0,0.0,0.0,1.0,0.0,0.0,0.0,0.0,8.4,0.0,0.0,0.0,-0.8692328164574792,0.49440298420761813
0.0,0.0,0.0,1.0,0.0,0.0,0.0,0.0,7.766666666666667,0.0,0.0,0.0,-0.8605996962501181,0.5092820071573356
0.0,0.0,0.0,1.0,0.0,0.0,0.0,0.0,6.866666666666666,0.0,0.0,0.0,-0.8331829385891785,0.5529974600700271
0.0,0.0,0.0,1.0,0.0,0.0,0.0,0.0,6.133333333333334,0.0,0.0,0.0,-0.8235472349556007,0.5672476988027229
0.0,0.0,0.0,1.0,0.0,0.0,0.0,0.0,5.466666666666667,0.0,0.0,0.0,-0.8136678304455991,0.5813300798152042
0.0,0.0,0.0,1.0,0.0,0.0,0.0,0.0,4.566666666666666,0.0,0.0,0.0,-0.7931896839451843,0.6089746507720486
0.0,0.0,0.0,1.0,0.0,0.0,0.0,0.0,4.533333333333333,0.0,0.0,0.0,-0.7825970017677834,0.6225286602431057
0.0,0.0,0.0,1.0,0.0,0.0,0.0,0.0,3.2333333333333334,0.0,0.0,0.0,-0.7607200913564104,0.6490800741100398
0.0,0.0,0.0,1.0,0.0,0.0,0.0,0.0,0.0,0.0,0.0,0.0,-0.7494423368521954,0.6620696215153815
0.0,0.0,0.0,1.0,0.0,0.0,0.0,0.0,0.0,0.0,0.0,0.0,-0.7379428103031386,0.6748632518680403
0.0,0.0,0.0,1.0,0.0,0.0,0.0,0.0,0.0,0.0,0.0,0.0,-0.7262249146041543,0.6874571793269664
0.0,0.0,0.0,1.0,0.0,0.0,0.0,0.0,0.0,0.0,0.0,0.0,-0.7142921172691032,0.699847677146407
0.0,0.0,0.0,1.0,0.0,0.0,0.0,0.0,0.0,0.0,0.0,0.0,-0.7021479494046978,0.7120310787787131
0.0,0.0,0.0,1.0,0.0,0.0,0.0,0.0,0.0,0.0,0.0,0.0,-0.6772399381909491,0.7357622347736527
0.0,0.0,0.0,1.0,0.0,0.0,0.0,0.0,0.0,0.0,0.0,0.0,-0.6644834655228552,0.7473029667054296
0.0,0.0,0.0,1.0,0.0,0.0,0.0,0.0,0.0,0.0,0.0,0.0,-0.6383844591746642,0.7697176640069211
0.0,0.0,0.0,1.0,0.0,0.0,0.0,0.0,0.0,0.0,0.0,0.0,-0.6250496486104377,0.7805849965070866
0.0,0.0,0.0,1.0,0.0,0.0,0.0,0.0,0.0,0.0,0.0,0.0,-0.6115298757991053,0.7912213413483807
0.0,0.0,0.0,1.0,0.0,0.0,0.0,0.0,0.0,0.0,0.0,0.0,-0.5978291414589552,0.801623551065242
0.0,0.0,0.0,1.0,0.0,0.0,0.0,0.0,0.0,0.0,0.0,0.0,-0.5839514998576998,0.8117885474764613
0.0,0.0,0.0,1.0,0.0,0.0,0.0,0.0,0.0,0.0,0.0,0.0,-0.5699010576127624,0.8217133225960589
0.0,0.0,0.0,1.0,0.0,0.0,0.0,0.0,0.0,0.0,0.0,0.0,-0.5412984521036173,0.8408305333122887
0.0,0.0,0.0,1.0,0.0,0.0,0.0,0.0,0.0,0.0,0.0,0.0,-0.5267547528105542,0.8500173118187018
0.0,0.0,0.0,1.0,0.0,0.0,0.0,0.0,0.0,0.0,0.0,0.0,-0.4822058478963526,0.8760579434344281
0.0,0.0,0.0,1.0,0.0,0.0,0.0,0.0,0.0,0.0,0.0,0.0,-0.46706492487743034,0.8842230238742036
0.0,0.0,0.0,1.0,0.0,0.0,0.0,0.0,0.0,0.0,0.0,0.0,-0.42083100859565564,0.9071390534005044
0.0,0.0,0.0,1.0,0.0,0.0,0.0,0.0,0.0,0.0,0.0,0.0,-0.37347653741307074,0.9276396261490467
0.0,0.0,0.0,1.0,0.0,0.0,0.0,0.0,0.0,0.0,0.0,0.0,-0.3574644155648614,0.9339267592294762
0.0,0.0,0.0,1.0,0.0,0.0,0.0,0.0,0.0,0.0,0.0,0.0,-0.34134651424503615,0.9399375283564133
0.0,0.0,0.0,1.0,0.0,0.0,0.0,0.0,0.0,0.0,0.0,0.0,-0.3251276029999093,0.9456701548465688
0.0,0.0,0.0,1.0,0.0,0.0,0.0,0.0,0.0,0.0,0.0,0.0,-0.30881248126625377,0.9511229423235357
0.0,0.0,0.0,1.0,0.0,0.0,0.0,0.0,0.0,0.0,0.0,0.0,-0.27591294500296043,0.9611826292540837
0.0,0.0,0.0,1.0,0.0,0.0,0.0,0.0,0.0,0.0,0.0,0.0,-0.2593382659754056,0.9657865518844574
0.0,0.0,0.0,1.0,0.0,0.0,0.0,0.0,0.0,0.0,0.0,0.0,-0.2426868445825954,0.9701046827361175
0.0,0.0,0.0,1.0,0.0,0.0,0.0,0.0,0.0,0.0,0.0,0.0,-0.22596360824801906,0.974135744004672
0.0,0.0,0.0,1.0,0.0,0.0,0.0,0.0,0.0,0.0,0.0,0.0,-0.20917350564635637,0.9778785428342386
0.0,0.0,0.0,1.0,0.0,0.0,0.0,0.0,0.0,0.0,0.0,0.0,-0.19232150523909483,0.9813319716704275
0.0,0.0,0.0,1.0,0.0,0.0,0.0,0.0,0.0,0.0,0.0,0.0,-0.17541259380427843,0.9844950085880858
0.0,0.0,0.0,1.0,0.0,0.0,0.0,0.0,0.0,0.0,0.0,0.0,-0.15845177496083632,0.9873667175937016
0.0,0.0,0.0,1.0,0.0,0.0,0.0,0.0,0.0,0.0,0.0,0.0,-0.14144406768794202,0.9899462489023779
0.0,0.0,0.0,1.0,0.0,0.0,0.0,0.0,0.0,0.0,0.0,0.0,-0.12439450483979998,0.9922328391893008
0.0,0.0,0.0,1.0,0.0,0.0,0.0,0.0,0.0,0.0,0.0,0.0,-0.10730813165636247,0.9942258118156161
0.0,0.0,0.0,1.0,0.0,0.0,0.0,0.0,0.0,0.0,0.0,0.0,-0.07304518821104743,0.9973286321364752
0.0,0.0,0.0,1.0,0.0,0.0,0.0,0.0,0.0,0.0,0.0,0.0,-0.03869579017652689,0.9992510374388481
0.0,0.0,0.0,1.0,0.0,0.0,0.0,0.0,0.0,0.0,0.0,0.0,-0.021501372740813793,0.999768818762748
0.0,0.0,0.0,1.0,0.0,0.0,0.0,0.0,0.0,0.0,0.0,0.0,-0.004300592702981974,0.9999907524084426
0.0,0.0,0.0,1.0,0.0,0.0,0.0,0.0,0.0,0.0,0.0,0.0,0.017201575418260506,0.9998520419557735
0.0,0.0,0.0,1.0,0.0,0.0,0.0,0.0,0.0,0.0,0.0,0.0,0.03439806061360801,0.9994082116062598
0.0,0.0,0.0,1.0,0.0,0.0,0.0,0.0,0.0,0.0,0.0,0.0,0.051584366869408364,0.9986686402879997
0.0,0.0,0.0,1.0,0.0,0.0,0.0,0.0,0.0,0.0,0.0,0.0,0.06875540848113941,0.9976335468520451
0.0,0.0,0.0,1.0,0.0,0.0,0.0,0.0,0.0,0.0,0.0,0.0,0.08590610426133272,0.9963032375991965
0.0,0.0,0.0,1.0,0.0,0.0,0.0,0.0,0.0,0.0,0.0,0.0,0.10303137904317879,0.9946781061893646
0.0,0.0,0.0,1.0,0.0,0.0,0.0,0.0,0.0,0.0,0.0,0.0,0.1201261651823505,0.9927586335250793
0.0,0.0,0.0,1.0,0.0,0.0,0.0,0.0,0.0,0.0,0.0,0.0,0.13718540405660057,0.9905453876091833
0.0,0.0,0.0,1.0,0.0,0.0,0.0,0.0,0.0,0.0,0.0,0.0,0.1542040475626894,0.988039023376751
0.0,0.0,0.0,1.0,0.0,0.0,0.0,0.0,0.0,0.0,0.0,0.0,0.17117705961019986,0.985240282501282
0.0,0.0,0.0,1.0,0.0,0.0,0.0,0.0,0.0,0.0,0.0,0.0,0.20496611396949532,0.9787690698649216
0.0,0.0,0.0,1.0,0.0,0.0,0.0,0.0,0.0,0.0,0.0,0.0,0.22177215755648186,0.975098513039961
0.0,0.0,0.0,1.0,0.0,0.0,0.0,0.0,0.0,0.0,0.0,0.0,0.23851257519407648,0.9711394088771653
0.0,0.0,0.0,1.0,0.0,0.0,0.0,0.0,0.0,0.0,0.0,0.0,0.2551824131233728,0.9668929289391521
0.0,0.0,0.0,1.0,0.0,0.0,0.0,0.0,0.0,0.0,0.0,0.0,0.2882906407095177,0.9575429528116719
0.0,0.0,0.0,1.0,0.0,0.0,0.0,0.0,0.0,0.0,0.0,0.0,0.3047192331091634,0.9524422234305676
0.0,0.0,0.0,1.0,0.0,0.0,0.0,0.0,0.0,0.0,0.0,0.0,0.321057654185271,0.9470596510722283
0.0,0.0,0.0,1.0,0.0,0.0,0.0,0.0,0.0,0.0,0.0,0.0,0.3534446712740877,0.9354554315134164
0.0,0.0,0.0,1.0,0.0,0.0,0.0,0.0,0.0,0.0,0.0,0.0,0.3694836834473831,0.9292372181882051
0.0,0.0,0.0,1.0,0.0,0.0,0.0,0.0,0.0,0.0,0.0,0.0,0.4012289854475009,0.9159777842484877
0.0,0.0,0.0,1.0,0.0,0.0,0.0,0.0,0.0,0.0,0.0,0.0,0.4169258813287287,0.908940487313808
0.0,0.0,0.0,1.0,0.0,0.0,0.0,0.0,0.0,0.0,0.0,0.0,0.4324994021339788,0.901634220265486
0.0,0.0,0.0,1.0,0.0,0.0,0.0,0.0,0.0,0.0,0.0,0.0,0.44794493940789115,0.8940611451454876
0.0,0.0,0.0,1.0,0.0,0.0,0.0,0.0,0.0,0.0,0.0,0.0,0.4632579225674917,0.88622350294858
0.0,0.0,0.0,1.0,0.0,0.0,0.0,0.0,0.0,0.0,0.0,0.0,0.49346814167723735,0.8697638720650646
0.0,0.0,0.0,1.0,0.0,0.0,0.0,0.0,0.0,0.0,0.0,0.0,0.5083564379375122,0.8611467540480452
0.0,0.0,0.0,1.0,0.0,0.0,0.0,0.0,0.0,0.0,0.0,0.0,0.5376773767406141,0.8431506618282
0.0,0.0,0.0,1.0,0.0,0.0,0.0,0.0,0.0,0.0,0.0,0.0,0.5521013427459208,0.8337770129585915
0.0,0.0,0.0,1.0,0.0,0.0,0.0,0.0,0.0,0.0,0.0,0.0,0.5663619330814524,0.8241566360566663
0.0,0.0,0.0,1.0,0.0,0.0,0.0,0.0,0.0,0.0,0.0,0.0,0.580454927809098,0.8142923779467267
0.0,0.0,0.0,1.0,0.0,0.0,0.0,0.0,0.0,0.0,0.0,0.0,0.5943761565849831,0.804187157621448
0.0,0.0,0.0,1.0,0.0,0.0,0.0,0.0,0.0,0.0,0.0,0.0,0.6612634749656386,0.7501537286959042
0.0,0.0,0.0,1.0,0.0,0.0,0.0,0.0,0.0,0.0,0.0,0.0,0.6740694616546161,0.7386679638813748
0.0,0.0,0.0,1.0,0.0,0.0,0.0,0.0,0.0,0.0,0.0,0.0,0.6866759803451553,0.726963615332308
0.0,0.0,0.0,1.0,0.0,0.0,0.0,0.0,0.0,0.0,0.0,0.0,0.6990793005655562,0.7150441465537444
0.0,0.0,0.0,1.0,0.0,0.0,0.0,0.0,0.0,0.0,0.0,0.0,0.7112757519738152,0.7029130847082615
0.0,0.0,0.0,1.0,0.0,0.0,0.0,0.0,0.0,0.0,0.0,0.0,0.7232617254437388,0.6905740195722293
0.0,0.0,0.0,1.0,0.0,0.0,0.0,0.0,0.0,0.0,0.0,0.0,0.7350336741329413,0.6780306024735382
0.0,0.0,0.0,1.0,0.0,0.0,0.0,0.0,0.0,0.0,0.0,0.0,0.746588114532413,0.6652865452111116
0.0,0.0,0.0,1.0,0.0,0.0,0.0,0.0,0.0,0.0,0.0,0.0,0.7579216274973472,0.6523456189565257
0.0,0.0,0.0,1.0,0.0,0.0,0.0,0.0,0.0,0.0,0.0,0.0,0.7690308592589181,0.6392116531380588
0.0,0.0,0.0,1.0,0.0,0.0,0.0,0.0,0.0,0.0,0.0,0.0,0.7799125224167177,0.6258885343075018
0.0,0.0,0.0,1.0,0.0,0.0,0.0,0.0,0.0,0.0,0.0,0.0,0.7905633969115482,0.612380204990065
0.0,0.0,0.0,1.0,0.0,0.0,0.0,0.0,0.0,0.0,0.0,0.0,0.8111602420785621,0.5848239578463322
0.0,0.0,0.0,1.0,0.0,0.0,0.0,0.0,0.0,0.0,0.0,0.0,0.8211001178128892,0.5707841943569036
0.0,0.0,0.0,1.0,0.0,0.0,0.0,0.0,0.0,0.0,0.0,0.0,0.8402480696078469,0.5422021592729844
0.0,0.0,0.0,1.0,0.0,0.0,0.0,0.0,0.0,0.0,0.0,0.0,0.8494504794814806,0.527668345562516
0.0,0.0,0.0,1.0,0.0,0.0,0.0,0.0,0.0,0.0,0.0,0.0,0.8584015232918917,0.512978386299228
0.0,0.0,0.0,1.0,0.0,0.0,0.0,0.0,0.0,0.0,0.0,0.0,0.8670985522812081,0.4981366284784055
0.0,0.0,0.0,1.0,0.0,0.0,0.0,0.0,0.0,0.0,0.0,0.0,0.8755389928586302,0.4831474640149687
0.0,0.0,0.0,1.0,0.0,0.0,0.0,0.0,0.0,0.0,0.0,0.0,0.8837203473619977,0.4680153284438345
0.0,0.0,0.0,1.0,0.0,0.0,0.0,0.0,0.0,0.0,0.0,0.0,0.8992961915530253,0.4373400963303323
0.0,0.0,0.0,1.0,0.0,0.0,0.0,0.0,0.0,0.0,0.0,0.0,0.9066860720977985,0.4218060770826634
0.0,0.0,0.0,1.0,0.0,0.0,0.0,0.0,0.0,0.0,0.0,0.0,0.9138076496466615,0.4061472386305789
0.0,0.0,0.0,1.0,0.0,0.0,0.0,0.0,0.0,0.0,0.0,0.0,0.9206588168102428,0.3903682146763026
0.0,0.0,0.0,1.0,0.0,0.0,0.0,0.0,0.0,0.0,0.0,0.0,0.9272375462179537,0.374473674486883
0.0,0.0,0.0,1.0,0.0,0.0,0.0,0.0,0.0,0.0,0.0,0.0,0.9395699859530622,0.342356891994542
0.0,0.0,0.0,1.0,0.0,0.0,0.0,0.0,0.0,0.0,0.0,0.0,0.945320046913132,0.3261441535642696
0.0,0.0,0.0,1.0,0.0,0.0,0.0,0.0,0.0,0.0,0.0,0.0,0.9559793438440766,0.2934339689665273
0.0,0.0,0.0,1.0,0.0,0.0,0.0,0.0,0.0,0.0,0.0,0.0,0.969843196967294,0.24372971360968387
0.0,0.0,0.0,1.0,0.0,0.0,0.0,0.0,0.0,0.0,0.0,0.0,0.9776530844816641,0.2102247521189836
0.0,0.0,0.0,1.0,0.0,0.0,0.0,0.0,0.0,0.0,0.0,0.0,0.981124629771712,0.19337647441020586
0.0,0.0,0.0,1.0,0.0,0.0,0.0,0.0,0.0,0.0,0.0,0.0,0.984305844499033,0.17647097349152166
0.0,0.0,0.0,1.0,0.0,0.0,0.0,0.0,0.0,0.0,0.0,0.0,0.9871957872910085,0.15951325197263655
0.0,0.0,0.0,1.0,0.0,0.0,0.0,0.0,0.0,0.0,0.0,0.0,0.992098522791769,0.12546123335273648
0.0,0.0,0.0,1.0,0.0,0.0,0.0,0.0,0.0,0.0,0.0,0.0,0.9958270335100595,0.09126072172931188
0.0,0.0,0.0,1.0,0.0,0.0,0.0,0.0,0.0,0.0,0.0,0.0,0.998376906467142,0.056952196034039754
0.0,0.0,0.0,1.0,0.0,0.0,0.0,0.0,0.0,0.0,0.0,0.0,0.9992088560679753,0.03977011384605572
0.0,0.0,0.0,1.0,0.0,0.0,0.0,0.0,0.0,0.0,0.0,0.0,0.9999300657962057,-0.011826390691832589
0.0,0.0,0.0,1.0,0.0,0.0,0.0,0.0,0.0,0.0,0.0,0.0,0.9995786855478958,-0.029025013321975237
0.0,0.0,0.0,1.0,0.0,0.0,0.0,0.0,0.0,0.0,0.0,0.0,0.9989315138848577,-0.046215046983708354
0.0,0.0,0.0,1.0,0.0,0.0,0.0,0.0,0.0,0.0,0.0,0.0,0.9979887423155984,-0.06339140486951038
0.0,0.0,0.0,1.0,0.0,0.0,0.0,0.0,0.0,0.0,0.0,0.0,0.9952176027737294,-0.09768276782171598
0.0,0.0,0.0,1.0,0.0,0.0,0.0,0.0,0.0,0.0,0.0,0.0,0.9933900548258936,-0.11478762552212701
0.0,0.0,0.0,1.0,0.0,0.0,0.0,0.0,0.0,0.0,0.0,0.0,0.9888537064205885,-0.1488903868564548
0.0,0.0,0.0,1.0,0.0,0.0,0.0,0.0,0.0,0.0,0.0,0.0,0.986146248341595,-0.16587819893463143
0.0,0.0,0.0,1.0,0.0,0.0,0.0,0.0,0.0,0.0,0.0,0.0,0.9831469737221499,-0.1828169249850199
0.0,0.0,0.0,1.0,0.0,0.0,0.0,0.0,0.0,0.0,0.0,0.0,0.9798567700958665,-0.1997015525660636
0.0,0.0,0.0,1.0,0.0,0.0,0.0,0.0,0.0,0.0,0.0,0.0,0.9762766110869321,-0.21652708524481437
0.0,0.0,0.0,1.0,0.0,0.0,0.0,0.0,0.0,0.0,0.0,0.0,0.9724075561219968,-0.23328854407545518
0.0,0.0,0.0,1.0,0.0,0.0,0.0,0.0,0.0,0.0,0.0,0.0,0.9682507501166718,-0.2499809690726521
0.0,0.0,0.0,1.0,0.0,0.0,0.0,0.0,0.0,0.0,0.0,0.0,0.9638074231367307,-0.26659942067929354
0.0,0.0,0.0,1.0,0.0,0.0,0.0,0.0,0.0,0.0,0.0,0.0,0.9590788900341131,-0.28313898122818354
0.0,0.0,0.0,1.0,0.0,0.0,0.0,0.0,0.0,0.0,0.0,0.0,0.9487718864399473,-0.31596187665790293
0.0,0.0,0.0,1.0,0.0,0.0,0.0,0.0,0.0,0.0,0.0,0.0,0.9373419384643772,-0.3484108069446808
0.0,0.0,0.0,1.0,0.0,0.0,0.0,0.0,0.0,0.0,0.0,0.0,0.9248025743285089,-0.38044736628785164
0.0,0.0,0.0,1.0,0.0,0.0,0.0,0.0,0.0,0.0,0.0,0.0,0.9181214482844364,-0.39629913726891813
0.0,0.0,0.0,1.0,0.0,0.0,0.0,0.0,0.0,0.0,0.0,0.0,0.9111686353326631,-0.41203363695942635
0.0,0.0,0.0,1.0,0.0,0.0,0.0,0.0,0.0,0.0,0.0,0.0,0.9039461929224011,-0.42764620926777464
0.0,0.0,0.0,1.0,0.0,0.0,0.0,0.0,0.0,0.0,0.0,0.0,0.8964562582905575,-0.44313223418263453
0.0,0.0,0.0,1.0,0.0,0.0,0.0,0.0,0.0,0.0,0.0,0.0,0.8887010478292915,-0.45848712914008766
0.0,0.0,0.0,1.0,0.0,0.0,0.0,0.0,0.0,0.0,0.0,0.0,0.8806828564301475,-0.47370635037968
0.0,0.0,0.0,1.0,0.0,0.0,0.0,0.0,0.0,0.0,0.0,0.0,0.8724040568049612,-0.48878539428899265
0.0,0.0,0.0,1.0,0.0,0.0,0.0,0.0,0.0,0.0,0.0,0.0,0.8550745085896932,-0.518505144391157
0.0,0.0,0.0,1.0,0.0,0.0,0.0,0.0,0.0,0.0,0.0,0.0,0.8460288880917339,-0.533137056031809
0.0,0.0,0.0,1.0,0.0,0.0,0.0,0.0,0.0,0.0,0.0,0.0,0.8367329140344921,-0.5476112038402312
0.0,0.0,0.0,1.0,0.0,0.0,0.0,0.0,0.0,0.0,0.0,0.0,0.8174009818249189,-0.5760691233798758
0.0,0.0,0.0,1.0,0.0,0.0,0.0,0.0,0.0,0.0,0.0,0.0,0.8073707443023492,-0.5900444739548627
0.0,0.0,0.0,1.0,0.0,0.0,0.0,0.0,0.0,0.0,0.0,0.0,0.7971015927871943,-0.6038452208771035
0.0,0.0,0.0,1.0,0.0,0.0,0.0,0.0,0.0,0.0,0.0,0.0,0.7865965660866021,-0.6174672802835514
0.0,0.0,0.0,1.0,0.0,0.0,0.0,0.0,0.0,0.0,0.0,0.0,0.7758587728069828,-0.6309066211876704
0.0,0.0,0.0,1.0,0.0,0.0,0.0,0.0,0.0,0.0,0.0,0.0,0.7648913904341225,-0.6441592666722685
0.0,0.0,0.0,1.0,0.0,0.0,0.0,0.0,0.0,0.0,0.0,0.0,0.753697664392914,-0.6572212950663319
0.0,0.0,0.0,1.0,0.0,0.0,0.0,0.0,0.0,0.0,0.0,0.0,0.7187918772884232,-0.6952253139408722
0.0,0.0,0.0,1.0,0.0,0.0,0.0,0.0,0.0,0.0,0.0,0.0,0.7067265555776158,-0.7074868024503348
0.0,0.0,0.0,1.0,0.0,0.0,0.0,0.0,0.0,0.0,0.0,0.0,0.6944521021088763,-0.719538934232584
0.0,0.0,0.0,1.0,0.0,0.0,0.0,0.0,0.0,0.0,0.0,0.0,0.6819721490904629,-0.7313781428679254
0.0,0.0,0.0,1.0,0.0,0.0,0.0,0.0,0.0,0.0,0.0,0.0,0.6692903895412567,-0.7430009249440493
0.0,0.0,0.0,1.0,0.0,0.0,25.0,51.0,0.8333333333333334,21.0,39.0,5.86,0.6433365204044917,-0.765583517007675
0.0,0.0,0.0,1.0,74.41,10.629999999999999,0.0,76.0,0.8333333333333334,3.0,50.0,16.67,0.6300720909843687,-0.7765366444428655
0.0,0.0,0.0,1.0,34.5,15.558571428571428,43.0,76.0,2.2666666666666666,27.0,47.0,6.15,0.6166212130956382,-0.7872599821916922
0.0,0.0,0.0,1.0,111.22,31.447142857142858,28.0,142.0,3.2,26.0,39.0,6.54,0.5891760872322963,-0.8080046647350754
0.0,0.0,0.0,1.0,103.7,46.26142857142857,0.0,170.0,3.2,24.0,49.0,9.42,0.5751899607119775,-0.8180198708443174
0.0,0.0,0.0,1.0,157.07,68.7,6.0,170.0,3.4,30.0,39.0,10.53,0.5610336262283677,-0.8277930117131022
0.0,0.0,0.0,1.0,197.5,96.91428571428571,163.0,137.0,8.833333333333334,12.0,46.0,5.42,0.5322271388474397,-0.8466016020976267
0.0,0.0,0.0,1.0,42.9,103.04285714285713,4.0,234.0,8.966666666666667,34.0,54.0,10.41,0.4878471454423119,-0.8729290708206411
0.0,0.0,0.0,1.0,253.11,128.57142857142858,37.0,210.0,10.2,27.0,43.0,9.3,0.47275920928627757,-0.881191653407483
0.0,0.0,0.0,1.0,160.64,146.5914285714286,2.0,247.0,10.266666666666667,38.0,48.0,12.89,0.4575313760742512,-0.8891934772070711
0.0,0.0,0.0,1.0,330.75,177.95285714285714,22.0,69.0,11.0,36.0,44.0,11.33,0.4110537546870351,-0.9116111071930239
0.0,0.0,0.0,1.0,265.2,201.0242857142857,40.0,91.0,12.333333333333334,41.0,51.0,10.68,0.3953117887649151,-0.9185469991587165
0.0,0.0,0.0,1.0,306.6,222.3857142857143,0.0,131.0,12.333333333333334,34.0,47.0,13.12,0.37945284372454435,-0.925211078289358
0.0,0.0,0.0,1.0,303.28,237.49714285714285,0.0,163.0,12.333333333333334,36.0,49.0,13.92,0.3312212278016865,-0.9435531242349544
0.0,0.0,0.0,1.0,338.18,279.67999999999995,0.0,162.0,12.333333333333334,18.0,48.0,11.89,0.31494162072895193,-0.9491110448902284
0.0,0.0,0.0,1.0,145.52,264.31,2.0,137.0,12.4,35.0,49.0,14.43,0.2985688173637202,-0.9543881083175908
0.0,0.0,0.0,1.0,348.45,291.14,38.0,117.0,13.666666666666666,39.0,48.0,10.87,0.2821076626819194,-0.9593827529490743
0.0,0.0,0.0,1.0,292.56,285.6842857142857,34.0,115.0,14.8,35.0,48.0,11.06,0.26556302780405594,-0.9640935007889755
0.0,0.0,0.0,1.0,265.1,285.67,7.0,96.0,15.033333333333333,49.0,42.0,12.76,0.21547731504673012,-0.976508846196619
0.0,0.0,0.0,1.0,396.88,298.5671428571428,0.0,103.0,15.033333333333333,21.0,47.0,17.14,0.19864794288017112,-0.9800709131432666
0.0,0.0,0.0,1.0,244.8,290.21285714285716,33.0,103.0,16.133333333333333,44.0,47.0,14.68,0.18175978759137534,-0.9833429613388902
0.0,0.0,0.0,1.0,426.36,302.81,10.0,134.0,16.466666666666665,51.0,42.0,16.98,0.16481784665719793,-0.9863240225317866
0.0,0.0,0.0,1.0,554.24,361.1985714285714,7.0,106.0,16.7,54.0,49.0,14.87,0.14782713347053048,-0.9890132145779883
0.0,0.0,0.0,1.0,534.0,387.7057142857143,36.0,79.0,17.9,53.0,47.0,16.62,0.13079267585675922,-0.9914097417023038
0.0,0.0,0.0,1.0,594.68,430.8657142857143,9.0,104.0,18.2,30.0,41.0,16.8,0.07947729992362097,-0.9968366760893436
0.0,0.0,0.0,1.0,317.52,438.35428571428565,15.0,80.0,18.7,34.0,48.0,12.94,0.01075130776352193,-0.9999422030204416
0.0,0.0,0.0,1.0,292.6,423.4571428571429,33.0,59.0,19.8,42.0,41.0,9.95,-0.00645086419810515,-0.9999791929590823
0.0,0.0,0.0,1.0,259.16,425.50857142857143,0.0,231.0,19.8,52.0,46.0,17.52,-0.05802556932878035,-0.9983150972033183
0.0,0.0,0.0,1.0,610.37,451.79571428571427,0.0,218.0,19.8,47.0,45.0,14.79,-0.07518957641475855,-0.9971692572470178
0.0,0.0,0.0,1.0,458.7,438.1471428571429,1.0,214.0,19.833333333333332,63.0,46.0,18.62,-0.09233133369539122,-0.9957283388645872
0.0,0.0,0.0,1.0,803.51,476.6485714285714,1.0,215.0,19.033333333333335,58.0,44.0,13.53,-0.10944576864891556,-0.993992768446958
0.0,0.0,0.0,1.0,514.18,465.1485714285714,33.0,165.0,20.133333333333333,22.0,46.0,13.36,-0.16057454459499376,-0.9870237158387383
0.0,0.0,0.0,1.0,195.51,447.71857142857147,4.0,52.0,18.833333333333332,51.0,40.0,19.8,-0.17752914918703497,-0.984115542601034
0.0,0.0,0.0,1.0,646.4,498.26142857142855,15.0,56.0,18.4,57.0,43.0,19.82,-0.2112757555821793,-0.9774264960104055
0.0,0.0,0.0,1.0,717.55,563.7457142857144,13.0,103.0,18.833333333333332,59.0,47.0,20.22,-0.24477230089725957,-0.9695805901076308
0.0,0.0,0.0,1.0,799.31,590.7371428571429,20.0,100.0,19.3,63.0,47.0,15.0,-0.2614143985111562,-0.965226663665613
0.0,0.0,0.0,1.0,633.15,615.6585714285713,0.0,119.0,13.866666666666667,21.0,45.0,20.62,-0.2779791393987801,-0.9605871111248129
0.0,0.0,0.0,1.0,290.11,542.3157142857142,7.0,86.0,13.966666666666667,72.0,40.0,20.82,-0.2944616217868012,-0.9556633054034704
0.0,0.0,0.0,1.0,936.88,602.7014285714286,28.0,89.0,13.666666666666666,64.0,50.0,17.5,-0.3108569682435036,-0.9504567035349151
0.0,0.0,0.0,1.0,784.0,686.7714285714285,23.0,104.0,14.366666666666667,65.0,47.0,13.91,-0.3594718130884232,-0.9331559438780432
0.0,0.0,0.0,1.0,596.64,679.6628571428572,27.0,114.0,14.533333333333333,70.0,50.0,13.04,-0.3754703786876202,-0.9268343944460494
0.0,0.0,0.0,1.0,629.97,667.1514285714286,0.0,121.0,13.2,15.0,42.0,19.93,-0.3913578365610259,-0.9202385798054075
0.0,0.0,0.0,1.0,192.86,580.5157142857142,17.0,121.0,13.766666666666667,83.0,41.0,23.05,-0.4071294853542516,-0.9133704517637858
0.0,0.0,0.0,1.0,1214.76,663.6028571428571,0.0,131.0,13.766666666666667,66.0,46.0,18.0,-0.4227806579826773,-0.9062320427107697
0.0,0.0,0.0,1.0,3192.9,1078.287142857143,25.0,103.0,14.6,83.0,43.0,18.51,-0.4383067230125192,-0.898825465016444
0.0,0.0,0.0,1.0,990.72,1085.9785714285715,10.0,100.0,14.866666666666667,72.0,49.0,24.11,-0.46896519100763184,-0.8832166493127127
0.0,0.0,0.0,1.0,1180.48,1142.6185714285716,5.0,87.0,13.766666666666667,76.0,49.0,17.96,-0.48408852163897587,-0.8750190302029955
0.0,0.0,0.0,1.0,935.03,1190.9600000000003,0.0,65.0,12.633333333333333,27.0,42.0,20.67,-0.4990686026885319,-0.8665624788845385
0.0,0.0,0.0,1.0,961.28,1238.2900000000002,9.0,65.0,12.7,85.0,43.0,21.67,-0.5139010013093103,-0.8578494977869301
0.0,0.0,0.0,1.0,1188.09,1380.465714285714,19.0,57.0,13.333333333333334,69.0,47.0,21.86,-0.5285813283559292,-0.8488826652214553
0.0,0.0,0.0,1.0,1010.36,1351.2657142857145,0.0,76.0,12.233333333333333,80.0,45.0,18.24,-0.5431052396834317,-0.8396646346181327
0.0,0.0,0.0,1.0,3106.83,1338.9699999999998,0.0,51.0,11.9,86.0,43.0,21.05,-0.5574684374327892,-0.8301981337405212
0.0,0.0,0.0,1.0,2018.65,1485.817142857143,1.0,44.0,11.7,89.0,42.0,17.83,-0.5856957398073508,-0.8105309990194823
0.0,0.0,0.0,1.0,1015.68,1462.2742857142857,20.0,40.0,11.166666666666666,28.0,46.0,21.36,-0.5995514915196489,-0.8003361849976323
0.0,0.0,0.0,1.0,394.68,1385.0814285714284,41.0,51.0,12.233333333333333,77.0,39.0,18.04,-0.6267266965083301,-0.7792391467859886
0.0,0.0,0.0,1.0,1607.1799999999998,1477.3528571428571,0.0,73.0,11.733333333333333,77.0,45.0,21.03,-0.6400381082043503,-0.7683431655492202
0.0,0.0,0.0,1.0,1092.83,1463.7442857142858,11.0,73.0,11.0,89.0,42.0,24.78,-0.666088855860977,-0.7458723993404063
0.0,0.0,0.0,1.0,4706.15,1991.7142857142858,37.0,83.0,12.233333333333333,25.0,43.0,14.6,-0.6913512362094071,-0.722518835873311
0.0,0.0,0.0,1.0,639.95,1639.3028571428572,6.0,100.0,12.433333333333334,71.0,41.0,21.52,-0.7036774074790128,-0.7105196029692745
0.0,0.0,0.0,1.0,970.28,1489.5357142857142,13.0,106.0,12.833333333333334,62.0,48.0,24.32,-0.7157953492826642,-0.6983101158835584
0.0,0.0,0.0,1.0,1791.44,1600.3585714285714,13.0,78.0,13.233333333333333,112.0,48.0,24.16,-0.7277014757264236,-0.6858939875998223
0.0,0.0,0.0,1.0,2506.1400000000003,1901.9957142857145,0.0,91.0,12.133333333333333,85.0,46.0,20.94,-0.7393922635959241,-0.673274892250183
0.0,0.0,0.0,1.0,4596.4,2329.0271428571427,0.0,91.0,12.0,84.0,43.0,21.48,-0.7508642533989489,-0.6604565640279754
0.0,0.0,0.0,1.0,1199.66,2344.2885714285717,47.0,80.0,13.066666666666666,91.0,51.0,20.25,-0.7621140503891487,-0.6474427960827475
0.0,0.0,0.0,1.0,4435.32,2305.598571428571,6.0,116.0,12.833333333333334,29.0,40.0,20.79,-0.7731383255706026,-0.6342374393978054
0.0,0.0,0.0,1.0,364.81,2266.292857142857,0.0,97.0,12.166666666666666,87.0,48.0,25.14,-0.7944973291665992,-0.6072676460566135
0.0,0.0,0.0,1.0,1498.1,2341.695714285714,3.0,84.0,12.266666666666667,83.0,51.0,19.95,-0.8048257371083452,-0.593511190196115
0.0,0.0,0.0,1.0,1175.76,2253.7414285714285,14.0,87.0,12.5,104.0,42.0,19.98,-0.8247650844733614,-0.5654755126737576
0.0,0.0,0.0,1.0,1319.53,2084.2257142857143,4.0,69.0,11.7,31.0,43.0,22.1,-0.8437282590292712,-0.5367705514607103
0.0,0.0,0.0,1.0,922.68,1559.4085714285716,0.0,61.0,10.933333333333334,72.0,49.0,25.89,-0.8786374941610001,-0.4774894280028391
0.0,0.0,0.0,1.0,4229.16,1992.1942857142856,0.0,48.0,10.033333333333333,83.0,49.0,29.59,-0.886721063082993,-0.46230483047981086
0.0,0.0,0.0,1.0,1719.2,1604.177142857143,10.0,34.0,10.366666666666667,91.0,43.0,25.29,-0.8945422369764496,-0.4469834295196741
0.0,0.0,0.0,1.0,1484.14,1764.0814285714284,9.0,29.0,10.1,45.0,41.0,24.62,-0.9020987014301837,-0.43152975897147144
0.0,0.0,0.0,1.0,2924.58,1967.8642857142859,1.0,34.0,10.133333333333333,96.0,47.0,27.91,-0.9093882203647925,-0.4159483918249421
0.0,0.0,0.0,1.0,1794.93,2056.317142857143,22.0,23.0,10.033333333333333,102.0,43.0,17.32,-0.9164086366943458,-0.4002439388573056
0.0,0.0,0.0,1.0,1130.88,2029.3671428571429,25.0,45.0,10.533333333333333,79.0,41.0,24.43,-0.9231578729647039,-0.38442104726885545
0.0,0.0,0.0,1.0,1186.95,2067.12,13.0,67.0,10.8,83.0,42.0,22.55,-0.9296339319682695,-0.3684843993077793
0.0,0.0,0.0,1.0,1918.72,1737.0571428571427,0.0,80.0,10.8,92.0,42.0,25.73,-0.9358348973349941,-0.35243871088460327
0.0,0.0,0.0,1.0,1526.72,1709.56,0.0,80.0,10.5,106.0,46.0,27.17,-0.9417589340994617,-0.33628873017668287
0.0,0.0,0.0,1.0,3632.8,2016.5114285714285,111.0,70.0,13.566666666666666,47.0,44.0,8.02,-0.9474042892438845,-0.32003923622313857
0.0,0.0,0.0,1.0,245.05,1633.7214285714288,0.0,172.0,13.566666666666666,104.0,46.0,28.73,-0.9527692922168511,-0.30369503751065885
0.0,0.0,0.0,1.0,4031.08,1953.1714285714286,17.0,174.0,14.133333333333333,86.0,44.0,20.58,-0.9626519747161487,-0.2707418984477642
0.0,0.0,0.0,1.0,1159.35,1957.2385714285717,11.0,166.0,14.466666666666667,93.0,43.0,25.88,-0.9671667297977312,-0.2541427094613622
0.0,0.0,0.0,1.0,1576.59,2012.9014285714286,11.0,164.0,14.166666666666666,106.0,42.0,22.24,-0.97139528468375,-0.23746831555846842
0.0,0.0,0.0,1.0,1496.69,1952.6114285714286,1.0,219.0,12.833333333333334,35.0,53.0,21.63,-0.9789888737409319,-0.20391367068311472
0.0,0.0,0.0,1.0,545.04,1812.3714285714286,79.0,151.0,15.466666666666667,86.0,45.0,11.13,-0.9882042449941422,-0.15314166701312007
0.0,0.0,0.0,1.0,1157.41,1458.7442857142858,2.0,213.0,15.166666666666666,85.0,42.0,29.01,-0.9906923101615609,-0.13612033862266704
0.0,0.0,0.0,1.0,1615.23,1654.4842857142855,27.0,204.0,14.833333333333334,78.0,45.0,18.65,-0.9928872135356962,-0.11905873003404988
0.0,0.0,0.0,1.0,931.2,1211.6442857142858,3.0,220.0,14.733333333333333,82.0,49.0,27.12,-0.994788305609327,-0.10196189005174576
0.0,0.0,0.0,1.0,1556.8,1268.422857142857,13.0,206.0,14.733333333333333,74.0,44.0,28.8,-0.9977068927101168,-0.06768276175455162
0.0,0.0,0.0,1.0,1385.15,1241.0742857142857,17.0,196.0,14.866666666666667,100.0,47.0,29.89,-0.9987235240803972,-0.050510617185222886
0.0,0.0,0.0,1.0,2002.63,1313.3514285714286,0.0,169.0,14.866666666666667,94.0,49.0,28.52,-0.9994446170919858,-0.033323525711631344
0.0,0.0,0.0,1.0,1876.7,1503.5885714285712,43.0,90.0,16.3,99.0,44.0,21.42,-0.9998699583618592,-0.016126573270657762
0.0,0.0,0.0,1.0,1815.05,1597.537142857143,39.0,131.0,16.033333333333335,87.0,48.0,22.38,-0.9999994220246925,0.001075151282798226
0.0,0.0,0.0,1.0,1323.96,1555.9271428571428,0.0,174.0,15.833333333333334,94.0,49.0,33.23,-0.9975590477788613,0.06982797572987089
0.0,0.0,0.0,1.0,2647.94,1801.1757142857143,114.0,186.0,19.633333333333333,95.0,43.0,10.6,-0.9945667569706337,0.1041007489354256
0.0,0.0,0.0,1.0,1043.48,1727.8442857142857,4.0,257.0,19.666666666666668,89.0,46.0,25.63,-0.9926289059345095,0.121193461470736
0.0,0.0,0.0,1.0,1528.27,1748.2900000000002,8.0,222.0,19.466666666666665,90.0,47.0,34.42,-0.9903973200352558,0.1382503109109819
0.0,0.0,0.0,1.0,2075.66,1758.722857142857,2.0,215.0,19.4,41.0,38.0,35.63,-0.9878726596350429,0.15526624985999563
0.0,0.0,0.0,1.0,905.82,1620.0257142857142,0.0,188.0,19.4,89.0,44.0,31.64,-0.9850556718215013,0.172236243027682
0.0,0.0,0.0,1.0,1844.48,1624.23,17.0,157.0,19.966666666666665,80.0,46.0,34.66,-0.981947190186646,0.18915526872004093
0.0,0.0,0.0,1.0,1830.18,1696.547142857143,49.0,174.0,21.266666666666666,88.0,43.0,19.52,-0.9785481345802031,0.20601832032517084
0.0,0.0,0.0,1.0,1082.34,1472.8899999999999,25.0,194.0,21.8,73.0,46.0,21.63,-0.9748595108374125,0.22282040779479959
0.0,0.0,0.0,1.0,1034.25,1471.5714285714287,44.0,105.0,23.233333333333334,85.0,38.0,31.05,-0.9708824104813836,0.23955655912092708
0.0,0.0,0.0,1.0,1609.79,1483.217142857143,0.0,145.0,22.5,105.0,48.0,28.21,-0.9666180104000972,0.2562218218071163
0.0,0.0,0.0,1.0,1999.35,1472.3157142857142,51.0,168.0,23.366666666666667,89.0,47.0,21.93,-0.957232443323312,0.28931997761869527
0.0,0.0,0.0,1.0,1298.08,1528.3528571428574,2.0,214.0,23.0,84.0,46.0,33.61,-0.9410336347451197,0.3383130181923076
0.0,0.0,0.0,1.0,1905.53,1537.0742857142857,25.0,191.0,23.833333333333332,79.0,38.0,22.46,-0.9350748843515574,0.3544502230989869
0.0,0.0,0.0,1.0,1704.14,1519.0685714285714,31.0,172.0,24.866666666666667,78.0,47.0,28.05,-0.9288394302558068,0.3704825404820963
0.0,0.0,0.0,1.0,2101.08,1664.6028571428574,56.0,203.0,23.033333333333335,26.0,48.0,24.0,-0.9223291176290545,0.3864052261209853
0.0,0.0,0.0,1.0,421.2,1577.0242857142857,0.0,226.0,23.033333333333335,93.0,51.0,29.89,-0.9155458729775467,0.40221356823680365
0.0,0.0,0.0,1.0,2772.0,1743.0542857142857,20.0,175.0,23.133333333333333,93.0,45.0,32.42,-0.9084917035725082,0.41790288888678667
0.0,0.0,0.0,1.0,1989.9,1741.7042857142856,33.0,195.0,23.866666666666667,74.0,46.0,28.54,-0.9011686968561569,0.4334685453485363
0.0,0.0,0.0,1.0,1393.92,1755.3957142857141,49.0,167.0,25.133333333333333,82.0,41.0,28.09,-0.8935790198239952,0.4489059314938798
0.0,0.0,0.0,1.0,1427.86,1687.1571428571428,53.0,190.0,26.866666666666667,27.0,43.0,26.52,-0.8692328164574792,0.49440298420761813
0.0,0.0,0.0,1.0,454.66,1508.6599999999999,113.0,187.0,28.0,76.0,45.0,10.11,-0.8605996962501181,0.5092820071573356
0.0,0.0,0.0,1.0,495.36,1279.2714285714287,0.0,300.0,27.933333333333334,78.0,49.0,27.4,-0.8517119107469189,0.5240103253675756
0.0,0.0,0.0,1.0,1485.22,1431.2742857142857,3.0,280.0,27.133333333333333,93.0,45.0,27.55,-0.8425720899866032,0.5385835804920232
0.0,0.0,0.0,1.0,2299.92,1363.8342857142857,0.0,250.0,27.033333333333335,93.0,45.0,35.58,-0.8331829385891785,0.5529974600700271
0.0,0.0,0.0,1.0,2714.03,1467.2814285714287,18.0,201.0,27.2,89.0,43.0,34.26,-0.8235472349556007,0.5672476988027229
0.0,0.0,0.0,1.0,2407.1,1612.0214285714287,42.0,190.0,28.033333333333335,37.0,43.0,28.22,-0.8035476485339116,0.5952404359043674
0.0,0.0,0.0,1.0,678.6,1504.9842857142855,21.0,179.0,28.733333333333334,98.0,40.0,19.22,-0.7931896839451843,0.6089746507720486
0.0,0.0,0.0,1.0,1168.08,1606.9014285714286,58.0,87.0,29.233333333333334,85.0,39.0,26.99,-0.7825970017677834,0.6225286602431057
0.0,0.0,0.0,1.0,1422.28,1739.3185714285714,49.0,145.0,29.566666666666666,82.0,43.0,23.89,-0.7717727365467836,0.6358984534680745
0.0,0.0,0.0,1.0,4021.17,2101.597142857143,3.0,297.0,29.666666666666668,99.0,49.0,29.76,-0.7494423368521954,0.6620696215153815
0.0,0.0,0.0,1.0,2680.01,2155.8957142857143,1.0,281.0,25.9,20.0,48.0,31.55,-0.7262249146041543,0.6874571793269664
0.0,0.0,0.0,1.0,1300.24,1953.9257142857143,46.0,178.0,27.3,85.0,44.0,26.67,-0.6897960046655887,0.7240037789593305
0.0,0.0,0.0,1.0,1840.55,1872.99,48.0,175.0,28.633333333333333,94.0,46.0,21.15,-0.6772399381909491,0.7357622347736527
0.0,0.0,0.0,1.0,1312.08,1963.4871428571428,44.0,117.0,30.033333333333335,113.0,43.0,23.37,-0.6644834655228552,0.7473029667054296
0.0,0.0,0.0,1.0,1703.44,2039.967142857143,24.0,179.0,30.833333333333332,85.0,44.0,21.46,-0.6250496486104377,0.7805849965070866
0.0,0.0,0.0,1.0,1203.84,2008.7614285714285,74.0,192.0,32.733333333333334,82.0,48.0,12.6,-0.6115298757991053,0.7912213413483807
0.0,0.0,0.0,1.0,702.44,1534.6571428571428,21.0,170.0,31.8,90.0,46.0,22.57,-0.5699010576127624,0.8217133225960589
0.0,0.0,0.0,1.0,1850.62,1416.172857142857,19.0,147.0,31.6,96.0,41.0,31.74,-0.5556819724760489,0.8313949395234058
0.0,0.0,0.0,1.0,1919.61,1504.6542857142856,27.0,142.0,31.033333333333335,36.0,45.0,23.61,-0.5412984521036173,0.8408305333122887
0.0,0.0,0.0,1.0,552.5,1320.6471428571426,29.0,169.0,32.0,95.0,44.0,23.77,-0.5267547528105542,0.8500173118187018
0.0,0.0,0.0,1.0,4286.7,1745.5928571428572,22.0,112.0,31.033333333333335,87.0,46.0,24.29,-0.4972040784469378,0.8676336233547726
0.0,0.0,0.0,1.0,1415.71,1704.4885714285713,38.0,133.0,32.233333333333334,87.0,48.0,20.4,-0.4822058478963526,0.8760579434344281
0.0,0.0,0.0,1.0,5102.38,2261.422857142857,0.0,168.0,31.4,86.0,49.0,23.43,-0.46706492487743034,0.8842230238742036
0.0,0.0,0.0,1.0,1370.2,2356.817142857143,10.0,147.0,30.7,91.0,43.0,25.77,-0.451785789832884,0.8921264484954345
0.0,0.0,0.0,1.0,1512.53,2308.5185714285712,2.0,138.0,28.9,24.0,46.0,21.5,-0.4363729641045924,0.8997658785476209
0.0,0.0,0.0,1.0,348.3,2084.0457142857144,22.0,113.0,29.633333333333333,80.0,41.0,13.94,-0.42083100859565564,0.9071390534005044
0.0,0.0,0.0,1.0,696.88,2104.6714285714284,29.0,106.0,29.933333333333334,93.0,48.0,16.29,-0.4051645224207563,0.9142437912130223
0.0,0.0,0.0,1.0,1022.63,1638.3757142857144,8.0,123.0,29.1,96.0,42.0,25.67,-0.3893781415452015,0.9210779895789526
0.0,0.0,0.0,1.0,1540.0,1656.1314285714288,79.0,109.0,30.1,74.0,46.0,8.05,-0.37347653741307074,0.9276396261490467
0.0,0.0,0.0,1.0,396.34,983.84,32.0,155.0,29.4,28.0,48.0,23.86,-0.3251276029999093,0.9456701548465688
0.0,0.0,0.0,1.0,454.24,852.9885714285714,0.0,185.0,25.633333333333333,91.0,44.0,25.9,-0.30881248126625377,0.9511229423235357
0.0,0.0,0.0,1.0,1543.84,857.4614285714285,0.0,141.0,25.633333333333333,78.0,51.0,28.92,-0.27591294500296043,0.9611826292540837
0.0,0.0,0.0,1.0,1579.2,1033.3042857142857,109.0,133.0,29.166666666666668,82.0,46.0,10.82,-0.2593382659754056,0.9657865518844574
0.0,0.0,0.0,1.0,594.29,1018.6485714285715,19.0,163.0,29.8,96.0,40.0,26.03,-0.2426868445825954,0.9701046827361175
0.0,0.0,0.0,1.0,1549.38,1093.8985714285714,0.0,167.0,29.2,29.0,47.0,26.83,-0.20917350564635637,0.9778785428342386
0.0,0.0,0.0,1.0,2542.15,1237.0628571428572,2.0,135.0,27.866666666666667,78.0,44.0,24.81,-0.19232150523909483,0.9813319716704275
0.0,0.0,0.0,1.0,1267.42,1361.5028571428572,61.0,137.0,29.2,112.0,48.0,9.62,-0.17541259380427843,0.9844950085880858
0.0,0.0,0.0,1.0,722.26,1399.7914285714287,30.0,191.0,28.266666666666666,94.0,43.0,19.47,-0.15845177496083632,0.9873667175937016
0.0,0.0,0.0,1.0,1171.2,1346.5571428571427,0.0,221.0,26.633333333333333,103.0,45.0,21.86,-0.14144406768794202,0.9899462489023779
0.0,0.0,0.0,1.0,5482.58,1904.182857142857,29.0,166.0,27.5,38.0,37.0,22.32,-0.09019000427034513,0.9959245770286599
0.0,0.0,0.0,1.0,508.8,1891.9699999999998,0.0,195.0,27.466666666666665,100.0,40.0,24.73,-0.07304518821104743,0.9973286321364752
0.0,0.0,0.0,1.0,1570.36,1894.967142857143,40.0,193.0,27.266666666666666,104.0,49.0,20.16,-0.05587875690537313,0.9984375616565666
0.0,0.0,0.0,1.0,1404.99,1732.5157142857145,31.0,166.0,26.7,97.0,47.0,19.19,-0.021501372740813793,0.999768818762748
0.0,0.0,0.0,1.0,1757.26,1802.4928571428572,34.0,197.0,26.366666666666667,83.0,47.0,20.51,-0.004300592702981974,0.9999907524084426
0.0,0.0,0.0,1.0,1148.85,1863.4342857142856,1.0,197.0,25.6,80.0,46.0,19.89,0.017201575418260506,0.9998520419557735
0.0,0.0,0.0,1.0,1525.93,1914.11,17.0,159.0,23.7,42.0,40.0,16.57,0.03439806061360801,0.9994082116062598
0.0,0.0,0.0,1.0,3182.04,1585.4614285714285,0.0,147.0,23.0,89.0,52.0,16.89,0.051584366869408364,0.9986686402879997
0.0,0.0,0.0,1.0,3461.16,2007.2271428571428,19.0,147.0,23.0,97.0,41.0,20.04,0.06875540848113941,0.9976335468520451
0.0,0.0,0.0,1.0,1735.72,2030.85,0.0,126.0,22.1,100.0,42.0,20.33,0.08590610426133272,0.9963032375991965
0.0,0.0,0.0,1.0,1341.78,2021.8199999999997,21.0,102.0,21.833333333333332,90.0,44.0,11.63,0.10303137904317879,0.9946781061893646
0.0,0.0,0.0,1.0,680.55,1868.0042857142855,20.0,59.0,21.766666666666666,35.0,42.0,21.26,0.1542040475626894,0.988039023376751
0.0,0.0,0.0,1.0,476.16,1771.905714285714,3.0,62.0,20.6,71.0,50.0,16.21,0.17117705961019986,0.985240282501282
0.0,0.0,0.0,1.0,805.7,1669.015714285714,25.0,47.0,21.433333333333334,96.0,47.0,14.32,0.20496611396949532,0.9787690698649216
0.0,0.0,0.0,1.0,4793.38,1899.2071428571428,5.0,59.0,21.266666666666666,96.0,47.0,19.09,0.23851257519407648,0.9711394088771653
0.0,0.0,0.0,1.0,1255.61,1584.1285714285714,3.0,64.0,21.3,89.0,46.0,20.38,0.2551824131233728,0.9668929289391521
0.0,0.0,0.0,1.0,1206.31,1508.4985714285715,2.0,65.0,20.633333333333333,38.0,49.0,18.45,0.2717767384711357,0.9623603298276545
0.0,0.0,0.0,1.0,490.7,1386.915714285714,0.0,44.0,19.666666666666668,88.0,44.0,21.55,0.3047192331091634,0.9524422234305676
0.0,0.0,0.0,1.0,1713.88,1534.5342857142857,2.0,43.0,19.466666666666665,88.0,48.0,17.38,0.321057654185271,0.9470596510722283
0.0,0.0,0.0,1.0,1039.72,1615.042857142857,0.0,20.0,16.833333333333332,89.0,44.0,18.57,0.3373010691361842,0.9413968285264122
0.0,0.0,0.0,1.0,1090.98,1655.797142857143,0.0,7.0,15.766666666666667,75.0,47.0,19.83,0.3694836834473831,0.9292372181882051
0.0,0.0,0.0,1.0,1011.16,1115.4799999999998,0.0,8.0,15.766666666666667,83.0,50.0,14.36,0.4012289854475009,0.9159777842484877
0.0,0.0,0.0,1.0,840.36,1056.1585714285713,14.0,22.0,16.233333333333334,96.0,47.0,15.96,0.4324994021339788,0.901634220265486
0.0,0.0,0.0,1.0,1034.1,1031.5571428571427,0.0,34.0,12.6,94.0,49.0,21.39,0.44794493940789115,0.8940611451454876
0.0,0.0,0.0,1.0,1377.54,1158.2485714285713,0.0,34.0,11.966666666666667,85.0,42.0,19.79,0.4632579225674917,0.88622350294858
0.0,0.0,0.0,1.0,1084.89,1068.392857142857,0.0,34.0,11.966666666666667,96.0,48.0,20.65,0.4784338202547012,0.8781236129591848
0.0,0.0,0.0,1.0,1367.58,1115.2299999999998,0.0,5.0,11.9,85.0,42.0,10.68,0.5521013427459208,0.8337770129585915
0.0,0.0,0.0,1.0,904.12,1088.5357142857142,0.0,5.0,9.866666666666667,76.0,51.0,13.59,0.5663619330814524,0.8241566360566663
0.0,0.0,0.0,1.0,723.1,1047.3842857142856,12.0,5.0,9.266666666666667,73.0,49.0,12.16,0.580454927809098,0.8142923779467267
0.0,0.0,0.0,1.0,603.84,1013.5957142857142,0.0,17.0,9.266666666666667,40.0,44.0,12.65,0.5943761565849831,0.804187157621448
0.0,0.0,0.0,1.0,333.96,913.5757142857143,6.0,16.0,8.5,81.0,43.0,12.58,0.6216868902665479,0.7832658619336791
0.0,0.0,0.0,1.0,1066.73,869.1742857142856,0.0,22.0,8.5,85.0,46.0,16.48,0.6350683134867438,0.7724559775191742
0.0,0.0,0.0,1.0,952.68,850.2871428571427,0.0,29.0,7.166666666666667,97.0,47.0,16.32,0.6612634749656386,0.7501537286959042
0.0,0.0,0.0,1.0,1068.53,807.5657142857142,0.0,18.0,6.133333333333334,39.0,51.0,13.85,0.6866759803451553,0.726963615332308
0.0,0.0,0.0,1.0,378.0,732.4057142857142,0.0,18.0,5.0,94.0,46.0,16.4,0.6990793005655562,0.7150441465537444
0.0,0.0,0.0,1.0,1025.43,775.5957142857142,7.0,8.0,5.2,85.0,40.0,14.44,0.7232617254437388,0.6905740195722293
0.0,0.0,0.0,1.0,773.01,799.7628571428569,3.0,15.0,4.733333333333333,89.0,40.0,15.54,0.7350336741329413,0.6780306024735382
0.0,0.0,0.0,1.0,878.21,877.5128571428569,0.0,51.0,4.733333333333333,87.0,45.0,15.16,0.7905633969115482,0.612380204990065
0.0,0.0,0.0,1.0,870.54,849.4857142857143,9.0,51.0,4.4,93.0,43.0,17.85,0.8009803309782905,0.5986906625177214
0.0,0.0,0.0,1.0,1062.4,865.1599999999999,0.0,53.0,4.4,97.0,50.0,14.53,0.8111602420785621,0.5848239578463322
0.0,0.0,0.0,1.0,986.3,853.4128571428571,10.0,50.0,4.033333333333333,93.0,45.0,16.09,0.8211001178128892,0.5707841943569036
0.0,0.0,0.0,1.0,972.4,938.3271428571427,0.0,39.0,3.3666666666666667,82.0,51.0,17.98,0.8307970168121247,0.5565755266413303
0.0,0.0,0.0,1.0,1024.43,938.1842857142856,0.0,35.0,3.2666666666666666,33.0,49.0,17.36,0.8402480696078469,0.5422021592729844
0.0,0.0,0.0,1.0,695.37,927.0928571428569,18.0,19.0,3.033333333333333,96.0,40.0,14.67,0.8494504794814806,0.527668345562516
0.0,0.0,0.0,1.0,858.88,924.3314285714284,0.0,37.0,2.8666666666666667,84.0,48.0,21.69,0.8584015232918917,0.512978386299228
0.0,0.0,0.0,1.0,1229.85,975.6614285714285,0.0,37.0,2.7666666666666666,85.0,44.0,22.45,0.8670985522812081,0.4981366284784055
0.0,0.0,0.0,1.0,1259.28,1003.7871428571427,0.0,28.0,2.7,92.0,47.0,19.86,0.8755389928586302,0.4831474640149687
0.0,0.0,0.0,1.0,1242.36,1040.3671428571427,25.0,23.0,3.533333333333333,87.0,45.0,14.15,0.8916401947968874,0.45274469960737107
0.0,0.0,0.0,1.0,1464.15,1110.6171428571429,0.0,48.0,3.466666666666667,39.0,48.0,23.46,0.8992961915530253,0.4373400963303323
0.0,0.0,0.0,1.0,622.2,1053.155714285714,5.0,48.0,3.6333333333333333,76.0,51.0,24.97,0.9066860720977985,0.4218060770826634
0.0,0.0,0.0,1.0,3959.58,1519.4714285714285,31.0,35.0,4.666666666666667,102.0,42.0,13.66,0.9138076496466615,0.4061472386305789
0.0,0.0,0.0,1.0,1307.59,1583.572857142857,0.0,66.0,4.666666666666667,104.0,41.0,22.36,0.9206588168102428,0.3903682146763026
0.0,0.0,0.0,1.0,1488.0,1620.4514285714286,0.0,66.0,4.2,88.0,41.0,21.52,0.9272375462179537,0.374473674486883
0.0,0.0,0.0,1.0,1559.1,1663.282857142857,13.0,66.0,4.633333333333334,85.0,43.0,18.86,0.9335418911179212,0.35846832151248087
0.0,0.0,0.0,1.0,1041.95,1634.6528571428569,59.0,68.0,6.6,74.0,49.0,16.64,0.9507903724625832,0.3098349038318025
0.0,0.0,0.0,1.0,843.24,1545.9514285714283,10.0,116.0,6.933333333333334,96.0,44.0,21.58,0.9608854255574977,0.27694620226893646
0.0,0.0,0.0,1.0,1336.44,1647.9857142857143,0.0,117.0,6.933333333333334,103.0,51.0,21.28,0.9738922359149924,0.22701082094141847
0.0,0.0,0.0,1.0,1556.32,1304.662857142857,0.0,98.0,6.933333333333334,24.0,47.0,20.96,0.9776530844816641,0.2102247521189836
0.0,0.0,0.0,1.0,337.01,1166.0085714285713,2.0,14.0,6.6,88.0,51.0,17.7,0.9871957872910085,0.15951325197263655
0.0,0.0,0.0,1.0,1098.39,1110.35,0.0,16.0,6.6,81.0,43.0,14.62,0.9941098647022418,0.10837701279187609
0.0,0.0,0.0,1.0,775.52,998.4099999999999,3.0,16.0,6.5,37.0,47.0,21.22,0.9958270335100595,0.09126072172931188
0.0,0.0,0.0,1.0,525.95,924.6957142857142,0.0,25.0,6.5,95.0,47.0,22.62,0.998376906467142,0.056952196034039754
0.0,0.0,0.0,1.0,2283.32,1130.4214285714284,0.0,23.0,6.5,84.0,44.0,22.89,0.9997451236925734,0.022576263041545485
0.0,0.0,0.0,1.0,1240.34,1116.692857142857,15.0,15.0,7.0,85.0,44.0,22.74,0.9999855506507186,0.005375731557583884
0.0,0.0,0.0,1.0,1237.12,1071.092857142857,12.0,24.0,7.4,83.0,43.0,20.99,0.9999300657962057,-0.011826390691832589
0.0,0.0,0.0,1.0,1132.3,1184.705714285714,6.0,36.0,7.366666666666666,35.0,45.0,22.46,0.9995786855478958,-0.029025013321975237
0.0,0.0,0.0,1.0,514.83,1101.34,0.0,39.0,7.266666666666667,90.0,47.0,23.49,0.9989315138848577,-0.046215046983708354
0.0,0.0,0.0,1.0,1426.95,1194.4014285714281,12.0,40.0,7.666666666666667,92.0,42.0,30.25,0.9952176027737294,-0.09768276782171598
0.0,0.0,0.0,1.0,2452.04,1469.5571428571425,0.0,52.0,7.366666666666666,87.0,46.0,23.9,0.9933900548258936,-0.11478762552212701
0.0,0.0,0.0,1.0,1424.12,1346.8142857142855,9.0,70.0,7.666666666666667,13.0,48.0,29.54,0.9888537064205885,-0.1488903868564548
0.0,0.0,0.0,1.0,622.28,1258.52,19.0,93.0,7.966666666666667,38.0,46.0,27.13,0.9831469737221499,-0.1828169249850199
0.0,0.0,0.0,1.0,670.15,1177.5242857142855,0.0,105.0,7.966666666666667,44.0,49.0,19.73,0.9798567700958665,-0.1997015525660636
0.0,0.0,0.0,1.0,964.26,1153.5185714285712,14.0,105.0,8.433333333333334,38.0,42.0,27.87,0.9762766110869321,-0.21652708524481437
0.0,0.0,0.0,1.0,667.17,1175.2814285714285,27.0,107.0,8.733333333333333,40.0,43.0,19.73,0.9724075561219968,-0.23328854407545518
0.0,0.0,0.0,1.0,508.91,1044.132857142857,30.0,134.0,9.733333333333333,40.0,44.0,20.23,0.9682507501166718,-0.2499809690726521
0.0,0.0,0.0,1.0,857.81,816.3857142857141,28.0,119.0,10.666666666666666,12.0,44.0,20.33,0.9638074231367307,-0.26659942067929354
0.0,0.0,0.0,1.0,158.6,635.5971428571428,0.0,138.0,10.666666666666666,30.0,47.0,23.27,0.9590788900341131,-0.28313898122818354
0.0,0.0,0.0,1.0,471.15,614.0071428571428,37.0,118.0,11.066666666666666,35.0,49.0,17.4,0.9540665500578387,-0.2995947563972602
0.0,0.0,0.0,1.0,1241.12,695.5742857142856,0.0,136.0,11.066666666666666,38.0,50.0,26.32,0.9487718864399473,-0.31596187665790293
0.0,0.0,0.0,1.0,2197.0,871.6799999999997,3.0,136.0,11.0,103.0,44.0,29.24,0.9431964659565866,-0.33223549871590435
0.0,0.0,0.0,1.0,1957.8,1056.055714285714,11.0,125.0,10.333333333333334,82.0,41.0,26.57,0.9373419384643772,-0.3484108069446808
0.0,0.0,0.0,1.0,1383.66,1181.02,191.0,109.0,16.7,88.0,45.0,8.78,0.9312100364121947,-0.3644830148102912
0.0,0.0,0.0,1.0,517.91,1132.462857142857,0.0,244.0,16.7,77.0,40.0,29.48,0.9181214482844364,-0.39629913726891813
0.0,0.0,0.0,1.0,1430.1,1314.105714285714,1.0,244.0,16.3,91.0,44.0,26.04,0.9111686353326631,-0.41203363695942635
0.0,0.0,0.0,1.0,1528.65,1465.1771428571428,25.0,208.0,15.166666666666666,94.0,46.0,17.11,0.9039461929224011,-0.42764620926777464
0.0,0.0,0.0,1.0,1061.28,1439.485714285714,0.0,233.0,14.833333333333334,90.0,49.0,28.9,0.8964562582905575,-0.44313223418263453
0.0,0.0,0.0,1.0,1807.7,1383.8714285714284,1.0,230.0,14.866666666666667,93.0,46.0,26.24,0.8887010478292915,-0.45848712914008766
0.0,0.0,0.0,1.0,1634.8,1337.7285714285713,2.0,220.0,14.933333333333334,86.0,46.0,21.27,0.8806828564301475,-0.47370635037968
0.0,0.0,0.0,1.0,1207.14,1312.5114285714285,6.0,31.0,15.066666666666666,51.0,44.0,32.57,0.8724040568049612,-0.48878539428899265
0.0,0.0,0.0,1.0,1096.26,1395.1328571428571,17.0,35.0,15.633333333333333,95.0,44.0,26.17,0.8638670987837349,-0.503719798736334
0.0,0.0,0.0,1.0,1603.47,1419.8999999999999,32.0,52.0,16.6,95.0,46.0,22.21,0.8550745085896932,-0.518505144391157
0.0,0.0,0.0,1.0,1392.6,1400.4642857142858,18.0,87.0,17.2,86.0,48.0,30.33,0.8174009818249189,-0.5760691233798758
0.0,0.0,0.0,1.0,1747.36,1498.475714285714,82.0,103.0,19.933333333333334,62.0,39.0,10.66,0.8073707443023492,-0.5900444739548627
0.0,0.0,0.0,1.0,409.82,1298.7785714285712,6.0,179.0,19.633333333333333,85.0,46.0,37.34,0.7971015927871943,-0.6038452208771035
0.0,0.0,0.0,1.0,2063.1,1359.9642857142856,19.0,168.0,19.866666666666667,95.0,45.0,32.95,0.7865965660866021,-0.6174672802835514
0.0,0.0,0.0,1.0,2869.8,1597.4871428571428,96.0,155.0,22.866666666666667,86.0,43.0,10.63,0.7758587728069828,-0.6309066211876704
0.0,0.0,0.0,1.0,589.53,1525.0971428571427,4.0,231.0,23.0,94.0,45.0,31.53,0.7648913904341225,-0.6441592666722685
0.0,0.0,0.0,1.0,1985.88,1579.7271428571428,4.0,226.0,22.733333333333334,94.0,48.0,30.13,0.753697664392914,-0.6572212950663319
0.0,0.0,0.0,1.0,2250.92,1702.3442857142857,3.0,229.0,22.833333333333332,100.0,46.0,29.7,0.742280907086982,-0.6700888411055113
0.0,0.0,0.0,1.0,2004.75,1739.1142857142856,2.0,214.0,22.6,37.0,45.0,29.38,0.7306444969184916,-0.6827580970759147
0.0,0.0,0.0,1.0,711.99,1782.2814285714285,9.0,134.0,22.266666666666666,92.0,43.0,37.16,0.7187918772884232,-0.6952253139408722
0.0,0.0,0.0,1.0,2171.07,1797.705714285714,30.0,137.0,23.266666666666666,103.0,51.0,27.1,0.7067265555776158,-0.7074868024503348
0.0,0.0,0.0,1.0,1925.79,1662.847142857143,36.0,148.0,24.0,92.0,44.0,22.86,0.6944521021088763,-0.719538934232584
0.0,0.0,0.0,1.0,1356.43,1772.4042857142856,36.0,88.0,24.3,124.0,46.0,26.52,0.6819721490904629,-0.7313781428679254
0.0,0.0,0.0,1.0,2835.08,1893.7185714285715,0.0,120.0,23.3,117.0,45.0,31.69,0.6692903895412567,-0.7430009249440493
0.0,0.0,0.0,1.0,2447.28,1921.7700000000002,30.0,116.0,23.366666666666667,88.0,43.0,29.78,0.6564105761979381,-0.7544038410927472
0.0,0.0,0.0,1.0,1703.65,1878.7557142857142,39.0,143.0,24.666666666666668,68.0,45.0,24.12,0.6433365204044917,-0.765583517007675
0.0,0.0,0.0,1.0,1082.4,1931.6714285714284,7.0,180.0,23.666666666666668,104.0,45.0,35.79,0.6300720909843687,-0.7765366444428655
0.0,0.0,0.0,1.0,2419.3,1967.1328571428571,29.0,178.0,24.633333333333333,106.0,46.0,21.55,0.6166212130956382,-0.7872599821916922
0.0,0.0,0.0,1.0,3126.7,2138.6914285714283,5.0,177.0,24.7,89.0,48.0,36.22,0.6029878670694714,-0.7977503570459932
0.0,0.0,0.0,1.0,4899.32,2644.8185714285714,0.0,146.0,24.333333333333332,98.0,49.0,33.84,0.5891760872322963,-0.8080046647350754
0.0,0.0,0.0,1.0,5551.04,3032.812857142857,0.0,110.0,17.966666666666665,94.0,48.0,35.99,0.5751899607119775,-0.8180198708443174
0.0,0.0,0.0,1.0,2317.36,3014.252857142857,6.0,94.0,18.166666666666668,44.0,44.0,35.57,0.5467112728685939,-0.8373211953118121
0.0,0.0,0.0,1.0,1017.25,2916.195714285714,18.0,79.0,18.733333333333334,106.0,41.0,28.42,0.5027907197793043,-0.8644081744776648
0.0,0.0,0.0,1.0,2411.12,3106.0128571428572,0.0,92.0,17.9,99.0,42.0,26.9,0.4878471454423119,-0.8729290708206411
0.0,0.0,0.0,1.0,1717.63,3005.7742857142853,6.0,92.0,18.1,79.0,42.0,35.59,0.47275920928627757,-0.881191653407483
0.0,0.0,0.0,1.0,1813.74,2818.2085714285713,15.0,98.0,18.566666666666666,81.0,49.0,27.04,0.4575313760742512,-0.8891934772070711
0.0,0.0,0.0,1.0,1489.2,2331.048571428571,32.0,99.0,19.566666666666666,48.0,44.0,26.17,0.44216815196707204,-0.8969321743510065
0.0,0.0,0.0,1.0,1195.4,1708.8142857142855,30.0,125.0,20.366666666666667,124.0,43.0,19.38,0.42667408318992467,-0.9044054548343001
0.0,0.0,0.0,1.0,5431.97,2153.7585714285715,15.0,101.0,20.3,108.0,45.0,32.44,0.4110537546870351,-0.9116111071930239
0.0,0.0,0.0,1.0,2294.47,2336.218571428571,13.0,141.0,19.666666666666668,112.0,48.0,28.43,0.36348161248290634,-0.9316013725767187
0.0,0.0,0.0,1.0,2149.2,2298.8014285714285,34.0,139.0,20.2,43.0,44.0,23.0,0.3312212278016865,-0.9435531242349544
0.0,0.0,0.0,1.0,647.8,2145.968571428571,112.0,141.0,21.2,109.0,46.0,8.94,0.31494162072895193,-0.9491110448902284
0.0,0.0,0.0,1.0,647.71,1979.392857142857,0.0,223.0,21.0,110.0,47.0,35.6,0.2985688173637202,-0.9543881083175908
0.0,0.0,0.0,1.0,2967.3,2190.5499999999997,1.0,228.0,20.4,88.0,45.0,31.49,0.26556302780405594,-0.9640935007889755
0.0,0.0,0.0,1.0,1828.86,2281.0442857142857,16.0,200.0,17.733333333333334,46.0,44.0,29.5,0.21547731504673012,-0.976508846196619
0.0,0.0,0.0,1.0,868.48,1629.1171428571427,11.0,182.0,17.966666666666665,108.0,50.0,24.88,0.19864794288017112,-0.9800709131432666
0.0,0.0,0.0,1.0,1854.03,1566.1971428571426,0.0,81.0,17.833333333333332,115.0,43.0,26.28,0.18175978759137534,-0.9833429613388902
0.0,0.0,0.0,1.0,4704.1900000000005,1931.195714285714,32.0,96.0,18.8,101.0,41.0,22.38,0.14782713347053048,-0.9890132145779883
0.0,0.0,0.0,1.0,1412.5,2040.4385714285713,14.0,140.0,19.2,38.0,44.0,32.84,0.0966127018812031,-0.9953220513156602
0.0,0.0,0.0,1.0,804.96,2062.9028571428566,23.0,160.0,19.666666666666668,97.0,49.0,30.67,0.062318379354325076,-0.998056320853012
0.0,0.0,0.0,1.0,2606.13,2011.3071428571425,0.0,174.0,18.666666666666668,83.0,46.0,19.48,0.01075130776352193,-0.9999422030204416
0.0,0.0,0.0,1.0,1465.56,1959.4071428571426,8.0,173.0,17.733333333333334,93.0,42.0,25.24,-0.00645086419810515,-0.9999791929590823
0.0,0.0,0.0,1.0,1455.14,2043.215714285714,0.0,146.0,16.533333333333335,36.0,47.0,22.86,-0.023651127245231586,-0.9997202729664083
0.0,0.0,0.0,1.0,555.53,1857.7157142857143,15.0,132.0,17.033333333333335,103.0,46.0,18.58,-0.04084439154329611,-0.9991655196610109
0.0,0.0,0.0,1.0,3774.81,1724.9471428571428,0.0,91.0,16.033333333333335,88.0,42.0,23.18,-0.07518957641475855,-0.9971692572470178
0.0,0.0,0.0,1.0,1816.0,1782.5899999999997,0.0,85.0,14.733333333333333,94.0,46.0,25.69,-0.09233133369539122,-0.9957283388645872
0.0,0.0,0.0,1.0,1642.2,1902.195714285714,0.0,23.0,14.5,86.0,42.0,20.97,-0.10944576864891556,-0.993992768446958
0.0,0.0,0.0,1.0,1162.93,1696.0242857142855,23.0,22.0,14.3,39.0,43.0,17.46,-0.1435724234118113,-0.9896398128792412
0.0,0.0,0.0,1.0,439.25,1549.408571428571,12.0,116.0,14.533333333333333,114.0,41.0,26.31,-0.17752914918703497,-0.984115542601034
0.0,0.0,0.0,1.0,2767.37,1736.8699999999997,9.0,128.0,14.833333333333334,88.0,44.0,26.43,-0.19443122004766195,-0.9809161537413774
0.0,0.0,0.0,1.0,1511.9,1873.4942857142853,0.0,137.0,14.833333333333334,86.0,52.0,19.19,-0.2112757555821793,-0.9774264960104055
0.0,0.0,0.0,1.0,3388.5,1818.3071428571425,0.0,137.0,14.633333333333333,92.0,45.0,23.89,-0.2280577712215198,-0.9736476020539838
0.0,0.0,0.0,1.0,1439.69,1764.5485714285712,0.0,145.0,14.033333333333333,37.0,47.0,21.68,-0.2614143985111562,-0.965226663665613
0.0,0.0,0.0,1.0,851.35,1651.5699999999997,0.0,122.0,14.033333333333333,89.0,47.0,25.3,-0.2779791393987801,-0.9605871111248129
0.0,0.0,0.0,1.0,1542.62,1705.811428571428,7.0,36.0,14.066666666666666,91.0,48.0,21.0,-0.2944616217868012,-0.9556633054034704
0.0,0.0,0.0,1.0,1289.93,1827.3371428571425,15.0,29.0,14.066666666666666,89.0,49.0,20.37,-0.34336687399638804,-0.939201357453208
0.0,0.0,0.0,1.0,1232.84,1608.1185714285712,20.0,44.0,13.666666666666666,79.0,48.0,24.05,-0.3594718130884232,-0.9331559438780432
0.0,0.0,0.0,1.0,1982.5,1675.3471428571427,3.0,49.0,12.766666666666667,94.0,49.0,19.06,-0.4071294853542516,-0.9133704517637858
0.0,0.0,0.0,1.0,2077.52,1488.0642857142855,3.0,45.0,12.366666666666667,83.0,48.0,21.83,-0.4227806579826773,-0.9062320427107697
0.0,0.0,0.0,1.0,1232.16,1458.4171428571426,16.0,41.0,12.466666666666667,80.0,50.0,26.54,-0.4383067230125192,-0.898825465016444
0.0,0.0,0.0,1.0,1475.49,1547.5799999999997,14.0,57.0,11.8,99.0,47.0,24.23,-0.45370308603134424,-0.8911529104063088
0.0,0.0,0.0,1.0,1607.33,1556.8242857142855,0.0,56.0,8.066666666666666,69.0,45.0,21.93,-0.46896519100763184,-0.8832166493127127
0.0,0.0,0.0,1.0,1006.15,1516.2842857142855,12.0,57.0,8.466666666666667,97.0,47.0,18.25,-0.5139010013093103,-0.8578494977869301
0.0,0.0,0.0,1.0,1177.05,1508.3142857142852,27.0,66.0,9.333333333333334,89.0,42.0,14.17,-0.5285813283559292,-0.8488826652214553
0.0,0.0,0.0,1.0,781.82,1336.7885714285712,33.0,95.0,9.9,106.0,43.0,16.6,-0.5574684374327892,-0.8301981337405212
0.0,0.0,0.0,1.0,3399.0,1525.5714285714282,0.0,132.0,9.533333333333333,81.0,49.0,19.21,-0.5995514915196489,-0.8003361849976323
0.0,0.0,0.0,1.0,1065.86,1501.8142857142852,14.0,124.0,10.0,85.0,47.0,17.96,-0.6267266965083301,-0.7792391467859886
0.0,0.0,0.0,1.0,1405.46,1491.8099999999997,36.0,111.0,10.133333333333333,87.0,53.0,14.95,-0.6400381082043503,-0.7683431655492202
0.0,0.0,0.0,1.0,910.7,1392.2914285714282,26.0,126.0,10.533333333333333,88.0,40.0,19.72,-0.65316012232693,-0.7572198192083127
0.0,0.0,0.0,1.0,1067.03,1400.9885714285713,30.0,108.0,10.766666666666667,44.0,41.0,20.64,-0.6788204829862355,-0.734304263829602
0.0,0.0,0.0,1.0,576.58,1315.2071428571428,12.0,134.0,11.166666666666666,89.0,46.0,21.58,-0.6913512362094071,-0.722518835873311
0.0,0.0,0.0,1.0,1287.07,1387.385714285714,23.0,146.0,11.666666666666666,89.0,45.0,13.69,-0.7036774074790128,-0.7105196029692745
0.0,0.0,0.0,1.0,1538.7,1121.6285714285711,9.0,140.0,11.966666666666667,82.0,49.0,19.96,-0.7277014757264236,-0.6858939875998223
0.0,0.0,0.0,1.0,1129.53,1130.7242857142853,0.0,113.0,11.466666666666667,82.0,44.0,24.07,-0.7393922635959241,-0.673274892250183
0.0,0.0,0.0,1.0,1302.84,1116.0642857142855,0.0,87.0,11.466666666666667,82.0,43.0,17.33,-0.7508642533989489,-0.6604565640279754
0.0,0.0,0.0,1.0,916.55,1116.8999999999996,2.0,63.0,11.533333333333333,77.0,47.0,18.45,-0.7731383255706026,-0.6342374393978054
0.0,0.0,0.0,1.0,973.39,1103.5228571428568,0.0,53.0,11.533333333333333,77.0,46.0,22.97,-0.7839338166829201,-0.620844401650647
0.0,0.0,0.0,1.0,1194.08,1191.7371428571425,12.0,30.0,11.166666666666666,70.0,47.0,23.87,-0.7944973291665992,-0.6072676460566135
0.0,0.0,0.0,1.0,1119.57,1167.8085714285712,12.0,61.0,11.166666666666666,88.0,43.0,24.36,-0.8149159841660791,-0.5795791048257612
0.0,0.0,0.0,1.0,2184.16,1260.0171428571425,37.0,73.0,12.1,37.0,45.0,19.84,-0.8343701235229538,-0.5512045872199277
0.0,0.0,0.0,1.0,480.77,1167.3371428571425,18.0,101.0,12.7,83.0,49.0,24.64,-0.8437282590292712,-0.5367705514607103
0.0,0.0,0.0,1.0,2198.6,1295.3028571428567,0.0,117.0,12.7,101.0,48.0,17.51,-0.8528367217694595,-0.522177676659508
0.0,0.0,0.0,1.0,1211.77,1337.4771428571426,19.0,109.0,13.333333333333334,88.0,50.0,26.85,-0.8702939222685674,-0.49253272872205434
0.0,0.0,0.0,1.0,1618.66,1429.658571428571,0.0,83.0,13.333333333333334,81.0,43.0,24.93,-0.886721063082993,-0.46230483047981086
0.0,0.0,0.0,1.0,2001.16,1544.955714285714,57.0,77.0,15.0,94.0,45.0,20.32,-0.9231578729647039,-0.38442104726885545
0.0,0.0,0.0,1.0,1251.05,1563.7385714285708,12.0,115.0,14.9,80.0,42.0,23.41,-0.9296339319682695,-0.3684843993077793
0.0,0.0,0.0,1.0,1208.09,1424.2999999999997,0.0,122.0,14.233333333333333,90.0,48.0,21.53,-0.9358348973349941,-0.35243871088460327
0.0,0.0,0.0,1.0,1298.46,1541.112857142857,19.0,171.0,14.766666666666667,99.0,44.0,18.95,-0.9474042892438845,-0.32003923622313857
0.0,0.0,0.0,1.0,1219.4,1401.2271428571426,28.0,174.0,15.6,85.0,44.0,21.54,-0.9578523554276669,-0.28726097055059635
0.0,0.0,0.0,1.0,1181.0,1396.8314285714282,44.0,197.0,16.533333333333335,88.0,43.0,19.36,-0.9626519747161487,-0.2707418984477642
0.0,0.0,0.0,1.0,1099.08,1322.605714285714,0.0,216.0,16.066666666666666,35.0,47.0,24.17,-0.9753363880767837,-0.2207236509605022
0.0,0.0,0.0,1.0,571.05,1118.3042857142855,0.0,150.0,16.066666666666666,90.0,51.0,26.43,-0.9789888737409319,-0.20391367068311472
0.0,0.0,0.0,1.0,1677.2,1179.182857142857,50.0,121.0,17.333333333333332,87.0,45.0,20.05,-0.9854237542919524,-0.17011767832049052
0.0,0.0,0.0,1.0,1812.32,1265.5014285714283,0.0,143.0,16.433333333333334,83.0,50.0,19.17,-0.9882042449941422,-0.15314166701312007
0.0,0.0,0.0,1.0,1121.66,1240.2442857142855,7.0,99.0,15.566666666666666,79.0,45.0,26.37,-0.9906923101615609,-0.13612033862266704
0.0,0.0,0.0,1.0,3937.37,1628.525714285714,0.0,77.0,15.566666666666666,81.0,46.0,22.28,-0.9928872135356962,-0.11905873003404988
0.0,0.0,0.0,1.0,1566.35,1683.5757142857142,3.0,87.0,15.2,68.0,44.0,27.76,-0.9963950238187231,-0.08483487790576538
0.0,0.0,0.0,1.0,1246.08,1704.5757142857142,10.0,90.0,14.333333333333334,100.0,46.0,19.02,-0.9977068927101168,-0.06768276175455162
0.0,0.0,0.0,1.0,1245.81,1800.9699999999998,41.0,47.0,14.833333333333334,79.0,43.0,18.23,-0.9994446170919858,-0.033323525711631344
0.0,0.0,0.0,1.0,4738.6,2238.312857142857,12.0,88.0,14.233333333333333,88.0,47.0,20.55,-0.9998699583618592,-0.016126573270657762
0.0,0.0,0.0,1.0,4327.28,2597.5928571428567,28.0,93.0,14.766666666666667,91.0,42.0,28.19,-0.9999994220246925,0.001075151282798226
0.0,0.0,0.0,1.0,2020.6,2726.0128571428572,17.0,121.0,14.566666666666666,33.0,44.0,25.48,-0.999832969770105,0.018276557681691223
0.0,0.0,0.0,1.0,893.45,2291.1671428571426,0.0,113.0,14.266666666666667,81.0,49.0,24.7,-0.9993706508539969,0.03547255575312556
0.0,0.0,0.0,1.0,1380.69,2264.6442857142856,0.0,166.0,14.266666666666667,88.0,39.0,28.33,-0.9975590477788613,0.06982797572987089
0.0,0.0,0.0,1.0,3939.59,2649.4314285714286,16.0,150.0,14.8,101.0,46.0,31.47,-0.9945667569706337,0.1041007489354256
0.0,0.0,0.0,1.0,2944.26,2892.0671428571427,16.0,154.0,15.266666666666667,90.0,39.0,23.92,-0.9926289059345095,0.121193461470736
0.0,0.0,0.0,1.0,2177.8,2526.238571428571,9.0,125.0,15.566666666666666,84.0,44.0,31.32,-0.9878726596350429,0.15526624985999563
0.0,0.0,0.0,1.0,1710.15,2152.362857142857,33.0,134.0,16.266666666666666,99.0,45.0,25.2,-0.9850556718215013,0.172236243027682
0.0,0.0,0.0,1.0,1646.7,2098.9485714285715,16.0,101.0,16.4,94.0,44.0,30.24,-0.981947190186646,0.18915526872004093
0.0,0.0,0.0,1.0,2183.52,2283.2442857142855,21.0,120.0,15.866666666666667,73.0,43.0,19.78,-0.9748595108374125,0.22282040779479959
0.0,0.0,0.0,1.0,1259.8200000000002,2265.9771428571426,61.0,125.0,17.3,88.0,44.0,9.27,-0.9708824104813836,0.23955655912092708
0.0,0.0,0.0,1.0,3814.4,2248.092857142857,32.0,170.0,18.366666666666667,47.0,47.0,23.53,-0.9666180104000972,0.2562218218071163
0.0,0.0,0.0,1.0,752.08,1934.9242857142856,26.0,202.0,18.6,78.0,44.0,21.64,-0.9620675724981452,0.27281126433401914
0.0,0.0,0.0,1.0,1063.44,1775.7299999999998,3.0,219.0,18.7,95.0,50.0,26.36,-0.957232443323312,0.28931997761869527
0.0,0.0,0.0,1.0,1740.28,1780.0342857142855,25.0,189.0,17.633333333333333,80.0,45.0,24.29,-0.9521140536681102,0.3057430764672831
0.0,0.0,0.0,1.0,2073.95,1841.0699999999997,46.0,198.0,18.766666666666666,101.0,41.0,20.7,-0.9467139181463862,0.3220757010206104
0.0,0.0,0.0,1.0,1306.88,1715.8357142857142,11.0,214.0,19.133333333333333,96.0,45.0,22.76,-0.9410336347451197,0.3383130181923076
0.0,0.0,0.0,1.0,1409.33,1737.1942857142853,5.0,204.0,18.666666666666668,80.0,52.0,23.21,-0.9350748843515574,0.3544502230989869
0.0,0.0,0.0,1.0,1337.04,1383.285714285714,59.0,131.0,19.7,81.0,39.0,26.4,-0.9223291176290545,0.3864052261209853
0.0,0.0,0.0,1.0,1325.56,1465.2114285714283,73.0,164.0,20.666666666666668,90.0,47.0,13.21,-0.9155458729775467,0.40221356823680365
0.0,0.0,0.0,1.0,2904.63,1728.2385714285713,21.0,168.0,21.366666666666667,84.0,38.0,20.85,-0.8935790198239952,0.4489059314938798
0.0,0.0,0.0,1.0,1050.6,1629.7128571428568,2.0,218.0,21.433333333333334,39.0,51.0,27.49,-0.8776087166898392,0.4793776594606945
0.0,0.0,0.0,1.0,1465.4,1542.7771428571427,24.0,82.0,20.566666666666666,92.0,43.0,23.02,-0.8517119107469189,0.5240103253675756
0.0,0.0,0.0,1.0,1678.11,1595.8099999999995,24.0,103.0,21.366666666666667,88.0,44.0,18.99,-0.8425720899866032,0.5385835804920232
0.0,0.0,0.0,1.0,1453.15,1602.0699999999997,22.0,125.0,21.866666666666667,89.0,50.0,24.11,-0.8331829385891785,0.5529974600700271
0.0,0.0,0.0,1.0,1470.01,1621.0657142857142,32.0,126.0,22.933333333333334,76.0,46.0,20.67,-0.8235472349556007,0.5672476988027229
0.0,0.0,0.0,1.0,3636.57,1951.2099999999998,39.0,156.0,24.133333333333333,93.0,43.0,22.04,-0.8035476485339116,0.5952404359043674
0.0,0.0,0.0,1.0,1342.75,1728.0842857142854,3.0,229.0,23.9,95.0,50.0,31.73,-0.7825970017677834,0.6225286602431057
0.0,0.0,0.0,1.0,2094.73,1877.245714285714,31.0,208.0,23.566666666666666,86.0,45.0,18.7,-0.7717727365467836,0.6358984534680745
0.0,0.0,0.0,1.0,1673.12,1906.9199999999998,10.0,215.0,23.5,84.0,42.0,28.49,-0.7607200913564104,0.6490800741100398
0.0,0.0,0.0,1.0,1507.59,1882.5599999999997,14.0,246.0,23.033333333333335,37.0,42.0,31.19,-0.7379428103031386,0.6748632518680403
0.0,0.0,0.0,1.0,732.79,1779.6514285714281,2.0,215.0,22.533333333333335,84.0,46.0,29.75,-0.7262249146041543,0.6874571793269664
0.0,0.0,0.0,1.0,1661.84,1807.0557142857142,7.0,210.0,22.766666666666666,87.0,47.0,29.56,-0.6897960046655887,0.7240037789593305
0.0,0.0,0.0,1.0,1723.24,1533.7228571428568,27.0,193.0,23.666666666666668,98.0,44.0,25.7,-0.6644834655228552,0.7473029667054296
0.0,0.0,0.0,1.0,2019.76,1630.438571428571,37.0,145.0,24.366666666666667,29.0,44.0,24.76,-0.6515303615068021,0.75862255966641
0.0,0.0,0.0,1.0,459.52,1396.8371428571425,2.0,211.0,23.9,99.0,50.0,28.83,-0.6250496486104377,0.7805849965070866
0.0,0.0,0.0,1.0,1983.53,1441.1814285714283,99.0,135.0,26.9,78.0,49.0,10.88,-0.6115298757991053,0.7912213413483807
0.0,0.0,0.0,1.0,577.32,1308.285714285714,7.0,228.0,26.033333333333335,94.0,44.0,23.29,-0.5839514998576998,0.8117885474764613
0.0,0.0,0.0,1.0,1422.85,1406.865714285714,3.0,218.0,25.6,88.0,50.0,27.53,-0.5699010576127624,0.8217133225960589
0.0,0.0,0.0,1.0,1671.87,1408.2985714285712,0.0,225.0,24.9,99.0,45.0,25.42,-0.5412984521036173,0.8408305333122887
0.0,0.0,0.0,1.0,1673.81,1401.2371428571425,11.0,180.0,23.233333333333334,75.0,44.0,25.75,-0.5267547528105542,0.8500173118187018
0.0,0.0,0.0,1.0,1604.15,1341.8642857142854,26.0,189.0,23.033333333333335,99.0,48.0,19.9,-0.5120551783114646,0.8589525565270845
0.0,0.0,0.0,1.0,5150.75,2012.0399999999997,24.0,116.0,22.966666666666665,98.0,50.0,21.81,-0.4972040784469378,0.8676336233547726
0.0,0.0,0.0,1.0,1485.22,1940.8528571428567,87.0,188.0,25.766666666666666,30.0,46.0,8.67,-0.451785789832884,0.8921264484954345
0.0,0.0,0.0,1.0,174.2,1883.2642857142855,2.0,219.0,25.0,93.0,49.0,24.59,-0.42083100859565564,0.9071390534005044
0.0,0.0,0.0,1.0,1600.9,1908.6999999999996,13.0,210.0,23.9,101.0,49.0,20.17,-0.4051645224207563,0.9142437912130223
0.0,0.0,0.0,1.0,4749.35,2348.3399999999997,2.0,197.0,23.6,75.0,49.0,19.85,-0.3893781415452015,0.9210779895789526
0.0,0.0,0.0,1.0,1027.41,2255.9971428571425,0.0,175.0,23.433333333333334,94.0,48.0,25.55,-0.37347653741307074,0.9276396261490467
0.0,0.0,0.0,1.0,1657.38,2263.6014285714286,21.0,145.0,22.166666666666668,97.0,40.0,16.76,-0.3574644155648614,0.9339267592294762
0.0,0.0,0.0,1.0,1048.77,1677.6042857142854,12.0,137.0,20.133333333333333,40.0,41.0,20.02,-0.34134651424503615,0.9399375283564133
0.0,0.0,0.0,1.0,504.63,1537.52,0.0,62.0,19.433333333333334,97.0,45.0,20.12,-0.3251276029999093,0.9456701548465688
0.0,0.0,0.0,1.0,1787.6,1768.0057142857138,16.0,69.0,19.9,103.0,47.0,21.01,-0.27591294500296043,0.9611826292540837
0.0,0.0,0.0,1.0,1449.88,1746.4314285714283,0.0,135.0,19.1,84.0,45.0,23.8,-0.2426868445825954,0.9701046827361175
0.0,0.0,0.0,1.0,1329.34,1257.8585714285712,0.0,114.0,18.3,34.0,46.0,26.35,-0.22596360824801906,0.974135744004672
0.0,0.0,0.0,1.0,595.84,1196.205714285714,5.0,224.0,17.733333333333334,81.0,46.0,22.83,-0.17541259380427843,0.9844950085880858
0.0,0.0,0.0,1.0,1238.83,1136.4128571428569,56.0,205.0,18.533333333333335,75.0,47.0,15.84,-0.15845177496083632,0.9873667175937016
0.0,0.0,0.0,1.0,795.96,1100.2971428571425,1.0,245.0,17.266666666666666,92.0,49.0,25.24,-0.14144406768794202,0.9899462489023779
0.0,0.0,0.0,1.0,1602.18,1257.0899999999997,53.0,194.0,18.933333333333334,88.0,45.0,15.84,-0.12439450483979998,0.9922328391893008
0.0,0.0,0.0,1.0,2417.07,1347.0142857142855,4.0,252.0,18.033333333333335,72.0,49.0,23.86,-0.09019000427034513,0.9959245770286599
0.0,0.0,0.0,1.0,1194.01,1310.4614285714283,29.0,126.0,18.666666666666668,94.0,49.0,24.0,-0.07304518821104743,0.9973286321364752
0.0,0.0,0.0,1.0,1534.08,1339.7099999999996,29.0,102.0,19.166666666666668,77.0,48.0,17.66,-0.021501372740813793,0.999768818762748
0.0,0.0,0.0,1.0,918.0,1385.7328571428568,44.0,130.0,20.566666666666666,84.0,44.0,19.62,-0.004300592702981974,0.9999907524084426
0.0,0.0,0.0,1.0,1071.2,1361.785714285714,1.0,136.0,20.366666666666667,84.0,50.0,12.98,0.03439806061360801,0.9994082116062598
0.0,0.0,0.0,1.0,1439.0,1453.6485714285714,18.0,133.0,20.066666666666666,85.0,47.0,12.93,0.051584366869408364,0.9986686402879997
0.0,0.0,0.0,1.0,747.32,1331.525714285714,14.0,112.0,19.3,78.0,44.0,14.51,0.08590610426133272,0.9963032375991965
0.0,0.0,0.0,1.0,724.48,1089.7271428571426,0.0,126.0,19.233333333333334,105.0,52.0,12.26,0.10303137904317879,0.9946781061893646
0.0,0.0,0.0,1.0,920.21,1050.612857142857,18.0,97.0,16.533333333333335,79.0,43.0,14.44,0.1201261651823505,0.9927586335250793
0.0,0.0,0.0,1.0,724.53,934.9628571428568,10.0,71.0,16.633333333333333,43.0,43.0,12.86,0.13718540405660057,0.9905453876091833
0.0,0.0,0.0,1.0,821.45,921.1699999999997,1.0,61.0,16.566666666666666,78.0,40.0,13.33,0.1542040475626894,0.988039023376751
0.0,0.0,0.0,1.0,660.4,862.4842857142855,20.0,61.0,17.233333333333334,105.0,45.0,16.24,0.17117705961019986,0.985240282501282
0.0,0.0,0.0,1.0,1108.25,815.2342857142855,0.0,53.0,16.866666666666667,86.0,45.0,12.43,0.22177215755648186,0.975098513039961
0.0,0.0,0.0,1.0,700.2,808.5028571428569,3.0,53.0,16.1,85.0,46.0,16.34,0.23851257519407648,0.9711394088771653
0.0,0.0,0.0,1.0,937.58,838.945714285714,4.0,38.0,15.433333333333334,42.0,48.0,18.02,0.2551824131233728,0.9668929289391521
0.0,0.0,0.0,1.0,510.98,780.4842857142855,43.0,40.0,13.966666666666667,94.0,42.0,11.93,0.321057654185271,0.9470596510722283
0.0,0.0,0.0,1.0,723.05,780.2728571428569,18.0,95.0,14.5,70.0,47.0,17.16,0.38541335945432564,0.9227440286201427
0.0,0.0,0.0,1.0,2729.66,1052.8742857142856,3.0,86.0,14.166666666666666,86.0,47.0,13.53,0.4012289854475009,0.9159777842484877
0.0,0.0,0.0,1.0,774.06,1069.1114285714282,27.0,89.0,15.0,78.0,42.0,13.55,0.4169258813287287,0.908940487313808
0.0,0.0,0.0,1.0,676.48,1007.4299999999997,1.0,110.0,15.033333333333333,89.0,50.0,13.82,0.4324994021339788,0.901634220265486
0.0,0.0,0.0,1.0,1379.3,1104.4442857142853,4.0,85.0,14.466666666666667,44.0,51.0,13.95,0.4784338202547012,0.8781236129591848
0.0,0.0,0.0,1.0,423.66,1031.0271428571425,0.0,79.0,14.066666666666666,91.0,43.0,15.89,0.49346814167723735,0.8697638720650646
0.0,0.0,0.0,1.0,1533.67,1177.125714285714,13.0,58.0,14.5,93.0,39.0,13.22,0.5230943033491326,0.8522748088519838
0.0,0.0,0.0,1.0,737.4,1179.1757142857139,0.0,44.0,13.966666666666667,92.0,48.0,14.68,0.5376773767406141,0.8431506618282
0.0,0.0,0.0,1.0,925.44,921.4299999999997,0.0,43.0,13.966666666666667,72.0,48.0,14.35,0.5521013427459208,0.8337770129585915
0.0,0.0,0.0,1.0,702.44,911.1985714285712,7.0,32.0,14.2,38.0,46.0,12.92,0.580454927809098,0.8142923779467267
0.0,0.0,0.0,1.0,766.61,924.0742857142853,0.0,35.0,14.033333333333333,89.0,50.0,15.18,0.5943761565849831,0.804187157621448
0.0,0.0,0.0,1.0,952.46,863.0971428571427,0.0,35.0,12.166666666666666,88.0,45.0,15.52,0.6081214998935418,0.7938439653781019
0.0,0.0,0.0,1.0,1472.39,1012.9157142857141,2.0,35.0,12.2,88.0,46.0,13.45,0.6216868902665479,0.7832658619336791
0.0,0.0,0.0,1.0,787.36,906.2999999999996,0.0,24.0,10.433333333333334,92.0,44.0,10.66,0.6350683134867438,0.7724559775191742
0.0,0.0,0.0,1.0,637.65,892.0499999999998,0.0,24.0,10.3,92.0,50.0,14.74,0.6482618097757122,0.7614175109532997
0.0,0.0,0.0,1.0,1628.42,992.4757142857142,6.0,9.0,9.533333333333333,43.0,42.0,10.14,0.6740694616546161,0.7386679638813748
0.0,0.0,0.0,1.0,272.5,931.0557142857141,0.0,8.0,8.566666666666666,88.0,46.0,11.57,0.6866759803451553,0.726963615332308
0.0,0.0,0.0,1.0,1533.15,1040.5614285714285,21.0,8.0,7.8,83.0,48.0,8.73,0.6990793005655562,0.7150441465537444
0.0,0.0,0.0,1.0,1086.63,1059.7285714285713,0.0,29.0,7.766666666666667,92.0,50.0,11.55,0.7112757519738152,0.7029130847082615
0.0,0.0,0.0,1.0,749.42,956.4471428571426,0.0,35.0,7.166666666666667,96.0,50.0,13.14,0.746588114532413,0.6652865452111116
0.0,0.0,0.0,1.0,1435.4,1049.0242857142855,7.0,37.0,6.933333333333334,85.0,44.0,14.29,0.7799125224167177,0.6258885343075018
0.0,0.0,0.0,1.0,795.83,1071.6214285714284,0.0,23.0,6.933333333333334,77.0,47.0,10.96,0.7905633969115482,0.612380204990065
0.0,0.0,0.0,1.0,565.48,919.7728571428569,0.0,24.0,6.333333333333333,87.0,43.0,12.76,0.8111602420785621,0.5848239578463322
0.0,0.0,0.0,1.0,715.95,983.1228571428568,0.0,24.0,6.0,105.0,47.0,13.95,0.8211001178128892,0.5707841943569036
0.0,0.0,0.0,1.0,996.2,906.4157142857141,14.0,24.0,6.433333333333334,39.0,45.0,15.59,0.8307970168121247,0.5565755266413303
0.0,0.0,0.0,1.0,401.28,808.5085714285713,0.0,30.0,5.766666666666667,100.0,47.0,14.21,0.8494504794814806,0.527668345562516
0.0,0.0,0.0,1.0,973.39,840.5042857142855,0.0,23.0,5.766666666666667,73.0,48.0,16.55,0.8584015232918917,0.512978386299228
0.0,0.0,0.0,1.0,827.48,753.6585714285712,40.0,23.0,7.0,94.0,43.0,13.3,0.8670985522812081,0.4981366284784055
0.0,0.0,0.0,1.0,787.5,752.4685714285712,0.0,54.0,6.866666666666666,79.0,48.0,19.92,0.8755389928586302,0.4831474640149687
0.0,0.0,0.0,1.0,1086.06,826.8371428571427,0.0,54.0,5.433333333333334,70.0,47.0,14.37,0.8837203473619977,0.4680153284438345
0.0,0.0,0.0,1.0,674.02,820.8471428571427,0.0,54.0,4.833333333333333,27.0,47.0,20.11,0.8916401947968874,0.45274469960737107
0.0,0.0,0.0,1.0,674.96,774.955714285714,3.0,40.0,4.833333333333333,85.0,47.0,19.84,0.8992961915530253,0.4373400963303323
0.0,0.0,0.0,1.0,1896.48,988.555714285714,20.0,43.0,4.6,83.0,44.0,14.66,0.9066860720977985,0.4218060770826634
0.0,0.0,0.0,1.0,797.13,963.375714285714,14.0,63.0,5.033333333333333,79.0,38.0,18.27,0.9206588168102428,0.3903682146763026
0.0,0.0,0.0,1.0,901.88,974.0042857142854,45.0,41.0,6.4,92.0,43.0,13.22,0.9335418911179212,0.35846832151248087
0.0,0.0,0.0,1.0,778.24,972.6814285714283,7.0,86.0,6.633333333333334,39.0,45.0,15.97,0.9395699859530622,0.342356891994542
0.0,0.0,0.0,1.0,1148.95,981.6657142857141,0.0,93.0,6.2,84.0,48.0,19.38,0.945320046913132,0.3261441535642696
0.0,0.0,0.0,1.0,1107.04,1043.525714285714,0.0,70.0,6.2,89.0,49.0,18.93,0.9559793438440766,0.2934339689665273
0.0,0.0,0.0,1.0,1162.65,1113.195714285714,17.0,80.0,6.766666666666667,90.0,46.0,18.78,0.969843196967294,0.24372971360968387
0.0,0.0,0.0,1.0,1935.4,1118.755714285714,30.0,52.0,7.533333333333333,40.0,44.0,13.93,0.9738922359149924,0.22701082094141847
0.0,0.0,0.0,1.0,359.26,1056.2028571428568,0.0,75.0,7.533333333333333,75.0,47.0,17.67,0.9776530844816641,0.2102247521189836
0.0,0.0,0.0,1.0,887.75,1054.1842857142856,0.0,75.0,7.533333333333333,91.0,48.0,13.92,0.984305844499033,0.17647097349152166
0.0,0.0,0.0,1.0,1335.5700000000002,1133.802857142857,6.0,75.0,7.666666666666667,89.0,47.0,15.45,0.9871957872910085,0.15951325197263655
0.0,0.0,0.0,1.0,907.5,1099.3099999999997,0.0,62.0,7.666666666666667,82.0,46.0,14.34,0.992098522791769,0.12546123335273648
0.0,0.0,0.0,1.0,1587.04,1167.8814285714284,0.0,45.0,7.666666666666667,34.0,49.0,17.88,0.9941098647022418,0.10837701279187609
0.0,0.0,0.0,1.0,416.48,1061.285714285714,0.0,32.0,7.466666666666667,90.0,50.0,20.27,0.9972495210773451,0.07411742515094437
0.0,0.0,0.0,1.0,1267.68,965.8971428571425,11.0,32.0,7.833333333333333,80.0,47.0,15.96,0.998376906467142,0.056952196034039754
0.0,0.0,0.0,1.0,874.75,1039.5385714285712,10.0,53.0,7.466666666666667,83.0,42.0,15.11,0.9997451236925734,0.022576263041545485
0.0,0.0,0.0,1.0,802.56,1027.3685714285714,0.0,54.0,7.466666666666667,88.0,48.0,18.76,0.9999855506507186,0.005375731557583884
0.0,0.0,0.0,1.0,1930.94,1112.4214285714284,15.0,54.0,7.966666666666667,92.0,43.0,22.63,0.9995786855478958,-0.029025013321975237
0.0,0.0,0.0,1.0,1311.66,1170.1585714285713,18.0,64.0,8.333333333333334,68.0,48.0,23.19,0.9979887423155984,-0.06339140486951038
0.0,0.0,0.0,1.0,1056.59,1094.3799999999997,8.0,118.0,8.6,102.0,48.0,23.87,0.9952176027737294,-0.09768276782171598
0.0,0.0,0.0,1.0,2187.8,1347.4257142857143,0.0,116.0,8.6,86.0,44.0,21.34,0.9933900548258936,-0.11478762552212701
0.0,0.0,0.0,1.0,1201.92,1338.0314285714283,2.0,147.0,8.666666666666666,33.0,43.0,18.61,0.9888537064205885,-0.1488903868564548
0.0,0.0,0.0,1.0,399.1,1270.0814285714282,6.0,134.0,8.4,45.0,47.0,16.44,0.986146248341595,-0.16587819893463143
0.0,0.0,0.0,1.0,499.5,1226.7871428571427,0.0,157.0,8.4,38.0,52.0,17.03,0.9798567700958665,-0.1997015525660636
0.0,0.0,0.0,1.0,996.14,1093.2442857142855,0.0,94.0,8.4,47.0,50.0,20.89,0.9762766110869321,-0.21652708524481437
0.0,0.0,0.0,1.0,682.49,1003.3628571428568,19.0,135.0,7.7,10.0,42.0,18.8,0.9682507501166718,-0.2499809690726521
0.0,0.0,0.0,1.0,927.32,984.8957142857141,0.0,123.0,7.7,41.0,45.0,17.83,0.9638074231367307,-0.26659942067929354
0.0,0.0,0.0,1.0,486.12,741.7985714285712,0.0,121.0,7.7,30.0,47.0,23.97,0.9590788900341131,-0.28313898122818354
0.0,0.0,0.0,1.0,492.52,640.4557142857141,22.0,79.0,8.433333333333334,36.0,47.0,13.44,0.9487718864399473,-0.31596187665790293
0.0,0.0,0.0,1.0,324.28,629.7671428571426,0.0,101.0,8.333333333333334,83.0,52.0,23.83,0.9431964659565866,-0.33223549871590435
0.0,0.0,0.0,1.0,1947.38,836.6071428571425,28.0,101.0,8.6,73.0,46.0,11.64,0.9373419384643772,-0.3484108069446808
0.0,0.0,0.0,1.0,573.75,776.265714285714,39.0,80.0,9.433333333333334,25.0,45.0,20.76,0.9312100364121947,-0.3644830148102912
0.0,0.0,0.0,1.0,339.94,727.3299999999998,0.0,119.0,7.933333333333334,101.0,44.0,21.03,0.9111686353326631,-0.41203363695942635
0.0,0.0,0.0,1.0,1391.22,793.6014285714284,44.0,86.0,9.166666666666666,97.0,45.0,20.77,0.8964562582905575,-0.44313223418263453
0.0,0.0,0.0,1.0,1329.9,914.1414285714283,13.0,130.0,9.6,105.0,38.0,21.37,0.8887010478292915,-0.45848712914008766
0.0,0.0,0.0,1.0,1346.4,1036.1242857142856,9.0,115.0,9.9,48.0,47.0,19.58,0.8806828564301475,-0.47370635037968
0.0,0.0,0.0,1.0,620.4,1078.4271428571426,29.0,79.0,10.3,110.0,47.0,22.58,0.8638670987837349,-0.503719798736334
0.0,0.0,0.0,1.0,1676.7,1039.7585714285713,13.0,104.0,9.733333333333333,90.0,43.0,25.91,0.8550745085896932,-0.518505144391157
0.0,0.0,0.0,1.0,1515.8,1174.3371428571427,12.0,117.0,10.133333333333333,86.0,46.0,28.91,0.8460288880917339,-0.533137056031809
0.0,0.0,0.0,1.0,1640.76,1360.168571428571,18.0,129.0,10.733333333333333,108.0,45.0,24.43,0.8367329140344921,-0.5476112038402312
0.0,0.0,0.0,1.0,1701.51,1404.4957142857143,31.0,122.0,11.566666666666666,97.0,47.0,26.94,0.8073707443023492,-0.5900444739548627
0.0,0.0,0.0,1.0,1776.84,1468.3442857142857,14.0,117.0,12.033333333333333,93.0,46.0,22.48,0.7865965660866021,-0.6174672802835514
0.0,0.0,0.0,1.0,1400.97,1476.1399999999996,40.0,121.0,13.366666666666667,62.0,46.0,25.08,0.7648913904341225,-0.6441592666722685
0.0,0.0,0.0,1.0,1018.53,1533.0157142857138,11.0,143.0,13.733333333333333,112.0,51.0,24.31,0.753697664392914,-0.6572212950663319
0.0,0.0,0.0,1.0,1892.49,1563.842857142857,0.0,125.0,13.366666666666667,62.0,49.0,24.68,0.742280907086982,-0.6700888411055113
0.0,0.0,0.0,1.0,1055.7,1498.1142857142854,4.0,113.0,13.166666666666666,93.0,47.0,25.26,0.7306444969184916,-0.6827580970759147
0.0,0.0,0.0,1.0,1573.83,1488.5528571428567,50.0,99.0,14.833333333333334,120.0,49.0,27.6,0.7067265555776158,-0.7074868024503348
0.0,0.0,0.0,1.0,2285.28,1571.948571428571,10.0,120.0,14.666666666666666,83.0,43.0,25.33,0.6819721490904629,-0.7313781428679254
0.0,0.0,0.0,1.0,1845.79,1581.7985714285714,12.0,90.0,14.466666666666667,96.0,44.0,24.6,0.6692903895412567,-0.7430009249440493
0.0,0.0,0.0,1.0,3702.92,1910.6485714285711,49.0,103.0,15.833333333333334,99.0,44.0,17.98,0.6433365204044917,-0.765583517007675
0.0,0.0,0.0,1.0,1990.0,2049.43,6.0,148.0,16.033333333333335,97.0,49.0,23.96,0.6300720909843687,-0.7765366444428655
0.0,0.0,0.0,1.0,1557.08,2001.5142857142855,0.0,121.0,15.966666666666667,88.0,51.0,23.59,0.6029878670694714,-0.7977503570459932
0.0,0.0,0.0,1.0,1453.2,2058.2999999999997,118.0,121.0,19.7,94.0,46.0,9.18,0.5891760872322963,-0.8080046647350754
0.0,0.0,0.0,1.0,3900.58,2390.692857142857,3.0,217.0,19.8,42.0,45.0,24.14,0.5610336262283677,-0.8277930117131022
0.0,0.0,0.0,1.0,669.24,2159.8299999999995,44.0,208.0,21.266666666666666,76.0,50.0,24.42,0.5467112728685939,-0.8373211953118121
0.0,0.0,0.0,1.0,1289.92,2080.4199999999996,0.0,203.0,20.633333333333333,89.0,49.0,31.1,0.5322271388474397,-0.8466016020976267
0.0,0.0,0.0,1.0,1882.24,1820.3228571428567,0.0,279.0,20.633333333333333,127.0,47.0,28.01,0.4878471454423119,-0.8729290708206411
0.0,0.0,0.0,1.0,2400.98,1879.0342857142855,19.0,161.0,21.266666666666666,100.0,46.0,28.93,0.47275920928627757,-0.881191653407483
0.0,0.0,0.0,1.0,1894.91,1927.295714285714,10.0,210.0,20.866666666666667,105.0,49.0,24.89,0.44216815196707204,-0.8969321743510065
0.0,0.0,0.0,1.0,1802.97,1977.262857142857,16.0,176.0,21.4,102.0,44.0,26.0,0.42667408318992467,-0.9044054548343001
0.0,0.0,0.0,1.0,2274.54,1744.9714285714285,20.0,192.0,21.133333333333333,68.0,47.0,25.18,0.4110537546870351,-0.9116111071930239
0.0,0.0,0.0,1.0,1138.48,1812.0057142857142,2.0,212.0,19.9,109.0,49.0,26.03,0.3953117887649151,-0.9185469991587165
0.0,0.0,0.0,1.0,2818.53,2030.3785714285711,0.0,195.0,19.9,48.0,48.0,23.38,0.3474028211842774,-0.9377159910299093
0.0,0.0,0.0,1.0,785.4,1873.6871428571428,12.0,152.0,18.833333333333332,83.0,48.0,22.92,0.31494162072895193,-0.9491110448902284
0.0,0.0,0.0,1.0,1283.85,1714.0971428571424,49.0,148.0,20.033333333333335,96.0,45.0,13.51,0.2985688173637202,-0.9543881083175908
0.0,0.0,0.0,1.0,856.02,1565.6842857142854,18.0,177.0,20.333333333333332,84.0,49.0,28.19,0.2821076626819194,-0.9593827529490743
0.0,0.0,0.0,1.0,1598.4,1536.4599999999996,8.0,142.0,19.633333333333333,49.0,43.0,26.04,0.23224292400907015,-0.9726578145718654
0.0,0.0,0.0,1.0,816.64,1328.188571428571,31.0,150.0,20.233333333333334,96.0,43.0,17.38,0.21547731504673012,-0.976508846196619
0.0,0.0,0.0,1.0,1410.2,1367.0057142857138,94.0,181.0,22.966666666666665,99.0,46.0,9.32,0.19864794288017112,-0.9800709131432666
0.0,0.0,0.0,1.0,613.8,1052.0442857142855,1.0,263.0,22.4,115.0,45.0,20.31,0.18175978759137534,-0.9833429613388902
0.0,0.0,0.0,1.0,1565.12,1163.432857142857,0.0,215.0,21.366666666666667,83.0,43.0,21.99,0.16481784665719793,-0.9863240225317866
0.0,0.0,0.0,1.0,5085.5,1706.525714285714,28.0,197.0,21.833333333333332,76.0,43.0,17.25,0.14782713347053048,-0.9890132145779883
0.0,0.0,0.0,1.0,839.04,1704.0999999999997,5.0,206.0,20.666666666666668,93.0,49.0,25.87,0.13079267585675922,-0.9914097417023038
0.0,0.0,0.0,1.0,2291.1400000000003,1803.062857142857,39.0,164.0,21.6,83.0,42.0,18.1,0.07947729992362097,-0.9968366760893436
0.0,0.0,0.0,1.0,3444.26,2178.4371428571426,0.0,109.0,21.6,102.0,50.0,29.16,0.062318379354325076,-0.998056320853012
0.0,0.0,0.0,1.0,3357.8,2456.6657142857143,20.0,108.0,22.133333333333333,104.0,45.0,22.41,0.04514101777397193,-0.9989806246941579
0.0,0.0,0.0,1.0,1526.81,2587.095714285714,0.0,126.0,20.466666666666665,110.0,50.0,19.55,0.01075130776352193,-0.9999422030204416
0.0,0.0,0.0,1.0,1494.25,2576.9714285714285,11.0,121.0,20.5,34.0,51.0,21.97,-0.00645086419810515,-0.9999791929590823
0.0,0.0,0.0,1.0,515.43,1924.1042857142857,0.0,121.0,20.1,97.0,49.0,19.97,-0.04084439154329611,-0.9991655196610109
0.0,0.0,0.0,1.0,1326.85,1993.7914285714282,10.0,82.0,18.8,72.0,47.0,20.38,-0.05802556932878035,-0.9983150972033183
0.0,0.0,0.0,1.0,1618.22,1897.6599999999999,21.0,92.0,19.3,85.0,49.0,12.81,-0.07518957641475855,-0.9971692572470178
0.0,0.0,0.0,1.0,745.97,1512.1899999999998,12.0,87.0,19.7,71.0,45.0,15.94,-0.10944576864891556,-0.993992768446958
0.0,0.0,0.0,1.0,741.46,1138.4271428571426,19.0,148.0,16.4,89.0,41.0,18.64,-0.1435724234118113,-0.9896398128792412
0.0,0.0,0.0,1.0,1061.76,1071.9914285714283,10.0,142.0,16.633333333333333,85.0,42.0,16.39,-0.16057454459499376,-0.9870237158387383
0.0,0.0,0.0,1.0,1231.52,1034.458571428571,6.0,152.0,15.366666666666667,81.0,41.0,22.15,-0.17752914918703497,-0.984115542601034
0.0,0.0,0.0,1.0,1130.22,1122.285714285714,0.0,148.0,15.366666666666667,79.0,41.0,20.23,-0.19443122004766195,-0.9809161537413774
0.0,0.0,0.0,1.0,1030.71,1079.9799999999998,42.0,111.0,16.766666666666666,99.0,50.0,11.59,-0.2280577712215198,-0.9736476020539838
0.0,0.0,0.0,1.0,791.43,961.8671428571427,17.0,141.0,16.7,34.0,43.0,19.29,-0.24477230089725957,-0.9695805901076308
0.0,0.0,0.0,1.0,416.56,914.8085714285711,52.0,98.0,18.1,100.0,49.0,14.73,-0.2614143985111562,-0.965226663665613
0.0,0.0,0.0,1.0,1009.01,953.0299999999997,10.0,135.0,17.9,88.0,44.0,19.8,-0.2944616217868012,-0.9556633054034704
0.0,0.0,0.0,1.0,1468.59,1011.1485714285711,12.0,183.0,17.633333333333333,83.0,52.0,21.4,-0.3271603271220951,-0.9449688462364056
0.0,0.0,0.0,1.0,1243.2,1012.8171428571426,0.0,191.0,17.566666666666666,106.0,45.0,18.72,-0.34336687399638804,-0.939201357453208
0.0,0.0,0.0,1.0,1309.44,1038.4199999999998,26.0,134.0,18.433333333333334,83.0,43.0,18.27,-0.3754703786876202,-0.9268343944460494
0.0,0.0,0.0,1.0,962.66,1028.6985714285713,8.0,108.0,18.3,79.0,45.0,16.19,-0.3913578365610259,-0.9202385798054075
0.0,0.0,0.0,1.0,818.56,1032.5742857142855,79.0,102.0,19.3,87.0,46.0,6.54,-0.4071294853542516,-0.9133704517637858
0.0,0.0,0.0,1.0,381.23,1027.5271428571427,7.0,171.0,18.933333333333334,89.0,46.0,17.44,-0.4227806579826773,-0.9062320427107697
0.0,0.0,0.0,1.0,1024.32,1029.7142857142856,0.0,134.0,18.666666666666668,90.0,49.0,20.47,-0.4383067230125192,-0.898825465016444
0.0,0.0,0.0,1.0,1280.19,1002.7999999999998,19.0,122.0,18.266666666666666,81.0,45.0,20.23,-0.45370308603134424,-0.8911529104063088
0.0,0.0,0.0,1.0,1065.35,977.3928571428569,12.0,141.0,15.533333333333333,35.0,47.0,17.03,-0.46896519100763184,-0.8832166493127127
0.0,0.0,0.0,1.0,399.32,847.3757142857139,16.0,159.0,16.033333333333335,93.0,44.0,14.74,-0.4990686026885319,-0.8665624788845385
0.0,0.0,0.0,1.0,891.15,837.1599999999997,3.0,94.0,16.133333333333333,85.0,43.0,15.75,-0.5431052396834317,-0.8396646346181327
0.0,0.0,0.0,1.0,877.05,845.5157142857141,0.0,97.0,15.2,96.0,49.0,19.06,-0.5574684374327892,-0.8301981337405212
0.0,0.0,0.0,1.0,1253.55,970.1328571428568,0.0,78.0,15.033333333333333,42.0,43.0,18.45,-0.5716666713027052,-0.8204859638785327
0.0,0.0,0.0,1.0,511.5,896.8728571428568,25.0,47.0,14.566666666666666,83.0,41.0,15.16,-0.5995514915196489,-0.8003361849976323
0.0,0.0,0.0,1.0,805.12,829.005714285714,1.0,56.0,14.6,87.0,45.0,14.18,-0.6132298262997502,-0.7899045386224707
0.0,0.0,0.0,1.0,832.95,795.8057142857141,11.0,67.0,14.3,79.0,44.0,16.7,-0.6400381082043503,-0.7683431655492202
0.0,0.0,0.0,1.0,3498.95,1238.61,17.0,75.0,14.866666666666667,88.0,49.0,18.52,-0.65316012232693,-0.7572198192083127
0.0,0.0,0.0,1.0,1116.55,1270.8099999999997,0.0,92.0,14.5,37.0,44.0,17.05,-0.666088855860977,-0.7458723993404063
0.0,0.0,0.0,1.0,413.31,1204.5614285714285,7.0,92.0,14.733333333333333,84.0,45.0,15.2,-0.6788204829862355,-0.734304263829602
0.0,0.0,0.0,1.0,1369.44,1221.1171428571427,15.0,188.0,14.9,87.0,43.0,16.11,-0.7036774074790128,-0.7105196029692745
0.0,0.0,0.0,1.0,904.29,1277.2299999999998,47.0,202.0,15.766666666666667,85.0,47.0,13.44,-0.7157953492826642,-0.6983101158835584
0.0,0.0,0.0,1.0,2685.85,1545.905714285714,2.0,215.0,15.433333333333334,92.0,45.0,14.13,-0.7393922635959241,-0.673274892250183
0.0,0.0,0.0,1.0,851.5,1548.555714285714,8.0,200.0,15.066666666666666,34.0,41.0,14.91,-0.7508642533989489,-0.6604565640279754
0.0,0.0,0.0,1.0,324.48,1095.0599999999997,9.0,208.0,15.033333333333333,84.0,47.0,15.92,-0.7621140503891487,-0.6474427960827475
0.0,0.0,0.0,1.0,909.16,1065.432857142857,0.0,80.0,14.833333333333334,85.0,45.0,18.42,-0.7944973291665992,-0.6072676460566135
0.0,0.0,0.0,1.0,1801.22,1263.705714285714,2.0,33.0,14.9,91.0,54.0,18.14,-0.8048257371083452,-0.593511190196115
0.0,0.0,0.0,1.0,3852.96,1618.4942857142855,25.0,35.0,14.333333333333334,77.0,41.0,12.94,-0.8149159841660791,-0.5795791048257612
0.0,0.0,0.0,1.0,632.46,1579.6614285714281,10.0,58.0,14.1,31.0,42.0,14.39,-0.8247650844733614,-0.5654755126737576
0.0,0.0,0.0,1.0,280.98,1236.1085714285712,13.0,60.0,12.8,92.0,47.0,15.78,-0.8343701235229538,-0.5512045872199277
0.0,0.0,0.0,1.0,972.84,1253.4428571428568,0.0,81.0,12.466666666666667,98.0,48.0,13.78,-0.8528367217694595,-0.522177676659508
0.0,0.0,0.0,1.0,931.5,1340.1599999999999,12.0,68.0,12.466666666666667,75.0,47.0,16.91,-0.8616928164028522,-0.5074302810827518
0.0,0.0,0.0,1.0,1670.56,1448.9314285714283,0.0,80.0,12.466666666666667,70.0,46.0,16.07,-0.8702939222685674,-0.49253272872205434
0.0,0.0,0.0,1.0,759.38,1300.0971428571427,13.0,65.0,12.033333333333333,50.0,44.0,21.04,-0.886721063082993,-0.46230483047981086
0.0,0.0,0.0,1.0,683.8,847.3599999999998,0.0,123.0,11.766666666666667,102.0,46.0,15.74,-0.9020987014301837,-0.43152975897147144
0.0,0.0,0.0,1.0,1067.33,909.4842857142854,7.0,162.0,9.366666666666667,86.0,44.0,21.37,-0.9231578729647039,-0.38442104726885545
0.0,0.0,0.0,1.0,1185.51,1038.7028571428568,6.0,169.0,9.333333333333334,99.0,51.0,19.42,-0.9296339319682695,-0.3684843993077793
0.0,0.0,0.0,1.0,1336.49,1090.6528571428569,91.0,163.0,12.366666666666667,29.0,45.0,6.55,-0.9358348973349941,-0.35243871088460327
0.0,0.0,0.0,1.0,728.45,1061.645714285714,3.0,241.0,11.833333333333334,99.0,46.0,18.21,-0.9417589340994617,-0.33628873017668287
0.0,0.0,0.0,1.0,1217.03,996.855714285714,24.0,190.0,12.233333333333333,90.0,43.0,12.03,-0.9527692922168511,-0.30369503751065885
0.0,0.0,0.0,1.0,693.12,987.3899999999998,2.0,199.0,11.766666666666667,78.0,46.0,19.5,-0.9578523554276669,-0.28726097055059635
0.0,0.0,0.0,1.0,1034.28,1037.458571428571,16.0,147.0,12.2,83.0,52.0,18.76,-0.9626519747161487,-0.2707418984477642
0.0,0.0,0.0,1.0,1097.69,1041.795714285714,14.0,156.0,12.666666666666666,77.0,45.0,20.86,-0.9671667297977312,-0.2541427094613622
0.0,0.0,0.0,1.0,1730.96,1119.7171428571426,21.0,164.0,13.366666666666667,29.0,47.0,17.66,-0.97139528468375,-0.23746831555846842
0.0,0.0,0.0,1.0,345.6,978.1614285714284,11.0,94.0,12.9,78.0,43.0,17.79,-0.9753363880767837,-0.2207236509605022
0.0,0.0,0.0,1.0,895.26,1001.9914285714284,8.0,102.0,13.133333333333333,91.0,41.0,20.41,-0.9789888737409319,-0.20391367068311472
0.0,0.0,0.0,1.0,1160.62,993.9328571428568,37.0,72.0,14.0,94.0,49.0,14.53,-0.9854237542919524,-0.17011767832049052
0.0,0.0,0.0,1.0,1649.37,1130.5399999999997,12.0,107.0,13.833333333333334,74.0,42.0,20.76,-0.9882042449941422,-0.15314166701312007
0.0,0.0,0.0,1.0,1819.36,1242.6942857142856,32.0,103.0,14.9,82.0,44.0,11.49,-0.9906923101615609,-0.13612033862266704
0.0,0.0,0.0,1.0,607.59,1172.6799999999998,0.0,121.0,14.666666666666666,36.0,52.0,21.47,-0.9928872135356962,-0.11905873003404988
0.0,0.0,0.0,1.0,548.83,1003.8042857142855,27.0,89.0,15.066666666666666,96.0,51.0,14.78,-0.9963950238187231,-0.08483487790576538
0.0,0.0,0.0,1.0,993.3,1096.332857142857,33.0,108.0,14.6,81.0,47.0,11.17,-0.9987235240803972,-0.050510617185222886
0.0,0.0,0.0,1.0,615.4,1056.3528571428567,0.0,104.0,14.533333333333333,99.0,50.0,21.38,-0.9994446170919858,-0.033323525711631344
0.0,0.0,0.0,1.0,1471.32,1100.7385714285713,3.0,92.0,14.366666666666667,101.0,48.0,19.53,-0.9998699583618592,-0.016126573270657762
0.0,0.0,0.0,1.0,1361.37,1059.595714285714,0.0,63.0,14.066666666666666,42.0,45.0,20.62,-0.9999994220246925,0.001075151282798226
0.0,0.0,0.0,1.0,926.55,932.0514285714282,46.0,63.0,15.6,93.0,47.0,20.43,-0.999832969770105,0.018276557681691223
0.0,0.0,0.0,1.0,1854.0,1110.1099999999997,24.0,109.0,16.333333333333332,91.0,45.0,14.19,-0.9993706508539969,0.03547255575312556
0.0,0.0,0.0,1.0,832.7,1150.6628571428569,41.0,106.0,16.866666666666667,84.0,49.0,19.1,-0.9986126020839734,0.052658056924614005
0.0,0.0,0.0,1.0,1090.72,1164.5799999999997,8.0,147.0,16.8,89.0,45.0,22.72,-0.9975590477788613,0.06982797572987089
0.0,0.0,0.0,1.0,1324.41,1265.8671428571427,40.0,122.0,17.7,101.0,41.0,20.0,-0.9962102997023297,0.0869772313136861
0.0,0.0,0.0,1.0,1282.7,1238.9214285714284,7.0,204.0,17.933333333333334,30.0,41.0,27.07,-0.9926289059345095,0.121193461470736
0.0,0.0,0.0,1.0,515.62,1118.0999999999997,2.0,211.0,17.6,77.0,46.0,18.9,-0.9903973200352558,0.1382503109109819
0.0,0.0,0.0,1.0,4555.85,1636.5714285714287,35.0,167.0,18.766666666666666,85.0,46.0,16.74,-0.9878726596350429,0.15526624985999563
0.0,0.0,0.0,1.0,946.3,1506.8999999999999,46.0,150.0,19.866666666666667,91.0,45.0,14.89,-0.981947190186646,0.18915526872004093
0.0,0.0,0.0,1.0,873.98,1512.7971428571425,34.0,188.0,21.0,100.0,52.0,15.02,-0.9785481345802031,0.20601832032517084
0.0,0.0,0.0,1.0,1058.91,1508.252857142857,35.0,182.0,21.933333333333334,90.0,45.0,16.41,-0.9748595108374125,0.22282040779479959
0.0,0.0,0.0,1.0,960.05,1456.2014285714286,1.0,172.0,21.766666666666666,42.0,47.0,21.55,-0.9708824104813836,0.23955655912092708
0.0,0.0,0.0,1.0,615.4,1360.872857142857,41.0,166.0,20.1,94.0,42.0,21.29,-0.9666180104000972,0.2562218218071163
0.0,0.0,0.0,1.0,1250.62,1465.872857142857,0.0,203.0,20.0,102.0,47.0,25.92,-0.957232443323312,0.28931997761869527
0.0,0.0,0.0,1.0,1784.7,1069.9942857142855,28.0,190.0,20.133333333333333,74.0,45.0,17.93,-0.9521140536681102,0.3057430764672831
0.0,0.0,0.0,1.0,875.82,1059.9257142857139,20.0,172.0,20.733333333333334,102.0,44.0,25.11,-0.9467139181463862,0.3220757010206104
0.0,0.0,0.0,1.0,1677.46,1174.7085714285713,45.0,158.0,21.7,98.0,46.0,21.28,-0.9410336347451197,0.3383130181923076
0.0,0.0,0.0,1.0,1355.25,1217.042857142857,13.0,168.0,21.666666666666668,30.0,43.0,27.2,-0.9350748843515574,0.3544502230989869
0.0,0.0,0.0,1.0,526.32,1155.0814285714282,16.0,180.0,21.5,82.0,40.0,19.16,-0.9288394302558068,0.3704825404820963
0.0,0.0,0.0,1.0,1281.02,1250.1699999999998,19.0,155.0,21.766666666666666,85.0,40.0,20.74,-0.9223291176290545,0.3864052261209853
0.0,0.0,0.0,1.0,1110.69,1230.1799999999998,19.0,141.0,22.133333333333333,85.0,45.0,20.95,-0.9084917035725082,0.41790288888678667
0.0,0.0,0.0,1.0,1884.37,1244.418571428571,9.0,132.0,21.2,105.0,44.0,26.02,-0.9011686968561569,0.4334685453485363
0.0,0.0,0.0,1.0,4107.82,1706.132857142857,11.0,121.0,21.166666666666668,92.0,44.0,19.27,-0.8935790198239952,0.4489059314938798
0.0,0.0,0.0,1.0,1152.45,1631.1314285714284,24.0,87.0,20.9,40.0,44.0,14.55,-0.8857249183835637,0.4642104791518923
0.0,0.0,0.0,1.0,384.12,1492.3985714285711,21.0,98.0,21.6,89.0,47.0,18.48,-0.8776087166898392,0.4793776594606945
0.0,0.0,0.0,1.0,1093.92,1573.4842857142853,120.0,103.0,24.7,91.0,43.0,9.15,-0.8692328164574792,0.49440298420761813
0.0,0.0,0.0,1.0,3705.12,1919.7842857142857,35.0,204.0,24.766666666666666,91.0,43.0,16.86,-0.8605996962501181,0.5092820071573356
0.0,0.0,0.0,1.0,989.43,1902.4614285714285,2.0,239.0,24.833333333333332,79.0,44.0,26.44,-0.8517119107469189,0.5240103253675756
0.0,0.0,0.0,1.0,2112.74,1935.0857142857142,7.0,222.0,24.966666666666665,70.0,48.0,18.91,-0.8425720899866032,0.5385835804920232
0.0,0.0,0.0,1.0,906.94,1477.8171428571425,3.0,220.0,25.066666666666666,98.0,46.0,24.59,-0.8331829385891785,0.5529974600700271
0.0,0.0,0.0,1.0,2194.8,1626.7242857142853,14.0,192.0,24.0,107.0,37.0,25.89,-0.8136678304455991,0.5813300798152042
0.0,0.0,0.0,1.0,1662.0,1809.2785714285712,16.0,185.0,23.733333333333334,84.0,47.0,24.0,-0.8035476485339116,0.5952404359043674
0.0,0.0,0.0,1.0,1350.72,1845.9642857142856,68.0,81.0,24.633333333333333,73.0,39.0,6.93,-0.7931896839451843,0.6089746507720486
0.0,0.0,0.0,1.0,313.72,1361.4785714285713,43.0,139.0,25.8,89.0,47.0,14.61,-0.7717727365467836,0.6358984534680745
0.0,0.0,0.0,1.0,858.0,1342.7028571428568,31.0,175.0,25.5,86.0,41.0,19.0,-0.7607200913564104,0.6490800741100398
0.0,0.0,0.0,1.0,1037.59,1189.11,40.0,203.0,26.6,44.0,43.0,12.75,-0.7494423368521954,0.6620696215153815
0.0,0.0,0.0,1.0,359.04,1110.8385714285712,67.0,167.0,28.766666666666666,86.0,47.0,10.69,-0.6897960046655887,0.7240037789593305
0.0,0.0,0.0,1.0,606.54,883.9442857142855,10.0,191.0,27.933333333333334,73.0,46.0,23.25,-0.6772399381909491,0.7357622347736527
0.0,0.0,0.0,1.0,1120.02,806.5185714285711,39.0,170.0,27.7,31.0,46.0,21.97,-0.6644834655228552,0.7473029667054296
0.0,0.0,0.0,1.0,456.27,678.7399999999998,22.0,169.0,27.3,68.0,43.0,17.65,-0.6515303615068021,0.75862255966641
0.0,0.0,0.0,1.0,774.0,744.4942857142854,37.0,169.0,27.366666666666667,94.0,46.0,14.43,-0.6383844591746642,0.7697176640069211
0.0,0.0,0.0,1.0,888.18,748.805714285714,31.0,196.0,28.366666666666667,101.0,50.0,13.49,-0.6115298757991053,0.7912213413483807
0.0,0.0,0.0,1.0,2392.16,942.3157142857139,143.0,157.0,31.766666666666666,82.0,46.0,6.73,-0.5839514998576998,0.8117885474764613
0.0,0.0,0.0,1.0,2952.32,1312.7842857142855,3.0,290.0,31.866666666666667,40.0,46.0,25.93,-0.5699010576127624,0.8217133225960589
0.0,0.0,0.0,1.0,694.79,1325.3914285714284,1.0,254.0,30.966666666666665,79.0,47.0,24.24,-0.5556819724760489,0.8313949395234058
0.0,0.0,0.0,1.0,1772.05,1418.5385714285712,63.0,199.0,32.4,78.0,42.0,7.65,-0.5267547528105542,0.8500173118187018
0.0,0.0,0.0,1.0,787.11,1465.8014285714285,1.0,215.0,30.933333333333334,87.0,48.0,19.23,-0.4822058478963526,0.8760579434344281
0.0,0.0,0.0,1.0,1137.64,1517.7499999999998,25.0,73.0,31.333333333333332,35.0,44.0,12.94,-0.46706492487743034,0.8842230238742036
0.0,0.0,0.0,1.0,292.19,1432.6085714285712,38.0,140.0,32.06666666666667,79.0,39.0,13.81,-0.4363729641045924,0.8997658785476209
0.0,0.0,0.0,1.0,670.97,1186.7242857142853,33.0,175.0,32.53333333333333,82.0,48.0,15.05,-0.42083100859565564,0.9071390534005044
0.0,0.0,0.0,1.0,839.12,884.8385714285712,10.0,145.0,32.233333333333334,86.0,47.0,21.55,-0.4051645224207563,0.9142437912130223
0.0,0.0,0.0,1.0,1232.25,961.6185714285712,20.0,153.0,32.6,85.0,43.0,19.93,-0.3893781415452015,0.9210779895789526
0.0,0.0,0.0,1.0,1092.63,864.5585714285711,29.0,173.0,33.2,85.0,42.0,12.76,-0.37347653741307074,0.9276396261490467
0.0,0.0,0.0,1.0,694.4,851.3142857142856,24.0,175.0,33.2,96.0,45.0,16.12,-0.3251276029999093,0.9456701548465688
0.0,0.0,0.0,1.0,1021.68,834.7485714285712,81.0,161.0,35.2,98.0,46.0,10.12,-0.30881248126625377,0.9511229423235357
0.0,0.0,0.0,1.0,669.6,888.6642857142855,4.0,246.0,31.333333333333332,100.0,49.0,20.36,-0.27591294500296043,0.9611826292540837
0.0,0.0,0.0,1.0,4016.02,1366.5285714285712,24.0,201.0,30.966666666666665,35.0,45.0,15.43,-0.2426868445825954,0.9701046827361175
0.0,0.0,0.0,1.0,353.7,1297.1828571428566,27.0,171.0,31.8,94.0,43.0,13.2,-0.19232150523909483,0.9813319716704275
0.0,0.0,0.0,1.0,1125.24,1281.895714285714,9.0,117.0,31.866666666666667,83.0,48.0,15.41,-0.17541259380427843,0.9844950085880858
0.0,0.0,0.0,1.0,869.72,1250.0514285714285,4.0,79.0,31.9,88.0,50.0,22.03,-0.14144406768794202,0.9899462489023779
0.0,0.0,0.0,1.0,1376.69,1347.5214285714283,12.0,83.0,31.833333333333332,39.0,43.0,19.82,-0.12439450483979998,0.9922328391893008
0.0,0.0,0.0,1.0,498.59,1272.7942857142855,43.0,71.0,32.733333333333334,97.0,38.0,14.71,-0.10730813165636247,0.9942258118156161
0.0,0.0,0.0,1.0,870.47,1301.4899999999996,0.0,113.0,30.466666666666665,92.0,46.0,20.24,-0.09019000427034513,0.9959245770286599
0.0,0.0,0.0,1.0,1238.23,904.662857142857,18.0,79.0,29.633333333333333,111.0,47.0,19.13,-0.05587875690537313,0.9984375616565666
0.0,0.0,0.0,1.0,1433.03,1058.8528571428567,0.0,155.0,28.6,42.0,47.0,19.74,-0.004300592702981974,0.9999907524084426
0.0,0.0,0.0,1.0,555.43,977.4514285714283,11.0,143.0,27.633333333333333,76.0,43.0,10.25,0.017201575418260506,0.9998520419557735
0.0,0.0,0.0,1.0,494.67,923.8728571428568,21.0,111.0,26.1,85.0,48.0,9.41,0.03439806061360801,0.9994082116062598
0.0,0.0,0.0,1.0,964.0,864.9171428571426,0.0,132.0,25.766666666666666,98.0,47.0,8.83,0.051584366869408364,0.9986686402879997
0.0,0.0,0.0,1.0,2479.53,1147.9085714285713,8.0,61.0,24.733333333333334,94.0,43.0,11.95,0.10303137904317879,0.9946781061893646
0.0,0.0,0.0,1.0,729.95,1127.8342857142854,0.0,53.0,24.0,40.0,48.0,10.95,0.1201261651823505,0.9927586335250793
0.0,0.0,0.0,1.0,302.22,994.1185714285712,11.0,53.0,23.133333333333333,88.0,39.0,11.59,0.13718540405660057,0.9905453876091833
0.0,0.0,0.0,1.0,622.2,878.285714285714,2.0,32.0,22.166666666666668,95.0,48.0,11.72,0.18809941761179758,0.9821499931752291
0.0,0.0,0.0,1.0,762.41,907.8542857142855,0.0,32.0,17.4,83.0,47.0,9.04,0.22177215755648186,0.975098513039961
0.0,0.0,0.0,1.0,1377.25,1033.9371428571426,0.0,24.0,17.3,95.0,47.0,10.71,0.2551824131233728,0.9668929289391521
0.0,0.0,0.0,1.0,686.48,994.2914285714285,0.0,13.0,17.266666666666666,97.0,45.0,6.26,0.2882906407095177,0.9575429528116719
0.0,0.0,0.0,1.0,409.73,698.605714285714,0.0,13.0,15.166666666666666,89.0,49.0,6.4,0.3047192331091634,0.9524422234305676
0.0,0.0,0.0,1.0,396.15,650.9199999999997,17.0,11.0,15.7,74.0,43.0,10.05,0.321057654185271,0.9470596510722283
0.0,0.0,0.0,1.0,491.04,677.8942857142854,12.0,17.0,15.266666666666667,89.0,40.0,7.44,0.3373010691361842,0.9413968285264122
0.0,0.0,0.0,1.0,417.06,648.5885714285712,0.0,45.0,14.0,98.0,49.0,9.74,0.38541335945432564,0.9227440286201427
0.0,0.0,0.0,1.0,663.73,634.4914285714284,6.0,45.0,13.1,98.0,44.0,9.5,0.4169258813287287,0.908940487313808
0.0,0.0,0.0,1.0,614.46,525.5214285714284,9.0,51.0,13.066666666666666,86.0,46.0,9.42,0.4324994021339788,0.901634220265486
0.0,0.0,0.0,1.0,534.6,503.82428571428545,0.0,31.0,12.4,33.0,46.0,8.67,0.4632579225674917,0.88622350294858
0.0,0.0,0.0,1.0,191.62,472.665714285714,0.0,31.0,11.433333333333334,102.0,48.0,10.07,0.4784338202547012,0.8781236129591848
0.0,0.0,0.0,1.0,693.23,515.105714285714,11.0,15.0,11.0,83.0,47.0,7.72,0.5083564379375122,0.8611467540480452
0.0,0.0,0.0,1.0,426.27,505.8528571428569,18.0,26.0,8.9,84.0,45.0,8.48,0.5230943033491326,0.8522748088519838
0.0,0.0,0.0,1.0,466.36,512.895714285714,0.0,38.0,8.766666666666667,98.0,45.0,9.64,0.5376773767406141,0.8431506618282
0.0,0.0,0.0,1.0,1258.7,597.8914285714283,2.0,29.0,8.033333333333333,76.0,49.0,10.37,0.5521013427459208,0.8337770129585915
0.0,0.0,0.0,1.0,2088.66,808.4914285714284,0.0,31.0,7.133333333333334,30.0,49.0,9.8,0.5663619330814524,0.8241566360566663
0.0,0.0,0.0,1.0,205.8,761.5199999999996,0.0,31.0,6.833333333333333,108.0,50.0,9.14,0.580454927809098,0.8142923779467267
0.0,0.0,0.0,1.0,2317.03,1065.1499999999999,0.0,31.0,6.7,96.0,49.0,7.56,0.5943761565849831,0.804187157621448
0.0,0.0,0.0,1.0,1338.94,1157.3942857142854,0.0,31.0,6.3,90.0,48.0,8.97,0.6081214998935418,0.7938439653781019
0.0,0.0,0.0,1.0,548.76,1174.8928571428569,0.0,2.0,4.866666666666666,111.0,40.0,8.62,0.6350683134867438,0.7724559775191742
0.0,0.0,0.0,1.0,602.91,1194.3999999999999,0.0,2.0,4.866666666666666,79.0,43.0,6.72,0.6482618097757122,0.7614175109532997
0.0,0.0,0.0,1.0,347.81,1064.2728571428568,0.0,0.0,4.266666666666667,37.0,49.0,7.59,0.6612634749656386,0.7501537286959042
0.0,0.0,0.0,1.0,192.49,793.3914285714283,5.0,0.0,4.433333333333334,92.0,44.0,7.03,0.6740694616546161,0.7386679638813748
0.0,0.0,0.0,1.0,433.49,825.9185714285712,0.0,5.0,4.066666666666666,88.0,46.0,6.84,0.6866759803451553,0.726963615332308
0.0,0.0,0.0,1.0,406.35,552.9642857142854,1.0,5.0,3.4,92.0,42.0,7.36,0.6990793005655562,0.7150441465537444
0.0,0.0,0.0,1.0,440.05,424.55142857142835,14.0,6.0,3.8666666666666667,83.0,47.0,7.59,0.7112757519738152,0.7029130847082615
0.0,0.0,0.0,1.0,961.25,483.47857142857123,0.0,20.0,3.6,101.0,46.0,9.6,0.7232617254437388,0.6905740195722293
0.0,0.0,0.0,1.0,645.05,489.49857142857115,10.0,20.0,3.933333333333333,87.0,44.0,8.67,0.7579216274973472,0.6523456189565257
0.0,0.0,0.0,1.0,493.87,510.3642857142855,0.0,25.0,3.566666666666667,109.0,41.0,8.56,0.7799125224167177,0.6258885343075018
0.0,0.0,0.0,1.0,601.78,568.8342857142854,0.0,24.0,3.5,88.0,45.0,9.2,0.7905633969115482,0.612380204990065
0.0,0.0,0.0,1.0,542.7,584.4357142857141,0.0,10.0,3.5,83.0,47.0,6.89,0.8111602420785621,0.5848239578463322
0.0,0.0,0.0,1.0,2555.96,891.5228571428569,0.0,10.0,3.5,101.0,48.0,7.32,0.8307970168121247,0.5565755266413303
0.0,0.0,0.0,1.0,509.91,901.5028571428569,0.0,0.0,3.5,85.0,43.0,7.45,0.8494504794814806,0.527668345562516
0.0,0.0,0.0,1.0,414.62,823.412857142857,0.0,0.0,3.5,98.0,51.0,8.91,0.8584015232918917,0.512978386299228
0.0,0.0,0.0,1.0,615.47,819.1871428571425,15.0,0.0,3.433333333333333,73.0,46.0,10.97,0.8670985522812081,0.4981366284784055
0.0,0.0,0.0,1.0,986.66,889.5857142857141,0.0,24.0,3.033333333333333,39.0,42.0,10.18,0.8837203473619977,0.4680153284438345
0.0,0.0,0.0,1.0,967.05,941.7671428571426,12.0,24.0,3.433333333333333,88.0,44.0,13.81,0.8916401947968874,0.45274469960737107
0.0,0.0,0.0,1.0,795.83,977.9285714285712,2.0,36.0,3.3,90.0,48.0,10.62,0.9066860720977985,0.4218060770826634
0.0,0.0,0.0,1.0,645.3,704.9771428571427,35.0,38.0,4.166666666666667,75.0,48.0,10.27,0.9138076496466615,0.4061472386305789
0.0,0.0,0.0,1.0,527.45,707.482857142857,0.0,49.0,4.166666666666667,34.0,51.0,10.35,0.9335418911179212,0.35846832151248087
0.0,0.0,0.0,1.0,244.64,683.1999999999998,14.0,49.0,4.633333333333334,97.0,44.0,10.12,0.9395699859530622,0.342356891994542
0.0,0.0,0.0,1.0,638.3,686.4614285714284,0.0,68.0,4.266666666666667,98.0,45.0,11.68,0.9507903724625832,0.3098349038318025
0.0,0.0,0.0,1.0,4761.43,1225.7142857142858,0.0,66.0,3.6666666666666665,82.0,44.0,10.22,0.9559793438440766,0.2934339689665273
0.0,0.0,0.0,1.0,548.89,1165.9771428571428,2.0,64.0,3.7333333333333334,101.0,46.0,11.2,0.9655071658143364,0.2603764827344581
0.0,0.0,0.0,1.0,769.08,1162.155714285714,0.0,66.0,3.6666666666666665,27.0,48.0,10.67,0.969843196967294,0.24372971360968387
0.0,0.0,0.0,1.0,198.72,1098.3585714285712,0.0,66.0,3.6666666666666665,91.0,46.0,12.81,0.9738922359149924,0.22701082094141847
0.0,0.0,0.0,1.0,781.22,1134.6114285714284,0.0,52.0,3.6666666666666665,95.0,45.0,13.53,0.9776530844816641,0.2102247521189836
0.0,0.0,0.0,1.0,860.95,1222.655714285714,30.0,35.0,4.666666666666667,85.0,43.0,7.82,0.981124629771712,0.19337647441020586
0.0,0.0,0.0,1.0,428.93,1192.7457142857143,4.0,30.0,4.8,36.0,44.0,10.33,0.992098522791769,0.12546123335273648
0.0,0.0,0.0,1.0,239.94,546.8185714285713,0.0,34.0,4.8,97.0,44.0,12.43,0.9958270335100595,0.09126072172931188
0.0,0.0,0.0,1.0,2695.96,853.5428571428571,32.0,57.0,5.866666666666666,94.0,42.0,11.45,0.9992088560679753,0.03977011384605572
0.0,0.0,0.0,1.0,683.26,841.2828571428571,3.0,89.0,5.966666666666667,81.0,44.0,12.32,0.9997451236925734,0.022576263041545485
0.0,0.0,0.0,1.0,663.67,907.7042857142857,25.0,92.0,6.633333333333334,39.0,47.0,8.33,0.9999855506507186,0.005375731557583884
0.0,0.0,0.0,1.0,216.12,826.9757142857142,3.0,113.0,6.733333333333333,78.0,48.0,12.38,0.9999300657962057,-0.011826390691832589
0.0,0.0,0.0,1.0,656.88,797.8228571428571,4.0,116.0,6.833333333333333,95.0,49.0,15.22,0.9995786855478958,-0.029025013321975237
0.0,0.0,0.0,1.0,1012.2,881.1471428571427,0.0,120.0,6.366666666666666,82.0,53.0,14.94,0.9989315138848577,-0.046215046983708354
0.0,0.0,0.0,1.0,875.88,971.9957142857141,0.0,91.0,6.366666666666666,81.0,44.0,13.44,0.9979887423155984,-0.06339140486951038
0.0,0.0,0.0,1.0,707.85,687.9799999999998,10.0,67.0,6.366666666666666,88.0,42.0,16.5,0.9967506498213929,-0.08054900421874167
0.0,0.0,0.0,1.0,922.02,722.0885714285713,30.0,64.0,7.366666666666666,97.0,39.0,9.52,0.9912685467787256,-0.13185851571739118
0.0,0.0,0.0,1.0,567.64,708.3699999999998,18.0,91.0,7.966666666666667,80.0,44.0,13.88,0.9888537064205885,-0.1488903868564548
0.0,0.0,0.0,1.0,732.6,782.152857142857,0.0,105.0,7.966666666666667,45.0,41.0,10.42,0.986146248341595,-0.16587819893463143
0.0,0.0,0.0,1.0,1023.16,834.4785714285712,20.0,105.0,8.633333333333333,39.0,40.0,14.54,0.9831469737221499,-0.1828169249850199
0.0,0.0,0.0,1.0,2233.38,1008.932857142857,12.0,125.0,9.033333333333333,38.0,47.0,13.71,0.9798567700958665,-0.1997015525660636
0.0,0.0,0.0,1.0,2019.28,1172.275714285714,18.0,148.0,9.633333333333333,18.0,40.0,12.06,0.9724075561219968,-0.23328854407545518
0.0,0.0,0.0,1.0,135.62,1090.5285714285712,5.0,119.0,9.3,31.0,41.0,14.81,0.9682507501166718,-0.2499809690726521
0.0,0.0,0.0,1.0,293.76,1000.7771428571426,29.0,80.0,10.266666666666667,47.0,44.0,12.89,0.9540665500578387,-0.2995947563972602
0.0,0.0,0.0,1.0,390.87,975.5242857142856,0.0,89.0,9.866666666666667,35.0,49.0,12.26,0.9487718864399473,-0.31596187665790293
0.0,0.0,0.0,1.0,4273.87,1481.4199999999998,0.0,77.0,9.8,46.0,46.0,11.41,0.9431964659565866,-0.33223549871590435
0.0,0.0,0.0,1.0,4322.75,1952.7899999999997,4.0,56.0,8.766666666666667,41.0,46.0,13.68,0.9373419384643772,-0.3484108069446808
0.0,0.0,0.0,1.0,882.26,1759.7728571428568,13.0,37.0,9.2,116.0,45.0,12.84,0.9181214482844364,-0.39629913726891813
0.0,0.0,0.0,1.0,975.95,1610.725714285714,0.0,46.0,8.733333333333333,95.0,48.0,15.06,0.9111686353326631,-0.41203363695942635
0.0,0.0,0.0,1.0,973.08,1730.362857142857,9.0,17.0,9.033333333333333,88.0,47.0,10.42,0.9039461929224011,-0.42764620926777464
0.0,0.0,0.0,1.0,596.05,1773.5471428571425,0.0,26.0,9.033333333333333,92.0,53.0,13.2,0.8964562582905575,-0.44313223418263453
0.0,0.0,0.0,1.0,1744.94,1966.9857142857143,0.0,34.0,8.966666666666667,98.0,45.0,12.54,0.8806828564301475,-0.47370635037968
0.0,0.0,0.0,1.0,2448.14,1706.1671428571426,1.0,34.0,9.0,94.0,44.0,13.21,0.8724040568049612,-0.48878539428899265
0.0,0.0,0.0,1.0,813.51,1204.8471428571427,20.0,81.0,9.666666666666666,95.0,41.0,15.4,0.8174009818249189,-0.5760691233798758
0.0,0.0,0.0,1.0,921.69,1210.4799999999998,0.0,100.0,9.666666666666666,112.0,45.0,18.52,0.7971015927871943,-0.6038452208771035
0.0,0.0,0.0,1.0,1368.84,1266.607142857143,0.0,75.0,8.666666666666666,91.0,48.0,19.18,0.7865965660866021,-0.6174672802835514
0.0,0.0,0.0,1.0,1195.33,1298.357142857143,4.0,75.0,8.666666666666666,100.0,45.0,15.21,0.7758587728069828,-0.6309066211876704
0.0,0.0,0.0,1.0,1034.28,1360.9614285714285,8.0,40.0,8.933333333333334,48.0,48.0,18.1,0.753697664392914,-0.6572212950663319
0.0,0.0,0.0,1.0,1343.54,1303.6185714285714,6.0,41.0,8.066666666666666,81.0,46.0,15.23,0.742280907086982,-0.6700888411055113
0.0,0.0,0.0,1.0,814.44,1070.232857142857,0.0,27.0,7.966666666666667,104.0,49.0,16.44,0.7306444969184916,-0.6827580970759147
0.0,0.0,0.0,1.0,1197.0,1125.0171428571427,16.0,27.0,7.666666666666667,92.0,43.0,15.84,0.7187918772884232,-0.6952253139408722
0.0,0.0,0.0,1.0,1587.2,1220.09,0.0,43.0,7.566666666666666,102.0,47.0,16.68,0.7067265555776158,-0.7074868024503348
0.0,0.0,0.0,1.0,4154.16,1617.992857142857,17.0,43.0,8.0,91.0,45.0,16.53,0.6944521021088763,-0.719538934232584
0.0,0.0,0.0,1.0,3135.12,1895.105714285714,41.0,56.0,9.366666666666667,118.0,41.0,13.08,0.6819721490904629,-0.7313781428679254
0.0,0.0,0.0,1.0,1460.81,1956.0385714285712,34.0,88.0,10.5,59.0,44.0,14.42,0.6692903895412567,-0.7430009249440493
0.0,0.0,0.0,1.0,544.64,1841.9099999999999,38.0,147.0,11.433333333333334,109.0,48.0,13.61,0.6433365204044917,-0.765583517007675
0.0,0.0,0.0,1.0,994.28,1867.6014285714284,17.0,185.0,11.0,97.0,42.0,15.78,0.6300720909843687,-0.7765366444428655
0.0,0.0,0.0,1.0,956.88,1833.2985714285712,2.0,283.0,10.466666666666667,107.0,45.0,17.52,0.5891760872322963,-0.8080046647350754
0.0,0.0,0.0,1.0,1237.5,1783.3414285714284,2.0,244.0,10.533333333333333,59.0,50.0,20.83,0.5751899607119775,-0.8180198708443174
0.0,0.0,0.0,1.0,848.01,1311.0342857142857,35.0,164.0,11.033333333333333,80.0,43.0,15.96,0.5322271388474397,-0.8466016020976267
0.0,0.0,0.0,1.0,823.67,980.8271428571427,118.0,182.0,14.566666666666666,92.0,44.0,6.71,0.5175855102531889,-0.8556314858488706
0.0,0.0,0.0,1.0,869.13,896.3014285714286,15.0,187.0,14.466666666666667,108.0,42.0,16.79,0.4878471454423119,-0.8729290708206411
0.0,0.0,0.0,1.0,1133.12,980.3699999999999,29.0,200.0,15.266666666666667,42.0,48.0,16.79,0.47275920928627757,-0.881191653407483
0.0,0.0,0.0,1.0,1069.83,991.1628571428571,0.0,227.0,14.3,105.0,48.0,19.06,0.4575313760742512,-0.8891934772070711
0.0,0.0,0.0,1.0,1380.69,1051.7071428571428,0.0,227.0,14.3,108.0,47.0,18.16,0.44216815196707204,-0.8969321743510065
0.0,0.0,0.0,1.0,1333.48,1065.4185714285713,33.0,198.0,15.4,88.0,41.0,16.64,0.42667408318992467,-0.9044054548343001
0.0,0.0,0.0,1.0,1719.64,1189.9371428571428,53.0,196.0,17.033333333333335,71.0,40.0,17.18,0.4110537546870351,-0.9116111071930239
0.0,0.0,0.0,1.0,1275.4,1254.4699999999998,14.0,131.0,17.066666666666666,84.0,44.0,18.26,0.3953117887649151,-0.9185469991587165
0.0,0.0,0.0,1.0,981.76,1270.5599999999997,11.0,153.0,17.433333333333334,24.0,41.0,14.58,0.36348161248290634,-0.9316013725767187
0.0,0.0,0.0,1.0,220.5,1140.185714285714,7.0,135.0,17.366666666666667,126.0,39.0,15.4,0.3474028211842774,-0.9377159910299093
0.0,0.0,0.0,1.0,1203.42,1159.27,0.0,142.0,17.366666666666667,109.0,54.0,15.88,0.3312212278016865,-0.9435531242349544
0.0,0.0,0.0,1.0,1969.67,1243.4099999999999,29.0,142.0,18.333333333333332,98.0,42.0,12.32,0.31494162072895193,-0.9491110448902284
0.0,0.0,0.0,1.0,1654.38,1289.252857142857,64.0,138.0,20.433333333333334,103.0,44.0,6.65,0.2985688173637202,-0.9543881083175908
0.0,0.0,0.0,1.0,445.25,1107.1971428571428,15.0,129.0,20.266666666666666,40.0,44.0,14.62,0.24893980855376657,-0.9685189578512204
0.0,0.0,0.0,1.0,383.18,979.7371428571427,13.0,133.0,20.7,103.0,48.0,13.69,0.23224292400907015,-0.9726578145718654
0.0,0.0,0.0,1.0,987.0,980.4857142857143,12.0,139.0,21.1,120.0,37.0,14.78,0.21547731504673012,-0.976508846196619
0.0,0.0,0.0,1.0,1082.14,1103.5771428571427,0.0,151.0,20.966666666666665,100.0,50.0,14.29,0.19864794288017112,-0.9800709131432666
0.0,0.0,0.0,1.0,1007.45,1075.5814285714284,0.0,75.0,20.7,115.0,46.0,17.08,0.14782713347053048,-0.9890132145779883
0.0,0.0,0.0,1.0,1325.7,983.5857142857142,2.0,63.0,20.566666666666666,97.0,44.0,17.61,0.11371951458594969,-0.9935128947338007
0.0,0.0,0.0,1.0,1101.66,904.6257142857141,4.0,52.0,20.7,98.0,48.0,19.45,0.0966127018812031,-0.9953220513156602
0.0,0.0,0.0,1.0,1305.61,1027.5342857142855,5.0,44.0,20.333333333333332,99.0,48.0,17.65,0.07947729992362097,-0.9968366760893436
0.0,0.0,0.0,1.0,1196.7,1143.7514285714285,16.0,49.0,20.866666666666667,85.0,49.0,16.48,0.062318379354325076,-0.998056320853012
0.0,0.0,0.0,1.0,1647.67,1238.1328571428571,65.0,65.0,22.466666666666665,83.0,42.0,6.6,0.04514101777397193,-0.9989806246941579
0.0,0.0,0.0,1.0,350.72,1133.6442857142856,9.0,103.0,21.4,116.0,49.0,18.69,0.02795029824021032,-0.999609314096404
0.0,0.0,0.0,1.0,1834.08,1251.7342857142855,0.0,112.0,20.266666666666666,48.0,48.0,15.77,0.01075130776352193,-0.9999422030204416
0.0,0.0,0.0,1.0,514.76,1135.8857142857141,35.0,101.0,20.166666666666668,89.0,46.0,12.7,-0.00645086419810515,-0.9999791929590823
0.0,0.0,0.0,1.0,751.45,1085.8557142857142,36.0,134.0,20.8,83.0,43.0,8.63,-0.023651127245231586,-0.9997202729664083
0.0,0.0,0.0,1.0,468.98,966.3371428571428,10.0,166.0,21.066666666666666,75.0,42.0,15.07,-0.04084439154329611,-0.9991655196610109
0.0,0.0,0.0,1.0,711.9,897.0799999999999,10.0,171.0,21.333333333333332,81.0,39.0,11.42,-0.05802556932878035,-0.9983150972033183
0.0,0.0,0.0,1.0,1195.5,832.4842857142856,36.0,165.0,21.366666666666667,83.0,42.0,8.19,-0.07518957641475855,-0.9971692572470178
0.0,0.0,0.0,1.0,435.2,844.552857142857,33.0,136.0,18.533333333333335,91.0,47.0,10.91,-0.09233133369539122,-0.9957283388645872
0.0,0.0,0.0,1.0,1217.31,756.4428571428571,0.0,160.0,18.033333333333335,40.0,49.0,10.8,-0.10944576864891556,-0.993992768446958
0.0,0.0,0.0,1.0,298.08,725.4885714285713,0.0,111.0,17.066666666666666,89.0,49.0,10.22,-0.16057454459499376,-0.9870237158387383
0.0,0.0,0.0,1.0,623.35,707.1885714285714,33.0,101.0,18.166666666666668,85.0,46.0,11.41,-0.17752914918703497,-0.984115542601034
0.0,0.0,0.0,1.0,630.5,730.2628571428569,0.0,107.0,18.166666666666668,105.0,46.0,14.16,-0.2112757555821793,-0.9774264960104055
0.0,0.0,0.0,1.0,1003.73,771.952857142857,7.0,74.0,17.3,19.0,41.0,12.32,-0.2280577712215198,-0.9736476020539838
0.0,0.0,0.0,1.0,150.93,622.7285714285714,56.0,81.0,17.4,84.0,46.0,11.89,-0.24477230089725957,-0.9695805901076308
0.0,0.0,0.0,1.0,654.35,654.0357142857141,0.0,115.0,16.933333333333334,105.0,43.0,12.81,-0.2614143985111562,-0.965226663665613
0.0,0.0,0.0,1.0,3355.25,959.4557142857141,19.0,115.0,17.2,74.0,50.0,13.84,-0.2779791393987801,-0.9605871111248129
0.0,0.0,0.0,1.0,696.32,1016.3471428571427,9.0,134.0,17.266666666666666,89.0,45.0,12.25,-0.2944616217868012,-0.9556633054034704
0.0,0.0,0.0,1.0,708.5,1028.5114285714283,20.0,110.0,17.933333333333334,92.0,48.0,11.25,-0.3108569682435036,-0.9504567035349151
0.0,0.0,0.0,1.0,693.45,1037.5042857142855,5.0,111.0,17.133333333333333,98.0,42.0,11.28,-0.3271603271220951,-0.9449688462364056
0.0,0.0,0.0,1.0,718.25,996.7214285714284,0.0,116.0,15.0,39.0,43.0,14.18,-0.34336687399638804,-0.939201357453208
0.0,0.0,0.0,1.0,359.45,1026.5099999999998,33.0,109.0,15.6,86.0,50.0,11.05,-0.3594718130884232,-0.9331559438780432
0.0,0.0,0.0,1.0,655.5,1026.6742857142856,0.0,94.0,15.166666666666666,104.0,46.0,13.32,-0.4071294853542516,-0.9133704517637858
0.0,0.0,0.0,1.0,941.8,681.8957142857141,43.0,85.0,16.2,84.0,43.0,9.04,-0.4227806579826773,-0.9062320427107697
0.0,0.0,0.0,1.0,478.17,650.7314285714284,0.0,108.0,16.2,80.0,49.0,10.64,-0.4383067230125192,-0.898825465016444
0.0,0.0,0.0,1.0,587.19,633.4014285714285,18.0,103.0,16.8,30.0,45.0,11.4,-0.45370308603134424,-0.8911529104063088
0.0,0.0,0.0,1.0,227.43,566.8271428571427,8.0,121.0,17.0,81.0,43.0,12.17,-0.46896519100763184,-0.8832166493127127
0.0,0.0,0.0,1.0,1381.04,661.5114285714284,84.0,89.0,19.666666666666668,63.0,53.0,6.75,-0.4990686026885319,-0.8665624788845385
0.0,0.0,0.0,1.0,301.75,653.2685714285714,0.0,153.0,19.5,92.0,49.0,9.28,-0.5139010013093103,-0.8578494977869301
0.0,0.0,0.0,1.0,1118.53,719.4157142857142,0.0,110.0,18.966666666666665,85.0,45.0,12.87,-0.5431052396834317,-0.8396646346181327
0.0,0.0,0.0,1.0,1226.98,760.1557142857142,5.0,110.0,16.966666666666665,41.0,44.0,13.46,-0.5574684374327892,-0.8301981337405212
0.0,0.0,0.0,1.0,369.84,744.68,2.0,97.0,16.733333333333334,89.0,49.0,11.38,-0.5716666713027052,-0.8204859638785327
0.0,0.0,0.0,1.0,709.1,762.0957142857143,6.0,91.0,16.933333333333334,95.0,42.0,11.23,-0.5856957398073508,-0.8105309990194823
0.0,0.0,0.0,1.0,682.88,827.1599999999999,21.0,97.0,16.466666666666665,87.0,44.0,8.29,-0.5995514915196489,-0.8003361849976323
0.0,0.0,0.0,1.0,468.65,696.8185714285713,0.0,67.0,15.266666666666667,91.0,41.0,11.87,-0.6267266965083301,-0.7792391467859886
0.0,0.0,0.0,1.0,2570.8,1020.9685714285714,16.0,67.0,15.466666666666667,82.0,44.0,10.17,-0.6400381082043503,-0.7683431655492202
0.0,0.0,0.0,1.0,537.93,938.0257142857143,32.0,76.0,16.2,92.0,43.0,7.78,-0.6788204829862355,-0.734304263829602
0.0,0.0,0.0,1.0,465.4,829.2285714285714,16.0,102.0,15.533333333333333,71.0,45.0,11.27,-0.6913512362094071,-0.722518835873311
0.0,0.0,0.0,1.0,4280.0,1387.822857142857,13.0,97.0,14.866666666666667,94.0,44.0,11.03,-0.7036774074790128,-0.7105196029692745
0.0,0.0,0.0,1.0,674.05,1382.8157142857142,16.0,77.0,15.4,89.0,39.0,12.15,-0.7157953492826642,-0.6983101158835584
0.0,0.0,0.0,1.0,670.22,1381.0071428571428,25.0,93.0,16.233333333333334,64.0,43.0,8.0,-0.7277014757264236,-0.6858939875998223
0.0,0.0,0.0,1.0,4051.68,1892.8685714285714,17.0,102.0,15.7,83.0,46.0,12.82,-0.7508642533989489,-0.6604565640279754
0.0,0.0,0.0,1.0,702.24,1625.9314285714283,4.0,119.0,15.833333333333334,80.0,47.0,13.16,-0.7621140503891487,-0.6474427960827475
0.0,0.0,0.0,1.0,716.04,1651.3757142857141,2.0,75.0,15.666666666666666,80.0,46.0,9.45,-0.7839338166829201,-0.620844401650647
0.0,0.0,0.0,1.0,510.3,1657.7899999999997,12.0,64.0,14.2,73.0,44.0,10.81,-0.8247650844733614,-0.5654755126737576
0.0,0.0,0.0,1.0,501.01,1117.9342857142856,0.0,59.0,14.2,93.0,44.0,9.83,-0.8343701235229538,-0.5512045872199277
0.0,0.0,0.0,1.0,612.38,1109.1242857142856,0.0,70.0,13.566666666666666,86.0,47.0,10.49,-0.8528367217694595,-0.522177676659508
0.0,0.0,0.0,1.0,626.89,1102.9342857142856,7.0,68.0,13.5,88.0,41.0,11.05,-0.8616928164028522,-0.5074302810827518
0.0,0.0,0.0,1.0,617.22,612.2971428571427,4.0,74.0,12.966666666666667,91.0,46.0,12.24,-0.8702939222685674,-0.49253272872205434
0.0,0.0,0.0,1.0,757.52,620.1942857142857,33.0,41.0,13.9,32.0,46.0,10.97,-0.8786374941610001,-0.4774894280028391
0.0,0.0,0.0,1.0,2220.42,835.1057142857143,51.0,71.0,15.6,90.0,41.0,9.99,-0.886721063082993,-0.46230483047981086
0.0,0.0,0.0,1.0,1191.88,932.4742857142857,13.0,110.0,14.933333333333334,90.0,41.0,13.01,-0.8945422369764496,-0.4469834295196741
0.0,0.0,0.0,1.0,731.88,965.4557142857141,17.0,123.0,15.5,95.0,49.0,12.77,-0.9020987014301837,-0.43152975897147144
0.0,0.0,0.0,1.0,824.84,995.8071428571427,25.0,130.0,14.9,89.0,43.0,9.75,-0.9164086366943458,-0.4002439388573056
0.0,0.0,0.0,1.0,551.18,984.9914285714285,25.0,148.0,15.733333333333333,87.0,39.0,11.34,-0.9231578729647039,-0.38442104726885545
0.0,0.0,0.0,1.0,602.07,982.8271428571427,17.0,156.0,15.7,93.0,49.0,13.43,-0.9358348973349941,-0.35243871088460327
0.0,0.0,0.0,1.0,843.08,995.0499999999998,0.0,122.0,15.433333333333334,94.0,37.0,12.79,-0.9417589340994617,-0.33628873017668287
0.0,0.0,0.0,1.0,727.21,781.7342857142855,0.0,109.0,12.633333333333333,87.0,47.0,13.71,-0.9474042892438845,-0.32003923622313857
0.0,0.0,0.0,1.0,799.31,725.652857142857,0.0,92.0,12.633333333333333,102.0,50.0,12.61,-0.9527692922168511,-0.30369503751065885
0.0,0.0,0.0,1.0,2659.91,1001.0857142857142,7.0,87.0,12.866666666666667,95.0,43.0,12.86,-0.9578523554276669,-0.28726097055059635
0.0,0.0,0.0,1.0,775.97,994.1042857142857,22.0,69.0,13.433333333333334,78.0,40.0,9.4,-0.9626519747161487,-0.2707418984477642
0.0,0.0,0.0,1.0,458.12,980.8099999999998,39.0,66.0,14.666666666666666,33.0,44.0,8.45,-0.9671667297977312,-0.2541427094613622
0.0,0.0,0.0,1.0,533.35,970.992857142857,12.0,85.0,14.866666666666667,84.0,43.0,14.95,-0.97139528468375,-0.23746831555846842
0.0,0.0,0.0,1.0,797.56,964.4899999999999,0.0,80.0,14.166666666666666,92.0,41.0,10.51,-0.9753363880767837,-0.2207236509605022
0.0,0.0,0.0,1.0,609.21,947.632857142857,0.0,110.0,14.166666666666666,82.0,42.0,14.49,-0.9823516608469237,-0.18704334906991657
0.0,0.0,0.0,1.0,772.2,943.7599999999999,5.0,110.0,13.8,86.0,45.0,10.51,-0.9854237542919524,-0.17011767832049052
0.0,0.0,0.0,1.0,1419.6799999999998,766.5842857142856,24.0,108.0,13.533333333333333,105.0,44.0,7.4,-0.9882042449941422,-0.15314166701312007
0.0,0.0,0.0,1.0,849.82,777.1342857142855,19.0,110.0,13.633333333333333,29.0,44.0,14.0,-0.9906923101615609,-0.13612033862266704
0.0,0.0,0.0,1.0,261.87,749.0985714285713,20.0,90.0,13.866666666666667,90.0,42.0,14.42,-0.9928872135356962,-0.11905873003404988
0.0,0.0,0.0,1.0,817.74,789.725714285714,38.0,98.0,14.6,107.0,45.0,10.11,-0.994788305609327,-0.10196189005174576
0.0,0.0,0.0,1.0,2951.71,1097.4614285714285,30.0,136.0,14.766666666666667,96.0,46.0,8.2,-0.9963950238187231,-0.08483487790576538
0.0,0.0,0.0,1.0,523.36,1085.1971428571428,0.0,136.0,14.2,84.0,50.0,14.8,-0.9977068927101168,-0.06768276175455162
0.0,0.0,0.0,1.0,863.89,1098.2957142857142,8.0,136.0,14.333333333333334,102.0,47.0,13.03,-0.9987235240803972,-0.050510617185222886
0.0,0.0,0.0,1.0,1542.79,1115.882857142857,27.0,139.0,15.166666666666666,101.0,45.0,11.7,-0.9994446170919858,-0.033323525711631344
0.0,0.0,0.0,1.0,1258.39,1174.25,32.0,123.0,15.833333333333334,96.0,43.0,8.74,-0.9999994220246925,0.001075151282798226
0.0,0.0,0.0,1.0,1227.96,1312.2628571428572,0.0,135.0,15.833333333333334,96.0,45.0,12.56,-0.999832969770105,0.018276557681691223
0.0,0.0,0.0,1.0,789.93,1308.2899999999997,90.0,97.0,18.833333333333332,98.0,48.0,5.27,-0.9993706508539969,0.03547255575312556
0.0,0.0,0.0,1.0,343.14,935.6371428571427,25.0,157.0,19.433333333333334,100.0,43.0,9.51,-0.9986126020839734,0.052658056924614005
0.0,0.0,0.0,1.0,2415.64,1205.9628571428568,118.0,182.0,23.233333333333334,82.0,44.0,6.16,-0.9975590477788613,0.06982797572987089
0.0,0.0,0.0,1.0,1172.3,1250.0214285714285,2.0,292.0,22.2,74.0,43.0,15.51,-0.9962102997023297,0.0869772313136861
0.0,0.0,0.0,1.0,740.46,1135.4028571428569,4.0,247.0,20.633333333333333,86.0,42.0,14.64,-0.9903973200352558,0.1382503109109819
0.0,0.0,0.0,1.0,818.35,1072.5399999999997,53.0,162.0,21.966666666666665,84.0,42.0,9.82,-0.9850556718215013,0.172236243027682
0.0,0.0,0.0,1.0,1794.88,1153.5285714285712,40.0,190.0,22.733333333333334,95.0,46.0,12.29,-0.981947190186646,0.18915526872004093
0.0,0.0,0.0,1.0,759.2,1149.1385714285714,0.0,112.0,21.9,98.0,42.0,16.44,-0.9785481345802031,0.20601832032517084
0.0,0.0,0.0,1.0,1047.15,1249.7114285714285,4.0,110.0,21.2,34.0,51.0,16.65,-0.9748595108374125,0.22282040779479959
0.0,0.0,0.0,1.0,396.2,961.2199999999999,3.0,106.0,20.733333333333334,106.0,49.0,14.96,-0.9708824104813836,0.23955655912092708
0.0,0.0,0.0,1.0,1935.27,1070.2157142857143,23.0,165.0,21.5,75.0,43.0,8.89,-0.9620675724981452,0.27281126433401914
0.0,0.0,0.0,1.0,1014.88,1109.4185714285713,0.0,187.0,21.5,95.0,47.0,12.56,-0.957232443323312,0.28931997761869527
0.0,0.0,0.0,1.0,811.24,1108.402857142857,25.0,134.0,22.333333333333332,97.0,46.0,15.39,-0.9521140536681102,0.3057430764672831
0.0,0.0,0.0,1.0,1007.78,995.9599999999998,37.0,179.0,23.333333333333332,28.0,42.0,11.71,-0.9410336347451197,0.3383130181923076
0.0,0.0,0.0,1.0,209.92,917.4914285714284,2.0,212.0,22.666666666666668,82.0,43.0,16.78,-0.9350748843515574,0.3544502230989869
0.0,0.0,0.0,1.0,2895.16,1181.492857142857,2.0,211.0,21.433333333333334,95.0,50.0,13.16,-0.9288394302558068,0.3704825404820963
0.0,0.0,0.0,1.0,2432.5,1472.392857142857,31.0,149.0,22.066666666666666,81.0,45.0,10.14,-0.9223291176290545,0.3864052261209853
0.0,0.0,0.0,1.0,1402.97,1396.35,106.0,157.0,25.6,91.0,42.0,5.93,-0.9155458729775467,0.40221356823680365
0.0,0.0,0.0,1.0,2164.2,1560.5385714285715,0.0,263.0,25.6,113.0,43.0,13.16,-0.9084917035725082,0.41790288888678667
0.0,0.0,0.0,1.0,951.68,1580.6014285714282,1.0,238.0,25.466666666666665,97.0,45.0,13.08,-0.9011686968561569,0.4334685453485363
0.0,0.0,0.0,1.0,3769.23,1975.0942857142857,26.0,179.0,25.533333333333335,33.0,41.0,11.0,-0.8935790198239952,0.4489059314938798
0.0,0.0,0.0,1.0,842.06,2065.4,15.0,188.0,25.4,106.0,47.0,17.72,-0.8776087166898392,0.4793776594606945
0.0,0.0,0.0,1.0,1277.04,1834.2399999999998,43.0,201.0,26.166666666666668,81.0,44.0,14.65,-0.8692328164574792,0.49440298420761813
0.0,0.0,0.0,1.0,1194.55,1657.3899999999999,2.0,213.0,24.966666666666665,95.0,48.0,17.01,-0.8605996962501181,0.5092820071573356
0.0,0.0,0.0,1.0,1123.12,1617.4114285714281,32.0,109.0,25.033333333333335,84.0,44.0,11.02,-0.8517119107469189,0.5240103253675756
0.0,0.0,0.0,1.0,606.53,1394.8871428571426,27.0,141.0,25.933333333333334,104.0,45.0,10.16,-0.8425720899866032,0.5385835804920232
0.0,0.0,0.0,1.0,692.34,1357.8385714285712,41.0,167.0,27.033333333333335,28.0,45.0,14.18,-0.8331829385891785,0.5529974600700271
0.0,0.0,0.0,1.0,258.05,856.2414285714284,55.0,202.0,27.966666666666665,92.0,42.0,13.22,-0.8136678304455991,0.5813300798152042
0.0,0.0,0.0,1.0,778.24,847.1242857142855,6.0,242.0,27.1,94.0,48.0,16.17,-0.8035476485339116,0.5952404359043674
0.0,0.0,0.0,1.0,1041.2,813.432857142857,28.0,196.0,28.033333333333335,42.0,50.0,14.24,-0.7607200913564104,0.6490800741100398
0.0,0.0,0.0,1.0,406.64,700.8742857142855,90.0,183.0,28.033333333333335,79.0,47.0,6.47,-0.7494423368521954,0.6620696215153815
0.0,0.0,0.0,1.0,791.81,653.5442857142856,22.0,179.0,27.933333333333334,89.0,49.0,10.12,-0.7262249146041543,0.6874571793269664
0.0,0.0,0.0,1.0,4242.68,1172.9942857142855,24.0,172.0,24.8,72.0,41.0,10.99,-0.7021479494046978,0.7120310787787131
0.0,0.0,0.0,1.0,506.24,1146.4085714285713,18.0,188.0,25.333333333333332,90.0,47.0,15.49,-0.6897960046655887,0.7240037789593305
0.0,0.0,0.0,1.0,940.95,1243.965714285714,0.0,206.0,25.2,36.0,50.0,14.78,-0.6772399381909491,0.7357622347736527
0.0,0.0,0.0,1.0,369.74,1185.6085714285712,3.0,297.0,23.533333333333335,82.0,46.0,14.9,-0.6383844591746642,0.7697176640069211
0.0,0.0,0.0,1.0,818.74,1153.8285714285714,38.0,261.0,23.466666666666665,91.0,44.0,13.56,-0.6115298757991053,0.7912213413483807
0.0,0.0,0.0,1.0,802.1,1210.322857142857,11.0,275.0,23.833333333333332,88.0,47.0,15.86,-0.5978291414589552,0.801623551065242
0.0,0.0,0.0,1.0,935.32,1230.8242857142857,1.0,248.0,23.733333333333334,105.0,42.0,15.14,-0.5556819724760489,0.8313949395234058
0.0,0.0,0.0,1.0,1617.6,855.812857142857,0.0,222.0,23.633333333333333,34.0,52.0,14.35,-0.4822058478963526,0.8760579434344281
0.0,0.0,0.0,1.0,356.24,834.3842857142856,2.0,217.0,22.933333333333334,86.0,44.0,12.0,-0.46706492487743034,0.8842230238742036
0.0,0.0,0.0,1.0,1912.12,973.1228571428571,1.0,218.0,22.966666666666665,85.0,45.0,13.12,-0.4363729641045924,0.8997658785476209
0.0,0.0,0.0,1.0,735.9,1025.4314285714283,34.0,167.0,23.266666666666666,87.0,43.0,7.07,-0.42083100859565564,0.9071390534005044
0.0,0.0,0.0,1.0,396.68,965.1371428571427,0.0,174.0,22.033333333333335,75.0,46.0,14.39,-0.3893781415452015,0.9210779895789526
0.0,0.0,0.0,1.0,728.33,954.5985714285713,9.0,84.0,22.266666666666666,37.0,43.0,15.3,-0.37347653741307074,0.9276396261490467
0.0,0.0,0.0,1.0,367.9,873.5385714285712,3.0,91.0,22.3,97.0,47.0,12.63,-0.34134651424503615,0.9399375283564133
0.0,0.0,0.0,1.0,1372.75,838.5599999999997,21.0,91.0,21.966666666666665,84.0,41.0,10.24,-0.30881248126625377,0.9511229423235357
0.0,0.0,0.0,1.0,533.2,863.8399999999999,0.0,78.0,18.433333333333334,88.0,50.0,10.77,-0.29240597695107734,0.9562942772197719
0.0,0.0,0.0,1.0,1512.86,806.802857142857,34.0,33.0,19.566666666666666,89.0,43.0,9.35,-0.27591294500296043,0.9611826292540837
0.0,0.0,0.0,1.0,2507.8,1059.9314285714286,6.0,73.0,19.733333333333334,101.0,53.0,14.55,-0.2426868445825954,0.9701046827361175
0.0,0.0,0.0,1.0,1043.7,1152.362857142857,36.0,148.0,20.066666666666666,82.0,46.0,10.16,-0.17541259380427843,0.9844950085880858
0.0,0.0,0.0,1.0,558.11,1128.0457142857142,20.0,184.0,20.233333333333334,77.0,45.0,12.45,-0.15845177496083632,0.9873667175937016
0.0,0.0,0.0,1.0,618.56,1163.8542857142857,16.0,170.0,19.333333333333332,30.0,48.0,14.37,-0.14144406768794202,0.9899462489023779
0.0,0.0,0.0,1.0,288.77,1009.0,10.0,192.0,19.6,82.0,45.0,10.34,-0.09019000427034513,0.9959245770286599
0.0,0.0,0.0,1.0,555.44,1012.1771428571427,15.0,174.0,19.033333333333335,90.0,46.0,10.57,-0.07304518821104743,0.9973286321364752
0.0,0.0,0.0,1.0,3322.66,1270.7199999999998,15.0,158.0,18.633333333333333,89.0,45.0,12.12,-0.05587875690537313,0.9984375616565666
0.0,0.0,0.0,1.0,695.96,1011.8857142857141,41.0,137.0,18.633333333333333,82.0,49.0,10.28,-0.03869579017652689,0.9992510374388481
0.0,0.0,0.0,1.0,573.24,944.6771428571427,46.0,153.0,18.333333333333332,99.0,45.0,11.94,-0.004300592702981974,0.9999907524084426
0.0,0.0,0.0,1.0,1212.21,1038.1199999999997,8.0,182.0,18.4,82.0,51.0,17.39,0.017201575418260506,0.9998520419557735
0.0,0.0,0.0,1.0,983.94,1090.3171428571427,0.0,180.0,17.466666666666665,97.0,47.0,18.67,0.03439806061360801,0.9994082116062598
0.0,0.0,0.0,1.0,1240.54,1226.2842857142855,12.0,165.0,14.866666666666667,87.0,42.0,15.16,0.051584366869408364,0.9986686402879997
0.0,0.0,0.0,1.0,824.38,1264.7042857142856,0.0,162.0,14.133333333333333,87.0,50.0,15.68,0.06875540848113941,0.9976335468520451
0.0,0.0,0.0,1.0,941.16,924.4899999999999,1.0,121.0,13.366666666666667,34.0,45.0,14.53,0.08590610426133272,0.9963032375991965
0.0,0.0,0.0,1.0,330.98,872.3499999999998,3.0,111.0,12.866666666666667,79.0,48.0,16.03,0.10303137904317879,0.9946781061893646
0.0,0.0,0.0,1.0,873.54,915.2499999999999,0.0,68.0,12.866666666666667,83.0,46.0,15.72,0.1201261651823505,0.9927586335250793
0.0,0.0,0.0,1.0,2739.4,1133.4199999999998,0.0,24.0,12.766666666666667,82.0,43.0,16.66,0.13718540405660057,0.9905453876091833
0.0,0.0,0.0,1.0,908.39,1122.6271428571429,0.0,40.0,11.5,77.0,42.0,16.21,0.17117705961019986,0.985240282501282
0.0,0.0,0.0,1.0,798.72,1059.5099999999998,0.0,28.0,11.133333333333333,101.0,46.0,18.99,0.18809941761179758,0.9821499931752291
0.0,0.0,0.0,1.0,1285.06,1125.3214285714284,0.0,28.0,11.1,29.0,43.0,16.45,0.20496611396949532,0.9787690698649216
0.0,0.0,0.0,1.0,312.44,1035.5042857142855,0.0,24.0,11.1,81.0,47.0,14.07,0.23851257519407648,0.9711394088771653
0.0,0.0,0.0,1.0,763.8,1097.3357142857142,9.0,24.0,11.333333333333334,69.0,47.0,16.75,0.2551824131233728,0.9668929289391521
0.0,0.0,0.0,1.0,757.18,1080.712857142857,0.0,33.0,11.3,102.0,51.0,19.98,0.2717767384711357,0.9623603298276545
0.0,0.0,0.0,1.0,1426.6,893.1699999999998,0.0,9.0,10.166666666666666,96.0,46.0,12.88,0.2882906407095177,0.9575429528116719
0.0,0.0,0.0,1.0,828.12,881.702857142857,0.0,19.0,10.166666666666666,105.0,46.0,15.8,0.3534446712740877,0.9354554315134164
0.0,0.0,0.0,1.0,1103.24,925.2057142857142,6.0,19.0,10.066666666666666,97.0,47.0,12.1,0.3694836834473831,0.9292372181882051
0.0,0.0,0.0,1.0,780.71,853.1557142857142,0.0,43.0,9.966666666666667,97.0,47.0,17.96,0.4012289854475009,0.9159777842484877
0.0,0.0,0.0,1.0,1184.56,977.7442857142856,0.0,43.0,9.266666666666667,76.0,43.0,16.58,0.4169258813287287,0.908940487313808
0.0,0.0,0.0,1.0,825.3,986.5299999999999,0.0,43.0,9.266666666666667,32.0,46.0,18.5,0.4324994021339788,0.901634220265486
0.0,0.0,0.0,1.0,3709.72,1408.3214285714287,0.0,33.0,8.133333333333333,96.0,46.0,15.97,0.4632579225674917,0.88622350294858
0.0,0.0,0.0,1.0,1027.11,1351.2514285714283,3.0,27.0,8.033333333333333,80.0,46.0,16.81,0.49346814167723735,0.8697638720650646
0.0,0.0,0.0,1.0,894.43,1360.7242857142858,4.0,10.0,6.966666666666667,94.0,46.0,13.69,0.5230943033491326,0.8522748088519838
0.0,0.0,0.0,1.0,1345.16,1395.2842857142855,0.0,14.0,6.3,42.0,45.0,11.31,0.5376773767406141,0.8431506618282
0.0,0.0,0.0,1.0,323.0,1329.8971428571426,0.0,14.0,5.766666666666667,70.0,43.0,11.39,0.5521013427459208,0.8337770129585915
0.0,0.0,0.0,1.0,1002.07,1303.8271428571427,0.0,14.0,5.433333333333334,88.0,45.0,9.83,0.5663619330814524,0.8241566360566663
0.0,0.0,0.0,1.0,570.9,1267.4842857142853,0.0,14.0,4.933333333333334,83.0,47.0,12.81,0.580454927809098,0.8142923779467267
0.0,0.0,0.0,1.0,733.47,842.3057142857142,6.0,14.0,4.633333333333334,63.0,41.0,8.98,0.5943761565849831,0.804187157621448
0.0,0.0,0.0,1.0,356.58,746.5157142857142,16.0,17.0,3.8,97.0,42.0,11.48,0.6081214998935418,0.7938439653781019
0.0,0.0,0.0,1.0,718.53,721.3871428571427,5.0,26.0,2.433333333333333,89.0,47.0,12.83,0.6216868902665479,0.7832658619336791
0.0,0.0,0.0,1.0,770.85,639.3428571428569,4.0,27.0,2.3,29.0,51.0,16.03,0.6350683134867438,0.7724559775191742
0.0,0.0,0.0,1.0,320.85,639.0357142857141,8.0,31.0,2.566666666666667,92.0,39.0,16.64,0.6482618097757122,0.7614175109532997
0.0,0.0,0.0,1.0,941.56,630.3914285714284,0.0,39.0,2.1666666666666665,90.0,47.0,17.07,0.6612634749656386,0.7501537286959042
0.0,0.0,0.0,1.0,1036.8,696.9485714285713,0.0,39.0,2.1666666666666665,99.0,49.0,16.14,0.6740694616546161,0.7386679638813748
0.0,0.0,0.0,1.0,1102.62,749.6842857142856,21.0,33.0,2.8333333333333335,80.0,48.0,11.79,0.6990793005655562,0.7150441465537444
0.0,0.0,0.0,1.0,3315.53,1172.3914285714284,0.0,33.0,2.7333333333333334,33.0,47.0,16.73,0.7232617254437388,0.6905740195722293
0.0,0.0,0.0,1.0,1081.36,1224.2242857142858,0.0,29.0,2.7333333333333334,74.0,50.0,13.96,0.7350336741329413,0.6780306024735382
0.0,0.0,0.0,1.0,723.1,1217.4028571428569,0.0,21.0,2.7333333333333334,87.0,46.0,15.07,0.7579216274973472,0.6523456189565257
0.0,0.0,0.0,1.0,884.93,1297.985714285714,0.0,21.0,2.7333333333333334,87.0,51.0,13.66,0.7690308592589181,0.6392116531380588
0.0,0.0,0.0,1.0,831.6,1282.2771428571427,24.0,21.0,3.533333333333333,99.0,44.0,11.02,0.7799125224167177,0.6258885343075018
0.0,0.0,0.0,1.0,698.24,1233.9114285714284,0.0,24.0,3.533333333333333,81.0,45.0,14.72,0.7905633969115482,0.612380204990065
0.0,0.0,0.0,1.0,4190.68,1675.062857142857,0.0,24.0,3.533333333333333,30.0,49.0,14.23,0.8009803309782905,0.5986906625177214
0.0,0.0,0.0,1.0,2192.5,1514.6299999999999,0.0,24.0,3.2333333333333334,100.0,46.0,14.75,0.8111602420785621,0.5848239578463322
0.0,0.0,0.0,1.0,980.88,1500.275714285714,9.0,24.0,3.533333333333333,96.0,43.0,12.89,0.8211001178128892,0.5707841943569036
0.0,0.0,0.0,1.0,4209.24,1998.2957142857142,0.0,33.0,3.533333333333333,99.0,50.0,16.28,0.8307970168121247,0.5565755266413303
0.0,0.0,0.0,1.0,1112.28,2030.7742857142855,0.0,33.0,3.533333333333333,82.0,52.0,13.93,0.8494504794814806,0.527668345562516
0.0,0.0,0.0,1.0,793.69,2025.3585714285712,5.0,9.0,3.5,99.0,45.0,14.46,0.8584015232918917,0.512978386299228
0.0,0.0,0.0,1.0,966.6,2063.695714285714,0.0,14.0,3.5,39.0,46.0,14.59,0.8670985522812081,0.4981366284784055
0.0,0.0,0.0,1.0,386.92,1520.3014285714285,13.0,14.0,3.933333333333333,103.0,46.0,13.78,0.8755389928586302,0.4831474640149687
0.0,0.0,0.0,1.0,936.54,1340.8785714285714,0.0,27.0,3.933333333333333,90.0,48.0,21.57,0.8837203473619977,0.4680153284438345
0.0,0.0,0.0,1.0,1358.7,1394.8528571428571,0.0,18.0,3.933333333333333,98.0,49.0,18.81,0.8992961915530253,0.4373400963303323
0.0,0.0,0.0,1.0,1280.89,976.5171428571427,16.0,18.0,4.366666666666666,88.0,45.0,12.22,0.9066860720977985,0.4218060770826634
0.0,0.0,0.0,1.0,720.25,920.512857142857,0.0,34.0,4.233333333333333,91.0,50.0,19.87,0.9138076496466615,0.4061472386305789
0.0,0.0,0.0,1.0,1283.68,990.5114285714284,0.0,29.0,4.233333333333333,41.0,47.0,17.15,0.9206588168102428,0.3903682146763026
0.0,0.0,0.0,1.0,474.53,920.2157142857142,7.0,52.0,4.466666666666667,92.0,44.0,16.2,0.9395699859530622,0.342356891994542
0.0,0.0,0.0,1.0,975.95,1004.362857142857,0.0,60.0,4.466666666666667,87.0,46.0,19.97,0.9507903724625832,0.3098349038318025
0.0,0.0,0.0,1.0,1163.79,1036.8271428571427,5.0,44.0,4.633333333333334,35.0,50.0,20.14,0.9608854255574977,0.27694620226893646
0.0,0.0,0.0,1.0,497.03,913.7314285714284,9.0,33.0,4.733333333333333,89.0,47.0,18.92,0.969843196967294,0.24372971360968387
0.0,0.0,0.0,1.0,4655.12,1395.7642857142855,0.0,42.0,4.2,68.0,49.0,20.09,0.9738922359149924,0.22701082094141847
0.0,0.0,0.0,1.0,963.03,1430.4471428571428,15.0,55.0,4.533333333333333,64.0,47.0,21.36,0.984305844499033,0.17647097349152166
0.0,0.0,0.0,1.0,1623.73,1479.025714285714,0.0,70.0,4.4,37.0,48.0,17.43,0.9871957872910085,0.15951325197263655
0.0,0.0,0.0,1.0,425.7,1472.0499999999997,16.0,65.0,4.666666666666667,63.0,49.0,21.63,0.9897936029670716,0.14250832791617088
0.0,0.0,0.0,1.0,1508.84,1548.1771428571428,24.0,61.0,5.466666666666667,72.0,43.0,14.62,0.992098522791769,0.12546123335273648
0.0,0.0,0.0,1.0,673.92,1478.195714285714,4.0,76.0,5.6,89.0,48.0,18.06,0.9941098647022418,0.10837701279187609
0.0,0.0,0.0,1.0,1108.83,1565.5957142857144,0.0,80.0,4.9,78.0,45.0,15.94,0.9958270335100595,0.09126072172931188
0.0,0.0,0.0,1.0,1694.6,1142.6642857142856,0.0,59.0,4.9,100.0,41.0,21.34,0.9972495210773451,0.07411742515094437
0.0,0.0,0.0,1.0,1355.09,1198.672857142857,23.0,59.0,5.666666666666667,85.0,47.0,11.69,0.998376906467142,0.056952196034039754
0.0,0.0,0.0,1.0,665.98,1061.8514285714284,0.0,67.0,5.666666666666667,41.0,47.0,18.1,0.9992088560679753,0.03977011384605572
0.0,0.0,0.0,1.0,504.56,1073.1171428571427,0.0,67.0,5.666666666666667,88.0,45.0,21.12,0.9997451236925734,0.022576263041545485
0.0,0.0,0.0,1.0,1254.83,1036.8299999999997,7.0,51.0,5.1,89.0,43.0,27.24,0.9999855506507186,0.005375731557583884
0.0,0.0,0.0,1.0,1551.36,1162.178571428571,0.0,34.0,5.1,79.0,42.0,20.16,0.9999300657962057,-0.011826390691832589
0.0,0.0,0.0,1.0,1043.41,1152.832857142857,0.0,60.0,5.1,68.0,52.0,24.37,0.9989315138848577,-0.046215046983708354
0.0,0.0,0.0,1.0,1957.47,1190.3857142857141,12.0,44.0,5.5,84.0,49.0,21.94,0.9952176027737294,-0.09768276782171598
0.0,0.0,0.0,1.0,1253.24,1175.8357142857142,0.0,56.0,5.2,93.0,48.0,23.99,0.9933900548258936,-0.11478762552212701
0.0,0.0,0.0,1.0,1539.39,1300.6085714285712,19.0,49.0,5.833333333333333,97.0,45.0,19.84,0.9912685467787256,-0.13185851571739118
0.0,0.0,0.0,1.0,1937.08,1505.2542857142855,3.0,68.0,5.933333333333334,34.0,46.0,22.85,0.9888537064205885,-0.1488903868564548
0.0,0.0,0.0,1.0,1005.36,1469.6157142857141,17.0,41.0,6.333333333333333,36.0,40.0,22.28,0.986146248341595,-0.16587819893463143
0.0,0.0,0.0,1.0,3814.26,1792.8871428571426,19.0,70.0,6.966666666666667,15.0,46.0,23.8,0.9798567700958665,-0.1997015525660636
0.0,0.0,0.0,1.0,235.62,1677.4885714285715,22.0,82.0,7.266666666666667,45.0,42.0,14.84,0.9762766110869321,-0.21652708524481437
0.0,0.0,0.0,1.0,410.82,1456.5385714285715,32.0,92.0,8.333333333333334,28.0,45.0,18.21,0.9724075561219968,-0.23328854407545518
0.0,0.0,0.0,1.0,331.5,1324.8614285714284,0.0,102.0,8.333333333333334,33.0,48.0,19.85,0.9590788900341131,-0.28313898122818354
0.0,0.0,0.0,1.0,451.95,1169.512857142857,12.0,117.0,8.2,12.0,41.0,25.25,0.9487718864399473,-0.31596187665790293
0.0,0.0,0.0,1.0,2475.92,1246.49,14.0,110.0,8.666666666666666,88.0,43.0,19.14,0.9431964659565866,-0.33223549871590435
0.0,0.0,0.0,1.0,1086.18,1258.0357142857142,20.0,102.0,9.333333333333334,72.0,48.0,27.22,0.9373419384643772,-0.3484108069446808
0.0,0.0,0.0,1.0,1323.0,902.1414285714285,0.0,90.0,9.1,107.0,50.0,26.61,0.9248025743285089,-0.38044736628785164
0.0,0.0,0.0,1.0,1978.67,1151.1485714285714,16.0,90.0,9.633333333333333,102.0,46.0,19.16,0.9181214482844364,-0.39629913726891813
0.0,0.0,0.0,1.0,1299.41,1278.09,0.0,106.0,9.466666666666667,82.0,46.0,22.32,0.9111686353326631,-0.41203363695942635
0.0,0.0,0.0,1.0,1198.65,1401.9685714285713,27.0,62.0,10.066666666666666,34.0,47.0,17.0,0.9039461929224011,-0.42764620926777464
0.0,0.0,0.0,1.0,381.48,1391.9014285714281,41.0,43.0,11.433333333333334,103.0,43.0,19.49,0.8724040568049612,-0.48878539428899265
0.0,0.0,0.0,1.0,1284.48,1221.695714285714,20.0,84.0,11.6,85.0,43.0,30.24,0.8638670987837349,-0.503719798736334
0.0,0.0,0.0,1.0,3226.8,1527.4985714285715,7.0,88.0,11.833333333333334,87.0,46.0,25.6,0.8550745085896932,-0.518505144391157
0.0,0.0,0.0,1.0,1469.82,1548.472857142857,40.0,95.0,12.633333333333333,54.0,45.0,23.69,0.8460288880917339,-0.533137056031809
0.0,0.0,0.0,1.0,831.35,1384.57,17.0,108.0,12.4,93.0,41.0,31.09,0.8367329140344921,-0.5476112038402312
0.0,0.0,0.0,1.0,1806.88,1457.0657142857142,0.0,143.0,12.266666666666667,99.0,47.0,30.64,0.8174009818249189,-0.5760691233798758
0.0,0.0,0.0,1.0,2077.61,1582.6314285714286,10.0,135.0,12.6,119.0,47.0,28.09,0.7865965660866021,-0.6174672802835514
0.0,0.0,0.0,1.0,2239.81,1848.1071428571427,20.0,109.0,13.266666666666667,118.0,43.0,24.92,0.7648913904341225,-0.6441592666722685
0.0,0.0,0.0,1.0,1882.24,1933.5014285714283,35.0,112.0,13.666666666666666,104.0,46.0,23.03,0.753697664392914,-0.6572212950663319
0.0,0.0,0.0,1.0,1592.68,1700.0557142857142,0.0,131.0,13.666666666666666,107.0,43.0,30.59,0.7306444969184916,-0.6827580970759147
0.0,0.0,0.0,1.0,2127.45,1794.0028571428572,7.0,98.0,13.9,116.0,43.0,30.91,0.7187918772884232,-0.6952253139408722
0.0,0.0,0.0,1.0,2277.11,2000.5399999999997,56.0,85.0,15.533333333333333,98.0,49.0,24.8,0.7067265555776158,-0.7074868024503348
0.0,0.0,0.0,1.0,1628.1,1974.9999999999998,3.0,124.0,15.633333333333333,104.0,49.0,34.87,0.6692903895412567,-0.7430009249440493
0.0,0.0,0.0,1.0,2501.94,2035.6185714285714,15.0,92.0,16.133333333333333,126.0,43.0,24.56,0.6564105761979381,-0.7544038410927472
0.0,0.0,0.0,1.0,4131.28,2305.828571428571,0.0,112.0,15.733333333333333,107.0,42.0,28.13,0.6300720909843687,-0.7765366444428655
0.0,0.0,0.0,1.0,1941.45,2314.2871428571425,62.0,105.0,17.8,85.0,46.0,10.85,0.6166212130956382,-0.7872599821916922
0.0,0.0,0.0,1.0,1103.91,2244.462857142857,5.0,147.0,17.333333333333332,115.0,46.0,35.3,0.5751899607119775,-0.8180198708443174
0.0,0.0,0.0,1.0,2760.8,2334.941428571429,38.0,148.0,18.5,86.0,43.0,23.16,0.5467112728685939,-0.8373211953118121
0.0,0.0,0.0,1.0,3694.96,2537.4914285714285,30.0,139.0,18.933333333333334,31.0,47.0,18.29,0.5027907197793043,-0.8644081744776648
0.0,0.0,0.0,1.0,382.73,2359.5814285714287,32.0,137.0,19.366666666666667,109.0,42.0,16.34,0.4878471454423119,-0.8729290708206411
0.0,0.0,0.0,1.0,1139.84,2164.9957142857143,18.0,141.0,19.233333333333334,90.0,48.0,31.79,0.47275920928627757,-0.881191653407483
0.0,0.0,0.0,1.0,1888.26,1844.5642857142855,0.0,190.0,18.166666666666668,108.0,51.0,24.47,0.44216815196707204,-0.8969321743510065
0.0,0.0,0.0,1.0,1850.1,1831.5142857142855,18.0,157.0,18.766666666666666,105.0,36.0,25.8,0.4110537546870351,-0.9116111071930239
0.0,0.0,0.0,1.0,1625.4,1906.012857142857,11.0,175.0,18.733333333333334,49.0,48.0,32.63,0.3953117887649151,-0.9185469991587165
0.0,0.0,0.0,1.0,1079.33,1665.802857142857,78.0,135.0,20.866666666666667,107.0,41.0,8.38,0.3474028211842774,-0.9377159910299093
0.0,0.0,0.0,1.0,569.6,1219.322857142857,29.0,166.0,21.166666666666668,117.0,45.0,22.16,0.31494162072895193,-0.9491110448902284
0.0,0.0,0.0,1.0,1698.41,1407.2771428571427,0.0,168.0,21.166666666666668,104.0,50.0,31.54,0.2985688173637202,-0.9543881083175908
0.0,0.0,0.0,1.0,2246.8,1565.4142857142856,0.0,150.0,20.633333333333333,46.0,44.0,24.87,0.2821076626819194,-0.9593827529490743
0.0,0.0,0.0,1.0,755.04,1403.525714285714,0.0,139.0,20.633333333333333,93.0,48.0,29.94,0.26556302780405594,-0.9640935007889755
0.0,0.0,0.0,1.0,1920.96,1413.6485714285714,19.0,119.0,20.366666666666667,122.0,45.0,25.93,0.24893980855376657,-0.9685189578512204
0.0,0.0,0.0,1.0,2330.96,1514.4428571428573,4.0,127.0,19.133333333333333,46.0,50.0,24.28,0.16481784665719793,-0.9863240225317866
0.0,0.0,0.0,1.0,770.73,1470.357142857143,0.0,131.0,18.466666666666665,78.0,43.0,26.08,0.14782713347053048,-0.9890132145779883
0.0,0.0,0.0,1.0,1311.93,1576.4042857142856,29.0,112.0,19.2,98.0,44.0,22.29,0.11371951458594969,-0.9935128947338007
0.0,0.0,0.0,1.0,1386.84,1531.8942857142858,0.0,111.0,17.866666666666667,102.0,48.0,25.13,0.0966127018812031,-0.9953220513156602
0.0,0.0,0.0,1.0,1742.84,1459.8999999999999,0.0,49.0,17.3,51.0,51.0,29.22,0.04514101777397193,-0.9989806246941579
0.0,0.0,0.0,1.0,1884.0,1621.18,0.0,45.0,17.3,121.0,47.0,25.33,0.02795029824021032,-0.999609314096404
0.0,0.0,0.0,1.0,2068.88,1642.3114285714285,19.0,45.0,17.6,81.0,48.0,22.33,0.01075130776352193,-0.9999422030204416
0.0,0.0,0.0,1.0,1212.03,1482.4642857142858,20.0,45.0,17.6,75.0,42.0,18.28,-0.023651127245231586,-0.9997202729664083
0.0,0.0,0.0,1.0,877.44,1497.7085714285713,0.0,67.0,16.433333333333334,91.0,43.0,20.58,-0.05802556932878035,-0.9983150972033183
0.0,0.0,0.0,1.0,1208.09,1482.8742857142856,10.0,38.0,16.766666666666666,73.0,44.0,22.53,-0.12652781683868314,-0.9919630595773397
0.0,0.0,0.0,1.0,1793.48,1540.965714285714,22.0,38.0,17.266666666666666,92.0,45.0,17.77,-0.1435724234118113,-0.9896398128792412
0.0,0.0,0.0,1.0,1062.75,1443.8099999999997,44.0,57.0,16.866666666666667,75.0,41.0,17.19,-0.17752914918703497,-0.984115542601034
0.0,0.0,0.0,1.0,1264.51,1355.3114285714285,2.0,120.0,16.833333333333332,76.0,41.0,23.68,-0.2280577712215198,-0.9736476020539838
0.0,0.0,0.0,1.0,1152.0,1224.3285714285714,21.0,136.0,17.033333333333335,79.0,45.0,17.95,-0.2779791393987801,-0.9605871111248129
0.0,0.0,0.0,1.0,935.88,1184.8785714285714,0.0,138.0,17.033333333333335,95.0,52.0,17.48,-0.2944616217868012,-0.9556633054034704
0.0,0.0,0.0,1.0,1179.31,1228.002857142857,0.0,94.0,14.966666666666667,38.0,50.0,22.39,-0.3108569682435036,-0.9504567035349151
0.0,0.0,0.0,1.0,591.45,1139.9114285714284,0.0,69.0,14.8,103.0,45.0,19.04,-0.3271603271220951,-0.9449688462364056
0.0,0.0,0.0,1.0,1333.48,1074.1971428571428,0.0,69.0,13.533333333333333,83.0,50.0,19.63,-0.34336687399638804,-0.939201357453208
0.0,0.0,0.0,1.0,1148.45,1086.4399999999998,21.0,67.0,13.233333333333333,93.0,41.0,14.3,-0.3594718130884232,-0.9331559438780432
0.0,0.0,0.0,1.0,851.2,1027.3957142857141,0.0,42.0,12.166666666666666,98.0,48.0,21.0,-0.3913578365610259,-0.9202385798054075
0.0,0.0,0.0,1.0,1910.02,1135.6842857142856,0.0,60.0,11.566666666666666,26.0,50.0,18.96,-0.4227806579826773,-0.9062320427107697
0.0,0.0,0.0,1.0,340.17,1050.582857142857,1.0,60.0,11.6,103.0,45.0,21.15,-0.4383067230125192,-0.898825465016444
0.0,0.0,0.0,1.0,4556.26,1533.0042857142855,0.0,65.0,11.0,98.0,50.0,22.84,-0.46896519100763184,-0.8832166493127127
0.0,0.0,0.0,1.0,1566.6,1672.3114285714285,17.0,53.0,11.2,84.0,43.0,21.87,-0.5139010013093103,-0.8578494977869301
0.0,0.0,0.0,1.0,1166.5,1648.4571428571428,0.0,31.0,8.6,41.0,49.0,20.8,-0.5285813283559292,-0.8488826652214553
0.0,0.0,0.0,1.0,584.31,1567.8657142857144,24.0,31.0,8.433333333333334,90.0,43.0,17.26,-0.5431052396834317,-0.8396646346181327
0.0,0.0,0.0,1.0,1503.39,1661.0357142857142,0.0,54.0,8.433333333333334,87.0,41.0,20.2,-0.5574684374327892,-0.8301981337405212
0.0,0.0,0.0,1.0,1124.48,1548.8157142857142,9.0,69.0,8.733333333333333,87.0,42.0,22.23,-0.5856957398073508,-0.8105309990194823
0.0,0.0,0.0,1.0,1228.09,1675.6614285714284,0.0,78.0,8.733333333333333,69.0,48.0,19.09,-0.5995514915196489,-0.8003361849976323
0.0,0.0,0.0,1.0,902.15,1153.6457142857141,11.0,69.0,8.466666666666667,59.0,47.0,20.76,-0.6132298262997502,-0.7899045386224707
0.0,0.0,0.0,1.0,814.62,1046.2199999999998,77.0,63.0,10.9,26.0,39.0,8.81,-0.6267266965083301,-0.7792391467859886
0.0,0.0,0.0,1.0,141.98,899.8599999999998,1.0,140.0,10.933333333333334,96.0,48.0,16.38,-0.6400381082043503,-0.7683431655492202
0.0,0.0,0.0,1.0,1061.1,967.972857142857,0.0,117.0,9.966666666666667,89.0,46.0,16.44,-0.65316012232693,-0.7572198192083127
0.0,0.0,0.0,1.0,987.53,894.2785714285712,10.0,117.0,10.3,101.0,45.0,18.27,-0.666088855860977,-0.7458723993404063
0.0,0.0,0.0,1.0,1226.92,908.9128571428571,38.0,108.0,11.566666666666666,81.0,46.0,13.7,-0.6788204829862355,-0.734304263829602
0.0,0.0,0.0,1.0,738.15,838.9214285714285,0.0,137.0,11.566666666666666,85.0,49.0,20.69,-0.6913512362094071,-0.722518835873311
0.0,0.0,0.0,1.0,1222.51,884.6871428571428,0.0,69.0,10.933333333333334,92.0,48.0,15.75,-0.7277014757264236,-0.6858939875998223
0.0,0.0,0.0,1.0,985.32,909.072857142857,8.0,95.0,10.533333333333333,87.0,45.0,20.06,-0.7621140503891487,-0.6474427960827475
0.0,0.0,0.0,1.0,1160.42,1054.5642857142855,0.0,65.0,10.533333333333333,89.0,44.0,22.64,-0.7731383255706026,-0.6342374393978054
0.0,0.0,0.0,1.0,1319.83,1091.525714285714,11.0,65.0,10.566666666666666,72.0,42.0,19.1,-0.7839338166829201,-0.620844401650647
0.0,0.0,0.0,1.0,873.12,1075.1814285714286,17.0,68.0,10.4,89.0,45.0,18.21,-0.8048257371083452,-0.593511190196115
0.0,0.0,0.0,1.0,1061.76,1051.5871428571427,11.0,48.0,9.3,73.0,42.0,18.1,-0.8343701235229538,-0.5512045872199277
0.0,0.0,0.0,1.0,845.44,1066.9142857142856,14.0,51.0,9.7,89.0,42.0,18.39,-0.8437282590292712,-0.5367705514607103
0.0,0.0,0.0,1.0,1064.05,1044.2771428571427,0.0,54.0,9.0,32.0,50.0,21.22,-0.8616928164028522,-0.5074302810827518
0.0,0.0,0.0,1.0,475.3,971.4171428571428,6.0,42.0,9.2,88.0,49.0,17.91,-0.8702939222685674,-0.49253272872205434
0.0,0.0,0.0,1.0,1079.56,959.8657142857143,0.0,31.0,9.2,99.0,52.0,17.96,-0.8786374941610001,-0.4774894280028391
0.0,0.0,0.0,1.0,1262.38,951.6585714285713,12.0,31.0,9.6,100.0,48.0,25.16,-0.886721063082993,-0.46230483047981086
0.0,0.0,0.0,1.0,1685.72,1067.7442857142855,22.0,41.0,10.333333333333334,79.0,45.0,15.87,-0.9093882203647925,-0.4159483918249421
0.0,0.0,0.0,1.0,821.37,1033.4028571428569,14.0,63.0,10.1,23.0,44.0,22.04,-0.9164086366943458,-0.4002439388573056
0.0,0.0,0.0,1.0,329.55,959.7042857142857,0.0,77.0,10.1,81.0,49.0,24.09,-0.9231578729647039,-0.38442104726885545
0.0,0.0,0.0,1.0,1326.68,997.222857142857,1.0,71.0,10.133333333333333,95.0,44.0,21.16,-0.9358348973349941,-0.35243871088460327
0.0,0.0,0.0,1.0,1336.65,1120.272857142857,29.0,60.0,11.066666666666666,92.0,46.0,14.0,-0.9417589340994617,-0.33628873017668287
0.0,0.0,0.0,1.0,837.2,1085.6499999999999,19.0,66.0,11.7,86.0,46.0,24.42,-0.9474042892438845,-0.32003923622313857
0.0,0.0,0.0,1.0,1386.0,1103.31,38.0,73.0,12.4,42.0,44.0,21.29,-0.9578523554276669,-0.28726097055059635
0.0,0.0,0.0,1.0,3900.57,1419.717142857143,34.0,107.0,13.533333333333333,83.0,40.0,17.27,-0.9671667297977312,-0.2541427094613622
0.0,0.0,0.0,1.0,909.96,1432.3728571428571,9.0,97.0,13.033333333333333,63.0,39.0,23.52,-0.9823516608469237,-0.18704334906991657
0.0,0.0,0.0,1.0,926.25,1517.6157142857141,6.0,96.0,13.233333333333333,39.0,43.0,23.64,-0.9854237542919524,-0.17011767832049052
0.0,0.0,0.0,1.0,599.3,1413.7042857142856,0.0,64.0,12.933333333333334,94.0,48.0,20.62,-0.9882042449941422,-0.15314166701312007
0.0,0.0,0.0,1.0,1346.91,1415.1699999999998,29.0,54.0,13.9,82.0,42.0,19.44,-0.9906923101615609,-0.13612033862266704
0.0,0.0,0.0,1.0,1004.22,1439.03,0.0,49.0,13.533333333333333,89.0,47.0,21.72,-0.994788305609327,-0.10196189005174576
0.0,0.0,0.0,1.0,1304.78,1427.4271428571426,8.0,44.0,11.233333333333333,108.0,35.0,19.65,-0.9963950238187231,-0.08483487790576538
0.0,0.0,0.0,1.0,1251.98,1049.0571428571427,0.0,52.0,11.2,91.0,48.0,19.81,-0.9977068927101168,-0.06768276175455162
0.0,0.0,0.0,1.0,1217.03,1092.9242857142856,13.0,43.0,11.633333333333333,39.0,44.0,25.36,-0.9987235240803972,-0.050510617185222886
0.0,0.0,0.0,1.0,632.96,1051.0257142857142,15.0,50.0,11.8,81.0,44.0,24.83,-0.9994446170919858,-0.033323525711631344
0.0,0.0,0.0,1.0,1307.15,1152.1471428571426,45.0,65.0,12.033333333333333,90.0,45.0,20.91,-0.9998699583618592,-0.016126573270657762
0.0,0.0,0.0,1.0,1232.71,1135.832857142857,15.0,81.0,12.533333333333333,92.0,40.0,29.21,-0.9999994220246925,0.001075151282798226
0.0,0.0,0.0,1.0,2433.81,1340.0599999999997,20.0,96.0,13.2,109.0,39.0,23.39,-0.999832969770105,0.018276557681691223
0.0,0.0,0.0,1.0,2238.63,1473.467142857143,78.0,137.0,15.533333333333333,86.0,48.0,11.58,-0.9986126020839734,0.052658056924614005
0.0,0.0,0.0,1.0,1483.26,1506.5071428571428,1.0,222.0,15.566666666666666,100.0,46.0,27.11,-0.9945667569706337,0.1041007489354256
0.0,0.0,0.0,1.0,1829.93,1594.0642857142855,29.0,178.0,16.166666666666668,90.0,43.0,18.37,-0.9926289059345095,0.121193461470736
0.0,0.0,0.0,1.0,1066.18,1655.952857142857,36.0,91.0,16.8,32.0,46.0,21.94,-0.981947190186646,0.18915526872004093
0.0,0.0,0.0,1.0,466.83,1535.9071428571426,45.0,127.0,17.933333333333334,82.0,47.0,22.26,-0.9785481345802031,0.20601832032517084
0.0,0.0,0.0,1.0,1222.75,1534.4842857142855,9.0,208.0,17.766666666666666,106.0,38.0,29.09,-0.9620675724981452,0.27281126433401914
0.0,0.0,0.0,1.0,1881.24,1455.545714285714,36.0,200.0,18.966666666666665,89.0,46.0,18.49,-0.957232443323312,0.28931997761869527
0.0,0.0,0.0,1.0,1078.13,1289.76,0.0,232.0,18.766666666666666,40.0,53.0,26.43,-0.9521140536681102,0.3057430764672831
0.0,0.0,0.0,1.0,761.04,1186.5857142857142,16.0,125.0,19.3,75.0,46.0,23.4,-0.9350748843515574,0.3544502230989869
0.0,0.0,0.0,1.0,1158.3,1090.6385714285711,9.0,138.0,19.2,93.0,48.0,22.9,-0.9288394302558068,0.3704825404820963
0.0,0.0,0.0,1.0,1437.75,1143.7199999999998,0.0,201.0,18.466666666666665,30.0,49.0,21.93,-0.9084917035725082,0.41790288888678667
0.0,0.0,0.0,1.0,463.89,1143.3,19.0,201.0,18.633333333333333,92.0,42.0,30.03,-0.9011686968561569,0.4334685453485363
0.0,0.0,0.0,1.0,1782.13,1223.2114285714285,38.0,150.0,19.9,81.0,43.0,16.06,-0.8857249183835637,0.4642104791518923
0.0,0.0,0.0,1.0,845.65,1075.27,34.0,172.0,21.0,95.0,48.0,26.48,-0.8776087166898392,0.4793776594606945
0.0,0.0,0.0,1.0,1673.14,1160.2714285714285,0.0,197.0,20.033333333333335,93.0,46.0,27.63,-0.8692328164574792,0.49440298420761813
0.0,0.0,0.0,1.0,1709.05,1295.7014285714283,33.0,155.0,20.5,81.0,47.0,19.42,-0.8605996962501181,0.5092820071573356
0.0,0.0,0.0,1.0,1918.91,1404.3600000000001,64.0,192.0,21.366666666666667,75.0,46.0,11.41,-0.8425720899866032,0.5385835804920232
0.0,0.0,0.0,1.0,577.8,1281.51,6.0,237.0,20.433333333333334,72.0,48.0,27.86,-0.8331829385891785,0.5529974600700271
0.0,0.0,0.0,1.0,1364.08,1410.1085714285714,41.0,201.0,21.5,79.0,45.0,18.61,-0.8136678304455991,0.5813300798152042
0.0,0.0,0.0,1.0,1335.8,1346.3471428571427,28.0,208.0,22.233333333333334,101.0,42.0,16.2,-0.8035476485339116,0.5952404359043674
0.0,0.0,0.0,1.0,1022.5,1371.6114285714284,6.0,236.0,22.433333333333334,88.0,51.0,27.61,-0.7931896839451843,0.6089746507720486
0.0,0.0,0.0,1.0,4518.0,1778.02,37.0,209.0,22.7,34.0,43.0,15.09,-0.7825970017677834,0.6225286602431057
0.0,0.0,0.0,1.0,1166.32,1700.4871428571428,31.0,131.0,23.733333333333334,93.0,48.0,17.9,-0.7494423368521954,0.6620696215153815
0.0,0.0,0.0,1.0,1123.88,1586.9114285714284,58.0,159.0,25.4,77.0,38.0,21.75,-0.7379428103031386,0.6748632518680403
0.0,0.0,0.0,1.0,1021.75,1650.332857142857,57.0,176.0,27.3,83.0,44.0,15.87,-0.7262249146041543,0.6874571793269664
0.0,0.0,0.0,1.0,1665.81,1693.4371428571426,4.0,187.0,27.0,83.0,44.0,25.34,-0.6897960046655887,0.7240037789593305
0.0,0.0,0.0,1.0,1387.98,1700.8914285714286,39.0,175.0,27.8,89.0,40.0,15.48,-0.6772399381909491,0.7357622347736527
0.0,0.0,0.0,1.0,2567.14,1921.5542857142857,4.0,214.0,26.433333333333334,72.0,46.0,28.75,-0.6644834655228552,0.7473029667054296
0.0,0.0,0.0,1.0,1417.95,1478.69,37.0,144.0,27.166666666666668,89.0,46.0,21.01,-0.6383844591746642,0.7697176640069211
0.0,0.0,0.0,1.0,1234.2,1488.3871428571426,136.0,148.0,31.033333333333335,119.0,48.0,9.88,-0.5978291414589552,0.801623551065242
0.0,0.0,0.0,1.0,3456.56,1821.6271428571429,5.0,280.0,28.6,92.0,48.0,29.37,-0.5839514998576998,0.8117885474764613
0.0,0.0,0.0,1.0,1850.87,1940.072857142857,11.0,243.0,28.933333333333334,85.0,50.0,21.65,-0.5556819724760489,0.8313949395234058
0.0,0.0,0.0,1.0,1288.0,1886.1,3.0,239.0,28.066666666666666,87.0,45.0,26.64,-0.5412984521036173,0.8408305333122887
0.0,0.0,0.0,1.0,1541.47,1908.0271428571427,95.0,205.0,30.033333333333335,77.0,47.0,8.79,-0.5267547528105542,0.8500173118187018
0.0,0.0,0.0,1.0,450.21,1605.6085714285714,4.0,273.0,28.666666666666668,30.0,49.0,27.77,-0.5120551783114646,0.8589525565270845
0.0,0.0,0.0,1.0,570.61,1484.5599999999997,2.0,255.0,28.433333333333334,83.0,43.0,23.59,-0.4972040784469378,0.8676336233547726
0.0,0.0,0.0,1.0,1938.7,1585.2028571428568,1.0,217.0,27.266666666666666,87.0,46.0,20.1,-0.4363729641045924,0.8997658785476209
0.0,0.0,0.0,1.0,1171.83,1258.812857142857,1.0,215.0,27.3,72.0,44.0,22.17,-0.42083100859565564,0.9071390534005044
0.0,0.0,0.0,1.0,1045.38,1143.742857142857,41.0,117.0,28.133333333333333,61.0,48.0,25.92,-0.3893781415452015,0.9210779895789526
0.0,0.0,0.0,1.0,2262.99,1283.0271428571427,10.0,156.0,28.166666666666668,81.0,43.0,17.72,-0.37347653741307074,0.9276396261490467
0.0,0.0,0.0,1.0,1756.05,1313.6814285714283,3.0,53.0,28.266666666666666,88.0,43.0,22.86,-0.3574644155648614,0.9339267592294762
0.0,0.0,0.0,1.0,1307.8,1436.1942857142856,15.0,56.0,28.133333333333333,60.0,45.0,20.73,-0.34134651424503615,0.9399375283564133
0.0,0.0,0.0,1.0,821.04,1471.9699999999998,13.0,71.0,27.3,62.0,47.0,16.63,-0.3251276029999093,0.9456701548465688
0.0,0.0,0.0,1.0,701.08,1295.1671428571426,53.0,83.0,27.933333333333334,82.0,46.0,17.4,-0.30881248126625377,0.9511229423235357
0.0,0.0,0.0,1.0,948.96,1263.3285714285714,12.0,135.0,28.333333333333332,31.0,42.0,21.13,-0.29240597695107734,0.9562942772197719
0.0,0.0,0.0,1.0,1202.65,1285.7957142857142,43.0,147.0,28.666666666666668,106.0,42.0,18.72,-0.27591294500296043,0.9611826292540837
0.0,0.0,0.0,1.0,1249.92,1141.0714285714284,4.0,149.0,26.666666666666668,58.0,48.0,19.34,-0.2593382659754056,0.9657865518844574
0.0,0.0,0.0,1.0,774.18,1000.8042857142856,62.0,147.0,28.533333333333335,74.0,46.0,20.54,-0.20917350564635637,0.9778785428342386
0.0,0.0,0.0,1.0,1018.4,959.4614285714285,1.0,165.0,27.2,53.0,44.0,14.04,-0.17541259380427843,0.9844950085880858
0.0,0.0,0.0,1.0,476.16,910.192857142857,21.0,154.0,26.966666666666665,65.0,45.0,16.66,-0.15845177496083632,0.9873667175937016
