cat__Division_ID_ELT,cat__Division_ID_LN,cat__Division_ID_LYN,cat__Division_ID_NC,num__Yield_Lag_1d,num__Rain_Lag_14d,num__Rain_Accum_14d,num__Labor_Total,num__Seasonal_Labor_Impact,num__G_Pct,num__Year_Sin,num__Year_Cos,num__Kg_Per_Worker_Potential
1.0,0.0,0.0,0.0,1205.9699999999996,0.0,120.0,90.0,88.30121667945409,42.0,0.981124629771712,0.19337647441020586,19.64
1.0,0.0,0.0,0.0,1138.653333333333,30.0,90.0,66.0,64.96418573693617,47.0,0.984305844499033,0.17647097349152166,19.59
1.0,0.0,0.0,0.0,822.5999999999998,0.0,126.0,64.0,63.18053038662455,50.0,0.9871957872910085,0.15951325197263655,9.98
1.0,0.0,0.0,0.0,803.1066666666662,4.0,131.0,76.0,75.22431382549745,47.0,0.9897936029670716,0.14250832791617088,20.76
1.0,0.0,0.0,0.0,558.1166666666663,0.0,244.0,37.0,36.707645343295454,45.0,0.992098522791769,0.12546123335273648,6.49
1.0,0.0,0.0,0.0,792.3799999999998,0.0,244.0,85.0,84.49933849969055,42.0,0.9941098647022418,0.10837701279187609,20.6
1.0,0.0,0.0,0.0,706.9066666666664,1.0,243.0,71.0,70.70371937921422,46.0,0.9958270335100595,0.09126072172931188,17.3
1.0,0.0,0.0,0.0,1021.6666666666664,15.0,231.0,90.0,89.75245689696106,50.0,0.9972495210773451,0.07411742515094437,17.87
1.0,0.0,0.0,0.0,1043.9399999999998,39.0,192.0,90.0,89.85392158204277,43.0,0.998376906467142,0.056952196034039754,20.59
1.0,0.0,0.0,0.0,2480.75,14.0,188.0,88.0,87.93037933398182,43.0,0.9992088560679753,0.03977011384605572,20.8
1.0,0.0,0.0,0.0,2437.89,0.0,190.0,68.0,67.98266841109499,50.0,0.9997451236925734,0.022576263041545485,20.29
1.0,0.0,0.0,0.0,2457.3633333333332,11.0,179.0,85.0,84.99405559267748,46.0,0.9999300657962057,-0.011826390691832589,22.51
1.0,0.0,0.0,0.0,1293.553333333333,1.0,187.0,75.0,74.96840141609218,41.0,0.9995786855478958,-0.029025013321975237,18.89
1.0,0.0,0.0,0.0,1218.3299999999997,0.0,237.0,64.0,63.93161688863089,47.0,0.9989315138848577,-0.046215046983708354,17.3
1.0,0.0,0.0,0.0,1365.3799999999999,5.0,232.0,67.0,66.8652457351451,50.0,0.9979887423155984,-0.06339140486951038,21.22
1.0,0.0,0.0,0.0,1136.753333333333,0.0,261.0,95.0,94.69131173303234,47.0,0.9967506498213929,-0.08054900421874167,15.15
1.0,0.0,0.0,0.0,1369.383333333333,36.0,225.0,91.0,90.56480185240937,41.0,0.9952176027737294,-0.09768276782171598,24.81
1.0,0.0,0.0,0.0,1192.2266666666665,9.0,230.0,39.0,38.74221213820985,46.0,0.9933900548258936,-0.11478762552212701,27.51
1.0,0.0,0.0,0.0,1126.7299999999998,113.0,122.0,50.0,49.44268532102942,44.0,0.9888537064205885,-0.1488903868564548,23.0
1.0,0.0,0.0,0.0,1114.4733333333331,0.0,139.0,54.0,52.71893699869433,48.0,0.9762766110869321,-0.21652708524481437,24.48
1.0,0.0,0.0,0.0,892.013333333333,0.0,139.0,27.0,26.255004015293913,48.0,0.9724075561219968,-0.23328854407545518,27.81
1.0,0.0,0.0,0.0,922.3433333333329,3.0,146.0,57.0,55.190292756650294,40.0,0.9682507501166718,-0.2499809690726521,24.28
1.0,0.0,0.0,0.0,1000.8966666666664,0.0,164.0,49.0,47.226563733699805,42.0,0.9638074231367307,-0.26659942067929354,27.31
1.0,0.0,0.0,0.0,2265.8399999999997,10.0,154.0,45.0,43.15855005153509,52.0,0.9590788900341131,-0.28313898122818354,27.49
1.0,0.0,0.0,0.0,2220.2266666666665,2.0,152.0,49.0,46.489822435557414,46.0,0.9487718864399473,-0.31596187665790293,21.39
1.0,0.0,0.0,0.0,1925.6933333333334,0.0,205.0,69.0,65.08055615100447,41.0,0.9431964659565866,-0.33223549871590435,17.49
1.0,0.0,0.0,0.0,746.6399999999998,9.0,196.0,45.0,42.180387230896976,48.0,0.9373419384643772,-0.3484108069446808,24.87
1.0,0.0,0.0,0.0,873.8399999999997,50.0,149.0,81.0,75.42801294938776,43.0,0.9312100364121947,-0.3644830148102912,20.37
1.0,0.0,0.0,0.0,1021.7699999999999,0.0,167.0,73.0,67.02286572476386,47.0,0.9181214482844364,-0.39629913726891813,24.44
1.0,0.0,0.0,0.0,1195.3799999999999,29.0,165.0,89.0,80.4512111700937,45.0,0.9039461929224011,-0.42764620926777464,22.01
1.0,0.0,0.0,0.0,1156.2199999999996,0.0,165.0,74.0,66.33776311350125,48.0,0.8964562582905575,-0.44313223418263453,19.03
1.0,0.0,0.0,0.0,1077.7399999999998,14.0,151.0,51.0,45.32375343929387,48.0,0.8887010478292915,-0.45848712914008766,27.53
1.0,0.0,0.0,0.0,972.7999999999997,5.0,190.0,65.0,57.24438566795959,52.0,0.8806828564301475,-0.47370635037968,21.05
1.0,0.0,0.0,0.0,1406.5099999999995,17.0,185.0,78.0,67.38163370513132,48.0,0.8638670987837349,-0.503719798736334,33.82
1.0,0.0,0.0,0.0,1512.2166666666665,0.0,199.0,77.0,65.84073716140638,39.0,0.8550745085896932,-0.518505144391157,26.94
1.0,0.0,0.0,0.0,1639.9299999999996,10.0,189.0,78.0,65.99025327115524,47.0,0.8460288880917339,-0.533137056031809,26.24
1.0,0.0,0.0,0.0,1369.6666666666663,18.0,192.0,105.0,87.85695597362167,37.0,0.8367329140344921,-0.5476112038402312,22.64
1.0,0.0,0.0,0.0,1551.953333333333,0.0,192.0,86.0,70.29648443694303,45.0,0.8174009818249189,-0.5760691233798758,32.05
1.0,0.0,0.0,0.0,2215.933333333333,0.0,230.0,87.0,70.24125475430438,43.0,0.8073707443023492,-0.5900444739548627,19.4
1.0,0.0,0.0,0.0,2243.143333333333,53.0,187.0,97.0,77.31885450035784,42.0,0.7971015927871943,-0.6038452208771035,24.67
1.0,0.0,0.0,0.0,2231.8799999999997,0.0,197.0,95.0,73.70658341666336,42.0,0.7758587728069828,-0.6309066211876704,29.82
1.0,0.0,0.0,0.0,1693.3866666666663,3.0,236.0,63.0,48.188157597349715,40.0,0.7648913904341225,-0.6441592666722685,27.22
1.0,0.0,0.0,0.0,1533.8499999999997,18.0,222.0,50.0,37.6848832196457,47.0,0.753697664392914,-0.6572212950663319,31.32
1.0,0.0,0.0,0.0,1612.5066666666664,27.0,206.0,74.0,54.92878712443667,46.0,0.742280907086982,-0.6700888411055113,30.38
1.0,0.0,0.0,0.0,1719.2766666666664,0.0,222.0,118.0,86.21605063638201,43.0,0.7306444969184916,-0.6827580970759147,27.47
1.0,0.0,0.0,0.0,1570.823333333333,0.0,302.0,76.0,54.628182673920165,44.0,0.7187918772884232,-0.6952253139408722,12.74
1.0,0.0,0.0,0.0,1643.2499999999993,44.0,258.0,93.0,65.72556966871826,47.0,0.7067265555776158,-0.7074868024503348,28.82
1.0,0.0,0.0,0.0,1544.6399999999996,12.0,264.0,85.0,59.02842867925449,45.0,0.6944521021088763,-0.719538934232584,31.41
1.0,0.0,0.0,0.0,1984.3766666666663,14.0,280.0,106.0,72.28904780358907,49.0,0.6819721490904629,-0.7313781428679254,19.42
1.0,0.0,0.0,0.0,1524.153333333333,0.0,280.0,43.0,28.77948675027404,50.0,0.6692903895412567,-0.7430009249440493,29.16
1.0,0.0,0.0,0.0,1369.5466666666664,21.0,307.0,88.0,57.76413070541855,44.0,0.6564105761979381,-0.7544038410927472,22.88
1.0,0.0,0.0,0.0,1225.7599999999995,0.0,328.0,92.0,59.18695987721324,43.0,0.6433365204044917,-0.765583517007675,25.4
1.0,0.0,0.0,0.0,1473.9299999999996,38.0,291.0,86.0,54.1861998246557,45.0,0.6300720909843687,-0.7765366444428655,28.05
1.0,0.0,0.0,0.0,1668.0099999999995,10.0,284.0,88.0,54.262666752416166,45.0,0.6166212130956382,-0.7872599821916922,32.14
1.0,0.0,0.0,0.0,1613.693333333333,10.0,295.0,91.0,53.61502393813896,41.0,0.5891760872322963,-0.8080046647350754,23.45
1.0,0.0,0.0,0.0,1303.1399999999996,42.0,289.0,45.0,25.883548232038986,41.0,0.5751899607119775,-0.8180198708443174,24.33
1.0,0.0,0.0,0.0,1193.673333333333,4.0,328.0,81.0,45.44372372449779,47.0,0.5610336262283677,-0.8277930117131022,18.1
1.0,0.0,0.0,0.0,1274.3399999999997,11.0,346.0,89.0,48.657303285304856,45.0,0.5467112728685939,-0.8373211953118121,19.49
1.0,0.0,0.0,0.0,1544.3299999999997,16.0,351.0,80.0,42.57817110779517,53.0,0.5322271388474397,-0.8466016020976267,26.12
1.0,0.0,0.0,0.0,1622.8566666666663,80.0,271.0,88.0,45.54752490228062,49.0,0.5175855102531889,-0.8556314858488706,29.02
1.0,0.0,0.0,0.0,1388.8899999999996,0.0,331.0,79.0,38.53992448994264,43.0,0.4878471454423119,-0.8729290708206411,17.77
1.0,0.0,0.0,0.0,1118.033333333333,18.0,373.0,55.0,26.001756510745267,46.0,0.47275920928627757,-0.881191653407483,18.78
1.0,0.0,0.0,0.0,1019.2999999999996,30.0,343.0,70.0,32.027196325197586,45.0,0.4575313760742512,-0.8891934772070711,32.29
1.0,0.0,0.0,0.0,994.9299999999997,0.0,381.0,59.0,26.08792096605725,45.0,0.44216815196707204,-0.8969321743510065,21.32
1.0,0.0,0.0,0.0,1237.4299999999996,48.0,339.0,83.0,35.41394890476375,44.0,0.42667408318992467,-0.9044054548343001,26.53
1.0,0.0,0.0,0.0,1082.4699999999996,21.0,318.0,60.0,24.663225281222104,49.0,0.4110537546870351,-0.9116111071930239,24.8
1.0,0.0,0.0,0.0,2564.093333333333,1.0,348.0,87.0,34.39212562254761,45.0,0.3953117887649151,-0.9185469991587165,23.66
1.0,0.0,0.0,0.0,2460.373333333333,3.0,371.0,90.0,31.266253906584964,42.0,0.3474028211842774,-0.9377159910299093,19.52
1.0,0.0,0.0,0.0,2479.3333333333326,21.0,391.0,86.0,28.48502559094504,40.0,0.3312212278016865,-0.9435531242349544,20.0
1.0,0.0,0.0,0.0,1103.8066666666664,36.0,386.0,74.0,23.305679933942443,43.0,0.31494162072895193,-0.9491110448902284,23.49
1.0,0.0,0.0,0.0,1268.603333333333,43.0,360.0,90.0,26.871193562734817,43.0,0.2985688173637202,-0.9543881083175908,27.43
1.0,0.0,0.0,0.0,1421.6699999999998,29.0,333.0,86.0,24.261258990645068,53.0,0.2821076626819194,-0.9593827529490743,24.74
1.0,0.0,0.0,0.0,1348.243333333333,21.0,337.0,75.0,17.41821930068026,49.0,0.23224292400907015,-0.9726578145718654,17.57
1.0,0.0,0.0,0.0,1147.3499999999997,0.0,381.0,85.0,18.31557177897206,50.0,0.21547731504673012,-0.976508846196619,17.0
1.0,0.0,0.0,0.0,864.483333333333,60.0,342.0,58.0,11.521580687049925,45.0,0.19864794288017112,-0.9800709131432666,18.41
1.0,0.0,0.0,0.0,1016.0666666666663,60.0,292.0,77.0,13.995503644535901,44.0,0.18175978759137534,-0.9833429613388902,27.47
1.0,0.0,0.0,0.0,1297.2066666666663,0.0,340.0,76.0,12.526156345947042,50.0,0.16481784665719793,-0.9863240225317866,21.38
1.0,0.0,0.0,0.0,1504.4866666666665,38.0,304.0,85.0,12.56530634499509,45.0,0.14782713347053048,-0.9890132145779883,23.46
1.0,0.0,0.0,0.0,1180.5466666666664,6.0,340.0,31.0,4.0545729515595355,46.0,0.13079267585675922,-0.9914097417023038,19.32
1.0,0.0,0.0,0.0,1998.9966666666667,0.0,360.0,98.0,11.144512429423068,42.0,0.11371951458594969,-0.9935128947338007,31.6
1.0,0.0,0.0,0.0,2007.0366666666666,31.0,345.0,72.0,5.72236559450071,44.0,0.07947729992362097,-0.9968366760893436,29.08
1.0,0.0,0.0,0.0,2242.673333333333,26.0,331.0,65.0,4.05069465803113,41.0,0.062318379354325076,-0.998056320853012,27.28
1.0,0.0,0.0,0.0,1541.2199999999996,41.0,305.0,87.0,3.9272685463355574,43.0,0.04514101777397193,-0.9989806246941579,29.29
1.0,0.0,0.0,0.0,1395.3933333333332,31.0,280.0,39.0,0.41930100277735527,42.0,0.01075130776352193,-0.9999422030204416,23.38
1.0,0.0,0.0,0.0,1428.2899999999997,17.0,277.0,98.0,-0.6321846914143047,44.0,-0.00645086419810515,-0.9999791929590823,18.81
1.0,0.0,0.0,0.0,1002.583333333333,2.0,275.0,59.0,-1.3954165074686635,49.0,-0.023651127245231586,-0.9997202729664083,22.61
1.0,0.0,0.0,0.0,1061.6899999999998,25.0,262.0,65.0,-2.6548854503142474,48.0,-0.04084439154329611,-0.9991655196610109,24.62
1.0,0.0,0.0,0.0,1056.123333333333,44.0,237.0,85.0,-4.932173392946329,42.0,-0.05802556932878035,-0.9983150972033183,22.06
1.0,0.0,0.0,0.0,1100.9266666666663,21.0,216.0,76.0,-5.71440780752165,47.0,-0.07518957641475855,-0.9971692572470178,20.3
1.0,0.0,0.0,0.0,1148.503333333333,10.0,213.0,85.0,-7.848163364108253,50.0,-0.09233133369539122,-0.9957283388645872,21.0
1.0,0.0,0.0,0.0,1206.673333333333,48.0,174.0,42.0,-4.596722283254453,43.0,-0.10944576864891556,-0.993992768446958,18.67
1.0,0.0,0.0,0.0,1132.1866666666663,2.0,196.0,73.0,-9.23653062922387,49.0,-0.12652781683868314,-0.9919630595773397,16.73
1.0,0.0,0.0,0.0,1047.9699999999996,42.0,177.0,56.0,-10.88814832266907,43.0,-0.19443122004766195,-0.9809161537413774,16.7
1.0,0.0,0.0,0.0,839.9266666666664,20.0,206.0,76.0,-16.056957424245624,45.0,-0.2112757555821793,-0.9774264960104055,14.7
1.0,0.0,0.0,0.0,759.9766666666663,16.0,224.0,55.0,-12.543177417183589,50.0,-0.2280577712215198,-0.9736476020539838,15.24
1.0,0.0,0.0,0.0,835.2266666666663,12.0,229.0,79.0,-20.651737482381343,45.0,-0.2614143985111562,-0.965226663665613,23.47
1.0,0.0,0.0,0.0,1045.5899999999995,15.0,219.0,85.0,-23.628226848896308,47.0,-0.2779791393987801,-0.9605871111248129,23.58
1.0,0.0,0.0,0.0,1154.1266666666663,6.0,222.0,69.0,-20.31785190328928,46.0,-0.2944616217868012,-0.9556633054034704,19.55
1.0,0.0,0.0,0.0,1061.9399999999998,14.0,212.0,72.0,-22.38170171353226,49.0,-0.3108569682435036,-0.9504567035349151,18.64
1.0,0.0,0.0,0.0,830.6499999999996,0.0,219.0,47.0,-16.13824307783024,44.0,-0.34336687399638804,-0.939201357453208,21.89
1.0,0.0,0.0,0.0,792.0299999999997,12.0,221.0,61.0,-21.927780598393813,43.0,-0.3594718130884232,-0.9331559438780432,19.72
1.0,0.0,0.0,0.0,769.4499999999998,19.0,209.0,71.0,-28.90619346015186,41.0,-0.4071294853542516,-0.9133704517637858,18.89
1.0,0.0,0.0,0.0,696.2999999999997,0.0,209.0,35.0,-15.879608011097048,50.0,-0.45370308603134424,-0.8911529104063088,18.34
1.0,0.0,0.0,0.0,917.8299999999996,7.0,202.0,89.0,-41.73790199967923,46.0,-0.46896519100763184,-0.8832166493127127,24.36
1.0,0.0,0.0,0.0,926.0266666666663,9.0,226.0,83.0,-40.179347296035,47.0,-0.48408852163897587,-0.8750190302029955,15.41
1.0,0.0,0.0,0.0,2096.7599999999998,24.0,202.0,87.0,-43.41896843390228,47.0,-0.4990686026885319,-0.8665624788845385,16.0
1.0,0.0,0.0,0.0,2007.373333333333,23.0,191.0,73.0,-37.51477309557965,54.0,-0.5139010013093103,-0.8578494977869301,22.53
1.0,0.0,0.0,0.0,1974.263333333333,49.0,158.0,56.0,-29.600554387932036,48.0,-0.5285813283559292,-0.8488826652214553,20.25
1.0,0.0,0.0,0.0,984.1866666666664,34.0,124.0,94.0,-51.05189253024258,43.0,-0.5431052396834317,-0.8396646346181327,16.35
1.0,0.0,0.0,0.0,962.7666666666664,17.0,115.0,106.0,-60.59666715808675,41.0,-0.5716666713027052,-0.8204859638785327,16.77
1.0,0.0,0.0,0.0,966.9233333333332,5.0,135.0,81.0,-47.44135492439541,40.0,-0.5856957398073508,-0.8105309990194823,15.72
1.0,0.0,0.0,0.0,845.3833333333332,9.0,136.0,61.0,-38.23032848700814,42.0,-0.6267266965083301,-0.7792391467859886,16.18
1.0,0.0,0.0,0.0,678.503333333333,4.0,155.0,36.0,-23.51376440376948,51.0,-0.65316012232693,-0.7572198192083127,11.81
1.0,0.0,0.0,0.0,863.233333333333,7.0,161.0,73.0,-48.62448647785132,48.0,-0.666088855860977,-0.7458723993404063,17.18
1.0,0.0,0.0,0.0,1085.2499999999998,14.0,152.0,101.0,-68.56086878160978,42.0,-0.6788204829862355,-0.734304263829602,20.0
1.0,0.0,0.0,0.0,1057.7899999999997,7.0,149.0,36.0,-26.61812148945327,52.0,-0.7393922635959241,-0.673274892250183,20.72
1.0,0.0,0.0,0.0,981.2533333333331,0.0,162.0,80.0,-60.06914027191591,41.0,-0.7508642533989489,-0.6604565640279754,22.1
1.0,0.0,0.0,0.0,789.7366666666663,0.0,221.0,76.0,-57.9206678295753,44.0,-0.7621140503891487,-0.6474427960827475,14.54
1.0,0.0,0.0,0.0,914.4299999999997,33.0,188.0,82.0,-64.28257296799944,48.0,-0.7839338166829201,-0.620844401650647,16.34
1.0,0.0,0.0,0.0,914.443333333333,0.0,195.0,78.0,-65.0808696347904,45.0,-0.8343701235229538,-0.5512045872199277,21.47
1.0,0.0,0.0,0.0,1100.4133333333332,12.0,186.0,85.0,-71.71690201748805,49.0,-0.8437282590292712,-0.5367705514607103,21.92
1.0,0.0,0.0,0.0,1138.0399999999997,16.0,181.0,76.0,-65.48865404661677,49.0,-0.8616928164028522,-0.5074302810827518,19.82
1.0,0.0,0.0,0.0,1773.1833333333332,0.0,200.0,24.0,-21.087299859864004,47.0,-0.8786374941610001,-0.4774894280028391,20.54
1.0,0.0,0.0,0.0,1765.2899999999997,8.0,198.0,77.0,-68.27752185739047,42.0,-0.886721063082993,-0.46230483047981086,25.42
1.0,0.0,0.0,0.0,1658.4999999999998,25.0,204.0,75.0,-67.09066777323372,42.0,-0.8945422369764496,-0.4469834295196741,14.89
1.0,0.0,0.0,0.0,1623.3266666666666,10.0,219.0,76.0,-68.55950130869395,45.0,-0.9020987014301837,-0.43152975897147144,18.66
1.0,0.0,0.0,0.0,2681.806666666667,23.0,213.0,60.0,-54.56329322188755,42.0,-0.9093882203647925,-0.4159483918249421,21.72
1.0,0.0,0.0,0.0,3917.8566666666666,13.0,220.0,70.0,-64.14860456860421,45.0,-0.9164086366943458,-0.4002439388573056,20.3
1.0,0.0,0.0,0.0,3321.2099999999996,5.0,226.0,91.0,-84.00736643978806,47.0,-0.9231578729647039,-0.38442104726885545,18.57
1.0,0.0,0.0,0.0,1984.0966666666666,4.0,253.0,39.0,-36.25572334676251,43.0,-0.9296339319682695,-0.3684843993077793,16.31
1.0,0.0,0.0,0.0,906.3266666666665,13.0,245.0,78.0,-72.99512199212954,48.0,-0.9358348973349941,-0.35243871088460327,22.38
1.0,0.0,0.0,0.0,960.0633333333332,59.0,198.0,88.0,-84.29100727763469,48.0,-0.9578523554276669,-0.28726097055059635,21.8
1.0,0.0,0.0,0.0,1140.4066666666665,0.0,230.0,81.0,-77.97480995200804,46.0,-0.9626519747161487,-0.2707418984477642,18.05
1.0,0.0,0.0,0.0,902.7233333333334,7.0,232.0,35.0,-33.85083554292059,45.0,-0.9671667297977312,-0.2541427094613622,20.0
1.0,0.0,0.0,0.0,767.8299999999999,3.0,254.0,65.0,-63.39686522499094,46.0,-0.9753363880767837,-0.2207236509605022,20.22
1.0,0.0,0.0,0.0,730.7133333333333,11.0,247.0,57.0,-55.802365803233116,44.0,-0.9789888737409319,-0.20391367068311472,22.67
1.0,0.0,0.0,0.0,820.7366666666667,19.0,260.0,71.0,-69.74696792013158,44.0,-0.9823516608469237,-0.18704334906991657,15.82
1.0,0.0,0.0,0.0,1386.0766666666668,6.0,276.0,61.0,-60.110849011809094,46.0,-0.9854237542919524,-0.17011767832049052,15.41
1.0,0.0,0.0,0.0,1582.8166666666666,31.0,248.0,109.0,-107.7142627043615,45.0,-0.9882042449941422,-0.15314166701312007,19.67
1.0,0.0,0.0,0.0,1586.4766666666667,25.0,223.0,54.0,-53.497384748724286,47.0,-0.9906923101615609,-0.13612033862266704,20.48
1.0,0.0,0.0,0.0,1114.7833333333333,17.0,206.0,95.0,-94.32428528589114,44.0,-0.9928872135356962,-0.11905873003404988,18.66
1.0,0.0,0.0,0.0,1031.83,20.0,188.0,69.0,-68.84177559699806,54.0,-0.9977068927101168,-0.06768276175455162,24.07
1.0,0.0,0.0,0.0,1382.0599999999997,11.0,196.0,109.0,-108.8608641247633,48.0,-0.9987235240803972,-0.050510617185222886,24.25
1.0,0.0,0.0,0.0,1331.1633333333332,31.0,172.0,68.0,-67.96223396225504,42.0,-0.9994446170919858,-0.033323525711631344,23.54
1.0,0.0,0.0,0.0,1053.11,5.0,191.0,34.0,-33.99557858430321,48.0,-0.9998699583618592,-0.016126573270657762,15.18
1.0,0.0,0.0,0.0,700.6433333333334,12.0,220.0,71.0,-70.99995896375317,48.0,-0.9999994220246925,0.001075151282798226,15.32
1.0,0.0,0.0,0.0,1946.7533333333333,32.0,230.0,85.0,-84.88207117713773,43.0,-0.9986126020839734,0.052658056924614005,17.4
1.0,0.0,0.0,0.0,2000.7133333333334,9.0,256.0,43.0,-42.766370549737246,41.0,-0.9945667569706337,0.1041007489354256,19.02
1.0,0.0,0.0,0.0,2299.15,25.0,232.0,70.0,-69.48402341541566,49.0,-0.9926289059345095,0.121193461470736,25.97
1.0,0.0,0.0,0.0,1177.4066666666668,4.0,271.0,68.0,-67.3470177623974,48.0,-0.9903973200352558,0.1382503109109819,21.28
1.0,0.0,0.0,0.0,1478.0466666666669,32.0,242.0,78.0,-77.05406745153334,48.0,-0.9878726596350429,0.15526624985999563,26.33
1.0,0.0,0.0,0.0,1327.4033333333334,22.0,249.0,91.0,-89.64006613575663,48.0,-0.9850556718215013,0.172236243027682,19.41
1.0,0.0,0.0,0.0,1231.5933333333332,3.0,271.0,80.0,-78.28385076641625,39.0,-0.9785481345802031,0.20601832032517084,22.06
1.0,0.0,0.0,0.0,1128.1333333333332,0.0,279.0,65.0,-63.10735668128993,40.0,-0.9708824104813836,0.23955655912092708,27.25
1.0,0.0,0.0,0.0,2293.2433333333333,0.0,279.0,77.0,-74.42958680080748,45.0,-0.9666180104000972,0.2562218218071163,26.88
1.0,0.0,0.0,0.0,2830.9933333333333,2.0,300.0,86.0,-82.73781123484049,45.0,-0.9620675724981452,0.27281126433401914,17.29
1.0,0.0,0.0,0.0,2758.8133333333335,19.0,309.0,91.0,-87.10815234242139,46.0,-0.957232443323312,0.28931997761869527,14.82
1.0,0.0,0.0,0.0,1559.206666666667,7.0,318.0,66.0,-62.839527542095276,42.0,-0.9521140536681102,0.3057430764672831,25.36
1.0,0.0,0.0,0.0,1915.4733333333334,24.0,322.0,51.0,-47.99271537200111,45.0,-0.9410336347451197,0.3383130181923076,15.67
1.0,0.0,0.0,0.0,3213.6666666666665,41.0,308.0,85.0,-79.48136516988238,45.0,-0.9350748843515574,0.3544502230989869,23.08
1.0,0.0,0.0,0.0,3192.156666666667,42.0,315.0,75.0,-69.17468382217908,46.0,-0.9223291176290545,0.3864052261209853,20.05
1.0,0.0,0.0,0.0,2055.4933333333333,35.0,404.0,57.0,-51.784027103632965,43.0,-0.9084917035725082,0.41790288888678667,9.96
1.0,0.0,0.0,0.0,880.3766666666667,1.0,404.0,69.0,-59.97706433556606,43.0,-0.8692328164574792,0.49440298420761813,27.87
1.0,0.0,0.0,0.0,734.8266666666667,43.0,424.0,82.0,-70.56917509250968,46.0,-0.8605996962501181,0.5092820071573356,10.61
1.0,0.0,0.0,0.0,1990.6066666666666,3.0,424.0,85.0,-72.3955124134881,42.0,-0.8517119107469189,0.5240103253675756,27.74
1.0,0.0,0.0,0.0,1837.2166666666665,29.0,398.0,38.0,-31.660951666388783,48.0,-0.8331829385891785,0.5529974600700271,30.71
1.0,0.0,0.0,0.0,2176.5866666666666,25.0,374.0,81.0,-65.90709426609352,48.0,-0.8136678304455991,0.5813300798152042,28.57
1.0,0.0,0.0,0.0,1146.0866666666668,8.0,366.0,71.0,-56.31646756010809,46.0,-0.7931896839451843,0.6089746507720486,21.75
1.0,0.0,0.0,0.0,1463.9666666666665,0.0,401.0,59.0,-46.17322310429922,42.0,-0.7825970017677834,0.6225286602431057,24.34
1.0,0.0,0.0,0.0,1086.74,23.0,428.0,27.0,-20.53944246662308,48.0,-0.7607200913564104,0.6490800741100398,25.7
1.0,0.0,0.0,0.0,1236.4966666666667,28.0,402.0,81.0,-58.8242180829365,52.0,-0.7262249146041543,0.6874571793269664,26.49
1.0,0.0,0.0,0.0,1191.7233333333334,16.0,394.0,80.0,-57.14336938152826,47.0,-0.7142921172691032,0.699847677146407,30.2
1.0,0.0,0.0,0.0,1339.75,28.0,377.0,64.0,-44.93746876190066,46.0,-0.7021479494046978,0.7120310787787131,21.36
1.0,0.0,0.0,0.0,1284.82,27.0,369.0,73.0,-50.355108340587975,47.0,-0.6897960046655887,0.7240037789593305,27.33
1.0,0.0,0.0,0.0,965.3066666666667,49.0,500.0,37.0,-25.057877713065118,47.0,-0.6772399381909491,0.7357622347736527,12.27
1.0,0.0,0.0,0.0,1012.0333333333334,124.0,378.0,72.0,-47.84280951764558,48.0,-0.6644834655228552,0.7473029667054296,21.43
1.0,0.0,0.0,0.0,1077.8700000000001,1.0,385.0,87.0,-56.683141451091785,44.0,-0.6515303615068021,0.75862255966641,26.75
1.0,0.0,0.0,0.0,1391.1966666666667,63.0,323.0,79.0,-50.432372274798475,48.0,-0.6383844591746642,0.7697176640069211,29.57
1.0,0.0,0.0,0.0,1499.4133333333332,3.0,328.0,92.0,-57.50456767216026,46.0,-0.6250496486104377,0.7805849965070866,22.46
1.0,0.0,0.0,0.0,1065.0966666666666,3.0,389.0,37.0,-21.60620549473489,42.0,-0.5839514998576998,0.8117885474764613,9.27
1.0,0.0,0.0,0.0,879.3633333333333,1.0,416.0,85.0,-48.44158989708481,43.0,-0.5699010576127624,0.8217133225960589,19.02
1.0,0.0,0.0,0.0,1448.25,0.0,452.0,73.0,-40.56478399075157,44.0,-0.5556819724760489,0.8313949395234058,16.81
1.0,0.0,0.0,0.0,1696.3766666666668,35.0,451.0,88.0,-47.63426378511832,41.0,-0.5412984521036173,0.8408305333122887,17.56
1.0,0.0,0.0,0.0,1728.5166666666667,50.0,440.0,79.0,-41.61362547203378,41.0,-0.5267547528105542,0.8500173118187018,23.08
1.0,0.0,0.0,0.0,1128.2466666666667,2.0,443.0,75.0,-38.40413837335985,45.0,-0.5120551783114646,0.8589525565270845,25.85
1.0,0.0,0.0,0.0,939.6233333333333,8.0,504.0,85.0,-42.26234666798972,44.0,-0.4972040784469378,0.8676336233547726,7.24
1.0,0.0,0.0,0.0,746.9433333333333,11.0,496.0,48.0,-23.145880699024925,42.0,-0.4822058478963526,0.8760579434344281,17.85
1.0,0.0,0.0,0.0,697.8966666666665,19.0,477.0,85.0,-39.70051861458158,50.0,-0.46706492487743034,0.8842230238742036,19.04
1.0,0.0,0.0,0.0,902.4866666666667,180.0,315.0,78.0,-35.23929160696495,38.0,-0.451785789832884,0.8921264484954345,21.13
1.0,0.0,0.0,0.0,1079.5833333333333,2.0,313.0,98.0,-42.76455048225006,43.0,-0.4363729641045924,0.8997658785476209,17.29
1.0,0.0,0.0,0.0,1012.52,8.0,362.0,88.0,-37.033128756417696,46.0,-0.42083100859565564,0.9071390534005044,16.16
1.0,0.0,0.0,0.0,1989.4566666666667,1.0,361.0,87.0,-35.2493134506058,47.0,-0.4051645224207563,0.9142437912130223,24.36
1.0,0.0,0.0,0.0,1864.1533333333334,8.0,384.0,86.0,-33.48652017288733,48.0,-0.3893781415452015,0.9210779895789526,12.26
1.0,0.0,0.0,0.0,1737.9633333333334,64.0,324.0,39.0,-14.565584959109758,48.0,-0.37347653741307074,0.9276396261490467,20.85
1.0,0.0,0.0,0.0,1001.2366666666667,28.0,316.0,71.0,-25.37997350510516,48.0,-0.3574644155648614,0.9339267592294762,22.23
1.0,0.0,0.0,0.0,1076.4433333333334,36.0,309.0,78.0,-26.62502811111282,42.0,-0.34134651424503615,0.9399375283564133,19.03
1.0,0.0,0.0,0.0,1167.6033333333335,34.0,328.0,75.0,-24.384570224993197,45.0,-0.3251276029999093,0.9456701548465688,16.69
1.0,0.0,0.0,0.0,993.3233333333334,39.0,303.0,92.0,-28.410748276495347,44.0,-0.30881248126625377,0.9511229423235357,20.41
1.0,0.0,0.0,0.0,1018.5966666666667,5.0,298.0,62.0,-18.129170570966796,52.0,-0.29240597695107734,0.9562942772197719,22.97
1.0,0.0,0.0,0.0,1029.2366666666667,69.0,235.0,69.0,-19.03799320520427,42.0,-0.27591294500296043,0.9611826292540837,19.43
1.0,0.0,0.0,0.0,831.0866666666667,3.0,232.0,50.0,-12.96691329877028,48.0,-0.2593382659754056,0.9657865518844574,17.88
1.0,0.0,0.0,0.0,748.79,0.0,281.0,72.0,-17.47345280994687,51.0,-0.2426868445825954,0.9701046827361175,15.19
1.0,0.0,0.0,0.0,762.57,18.0,267.0,72.0,-15.060492406537659,53.0,-0.20917350564635637,0.9778785428342386,17.72
1.0,0.0,0.0,0.0,959.4766666666668,0.0,267.0,73.0,-11.56697957214105,48.0,-0.15845177496083632,0.9873667175937016,24.51
1.0,0.0,0.0,0.0,1428.0533333333333,57.0,219.0,93.0,-11.568688950101398,39.0,-0.12439450483979998,0.9922328391893008,23.66
1.0,0.0,0.0,0.0,2243.11,0.0,223.0,76.0,-8.155418005883547,53.0,-0.10730813165636247,0.9942258118156161,18.82
1.0,0.0,0.0,0.0,2107.4333333333334,31.0,230.0,79.0,-5.770569868672747,47.0,-0.07304518821104743,0.9973286321364752,15.01
1.0,0.0,0.0,0.0,1642.4333333333334,4.0,251.0,81.0,-4.526179309335224,48.0,-0.05587875690537313,0.9984375616565666,14.2
1.0,0.0,0.0,0.0,1002.0566666666667,20.0,240.0,93.0,-3.5987084864170007,44.0,-0.03869579017652689,0.9992510374388481,23.19
1.0,0.0,0.0,0.0,1018.8233333333334,29.0,248.0,85.0,-0.36555037975346777,45.0,-0.004300592702981974,0.9999907524084426,15.4
1.0,0.0,0.0,0.0,1191.9666666666667,53.0,206.0,98.0,1.6857543909895296,52.0,0.017201575418260506,0.9998520419557735,18.7
1.0,0.0,0.0,0.0,1099.4800000000002,14.0,204.0,86.0,2.9582332127702893,45.0,0.03439806061360801,0.9994082116062598,20.66
1.0,0.0,0.0,0.0,1120.3833333333334,0.0,204.0,74.0,3.817243148336219,50.0,0.051584366869408364,0.9986686402879997,17.89
1.0,0.0,0.0,0.0,884.8133333333335,6.0,222.0,84.0,7.216112757951948,43.0,0.08590610426133272,0.9963032375991965,11.24
1.0,0.0,0.0,0.0,615.8866666666668,0.0,257.0,40.0,4.121255161727151,41.0,0.10303137904317879,0.9946781061893646,13.57
1.0,0.0,0.0,0.0,588.3366666666668,49.0,208.0,58.0,7.956753435282833,50.0,0.13718540405660057,0.9905453876091833,20.91
1.0,0.0,0.0,0.0,843.4300000000002,4.0,216.0,99.0,15.26620070870625,49.0,0.1542040475626894,0.988039023376751,20.2
1.0,0.0,0.0,0.0,1005.9033333333333,0.0,237.0,81.0,13.865341828426189,47.0,0.17117705961019986,0.985240282501282,14.9
1.0,0.0,0.0,0.0,1805.5933333333335,9.0,228.0,97.0,18.245643508344365,49.0,0.18809941761179758,0.9821499931752291,21.05
1.0,0.0,0.0,0.0,1785.8100000000002,4.0,224.0,78.0,15.987356889620635,50.0,0.20496611396949532,0.9787690698649216,24.17
1.0,0.0,0.0,0.0,1714.7833333333335,38.0,186.0,42.0,9.314430617372238,47.0,0.22177215755648186,0.975098513039961,21.81
1.0,0.0,0.0,0.0,942.1833333333337,25.0,161.0,68.0,17.35240409238935,49.0,0.2551824131233728,0.9668929289391521,19.44
1.0,0.0,0.0,0.0,860.8533333333336,9.0,152.0,69.0,22.1529781387837,45.0,0.321057654185271,0.9470596510722283,23.2
1.0,0.0,0.0,0.0,926.9600000000004,37.0,115.0,66.0,23.32734830408979,46.0,0.3534446712740877,0.9354554315134164,18.36
1.0,0.0,0.0,0.0,1032.986666666667,11.0,104.0,74.0,27.341792575106346,48.0,0.3694836834473831,0.9292372181882051,24.27
1.0,0.0,0.0,0.0,990.9766666666669,12.0,92.0,79.0,30.447655396891726,46.0,0.38541335945432564,0.9227440286201427,17.58
1.0,0.0,0.0,0.0,1114.196666666667,0.0,92.0,84.0,35.02177403161321,44.0,0.4169258813287287,0.908940487313808,21.64
1.0,0.0,0.0,0.0,1045.656666666667,24.0,68.0,90.0,38.924946192058094,42.0,0.4324994021339788,0.901634220265486,17.79
1.0,0.0,0.0,0.0,904.8666666666669,35.0,43.0,36.0,16.126017818684083,43.0,0.44794493940789115,0.8940611451454876,21.89
1.0,0.0,0.0,0.0,809.2600000000002,0.0,45.0,77.0,35.67086003769686,46.0,0.4632579225674917,0.88622350294858,17.09
1.0,0.0,0.0,0.0,885.7800000000001,12.0,33.0,58.0,27.74916157477267,48.0,0.4784338202547012,0.8781236129591848,14.83
1.0,0.0,0.0,0.0,1145.6066666666668,21.0,12.0,94.0,47.78550516612614,46.0,0.5083564379375122,0.8611467540480452,20.45
1.0,0.0,0.0,0.0,1266.0966666666668,0.0,12.0,86.0,44.986110088025406,43.0,0.5230943033491326,0.8522748088519838,14.3
1.0,0.0,0.0,0.0,932.1266666666667,0.0,12.0,31.0,17.115141625123545,50.0,0.5521013427459208,0.8337770129585915,11.71
1.0,0.0,0.0,0.0,732.6066666666667,0.0,12.0,82.0,46.4416785126791,49.0,0.5663619330814524,0.8241566360566663,12.45
1.0,0.0,0.0,0.0,523.7733333333334,0.0,12.0,75.0,43.534119585682355,44.0,0.580454927809098,0.8142923779467267,12.92
1.0,0.0,0.0,0.0,581.3633333333333,0.0,33.0,72.0,42.79508327411878,44.0,0.5943761565849831,0.804187157621448,9.15
1.0,0.0,0.0,0.0,714.9366666666668,0.0,33.0,74.0,45.00099099212209,51.0,0.6081214998935418,0.7938439653781019,21.04
1.0,0.0,0.0,0.0,1315.756666666667,0.0,41.0,85.0,53.98080664637322,44.0,0.6350683134867438,0.7724559775191742,16.49
1.0,0.0,0.0,0.0,2085.0499999999997,0.0,43.0,42.0,27.226996010579914,40.0,0.6482618097757122,0.7614175109532997,16.36
1.0,0.0,0.0,0.0,2046.8500000000001,0.0,43.0,71.0,46.94970672256034,43.0,0.6612634749656386,0.7501537286959042,20.97
1.0,0.0,0.0,0.0,1631.2,0.0,43.0,87.0,58.6440431639516,45.0,0.6740694616546161,0.7386679638813748,20.64
1.0,0.0,0.0,0.0,1123.9133333333332,10.0,33.0,88.0,61.51897844976895,49.0,0.6990793005655562,0.7150441465537444,20.09
1.0,0.0,0.0,0.0,1009.1333333333332,2.0,37.0,56.0,39.83144211053365,45.0,0.7112757519738152,0.7029130847082615,17.07
1.0,0.0,0.0,0.0,853.4133333333333,0.0,46.0,85.0,61.477246662717796,47.0,0.7232617254437388,0.6905740195722293,12.52
1.0,0.0,0.0,0.0,620.02,0.0,57.0,63.0,47.03505121554202,44.0,0.746588114532413,0.6652865452111116,12.48
1.0,0.0,0.0,0.0,727.9966666666666,0.0,57.0,88.0,66.69710321976655,47.0,0.7579216274973472,0.6523456189565257,15.84
1.0,0.0,0.0,0.0,746.7133333333333,0.0,57.0,73.0,56.139252725901024,53.0,0.7690308592589181,0.6392116531380588,14.84
1.0,0.0,0.0,0.0,1971.82,0.0,79.0,82.0,63.95282683817085,49.0,0.7799125224167177,0.6258885343075018,13.89
1.0,0.0,0.0,0.0,1913.93,0.0,79.0,57.0,45.06211362395825,46.0,0.7905633969115482,0.612380204990065,20.46
1.0,0.0,0.0,0.0,2042.6733333333334,21.0,58.0,87.0,69.68528879511128,47.0,0.8009803309782905,0.5986906625177214,19.33
1.0,0.0,0.0,0.0,986.4266666666666,0.0,60.0,90.0,75.62232626470622,49.0,0.8402480696078469,0.5422021592729844,16.27
1.0,0.0,0.0,0.0,1019.3899999999999,8.0,65.0,79.0,67.81372034005945,41.0,0.8584015232918917,0.512978386299228,17.68
1.0,0.0,0.0,0.0,1068.2299999999998,2.0,78.0,34.0,29.768325757193427,46.0,0.8755389928586302,0.4831474640149687,23.09
1.0,0.0,0.0,0.0,1012.43,0.0,81.0,64.0,56.55810223116785,45.0,0.8837203473619977,0.4680153284438345,20.12
1.0,0.0,0.0,0.0,1358.4766666666667,0.0,81.0,67.0,59.739893051391455,48.0,0.8916401947968874,0.45274469960737107,25.52
1.0,0.0,0.0,0.0,1407.6166666666668,0.0,81.0,80.0,71.94369532424203,46.0,0.8992961915530253,0.4373400963303323,26.74
1.0,0.0,0.0,0.0,1573.8266666666666,6.0,84.0,89.0,80.69506041670407,38.0,0.9066860720977985,0.4218060770826634,24.84
1.0,0.0,0.0,0.0,1306.0133333333333,9.0,78.0,67.0,61.22511252632632,45.0,0.9138076496466615,0.4061472386305789,25.4
1.0,0.0,0.0,0.0,1173.3933333333334,11.0,67.0,86.0,79.17665824568088,44.0,0.9206588168102428,0.3903682146763026,18.62
1.0,0.0,0.0,0.0,1140.75,0.0,75.0,52.0,48.216352403333595,47.0,0.9272375462179537,0.374473674486883,23.33
1.0,0.0,0.0,0.0,1043.6233333333332,0.0,75.0,64.0,59.746681031546956,46.0,0.9335418911179212,0.35846832151248087,19.2
1.0,0.0,0.0,0.0,898.6300000000001,22.0,62.0,50.0,47.2660023456566,46.0,0.945320046913132,0.3261441535642696,18.42
1.0,0.0,0.0,0.0,947.9033333333333,0.0,62.0,78.0,74.16164905208149,47.0,0.9507903724625832,0.3098349038318025,26.56
1.0,0.0,0.0,0.0,1260.9033333333334,0.0,66.0,100.0,95.59793438440765,47.0,0.9559793438440766,0.2934339689665273,26.11
1.0,0.0,0.0,0.0,1430.5999999999997,2.0,64.0,64.0,61.49666723567985,49.0,0.9608854255574977,0.27694620226893646,25.42
1.0,0.0,0.0,0.0,1184.7366666666667,13.0,66.0,48.0,46.34434395908815,48.0,0.9655071658143364,0.2603764827344581,20.71
1.0,0.0,0.0,0.0,1304.4866666666667,15.0,55.0,78.0,75.9635944013694,47.0,0.9738922359149924,0.22701082094141847,26.35
1.0,0.0,0.0,0.0,1300.0233333333333,3.0,52.0,82.0,80.16755292749646,44.0,0.9776530844816641,0.2102247521189836,20.65
1.0,0.0,0.0,0.0,1434.8666666666668,0.0,54.0,63.0,62.01126820343908,42.0,0.984305844499033,0.17647097349152166,26.22
1.0,0.0,0.0,0.0,1020.4499999999999,0.0,94.0,86.0,84.89883770702673,51.0,0.9871957872910085,0.15951325197263655,14.49
1.0,0.0,0.0,0.0,851.48,9.0,85.0,37.0,36.62236330978165,45.0,0.9897936029670716,0.14250832791617088,24.81
1.0,0.0,0.0,0.0,780.3466666666667,3.0,82.0,56.0,55.55751727633906,48.0,0.992098522791769,0.12546123335273648,22.21
1.0,0.0,0.0,0.0,845.9166666666666,0.0,82.0,81.0,80.52289904088158,44.0,0.9941098647022418,0.10837701279187609,20.11
1.0,0.0,0.0,0.0,1007.8133333333334,8.0,74.0,81.0,80.77721120726495,47.0,0.9972495210773451,0.07411742515094437,19.9
1.0,0.0,0.0,0.0,1206.0966666666666,0.0,112.0,104.0,103.83119827258277,50.0,0.998376906467142,0.056952196034039754,20.02
1.0,0.0,0.0,0.0,1263.7866666666666,9.0,103.0,72.0,71.94303763689422,49.0,0.9992088560679753,0.03977011384605572,25.12
1.0,0.0,0.0,0.0,1466.6366666666665,0.0,103.0,76.0,75.99890184945461,52.0,0.9999855506507186,0.005375731557583884,31.59
1.0,0.0,0.0,0.0,1567.2700000000002,4.0,101.0,93.0,92.99349611904712,51.0,0.9999300657962057,-0.011826390691832589,26.3
1.0,0.0,0.0,0.0,1494.64,0.0,125.0,80.0,79.96629484383166,44.0,0.9995786855478958,-0.029025013321975237,19.66
1.0,0.0,0.0,0.0,1422.83,15.0,125.0,83.0,82.9113156524432,43.0,0.9989315138848577,-0.046215046983708354,28.04
1.0,0.0,0.0,0.0,2202.71,4.0,142.0,101.0,100.67181563196068,48.0,0.9967506498213929,-0.08054900421874167,24.35
1.0,0.0,0.0,0.0,2724.7100000000005,0.0,160.0,32.0,31.84696328875934,37.0,0.9952176027737294,-0.09768276782171598,33.0
1.0,0.0,0.0,0.0,2721.85,2.0,158.0,76.0,75.49764416676791,45.0,0.9933900548258936,-0.11478762552212701,29.97
1.0,0.0,0.0,0.0,2361.8133333333335,40.0,118.0,45.0,44.49841678892648,44.0,0.9888537064205885,-0.1488903868564548,23.04
1.0,0.0,0.0,0.0,1699.196666666667,0.0,149.0,46.0,45.36272742371337,52.0,0.986146248341595,-0.16587819893463143,18.63
1.0,0.0,0.0,0.0,1487.45,0.0,152.0,46.0,45.073411424409855,43.0,0.9798567700958665,-0.1997015525660636,27.85
1.0,0.0,0.0,0.0,798.7466666666666,0.0,172.0,47.0,45.70315513773385,46.0,0.9724075561219968,-0.23328854407545518,30.15
1.0,0.0,0.0,0.0,901.7833333333333,0.0,185.0,55.0,52.74933895187622,43.0,0.9590788900341131,-0.28313898122818354,26.27
1.0,0.0,0.0,0.0,857.54,38.0,158.0,49.0,46.7492609528341,43.0,0.9540665500578387,-0.2995947563972602,22.55
1.0,0.0,0.0,0.0,693.0633333333334,0.0,172.0,28.0,26.409501046784424,46.0,0.9431964659565866,-0.33223549871590435,24.11
1.0,0.0,0.0,0.0,734.3633333333333,0.0,195.0,77.0,72.17532926175704,46.0,0.9373419384643772,-0.3484108069446808,20.49
1.0,0.0,0.0,0.0,917.9733333333334,2.0,205.0,67.0,61.51413703505724,44.0,0.9181214482844364,-0.39629913726891813,29.24
1.0,0.0,0.0,0.0,1452.1066666666666,24.0,186.0,98.0,89.29452626260098,45.0,0.9111686353326631,-0.41203363695942635,31.71
1.0,0.0,0.0,0.0,1354.28,15.0,171.0,40.0,35.8582503316223,47.0,0.8964562582905575,-0.44313223418263453,27.5
1.0,0.0,0.0,0.0,1357.3266666666668,21.0,150.0,85.0,74.85804279656254,45.0,0.8806828564301475,-0.47370635037968,23.04
1.0,0.0,0.0,0.0,1495.6166666666668,18.0,139.0,101.0,88.11280973730109,40.0,0.8724040568049612,-0.48878539428899265,39.7
1.0,0.0,0.0,0.0,1791.9899999999998,0.0,139.0,82.0,70.83710210026626,41.0,0.8638670987837349,-0.503719798736334,31.2
1.0,0.0,0.0,0.0,2006.6000000000001,0.0,151.0,82.0,70.11610970435484,45.0,0.8550745085896932,-0.518505144391157,35.15
1.0,0.0,0.0,0.0,2778.24,31.0,124.0,42.0,35.14278238944867,47.0,0.8367329140344921,-0.5476112038402312,31.45
1.0,0.0,0.0,0.0,3003.16,3.0,156.0,90.0,73.5660883642427,48.0,0.8174009818249189,-0.5760691233798758,25.24
1.0,0.0,0.0,0.0,3783.6966666666667,20.0,166.0,99.0,77.87306004257361,43.0,0.7865965660866021,-0.6174672802835514,33.98
1.0,0.0,0.0,0.0,3523.9533333333334,13.0,184.0,39.0,29.830764226930775,46.0,0.7648913904341225,-0.6441592666722685,33.31
1.0,0.0,0.0,0.0,3427.5699999999997,11.0,186.0,75.0,56.52732482946855,48.0,0.753697664392914,-0.6572212950663319,40.25
1.0,0.0,0.0,0.0,2409.47,14.0,202.0,73.0,54.18650621734969,41.0,0.742280907086982,-0.6700888411055113,25.77
1.0,0.0,0.0,0.0,1601.8433333333332,23.0,196.0,68.0,48.877847655612776,47.0,0.7187918772884232,-0.6952253139408722,34.15
1.0,0.0,0.0,0.0,1329.1000000000001,12.0,202.0,43.0,29.324802410889905,45.0,0.6819721490904629,-0.7313781428679254,42.44
1.0,0.0,0.0,0.0,1596.4033333333334,5.0,197.0,76.0,49.88720379104329,52.0,0.6564105761979381,-0.7544038410927472,37.17
1.0,0.0,0.0,0.0,2098.9966666666664,0.0,210.0,112.0,72.05369028530308,50.0,0.6433365204044917,-0.765583517007675,31.01
1.0,0.0,0.0,0.0,2373.7633333333333,0.0,221.0,77.0,48.51555100579639,43.0,0.6300720909843687,-0.7765366444428655,41.17
1.0,0.0,0.0,0.0,2644.73,7.0,221.0,111.0,66.93165324471133,43.0,0.6029878670694714,-0.7977503570459932,39.37
1.0,0.0,0.0,0.0,2217.4,0.0,229.0,51.0,30.047980448847113,41.0,0.5891760872322963,-0.8080046647350754,41.69
1.0,0.0,0.0,0.0,2255.6666666666665,12.0,224.0,78.0,44.86481693553424,43.0,0.5751899607119775,-0.8180198708443174,29.45
1.0,0.0,0.0,0.0,2050.97,4.0,234.0,90.0,50.493026360553095,48.0,0.5610336262283677,-0.8277930117131022,36.02
1.0,0.0,0.0,0.0,1926.7866666666666,35.0,236.0,95.0,51.93757092251642,46.0,0.5467112728685939,-0.8373211953118121,22.84
1.0,0.0,0.0,0.0,2155.4233333333336,30.0,220.0,93.0,49.49712391281189,39.0,0.5322271388474397,-0.8466016020976267,39.69
1.0,0.0,0.0,0.0,1876.9000000000003,31.0,216.0,85.0,38.890166966311355,39.0,0.4575313760742512,-0.8891934772070711,26.19
1.0,0.0,0.0,0.0,2900.896666666667,13.0,209.0,85.0,37.584292917201125,50.0,0.44216815196707204,-0.8969321743510065,32.36
1.0,0.0,0.0,0.0,2492.3866666666668,30.0,179.0,85.0,36.267297071143595,45.0,0.42667408318992467,-0.9044054548343001,28.16
1.0,0.0,0.0,0.0,2199.3700000000003,17.0,236.0,44.0,16.695925123879952,46.0,0.37945284372454435,-0.925211078289358,17.0
1.0,0.0,0.0,0.0,1191.8933333333334,18.0,245.0,96.0,34.89423479835901,42.0,0.36348161248290634,-0.9316013725767187,24.5
1.0,0.0,0.0,0.0,1151.8999999999999,0.0,260.0,78.0,27.097420052373636,42.0,0.3474028211842774,-0.9377159910299093,29.96
1.0,0.0,0.0,0.0,1718.793333333333,13.0,262.0,79.0,24.880388037587203,46.0,0.31494162072895193,-0.9491110448902284,33.23
1.0,0.0,0.0,0.0,1763.073333333333,11.0,251.0,68.0,20.302679580732974,47.0,0.2985688173637202,-0.9543881083175908,34.41
1.0,0.0,0.0,0.0,1367.6266666666663,7.0,317.0,38.0,10.091395056554125,37.0,0.26556302780405594,-0.9640935007889755,12.95
1.0,0.0,0.0,0.0,1288.0633333333333,8.0,328.0,64.0,15.93214774744106,40.0,0.24893980855376657,-0.9685189578512204,37.22
1.0,0.0,0.0,0.0,1534.5833333333333,7.0,336.0,85.0,18.31557177897206,41.0,0.21547731504673012,-0.976508846196619,37.84
1.0,0.0,0.0,0.0,2109.1966666666667,14.0,338.0,91.0,14.998424045805011,45.0,0.16481784665719793,-0.9863240225317866,34.18
1.0,0.0,0.0,0.0,1794.0199999999998,37.0,306.0,52.0,7.687010940467585,46.0,0.14782713347053048,-0.9890132145779883,28.46
1.0,0.0,0.0,0.0,2602.0466666666666,14.0,299.0,86.0,11.248170123681293,50.0,0.13079267585675922,-0.9914097417023038,38.33
1.0,0.0,0.0,0.0,2557.083333333333,27.0,288.0,78.0,8.870122137704076,44.0,0.11371951458594969,-0.9935128947338007,36.37
1.0,0.0,0.0,0.0,2774.8366666666666,6.0,300.0,63.0,6.0866002185157955,48.0,0.0966127018812031,-0.9953220513156602,37.9
1.0,0.0,0.0,0.0,1682.5966666666666,0.0,310.0,81.0,6.437661293813298,49.0,0.07947729992362097,-0.9968366760893436,27.06
1.0,0.0,0.0,0.0,1240.4266666666667,74.0,298.0,29.0,0.8105586489660992,47.0,0.02795029824021032,-0.999609314096404,13.28
1.0,0.0,0.0,0.0,1318.94,27.0,271.0,56.0,-0.3612483950938884,53.0,-0.00645086419810515,-0.9999791929590823,25.57
1.0,0.0,0.0,0.0,1368.78,15.0,256.0,85.0,-2.0103458158446847,47.0,-0.023651127245231586,-0.9997202729664083,28.56
1.0,0.0,0.0,0.0,1446.6566666666668,15.0,279.0,83.0,-3.390084498093577,37.0,-0.04084439154329611,-0.9991655196610109,16.07
1.0,0.0,0.0,0.0,1583.3133333333335,0.0,279.0,82.0,-4.758096684959988,52.0,-0.05802556932878035,-0.9983150972033183,29.73
1.0,0.0,0.0,0.0,1162.3166666666668,73.0,215.0,24.0,-2.2159520086893894,44.0,-0.09233133369539122,-0.9957283388645872,24.88
1.0,0.0,0.0,0.0,1817.8566666666666,19.0,206.0,61.0,-7.718196827159671,49.0,-0.12652781683868314,-0.9919630595773397,21.02
1.0,0.0,0.0,0.0,2396.2333333333336,15.0,197.0,81.0,-11.629366296356716,36.0,-0.1435724234118113,-0.9896398128792412,22.96
1.0,0.0,0.0,0.0,2683.1766666666667,16.0,194.0,70.0,-11.240218121649564,47.0,-0.16057454459499376,-0.9870237158387383,26.63
1.0,0.0,0.0,0.0,2218.2566666666667,5.0,194.0,68.0,-12.071982144718378,52.0,-0.17752914918703497,-0.984115542601034,28.49
1.0,0.0,0.0,0.0,1368.9566666666667,7.0,199.0,81.0,-15.748928823860618,46.0,-0.19443122004766195,-0.9809161537413774,28.35
1.0,0.0,0.0,0.0,1718.36,16.0,207.0,41.0,-8.66230597886935,44.0,-0.2112757555821793,-0.9774264960104055,15.66
1.0,0.0,0.0,0.0,1570.6166666666666,18.0,242.0,80.0,-18.244621697721584,46.0,-0.2280577712215198,-0.9736476020539838,17.34
1.0,0.0,0.0,0.0,1372.2666666666667,10.0,242.0,66.0,-17.25335030173631,45.0,-0.2614143985111562,-0.965226663665613,20.76
1.0,0.0,0.0,0.0,1273.5966666666666,62.0,187.0,75.0,-23.31427261826277,42.0,-0.3108569682435036,-0.9504567035349151,25.79
1.0,0.0,0.0,0.0,1263.1433333333332,0.0,228.0,63.0,-23.65463385732007,46.0,-0.3754703786876202,-0.9268343944460494,20.95
1.0,0.0,0.0,0.0,1361.7466666666667,0.0,243.0,71.0,-27.786406395832838,42.0,-0.3913578365610259,-0.9202385798054075,26.46
1.0,0.0,0.0,0.0,1199.8466666666666,38.0,205.0,83.0,-33.79174728440288,46.0,-0.4071294853542516,-0.9133704517637858,27.05
1.0,0.0,0.0,0.0,1326.9566666666667,0.0,205.0,75.0,-35.17238932557239,45.0,-0.46896519100763184,-0.8832166493127127,25.32
1.0,0.0,0.0,0.0,1338.3033333333335,9.0,213.0,70.0,-33.88619651472831,44.0,-0.48408852163897587,-0.8750190302029955,26.97
1.0,0.0,0.0,0.0,1227.05,10.0,209.0,75.0,-37.430145201639895,44.0,-0.4990686026885319,-0.8665624788845385,24.05
1.0,0.0,0.0,0.0,1231.5666666666666,6.0,233.0,84.0,-43.16768410998206,50.0,-0.5139010013093103,-0.8578494977869301,22.51
1.0,0.0,0.0,0.0,1281.81,13.0,223.0,40.0,-21.72420958733727,46.0,-0.5431052396834317,-0.8396646346181327,19.48
1.0,0.0,0.0,0.0,1193.3766666666668,5.0,218.0,60.0,-34.300000278162315,50.0,-0.5716666713027052,-0.8204859638785327,22.13
1.0,0.0,0.0,0.0,1150.98,12.0,206.0,85.0,-49.784137883624815,45.0,-0.5856957398073508,-0.8105309990194823,20.81
1.0,0.0,0.0,0.0,1073.97,24.0,193.0,91.0,-54.55918572828805,45.0,-0.5995514915196489,-0.8003361849976323,19.24
1.0,0.0,0.0,0.0,1155.3400000000001,53.0,140.0,79.0,-48.44515627768027,50.0,-0.6132298262997502,-0.7899045386224707,20.84
1.0,0.0,0.0,0.0,1111.82,10.0,130.0,69.0,-43.244142059074775,42.0,-0.6267266965083301,-0.7792391467859886,23.1
1.0,0.0,0.0,0.0,1112.8933333333334,7.0,123.0,42.0,-26.88160054458271,49.0,-0.6400381082043503,-0.7683431655492202,27.33
1.0,0.0,0.0,0.0,1116.4066666666665,41.0,125.0,74.0,-48.33384905219282,46.0,-0.65316012232693,-0.7572198192083127,16.09
1.0,0.0,0.0,0.0,1186.6833333333334,15.0,110.0,67.0,-44.62795334268546,46.0,-0.666088855860977,-0.7458723993404063,27.19
1.0,0.0,0.0,0.0,1160.8100000000002,0.0,110.0,73.0,-49.553895257995194,43.0,-0.6788204829862355,-0.734304263829602,22.6
1.0,0.0,0.0,0.0,1048.3466666666666,0.0,110.0,57.0,-39.407020463936206,46.0,-0.6913512362094071,-0.722518835873311,22.16
1.0,0.0,0.0,0.0,1023.2199999999999,17.0,108.0,86.0,-60.5162570431951,45.0,-0.7036774074790128,-0.7105196029692745,20.5
1.0,0.0,0.0,0.0,1015.8133333333332,6.0,114.0,86.0,-61.558400038309124,41.0,-0.7157953492826642,-0.6983101158835584,19.7
1.0,0.0,0.0,0.0,1026.8133333333333,30.0,84.0,34.0,-24.741850174698403,46.0,-0.7277014757264236,-0.6858939875998223,22.03
1.0,0.0,0.0,0.0,963.18,3.0,81.0,74.0,-54.71502750609839,47.0,-0.7393922635959241,-0.673274892250183,19.47
1.0,0.0,0.0,0.0,1038.9099999999999,0.0,84.0,79.0,-61.077927720077604,44.0,-0.7731383255706026,-0.6342374393978054,24.32
1.0,0.0,0.0,0.0,1183.7566666666664,0.0,91.0,94.0,-74.68274894166032,44.0,-0.7944973291665992,-0.6072676460566135,21.63
1.0,0.0,0.0,0.0,1262.0833333333333,11.0,80.0,84.0,-68.45294266995064,47.0,-0.8149159841660791,-0.5795791048257612,20.99
1.0,0.0,0.0,0.0,1101.243333333333,0.0,90.0,55.0,-45.36207964603488,44.0,-0.8247650844733614,-0.5654755126737576,22.24
1.0,0.0,0.0,0.0,981.2266666666666,0.0,90.0,72.0,-60.74843465010753,41.0,-0.8437282590292712,-0.5367705514607103,20.58
1.0,0.0,0.0,0.0,862.6233333333333,0.0,112.0,70.0,-60.318497148199654,47.0,-0.8616928164028522,-0.5074302810827518,18.03
1.0,0.0,0.0,0.0,998.75,43.0,121.0,30.0,-26.10881766805702,39.0,-0.8702939222685674,-0.49253272872205434,21.77
1.0,0.0,0.0,0.0,1076.86,0.0,133.0,87.0,-76.441461992007,37.0,-0.8786374941610001,-0.4774894280028391,22.52
1.0,0.0,0.0,0.0,2045.11,0.0,158.0,72.0,-63.843916541975496,49.0,-0.886721063082993,-0.46230483047981086,23.22
1.0,0.0,0.0,0.0,2117.86,0.0,158.0,92.0,-82.29788580183336,42.0,-0.8945422369764496,-0.4469834295196741,23.96
1.0,0.0,0.0,0.0,2116.2766666666666,15.0,177.0,97.0,-88.89163775935154,44.0,-0.9164086366943458,-0.4002439388573056,18.57
1.0,0.0,0.0,0.0,1103.59,12.0,165.0,37.0,-34.156841299694044,43.0,-0.9231578729647039,-0.38442104726885545,29.65
1.0,0.0,0.0,0.0,1210.3966666666665,0.0,178.0,70.0,-65.50844281344959,40.0,-0.9358348973349941,-0.35243871088460327,20.8
1.0,0.0,0.0,0.0,1391.5699999999997,0.0,233.0,75.0,-70.63192005745962,43.0,-0.9417589340994617,-0.33628873017668287,16.57
1.0,0.0,0.0,0.0,1533.5566666666666,3.0,233.0,76.0,-72.00272598253522,50.0,-0.9474042892438845,-0.32003923622313857,21.51
1.0,0.0,0.0,0.0,1394.7466666666667,7.0,226.0,67.0,-64.17610781365369,52.0,-0.9578523554276669,-0.28726097055059635,27.87
1.0,0.0,0.0,0.0,1070.823333333333,0.0,260.0,72.0,-69.94046049723,43.0,-0.97139528468375,-0.23746831555846842,16.11
1.0,0.0,0.0,0.0,1147.5833333333333,10.0,250.0,81.0,-79.29809877301548,43.0,-0.9789888737409319,-0.20391367068311472,25.72
1.0,0.0,0.0,0.0,1114.6666666666663,0.0,274.0,83.0,-81.53518785029466,45.0,-0.9823516608469237,-0.18704334906991657,22.57
1.0,0.0,0.0,0.0,1258.3999999999999,22.0,259.0,72.0,-70.95051030902057,37.0,-0.9854237542919524,-0.17011767832049052,27.17
1.0,0.0,0.0,0.0,1091.0999999999997,52.0,209.0,26.0,-25.693310369847698,46.0,-0.9882042449941422,-0.15314166701312007,27.12
1.0,0.0,0.0,0.0,1277.9766666666665,12.0,222.0,80.0,-79.25538481292487,49.0,-0.9906923101615609,-0.13612033862266704,17.56
1.0,0.0,0.0,0.0,1387.1899999999998,25.0,219.0,87.0,-86.54658258801145,42.0,-0.994788305609327,-0.10196189005174576,17.14
1.0,0.0,0.0,0.0,1527.1033333333332,0.0,219.0,63.0,-62.77288650057956,47.0,-0.9963950238187231,-0.08483487790576538,30.4
1.0,0.0,0.0,0.0,1497.0966666666666,34.0,185.0,91.0,-90.79132723662063,47.0,-0.9977068927101168,-0.06768276175455162,27.23
1.0,0.0,0.0,0.0,1192.6433333333332,0.0,185.0,35.0,-34.9805615982195,48.0,-0.9994446170919858,-0.033323525711631344,24.34
1.0,0.0,0.0,0.0,1119.9199999999998,13.0,184.0,73.0,-72.99050696041573,44.0,-0.9998699583618592,-0.016126573270657762,22.64
1.0,0.0,0.0,0.0,971.0366666666665,55.0,176.0,67.0,-66.98880897459703,47.0,-0.999832969770105,0.018276557681691223,27.66
1.0,0.0,0.0,0.0,1090.8966666666665,3.0,253.0,69.0,-68.95657490892579,44.0,-0.9993706508539969,0.03547255575312556,14.19
1.0,0.0,0.0,0.0,1114.3566666666666,0.0,346.0,68.0,-67.90565694171019,51.0,-0.9986126020839734,0.052658056924614005,11.87
1.0,0.0,0.0,0.0,1239.3966666666668,34.0,312.0,90.0,-89.78031430009752,51.0,-0.9975590477788613,0.06982797572987089,25.44
1.0,0.0,0.0,0.0,1363.8966666666668,0.0,312.0,73.0,-72.60337325885627,42.0,-0.9945667569706337,0.1041007489354256,28.05
1.0,0.0,0.0,0.0,1488.2033333333336,24.0,290.0,69.0,-68.49139450948115,42.0,-0.9926289059345095,0.121193461470736,33.84
1.0,0.0,0.0,0.0,1483.28,7.0,285.0,66.0,-65.36622312232689,48.0,-0.9903973200352558,0.1382503109109819,26.83
1.0,0.0,0.0,0.0,1499.4066666666665,2.0,298.0,77.0,-75.8492867302556,41.0,-0.9850556718215013,0.172236243027682,27.57
1.0,0.0,0.0,0.0,1369.03,25.0,282.0,61.0,-59.89877860138541,46.0,-0.981947190186646,0.18915526872004093,27.98
1.0,0.0,0.0,0.0,1516.2366666666665,22.0,282.0,74.0,-71.84529837562238,43.0,-0.9708824104813836,0.23955655912092708,25.0
1.0,0.0,0.0,0.0,1399.5633333333333,0.0,314.0,80.0,-77.32944083200778,47.0,-0.9666180104000972,0.2562218218071163,18.74
1.0,0.0,0.0,0.0,1804.2733333333333,0.0,341.0,75.0,-71.7924332492484,46.0,-0.957232443323312,0.28931997761869527,22.39
1.0,0.0,0.0,0.0,1461.0133333333333,0.0,388.0,67.0,-63.79164159576338,43.0,-0.9521140536681102,0.3057430764672831,23.67
1.0,0.0,0.0,0.0,1664.4133333333332,12.0,378.0,64.0,-60.22615262368766,44.0,-0.9410336347451197,0.3383130181923076,26.91
1.0,0.0,0.0,0.0,1256.33,47.0,362.0,74.0,-69.19554144201524,42.0,-0.9350748843515574,0.3544502230989869,23.39
1.0,0.0,0.0,0.0,1256.5466666666666,80.0,323.0,89.0,-82.66670929276681,43.0,-0.9288394302558068,0.3704825404820963,18.11
1.0,0.0,0.0,0.0,1639.0666666666666,93.0,233.0,93.0,-85.77660793950207,43.0,-0.9223291176290545,0.3864052261209853,34.03
1.0,0.0,0.0,0.0,1947.93,0.0,237.0,100.0,-90.84917035725081,47.0,-0.9084917035725082,0.41790288888678667,29.61
1.0,0.0,0.0,0.0,1803.89,0.0,238.0,24.0,-21.628048724547764,51.0,-0.9011686968561569,0.4334685453485363,35.21
1.0,0.0,0.0,0.0,1492.2366666666667,2.0,236.0,89.0,-79.52853276433558,40.0,-0.8935790198239952,0.4489059314938798,32.85
1.0,0.0,0.0,0.0,1166.5933333333332,2.0,243.0,58.0,-50.90130556801067,43.0,-0.8776087166898392,0.4793776594606945,28.95
1.0,0.0,0.0,0.0,1451.9899999999998,15.0,228.0,72.0,-61.9631781300085,50.0,-0.8605996962501181,0.5092820071573356,28.32
1.0,0.0,0.0,0.0,1210.6299999999999,9.0,259.0,75.0,-63.878393306018914,47.0,-0.8517119107469189,0.5240103253675756,22.59
1.0,0.0,0.0,0.0,1365.51,22.0,266.0,39.0,-32.860311509477526,46.0,-0.8425720899866032,0.5385835804920232,25.44
1.0,0.0,0.0,0.0,1065.3266666666666,32.0,340.0,73.0,-60.11894815175885,46.0,-0.8235472349556007,0.5672476988027229,11.36
1.0,0.0,0.0,0.0,1287.6066666666668,27.0,315.0,78.0,-63.46609077475673,46.0,-0.8136678304455991,0.5813300798152042,34.15
1.0,0.0,0.0,0.0,1496.6566666666668,47.0,269.0,77.0,-61.873168937111195,45.0,-0.8035476485339116,0.5952404359043674,32.65
1.0,0.0,0.0,0.0,1946.1233333333332,2.0,308.0,95.0,-75.3530199747925,46.0,-0.7931896839451843,0.6089746507720486,21.78
1.0,0.0,0.0,0.0,1993.6933333333334,31.0,278.0,82.0,-64.17295414495824,49.0,-0.7825970017677834,0.6225286602431057,34.32
1.0,0.0,0.0,0.0,1747.323333333333,41.0,237.0,39.0,-30.09913672532456,47.0,-0.7717727365467836,0.6358984534680745,34.67
1.0,0.0,0.0,0.0,1460.5366666666666,3.0,258.0,68.0,-51.7289662122359,53.0,-0.7607200913564104,0.6490800741100398,21.44
1.0,0.0,0.0,0.0,1242.4333333333332,4.0,320.0,80.0,-58.097993168332344,41.0,-0.7262249146041543,0.6874571793269664,11.95
1.0,0.0,0.0,0.0,1322.6366666666665,1.0,321.0,71.0,-50.71474032610633,44.0,-0.7142921172691032,0.699847677146407,35.96
1.0,0.0,0.0,0.0,1322.6966666666665,0.0,323.0,50.0,-34.48980023327943,52.0,-0.6897960046655887,0.7240037789593305,28.76
1.0,0.0,0.0,0.0,1441.4066666666668,9.0,327.0,80.0,-54.179195055275926,42.0,-0.6772399381909491,0.7357622347736527,32.08
1.0,0.0,0.0,0.0,1517.3166666666668,0.0,328.0,84.0,-55.81661110391984,49.0,-0.6644834655228552,0.7473029667054296,32.8
1.0,0.0,0.0,0.0,1713.926666666667,40.0,311.0,77.0,-50.167837836023764,47.0,-0.6515303615068021,0.75862255966641,20.22
1.0,0.0,0.0,0.0,1651.8700000000001,29.0,372.0,71.0,-44.37852505134107,46.0,-0.6250496486104377,0.7805849965070866,14.2
1.0,0.0,0.0,0.0,1729.9933333333336,106.0,266.0,73.0,-44.64168093333469,46.0,-0.6115298757991053,0.7912213413483807,26.66
1.0,0.0,0.0,0.0,1415.25,2.0,284.0,30.0,-17.934874243768654,47.0,-0.5978291414589552,0.801623551065242,34.13
1.0,0.0,0.0,0.0,1536.136666666667,1.0,331.0,91.0,-53.13958648705068,46.0,-0.5839514998576998,0.8117885474764613,25.12
1.0,0.0,0.0,0.0,1339.5933333333335,41.0,293.0,77.0,-43.882381436182705,54.0,-0.5699010576127624,0.8217133225960589,27.44
1.0,0.0,0.0,0.0,1592.5033333333333,1.0,298.0,79.0,-43.89887582560786,45.0,-0.5556819724760489,0.8313949395234058,27.82
1.0,0.0,0.0,0.0,1360.6700000000003,0.0,337.0,76.0,-40.03336121360212,42.0,-0.5267547528105542,0.8500173118187018,22.83
1.0,0.0,0.0,0.0,1393.8633333333335,24.0,324.0,86.0,-40.16758353945901,43.0,-0.46706492487743034,0.8842230238742036,29.19
1.0,0.0,0.0,0.0,1375.8233333333335,66.0,271.0,75.0,-31.562325644674175,42.0,-0.42083100859565564,0.9071390534005044,29.09
1.0,0.0,0.0,0.0,2170.53,2.0,312.0,70.0,-28.36151656945294,47.0,-0.4051645224207563,0.9142437912130223,20.31
1.0,0.0,0.0,0.0,1740.0600000000002,2.0,331.0,37.0,-14.406991237172456,39.0,-0.3893781415452015,0.9210779895789526,14.95
1.0,0.0,0.0,0.0,1824.0766666666668,13.0,369.0,82.0,-30.625076067871802,48.0,-0.37347653741307074,0.9276396261490467,19.34
1.0,0.0,0.0,0.0,1218.8766666666668,1.0,369.0,88.0,-28.611229063992017,46.0,-0.3251276029999093,0.9456701548465688,28.06
1.0,0.0,0.0,0.0,1431.66,23.0,368.0,78.0,-22.807666202184034,38.0,-0.29240597695107734,0.9562942772197719,20.56
1.0,0.0,0.0,0.0,1119.2533333333333,90.0,282.0,36.0,-9.932866020106575,48.0,-0.27591294500296043,0.9611826292540837,28.61
1.0,0.0,0.0,0.0,1026.3366666666668,0.0,319.0,91.0,-23.599782203761908,50.0,-0.2593382659754056,0.9657865518844574,16.41
1.0,0.0,0.0,0.0,1291.2233333333334,20.0,299.0,79.0,-19.172260722025037,45.0,-0.2426868445825954,0.9701046827361175,25.7
1.0,0.0,0.0,0.0,1369.2633333333333,48.0,293.0,81.0,-18.303052268089544,40.0,-0.22596360824801906,0.974135744004672,18.91
1.0,0.0,0.0,0.0,1431.5,3.0,303.0,92.0,-19.243962519464787,40.0,-0.20917350564635637,0.9778785428342386,27.6
1.0,0.0,0.0,0.0,1096.2533333333333,6.0,324.0,80.0,-15.385720419127587,43.0,-0.19232150523909483,0.9813319716704275,14.99
1.0,0.0,0.0,0.0,1162.1333333333334,39.0,320.0,75.0,-13.155944535320883,41.0,-0.17541259380427843,0.9844950085880858,23.59
1.0,0.0,0.0,0.0,1185.7066666666667,11.0,309.0,85.0,-12.022745753475071,50.0,-0.14144406768794202,0.9899462489023779,27.86
1.0,0.0,0.0,0.0,1553.6133333333335,13.0,306.0,79.0,-8.477342400852635,46.0,-0.10730813165636247,0.9942258118156161,28.15
1.0,0.0,0.0,0.0,1554.4533333333336,43.0,263.0,74.0,-6.674060316005539,47.0,-0.09019000427034513,0.9959245770286599,22.72
1.0,0.0,0.0,0.0,1307.696666666667,21.0,258.0,46.0,-1.780006348120237,49.0,-0.03869579017652689,0.9992510374388481,29.54
1.0,0.0,0.0,0.0,1231.6633333333336,51.0,207.0,82.0,-0.35264860164452183,49.0,-0.004300592702981974,0.9999907524084426,28.83
1.0,0.0,0.0,0.0,2039.7966666666669,1.0,206.0,59.0,1.0148929496773698,48.0,0.017201575418260506,0.9998520419557735,18.75
1.0,0.0,0.0,0.0,2056.8533333333335,22.0,184.0,80.0,4.126749349552669,43.0,0.051584366869408364,0.9986686402879997,18.62
1.0,0.0,0.0,0.0,1870.993333333333,4.0,180.0,80.0,5.500432678491153,44.0,0.06875540848113941,0.9976335468520451,20.25
1.0,0.0,0.0,0.0,817.4600000000002,37.0,143.0,27.0,2.3194648150559836,47.0,0.08590610426133272,0.9963032375991965,21.7
1.0,0.0,0.0,0.0,751.9066666666669,0.0,147.0,73.0,8.769210058311586,45.0,0.1201261651823505,0.9927586335250793,15.78
1.0,0.0,0.0,0.0,712.5333333333334,42.0,105.0,75.0,11.565303567201706,46.0,0.1542040475626894,0.988039023376751,19.11
1.0,0.0,0.0,0.0,752.6266666666669,13.0,98.0,66.0,12.41456156237864,45.0,0.18809941761179758,0.9821499931752291,12.0
1.0,0.0,0.0,0.0,845.4466666666667,27.0,71.0,80.0,19.081006015526118,46.0,0.23851257519407648,0.9711394088771653,19.45
1.0,0.0,0.0,0.0,967.2400000000001,35.0,44.0,92.0,25.003459939344484,46.0,0.2717767384711357,0.9623603298276545,21.78
1.0,0.0,0.0,0.0,938.37,0.0,117.0,79.0,26.64678446175855,47.0,0.3373010691361842,0.9413968285264122,8.16
1.0,0.0,0.0,0.0,832.1033333333335,10.0,122.0,62.0,21.913569618993435,47.0,0.3534446712740877,0.9354554315134164,17.74
1.0,0.0,0.0,0.0,655.2133333333335,0.0,122.0,77.0,28.450243625448497,46.0,0.3694836834473831,0.9292372181882051,15.66
1.0,0.0,0.0,0.0,839.3200000000002,16.0,110.0,77.0,29.676828677983075,44.0,0.38541335945432564,0.9227440286201427,19.52
1.0,0.0,0.0,0.0,843.0766666666668,0.0,110.0,69.0,28.76788581168228,45.0,0.4169258813287287,0.908940487313808,16.43
1.0,0.0,0.0,0.0,790.1000000000003,0.0,110.0,45.0,19.462473096029047,45.0,0.4324994021339788,0.901634220265486,21.49
1.0,0.0,0.0,0.0,692.7233333333334,0.0,110.0,73.0,34.925668878593186,45.0,0.4784338202547012,0.8781236129591848,14.37
1.0,0.0,0.0,0.0,1840.5933333333335,0.0,123.0,64.0,31.58196106734319,41.0,0.49346814167723735,0.8697638720650646,12.86
1.0,0.0,0.0,0.0,1949.3666666666668,0.0,123.0,79.0,40.160158597063464,48.0,0.5083564379375122,0.8611467540480452,17.41
1.0,0.0,0.0,0.0,1964.3466666666666,4.0,119.0,70.0,36.61660123443929,53.0,0.5230943033491326,0.8522748088519838,14.63
1.0,0.0,0.0,0.0,766.8533333333334,0.0,119.0,74.0,40.85549936319814,48.0,0.5521013427459208,0.8337770129585915,11.72
1.0,0.0,0.0,0.0,686.2766666666666,6.0,124.0,79.0,45.85593929691874,46.0,0.580454927809098,0.8142923779467267,13.65
1.0,0.0,0.0,0.0,837.1166666666667,0.0,124.0,61.0,37.09541149350605,46.0,0.6081214998935418,0.7938439653781019,11.85
1.0,0.0,0.0,0.0,835.34,8.0,116.0,66.0,41.03133475759216,48.0,0.6216868902665479,0.7832658619336791,12.92
1.0,0.0,0.0,0.0,1370.3066666666666,73.0,45.0,35.0,22.22739097203603,42.0,0.6350683134867438,0.7724559775191742,13.91
1.0,0.0,0.0,0.0,2417.0066666666667,15.0,30.0,99.0,64.17791916779551,49.0,0.6482618097757122,0.7614175109532997,11.21
1.0,0.0,0.0,0.0,2495.07,0.0,30.0,84.0,56.621834778987754,45.0,0.6740694616546161,0.7386679638813748,14.62
1.0,0.0,0.0,0.0,1944.12,4.0,26.0,70.0,48.06731862416087,50.0,0.6866759803451553,0.726963615332308,13.87
1.0,0.0,0.0,0.0,663.59,0.0,26.0,58.0,40.54659943280226,40.0,0.6990793005655562,0.7150441465537444,13.26
1.0,0.0,0.0,0.0,622.2966666666667,0.0,33.0,67.0,47.65547538224562,44.0,0.7112757519738152,0.7029130847082615,15.93
1.0,0.0,0.0,0.0,513.3233333333334,0.0,33.0,42.0,30.376992468637027,48.0,0.7232617254437388,0.6905740195722293,12.26
1.0,0.0,0.0,0.0,746.68,13.0,48.0,90.0,67.19293030791717,42.0,0.746588114532413,0.6652865452111116,12.5
1.0,0.0,0.0,0.0,776.5933333333334,0.0,63.0,79.0,61.613089270920696,45.0,0.7799125224167177,0.6258885343075018,15.24
1.0,0.0,0.0,0.0,1011.3833333333336,0.0,66.0,97.0,76.68464950042018,41.0,0.7905633969115482,0.612380204990065,16.9
1.0,0.0,0.0,0.0,757.3366666666667,0.0,66.0,35.0,28.034311584240168,53.0,0.8009803309782905,0.5986906625177214,16.91
1.0,0.0,0.0,0.0,759.4700000000001,11.0,64.0,84.0,69.78694941221848,42.0,0.8307970168121247,0.5565755266413303,14.9
1.0,0.0,0.0,0.0,636.7333333333335,0.0,64.0,71.0,59.65761294215713,47.0,0.8402480696078469,0.5422021592729844,14.59
1.0,0.0,0.0,0.0,1665.3400000000001,0.0,64.0,87.0,73.90219171488881,40.0,0.8494504794814806,0.527668345562516,17.89
1.0,0.0,0.0,0.0,1548.9233333333332,2.0,113.0,38.0,32.94974498668591,42.0,0.8670985522812081,0.4981366284784055,18.47
1.0,0.0,0.0,0.0,1908.6066666666666,0.0,117.0,71.0,62.16326849296275,45.0,0.8755389928586302,0.4831474640149687,20.94
1.0,0.0,0.0,0.0,1123.36,0.0,121.0,73.0,65.08973422017277,44.0,0.8916401947968874,0.45274469960737107,24.0
1.0,0.0,0.0,0.0,1287.31,0.0,147.0,54.0,48.96104789328112,41.0,0.9066860720977985,0.4218060770826634,15.04
1.0,0.0,0.0,0.0,1048.3899999999999,0.0,150.0,81.0,74.01841962137958,44.0,0.9138076496466615,0.4061472386305789,19.37
1.0,0.0,0.0,0.0,789.1999999999999,7.0,195.0,29.0,26.69910568749704,39.0,0.9206588168102428,0.3903682146763026,20.9
1.0,0.0,0.0,0.0,819.1466666666666,0.0,195.0,70.0,64.90662823525676,53.0,0.9272375462179537,0.374473674486883,20.53
1.0,0.0,0.0,0.0,722.8766666666667,28.0,183.0,60.0,56.37419915718373,51.0,0.9395699859530622,0.342356891994542,18.28
1.0,0.0,0.0,0.0,1765.7266666666667,15.0,168.0,98.0,92.64136459748694,50.0,0.945320046913132,0.3261441535642696,23.15
1.0,0.0,0.0,0.0,2137.0533333333333,3.0,165.0,71.0,67.50611644484341,41.0,0.9507903724625832,0.3098349038318025,18.93
1.0,0.0,0.0,0.0,2046.2633333333333,0.0,165.0,41.0,39.3963024478574,47.0,0.9608854255574977,0.27694620226893646,17.71
1.0,0.0,0.0,0.0,1796.08,9.0,166.0,79.0,77.23459367405147,45.0,0.9776530844816641,0.2102247521189836,17.48
1.0,0.0,0.0,0.0,1388.72,0.0,166.0,85.0,83.39559353059552,47.0,0.981124629771712,0.19337647441020586,15.91
1.0,0.0,0.0,0.0,1225.3700000000001,0.0,166.0,0.0,0.0,0.0,0.984305844499033,0.17647097349152166,0.0
1.0,0.0,0.0,0.0,306.4533333333333,51.0,115.0,0.0,0.0,0.0,0.9871957872910085,0.15951325197263655,0.0
1.0,0.0,0.0,0.0,0.0,4.0,111.0,0.0,0.0,0.0,0.9897936029670716,0.14250832791617088,0.0
1.0,0.0,0.0,0.0,0.0,4.0,107.0,0.0,0.0,0.0,0.992098522791769,0.12546123335273648,0.0
1.0,0.0,0.0,0.0,0.0,26.0,81.0,0.0,0.0,0.0,0.9941098647022418,0.10837701279187609,0.0
1.0,0.0,0.0,0.0,0.0,3.0,78.0,0.0,0.0,0.0,0.9958270335100595,0.09126072172931188,0.0
1.0,0.0,0.0,0.0,0.0,52.0,26.0,0.0,0.0,0.0,0.9972495210773451,0.07411742515094437,0.0
1.0,0.0,0.0,0.0,0.0,0.0,26.0,0.0,0.0,0.0,0.998376906467142,0.056952196034039754,0.0
1.0,0.0,0.0,0.0,0.0,16.0,10.0,0.0,0.0,0.0,0.9992088560679753,0.03977011384605572,0.0
1.0,0.0,0.0,0.0,0.0,0.0,10.0,0.0,0.0,0.0,0.9997451236925734,0.022576263041545485,0.0
1.0,0.0,0.0,0.0,0.0,0.0,10.0,0.0,0.0,0.0,0.9999855506507186,0.005375731557583884,0.0
1.0,0.0,0.0,0.0,0.0,0.0,10.0,0.0,0.0,0.0,0.9999300657962057,-0.011826390691832589,0.0
1.0,0.0,0.0,0.0,0.0,10.0,0.0,0.0,0.0,0.0,0.9995786855478958,-0.029025013321975237,0.0
1.0,0.0,0.0,0.0,0.0,0.0,0.0,0.0,0.0,0.0,0.9989315138848577,-0.046215046983708354,0.0
1.0,0.0,0.0,0.0,0.0,0.0,0.0,0.0,0.0,0.0,0.9967506498213929,-0.08054900421874167,0.0
1.0,0.0,0.0,0.0,0.0,0.0,0.0,0.0,0.0,0.0,0.9952176027737294,-0.09768276782171598,0.0
1.0,0.0,0.0,0.0,0.0,0.0,0.0,0.0,0.0,0.0,0.9933900548258936,-0.11478762552212701,0.0
1.0,0.0,0.0,0.0,0.0,0.0,0.0,0.0,0.0,0.0,0.9888537064205885,-0.1488903868564548,0.0
1.0,0.0,0.0,0.0,0.0,0.0,0.0,0.0,0.0,0.0,0.986146248341595,-0.16587819893463143,0.0
1.0,0.0,0.0,0.0,0.0,0.0,0.0,0.0,0.0,0.0,0.9831469737221499,-0.1828169249850199,0.0
1.0,0.0,0.0,0.0,0.0,0.0,0.0,0.0,0.0,0.0,0.9762766110869321,-0.21652708524481437,0.0
1.0,0.0,0.0,0.0,0.0,0.0,0.0,0.0,0.0,0.0,0.9724075561219968,-0.23328854407545518,0.0
1.0,0.0,0.0,0.0,0.0,0.0,0.0,0.0,0.0,0.0,0.9682507501166718,-0.2499809690726521,0.0
1.0,0.0,0.0,0.0,0.0,0.0,0.0,0.0,0.0,0.0,0.9590788900341131,-0.28313898122818354,0.0
1.0,0.0,0.0,0.0,0.0,0.0,0.0,0.0,0.0,0.0,0.9540665500578387,-0.2995947563972602,0.0
1.0,0.0,0.0,0.0,0.0,0.0,0.0,0.0,0.0,0.0,0.9487718864399473,-0.31596187665790293,0.0
1.0,0.0,0.0,0.0,0.0,0.0,0.0,0.0,0.0,0.0,0.9431964659565866,-0.33223549871590435,0.0
1.0,0.0,0.0,0.0,0.0,0.0,0.0,0.0,0.0,0.0,0.9312100364121947,-0.3644830148102912,0.0
1.0,0.0,0.0,0.0,0.0,0.0,0.0,0.0,0.0,0.0,0.9248025743285089,-0.38044736628785164,0.0
1.0,0.0,0.0,0.0,0.0,0.0,0.0,0.0,0.0,0.0,0.9181214482844364,-0.39629913726891813,0.0
1.0,0.0,0.0,0.0,0.0,0.0,0.0,0.0,0.0,0.0,0.9111686353326631,-0.41203363695942635,0.0
1.0,0.0,0.0,0.0,0.0,0.0,0.0,0.0,0.0,0.0,0.9039461929224011,-0.42764620926777464,0.0
1.0,0.0,0.0,0.0,0.0,0.0,0.0,0.0,0.0,0.0,0.8964562582905575,-0.44313223418263453,0.0
1.0,0.0,0.0,0.0,0.0,0.0,0.0,0.0,0.0,0.0,0.8806828564301475,-0.47370635037968,0.0
1.0,0.0,0.0,0.0,0.0,0.0,0.0,0.0,0.0,0.0,0.8638670987837349,-0.503719798736334,0.0
1.0,0.0,0.0,0.0,0.0,0.0,0.0,0.0,0.0,0.0,0.8550745085896932,-0.518505144391157,0.0
1.0,0.0,0.0,0.0,0.0,0.0,0.0,0.0,0.0,0.0,0.8367329140344921,-0.5476112038402312,0.0
1.0,0.0,0.0,0.0,0.0,0.0,0.0,0.0,0.0,0.0,0.8073707443023492,-0.5900444739548627,0.0
1.0,0.0,0.0,0.0,0.0,0.0,0.0,0.0,0.0,0.0,0.7971015927871943,-0.6038452208771035,0.0
1.0,0.0,0.0,0.0,0.0,0.0,0.0,0.0,0.0,0.0,0.7758587728069828,-0.6309066211876704,0.0
1.0,0.0,0.0,0.0,0.0,0.0,0.0,0.0,0.0,0.0,0.7648913904341225,-0.6441592666722685,0.0
1.0,0.0,0.0,0.0,0.0,0.0,0.0,0.0,0.0,0.0,0.753697664392914,-0.6572212950663319,0.0
1.0,0.0,0.0,0.0,0.0,0.0,0.0,0.0,0.0,0.0,0.742280907086982,-0.6700888411055113,0.0
1.0,0.0,0.0,0.0,0.0,0.0,0.0,0.0,0.0,0.0,0.7187918772884232,-0.6952253139408722,0.0
1.0,0.0,0.0,0.0,0.0,0.0,0.0,0.0,0.0,0.0,0.7067265555776158,-0.7074868024503348,0.0
1.0,0.0,0.0,0.0,0.0,0.0,0.0,0.0,0.0,0.0,0.6692903895412567,-0.7430009249440493,0.0
1.0,0.0,0.0,0.0,0.0,0.0,0.0,0.0,0.0,0.0,0.6564105761979381,-0.7544038410927472,0.0
1.0,0.0,0.0,0.0,0.0,0.0,0.0,0.0,0.0,0.0,0.6166212130956382,-0.7872599821916922,0.0
1.0,0.0,0.0,0.0,0.0,0.0,0.0,0.0,0.0,0.0,0.6029878670694714,-0.7977503570459932,0.0
1.0,0.0,0.0,0.0,0.0,0.0,0.0,0.0,0.0,0.0,0.5891760872322963,-0.8080046647350754,0.0
1.0,0.0,0.0,0.0,0.0,0.0,0.0,0.0,0.0,0.0,0.5610336262283677,-0.8277930117131022,0.0
1.0,0.0,0.0,0.0,0.0,0.0,0.0,0.0,0.0,0.0,0.5175855102531889,-0.8556314858488706,0.0
1.0,0.0,0.0,0.0,0.0,0.0,0.0,0.0,0.0,0.0,0.5027907197793043,-0.8644081744776648,0.0
1.0,0.0,0.0,0.0,0.0,0.0,0.0,0.0,0.0,0.0,0.4878471454423119,-0.8729290708206411,0.0
1.0,0.0,0.0,0.0,0.0,0.0,0.0,0.0,0.0,0.0,0.47275920928627757,-0.881191653407483,0.0
1.0,0.0,0.0,0.0,0.0,0.0,0.0,0.0,0.0,0.0,0.44216815196707204,-0.8969321743510065,0.0
1.0,0.0,0.0,0.0,0.0,0.0,0.0,0.0,0.0,0.0,0.42667408318992467,-0.9044054548343001,0.0
1.0,0.0,0.0,0.0,0.0,0.0,0.0,0.0,0.0,0.0,0.4110537546870351,-0.9116111071930239,0.0
1.0,0.0,0.0,0.0,0.0,0.0,0.0,0.0,0.0,0.0,0.3953117887649151,-0.9185469991587165,0.0
1.0,0.0,0.0,0.0,0.0,0.0,0.0,0.0,0.0,0.0,0.36348161248290634,-0.9316013725767187,0.0
1.0,0.0,0.0,0.0,0.0,0.0,0.0,0.0,0.0,0.0,0.3474028211842774,-0.9377159910299093,0.0
1.0,0.0,0.0,0.0,0.0,0.0,0.0,0.0,0.0,0.0,0.3312212278016865,-0.9435531242349544,0.0
1.0,0.0,0.0,0.0,0.0,0.0,0.0,0.0,0.0,0.0,0.26556302780405594,-0.9640935007889755,0.0
1.0,0.0,0.0,0.0,0.0,0.0,0.0,0.0,0.0,0.0,0.23224292400907015,-0.9726578145718654,0.0
1.0,0.0,0.0,0.0,0.0,0.0,0.0,0.0,0.0,0.0,0.21547731504673012,-0.976508846196619,0.0
1.0,0.0,0.0,0.0,0.0,0.0,0.0,0.0,0.0,0.0,0.19864794288017112,-0.9800709131432666,0.0
1.0,0.0,0.0,0.0,0.0,0.0,0.0,0.0,0.0,0.0,0.18175978759137534,-0.9833429613388902,0.0
1.0,0.0,0.0,0.0,0.0,0.0,0.0,0.0,0.0,0.0,0.14782713347053048,-0.9890132145779883,0.0
1.0,0.0,0.0,0.0,0.0,0.0,0.0,0.0,0.0,0.0,0.13079267585675922,-0.9914097417023038,0.0
1.0,0.0,0.0,0.0,0.0,0.0,0.0,0.0,0.0,0.0,0.11371951458594969,-0.9935128947338007,0.0
1.0,0.0,0.0,0.0,0.0,0.0,0.0,0.0,0.0,0.0,0.0966127018812031,-0.9953220513156602,0.0
1.0,0.0,0.0,0.0,0.0,0.0,0.0,0.0,0.0,0.0,0.07947729992362097,-0.9968366760893436,0.0
1.0,0.0,0.0,0.0,0.0,0.0,0.0,0.0,0.0,0.0,0.062318379354325076,-0.998056320853012,0.0
1.0,0.0,0.0,0.0,0.0,0.0,0.0,0.0,0.0,0.0,0.02795029824021032,-0.999609314096404,0.0
1.0,0.0,0.0,0.0,0.0,0.0,0.0,0.0,0.0,0.0,0.01075130776352193,-0.9999422030204416,0.0
1.0,0.0,0.0,0.0,11.396666666666667,0.0,9.0,14.0,-0.0903120987734721,43.0,-0.00645086419810515,-0.9999791929590823,3.79
1.0,0.0,0.0,0.0,22.146666666666665,0.0,20.0,12.0,-0.28381352694277906,43.0,-0.023651127245231586,-0.9997202729664083,4.17
1.0,0.0,0.0,0.0,42.846666666666664,0.0,34.0,17.0,-0.6943546562360339,50.0,-0.04084439154329611,-0.9991655196610109,5.41
1.0,0.0,0.0,0.0,60.26,0.0,54.0,18.0,-2.5843036214126034,46.0,-0.1435724234118113,-0.9896398128792412,7.17
1.0,0.0,0.0,0.0,77.66000000000001,0.0,54.0,19.0,-3.0509163473048817,44.0,-0.16057454459499376,-0.9870237158387383,6.68
1.0,0.0,0.0,0.0,91.66666666666667,0.0,54.0,23.0,-4.083170431301804,47.0,-0.17752914918703497,-0.984115542601034,6.61
1.0,0.0,0.0,0.0,76.08333333333333,0.0,64.0,10.0,-1.9443122004766193,42.0,-0.19443122004766195,-0.9809161537413774,6.4
1.0,0.0,0.0,0.0,75.22666666666667,0.0,103.0,25.0,-5.701444280537995,45.0,-0.2280577712215198,-0.9736476020539838,5.0
1.0,0.0,0.0,0.0,89.28666666666668,0.0,114.0,26.0,-6.3640798233287486,46.0,-0.24477230089725957,-0.9695805901076308,8.46
1.0,0.0,0.0,0.0,115.88666666666667,0.0,114.0,21.0,-5.489702368734281,46.0,-0.2614143985111562,-0.965226663665613,8.43
1.0,0.0,0.0,0.0,134.79333333333332,0.0,131.0,28.0,-7.783415903165843,41.0,-0.2779791393987801,-0.9605871111248129,7.86
1.0,0.0,0.0,0.0,105.97666666666667,0.0,139.0,11.0,-3.41942665067854,39.0,-0.3108569682435036,-0.9504567035349151,8.64
1.0,0.0,0.0,0.0,113.66666666666667,0.0,159.0,30.0,-9.814809813662853,43.0,-0.3271603271220951,-0.9449688462364056,7.37
1.0,0.0,0.0,0.0,102.02666666666669,0.0,203.0,19.0,-6.82996444868004,44.0,-0.3594718130884232,-0.9331559438780432,8.53
1.0,0.0,0.0,0.0,99.19333333333334,9.0,257.0,27.0,-10.137700224565744,45.0,-0.3754703786876202,-0.9268343944460494,2.93
1.0,0.0,0.0,0.0,108.37666666666667,11.0,246.0,31.0,-12.132092933391803,48.0,-0.3913578365610259,-0.9202385798054075,8.13
1.0,0.0,0.0,0.0,105.07333333333332,14.0,268.0,17.0,-7.187271185705514,46.0,-0.4227806579826773,-0.9062320427107697,8.29
1.0,0.0,0.0,0.0,159.67333333333332,20.0,250.0,28.0,-13.131025348213692,43.0,-0.46896519100763184,-0.8832166493127127,11.82
1.0,0.0,0.0,0.0,187.03333333333333,0.0,259.0,35.0,-16.943098257364156,44.0,-0.48408852163897587,-0.8750190302029955,11.0
1.0,0.0,0.0,0.0,226.73666666666668,0.0,269.0,33.0,-16.469263888721553,47.0,-0.4990686026885319,-0.8665624788845385,9.85
1.0,0.0,0.0,0.0,244.52666666666664,10.0,259.0,35.0,-17.98653504582586,49.0,-0.5139010013093103,-0.8578494977869301,11.2
1.0,0.0,0.0,0.0,247.34333333333333,39.0,227.0,35.0,-19.00868338892011,46.0,-0.5431052396834317,-0.8396646346181327,11.11
1.0,0.0,0.0,0.0,267.32666666666665,11.0,221.0,40.0,-22.298737497311567,43.0,-0.5574684374327892,-0.8301981337405212,10.57
1.0,0.0,0.0,0.0,284.8533333333333,0.0,237.0,45.0,-25.725000208621733,44.0,-0.5716666713027052,-0.8204859638785327,10.98
1.0,0.0,0.0,0.0,288.1466666666667,17.0,220.0,38.0,-22.25643811267933,45.0,-0.5856957398073508,-0.8105309990194823,10.87
1.0,0.0,0.0,0.0,266.72333333333336,8.0,257.0,36.0,-21.58385369470736,46.0,-0.5995514915196489,-0.8003361849976323,8.78
1.0,0.0,0.0,0.0,259.6666666666667,20.0,256.0,48.0,-29.43503166238801,44.0,-0.6132298262997502,-0.7899045386224707,9.69
1.0,0.0,0.0,0.0,213.88666666666666,44.0,212.0,15.0,-9.400900447624952,49.0,-0.6267266965083301,-0.7792391467859886,12.87
1.0,0.0,0.0,0.0,214.2733333333333,63.0,174.0,37.0,-24.16692452609641,40.0,-0.65316012232693,-0.7572198192083127,9.22
1.0,0.0,0.0,0.0,238.89666666666668,0.0,179.0,40.0,-26.64355423443908,51.0,-0.666088855860977,-0.7458723993404063,13.35
1.0,0.0,0.0,0.0,319.6066666666667,36.0,143.0,44.0,-30.96180592907656,50.0,-0.7036774074790128,-0.7105196029692745,12.27
1.0,0.0,0.0,0.0,339.65333333333336,2.0,141.0,30.0,-21.473860478479924,44.0,-0.7157953492826642,-0.6983101158835584,13.73
1.0,0.0,0.0,0.0,312.8066666666667,9.0,186.0,48.0,-35.49082865260436,41.0,-0.7393922635959241,-0.673274892250183,9.85
1.0,0.0,0.0,0.0,332.9633333333333,10.0,176.0,51.0,-38.294076923346395,50.0,-0.7508642533989489,-0.6604565640279754,12.29
1.0,0.0,0.0,0.0,362.01,0.0,191.0,44.0,-33.533018217122546,50.0,-0.7621140503891487,-0.6474427960827475,11.93
1.0,0.0,0.0,0.0,401.55,7.0,211.0,63.0,-49.387830451023966,40.0,-0.7839338166829201,-0.620844401650647,10.46
1.0,0.0,0.0,0.0,302.9866666666667,5.0,206.0,15.0,-11.917459937498988,48.0,-0.7944973291665992,-0.6072676460566135,13.73
1.0,0.0,0.0,0.0,328.74333333333334,16.0,190.0,43.0,-34.60750669565884,42.0,-0.8048257371083452,-0.593511190196115,15.42
1.0,0.0,0.0,0.0,342.6366666666667,0.0,190.0,39.0,-31.781723382477086,48.0,-0.8149159841660791,-0.5795791048257612,17.1
1.0,0.0,0.0,0.0,451.29333333333335,45.0,162.0,48.0,-40.49895643340501,43.0,-0.8437282590292712,-0.5367705514607103,14.94
1.0,0.0,0.0,0.0,469.77666666666664,19.0,143.0,45.0,-38.377652479625674,45.0,-0.8528367217694595,-0.522177676659508,16.49
1.0,0.0,0.0,0.0,416.51000000000005,0.0,152.0,30.0,-25.850784492085566,44.0,-0.8616928164028522,-0.5074302810827518,15.3
1.0,0.0,0.0,0.0,431.16,25.0,135.0,47.0,-40.90381434662267,42.0,-0.8702939222685674,-0.49253272872205434,17.36
1.0,0.0,0.0,0.0,529.71,5.0,130.0,56.0,-49.203699673016004,51.0,-0.8786374941610001,-0.4774894280028391,19.89
1.0,0.0,0.0,0.0,661.66,0.0,144.0,55.0,-49.19982303370473,45.0,-0.8945422369764496,-0.4469834295196741,18.85
1.0,0.0,0.0,0.0,709.64,0.0,150.0,59.0,-53.223823384380836,40.0,-0.9020987014301837,-0.43152975897147144,17.59
1.0,0.0,0.0,0.0,745.14,54.0,101.0,61.0,-56.70766985006444,47.0,-0.9296339319682695,-0.3684843993077793,21.34
1.0,0.0,0.0,0.0,1116.3333333333333,0.0,127.0,51.0,-48.31761875143811,48.0,-0.9474042892438845,-0.32003923622313857,14.84
1.0,0.0,0.0,0.0,1282.3666666666666,15.0,152.0,52.0,-50.05790268523973,39.0,-0.9626519747161487,-0.2707418984477642,16.98
1.0,0.0,0.0,0.0,1274.8333333333333,27.0,160.0,79.0,-76.40617165402077,50.0,-0.9671667297977312,-0.2541427094613622,16.06
1.0,0.0,0.0,0.0,930.81,0.0,167.0,58.0,-56.569510508453455,51.0,-0.9753363880767837,-0.2207236509605022,19.55
1.0,0.0,0.0,0.0,922.0966666666667,0.0,167.0,78.0,-76.62342954606005,50.0,-0.9823516608469237,-0.18704334906991657,20.77
1.0,0.0,0.0,0.0,1071.6533333333334,0.0,168.0,74.0,-73.12711412956652,50.0,-0.9882042449941422,-0.15314166701312007,26.0
1.0,0.0,0.0,0.0,2225.8933333333334,17.0,151.0,75.0,-74.46654101517721,46.0,-0.9928872135356962,-0.11905873003404988,25.32
1.0,0.0,0.0,0.0,2345.1800000000003,0.0,153.0,82.0,-81.57264105996481,49.0,-0.994788305609327,-0.10196189005174576,26.61
1.0,0.0,0.0,0.0,2145.0499999999997,9.0,171.0,54.0,-53.87617220634631,43.0,-0.9977068927101168,-0.06768276175455162,20.93
1.0,0.0,0.0,0.0,1890.2600000000002,8.0,185.0,40.0,-39.94894096321589,46.0,-0.9987235240803972,-0.050510617185222886,18.02
1.0,0.0,0.0,0.0,1764.4399999999998,0.0,205.0,82.0,-81.95445860154284,43.0,-0.9994446170919858,-0.033323525711631344,20.76
1.0,0.0,0.0,0.0,2036.7200000000003,14.0,192.0,81.0,-80.99995318400009,53.0,-0.9999994220246925,0.001075151282798226,26.49
1.0,0.0,0.0,0.0,2379.523333333333,6.0,207.0,71.0,-70.98814085367746,44.0,-0.999832969770105,0.018276557681691223,22.08
1.0,0.0,0.0,0.0,2142.516666666667,5.0,299.0,59.0,-58.91814352295443,39.0,-0.9986126020839734,0.052658056924614005,10.98
1.0,0.0,0.0,0.0,1631.0533333333333,26.0,273.0,0.0,-0.0,0.0,-0.9975590477788613,0.06982797572987089,0.0
1.0,0.0,0.0,0.0,131.7600000000003,40.0,233.0,0.0,-0.0,0.0,-0.9962102997023297,0.0869772313136861,0.0
1.0,0.0,0.0,0.0,0.0,35.0,198.0,0.0,-0.0,0.0,-0.9945667569706337,0.1041007489354256,0.0
1.0,0.0,0.0,0.0,0.0,7.0,191.0,0.0,-0.0,0.0,-0.9926289059345095,0.121193461470736,0.0
1.0,0.0,0.0,0.0,0.0,0.0,191.0,0.0,-0.0,0.0,-0.9903973200352558,0.1382503109109819,0.0
1.0,0.0,0.0,0.0,0.0,1.0,190.0,0.0,-0.0,0.0,-0.9878726596350429,0.15526624985999563,0.0
1.0,0.0,0.0,0.0,0.0,0.0,190.0,0.0,-0.0,0.0,-0.981947190186646,0.18915526872004093,0.0
1.0,0.0,0.0,0.0,0.0,2.0,188.0,0.0,-0.0,0.0,-0.9785481345802031,0.20601832032517084,0.0
1.0,0.0,0.0,0.0,0.0,27.0,161.0,0.0,-0.0,0.0,-0.9748595108374125,0.22282040779479959,0.0
1.0,0.0,0.0,0.0,0.0,22.0,139.0,0.0,-0.0,0.0,-0.9666180104000972,0.2562218218071163,0.0
1.0,0.0,0.0,0.0,0.0,20.0,119.0,0.0,-0.0,0.0,-0.9410336347451197,0.3383130181923076,0.0
1.0,0.0,0.0,0.0,0.0,1.0,118.0,0.0,-0.0,0.0,-0.9350748843515574,0.3544502230989869,0.0
1.0,0.0,0.0,0.0,0.0,21.0,97.0,0.0,-0.0,0.0,-0.9288394302558068,0.3704825404820963,0.0
1.0,0.0,0.0,0.0,0.0,97.0,0.0,0.0,-0.0,0.0,-0.9223291176290545,0.3864052261209853,0.0
1.0,0.0,0.0,0.0,0.0,0.0,0.0,0.0,-0.0,0.0,-0.8935790198239952,0.4489059314938798,0.0
1.0,0.0,0.0,0.0,0.0,0.0,0.0,0.0,-0.0,0.0,-0.8857249183835637,0.4642104791518923,0.0
1.0,0.0,0.0,0.0,0.0,0.0,0.0,0.0,-0.0,0.0,-0.8776087166898392,0.4793776594606945,0.0
1.0,0.0,0.0,0.0,0.0,0.0,0.0,0.0,-0.0,0.0,-0.8692328164574792,0.49440298420761813,0.0
1.0,0.0,0.0,0.0,0.0,0.0,0.0,0.0,-0.0,0.0,-0.8605996962501181,0.5092820071573356,0.0
1.0,0.0,0.0,0.0,0.0,0.0,0.0,0.0,-0.0,0.0,-0.8517119107469189,0.5240103253675756,0.0
1.0,0.0,0.0,0.0,0.0,0.0,0.0,0.0,-0.0,0.0,-0.8425720899866032,0.5385835804920232,0.0
1.0,0.0,0.0,0.0,0.0,0.0,0.0,0.0,-0.0,0.0,-0.8331829385891785,0.5529974600700271,0.0
1.0,0.0,0.0,0.0,0.0,0.0,0.0,0.0,-0.0,0.0,-0.8235472349556007,0.5672476988027229,0.0
1.0,0.0,0.0,0.0,0.0,0.0,0.0,0.0,-0.0,0.0,-0.8035476485339116,0.5952404359043674,0.0
1.0,0.0,0.0,0.0,0.0,0.0,0.0,0.0,-0.0,0.0,-0.7931896839451843,0.6089746507720486,0.0
1.0,0.0,0.0,0.0,0.0,0.0,0.0,0.0,-0.0,0.0,-0.7717727365467836,0.6358984534680745,0.0
1.0,0.0,0.0,0.0,0.0,0.0,0.0,0.0,-0.0,0.0,-0.7607200913564104,0.6490800741100398,0.0
1.0,0.0,0.0,0.0,0.0,0.0,0.0,0.0,-0.0,0.0,-0.7379428103031386,0.6748632518680403,0.0
1.0,0.0,0.0,0.0,0.0,0.0,0.0,0.0,-0.0,0.0,-0.7142921172691032,0.699847677146407,0.0
1.0,0.0,0.0,0.0,0.0,0.0,0.0,0.0,-0.0,0.0,-0.7021479494046978,0.7120310787787131,0.0
1.0,0.0,0.0,0.0,0.0,0.0,0.0,0.0,-0.0,0.0,-0.6897960046655887,0.7240037789593305,0.0
1.0,0.0,0.0,0.0,0.0,0.0,0.0,0.0,-0.0,0.0,-0.6644834655228552,0.7473029667054296,0.0
1.0,0.0,0.0,0.0,0.0,0.0,0.0,0.0,-0.0,0.0,-0.6383844591746642,0.7697176640069211,0.0
1.0,0.0,0.0,0.0,0.0,0.0,0.0,0.0,-0.0,0.0,-0.6250496486104377,0.7805849965070866,0.0
1.0,0.0,0.0,0.0,0.0,0.0,0.0,0.0,-0.0,0.0,-0.6115298757991053,0.7912213413483807,0.0
1.0,0.0,0.0,0.0,0.0,0.0,0.0,0.0,-0.0,0.0,-0.5699010576127624,0.8217133225960589,0.0
1.0,0.0,0.0,0.0,0.0,0.0,0.0,0.0,-0.0,0.0,-0.5556819724760489,0.8313949395234058,0.0
1.0,0.0,0.0,0.0,0.0,0.0,0.0,0.0,-0.0,0.0,-0.5412984521036173,0.8408305333122887,0.0
1.0,0.0,0.0,0.0,0.0,0.0,0.0,0.0,-0.0,0.0,-0.5267547528105542,0.8500173118187018,0.0
1.0,0.0,0.0,0.0,0.0,0.0,0.0,0.0,-0.0,0.0,-0.5120551783114646,0.8589525565270845,0.0
1.0,0.0,0.0,0.0,0.0,0.0,0.0,0.0,-0.0,0.0,-0.4972040784469378,0.8676336233547726,0.0
1.0,0.0,0.0,0.0,0.0,0.0,0.0,0.0,-0.0,0.0,-0.4822058478963526,0.8760579434344281,0.0
1.0,0.0,0.0,0.0,0.0,0.0,0.0,0.0,-0.0,0.0,-0.46706492487743034,0.8842230238742036,0.0
1.0,0.0,0.0,0.0,0.0,0.0,0.0,0.0,-0.0,0.0,-0.451785789832884,0.8921264484954345,0.0
1.0,0.0,0.0,0.0,0.0,0.0,0.0,0.0,-0.0,0.0,-0.4363729641045924,0.8997658785476209,0.0
1.0,0.0,0.0,0.0,0.0,0.0,0.0,0.0,-0.0,0.0,-0.42083100859565564,0.9071390534005044,0.0
1.0,0.0,0.0,0.0,0.0,0.0,0.0,0.0,-0.0,0.0,-0.4051645224207563,0.9142437912130223,0.0
1.0,0.0,0.0,0.0,0.0,0.0,0.0,0.0,-0.0,0.0,-0.3893781415452015,0.9210779895789526,0.0
1.0,0.0,0.0,0.0,0.0,0.0,0.0,0.0,-0.0,0.0,-0.37347653741307074,0.9276396261490467,0.0
1.0,0.0,0.0,0.0,0.0,0.0,0.0,0.0,-0.0,0.0,-0.3574644155648614,0.9339267592294762,0.0
1.0,0.0,0.0,0.0,0.0,0.0,0.0,0.0,-0.0,0.0,-0.34134651424503615,0.9399375283564133,0.0
1.0,0.0,0.0,0.0,0.0,0.0,0.0,0.0,-0.0,0.0,-0.3251276029999093,0.9456701548465688,0.0
1.0,0.0,0.0,0.0,0.0,0.0,0.0,0.0,-0.0,0.0,-0.30881248126625377,0.9511229423235357,0.0
1.0,0.0,0.0,0.0,0.0,0.0,0.0,0.0,-0.0,0.0,-0.27591294500296043,0.9611826292540837,0.0
1.0,0.0,0.0,0.0,0.0,0.0,0.0,0.0,-0.0,0.0,-0.2593382659754056,0.9657865518844574,0.0
1.0,0.0,0.0,0.0,0.0,0.0,0.0,0.0,-0.0,0.0,-0.2426868445825954,0.9701046827361175,0.0
1.0,0.0,0.0,0.0,0.0,0.0,0.0,0.0,-0.0,0.0,-0.20917350564635637,0.9778785428342386,0.0
1.0,0.0,0.0,0.0,0.0,0.0,0.0,0.0,-0.0,0.0,-0.19232150523909483,0.9813319716704275,0.0
1.0,0.0,0.0,0.0,0.0,0.0,0.0,0.0,-0.0,0.0,-0.17541259380427843,0.9844950085880858,0.0
1.0,0.0,0.0,0.0,0.0,0.0,0.0,0.0,-0.0,0.0,-0.15845177496083632,0.9873667175937016,0.0
1.0,0.0,0.0,0.0,0.0,0.0,0.0,0.0,-0.0,0.0,-0.14144406768794202,0.9899462489023779,0.0
1.0,0.0,0.0,0.0,0.0,0.0,0.0,0.0,-0.0,0.0,-0.12439450483979998,0.9922328391893008,0.0
1.0,0.0,0.0,0.0,0.0,0.0,0.0,0.0,-0.0,0.0,-0.09019000427034513,0.9959245770286599,0.0
1.0,0.0,0.0,0.0,0.0,0.0,0.0,0.0,-0.0,0.0,-0.07304518821104743,0.9973286321364752,0.0
1.0,0.0,0.0,0.0,0.0,0.0,0.0,0.0,-0.0,0.0,-0.05587875690537313,0.9984375616565666,0.0
1.0,0.0,0.0,0.0,0.0,0.0,0.0,0.0,-0.0,0.0,-0.03869579017652689,0.9992510374388481,0.0
1.0,0.0,0.0,0.0,0.0,0.0,0.0,0.0,-0.0,0.0,-0.021501372740813793,0.999768818762748,0.0
1.0,0.0,0.0,0.0,0.0,0.0,0.0,0.0,-0.0,0.0,-0.004300592702981974,0.9999907524084426,0.0
1.0,0.0,0.0,0.0,0.0,0.0,0.0,0.0,0.0,0.0,0.017201575418260506,0.9998520419557735,0.0
1.0,0.0,0.0,0.0,0.0,0.0,0.0,0.0,0.0,0.0,0.051584366869408364,0.9986686402879997,0.0
1.0,0.0,0.0,0.0,0.0,0.0,0.0,0.0,0.0,0.0,0.06875540848113941,0.9976335468520451,0.0
1.0,0.0,0.0,0.0,0.0,0.0,0.0,0.0,0.0,0.0,0.08590610426133272,0.9963032375991965,0.0
1.0,0.0,0.0,0.0,0.0,0.0,0.0,0.0,0.0,0.0,0.10303137904317879,0.9946781061893646,0.0
1.0,0.0,0.0,0.0,0.0,0.0,0.0,0.0,0.0,0.0,0.1201261651823505,0.9927586335250793,0.0
1.0,0.0,0.0,0.0,0.0,0.0,0.0,0.0,0.0,0.0,0.22177215755648186,0.975098513039961,0.0
1.0,0.0,0.0,0.0,0.0,0.0,0.0,0.0,0.0,0.0,0.23851257519407648,0.9711394088771653,0.0
1.0,0.0,0.0,0.0,0.0,0.0,0.0,0.0,0.0,0.0,0.2551824131233728,0.9668929289391521,0.0
1.0,0.0,0.0,0.0,0.0,0.0,0.0,0.0,0.0,0.0,0.3047192331091634,0.9524422234305676,0.0
1.0,0.0,0.0,0.0,0.0,0.0,0.0,0.0,0.0,0.0,0.3373010691361842,0.9413968285264122,0.0
1.0,0.0,0.0,0.0,0.0,0.0,0.0,0.0,0.0,0.0,0.3534446712740877,0.9354554315134164,0.0
1.0,0.0,0.0,0.0,0.0,0.0,0.0,0.0,0.0,0.0,0.4012289854475009,0.9159777842484877,0.0
1.0,0.0,0.0,0.0,0.0,0.0,0.0,0.0,0.0,0.0,0.4169258813287287,0.908940487313808,0.0
1.0,0.0,0.0,0.0,0.0,0.0,0.0,0.0,0.0,0.0,0.4324994021339788,0.901634220265486,0.0
1.0,0.0,0.0,0.0,0.0,0.0,0.0,0.0,0.0,0.0,0.4632579225674917,0.88622350294858,0.0
1.0,0.0,0.0,0.0,0.0,0.0,0.0,0.0,0.0,0.0,0.4784338202547012,0.8781236129591848,0.0
1.0,0.0,0.0,0.0,0.0,0.0,0.0,0.0,0.0,0.0,0.5376773767406141,0.8431506618282,0.0
1.0,0.0,0.0,0.0,0.0,0.0,0.0,0.0,0.0,0.0,0.5521013427459208,0.8337770129585915,0.0
1.0,0.0,0.0,0.0,0.0,0.0,0.0,0.0,0.0,0.0,0.5663619330814524,0.8241566360566663,0.0
1.0,0.0,0.0,0.0,0.0,0.0,0.0,0.0,0.0,0.0,0.580454927809098,0.8142923779467267,0.0
1.0,0.0,0.0,0.0,0.0,0.0,0.0,0.0,0.0,0.0,0.6081214998935418,0.7938439653781019,0.0
1.0,0.0,0.0,0.0,0.0,0.0,0.0,0.0,0.0,0.0,0.6216868902665479,0.7832658619336791,0.0
1.0,0.0,0.0,0.0,0.0,0.0,0.0,0.0,0.0,0.0,0.6350683134867438,0.7724559775191742,0.0
1.0,0.0,0.0,0.0,0.0,0.0,0.0,0.0,0.0,0.0,0.6482618097757122,0.7614175109532997,0.0
1.0,0.0,0.0,0.0,0.0,0.0,0.0,0.0,0.0,0.0,0.6612634749656386,0.7501537286959042,0.0
1.0,0.0,0.0,0.0,0.0,0.0,0.0,0.0,0.0,0.0,0.6740694616546161,0.7386679638813748,0.0
1.0,0.0,0.0,0.0,0.0,0.0,0.0,0.0,0.0,0.0,0.6990793005655562,0.7150441465537444,0.0
1.0,0.0,0.0,0.0,0.0,0.0,0.0,0.0,0.0,0.0,0.7112757519738152,0.7029130847082615,0.0
1.0,0.0,0.0,0.0,0.0,0.0,0.0,0.0,0.0,0.0,0.7232617254437388,0.6905740195722293,0.0
1.0,0.0,0.0,0.0,0.0,0.0,0.0,0.0,0.0,0.0,0.7350336741329413,0.6780306024735382,0.0
1.0,0.0,0.0,0.0,0.0,0.0,0.0,0.0,0.0,0.0,0.746588114532413,0.6652865452111116,0.0
1.0,0.0,0.0,0.0,0.0,0.0,0.0,0.0,0.0,0.0,0.7579216274973472,0.6523456189565257,0.0
1.0,0.0,0.0,0.0,0.0,0.0,0.0,0.0,0.0,0.0,0.7690308592589181,0.6392116531380588,0.0
1.0,0.0,0.0,0.0,0.0,0.0,0.0,0.0,0.0,0.0,0.7799125224167177,0.6258885343075018,0.0
1.0,0.0,0.0,0.0,0.0,0.0,0.0,0.0,0.0,0.0,0.7905633969115482,0.612380204990065,0.0
1.0,0.0,0.0,0.0,0.0,0.0,0.0,0.0,0.0,0.0,0.8009803309782905,0.5986906625177214,0.0
1.0,0.0,0.0,0.0,0.0,0.0,0.0,0.0,0.0,0.0,0.8111602420785621,0.5848239578463322,0.0
1.0,0.0,0.0,0.0,0.0,0.0,0.0,0.0,0.0,0.0,0.8211001178128892,0.5707841943569036,0.0
1.0,0.0,0.0,0.0,0.0,0.0,0.0,0.0,0.0,0.0,0.8402480696078469,0.5422021592729844,0.0
1.0,0.0,0.0,0.0,0.0,0.0,0.0,0.0,0.0,0.0,0.8494504794814806,0.527668345562516,0.0
1.0,0.0,0.0,0.0,0.0,0.0,0.0,0.0,0.0,0.0,0.8584015232918917,0.512978386299228,0.0
1.0,0.0,0.0,0.0,0.0,0.0,0.0,0.0,0.0,0.0,0.8670985522812081,0.4981366284784055,0.0
1.0,0.0,0.0,0.0,0.0,0.0,0.0,0.0,0.0,0.0,0.8755389928586302,0.4831474640149687,0.0
1.0,0.0,0.0,0.0,0.0,0.0,0.0,0.0,0.0,0.0,0.8837203473619977,0.4680153284438345,0.0
1.0,0.0,0.0,0.0,0.0,0.0,0.0,0.0,0.0,0.0,0.8916401947968874,0.45274469960737107,0.0
1.0,0.0,0.0,0.0,0.0,0.0,0.0,0.0,0.0,0.0,0.8992961915530253,0.4373400963303323,0.0
1.0,0.0,0.0,0.0,0.0,0.0,0.0,0.0,0.0,0.0,0.9138076496466615,0.4061472386305789,0.0
1.0,0.0,0.0,0.0,0.0,0.0,0.0,0.0,0.0,0.0,0.9206588168102428,0.3903682146763026,0.0
1.0,0.0,0.0,0.0,0.0,0.0,0.0,0.0,0.0,0.0,0.9272375462179537,0.374473674486883,0.0
1.0,0.0,0.0,0.0,0.0,0.0,0.0,0.0,0.0,0.0,0.9335418911179212,0.35846832151248087,0.0
1.0,0.0,0.0,0.0,0.0,0.0,0.0,0.0,0.0,0.0,0.9395699859530622,0.342356891994542,0.0
1.0,0.0,0.0,0.0,0.0,0.0,0.0,0.0,0.0,0.0,0.945320046913132,0.3261441535642696,0.0
1.0,0.0,0.0,0.0,0.0,0.0,0.0,0.0,0.0,0.0,0.9507903724625832,0.3098349038318025,0.0
1.0,0.0,0.0,0.0,0.0,0.0,0.0,0.0,0.0,0.0,0.9655071658143364,0.2603764827344581,0.0
1.0,0.0,0.0,0.0,0.0,0.0,0.0,0.0,0.0,0.0,0.9738922359149924,0.22701082094141847,0.0
1.0,0.0,0.0,0.0,0.0,0.0,0.0,0.0,0.0,0.0,0.981124629771712,0.19337647441020586,0.0
1.0,0.0,0.0,0.0,0.0,0.0,0.0,0.0,0.0,0.0,0.984305844499033,0.17647097349152166,0.0
1.0,0.0,0.0,0.0,0.0,0.0,0.0,0.0,0.0,0.0,0.9871957872910085,0.15951325197263655,0.0
1.0,0.0,0.0,0.0,0.0,0.0,0.0,0.0,0.0,0.0,0.9897936029670716,0.14250832791617088,0.0
1.0,0.0,0.0,0.0,0.0,0.0,0.0,0.0,0.0,0.0,0.992098522791769,0.12546123335273648,0.0
1.0,0.0,0.0,0.0,0.0,0.0,0.0,0.0,0.0,0.0,0.9941098647022418,0.10837701279187609,0.0
1.0,0.0,0.0,0.0,0.0,0.0,0.0,0.0,0.0,0.0,0.9958270335100595,0.09126072172931188,0.0
1.0,0.0,0.0,0.0,0.0,0.0,0.0,0.0,0.0,0.0,0.9972495210773451,0.07411742515094437,0.0
1.0,0.0,0.0,0.0,0.0,0.0,0.0,0.0,0.0,0.0,0.998376906467142,0.056952196034039754,0.0
1.0,0.0,0.0,0.0,0.0,0.0,0.0,0.0,0.0,0.0,0.9999300657962057,-0.011826390691832589,0.0
1.0,0.0,0.0,0.0,0.0,0.0,0.0,0.0,0.0,0.0,0.9995786855478958,-0.029025013321975237,0.0
1.0,0.0,0.0,0.0,0.0,0.0,0.0,0.0,0.0,0.0,0.9989315138848577,-0.046215046983708354,0.0
1.0,0.0,0.0,0.0,0.0,0.0,0.0,0.0,0.0,0.0,0.9979887423155984,-0.06339140486951038,0.0
1.0,0.0,0.0,0.0,0.0,0.0,0.0,0.0,0.0,0.0,0.9967506498213929,-0.08054900421874167,0.0
1.0,0.0,0.0,0.0,0.0,0.0,0.0,0.0,0.0,0.0,0.9933900548258936,-0.11478762552212701,0.0
1.0,0.0,0.0,0.0,0.0,0.0,0.0,0.0,0.0,0.0,0.9888537064205885,-0.1488903868564548,0.0
1.0,0.0,0.0,0.0,0.0,0.0,0.0,0.0,0.0,0.0,0.986146248341595,-0.16587819893463143,0.0
1.0,0.0,0.0,0.0,0.0,0.0,0.0,0.0,0.0,0.0,0.9762766110869321,-0.21652708524481437,0.0
1.0,0.0,0.0,0.0,0.0,0.0,0.0,0.0,0.0,0.0,0.9682507501166718,-0.2499809690726521,0.0
1.0,0.0,0.0,0.0,0.0,0.0,0.0,0.0,0.0,0.0,0.9638074231367307,-0.26659942067929354,0.0
1.0,0.0,0.0,0.0,0.0,0.0,0.0,0.0,0.0,0.0,0.9590788900341131,-0.28313898122818354,0.0
1.0,0.0,0.0,0.0,0.0,0.0,0.0,0.0,0.0,0.0,0.9540665500578387,-0.2995947563972602,0.0
1.0,0.0,0.0,0.0,0.0,0.0,0.0,0.0,0.0,0.0,0.9487718864399473,-0.31596187665790293,0.0
1.0,0.0,0.0,0.0,0.0,0.0,0.0,0.0,0.0,0.0,0.9312100364121947,-0.3644830148102912,0.0
1.0,0.0,0.0,0.0,0.0,0.0,0.0,0.0,0.0,0.0,0.9248025743285089,-0.38044736628785164,0.0
1.0,0.0,0.0,0.0,0.0,0.0,0.0,0.0,0.0,0.0,0.9181214482844364,-0.39629913726891813,0.0
1.0,0.0,0.0,0.0,0.0,0.0,0.0,0.0,0.0,0.0,0.9039461929224011,-0.42764620926777464,0.0
1.0,0.0,0.0,0.0,0.0,0.0,0.0,0.0,0.0,0.0,0.8964562582905575,-0.44313223418263453,0.0
1.0,0.0,0.0,0.0,0.0,0.0,0.0,0.0,0.0,0.0,0.8724040568049612,-0.48878539428899265,0.0
1.0,0.0,0.0,0.0,0.0,0.0,0.0,0.0,0.0,0.0,0.8638670987837349,-0.503719798736334,0.0
1.0,0.0,0.0,0.0,0.0,0.0,0.0,0.0,0.0,0.0,0.8550745085896932,-0.518505144391157,0.0
1.0,0.0,0.0,0.0,0.0,0.0,0.0,0.0,0.0,0.0,0.8460288880917339,-0.533137056031809,0.0
1.0,0.0,0.0,0.0,0.0,0.0,0.0,0.0,0.0,0.0,0.8367329140344921,-0.5476112038402312,0.0
1.0,0.0,0.0,0.0,0.0,0.0,0.0,0.0,0.0,0.0,0.8271893372462497,-0.5619233046832195,0.0
1.0,0.0,0.0,0.0,0.0,0.0,0.0,0.0,0.0,0.0,0.8174009818249189,-0.5760691233798758,0.0
1.0,0.0,0.0,0.0,0.0,0.0,0.0,0.0,0.0,0.0,0.8073707443023492,-0.5900444739548627,0.0
1.0,0.0,0.0,0.0,0.0,0.0,0.0,0.0,0.0,0.0,0.7971015927871943,-0.6038452208771035,0.0
1.0,0.0,0.0,0.0,0.0,0.0,0.0,0.0,0.0,0.0,0.7865965660866021,-0.6174672802835514,0.0
1.0,0.0,0.0,0.0,0.0,0.0,0.0,0.0,0.0,0.0,0.7758587728069828,-0.6309066211876704,0.0
1.0,0.0,0.0,0.0,0.0,0.0,0.0,0.0,0.0,0.0,0.7648913904341225,-0.6441592666722685,0.0
1.0,0.0,0.0,0.0,0.0,0.0,0.0,0.0,0.0,0.0,0.753697664392914,-0.6572212950663319,0.0
1.0,0.0,0.0,0.0,0.0,0.0,0.0,0.0,0.0,0.0,0.742280907086982,-0.6700888411055113,0.0
1.0,0.0,0.0,0.0,0.0,0.0,0.0,0.0,0.0,0.0,0.7187918772884232,-0.6952253139408722,0.0
1.0,0.0,0.0,0.0,0.0,0.0,0.0,0.0,0.0,0.0,0.7067265555776158,-0.7074868024503348,0.0
1.0,0.0,0.0,0.0,0.0,0.0,0.0,0.0,0.0,0.0,0.6944521021088763,-0.719538934232584,0.0
1.0,0.0,0.0,0.0,0.0,0.0,0.0,0.0,0.0,0.0,0.6819721490904629,-0.7313781428679254,0.0
1.0,0.0,0.0,0.0,0.0,0.0,0.0,0.0,0.0,0.0,0.6692903895412567,-0.7430009249440493,0.0
1.0,0.0,0.0,0.0,11.500000000000304,0.0,0.0,7.0,4.410504636890581,50.0,0.6300720909843687,-0.7765366444428655,7.14
1.0,0.0,0.0,0.0,35.84333333333364,0.0,23.0,22.0,13.26573307552837,43.0,0.6029878670694714,-0.7977503570459932,5.23
1.0,0.0,0.0,0.0,77.24333333333364,0.0,23.0,23.0,13.229369096375482,45.0,0.5751899607119775,-0.8180198708443174,8.0
1.0,0.0,0.0,0.0,94.34333333333363,0.0,60.0,25.0,13.667781821714847,46.0,0.5467112728685939,-0.8373211953118121,5.2
1.0,0.0,0.0,0.0,106.79666666666697,0.0,60.0,23.0,11.904466735823345,47.0,0.5175855102531889,-0.8556314858488706,7.22
1.0,0.0,0.0,0.0,108.17666666666697,0.0,60.0,24.0,12.066977274703305,49.0,0.5027907197793043,-0.8644081744776648,7.75
1.0,0.0,0.0,0.0,131.48333333333366,0.0,64.0,29.0,14.147567217827046,47.0,0.4878471454423119,-0.8729290708206411,7.9
1.0,0.0,0.0,0.0,118.60333333333365,0.0,101.0,23.0,10.873461813584385,42.0,0.47275920928627757,-0.881191653407483,4.91
1.0,0.0,0.0,0.0,132.05666666666696,0.0,103.0,26.0,11.895815777930531,50.0,0.4575313760742512,-0.8891934772070711,9.27
1.0,0.0,0.0,0.0,129.80333333333363,0.0,104.0,22.0,9.727699343275585,45.0,0.44216815196707204,-0.8969321743510065,10.18
1.0,0.0,0.0,0.0,119.2200000000003,0.0,129.0,9.0,3.840066748709322,40.0,0.42667408318992467,-0.9044054548343001,7.11
1.0,0.0,0.0,0.0,97.27666666666698,0.0,151.0,27.0,11.098451376549948,42.0,0.4110537546870351,-0.9116111071930239,6.0
1.0,0.0,0.0,0.0,85.34333333333363,0.0,191.0,32.0,12.649977240477282,49.0,0.3953117887649151,-0.9185469991587165,5.12
1.0,0.0,0.0,0.0,116.11000000000031,0.0,191.0,20.0,7.589056874490887,47.0,0.37945284372454435,-0.925211078289358,9.8
1.0,0.0,0.0,0.0,112.64666666666697,0.0,253.0,35.0,12.72185643690172,51.0,0.36348161248290634,-0.9316013725767187,3.86
1.0,0.0,0.0,0.0,151.7800000000003,23.0,243.0,38.0,13.201307205002541,45.0,0.3474028211842774,-0.9377159910299093,9.26
1.0,0.0,0.0,0.0,166.1800000000003,0.0,243.0,30.0,9.936636834050596,46.0,0.3312212278016865,-0.9435531242349544,8.67
1.0,0.0,0.0,0.0,173.9433333333336,37.0,206.0,17.0,5.354007552392183,49.0,0.31494162072895193,-0.9491110448902284,9.94
1.0,0.0,0.0,0.0,143.8900000000003,0.0,240.0,24.0,6.373512667297343,45.0,0.26556302780405594,-0.9640935007889755,9.0
1.0,0.0,0.0,0.0,176.05666666666696,0.0,256.0,34.0,8.463953490828063,49.0,0.24893980855376657,-0.9685189578512204,11.76
1.0,0.0,0.0,0.0,168.73333333333363,4.0,252.0,14.0,2.781071200322396,47.0,0.19864794288017112,-0.9800709131432666,10.0
1.0,0.0,0.0,0.0,225.53333333333362,37.0,248.0,35.0,6.361592565698137,51.0,0.18175978759137534,-0.9833429613388902,12.69
1.0,0.0,0.0,0.0,250.8000000000003,2.0,256.0,45.0,7.416803099573906,47.0,0.16481784665719793,-0.9863240225317866,11.62
1.0,0.0,0.0,0.0,371.33333333333366,1.0,261.0,42.0,4.057733479010531,49.0,0.0966127018812031,-0.9953220513156602,15.71
1.0,0.0,0.0,0.0,372.2333333333336,25.0,245.0,30.0,2.384318997708629,46.0,0.07947729992362097,-0.9968366760893436,15.83
1.0,0.0,0.0,0.0,348.966666666667,22.0,236.0,32.0,1.9941881393384024,42.0,0.062318379354325076,-0.998056320853012,13.47
1.0,0.0,0.0,0.0,311.2433333333336,40.0,200.0,34.0,1.5347946043150456,46.0,0.04514101777397193,-0.9989806246941579,14.91
1.0,0.0,0.0,0.0,298.05000000000035,0.0,215.0,36.0,0.38704707948678946,42.0,0.01075130776352193,-0.9999422030204416,11.89
1.0,0.0,0.0,0.0,258.656666666667,62.0,186.0,37.0,-0.23868197532989055,45.0,-0.00645086419810515,-0.9999791929590823,6.59
1.0,0.0,0.0,0.0,256.5533333333336,13.0,193.0,44.0,-1.0406495987901898,41.0,-0.023651127245231586,-0.9997202729664083,12.02
1.0,0.0,0.0,0.0,333.60666666666697,0.0,193.0,55.0,-3.1914063130829193,49.0,-0.05802556932878035,-0.9983150972033183,13.31
1.0,0.0,0.0,0.0,386.1233333333336,0.0,193.0,42.0,-3.157962209419859,52.0,-0.07518957641475855,-0.9971692572470178,10.64
1.0,0.0,0.0,0.0,367.21000000000026,34.0,160.0,31.0,-3.3928188281163822,45.0,-0.10944576864891556,-0.993992768446958,13.65
1.0,0.0,0.0,0.0,346.8633333333337,16.0,145.0,57.0,-8.183628134473246,50.0,-0.1435724234118113,-0.9896398128792412,11.46
1.0,0.0,0.0,0.0,305.0733333333336,0.0,178.0,23.0,-3.6932145256848568,44.0,-0.16057454459499376,-0.9870237158387383,13.04
1.0,0.0,0.0,0.0,384.50666666666694,33.0,149.0,55.0,-9.764103205286924,48.0,-0.17752914918703497,-0.984115542601034,13.84
1.0,0.0,0.0,0.0,359.076666666667,10.0,154.0,43.0,-9.08485749003371,47.0,-0.2112757555821793,-0.9774264960104055,12.86
1.0,0.0,0.0,0.0,417.43666666666695,6.0,182.0,49.0,-11.17483078985447,48.0,-0.2280577712215198,-0.9736476020539838,11.27
1.0,0.0,0.0,0.0,394.91666666666697,9.0,186.0,47.0,-11.5042981421712,43.0,-0.24477230089725957,-0.9695805901076308,14.96
1.0,0.0,0.0,0.0,406.4433333333336,13.0,193.0,44.0,-11.502233534490873,45.0,-0.2614143985111562,-0.965226663665613,13.75
1.0,0.0,0.0,0.0,456.34333333333365,4.0,196.0,52.0,-15.312004332913661,47.0,-0.2944616217868012,-0.9556633054034704,15.06
1.0,0.0,0.0,0.0,415.35333333333364,15.0,209.0,52.0,-16.164562348662187,44.0,-0.3108569682435036,-0.9504567035349151,9.67
1.0,0.0,0.0,0.0,469.8833333333336,33.0,204.0,59.0,-20.258645565786896,45.0,-0.34336687399638804,-0.939201357453208,14.42
1.0,0.0,0.0,0.0,413.04000000000025,20.0,207.0,53.0,-19.05200609368643,43.0,-0.3594718130884232,-0.9331559438780432,10.45
1.0,0.0,0.0,0.0,494.9766666666669,0.0,234.0,67.0,-25.15651537207055,46.0,-0.3754703786876202,-0.9268343944460494,13.25
1.0,0.0,0.0,0.0,382.45666666666693,0.0,234.0,24.0,-9.392588077464621,45.0,-0.3913578365610259,-0.9202385798054075,14.42
1.0,0.0,0.0,0.0,412.1800000000003,1.0,250.0,50.0,-20.356474267712578,39.0,-0.4071294853542516,-0.9133704517637858,14.16
1.0,0.0,0.0,0.0,392.10666666666697,1.0,249.0,57.0,-24.098497505012606,49.0,-0.4227806579826773,-0.9062320427107697,12.75
1.0,0.0,0.0,0.0,537.526666666667,33.0,224.0,74.0,-33.574028366319475,47.0,-0.45370308603134424,-0.8911529104063088,13.61
1.0,0.0,0.0,0.0,566.2666666666669,4.0,225.0,53.0,-25.65669164686572,49.0,-0.48408852163897587,-0.8750190302029955,14.26
1.0,0.0,0.0,0.0,548.6466666666669,15.0,219.0,57.0,-29.292357074630686,48.0,-0.5139010013093103,-0.8578494977869301,11.95
1.0,0.0,0.0,0.0,511.27333333333354,34.0,204.0,67.0,-35.414948999847255,40.0,-0.5285813283559292,-0.8488826652214553,13.19
1.0,0.0,0.0,0.0,489.4633333333336,13.0,191.0,48.0,-26.069051504804722,50.0,-0.5431052396834317,-0.8396646346181327,13.88
1.0,0.0,0.0,0.0,817.1333333333336,20.0,171.0,69.0,-38.46532218286245,50.0,-0.5574684374327892,-0.8301981337405212,13.06
1.0,0.0,0.0,0.0,837.6466666666669,7.0,175.0,66.0,-37.73000030597854,42.0,-0.5716666713027052,-0.8204859638785327,14.65
1.0,0.0,0.0,0.0,895.7333333333336,28.0,148.0,68.0,-39.827310306899854,46.0,-0.5856957398073508,-0.8105309990194823,13.84
1.0,0.0,0.0,0.0,576.9766666666669,28.0,140.0,39.0,-23.38250816926631,45.0,-0.5995514915196489,-0.8003361849976323,18.9
1.0,0.0,0.0,0.0,687.3633333333337,23.0,117.0,85.0,-52.12453523547877,47.0,-0.6132298262997502,-0.7899045386224707,16.35
1.0,0.0,0.0,0.0,661.146666666667,27.0,131.0,73.0,-45.7510488451081,42.0,-0.6267266965083301,-0.7792391467859886,11.9
1.0,0.0,0.0,0.0,2048.4033333333336,0.0,131.0,75.0,-48.00285811532627,50.0,-0.6400381082043503,-0.7683431655492202,13.89
1.0,0.0,0.0,0.0,1966.4366666666672,17.0,125.0,74.0,-49.2905753337123,41.0,-0.666088855860977,-0.7458723993404063,15.0
1.0,0.0,0.0,0.0,2016.176666666667,0.0,136.0,57.0,-38.69276753021543,40.0,-0.6788204829862355,-0.734304263829602,19.37
1.0,0.0,0.0,0.0,841.0866666666667,8.0,128.0,91.0,-67.2846959872291,44.0,-0.7393922635959241,-0.673274892250183,18.42
1.0,0.0,0.0,0.0,1403.2333333333333,5.0,170.0,81.0,-61.73123808152104,44.0,-0.7621140503891487,-0.6474427960827475,13.88
1.0,0.0,0.0,0.0,1260.18,9.0,167.0,28.0,-21.64787311597687,40.0,-0.7731383255706026,-0.6342374393978054,15.54
1.0,0.0,0.0,0.0,1170.5833333333333,19.0,148.0,62.0,-49.25883440832915,51.0,-0.7944973291665992,-0.6072676460566135,19.4
1.0,0.0,0.0,0.0,642.6666666666666,0.0,161.0,79.0,-64.37836274912026,47.0,-0.8149159841660791,-0.5795791048257612,15.15
1.0,0.0,0.0,0.0,754.5733333333333,0.0,175.0,66.0,-54.434495575241854,39.0,-0.8247650844733614,-0.5654755126737576,14.85
1.0,0.0,0.0,0.0,1070.3233333333335,11.0,179.0,74.0,-61.74338914069858,42.0,-0.8343701235229538,-0.5512045872199277,20.62
1.0,0.0,0.0,0.0,956.8066666666667,1.0,182.0,45.0,-37.967771656317204,42.0,-0.8437282590292712,-0.5367705514607103,16.02
1.0,0.0,0.0,0.0,1073.4833333333333,20.0,174.0,77.0,-65.66842757624838,50.0,-0.8528367217694595,-0.522177676659508,18.16
1.0,0.0,0.0,0.0,698.2033333333333,0.0,174.0,68.0,-58.59511151539395,49.0,-0.8616928164028522,-0.5074302810827518,14.29
1.0,0.0,0.0,0.0,823.42,41.0,136.0,69.0,-60.05028063653115,52.0,-0.8702939222685674,-0.49253272872205434,17.09
1.0,0.0,0.0,0.0,813.5333333333333,0.0,136.0,64.0,-56.750148037311554,51.0,-0.886721063082993,-0.46230483047981086,20.42
1.0,0.0,0.0,0.0,933.5333333333333,11.0,135.0,74.0,-66.19612553625727,45.0,-0.8945422369764496,-0.4469834295196741,21.2
1.0,0.0,0.0,0.0,1110.0133333333333,11.0,133.0,48.0,-43.300737668648814,46.0,-0.9020987014301837,-0.43152975897147144,22.54
1.0,0.0,0.0,0.0,1116.4833333333333,0.0,134.0,73.0,-66.38534008662985,45.0,-0.9093882203647925,-0.4159483918249421,19.37
1.0,0.0,0.0,0.0,1846.29,47.0,109.0,64.0,-58.65015274843813,41.0,-0.9164086366943458,-0.4002439388573056,18.58
1.0,0.0,0.0,0.0,1598.2866666666669,6.0,128.0,81.0,-74.77578771014102,52.0,-0.9231578729647039,-0.38442104726885545,10.9
1.0,0.0,0.0,0.0,1664.5466666666669,0.0,141.0,80.0,-74.37071455746155,43.0,-0.9296339319682695,-0.3684843993077793,22.21
1.0,0.0,0.0,0.0,907.9200000000001,13.0,128.0,71.0,-66.44427771078459,40.0,-0.9358348973349941,-0.35243871088460327,21.35
1.0,0.0,0.0,0.0,1049.2533333333333,14.0,114.0,82.0,-77.22423259615586,47.0,-0.9417589340994617,-0.33628873017668287,18.77
1.0,0.0,0.0,0.0,714.2400000000001,15.0,210.0,38.0,-36.00136299126761,42.0,-0.9474042892438845,-0.32003923622313857,5.89
1.0,0.0,0.0,0.0,827.5466666666667,4.0,206.0,83.0,-79.07985125399864,50.0,-0.9527692922168511,-0.30369503751065885,22.29
1.0,0.0,0.0,0.0,774.7666666666668,12.0,219.0,74.0,-70.88107430164735,45.0,-0.9578523554276669,-0.28726097055059635,18.32
1.0,0.0,0.0,0.0,1901.926666666667,0.0,236.0,81.0,-77.97480995200804,50.0,-0.9626519747161487,-0.2707418984477642,19.01
1.0,0.0,0.0,0.0,1790.0466666666669,3.0,244.0,83.0,-80.2748385732117,43.0,-0.9671667297977312,-0.2541427094613622,18.06
1.0,0.0,0.0,0.0,1720.493333333333,0.0,245.0,49.0,-47.970454813305665,49.0,-0.9789888737409319,-0.20391367068311472,20.24
1.0,0.0,0.0,0.0,698.2533333333334,10.0,314.0,81.0,-80.04454384452552,45.0,-0.9882042449941422,-0.15314166701312007,8.59
1.0,0.0,0.0,0.0,1901.5833333333333,9.0,307.0,69.0,-68.3577694011477,46.0,-0.9906923101615609,-0.13612033862266704,18.91
1.0,0.0,0.0,0.0,2961.6533333333336,1.0,334.0,41.0,-40.85219597656765,48.0,-0.9963950238187231,-0.08483487790576538,15.1
1.0,0.0,0.0,0.0,3136.8766666666666,22.0,325.0,70.0,-69.83948248970817,47.0,-0.9977068927101168,-0.06768276175455162,20.93
1.0,0.0,0.0,0.0,2000.1266666666668,25.0,317.0,91.0,-90.88384069131615,46.0,-0.9987235240803972,-0.050510617185222886,19.15
1.0,0.0,0.0,0.0,925.6866666666666,13.0,347.0,76.0,-75.9901168355013,47.0,-0.9998699583618592,-0.016126573270657762,12.59
1.0,0.0,0.0,0.0,908.7800000000001,0.0,386.0,77.0,-76.99995549590132,47.0,-0.9999994220246925,0.001075151282798226,17.91
1.0,0.0,0.0,0.0,1884.9800000000002,0.0,401.0,91.0,-90.98480024907956,39.0,-0.999832969770105,0.018276557681691223,19.56
1.0,0.0,0.0,0.0,1962.1366666666665,111.0,319.0,41.0,-40.97419668501387,40.0,-0.9993706508539969,0.03547255575312556,18.93
1.0,0.0,0.0,0.0,2508.2466666666664,0.0,319.0,82.0,-81.79984191786663,45.0,-0.9975590477788613,0.06982797572987089,24.71
1.0,0.0,0.0,0.0,1493.0666666666668,25.0,408.0,90.0,-89.51100812735703,49.0,-0.9945667569706337,0.1041007489354256,10.41
1.0,0.0,0.0,0.0,1671.88,17.0,395.0,79.0,-78.41768356882625,44.0,-0.9926289059345095,0.121193461470736,27.14
1.0,0.0,0.0,0.0,1147.0600000000002,11.0,392.0,71.0,-70.31820972250317,52.0,-0.9903973200352558,0.1382503109109819,20.01
1.0,0.0,0.0,0.0,977.1000000000003,1.0,393.0,29.0,-28.648307129416246,49.0,-0.9878726596350429,0.15526624985999563,26.03
1.0,0.0,0.0,0.0,827.6866666666668,79.0,314.0,72.0,-70.92400837114809,46.0,-0.9850556718215013,0.172236243027682,19.53
1.0,0.0,0.0,0.0,856.1066666666669,2.0,329.0,67.0,-65.79046174250529,45.0,-0.981947190186646,0.18915526872004093,24.24
1.0,0.0,0.0,0.0,989.1633333333335,28.0,350.0,80.0,-78.28385076641625,43.0,-0.9785481345802031,0.20601832032517084,17.91
1.0,0.0,0.0,0.0,910.2700000000001,13.0,362.0,65.0,-63.36586820443181,47.0,-0.9748595108374125,0.22282040779479959,16.77
1.0,0.0,0.0,0.0,1121.996666666667,17.0,345.0,78.0,-74.2648961861126,51.0,-0.9521140536681102,0.3057430764672831,24.46
1.0,0.0,0.0,0.0,943.1700000000004,43.0,363.0,76.0,-71.95025777912535,46.0,-0.9467139181463862,0.3220757010206104,7.93
1.0,0.0,0.0,0.0,887.5400000000003,39.0,380.0,51.0,-47.03878499908178,43.0,-0.9223291176290545,0.3864052261209853,17.2
1.0,0.0,0.0,0.0,723.1466666666669,15.0,365.0,70.0,-64.08821110842827,48.0,-0.9155458729775467,0.40221356823680365,25.67
1.0,0.0,0.0,0.0,1155.3633333333335,29.0,356.0,84.0,-76.31330310009069,46.0,-0.9084917035725082,0.41790288888678667,23.64
1.0,0.0,0.0,0.0,1404.2933333333333,0.0,389.0,96.0,-86.51219489819105,43.0,-0.9011686968561569,0.4334685453485363,16.04
1.0,0.0,0.0,0.0,1571.6933333333334,114.0,324.0,102.0,-91.14506002204752,43.0,-0.8935790198239952,0.4489059314938798,15.87
1.0,0.0,0.0,0.0,2222.786666666667,4.0,373.0,51.0,-44.330873639331436,44.0,-0.8692328164574792,0.49440298420761813,20.78
1.0,0.0,0.0,0.0,2493.266666666667,8.0,365.0,82.0,-69.84037668124735,46.0,-0.8517119107469189,0.5240103253675756,23.04
1.0,0.0,0.0,0.0,2207.39,2.0,366.0,52.0,-43.813748679303366,38.0,-0.8425720899866032,0.5385835804920232,27.1
1.0,0.0,0.0,0.0,1530.0266666666669,0.0,366.0,66.0,-54.99007394688578,52.0,-0.8331829385891785,0.5529974600700271,23.24
1.0,0.0,0.0,0.0,1447.5400000000002,17.0,367.0,81.0,-66.70732603140365,42.0,-0.8235472349556007,0.5672476988027229,23.17
1.0,0.0,0.0,0.0,1935.696666666667,49.0,321.0,76.0,-61.83875511386553,44.0,-0.8136678304455991,0.5813300798152042,21.84
1.0,0.0,0.0,0.0,1763.5333333333335,25.0,338.0,25.0,-20.08869121334779,44.0,-0.8035476485339116,0.5952404359043674,16.64
1.0,0.0,0.0,0.0,1474.0533333333335,0.0,387.0,78.0,-60.19827345064912,45.0,-0.7717727365467836,0.6358984534680745,19.18
1.0,0.0,0.0,0.0,862.7466666666669,61.0,432.0,80.0,-60.85760730851283,47.0,-0.7607200913564104,0.6490800741100398,9.14
1.0,0.0,0.0,0.0,925.2066666666669,56.0,379.0,74.0,-55.458732927062464,45.0,-0.7494423368521954,0.6620696215153815,26.28
1.0,0.0,0.0,0.0,846.0433333333336,0.0,381.0,56.0,-41.32479737697576,44.0,-0.7379428103031386,0.6748632518680403,20.04
1.0,0.0,0.0,0.0,968.516666666667,20.0,362.0,47.0,-34.13257098639525,45.0,-0.7262249146041543,0.6874571793269664,27.66
1.0,0.0,0.0,0.0,872.266666666667,33.0,340.0,62.0,-44.2861112706844,45.0,-0.7142921172691032,0.699847677146407,24.5
1.0,0.0,0.0,0.0,895.216666666667,49.0,337.0,80.0,-55.18368037324709,47.0,-0.6897960046655887,0.7240037789593305,15.3
1.0,0.0,0.0,0.0,874.2000000000004,53.0,328.0,71.0,-47.17832605212272,45.0,-0.6644834655228552,0.7473029667054296,17.37
1.0,0.0,0.0,0.0,765.4133333333335,0.0,352.0,68.0,-44.304064582462544,50.0,-0.6515303615068021,0.75862255966641,14.15
1.0,0.0,0.0,0.0,922.1833333333337,3.0,350.0,74.0,-44.23935646796268,51.0,-0.5978291414589552,0.801623551065242,25.39
1.0,0.0,0.0,0.0,919.436666666667,0.0,371.0,83.0,-47.30178778185928,44.0,-0.5699010576127624,0.8217133225960589,14.59
1.0,0.0,0.0,0.0,1064.0733333333337,18.0,372.0,71.0,-39.45342004579947,40.0,-0.5556819724760489,0.8313949395234058,24.65
1.0,0.0,0.0,0.0,1601.6733333333334,3.0,398.0,67.0,-35.29256843830713,46.0,-0.5267547528105542,0.8500173118187018,21.15
1.0,0.0,0.0,0.0,1686.6300000000003,42.0,368.0,70.0,-35.843862481802525,45.0,-0.5120551783114646,0.8589525565270845,22.69
1.0,0.0,0.0,0.0,1568.0100000000002,49.0,357.0,86.0,-41.46970291908632,48.0,-0.4822058478963526,0.8760579434344281,12.77
1.0,0.0,0.0,0.0,893.7100000000004,106.0,251.0,70.0,-32.694544741420124,44.0,-0.46706492487743034,0.8842230238742036,18.9
1.0,0.0,0.0,0.0,1223.4766666666671,3.0,258.0,101.0,-45.63036477312128,41.0,-0.451785789832884,0.8921264484954345,20.9
1.0,0.0,0.0,0.0,1115.0233333333338,2.0,258.0,37.0,-16.14579967186992,48.0,-0.4363729641045924,0.8997658785476209,16.62
1.0,0.0,0.0,0.0,1058.006666666667,1.0,286.0,84.0,-34.033819883343526,48.0,-0.4051645224207563,0.9142437912130223,12.52
1.0,0.0,0.0,0.0,671.9600000000004,11.0,283.0,76.0,-29.592738757435313,50.0,-0.3893781415452015,0.9210779895789526,17.01
1.0,0.0,0.0,0.0,644.5633333333336,46.0,316.0,80.0,-29.878122993045658,42.0,-0.37347653741307074,0.9276396261490467,6.67
1.0,0.0,0.0,0.0,639.2700000000003,44.0,272.0,57.0,-20.375471687197102,46.0,-0.3574644155648614,0.9339267592294762,18.32
1.0,0.0,0.0,0.0,689.1366666666669,24.0,263.0,76.0,-25.942335082622748,49.0,-0.34134651424503615,0.9399375283564133,19.91
1.0,0.0,0.0,0.0,704.806666666667,1.0,294.0,35.0,-11.379466104996824,43.0,-0.3251276029999093,0.9456701548465688,16.97
1.0,0.0,0.0,0.0,852.1233333333336,21.0,273.0,99.0,-30.572435645359125,48.0,-0.30881248126625377,0.9511229423235357,17.08
1.0,0.0,0.0,0.0,804.4233333333336,19.0,261.0,63.0,-18.421576547917873,46.0,-0.29240597695107734,0.9562942772197719,20.98
1.0,0.0,0.0,0.0,972.6566666666671,29.0,232.0,66.0,-18.21025437019539,47.0,-0.27591294500296043,0.9611826292540837,19.85
1.0,0.0,0.0,0.0,966.3933333333335,12.0,220.0,38.0,-7.948593214561542,40.0,-0.20917350564635637,0.9778785428342386,21.08
1.0,0.0,0.0,0.0,953.5200000000003,38.0,184.0,72.0,-13.847148377214827,49.0,-0.19232150523909483,0.9813319716704275,17.43
1.0,0.0,0.0,0.0,784.916666666667,0.0,245.0,80.0,-14.033007504342274,40.0,-0.17541259380427843,0.9844950085880858,7.83
1.0,0.0,0.0,0.0,679.1033333333336,10.0,265.0,84.0,-13.30994909671025,46.0,-0.15845177496083632,0.9873667175937016,14.52
1.0,0.0,0.0,0.0,752.3700000000003,2.0,263.0,89.0,-12.588522024226839,47.0,-0.14144406768794202,0.9899462489023779,17.63
1.0,0.0,0.0,0.0,944.0400000000003,29.0,234.0,85.0,-6.208840997939031,40.0,-0.07304518821104743,0.9973286321364752,17.65
1.0,0.0,0.0,0.0,890.7000000000003,8.0,266.0,56.0,-3.1292103867008954,47.0,-0.05587875690537313,0.9984375616565666,17.59
1.0,0.0,0.0,0.0,793.0833333333336,79.0,211.0,84.0,-3.250446374828259,42.0,-0.03869579017652689,0.9992510374388481,14.51
1.0,0.0,0.0,0.0,697.8533333333336,0.0,245.0,80.0,-0.3440474162385579,47.0,-0.004300592702981974,0.9999907524084426,12.68
1.0,0.0,0.0,0.0,632.4900000000004,15.0,231.0,75.0,1.2901181563695379,51.0,0.017201575418260506,0.9998520419557735,8.49
1.0,0.0,0.0,0.0,447.7000000000003,32.0,216.0,37.0,1.2727282427034965,43.0,0.03439806061360801,0.9994082116062598,9.14
1.0,0.0,0.0,0.0,403.6300000000003,0.0,235.0,91.0,6.256742171783686,45.0,0.06875540848113941,0.9976335468520451,9.16
1.0,0.0,0.0,0.0,406.60333333333364,7.0,228.0,75.0,6.442957819599954,51.0,0.08590610426133272,0.9963032375991965,8.79
1.0,0.0,0.0,0.0,539.4700000000003,0.0,228.0,77.0,9.24971471904099,46.0,0.1201261651823505,0.9927586335250793,11.9
1.0,0.0,0.0,0.0,567.2400000000004,0.0,230.0,86.0,11.797944748867648,49.0,0.13718540405660057,0.9905453876091833,10.62
1.0,0.0,0.0,0.0,581.4833333333337,2.0,231.0,72.0,12.32474829193439,49.0,0.17117705961019986,0.985240282501282,10.15
1.0,0.0,0.0,0.0,524.1100000000004,61.0,171.0,67.0,12.602660979990437,46.0,0.18809941761179758,0.9821499931752291,9.87
1.0,0.0,0.0,0.0,468.46333333333365,30.0,166.0,94.0,19.26681471313256,43.0,0.20496611396949532,0.9787690698649216,7.68
1.0,0.0,0.0,0.0,436.84333333333365,0.0,171.0,65.0,15.503317387614972,48.0,0.23851257519407648,0.9711394088771653,8.98
1.0,0.0,0.0,0.0,368.2933333333336,0.0,173.0,35.0,9.51218584648975,47.0,0.2717767384711357,0.9623603298276545,10.26
1.0,0.0,0.0,0.0,412.4433333333336,40.0,133.0,80.0,23.06325125676142,47.0,0.2882906407095177,0.9575429528116719,10.86
1.0,0.0,0.0,0.0,447.716666666667,24.0,109.0,77.0,23.46338094940558,51.0,0.3047192331091634,0.9524422234305676,9.49
1.0,0.0,0.0,0.0,767.4400000000004,34.0,75.0,81.0,28.629018373201102,43.0,0.3534446712740877,0.9354554315134164,8.37
1.0,0.0,0.0,0.0,1394.0000000000002,1.0,74.0,69.0,25.494374157869434,45.0,0.3694836834473831,0.9292372181882051,7.39
1.0,0.0,0.0,0.0,1310.7500000000002,17.0,63.0,39.0,15.0311210187187,45.0,0.38541335945432564,0.9227440286201427,10.33
1.0,0.0,0.0,0.0,1016.8900000000003,19.0,58.0,58.0,24.181701117066265,40.0,0.4169258813287287,0.908940487313808,8.78
1.0,0.0,0.0,0.0,348.3733333333336,0.0,58.0,73.0,32.699980576776056,45.0,0.44794493940789115,0.8940611451454876,9.73
1.0,0.0,0.0,0.0,1650.836666666667,0.0,58.0,97.0,44.936018489046695,45.0,0.4632579225674917,0.88622350294858,10.9
1.0,0.0,0.0,0.0,1727.036666666667,2.0,56.0,69.0,33.011933597574384,49.0,0.4784338202547012,0.8781236129591848,11.83
1.0,0.0,0.0,0.0,1970.6133333333337,3.0,53.0,49.0,24.17993894218463,47.0,0.49346814167723735,0.8697638720650646,10.92
1.0,0.0,0.0,0.0,1639.426666666667,1.0,57.0,73.0,37.11001996943839,48.0,0.5083564379375122,0.8611467540480452,10.04
1.0,0.0,0.0,0.0,1619.7733333333335,25.0,32.0,70.0,36.61660123443929,46.0,0.5230943033491326,0.8522748088519838,10.4
1.0,0.0,0.0,0.0,1329.1333333333337,5.0,27.0,79.0,42.47651276250851,47.0,0.5376773767406141,0.8431506618282,6.16
1.0,0.0,0.0,0.0,379.91333333333364,2.0,25.0,58.0,32.02187787926341,48.0,0.5521013427459208,0.8337770129585915,8.26
1.0,0.0,0.0,0.0,321.1133333333336,0.0,25.0,61.0,34.5480779179686,48.0,0.5663619330814524,0.8241566360566663,7.34
1.0,0.0,0.0,0.0,1370.6866666666672,0.0,37.0,83.0,48.177759008155135,34.0,0.580454927809098,0.8142923779467267,7.24
1.0,0.0,0.0,0.0,1317.6100000000004,0.0,37.0,32.0,19.02003701071946,50.0,0.5943761565849831,0.804187157621448,7.59
1.0,0.0,0.0,0.0,1339.706666666667,0.0,41.0,80.0,48.649719991483344,43.0,0.6081214998935418,0.7938439653781019,7.26
1.0,0.0,0.0,0.0,319.7633333333336,6.0,41.0,83.0,51.600011892123476,42.0,0.6216868902665479,0.7832658619336791,7.83
1.0,0.0,0.0,0.0,430.906666666667,14.0,27.0,73.0,46.3599868845323,48.0,0.6350683134867438,0.7724559775191742,9.97
1.0,0.0,0.0,0.0,530.5233333333337,0.0,27.0,97.0,64.14255707166694,45.0,0.6612634749656386,0.7501537286959042,10.57
1.0,0.0,0.0,0.0,556.0866666666669,0.0,28.0,80.0,53.92555693236929,46.0,0.6740694616546161,0.7386679638813748,9.2
1.0,0.0,0.0,0.0,595.0533333333336,0.0,28.0,42.0,28.840391174496524,55.0,0.6866759803451553,0.726963615332308,8.12
1.0,0.0,0.0,0.0,482.12000000000035,0.0,28.0,62.0,43.34291663506448,50.0,0.6990793005655562,0.7150441465537444,7.73
1.0,0.0,0.0,0.0,415.9933333333336,5.0,30.0,78.0,56.41441458461163,40.0,0.7232617254437388,0.6905740195722293,5.92
1.0,0.0,0.0,0.0,408.1500000000003,0.0,34.0,98.0,74.27631949474002,51.0,0.7579216274973472,0.6523456189565257,8.56
1.0,0.0,0.0,0.0,377.92333333333363,0.0,50.0,35.0,26.916080074062133,50.0,0.7690308592589181,0.6392116531380588,10.23
1.0,0.0,0.0,0.0,444.4433333333336,0.0,50.0,78.0,60.83317674850398,40.0,0.7799125224167177,0.6258885343075018,10.06
1.0,0.0,0.0,0.0,1513.246666666667,0.0,50.0,71.0,56.13000118071992,50.0,0.7905633969115482,0.612380204990065,8.17
1.0,0.0,0.0,0.0,1547.4133333333332,12.0,38.0,66.0,53.536575977185095,48.0,0.8111602420785621,0.5848239578463322,7.79
1.0,0.0,0.0,0.0,1528.8466666666666,0.0,48.0,67.0,55.013707893463575,45.0,0.8211001178128892,0.5707841943569036,9.91
1.0,0.0,0.0,0.0,357.906666666667,4.0,62.0,78.0,66.25713739955549,43.0,0.8494504794814806,0.527668345562516,5.79
1.0,0.0,0.0,0.0,450.826666666667,6.0,56.0,88.0,75.53933404968647,49.0,0.8584015232918917,0.512978386299228,10.27
1.0,0.0,0.0,0.0,508.0333333333336,0.0,56.0,82.0,71.10208128705906,44.0,0.8670985522812081,0.4981366284784055,11.21
1.0,0.0,0.0,0.0,603.4500000000003,0.0,56.0,69.0,60.412190507245484,48.0,0.8755389928586302,0.4831474640149687,12.45
1.0,0.0,0.0,0.0,607.1166666666669,1.0,60.0,91.0,80.41855160994179,45.0,0.8837203473619977,0.4680153284438345,10.73
1.0,0.0,0.0,0.0,765.3700000000002,0.0,85.0,99.0,88.27237928489185,44.0,0.8916401947968874,0.45274469960737107,7.47
1.0,0.0,0.0,0.0,1641.4366666666672,0.0,90.0,78.0,70.72151362362828,47.0,0.9066860720977985,0.4218060770826634,13.42
1.0,0.0,0.0,0.0,1594.4433333333338,7.0,114.0,87.0,79.50126551925955,45.0,0.9138076496466615,0.4061472386305789,8.68
1.0,0.0,0.0,0.0,1750.343333333334,4.0,110.0,83.0,76.96071633609016,44.0,0.9272375462179537,0.374473674486883,12.65
1.0,0.0,0.0,0.0,846.6833333333337,16.0,107.0,78.0,72.81626750719785,47.0,0.9335418911179212,0.35846832151248087,9.36
1.0,0.0,0.0,0.0,850.1300000000005,0.0,107.0,55.0,51.99260258022226,47.0,0.945320046913132,0.3261441535642696,13.6
1.0,0.0,0.0,0.0,567.8400000000005,0.0,107.0,73.0,70.48202310444655,53.0,0.9655071658143364,0.2603764827344581,13.45
1.0,0.0,0.0,0.0,1306.366666666667,0.0,111.0,79.0,76.61761256041623,45.0,0.969843196967294,0.24372971360968387,11.22
1.0,0.0,0.0,0.0,1507.0900000000004,10.0,101.0,35.0,34.217857956858246,47.0,0.9776530844816641,0.2102247521189836,12.66
1.0,0.0,0.0,0.0,1403.7733333333338,18.0,85.0,82.0,80.9500545578627,47.0,0.9871957872910085,0.15951325197263655,7.09
1.0,0.0,0.0,0.0,611.4366666666671,0.0,93.0,74.0,73.2447266195633,44.0,0.9897936029670716,0.14250832791617088,6.78
1.0,0.0,0.0,0.0,380.21666666666715,0.0,99.0,73.0,72.42319216379914,46.0,0.992098522791769,0.12546123335273648,8.47
1.0,0.0,0.0,0.0,452.0600000000004,0.0,99.0,80.0,79.52878917617934,51.0,0.9941098647022418,0.10837701279187609,10.78
1.0,0.0,0.0,0.0,444.91666666666714,5.0,100.0,57.0,56.84322270140867,48.0,0.9972495210773451,0.07411742515094437,8.18
1.0,0.0,0.0,0.0,452.5966666666671,25.0,75.0,66.0,65.98317816370985,46.0,0.9997451236925734,0.022576263041545485,9.95
1.0,0.0,0.0,0.0,522.2366666666671,5.0,82.0,78.0,77.99454513210405,49.0,0.9999300657962057,-0.011826390691832589,15.06
1.0,0.0,0.0,0.0,560.6066666666671,31.0,57.0,45.0,44.98104084965531,47.0,0.9995786855478958,-0.029025013321975237,13.89
1.0,0.0,0.0,0.0,638.9366666666671,0.0,57.0,68.0,67.77904418785472,45.0,0.9967506498213929,-0.08054900421874167,15.04
1.0,0.0,0.0,0.0,604.4933333333338,13.0,56.0,83.0,82.60306103021954,46.0,0.9952176027737294,-0.09768276782171598,13.12
1.0,0.0,0.0,0.0,713.0800000000004,0.0,56.0,81.0,80.46459444089739,48.0,0.9933900548258936,-0.11478762552212701,13.53
1.0,0.0,0.0,0.0,669.8800000000005,0.0,101.0,78.0,77.31894664874059,42.0,0.9912685467787256,-0.13185851571739118,11.1
1.0,0.0,0.0,0.0,531.7900000000005,4.0,117.0,31.0,30.570533698589447,47.0,0.986146248341595,-0.16587819893463143,14.29
1.0,0.0,0.0,0.0,412.65666666666715,0.0,136.0,41.0,40.30902592260814,48.0,0.9831469737221499,-0.1828169249850199,14.54
1.0,0.0,0.0,0.0,1204.8966666666672,2.0,148.0,50.0,48.8138305543466,41.0,0.9762766110869321,-0.21652708524481437,15.6
1.0,0.0,0.0,0.0,1191.8066666666673,8.0,168.0,28.0,26.98660784782846,48.0,0.9638074231367307,-0.26659942067929354,13.64
1.0,0.0,0.0,0.0,1172.9200000000005,6.0,162.0,35.0,33.567761151193956,49.0,0.9590788900341131,-0.28313898122818354,13.74
1.0,0.0,0.0,0.0,486.5966666666671,0.0,165.0,83.0,78.28530667439668,48.0,0.9431964659565866,-0.33223549871590435,15.41
1.0,0.0,0.0,0.0,668.6100000000005,6.0,170.0,90.0,84.36077446179395,49.0,0.9373419384643772,-0.3484108069446808,13.17
1.0,0.0,0.0,0.0,682.1733333333337,0.0,172.0,34.0,31.443287527169304,49.0,0.9248025743285089,-0.38044736628785164,15.97
1.0,0.0,0.0,0.0,628.2566666666671,12.0,160.0,79.0,72.53159441447048,44.0,0.9181214482844364,-0.39629913726891813,13.35
1.0,0.0,0.0,0.0,586.0733333333338,6.0,154.0,86.0,77.09523821298795,43.0,0.8964562582905575,-0.44313223418263453,12.15
1.0,0.0,0.0,0.0,646.3700000000005,0.0,155.0,69.0,61.320372300221116,46.0,0.8887010478292915,-0.45848712914008766,11.9
1.0,0.0,0.0,0.0,1334.9400000000005,12.0,145.0,81.0,71.33531137084195,45.0,0.8806828564301475,-0.47370635037968,15.14
1.0,0.0,0.0,0.0,1237.8966666666672,0.0,151.0,41.0,35.76856632900341,41.0,0.8724040568049612,-0.48878539428899265,15.15
1.0,0.0,0.0,0.0,1335.6466666666672,45.0,123.0,74.0,63.926165309996385,42.0,0.8638670987837349,-0.503719798736334,18.12
1.0,0.0,0.0,0.0,1992.3100000000006,20.0,135.0,88.0,75.24655675589301,49.0,0.8550745085896932,-0.518505144391157,14.92
1.0,0.0,0.0,0.0,2161.2866666666673,19.0,125.0,78.0,65.26516729469039,44.0,0.8367329140344921,-0.5476112038402312,17.65
1.0,0.0,0.0,0.0,3274.8966666666674,14.0,129.0,73.0,59.670271673219084,53.0,0.8174009818249189,-0.5760691233798758,15.59
1.0,0.0,0.0,0.0,1744.863333333334,28.0,183.0,26.0,20.99163935186108,47.0,0.8073707443023492,-0.5900444739548627,8.58
1.0,0.0,0.0,0.0,1670.1800000000005,0.0,189.0,75.0,59.78261945903957,39.0,0.7971015927871943,-0.6038452208771035,14.67
1.0,0.0,0.0,0.0,383.5600000000006,3.0,282.0,76.0,58.965266733330694,41.0,0.7758587728069828,-0.6309066211876704,7.0
1.0,0.0,0.0,0.0,618.3566666666674,11.0,275.0,68.0,52.01261454952033,46.0,0.7648913904341225,-0.6441592666722685,18.69
1.0,0.0,0.0,0.0,766.423333333334,2.0,277.0,93.0,70.093882788541,48.0,0.753697664392914,-0.6572212950663319,17.63
1.0,0.0,0.0,0.0,911.6700000000006,0.0,280.0,62.0,46.021416239392885,44.0,0.742280907086982,-0.6700888411055113,18.77
1.0,0.0,0.0,0.0,745.7133333333339,0.0,282.0,26.0,18.996756919880784,44.0,0.7306444969184916,-0.6827580970759147,20.77
1.0,0.0,0.0,0.0,626.7800000000005,1.0,311.0,109.0,77.03319455796012,43.0,0.7067265555776158,-0.7074868024503348,10.87
1.0,0.0,0.0,0.0,1889.4200000000008,2.0,345.0,81.0,56.250620270818985,44.0,0.6944521021088763,-0.719538934232584,15.7
1.0,0.0,0.0,0.0,2002.7733333333342,6.0,375.0,79.0,53.875799778146565,44.0,0.6819721490904629,-0.7313781428679254,13.72
1.0,0.0,0.0,0.0,1947.5566666666673,17.0,388.0,64.0,42.01027687666804,42.0,0.6564105761979381,-0.7544038410927472,14.36
1.0,0.0,0.0,0.0,607.433333333334,32.0,395.0,45.0,28.950143418202128,44.0,0.6433365204044917,-0.765583517007675,18.18
1.0,0.0,0.0,0.0,649.7533333333339,9.0,393.0,80.0,50.405767278749494,44.0,0.6300720909843687,-0.7765366444428655,15.66
1.0,0.0,0.0,0.0,847.2700000000006,18.0,380.0,85.0,51.25396870090507,47.0,0.6029878670694714,-0.7977503570459932,20.66
1.0,0.0,0.0,0.0,1028.853333333334,82.0,298.0,79.0,46.54491089135141,48.0,0.5891760872322963,-0.8080046647350754,19.82
1.0,0.0,0.0,0.0,1111.0066666666673,6.0,306.0,79.0,44.32165647204105,48.0,0.5610336262283677,-0.8277930117131022,20.01
1.0,0.0,0.0,0.0,1137.0200000000007,96.0,216.0,48.0,26.242141097692507,40.0,0.5467112728685939,-0.8373211953118121,15.77
1.0,0.0,0.0,0.0,1174.3066666666673,4.0,266.0,66.0,35.12699116393102,44.0,0.5322271388474397,-0.8466016020976267,16.5
1.0,0.0,0.0,0.0,1192.5300000000004,4.0,262.0,95.0,49.170623474052945,47.0,0.5175855102531889,-0.8556314858488706,17.49
1.0,0.0,0.0,0.0,1035.8566666666673,3.0,277.0,68.0,34.18976894499269,46.0,0.5027907197793043,-0.8644081744776648,17.68
1.0,0.0,0.0,0.0,842.3000000000006,2.0,281.0,68.0,32.14762623146687,43.0,0.47275920928627757,-0.881191653407483,14.28
1.0,0.0,0.0,0.0,728.0700000000006,30.0,266.0,90.0,41.17782384668261,43.0,0.4575313760742512,-0.8891934772070711,13.42
1.0,0.0,0.0,0.0,572.3800000000006,36.0,262.0,48.0,21.22407129441946,42.0,0.44216815196707204,-0.8969321743510065,10.88
1.0,0.0,0.0,0.0,545.1100000000006,36.0,256.0,68.0,29.013837656914877,44.0,0.42667408318992467,-0.9044054548343001,12.18
1.0,0.0,0.0,0.0,560.5333333333339,30.0,241.0,79.0,32.47324662027577,49.0,0.4110537546870351,-0.9116111071930239,15.25
1.0,0.0,0.0,0.0,853.3000000000005,39.0,212.0,96.0,37.949931721431845,44.0,0.3953117887649151,-0.9185469991587165,19.16
1.0,0.0,0.0,0.0,925.3433333333338,7.0,218.0,69.0,25.080231261320538,44.0,0.36348161248290634,-0.9316013725767187,16.51
1.0,0.0,0.0,0.0,873.8566666666671,5.0,219.0,71.0,24.665600304083696,39.0,0.3474028211842774,-0.9377159910299093,15.37
1.0,0.0,0.0,0.0,858.3333333333339,0.0,253.0,42.0,13.911291567670833,44.0,0.3312212278016865,-0.9435531242349544,12.48
1.0,0.0,0.0,0.0,1000.543333333334,14.0,239.0,77.0,22.989798937006455,45.0,0.2985688173637202,-0.9543881083175908,15.08
1.0,0.0,0.0,0.0,939.8133333333338,6.0,263.0,59.0,16.644352098233245,46.0,0.2821076626819194,-0.9593827529490743,12.46
1.0,0.0,0.0,0.0,1109.473333333334,54.0,210.0,79.0,20.97947919652042,47.0,0.26556302780405594,-0.9640935007889755,16.1
1.0,0.0,0.0,0.0,1015.613333333334,0.0,217.0,95.0,22.063077780861665,46.0,0.23224292400907015,-0.9726578145718654,14.11
1.0,0.0,0.0,0.0,1023.4800000000008,18.0,215.0,38.0,8.188137971775745,50.0,0.21547731504673012,-0.976508846196619,19.68
1.0,0.0,0.0,0.0,751.7866666666673,6.0,241.0,95.0,14.043577679700395,40.0,0.14782713347053048,-0.9890132145779883,14.35
1.0,0.0,0.0,0.0,826.6500000000007,15.0,259.0,75.0,5.960797494271573,46.0,0.07947729992362097,-0.9968366760893436,13.69
1.0,0.0,0.0,0.0,912.103333333334,32.0,250.0,77.0,4.798515210283031,45.0,0.062318379354325076,-0.998056320853012,15.01
1.0,0.0,0.0,0.0,1086.0000000000007,30.0,226.0,86.0,3.8821275285615857,45.0,0.04514101777397193,-0.9989806246941579,17.37
1.0,0.0,0.0,0.0,815.703333333334,15.0,273.0,76.0,2.124222666255984,43.0,0.02795029824021032,-0.999609314096404,6.32
1.0,0.0,0.0,0.0,823.2366666666672,10.0,263.0,100.0,1.075130776352193,45.0,0.01075130776352193,-0.9999422030204416,11.99
1.0,0.0,0.0,0.0,548.253333333334,13.0,265.0,77.0,-3.1450181488338007,44.0,-0.04084439154329611,-0.9991655196610109,10.71
1.0,0.0,0.0,0.0,651.3333333333339,6.0,259.0,59.0,-3.4235085903980407,47.0,-0.05802556932878035,-0.9983150972033183,15.31
1.0,0.0,0.0,0.0,560.3533333333339,34.0,225.0,68.0,-5.112891196203582,46.0,-0.07518957641475855,-0.9971692572470178,11.29
1.0,0.0,0.0,0.0,580.6966666666673,0.0,225.0,81.0,-7.478838029326688,49.0,-0.09233133369539122,-0.9957283388645872,10.99
1.0,0.0,0.0,0.0,1602.2300000000007,30.0,195.0,78.0,-8.536769954615414,47.0,-0.10944576864891556,-0.993992768446958,14.0
1.0,0.0,0.0,0.0,1639.7766666666673,1.0,201.0,72.0,-9.110002812385186,46.0,-0.12652781683868314,-0.9919630595773397,12.89
1.0,0.0,0.0,0.0,1513.5100000000004,7.0,280.0,77.0,-12.36423993381452,49.0,-0.16057454459499376,-0.9870237158387383,4.44
1.0,0.0,0.0,0.0,919.7800000000007,16.0,276.0,69.0,-12.249511293905412,45.0,-0.17752914918703497,-0.984115542601034,12.07
1.0,0.0,0.0,0.0,1168.6733333333339,32.0,244.0,73.0,-15.423130157499088,51.0,-0.2112757555821793,-0.9774264960104055,13.48
1.0,0.0,0.0,0.0,1293.1700000000008,33.0,211.0,69.0,-15.735986214284866,46.0,-0.2280577712215198,-0.9736476020539838,13.07
1.0,0.0,0.0,0.0,858.3400000000006,23.0,203.0,77.0,-18.847467169088986,49.0,-0.24477230089725957,-0.9695805901076308,11.32
1.0,0.0,0.0,0.0,486.22000000000065,6.0,197.0,26.0,-6.796774361290062,45.0,-0.2614143985111562,-0.965226663665613,15.23
1.0,0.0,0.0,0.0,496.273333333334,62.0,135.0,80.0,-22.238331151902408,47.0,-0.2779791393987801,-0.9605871111248129,11.75
1.0,0.0,0.0,0.0,486.53000000000065,0.0,142.0,72.0,-21.201236768649686,43.0,-0.2944616217868012,-0.9556633054034704,12.14
1.0,0.0,0.0,0.0,1520.8600000000006,15.0,134.0,73.0,-22.692558681775765,43.0,-0.3108569682435036,-0.9504567035349151,12.59
1.0,0.0,0.0,0.0,2723.686666666667,0.0,134.0,89.0,-29.117269113866463,46.0,-0.3271603271220951,-0.9449688462364056,11.17
1.0,0.0,0.0,0.0,2697.4900000000007,0.0,149.0,68.0,-23.348947431754386,43.0,-0.34336687399638804,-0.939201357453208,11.24
1.0,0.0,0.0,0.0,1858.6066666666673,0.0,149.0,86.0,-33.65677394424823,51.0,-0.3913578365610259,-0.9202385798054075,14.08
1.0,0.0,0.0,0.0,2068.4933333333342,0.0,152.0,98.0,-39.898689564716655,45.0,-0.4071294853542516,-0.9133704517637858,14.48
1.0,0.0,0.0,0.0,2150.673333333334,7.0,148.0,79.0,-33.3996719806315,46.0,-0.4227806579826773,-0.9062320427107697,13.62
1.0,0.0,0.0,0.0,2056.023333333334,86.0,78.0,70.0,-30.681470610876346,47.0,-0.4383067230125192,-0.898825465016444,11.76
1.0,0.0,0.0,0.0,687.1066666666671,12.0,80.0,87.0,-39.47216848472695,52.0,-0.45370308603134424,-0.8911529104063088,12.67
1.0,0.0,0.0,0.0,524.0666666666673,0.0,80.0,31.0,-15.006744170808252,49.0,-0.48408852163897587,-0.8750190302029955,11.26
1.0,0.0,0.0,0.0,469.2900000000006,0.0,101.0,78.0,-38.92735100970549,42.0,-0.4990686026885319,-0.8665624788845385,8.13
1.0,0.0,0.0,0.0,392.01333333333395,15.0,98.0,86.0,-44.19548611260068,44.0,-0.5139010013093103,-0.8578494977869301,9.63
1.0,0.0,0.0,0.0,448.12000000000063,0.0,125.0,88.0,-46.515156895321766,42.0,-0.5285813283559292,-0.8488826652214553,7.3
1.0,0.0,0.0,0.0,470.4566666666672,0.0,146.0,77.0,-41.819103455624244,48.0,-0.5431052396834317,-0.8396646346181327,8.97
1.0,0.0,0.0,0.0,417.0200000000006,7.0,172.0,62.0,-34.56304312083293,40.0,-0.5574684374327892,-0.8301981337405212,9.65
1.0,0.0,0.0,0.0,544.4266666666673,7.0,165.0,88.0,-52.760531253729106,49.0,-0.5995514915196489,-0.8003361849976323,12.88
1.0,0.0,0.0,0.0,629.4800000000006,0.0,190.0,76.0,-46.605466798781016,43.0,-0.6132298262997502,-0.7899045386224707,7.99
1.0,0.0,0.0,0.0,686.3966666666673,15.0,189.0,71.0,-44.49759545209144,45.0,-0.6267266965083301,-0.7792391467859886,11.62
1.0,0.0,0.0,0.0,1407.7800000000007,0.0,225.0,80.0,-51.20304865634802,51.0,-0.6400381082043503,-0.7683431655492202,9.38
1.0,0.0,0.0,0.0,1317.0700000000006,3.0,248.0,73.0,-47.68068892986589,46.0,-0.65316012232693,-0.7572198192083127,9.33
1.0,0.0,0.0,0.0,1295.613333333334,3.0,248.0,69.0,-45.96013105440741,45.0,-0.666088855860977,-0.7458723993404063,10.46
1.0,0.0,0.0,0.0,1122.4000000000008,16.0,262.0,43.0,-29.18928076840813,40.0,-0.6788204829862355,-0.734304263829602,10.4
1.0,0.0,0.0,0.0,1178.833333333334,14.0,260.0,80.0,-55.30809889675257,42.0,-0.6913512362094071,-0.722518835873311,12.47
1.0,0.0,0.0,0.0,1157.643333333334,0.0,283.0,75.0,-52.77580556092595,40.0,-0.7036774074790128,-0.7105196029692745,8.75
1.0,0.0,0.0,0.0,556.2333333333339,21.0,271.0,76.0,-55.3053121552082,44.0,-0.7277014757264236,-0.6858939875998223,12.72
1.0,0.0,0.0,0.0,551.9200000000006,12.0,259.0,81.0,-60.820004525314864,48.0,-0.7508642533989489,-0.6604565640279754,11.25
1.0,0.0,0.0,0.0,607.1500000000007,27.0,234.0,85.0,-65.71675767350122,49.0,-0.7731383255706026,-0.6342374393978054,10.0
1.0,0.0,0.0,0.0,1086.843333333334,21.0,213.0,86.0,-67.41830823473113,51.0,-0.7839338166829201,-0.620844401650647,13.09
1.0,0.0,0.0,0.0,1090.0366666666673,33.0,192.0,85.0,-67.53227297916094,48.0,-0.7944973291665992,-0.6072676460566135,10.65
1.0,0.0,0.0,0.0,1045.0566666666673,0.0,230.0,80.0,-64.38605896866761,50.0,-0.8048257371083452,-0.593511190196115,8.16
1.0,0.0,0.0,0.0,547.0566666666673,25.0,217.0,70.0,-57.04411889162554,40.0,-0.8149159841660791,-0.5795791048257612,13.33
1.0,0.0,0.0,0.0,523.9500000000006,14.0,203.0,63.0,-51.960200321821766,46.0,-0.8247650844733614,-0.5654755126737576,12.84
1.0,0.0,0.0,0.0,554.0300000000007,36.0,185.0,79.0,-66.65453246331242,44.0,-0.8437282590292712,-0.5367705514607103,10.47
1.0,0.0,0.0,0.0,607.0200000000006,26.0,163.0,97.0,-83.58420319107667,49.0,-0.8616928164028522,-0.5074302810827518,10.78
1.0,0.0,0.0,0.0,657.953333333334,3.0,179.0,100.0,-87.02939222685674,44.0,-0.8702939222685674,-0.49253272872205434,10.67
1.0,0.0,0.0,0.0,834.3366666666672,30.0,154.0,69.0,-60.62598709710901,42.0,-0.8786374941610001,-0.4774894280028391,13.88
1.0,0.0,0.0,0.0,854.313333333334,12.0,144.0,81.0,-73.06999481584488,51.0,-0.9020987014301837,-0.43152975897147144,13.96
1.0,0.0,0.0,0.0,882.403333333334,23.0,126.0,80.0,-73.31269093554766,49.0,-0.9164086366943458,-0.4002439388573056,14.19
1.0,0.0,0.0,0.0,722.6700000000006,9.0,129.0,81.0,-75.30034848942982,42.0,-0.9296339319682695,-0.3684843993077793,11.6
1.0,0.0,0.0,0.0,648.0133333333339,0.0,129.0,70.0,-65.50844281344959,48.0,-0.9358348973349941,-0.35243871088460327,11.87
1.0,0.0,0.0,0.0,433.38333333333395,2.0,193.0,42.0,-39.55387523217739,47.0,-0.9417589340994617,-0.33628873017668287,5.02
1.0,0.0,0.0,0.0,419.52333333333394,0.0,212.0,78.0,-73.897534561023,41.0,-0.9474042892438845,-0.32003923622313857,10.94
1.0,0.0,0.0,0.0,390.83333333333394,12.0,228.0,86.0,-82.37530256677935,41.0,-0.9578523554276669,-0.28726097055059635,9.14
1.0,0.0,0.0,0.0,751.4833333333339,38.0,234.0,66.0,-63.535030331265816,48.0,-0.9626519747161487,-0.2707418984477642,9.23
1.0,0.0,0.0,0.0,764.5100000000006,12.0,251.0,77.0,-74.4718381944253,44.0,-0.9671667297977312,-0.2541427094613622,11.69
1.0,0.0,0.0,0.0,726.943333333334,0.0,251.0,44.0,-42.914801075378485,47.0,-0.9753363880767837,-0.2207236509605022,12.61
1.0,0.0,0.0,0.0,501.6733333333339,18.0,238.0,77.0,-75.64107788521312,47.0,-0.9823516608469237,-0.18704334906991657,10.49
1.0,0.0,0.0,0.0,458.5400000000006,4.0,284.0,67.0,-66.02339153756081,48.0,-0.9854237542919524,-0.17011767832049052,10.15
1.0,0.0,0.0,0.0,592.1666666666673,19.0,265.0,80.0,-79.43097708285569,44.0,-0.9928872135356962,-0.11905873003404988,14.69
1.0,0.0,0.0,0.0,609.703333333334,5.0,263.0,74.0,-73.73323176258552,42.0,-0.9963950238187231,-0.08483487790576538,12.34
1.0,0.0,0.0,0.0,702.9466666666673,2.0,263.0,80.0,-79.89788192643178,42.0,-0.9987235240803972,-0.050510617185222886,14.47
1.0,0.0,0.0,0.0,674.4800000000006,5.0,286.0,78.0,-77.99995491792602,46.0,-0.9999994220246925,0.001075151282798226,13.21
1.0,0.0,0.0,0.0,743.6766666666673,12.0,291.0,33.0,-32.99448800241347,37.0,-0.999832969770105,0.018276557681691223,14.58
1.0,0.0,0.0,0.0,779.3666666666674,0.0,291.0,73.0,-72.95405751234178,45.0,-0.9993706508539969,0.03547255575312556,17.75
1.0,0.0,0.0,0.0,730.3333333333339,66.0,252.0,72.0,-71.72714157856774,46.0,-0.9962102997023297,0.0869772313136861,11.51
1.0,0.0,0.0,0.0,702.2600000000007,19.0,249.0,70.0,-69.61967298794436,45.0,-0.9945667569706337,0.1041007489354256,15.61
1.0,0.0,0.0,0.0,1654.5400000000006,28.0,237.0,88.0,-87.35134372223683,49.0,-0.9926289059345095,0.121193461470736,16.4
1.0,0.0,0.0,0.0,1776.833333333334,44.0,193.0,49.0,-48.529468681727536,49.0,-0.9903973200352558,0.1382503109109819,14.1
1.0,0.0,0.0,0.0,1902.4400000000005,29.0,173.0,92.0,-90.88428468642394,49.0,-0.9878726596350429,0.15526624985999563,17.55
1.0,0.0,0.0,0.0,940.7100000000006,0.0,189.0,93.0,-91.32108868735808,48.0,-0.981947190186646,0.18915526872004093,13.06
1.0,0.0,0.0,0.0,1920.293333333334,5.0,214.0,74.0,-72.41256195893503,42.0,-0.9785481345802031,0.20601832032517084,12.68
1.0,0.0,0.0,0.0,1791.1000000000006,50.0,185.0,83.0,-80.91333939950523,41.0,-0.9748595108374125,0.22282040779479959,13.7
1.0,0.0,0.0,0.0,1611.5200000000007,0.0,246.0,67.0,-65.0491215022527,41.0,-0.9708824104813836,0.23955655912092708,6.52
1.0,0.0,0.0,0.0,401.9100000000006,3.0,275.0,27.0,-26.098686280802625,50.0,-0.9666180104000972,0.2562218218071163,11.63
1.0,0.0,0.0,0.0,335.55333333333397,2.0,299.0,77.0,-74.07920308235718,44.0,-0.9620675724981452,0.27281126433401914,10.22
1.0,0.0,0.0,0.0,557.193333333334,28.0,274.0,74.0,-70.83520080592508,53.0,-0.957232443323312,0.28931997761869527,17.77
1.0,0.0,0.0,0.0,861.4000000000007,17.0,268.0,90.0,-84.69302712706077,47.0,-0.9410336347451197,0.3383130181923076,12.79
1.0,0.0,0.0,0.0,1081.363333333334,0.0,273.0,93.0,-86.96196424469484,51.0,-0.9350748843515574,0.3544502230989869,17.49
1.0,0.0,0.0,0.0,946.9400000000006,27.0,261.0,55.0,-51.086168664069376,43.0,-0.9288394302558068,0.3704825404820963,15.25
1.0,0.0,0.0,0.0,1404.133333333334,16.0,248.0,73.0,-66.3198943607931,47.0,-0.9084917035725082,0.41790288888678667,17.12
1.0,0.0,0.0,0.0,1466.9700000000005,16.0,234.0,88.0,-79.3028453233418,45.0,-0.9011686968561569,0.4334685453485363,12.33
1.0,0.0,0.0,0.0,1503.8866666666672,0.0,279.0,78.0,-69.08654363391797,46.0,-0.8857249183835637,0.4642104791518923,12.49
1.0,0.0,0.0,0.0,1107.9266666666672,9.0,270.0,72.0,-62.584762784938505,45.0,-0.8692328164574792,0.49440298420761813,15.67
1.0,0.0,0.0,0.0,860.7466666666672,16.0,263.0,59.0,-50.77538207875697,45.0,-0.8605996962501181,0.5092820071573356,15.64
1.0,0.0,0.0,0.0,856.5633333333338,30.0,255.0,83.0,-69.1541839029018,46.0,-0.8331829385891785,0.5529974600700271,11.42
1.0,0.0,0.0,0.0,587.8833333333339,21.0,266.0,68.0,-56.00121197698085,43.0,-0.8235472349556007,0.5672476988027229,11.72
1.0,0.0,0.0,0.0,519.1800000000006,61.0,250.0,44.0,-35.80138453960636,51.0,-0.8136678304455991,0.5813300798152042,13.39
1.0,0.0,0.0,0.0,502.4333333333339,32.0,257.0,68.0,-54.641240100305986,45.0,-0.8035476485339116,0.5952404359043674,13.13
1.0,0.0,0.0,0.0,540.5166666666673,26.0,274.0,97.0,-76.93939934268288,41.0,-0.7931896839451843,0.6089746507720486,10.22
1.0,0.0,0.0,0.0,694.9533333333338,3.0,274.0,95.0,-74.34671516793942,49.0,-0.7825970017677834,0.6225286602431057,13.36
1.0,0.0,0.0,0.0,687.0900000000006,11.0,294.0,80.0,-61.741818923742684,42.0,-0.7717727365467836,0.6358984534680745,11.14
1.0,0.0,0.0,0.0,663.703333333334,5.0,299.0,57.0,-43.36104520731539,50.0,-0.7607200913564104,0.6490800741100398,14.19
1.0,0.0,0.0,0.0,687.1666666666673,15.0,359.0,71.0,-53.21040591650588,50.0,-0.7494423368521954,0.6620696215153815,5.63
1.0,0.0,0.0,0.0,780.633333333334,3.0,358.0,75.0,-54.466868595311574,48.0,-0.7262249146041543,0.6874571793269664,16.63
1.0,0.0,0.0,0.0,688.0466666666672,2.0,434.0,80.0,-57.14336938152826,46.0,-0.7142921172691032,0.699847677146407,5.28
1.0,0.0,0.0,0.0,781.963333333334,45.0,389.0,71.0,-49.85250440773355,48.0,-0.7021479494046978,0.7120310787787131,16.2
1.0,0.0,0.0,0.0,1294.3966666666672,0.0,396.0,66.0,-45.52653630792885,45.0,-0.6897960046655887,0.7240037789593305,15.55
1.0,0.0,0.0,0.0,1585.9400000000005,9.0,404.0,69.0,-46.72955573517549,45.0,-0.6772399381909491,0.7357622347736527,15.01
1.0,0.0,0.0,0.0,1321.3866666666675,22.0,409.0,70.0,-46.513842586599864,43.0,-0.6644834655228552,0.7473029667054296,9.61
1.0,0.0,0.0,0.0,762.516666666667,32.0,379.0,61.0,-38.1280285652367,48.0,-0.6250496486104377,0.7805849965070866,16.69
1.0,0.0,0.0,0.0,501.3900000000005,45.0,433.0,68.0,-41.58403155433916,50.0,-0.6115298757991053,0.7912213413483807,7.78
1.0,0.0,0.0,0.0,549.1333333333338,39.0,401.0,65.0,-37.956847490750484,47.0,-0.5839514998576998,0.8117885474764613,13.06
1.0,0.0,0.0,0.0,1062.6100000000004,43.0,361.0,73.0,-41.602777205731655,44.0,-0.5699010576127624,0.8217133225960589,17.38
1.0,0.0,0.0,0.0,1199.5233333333338,3.0,358.0,86.0,-46.551666880911085,51.0,-0.5412984521036173,0.8408305333122887,13.02
1.0,0.0,0.0,0.0,1283.7233333333336,31.0,338.0,70.0,-36.87283269673879,46.0,-0.5267547528105542,0.8500173118187018,17.83
1.0,0.0,0.0,0.0,1980.7266666666667,10.0,354.0,91.0,-46.59702122634328,48.0,-0.5120551783114646,0.8589525565270845,9.71
1.0,0.0,0.0,0.0,1911.6100000000006,75.0,303.0,83.0,-41.267938511095835,47.0,-0.4972040784469378,0.8676336233547726,10.19
1.0,0.0,0.0,0.0,1789.333333333334,2.0,331.0,77.0,-37.12985028801915,44.0,-0.4822058478963526,0.8760579434344281,9.18
1.0,0.0,0.0,0.0,374.8500000000006,78.0,340.0,25.0,-11.294644745822099,39.0,-0.451785789832884,0.8921264484954345,5.88
1.0,0.0,0.0,0.0,392.7133333333339,0.0,352.0,72.0,-31.418853415530656,43.0,-0.4363729641045924,0.8997658785476209,13.56
1.0,0.0,0.0,0.0,593.783333333334,7.0,347.0,77.0,-32.403987661865486,51.0,-0.42083100859565564,0.9071390534005044,11.81
1.0,0.0,0.0,0.0,742.293333333334,17.0,343.0,73.0,-29.57701013671521,40.0,-0.4051645224207563,0.9142437912130223,11.56
1.0,0.0,0.0,0.0,890.3900000000007,27.0,316.0,112.0,-41.829372190263925,53.0,-0.37347653741307074,0.9276396261490467,13.35
1.0,0.0,0.0,0.0,867.2900000000005,2.0,326.0,27.0,-9.216355884615975,48.0,-0.34134651424503615,0.9399375283564133,13.33
1.0,0.0,0.0,0.0,945.183333333334,99.0,237.0,86.0,-26.557873388897825,40.0,-0.30881248126625377,0.9511229423235357,14.09
1.0,0.0,0.0,0.0,740.3400000000006,7.0,254.0,63.0,-18.421576547917873,43.0,-0.29240597695107734,0.9562942772197719,11.27
1.0,0.0,0.0,0.0,637.1266666666673,3.0,267.0,82.0,-22.624861490242754,43.0,-0.27591294500296043,0.9611826292540837,13.1
1.0,0.0,0.0,0.0,617.063333333334,0.0,319.0,104.0,-26.971179661442182,45.0,-0.2593382659754056,0.9657865518844574,10.11
1.0,0.0,0.0,0.0,554.7066666666673,11.0,438.0,78.0,-16.3155334404158,44.0,-0.20917350564635637,0.9778785428342386,5.4
1.0,0.0,0.0,0.0,555.3566666666671,26.0,417.0,80.0,-14.033007504342274,49.0,-0.17541259380427843,0.9844950085880858,12.49
1.0,0.0,0.0,0.0,573.1066666666673,24.0,449.0,74.0,-11.725431347101887,42.0,-0.15845177496083632,0.9873667175937016,9.53
1.0,0.0,0.0,0.0,664.3166666666673,30.0,420.0,59.0,-8.34519999358858,48.0,-0.14144406768794202,0.9899462489023779,13.29
1.0,0.0,0.0,0.0,552.0200000000007,87.0,362.0,69.0,-5.040117986562272,47.0,-0.07304518821104743,0.9973286321364752,7.62
1.0,0.0,0.0,0.0,524.1000000000006,12.0,350.0,77.0,-2.9795758435925705,51.0,-0.03869579017652689,0.9992510374388481,12.51
1.0,0.0,0.0,0.0,511.8600000000006,2.0,377.0,80.0,-1.7201098192651034,45.0,-0.021501372740813793,0.999768818762748,9.55
1.0,0.0,0.0,0.0,542.0100000000006,13.0,408.0,72.0,-0.3096426746147021,47.0,-0.004300592702981974,0.9999907524084426,9.18
1.0,0.0,0.0,0.0,791.9000000000005,0.0,409.0,61.0,2.098281697430089,49.0,0.03439806061360801,0.9994082116062598,18.64
1.0,0.0,0.0,0.0,927.1400000000007,12.0,415.0,85.0,4.384671183899711,43.0,0.051584366869408364,0.9986686402879997,16.86
1.0,0.0,0.0,0.0,1302.3366666666673,10.0,405.0,70.0,4.812878593679759,49.0,0.06875540848113941,0.9976335468520451,14.77
1.0,0.0,0.0,0.0,1462.753333333334,24.0,395.0,77.0,6.614770028122619,44.0,0.08590610426133272,0.9963032375991965,20.22
1.0,0.0,0.0,0.0,1303.093333333334,16.0,389.0,42.0,5.761786970377224,46.0,0.13718540405660057,0.9905453876091833,15.55
1.0,0.0,0.0,0.0,1040.3466666666673,52.0,338.0,78.0,12.027915709889774,48.0,0.1542040475626894,0.988039023376751,14.6
1.0,0.0,0.0,0.0,690.8166666666672,130.0,228.0,90.0,15.405935364917987,44.0,0.17117705961019986,0.985240282501282,14.72
1.0,0.0,0.0,0.0,884.5566666666673,5.0,223.0,89.0,18.241984143285084,49.0,0.20496611396949532,0.9787690698649216,16.25
1.0,0.0,0.0,0.0,865.0500000000006,56.0,167.0,63.0,13.971645926058358,49.0,0.22177215755648186,0.975098513039961,16.37
1.0,0.0,0.0,0.0,1497.143333333334,1.0,169.0,82.0,19.558031165914272,46.0,0.23851257519407648,0.9711394088771653,20.23
1.0,0.0,0.0,0.0,1441.6700000000008,29.0,146.0,84.0,25.596415581169722,47.0,0.3047192331091634,0.9524422234305676,14.92
1.0,0.0,0.0,0.0,1554.283333333334,0.0,189.0,70.0,22.47403579296897,47.0,0.321057654185271,0.9470596510722283,10.27
1.0,0.0,0.0,0.0,1009.6366666666672,29.0,160.0,84.0,28.33328980743947,47.0,0.3373010691361842,0.9413968285264122,19.96
1.0,0.0,0.0,0.0,972.543333333334,44.0,125.0,68.0,24.034237646637962,45.0,0.3534446712740877,0.9354554315134164,16.62
1.0,0.0,0.0,0.0,736.6100000000006,1.0,134.0,35.0,12.931928920658407,43.0,0.3694836834473831,0.9292372181882051,15.34
1.0,0.0,0.0,0.0,675.3366666666673,18.0,117.0,71.0,30.707457551512494,52.0,0.4324994021339788,0.901634220265486,18.77
1.0,0.0,0.0,0.0,778.0333333333339,0.0,143.0,107.0,47.93010851664435,50.0,0.44794493940789115,0.8940611451454876,14.12
1.0,0.0,0.0,0.0,819.2800000000007,14.0,133.0,33.0,15.78831606840514,53.0,0.4784338202547012,0.8781236129591848,20.15
1.0,0.0,0.0,0.0,758.8033333333339,10.0,123.0,79.0,42.47651276250851,42.0,0.5376773767406141,0.8431506618282,14.54
1.0,0.0,0.0,0.0,607.953333333334,1.0,122.0,66.0,36.438688621230774,45.0,0.5521013427459208,0.8337770129585915,13.55
1.0,0.0,0.0,0.0,656.7533333333339,20.0,117.0,74.0,41.91078304802748,41.0,0.5663619330814524,0.8241566360566663,13.45
1.0,0.0,0.0,0.0,802.3600000000006,0.0,124.0,30.0,17.41364783427294,50.0,0.580454927809098,0.8142923779467267,16.27
1.0,0.0,0.0,0.0,839.7600000000007,0.0,124.0,66.0,39.22882633460888,45.0,0.5943761565849831,0.804187157621448,16.0
1.0,0.0,0.0,0.0,844.193333333334,3.0,121.0,71.0,43.17662649244147,49.0,0.6081214998935418,0.7938439653781019,13.25
1.0,0.0,0.0,0.0,843.793333333334,6.0,117.0,65.0,40.40964786732561,42.0,0.6216868902665479,0.7832658619336791,13.68
1.0,0.0,0.0,0.0,1152.123333333334,43.0,74.0,76.0,49.26789754295413,48.0,0.6482618097757122,0.7614175109532997,13.88
1.0,0.0,0.0,0.0,1261.8900000000006,0.0,74.0,86.0,56.86865884704493,48.0,0.6612634749656386,0.7501537286959042,16.37
1.0,0.0,0.0,0.0,1253.4633333333338,9.0,65.0,76.0,52.187374506231805,52.0,0.6866759803451553,0.726963615332308,10.99
1.0,0.0,0.0,0.0,1175.8166666666673,10.0,76.0,81.0,56.625423345810056,44.0,0.6990793005655562,0.7150441465537444,10.54
1.0,0.0,0.0,0.0,1049.4000000000005,1.0,83.0,64.0,46.28875042839928,49.0,0.7232617254437388,0.6905740195722293,13.55
1.0,0.0,0.0,0.0,874.7400000000007,26.0,57.0,59.0,43.366986773843536,50.0,0.7350336741329413,0.6780306024735382,15.61
1.0,0.0,0.0,0.0,631.2000000000006,4.0,53.0,70.0,52.261168017268915,45.0,0.746588114532413,0.6652865452111116,14.26
1.0,0.0,0.0,0.0,602.643333333334,0.0,53.0,44.0,33.34855160988327,49.0,0.7579216274973472,0.6523456189565257,16.45
1.0,0.0,0.0,0.0,1537.6500000000008,0.0,61.0,71.0,54.601191007383186,42.0,0.7690308592589181,0.6392116531380588,16.17
1.0,0.0,0.0,0.0,1717.053333333334,15.0,53.0,73.0,56.933614136420395,40.0,0.7799125224167177,0.6258885343075018,15.05
1.0,0.0,0.0,0.0,1802.6533333333343,7.0,46.0,91.0,71.94126911895088,44.0,0.7905633969115482,0.612380204990065,12.59
1.0,0.0,0.0,0.0,856.3700000000007,0.0,55.0,75.0,60.073524823371784,42.0,0.8009803309782905,0.5986906625177214,12.83
1.0,0.0,0.0,0.0,1922.9966666666671,0.0,55.0,80.0,64.89281936628497,43.0,0.8111602420785621,0.5848239578463322,14.2
1.0,0.0,0.0,0.0,1916.3200000000006,2.0,53.0,69.0,56.655908129089354,46.0,0.8211001178128892,0.5707841943569036,15.93
1.0,0.0,0.0,0.0,1880.613333333334,0.0,67.0,45.0,37.38586575654561,42.0,0.8307970168121247,0.5565755266413303,17.91
1.0,0.0,0.0,0.0,1337.563333333334,0.0,107.0,58.0,50.29171603231007,50.0,0.8670985522812081,0.4981366284784055,17.21
1.0,0.0,0.0,0.0,2702.4533333333343,0.0,107.0,74.0,64.78988547153864,47.0,0.8755389928586302,0.4831474640149687,20.95
1.0,0.0,0.0,0.0,2968.026666666667,21.0,86.0,92.0,81.30227195730379,47.0,0.8837203473619977,0.4680153284438345,21.1
1.0,0.0,0.0,0.0,2432.310000000001,8.0,81.0,72.0,64.74932579181782,49.0,0.8992961915530253,0.4373400963303323,17.26
1.0,0.0,0.0,0.0,1177.9500000000007,0.0,101.0,74.0,67.09476933523709,48.0,0.9066860720977985,0.4218060770826634,21.07
1.0,0.0,0.0,0.0,1070.4066666666672,0.0,101.0,90.0,82.24268846819953,49.0,0.9138076496466615,0.4061472386305789,15.98
1.0,0.0,0.0,0.0,1089.1666666666672,0.0,105.0,88.0,81.59690406717993,40.0,0.9272375462179537,0.374473674486883,21.86
1.0,0.0,0.0,0.0,1089.293333333334,8.0,142.0,68.0,63.48084859601864,45.0,0.9335418911179212,0.35846832151248087,15.59
1.0,0.0,0.0,0.0,1143.013333333334,7.0,135.0,71.0,67.50611644484341,51.0,0.9507903724625832,0.3098349038318025,22.44
1.0,0.0,0.0,0.0,1060.5666666666673,0.0,135.0,65.0,62.757965777931865,49.0,0.9655071658143364,0.2603764827344581,21.42
1.0,0.0,0.0,0.0,1037.8633333333341,9.0,143.0,76.0,73.70808296951435,45.0,0.969843196967294,0.24372971360968387,20.09
1.0,0.0,0.0,0.0,811.0633333333341,0.0,173.0,55.0,53.564072975324585,44.0,0.9738922359149924,0.22701082094141847,12.93
1.0,0.0,0.0,0.0,748.163333333334,0.0,173.0,72.0,70.39102208267981,46.0,0.9776530844816641,0.2102247521189836,16.17
1.0,0.0,0.0,0.0,770.8600000000006,14.0,159.0,91.0,89.28234130922579,47.0,0.981124629771712,0.19337647441020586,17.26
1.0,0.0,0.0,0.0,950.4933333333341,40.0,119.0,72.0,70.87002080393037,58.0,0.984305844499033,0.17647097349152166,18.47
1.0,0.0,0.0,0.0,1055.673333333334,0.0,125.0,89.0,87.86042506889976,46.0,0.9871957872910085,0.15951325197263655,18.61
1.0,0.0,0.0,0.0,986.7866666666673,0.0,134.0,71.0,70.27534581066209,40.0,0.9897936029670716,0.14250832791617088,19.73
1.0,0.0,0.0,0.0,1032.0266666666673,3.0,131.0,81.0,80.35998034613328,45.0,0.992098522791769,0.12546123335273648,21.2
1.0,0.0,0.0,0.0,827.8100000000007,20.0,128.0,56.0,55.76631387656333,49.0,0.9958270335100595,0.09126072172931188,12.55
1.0,0.0,0.0,0.0,918.9300000000007,0.0,128.0,100.0,99.72495210773451,47.0,0.9972495210773451,0.07411742515094437,16.94
1.0,0.0,0.0,0.0,2245.650000000001,4.0,135.0,85.0,84.86203704970707,45.0,0.998376906467142,0.056952196034039754,21.68
1.0,0.0,0.0,0.0,2358.106666666667,45.0,106.0,64.0,63.94936678835042,44.0,0.9992088560679753,0.03977011384605572,19.7
1.0,0.0,0.0,0.0,2213.593333333334,0.0,116.0,62.0,61.98419766893955,43.0,0.9997451236925734,0.022576263041545485,17.68
1.0,0.0,0.0,0.0,803.3666666666674,0.0,116.0,53.0,52.996293487198905,49.0,0.9999300657962057,-0.011826390691832589,23.79
1.0,0.0,0.0,0.0,888.5800000000005,17.0,111.0,71.0,70.9241374858249,43.0,0.9989315138848577,-0.046215046983708354,23.44
1.0,0.0,0.0,0.0,1094.8166666666673,30.0,99.0,77.0,76.84513315830108,43.0,0.9979887423155984,-0.06339140486951038,26.38
1.0,0.0,0.0,0.0,944.023333333334,0.0,162.0,79.0,78.74330133589004,45.0,0.9967506498213929,-0.08054900421874167,8.25
1.0,0.0,0.0,0.0,955.8100000000007,0.0,170.0,71.0,70.66044979693478,43.0,0.9952176027737294,-0.09768276782171598,24.77
1.0,0.0,0.0,0.0,1096.4566666666672,0.0,170.0,61.0,60.596793344379506,45.0,0.9933900548258936,-0.11478762552212701,25.39
1.0,0.0,0.0,0.0,1176.8900000000006,6.0,170.0,39.0,38.459703685322204,48.0,0.986146248341595,-0.16587819893463143,25.51
1.0,0.0,0.0,0.0,988.8200000000006,9.0,208.0,35.0,34.410144080275245,48.0,0.9831469737221499,-0.1828169249850199,23.57
1.0,0.0,0.0,0.0,882.9333333333338,0.0,208.0,42.0,41.15398434402639,50.0,0.9798567700958665,-0.1997015525660636,24.9
1.0,0.0,0.0,0.0,1096.4333333333338,17.0,191.0,44.0,42.95617088782501,45.0,0.9762766110869321,-0.21652708524481437,25.75
1.0,0.0,0.0,0.0,1135.4933333333338,0.0,240.0,50.0,48.62037780609984,50.0,0.9724075561219968,-0.23328854407545518,19.56
1.0,0.0,0.0,0.0,1078.2966666666673,11.0,229.0,49.0,46.99486561167154,51.0,0.9590788900341131,-0.28313898122818354,23.86
1.0,0.0,0.0,0.0,834.3033333333339,16.0,235.0,56.0,53.13122564063705,44.0,0.9487718864399473,-0.31596187665790293,15.7
1.0,0.0,0.0,0.0,1049.3733333333341,10.0,225.0,72.0,67.91014554887423,47.0,0.9431964659565866,-0.33223549871590435,26.47
1.0,0.0,0.0,0.0,861.5700000000006,0.0,253.0,76.0,71.23798732329267,47.0,0.9373419384643772,-0.3484108069446808,13.54
1.0,0.0,0.0,0.0,803.6566666666673,12.0,280.0,44.0,40.97324160213657,44.0,0.9312100364121947,-0.3644830148102912,14.43
1.0,0.0,0.0,0.0,835.6600000000007,18.0,266.0,85.0,78.04032310417709,43.0,0.9181214482844364,-0.39629913726891813,25.54
1.0,0.0,0.0,0.0,1064.8500000000006,63.0,203.0,104.0,94.01040406392971,48.0,0.9039461929224011,-0.42764620926777464,19.47
1.0,0.0,0.0,0.0,1168.5666666666673,8.0,204.0,44.0,38.75004568292649,42.0,0.8806828564301475,-0.47370635037968,25.68
1.0,0.0,0.0,0.0,1176.4766666666674,0.0,213.0,75.0,65.4303042603721,43.0,0.8724040568049612,-0.48878539428899265,29.89
1.0,0.0,0.0,0.0,1236.7700000000007,6.0,219.0,80.0,67.68231104733871,47.0,0.8460288880917339,-0.533137056031809,28.64
1.0,0.0,0.0,0.0,1431.673333333334,47.0,201.0,92.0,76.10141902665497,44.0,0.8271893372462497,-0.5619233046832195,21.95
1.0,0.0,0.0,0.0,1353.593333333334,0.0,213.0,30.0,24.522029454747567,43.0,0.8174009818249189,-0.5760691233798758,35.03
1.0,0.0,0.0,0.0,1341.783333333334,0.0,244.0,66.0,53.28646912395505,42.0,0.8073707443023492,-0.5900444739548627,18.41
1.0,0.0,0.0,0.0,1815.1466666666674,49.0,197.0,95.0,75.72465131478346,45.0,0.7971015927871943,-0.6038452208771035,30.58
1.0,0.0,0.0,0.0,1842.613333333334,0.0,212.0,75.0,58.18940796052371,44.0,0.7758587728069828,-0.6309066211876704,25.92
1.0,0.0,0.0,0.0,1753.2166666666672,22.0,230.0,85.0,65.01576818690042,39.0,0.7648913904341225,-0.6441592666722685,23.8
1.0,0.0,0.0,0.0,1345.0233333333338,0.0,230.0,45.0,33.40264081891419,47.0,0.742280907086982,-0.6700888411055113,34.87
1.0,0.0,0.0,0.0,1543.2100000000007,28.0,217.0,87.0,62.53489332409282,45.0,0.7187918772884232,-0.6952253139408722,33.46
1.0,0.0,0.0,0.0,1797.883333333334,39.0,228.0,103.0,72.79283522449443,44.0,0.7067265555776158,-0.7074868024503348,29.47
1.0,0.0,0.0,0.0,1999.3300000000006,4.0,224.0,78.0,54.16726396449235,48.0,0.6944521021088763,-0.719538934232584,31.27
1.0,0.0,0.0,0.0,3147.7466666666674,0.0,236.0,71.0,47.51961765742923,45.0,0.6692903895412567,-0.7430009249440493,32.25
1.0,0.0,0.0,0.0,2701.9500000000007,9.0,239.0,38.0,24.943601895521645,49.0,0.6564105761979381,-0.7544038410927472,26.16
1.0,0.0,0.0,0.0,2342.2466666666674,9.0,279.0,81.0,52.11025815276383,46.0,0.6433365204044917,-0.765583517007675,19.14
1.0,0.0,0.0,0.0,1179.5900000000004,12.0,273.0,90.0,56.706488188593184,42.0,0.6300720909843687,-0.7765366444428655,31.86
1.0,0.0,0.0,0.0,2731.773333333334,29.0,276.0,86.0,53.029424326224884,44.0,0.6166212130956382,-0.7872599821916922,28.8
1.0,0.0,0.0,0.0,3166.84,12.0,264.0,99.0,59.69579883987767,51.0,0.6029878670694714,-0.7977503570459932,33.6
1.0,0.0,0.0,0.0,2704.3733333333334,31.0,351.0,51.0,30.047980448847113,46.0,0.5891760872322963,-0.8080046647350754,13.29
1.0,0.0,0.0,0.0,1365.4733333333336,2.0,352.0,41.0,23.002378675363076,47.0,0.5610336262283677,-0.8277930117131022,32.46
1.0,0.0,0.0,0.0,1231.426666666667,15.0,337.0,95.0,50.561578190506765,50.0,0.5322271388474397,-0.8466016020976267,28.76
1.0,0.0,0.0,0.0,1283.9833333333336,40.0,411.0,91.0,45.75395549991669,42.0,0.5027907197793043,-0.8644081744776648,10.47
1.0,0.0,0.0,0.0,1258.696666666667,0.0,430.0,77.0,36.40245911504337,41.0,0.47275920928627757,-0.881191653407483,25.66
1.0,0.0,0.0,0.0,810.8100000000003,15.0,448.0,49.0,22.419037427638308,45.0,0.4575313760742512,-0.8891934772070711,18.29
1.0,0.0,0.0,0.0,1978.0933333333335,50.0,400.0,77.0,30.43900773489846,41.0,0.3953117887649151,-0.9185469991587165,26.6
1.0,0.0,0.0,0.0,2009.6133333333335,0.0,514.0,67.0,25.423340529544472,46.0,0.37945284372454435,-0.925211078289358,11.03
1.0,0.0,0.0,0.0,3363.0400000000004,12.0,502.0,69.0,25.080231261320538,45.0,0.36348161248290634,-0.9316013725767187,23.25
1.0,0.0,0.0,0.0,2491.516666666667,12.0,490.0,87.0,28.816246818746727,47.0,0.3312212278016865,-0.9435531242349544,25.41
1.0,0.0,0.0,0.0,2514.4533333333334,49.0,453.0,67.0,21.10108858883978,44.0,0.31494162072895193,-0.9491110448902284,32.09
1.0,0.0,0.0,0.0,2316.383333333333,6.0,465.0,77.0,21.722290026507793,46.0,0.2821076626819194,-0.9593827529490743,30.1
1.0,0.0,0.0,0.0,2181.1099999999997,32.0,477.0,63.0,15.683207938887294,47.0,0.24893980855376657,-0.9685189578512204,25.94
1.0,0.0,0.0,0.0,1959.8533333333332,0.0,485.0,40.0,9.289716960362806,46.0,0.23224292400907015,-0.9726578145718654,28.2
1.0,0.0,0.0,0.0,1099.7966666666666,118.0,398.0,75.0,16.16079862850476,45.0,0.21547731504673012,-0.976508846196619,21.4
1.0,0.0,0.0,0.0,2014.0566666666666,3.0,489.0,90.0,17.8783148592154,45.0,0.19864794288017112,-0.9800709131432666,10.42
1.0,0.0,0.0,0.0,3377.39,0.0,490.0,94.0,17.085420033589283,48.0,0.18175978759137534,-0.9833429613388902,30.44
1.0,0.0,0.0,0.0,3582.746666666666,114.0,376.0,105.0,17.305873899005782,44.0,0.16481784665719793,-0.9863240225317866,29.63
1.0,0.0,0.0,0.0,2748.9233333333336,19.0,385.0,99.0,14.634886213582517,46.0,0.14782713347053048,-0.9890132145779883,20.32
1.0,0.0,0.0,0.0,1697.7633333333333,33.0,357.0,63.0,8.239938578975831,46.0,0.13079267585675922,-0.9914097417023038,31.75
1.0,0.0,0.0,0.0,1165.0133333333333,2.0,355.0,30.0,3.4115854375784904,45.0,0.11371951458594969,-0.9935128947338007,24.37
1.0,0.0,0.0,0.0,1007.2766666666666,114.0,280.0,91.0,7.232434293049509,42.0,0.07947729992362097,-0.9968366760893436,14.79
1.0,0.0,0.0,0.0,909.5433333333334,0.0,280.0,79.0,4.923151968991681,47.0,0.062318379354325076,-0.998056320853012,26.03
1.0,0.0,0.0,0.0,1384.3033333333333,0.0,300.0,89.0,4.017550581883501,44.0,0.04514101777397193,-0.9989806246941579,24.55
1.0,0.0,0.0,0.0,1464.0500000000002,12.0,314.0,68.0,1.9006202803343017,43.0,0.02795029824021032,-0.999609314096404,24.75
1.0,0.0,0.0,0.0,1240.15,18.0,307.0,44.0,-0.2838380247166266,46.0,-0.00645086419810515,-0.9999791929590823,24.66
1.0,0.0,0.0,0.0,1507.8500000000001,44.0,288.0,61.0,-1.4427187619591268,42.0,-0.023651127245231586,-0.9997202729664083,15.57
1.0,0.0,0.0,0.0,1501.5600000000002,8.0,280.0,73.0,-2.9816405826606163,49.0,-0.04084439154329611,-0.9991655196610109,21.66
1.0,0.0,0.0,0.0,1616.3999999999999,31.0,259.0,80.0,-4.642045546302428,44.0,-0.05802556932878035,-0.9983150972033183,20.09
1.0,0.0,0.0,0.0,896.04,94.0,186.0,77.0,-5.7895973839364085,41.0,-0.07518957641475855,-0.9971692572470178,11.57
1.0,0.0,0.0,0.0,841.6866666666666,1.0,205.0,71.0,-6.555524692372776,39.0,-0.09233133369539122,-0.9957283388645872,20.72
1.0,0.0,0.0,0.0,781.6266666666667,0.0,217.0,64.0,-7.004529193530596,45.0,-0.10944576864891556,-0.993992768446958,20.84
1.0,0.0,0.0,0.0,2032.6266666666668,28.0,208.0,64.0,-9.188635098355924,46.0,-0.1435724234118113,-0.9896398128792412,24.02
1.0,0.0,0.0,0.0,2066.03,5.0,203.0,69.0,-13.415754183288675,48.0,-0.19443122004766195,-0.9809161537413774,21.26
1.0,0.0,0.0,0.0,2040.3233333333335,0.0,245.0,65.0,-14.823755129398787,45.0,-0.2280577712215198,-0.9736476020539838,18.58
1.0,0.0,0.0,0.0,867.4433333333333,39.0,258.0,75.0,-19.606079888336716,41.0,-0.2614143985111562,-0.965226663665613,16.92
1.0,0.0,0.0,0.0,858.02,0.0,268.0,80.0,-23.556929742944096,49.0,-0.2944616217868012,-0.9556633054034704,18.09
1.0,0.0,0.0,0.0,839.6333333333332,20.0,292.0,75.0,-23.31427261826277,42.0,-0.3108569682435036,-0.9504567035349151,15.59
1.0,0.0,0.0,0.0,1070.3166666666666,26.0,268.0,43.0,-15.457287962802196,49.0,-0.3594718130884232,-0.9331559438780432,21.74
1.0,0.0,0.0,0.0,1085.6866666666667,11.0,265.0,64.0,-25.046901539905658,46.0,-0.3913578365610259,-0.9202385798054075,24.95
1.0,0.0,0.0,0.0,944.0133333333332,25.0,319.0,72.0,-29.313322945506116,43.0,-0.4071294853542516,-0.9133704517637858,6.96
1.0,0.0,0.0,0.0,907.0033333333334,0.0,326.0,84.0,-35.51357527054489,51.0,-0.4227806579826773,-0.9062320427107697,23.26
1.0,0.0,0.0,0.0,1180.0766666666666,10.0,335.0,82.0,-37.203653054570225,42.0,-0.45370308603134424,-0.8911529104063088,24.28
1.0,0.0,0.0,0.0,1234.2733333333333,21.0,326.0,43.0,-20.16550321332817,41.0,-0.46896519100763184,-0.8832166493127127,17.93
1.0,0.0,0.0,0.0,1056.4966666666667,20.0,340.0,77.0,-37.27481616620114,46.0,-0.48408852163897587,-0.8750190302029955,16.55
1.0,0.0,0.0,0.0,837.8233333333334,12.0,344.0,96.0,-47.91058585809907,46.0,-0.4990686026885319,-0.8665624788845385,18.55
1.0,0.0,0.0,0.0,942.1366666666667,19.0,338.0,66.0,-33.91746608641448,47.0,-0.5139010013093103,-0.8578494977869301,18.2
1.0,0.0,0.0,0.0,953.3299999999999,0.0,338.0,60.0,-31.714879701355752,47.0,-0.5285813283559292,-0.8488826652214553,21.43
1.0,0.0,0.0,0.0,804.5433333333334,42.0,299.0,63.0,-34.215630100056195,42.0,-0.5431052396834317,-0.8396646346181327,18.38
1.0,0.0,0.0,0.0,981.7433333333332,52.0,247.0,91.0,-50.72962780638382,48.0,-0.5574684374327892,-0.8301981337405212,21.34
1.0,0.0,0.0,0.0,1176.3133333333333,10.0,252.0,81.0,-47.44135492439541,43.0,-0.5856957398073508,-0.8105309990194823,21.1
1.0,0.0,0.0,0.0,1310.6266666666666,44.0,219.0,101.0,-64.64384892863937,39.0,-0.6400381082043503,-0.7683431655492202,18.66
1.0,0.0,0.0,0.0,1132.6333333333332,2.0,234.0,79.0,-51.59964966382747,43.0,-0.65316012232693,-0.7572198192083127,15.87
1.0,0.0,0.0,0.0,804.5466666666666,8.0,226.0,37.0,-24.64528766685615,47.0,-0.666088855860977,-0.7458723993404063,19.0
1.0,0.0,0.0,0.0,811.68,79.0,154.0,95.0,-64.48794588369238,40.0,-0.6788204829862355,-0.734304263829602,19.73
1.0,0.0,0.0,0.0,635.4233333333333,7.0,276.0,57.0,-39.407020463936206,44.0,-0.6913512362094071,-0.722518835873311,7.33
1.0,0.0,0.0,0.0,686.8166666666666,19.0,304.0,73.0,-52.253060497634486,48.0,-0.7157953492826642,-0.6983101158835584,12.62
1.0,0.0,0.0,0.0,584.3466666666667,12.0,292.0,73.0,-53.122207728028926,44.0,-0.7277014757264236,-0.6858939875998223,17.79
1.0,0.0,0.0,0.0,673.1833333333333,34.0,266.0,37.0,-27.78197737576111,41.0,-0.7508642533989489,-0.6604565640279754,22.73
1.0,0.0,0.0,0.0,843.3433333333332,16.0,251.0,86.0,-66.48989599907182,50.0,-0.7731383255706026,-0.6342374393978054,18.94
1.0,0.0,0.0,0.0,773.1466666666666,13.0,251.0,59.0,-46.25209518429229,44.0,-0.7839338166829201,-0.620844401650647,17.03
1.0,0.0,0.0,0.0,887.1766666666667,0.0,253.0,73.0,-58.752278808909196,48.0,-0.8048257371083452,-0.593511190196115,17.52
1.0,0.0,0.0,0.0,637.5366666666667,3.0,260.0,31.0,-25.5677176186742,48.0,-0.8247650844733614,-0.5654755126737576,18.45
1.0,0.0,0.0,0.0,680.4866666666667,0.0,273.0,58.0,-48.39346716433132,46.0,-0.8343701235229538,-0.5512045872199277,20.43
1.0,0.0,0.0,0.0,718.1300000000001,15.0,276.0,77.0,-64.96707594525388,45.0,-0.8437282590292712,-0.5367705514607103,19.61
1.0,0.0,0.0,0.0,774.7466666666666,11.0,265.0,47.0,-40.083325923164594,41.0,-0.8528367217694595,-0.522177676659508,18.53
1.0,0.0,0.0,0.0,1278.26,17.0,260.0,63.0,-54.28664743337969,43.0,-0.8616928164028522,-0.5074302810827518,17.89
1.0,0.0,0.0,0.0,1314.3966666666665,0.0,260.0,75.0,-65.27204417014255,44.0,-0.8702939222685674,-0.49253272872205434,21.84
1.0,0.0,0.0,0.0,1772.3400000000001,7.0,265.0,69.0,-60.62598709710901,42.0,-0.8786374941610001,-0.4774894280028391,25.41
1.0,0.0,0.0,0.0,1394.0466666666669,129.0,149.0,36.0,-31.921958270987748,47.0,-0.886721063082993,-0.46230483047981086,20.67
1.0,0.0,0.0,0.0,1383.78,47.0,102.0,85.0,-76.67838962156561,46.0,-0.9020987014301837,-0.43152975897147144,18.87
1.0,0.0,0.0,0.0,1097.1000000000001,0.0,117.0,75.0,-68.20411652735943,44.0,-0.9093882203647925,-0.4159483918249421,22.76
1.0,0.0,0.0,0.0,1128.9266666666665,8.0,116.0,93.0,-85.85368218571746,42.0,-0.9231578729647039,-0.38442104726885545,20.89
1.0,0.0,0.0,0.0,1401.9666666666665,1.0,121.0,88.0,-81.80778601320772,47.0,-0.9296339319682695,-0.3684843993077793,18.78
1.0,0.0,0.0,0.0,2149.2533333333336,13.0,199.0,34.0,-31.8183865093898,46.0,-0.9358348973349941,-0.35243871088460327,8.5
1.0,0.0,0.0,0.0,2055.733333333333,2.0,200.0,79.0,-74.39895579385747,45.0,-0.9417589340994617,-0.33628873017668287,18.8
1.0,0.0,0.0,0.0,2253.25,10.0,204.0,89.0,-84.31898174270572,45.0,-0.9474042892438845,-0.32003923622313857,17.97
1.0,0.0,0.0,0.0,1426.7466666666667,13.0,215.0,90.0,-85.7492362995166,46.0,-0.9527692922168511,-0.30369503751065885,14.07
1.0,0.0,0.0,0.0,1702.3433333333332,18.0,199.0,55.0,-52.68187954852168,48.0,-0.9578523554276669,-0.28726097055059635,25.25
1.0,0.0,0.0,0.0,1174.9933333333333,0.0,213.0,72.0,-69.63600454543665,46.0,-0.9671667297977312,-0.2541427094613622,18.86
1.0,0.0,0.0,0.0,1960.0666666666666,12.0,222.0,25.0,-24.28488211709375,44.0,-0.97139528468375,-0.23746831555846842,19.72
1.0,0.0,0.0,0.0,2359.8233333333333,0.0,233.0,63.0,-61.44619244883737,43.0,-0.9753363880767837,-0.2207236509605022,19.24
1.0,0.0,0.0,0.0,2509.85,12.0,258.0,72.0,-70.95051030902057,48.0,-0.9854237542919524,-0.17011767832049052,18.67
1.0,0.0,0.0,0.0,1808.92,13.0,257.0,91.0,-89.92658629446694,43.0,-0.9882042449941422,-0.15314166701312007,18.43
1.0,0.0,0.0,0.0,1106.7,0.0,289.0,75.0,-74.30192326211707,44.0,-0.9906923101615609,-0.13612033862266704,18.88
1.0,0.0,0.0,0.0,1870.2866666666666,15.0,274.0,69.0,-68.64039308704356,45.0,-0.994788305609327,-0.10196189005174576,22.59
1.0,0.0,0.0,0.0,2133.5266666666666,7.0,294.0,72.0,-71.74044171494806,45.0,-0.9963950238187231,-0.08483487790576538,20.74
1.0,0.0,0.0,0.0,2149.693333333333,6.0,321.0,89.0,-88.88639364315536,45.0,-0.9987235240803972,-0.050510617185222886,16.13
1.0,0.0,0.0,0.0,1379.3,91.0,230.0,84.0,-83.95334783572682,44.0,-0.9994446170919858,-0.033323525711631344,23.92
1.0,0.0,0.0,0.0,1223.8,3.0,230.0,95.0,-94.98764604437663,46.0,-0.9998699583618592,-0.016126573270657762,21.75
1.0,0.0,0.0,0.0,1190.9033333333332,14.0,216.0,54.0,-53.999968789333394,45.0,-0.9999994220246925,0.001075151282798226,23.44
1.0,0.0,0.0,0.0,1134.34,24.0,216.0,85.0,-84.94650532258974,40.0,-0.9993706508539969,0.03547255575312556,21.76
1.0,0.0,0.0,0.0,1016.1166666666664,2.0,255.0,86.0,-85.88068377922171,42.0,-0.9986126020839734,0.052658056924614005,19.38
1.0,0.0,0.0,0.0,1273.6799999999998,14.0,249.0,85.0,-84.79251906120321,44.0,-0.9975590477788613,0.06982797572987089,29.0
1.0,0.0,0.0,0.0,1223.7099999999998,21.0,268.0,67.0,-66.74609008005609,46.0,-0.9962102997023297,0.0869772313136861,22.42
1.0,0.0,0.0,0.0,1292.7766666666664,11.0,259.0,59.0,-58.433441882080096,52.0,-0.9903973200352558,0.1382503109109819,30.02
1.0,0.0,0.0,0.0,1345.9233333333332,37.0,257.0,84.0,-82.98130340934361,50.0,-0.9878726596350429,0.15526624985999563,15.38
1.0,0.0,0.0,0.0,1576.4499999999998,12.0,258.0,70.0,-68.95389702750509,47.0,-0.9850556718215013,0.172236243027682,23.74
1.0,0.0,0.0,0.0,1524.97,32.0,260.0,88.0,-86.11223584305787,51.0,-0.9785481345802031,0.20601832032517084,18.03
1.0,0.0,0.0,0.0,1316.8833333333332,0.0,295.0,72.0,-70.1898847802937,49.0,-0.9748595108374125,0.22282040779479959,14.33
1.0,0.0,0.0,0.0,922.6533333333332,27.0,269.0,35.0,-33.98088436684843,45.0,-0.9708824104813836,0.23955655912092708,21.97
1.0,0.0,0.0,0.0,816.9666666666666,33.0,277.0,66.0,-63.796788686406416,48.0,-0.9666180104000972,0.2562218218071163,17.77
1.0,0.0,0.0,0.0,750.5933333333332,0.0,310.0,70.0,-67.34473007487017,49.0,-0.9620675724981452,0.27281126433401914,19.97
1.0,0.0,0.0,0.0,1130.8933333333332,3.0,335.0,81.0,-77.12123834711693,40.0,-0.9521140536681102,0.3057430764672831,22.69
1.0,0.0,0.0,0.0,1193.3666666666666,0.0,380.0,70.0,-65.87235443215837,45.0,-0.9410336347451197,0.3383130181923076,21.23
1.0,0.0,0.0,0.0,1131.12,24.0,369.0,44.0,-41.14329491146852,43.0,-0.9350748843515574,0.3544502230989869,27.34
1.0,0.0,0.0,0.0,2211.6166666666663,41.0,344.0,91.0,-84.52438815327842,41.0,-0.9288394302558068,0.3704825404820963,21.37
1.0,0.0,0.0,0.0,2450.91,8.0,355.0,93.0,-85.77660793950207,47.0,-0.9223291176290545,0.3864052261209853,27.76
1.0,0.0,0.0,0.0,2699.116666666667,40.0,315.0,58.0,-53.10166063269771,50.0,-0.9155458729775467,0.40221356823680365,26.48
1.0,0.0,0.0,0.0,1495.9333333333332,2.0,332.0,74.0,-67.22838606436561,44.0,-0.9084917035725082,0.41790288888678667,26.99
1.0,0.0,0.0,0.0,2097.463333333333,35.0,306.0,68.0,-61.27947138621867,45.0,-0.9011686968561569,0.4334685453485363,26.91
1.0,0.0,0.0,0.0,1755.6599999999996,13.0,317.0,41.0,-36.31472165372611,45.0,-0.8857249183835637,0.4642104791518923,18.27
1.0,0.0,0.0,0.0,1867.2699999999998,34.0,304.0,68.0,-59.67739273490906,46.0,-0.8776087166898392,0.4793776594606945,17.21
1.0,0.0,0.0,0.0,956.9833333333331,35.0,389.0,96.0,-83.446350379918,45.0,-0.8692328164574792,0.49440298420761813,12.07
1.0,0.0,0.0,0.0,1097.113333333333,1.0,423.0,81.0,-69.70857539625956,44.0,-0.8605996962501181,0.5092820071573356,17.16
1.0,0.0,0.0,0.0,1379.5233333333333,41.0,384.0,80.0,-68.1369528597535,49.0,-0.8517119107469189,0.5240103253675756,28.46
1.0,0.0,0.0,0.0,1669.593333333333,33.0,358.0,79.0,-66.56319510894166,44.0,-0.8425720899866032,0.5385835804920232,25.2
1.0,0.0,0.0,0.0,1767.1033333333332,28.0,333.0,78.0,-64.98826920995592,44.0,-0.8331829385891785,0.5529974600700271,23.41
1.0,0.0,0.0,0.0,1183.2366666666665,45.0,292.0,46.0,-37.88317280795763,42.0,-0.8235472349556007,0.5672476988027229,24.22
1.0,0.0,0.0,0.0,2174.61,13.0,293.0,70.0,-56.95674813119194,46.0,-0.8136678304455991,0.5813300798152042,22.59
1.0,0.0,0.0,0.0,2429.2466666666664,16.0,293.0,70.0,-56.24833539737381,51.0,-0.8035476485339116,0.5952404359043674,24.17
1.0,0.0,0.0,0.0,2361.8199999999997,19.0,342.0,71.0,-56.31646756010809,40.0,-0.7931896839451843,0.6089746507720486,11.45
1.0,0.0,0.0,0.0,1120.2366666666665,0.0,369.0,74.0,-57.91217813081597,41.0,-0.7825970017677834,0.6225286602431057,18.97
1.0,0.0,0.0,0.0,843.6399999999998,19.0,372.0,61.0,-45.01451142849145,39.0,-0.7379428103031386,0.6748632518680403,19.84
1.0,0.0,0.0,0.0,1240.0666666666664,9.0,368.0,82.0,-59.55044299754065,49.0,-0.7262249146041543,0.6874571793269664,29.93
1.0,0.0,0.0,0.0,1331.9866666666665,24.0,349.0,67.0,-47.85757185702992,46.0,-0.7142921172691032,0.699847677146407,26.24
1.0,0.0,0.0,0.0,1123.1299999999997,21.0,395.0,82.0,-56.56327238257827,45.0,-0.6897960046655887,0.7240037789593305,9.3
1.0,0.0,0.0,0.0,887.4199999999997,120.0,285.0,69.0,-46.72955573517549,44.0,-0.6772399381909491,0.7357622347736527,22.26
1.0,0.0,0.0,0.0,643.233333333333,35.0,289.0,36.0,-23.92140475882279,46.0,-0.6644834655228552,0.7473029667054296,18.14
1.0,0.0,0.0,0.0,1116.443333333333,2.0,309.0,86.0,-56.03161108958498,46.0,-0.6515303615068021,0.75862255966641,21.06
1.0,0.0,0.0,0.0,1182.1999999999998,7.0,339.0,89.0,-56.81621686654512,45.0,-0.6383844591746642,0.7697176640069211,20.2
1.0,0.0,0.0,0.0,1533.4999999999998,3.0,336.0,75.0,-46.87872364578283,46.0,-0.6250496486104377,0.7805849965070866,29.27
1.0,0.0,0.0,0.0,1237.4799999999996,4.0,350.0,72.0,-43.043698185044775,45.0,-0.5978291414589552,0.801623551065242,21.46
1.0,0.0,0.0,0.0,1196.3999999999996,14.0,479.0,81.0,-47.300071488473684,44.0,-0.5839514998576998,0.8117885474764613,9.44
1.0,0.0,0.0,0.0,1047.113333333333,16.0,464.0,64.0,-35.56364623846713,51.0,-0.5556819724760489,0.8313949395234058,22.75
1.0,0.0,0.0,0.0,1047.833333333333,68.0,399.0,65.0,-35.18439938673512,51.0,-0.5412984521036173,0.8408305333122887,22.48
1.0,0.0,0.0,0.0,860.1599999999997,27.0,435.0,79.0,-41.61362547203378,38.0,-0.5267547528105542,0.8500173118187018,10.66
1.0,0.0,0.0,0.0,912.2833333333332,22.0,415.0,80.0,-40.96441426491717,44.0,-0.5120551783114646,0.8589525565270845,22.71
1.0,0.0,0.0,0.0,935.6633333333331,5.0,410.0,67.0,-33.31267325594483,47.0,-0.4972040784469378,0.8676336233547726,23.96
1.0,0.0,0.0,0.0,1074.3366666666664,5.0,406.0,72.0,-34.718821048537386,44.0,-0.4822058478963526,0.8760579434344281,19.04
1.0,0.0,0.0,0.0,873.9199999999997,67.0,364.0,56.0,-26.1556357931361,47.0,-0.46706492487743034,0.8842230238742036,15.46
1.0,0.0,0.0,0.0,771.5699999999997,10.0,392.0,79.0,-34.4734641642628,49.0,-0.4363729641045924,0.8997658785476209,14.68
1.0,0.0,0.0,0.0,669.1733333333331,39.0,363.0,41.0,-16.611745419251008,43.0,-0.4051645224207563,0.9142437912130223,23.56
1.0,0.0,0.0,0.0,828.123333333333,22.0,346.0,42.0,-15.013505453724179,47.0,-0.3574644155648614,0.9339267592294762,19.21
1.0,0.0,0.0,0.0,1331.2966666666664,37.0,333.0,80.0,-26.010208239992743,43.0,-0.3251276029999093,0.9456701548465688,19.8
1.0,0.0,0.0,0.0,1498.363333333333,0.0,414.0,89.0,-27.484310832696586,38.0,-0.30881248126625377,0.9511229423235357,9.12
1.0,0.0,0.0,0.0,1600.243333333333,18.0,443.0,82.0,-23.977290109988342,46.0,-0.29240597695107734,0.9562942772197719,16.84
1.0,0.0,0.0,0.0,1235.6199999999997,143.0,304.0,73.0,-20.14164498521611,44.0,-0.27591294500296043,0.9611826292540837,24.86
1.0,0.0,0.0,0.0,1188.1966666666663,1.0,303.0,74.0,-19.191031682180014,48.0,-0.2593382659754056,0.9657865518844574,19.0
1.0,0.0,0.0,0.0,857.3899999999998,3.0,324.0,48.0,-11.64896853996458,44.0,-0.2426868445825954,0.9701046827361175,12.15
1.0,0.0,0.0,0.0,841.8799999999997,63.0,262.0,90.0,-20.336724742321714,46.0,-0.22596360824801906,0.974135744004672,19.69
1.0,0.0,0.0,0.0,819.6399999999998,2.0,287.0,86.0,-16.539649450562155,46.0,-0.19232150523909483,0.9813319716704275,16.16
1.0,0.0,0.0,0.0,1116.363333333333,0.0,296.0,86.0,-15.085483067167944,43.0,-0.17541259380427843,0.9844950085880858,23.06
1.0,0.0,0.0,0.0,1095.9899999999998,1.0,299.0,65.0,-10.29936537245436,47.0,-0.15845177496083632,0.9873667175937016,25.08
1.0,0.0,0.0,0.0,1351.553333333333,25.0,278.0,83.0,-11.739857618099187,41.0,-0.14144406768794202,0.9899462489023779,22.9
1.0,0.0,0.0,0.0,1776.413333333333,38.0,252.0,43.0,-5.348963708111399,49.0,-0.12439450483979998,0.9922328391893008,17.77
1.0,0.0,0.0,0.0,1678.2666666666664,10.0,285.0,74.0,-7.940801742570822,45.0,-0.10730813165636247,0.9942258118156161,16.54
1.0,0.0,0.0,0.0,1629.2966666666664,5.0,280.0,90.0,-8.117100384331062,47.0,-0.09019000427034513,0.9959245770286599,25.19
1.0,0.0,0.0,0.0,1182.4566666666663,24.0,263.0,75.0,-5.478389115828557,46.0,-0.07304518821104743,0.9973286321364752,24.31
1.0,0.0,0.0,0.0,1226.9299999999996,81.0,241.0,76.0,-2.9408800534160435,47.0,-0.03869579017652689,0.9992510374388481,18.61
1.0,0.0,0.0,0.0,1153.093333333333,47.0,210.0,89.0,-1.9136221739324277,44.0,-0.021501372740813793,0.999768818762748,22.11
1.0,0.0,0.0,0.0,926.0433333333331,4.0,227.0,71.0,2.442262303566169,45.0,0.03439806061360801,0.9994082116062598,11.23
1.0,0.0,0.0,0.0,1454.8766666666663,0.0,227.0,76.0,5.225411044566595,43.0,0.06875540848113941,0.9976335468520451,21.93
1.0,0.0,0.0,0.0,1386.5366666666662,24.0,211.0,82.0,8.44857308154066,45.0,0.10303137904317879,0.9946781061893646,20.71
1.0,0.0,0.0,0.0,1389.3266666666666,1.0,210.0,43.0,5.165425102841072,47.0,0.1201261651823505,0.9927586335250793,18.14
1.0,0.0,0.0,0.0,803.1999999999997,27.0,194.0,70.0,9.60297828396204,48.0,0.13718540405660057,0.9905453876091833,16.79
1.0,0.0,0.0,0.0,887.723333333333,9.0,187.0,96.0,18.057544090732566,45.0,0.18809941761179758,0.9821499931752291,21.26
1.0,0.0,0.0,0.0,1058.6299999999994,4.0,194.0,65.0,13.322797408017196,49.0,0.20496611396949532,0.9787690698649216,23.6
1.0,0.0,0.0,0.0,1127.6499999999996,4.0,190.0,85.0,21.69050511548669,50.0,0.2551824131233728,0.9668929289391521,16.75
1.0,0.0,0.0,0.0,952.5266666666662,12.0,178.0,69.0,18.752594954508364,51.0,0.2717767384711357,0.9623603298276545,17.1
1.0,0.0,0.0,0.0,915.2199999999997,43.0,135.0,75.0,21.62179805321383,42.0,0.2882906407095177,0.9575429528116719,19.4
1.0,0.0,0.0,0.0,859.4466666666663,0.0,135.0,76.0,23.158661716296418,50.0,0.3047192331091634,0.9524422234305676,15.43
1.0,0.0,0.0,0.0,938.3233333333329,7.0,144.0,77.0,28.450243625448497,49.0,0.3694836834473831,0.9292372181882051,20.56
1.0,0.0,0.0,0.0,1110.8933333333332,59.0,85.0,81.0,31.218482115800377,50.0,0.38541335945432564,0.9227440286201427,19.0
1.0,0.0,0.0,0.0,1207.913333333333,16.0,69.0,82.0,32.90077680669508,44.0,0.4012289854475009,0.9159777842484877,20.6
1.0,0.0,0.0,0.0,1291.6266666666663,21.0,54.0,91.0,37.940255200914315,43.0,0.4169258813287287,0.908940487313808,22.48
1.0,0.0,0.0,0.0,1899.6566666666665,0.0,54.0,35.0,16.21402728986221,50.0,0.4632579225674917,0.88622350294858,21.17
1.0,0.0,0.0,0.0,1917.2299999999996,8.0,46.0,81.0,38.7531394406308,49.0,0.4784338202547012,0.8781236129591848,20.89
1.0,0.0,0.0,0.0,1748.2399999999998,0.0,46.0,69.0,34.049301775729376,52.0,0.49346814167723735,0.8697638720650646,16.83
1.0,0.0,0.0,0.0,1325.7766666666664,11.0,46.0,71.0,36.09330709356336,41.0,0.5083564379375122,0.8611467540480452,16.15
1.0,0.0,0.0,0.0,1168.0366666666662,2.0,62.0,64.0,33.47803541434449,43.0,0.5230943033491326,0.8522748088519838,16.88
1.0,0.0,0.0,0.0,1173.6699999999998,11.0,53.0,72.0,39.7512966777063,46.0,0.5521013427459208,0.8337770129585915,16.94
1.0,0.0,0.0,0.0,663.7599999999996,0.0,53.0,41.0,23.22083925633955,47.0,0.5663619330814524,0.8241566360566663,17.2
1.0,0.0,0.0,0.0,761.743333333333,0.0,53.0,82.0,48.738844839968614,42.0,0.5943761565849831,0.804187157621448,18.52
1.0,0.0,0.0,0.0,1045.2466666666662,0.0,53.0,85.0,52.843385672656574,44.0,0.6216868902665479,0.7832658619336791,15.73
1.0,0.0,0.0,0.0,1163.5966666666664,0.0,53.0,82.0,52.07560170591299,46.0,0.6350683134867438,0.7724559775191742,15.01
1.0,0.0,0.0,0.0,1065.9466666666663,16.0,37.0,66.0,42.785279445197006,47.0,0.6482618097757122,0.7614175109532997,15.3
1.0,0.0,0.0,0.0,585.863333333333,0.0,37.0,27.0,17.854113824072243,45.0,0.6612634749656386,0.7501537286959042,13.26
1.0,0.0,0.0,0.0,512.8199999999997,0.0,42.0,59.0,39.77009823762235,46.0,0.6740694616546161,0.7386679638813748,15.59
1.0,0.0,0.0,0.0,578.2099999999997,6.0,37.0,92.0,64.31529565203117,47.0,0.6990793005655562,0.7150441465537444,14.01
1.0,0.0,0.0,0.0,764.4966666666663,0.0,51.0,73.0,51.92312989408851,44.0,0.7112757519738152,0.7029130847082615,17.1
1.0,0.0,0.0,0.0,898.7266666666665,0.0,51.0,77.0,55.691152859167886,49.0,0.7232617254437388,0.6905740195722293,19.23
1.0,0.0,0.0,0.0,1165.363333333333,0.0,61.0,92.0,69.72878972975593,42.0,0.7579216274973472,0.6523456189565257,16.04
1.0,0.0,0.0,0.0,1214.823333333333,11.0,50.0,94.0,72.2889007703383,45.0,0.7690308592589181,0.6392116531380588,15.27
1.0,0.0,0.0,0.0,1123.2599999999998,18.0,32.0,59.0,46.01483882258635,46.0,0.7799125224167177,0.6258885343075018,18.58
1.0,0.0,0.0,0.0,1153.883333333333,2.0,30.0,79.0,62.454508356012305,48.0,0.7905633969115482,0.612380204990065,19.37
1.0,0.0,0.0,0.0,1147.1099999999997,0.0,30.0,91.0,72.88921011902443,47.0,0.8009803309782905,0.5986906625177214,15.09
1.0,0.0,0.0,0.0,1092.4366666666663,0.0,30.0,58.0,47.0472940405566,45.0,0.8111602420785621,0.5848239578463322,14.71
1.0,0.0,0.0,0.0,619.6666666666664,0.0,30.0,34.0,27.917404005638232,45.0,0.8211001178128892,0.5707841943569036,15.65
1.0,0.0,0.0,0.0,575.853333333333,0.0,30.0,70.0,58.15579117684873,46.0,0.8307970168121247,0.5565755266413303,17.09
1.0,0.0,0.0,0.0,604.7266666666663,0.0,30.0,69.0,57.97711680294144,46.0,0.8402480696078469,0.5422021592729844,14.01
1.0,0.0,0.0,0.0,651.1533333333331,0.0,30.0,53.0,45.02087541251847,46.0,0.8494504794814806,0.527668345562516,13.75
1.0,0.0,0.0,0.0,912.4999999999997,5.0,40.0,105.0,91.04534798952686,46.0,0.8670985522812081,0.4981366284784055,22.62
1.0,0.0,0.0,0.0,828.4699999999998,1.0,39.0,28.0,24.744169726135937,45.0,0.8837203473619977,0.4680153284438345,22.04
1.0,0.0,0.0,0.0,1101.9099999999999,14.0,37.0,87.0,77.5726969473292,45.0,0.8916401947968874,0.45274469960737107,22.92
1.0,0.0,0.0,0.0,1002.263333333333,0.0,37.0,75.0,67.4472143664769,47.0,0.8992961915530253,0.4373400963303323,25.11
1.0,0.0,0.0,0.0,1198.533333333333,10.0,29.0,67.0,60.7479668305525,52.0,0.9066860720977985,0.4218060770826634,21.61
1.0,0.0,0.0,0.0,1137.2899999999997,0.0,43.0,67.0,62.951189058855164,49.0,0.9395699859530622,0.342356891994542,24.67
1.0,0.0,0.0,0.0,1228.3866666666665,0.0,43.0,67.0,63.702954954993075,47.0,0.9507903724625832,0.3098349038318025,24.75
1.0,0.0,0.0,0.0,1202.3566666666666,0.0,45.0,57.0,55.033908451417176,45.0,0.9655071658143364,0.2603764827344581,24.3
1.0,0.0,0.0,0.0,994.3466666666665,0.0,45.0,33.0,32.004825499920706,49.0,0.969843196967294,0.24372971360968387,22.82
1.0,0.0,0.0,0.0,857.5299999999997,0.0,45.0,73.0,71.09413322179445,50.0,0.9738922359149924,0.22701082094141847,22.53
1.0,0.0,0.0,0.0,1715.86,0.0,45.0,88.0,86.03347143438644,50.0,0.9776530844816641,0.2102247521189836,20.19
1.0,0.0,0.0,0.0,2108.89,0.0,75.0,88.0,86.33896741991066,50.0,0.981124629771712,0.19337647441020586,17.58
1.0,0.0,0.0,0.0,2107.7566666666667,0.0,75.0,74.0,72.83863249292844,48.0,0.984305844499033,0.17647097349152166,22.32
1.0,0.0,0.0,0.0,1355.3566666666666,0.0,75.0,72.0,71.57591025856141,45.0,0.9941098647022418,0.10837701279187609,26.07
1.0,0.0,0.0,0.0,1317.2866666666666,15.0,60.0,94.0,93.6077411499456,46.0,0.9958270335100595,0.09126072172931188,24.98
1.0,0.0,0.0,0.0,1254.5333333333333,0.0,89.0,89.0,88.75520737588371,46.0,0.9972495210773451,0.07411742515094437,16.08
1.0,0.0,0.0,0.0,1068.0766666666666,12.0,109.0,83.0,82.93433505364195,41.0,0.9992088560679753,0.03977011384605572,12.89
1.0,0.0,0.0,0.0,1100.74,0.0,112.0,87.0,86.97782576125388,43.0,0.9997451236925734,0.022576263041545485,18.98
1.0,0.0,0.0,0.0,898.7333333333335,2.0,135.0,32.0,31.999537620822995,48.0,0.9999855506507186,0.005375731557583884,16.0
1.0,0.0,0.0,0.0,1160.4,14.0,124.0,92.0,91.99356605325093,43.0,0.9999300657962057,-0.011826390691832589,24.49
1.0,0.0,0.0,0.0,1246.3366666666668,0.0,124.0,85.0,84.9091786802129,49.0,0.9989315138848577,-0.046215046983708354,33.13
1.0,0.0,0.0,0.0,1620.0566666666666,2.0,132.0,71.0,70.7692961373189,48.0,0.9967506498213929,-0.08054900421874167,30.38
1.0,0.0,0.0,0.0,1610.71,0.0,132.0,85.0,84.59349623576699,43.0,0.9952176027737294,-0.09768276782171598,26.2
1.0,0.0,0.0,0.0,1397.5366666666669,0.0,162.0,77.0,76.32767810196187,46.0,0.9912685467787256,-0.13185851571739118,25.18
1.0,0.0,0.0,0.0,1221.3666666666666,0.0,162.0,44.0,43.390434927030185,46.0,0.986146248341595,-0.16587819893463143,31.59
1.0,0.0,0.0,0.0,1110.59,30.0,152.0,39.0,38.342731975163844,48.0,0.9831469737221499,-0.1828169249850199,22.59
1.0,0.0,0.0,0.0,950.59,0.0,170.0,16.0,15.558520897951949,45.0,0.9724075561219968,-0.23328854407545518,31.44
1.0,0.0,0.0,0.0,940.61,0.0,175.0,52.0,50.34903900606694,47.0,0.9682507501166718,-0.2499809690726521,25.5
1.0,0.0,0.0,0.0,814.7133333333333,0.0,175.0,36.0,34.69706723292231,42.0,0.9638074231367307,-0.26659942067929354,30.81
1.0,0.0,0.0,0.0,979.3133333333334,29.0,150.0,44.0,42.19947116150097,41.0,0.9590788900341131,-0.28313898122818354,30.48
1.0,0.0,0.0,0.0,1684.8833333333332,32.0,147.0,60.0,57.24399300347032,45.0,0.9540665500578387,-0.2995947563972602,24.95
1.0,0.0,0.0,0.0,1623.8866666666665,3.0,144.0,35.0,33.207016025398154,43.0,0.9487718864399473,-0.31596187665790293,23.89
1.0,0.0,0.0,0.0,1442.2866666666666,25.0,119.0,47.0,44.330233899959566,45.0,0.9431964659565866,-0.33223549871590435,24.09
1.0,0.0,0.0,0.0,661.4266666666667,3.0,120.0,30.0,28.120258153931317,51.0,0.9373419384643772,-0.3484108069446808,32.27
1.0,0.0,0.0,0.0,962.5933333333334,0.0,120.0,82.0,75.83381109493773,51.0,0.9248025743285089,-0.38044736628785164,25.21
1.0,0.0,0.0,0.0,1121.9933333333336,10.0,123.0,65.0,59.67789413848837,46.0,0.9181214482844364,-0.39629913726891813,29.05
1.0,0.0,0.0,0.0,2395.806666666667,0.0,123.0,78.0,71.07115355594772,46.0,0.9111686353326631,-0.41203363695942635,31.59
1.0,0.0,0.0,0.0,2303.0433333333335,30.0,102.0,75.0,67.79596446918008,47.0,0.9039461929224011,-0.42764620926777464,22.75
1.0,0.0,0.0,0.0,3175.603333333334,0.0,114.0,47.0,41.7689492479767,48.0,0.8887010478292915,-0.45848712914008766,24.0
1.0,0.0,0.0,0.0,2127.643333333334,20.0,94.0,76.0,66.93189708869122,47.0,0.8806828564301475,-0.47370635037968,26.32
1.0,0.0,0.0,0.0,2199.5866666666675,18.0,77.0,65.0,56.70626369232248,52.0,0.8724040568049612,-0.48878539428899265,30.65
1.0,0.0,0.0,0.0,2339.483333333334,5.0,97.0,80.0,69.10936790269879,44.0,0.8638670987837349,-0.503719798736334,27.11
1.0,0.0,0.0,0.0,2348.233333333334,0.0,130.0,80.0,66.93863312275937,41.0,0.8367329140344921,-0.5476112038402312,27.73
1.0,0.0,0.0,0.0,2275.5533333333337,4.0,133.0,49.0,40.532277525066235,46.0,0.8271893372462497,-0.5619233046832195,35.27
1.0,0.0,0.0,0.0,1466.1466666666674,29.0,124.0,77.0,62.93987560051876,45.0,0.8174009818249189,-0.5760691233798758,36.6
1.0,0.0,0.0,0.0,2200.6766666666676,0.0,124.0,97.0,78.31496219732787,48.0,0.8073707443023492,-0.5900444739548627,31.84
1.0,0.0,0.0,0.0,2554.3600000000006,0.0,124.0,76.0,59.78133902258176,52.0,0.7865965660866021,-0.6174672802835514,34.14
1.0,0.0,0.0,0.0,2647.956666666667,4.0,129.0,91.0,69.60511652950514,49.0,0.7648913904341225,-0.6441592666722685,33.87
1.0,0.0,0.0,0.0,2127.65,0.0,135.0,75.0,55.67106803152365,45.0,0.742280907086982,-0.6700888411055113,40.68
1.0,0.0,0.0,0.0,3011.343333333334,13.0,122.0,81.0,59.182204250397824,49.0,0.7306444969184916,-0.6827580970759147,32.56
1.0,0.0,0.0,0.0,3755.0966666666677,0.0,138.0,90.0,64.6912689559581,44.0,0.7187918772884232,-0.6952253139408722,32.01
1.0,0.0,0.0,0.0,3912.0066666666676,9.0,129.0,68.0,48.05740577927787,43.0,0.7067265555776158,-0.7074868024503348,40.31
1.0,0.0,0.0,0.0,2746.8366666666675,12.0,158.0,93.0,63.42340986541305,49.0,0.6819721490904629,-0.7313781428679254,21.71
1.0,0.0,0.0,0.0,1466.2800000000007,0.0,192.0,32.0,21.417292465320216,51.0,0.6692903895412567,-0.7430009249440493,22.72
1.0,0.0,0.0,0.0,1133.543333333334,1.0,230.0,75.0,49.230793214845356,48.0,0.6564105761979381,-0.7544038410927472,29.44
1.0,0.0,0.0,0.0,1048.6033333333341,25.0,243.0,59.0,37.95685470386501,48.0,0.6433365204044917,-0.765583517007675,27.92
1.0,0.0,0.0,0.0,1100.313333333334,33.0,317.0,68.0,41.00317496072405,47.0,0.6029878670694714,-0.7977503570459932,14.41
1.0,0.0,0.0,0.0,1327.5400000000006,7.0,312.0,102.0,60.095960897694226,44.0,0.5891760872322963,-0.8080046647350754,32.68
1.0,0.0,0.0,0.0,1695.3866666666672,20.0,292.0,86.0,48.24889185563963,47.0,0.5610336262283677,-0.8277930117131022,39.02
1.0,0.0,0.0,0.0,1882.053333333334,0.0,327.0,73.0,38.8525811358631,51.0,0.5322271388474397,-0.8466016020976267,24.1
1.0,0.0,0.0,0.0,1400.6266666666672,0.0,445.0,70.0,36.23098571772322,45.0,0.5175855102531889,-0.8556314858488706,16.11
1.0,0.0,0.0,0.0,1700.973333333334,9.0,437.0,80.0,40.223257582344345,44.0,0.5027907197793043,-0.8644081744776648,42.29
1.0,0.0,0.0,0.0,2045.8600000000006,6.0,431.0,95.0,42.005974436871846,49.0,0.44216815196707204,-0.8969321743510065,34.57
1.0,0.0,0.0,0.0,2131.676666666667,0.0,464.0,74.0,31.573882156054424,48.0,0.42667408318992467,-0.9044054548343001,20.09
1.0,0.0,0.0,0.0,2387.776666666667,16.0,501.0,87.0,35.76167665777205,49.0,0.4110537546870351,-0.9116111071930239,35.13
1.0,0.0,0.0,0.0,1838.5633333333337,0.0,512.0,27.0,9.81400353703847,44.0,0.36348161248290634,-0.9316013725767187,34.96
1.0,0.0,0.0,0.0,1857.5700000000006,41.0,500.0,70.0,22.045913451026635,37.0,0.31494162072895193,-0.9491110448902284,24.87
1.0,0.0,0.0,0.0,971.2100000000006,34.0,481.0,49.0,12.198050619134563,47.0,0.24893980855376657,-0.9685189578512204,37.55
1.0,0.0,0.0,0.0,1381.293333333334,39.0,454.0,82.0,17.66913983383187,43.0,0.21547731504673012,-0.976508846196619,34.95
1.0,0.0,0.0,0.0,1824.6900000000005,38.0,416.0,89.0,17.67966691633523,50.0,0.19864794288017112,-0.9800709131432666,38.26
1.0,0.0,0.0,0.0,2117.890000000001,107.0,309.0,101.0,18.35773854672891,42.0,0.18175978759137534,-0.9833429613388902,32.32
1.0,0.0,0.0,0.0,2360.0066666666676,2.0,307.0,107.0,15.817503281346761,47.0,0.14782713347053048,-0.9890132145779883,35.13
1.0,0.0,0.0,0.0,1887.5600000000006,0.0,318.0,47.0,6.147255765267683,39.0,0.13079267585675922,-0.9914097417023038,33.43
1.0,0.0,0.0,0.0,2061.7266666666674,35.0,287.0,103.0,9.95110829376392,49.0,0.0966127018812031,-0.9953220513156602,37.48
1.0,0.0,0.0,0.0,2023.2900000000009,118.0,178.0,95.0,2.6552783328199805,52.0,0.02795029824021032,-0.999609314096404,37.25
1.0,0.0,0.0,0.0,2650.330000000001,1.0,177.0,24.0,0.2580313863245263,46.0,0.01075130776352193,-0.9999422030204416,31.38
1.0,0.0,0.0,0.0,1979.3366666666677,0.0,212.0,56.0,-0.3612483950938884,49.0,-0.00645086419810515,-0.9999791929590823,16.7
1.0,0.0,0.0,0.0,1529.9666666666674,33.0,215.0,73.0,-1.7265322889019057,43.0,-0.023651127245231586,-0.9997202729664083,23.42
1.0,0.0,0.0,0.0,1075.9666666666674,53.0,172.0,71.0,-2.8999517995740236,46.0,-0.04084439154329611,-0.9991655196610109,22.65
1.0,0.0,0.0,0.0,1511.203333333334,11.0,171.0,83.0,-4.816122254288769,39.0,-0.05802556932878035,-0.9983150972033183,21.72
1.0,0.0,0.0,0.0,1453.4766666666674,29.0,175.0,79.0,-7.294175361935906,45.0,-0.09233133369539122,-0.9957283388645872,17.86
1.0,0.0,0.0,0.0,1168.3566666666675,15.0,160.0,41.0,-4.487276514605538,41.0,-0.10944576864891556,-0.993992768446958,24.2
1.0,0.0,0.0,0.0,847.6666666666674,12.0,170.0,76.0,-9.61611407973992,50.0,-0.12652781683868314,-0.9919630595773397,18.72
1.0,0.0,0.0,0.0,1910.6966666666674,0.0,170.0,81.0,-11.629366296356716,45.0,-0.1435724234118113,-0.9896398128792412,29.9
1.0,0.0,0.0,0.0,2021.2066666666672,0.0,170.0,62.0,-9.955621764889614,46.0,-0.16057454459499376,-0.9870237158387383,23.15
1.0,0.0,0.0,0.0,2037.8733333333341,0.0,203.0,70.0,-12.427040443092448,49.0,-0.17752914918703497,-0.984115542601034,21.37
1.0,0.0,0.0,0.0,1035.8200000000008,11.0,211.0,74.0,-14.387910283526985,45.0,-0.19443122004766195,-0.9809161537413774,23.31
1.0,0.0,0.0,0.0,1167.9766666666676,4.0,207.0,74.0,-15.634405913081267,48.0,-0.2112757555821793,-0.9774264960104055,26.59
1.0,0.0,0.0,0.0,1122.4000000000008,9.0,254.0,81.0,-19.826556372678024,51.0,-0.24477230089725957,-0.9695805901076308,15.89
1.0,0.0,0.0,0.0,1236.6566666666677,0.0,254.0,66.0,-17.25335030173631,49.0,-0.2614143985111562,-0.965226663665613,24.53
1.0,0.0,0.0,0.0,1273.1166666666675,35.0,228.0,72.0,-21.201236768649686,47.0,-0.2944616217868012,-0.9556633054034704,30.42
1.0,0.0,0.0,0.0,1496.0233333333342,36.0,212.0,83.0,-25.8011283642108,43.0,-0.3108569682435036,-0.9504567035349151,28.86
1.0,0.0,0.0,0.0,1214.3433333333344,10.0,202.0,38.0,-13.047941211862746,43.0,-0.34336687399638804,-0.939201357453208,24.87
1.0,0.0,0.0,0.0,1045.2433333333342,10.0,199.0,69.0,-25.90745612944579,42.0,-0.3754703786876202,-0.9268343944460494,22.26
1.0,0.0,0.0,0.0,1027.710000000001,33.0,166.0,90.0,-39.44760507112673,46.0,-0.4383067230125192,-0.898825465016444,24.94
1.0,0.0,0.0,0.0,1059.7333333333343,0.0,184.0,46.0,-20.870341957441834,42.0,-0.45370308603134424,-0.8911529104063088,24.67
1.0,0.0,0.0,0.0,1870.7733333333342,22.0,170.0,72.0,-33.765493752549496,47.0,-0.46896519100763184,-0.8832166493127127,25.82
1.0,0.0,0.0,0.0,2066.723333333334,0.0,170.0,80.0,-38.72708173111807,49.0,-0.48408852163897587,-0.8750190302029955,25.0
1.0,0.0,0.0,0.0,1964.9800000000007,0.0,254.0,77.0,-38.42828240701696,40.0,-0.4990686026885319,-0.8665624788845385,8.58
1.0,0.0,0.0,0.0,1387.660000000001,33.0,221.0,78.0,-40.0842781021262,54.0,-0.5139010013093103,-0.8578494977869301,21.51
1.0,0.0,0.0,0.0,1066.5266666666676,19.0,202.0,84.0,-44.40083158189805,44.0,-0.5285813283559292,-0.8488826652214553,20.36
1.0,0.0,0.0,0.0,1634.2866666666675,0.0,223.0,47.0,-28.1789201014235,50.0,-0.5995514915196489,-0.8003361849976323,16.74
1.0,0.0,0.0,0.0,1438.0933333333342,56.0,167.0,80.0,-50.13813572066641,46.0,-0.6267266965083301,-0.7792391467859886,19.86
1.0,0.0,0.0,0.0,1409.2466666666676,0.0,183.0,75.0,-48.00285811532627,45.0,-0.6400381082043503,-0.7683431655492202,20.89
1.0,0.0,0.0,0.0,861.7400000000008,9.0,174.0,28.0,-18.28848342515404,49.0,-0.65316012232693,-0.7572198192083127,24.36
1.0,0.0,0.0,0.0,803.990000000001,20.0,154.0,57.0,-37.96706478407569,50.0,-0.666088855860977,-0.7458723993404063,22.7
1.0,0.0,0.0,0.0,862.5100000000008,0.0,186.0,93.0,-63.130304917719904,46.0,-0.6788204829862355,-0.734304263829602,19.69
1.0,0.0,0.0,0.0,1115.680000000001,7.0,192.0,74.0,-52.07212815344695,44.0,-0.7036774074790128,-0.7105196029692745,25.38
1.0,0.0,0.0,0.0,1034.560000000001,0.0,208.0,52.0,-37.221358162698536,43.0,-0.7157953492826642,-0.6983101158835584,19.56
1.0,0.0,0.0,0.0,1183.7800000000009,18.0,207.0,99.0,-74.33556108649594,43.0,-0.7508642533989489,-0.6604565640279754,26.28
1.0,0.0,0.0,0.0,1065.250000000001,8.0,203.0,63.0,-48.013185174516366,44.0,-0.7621140503891487,-0.6474427960827475,21.03
1.0,0.0,0.0,0.0,1214.0466666666675,0.0,205.0,71.0,-55.659300984487324,42.0,-0.7839338166829201,-0.620844401650647,24.45
1.0,0.0,0.0,0.0,1596.4166666666677,84.0,122.0,74.0,-58.792802358328345,41.0,-0.7944973291665992,-0.6072676460566135,23.16
1.0,0.0,0.0,0.0,1613.5266666666676,0.0,159.0,80.0,-64.38605896866761,41.0,-0.8048257371083452,-0.593511190196115,18.23
1.0,0.0,0.0,0.0,2294.936666666668,0.0,171.0,64.0,-52.78496540629513,46.0,-0.8247650844733614,-0.5654755126737576,24.64
1.0,0.0,0.0,0.0,1781.490000000001,21.0,150.0,88.0,-73.42457087001993,49.0,-0.8343701235229538,-0.5512045872199277,21.1
1.0,0.0,0.0,0.0,1920.140000000001,0.0,165.0,84.0,-70.87317375845878,45.0,-0.8437282590292712,-0.5367705514607103,24.2
1.0,0.0,0.0,0.0,1297.9833333333343,16.0,149.0,76.0,-64.81559085447891,46.0,-0.8528367217694595,-0.522177676659508,25.33
1.0,0.0,0.0,0.0,1281.0066666666673,0.0,156.0,83.0,-71.52050376143673,44.0,-0.8616928164028522,-0.5074302810827518,22.99
1.0,0.0,0.0,0.0,1217.9733333333343,0.0,160.0,66.0,-57.439398869725444,51.0,-0.8702939222685674,-0.49253272872205434,24.77
1.0,0.0,0.0,0.0,921.3933333333342,32.0,161.0,30.0,-26.359124824830005,45.0,-0.8786374941610001,-0.4774894280028391,19.87
1.0,0.0,0.0,0.0,920.1200000000009,13.0,173.0,77.0,-70.56346502546462,42.0,-0.9164086366943458,-0.4002439388573056,24.9
1.0,0.0,0.0,0.0,858.1533333333342,16.0,174.0,63.0,-58.95759853210463,46.0,-0.9358348973349941,-0.35243871088460327,23.43
1.0,0.0,0.0,0.0,1152.8000000000009,17.0,157.0,76.0,-71.57367899155909,46.0,-0.9417589340994617,-0.33628873017668287,24.66
1.0,0.0,0.0,0.0,1230.0466666666678,4.0,153.0,85.0,-80.52936458573018,43.0,-0.9474042892438845,-0.32003923622313857,25.64
1.0,0.0,0.0,0.0,1317.9366666666676,2.0,158.0,89.0,-85.24885963306235,42.0,-0.9578523554276669,-0.28726097055059635,21.27
1.0,0.0,0.0,0.0,1189.1733333333343,1.0,157.0,60.0,-58.52018328460702,48.0,-0.9753363880767837,-0.2207236509605022,21.45
1.0,0.0,0.0,0.0,1111.8433333333344,37.0,150.0,88.0,-86.151020889202,44.0,-0.9789888737409319,-0.20391367068311472,14.74
1.0,0.0,0.0,0.0,1198.7766666666676,12.0,143.0,82.0,-80.80474785194009,47.0,-0.9854237542919524,-0.17011767832049052,26.55
1.0,0.0,0.0,0.0,2444.0366666666678,0.0,167.0,71.0,-70.1625013945841,37.0,-0.9882042449941422,-0.15314166701312007,16.94
1.0,0.0,0.0,0.0,2522.940000000001,15.0,172.0,60.0,-59.573232812141775,49.0,-0.9928872135356962,-0.11905873003404988,24.28
1.0,0.0,0.0,0.0,3210.393333333335,0.0,210.0,66.0,-65.65602817021558,48.0,-0.994788305609327,-0.10196189005174576,21.73
1.0,0.0,0.0,0.0,1954.3200000000008,7.0,233.0,73.0,-72.73683673876678,46.0,-0.9963950238187231,-0.08483487790576538,17.49
1.0,0.0,0.0,0.0,1841.1833333333343,4.0,229.0,73.0,-72.83260316783853,50.0,-0.9977068927101168,-0.06768276175455162,22.12
1.0,0.0,0.0,0.0,1246.7866666666675,33.0,204.0,88.0,-87.88767011907495,48.0,-0.9987235240803972,-0.050510617185222886,22.32
1.0,0.0,0.0,0.0,1277.0566666666675,25.0,206.0,81.0,-80.95501398445086,43.0,-0.9994446170919858,-0.033323525711631344,17.98
1.0,0.0,0.0,0.0,1399.5133333333342,17.0,221.0,90.0,-89.99994798222232,46.0,-0.9999994220246925,0.001075151282798226,24.21
1.0,0.0,0.0,0.0,1540.4266666666674,0.0,221.0,90.0,-89.98496727930946,54.0,-0.999832969770105,0.018276557681691223,27.81
1.0,0.0,0.0,0.0,1690.260000000001,0.0,246.0,80.0,-79.88900816671787,46.0,-0.9986126020839734,0.052658056924614005,25.85
1.0,0.0,0.0,0.0,1524.283333333334,7.0,357.0,75.0,-74.8169285834146,45.0,-0.9975590477788613,0.06982797572987089,9.36
1.0,0.0,0.0,0.0,1109.2233333333343,0.0,365.0,40.0,-39.78267027882535,50.0,-0.9945667569706337,0.1041007489354256,34.1
1.0,0.0,0.0,0.0,1198.3133333333342,30.0,339.0,83.0,-82.20297756292624,46.0,-0.9903973200352558,0.1382503109109819,30.13
1.0,0.0,0.0,0.0,2218.5900000000006,5.0,387.0,73.0,-71.9090640429696,43.0,-0.9850556718215013,0.172236243027682,21.32
1.0,0.0,0.0,0.0,2318.8866666666677,24.0,363.0,72.0,-70.45546568977463,47.0,-0.9785481345802031,0.20601832032517084,26.08
1.0,0.0,0.0,0.0,2009.9766666666676,20.0,347.0,33.0,-32.17036385763461,47.0,-0.9748595108374125,0.22282040779479959,32.82
1.0,0.0,0.0,0.0,1225.0266666666676,38.0,312.0,79.0,-76.6997104280293,47.0,-0.9708824104813836,0.23955655912092708,32.16
1.0,0.0,0.0,0.0,1215.7166666666676,30.0,305.0,66.0,-63.49645978487759,45.0,-0.9620675724981452,0.27281126433401914,27.82
1.0,0.0,0.0,0.0,1715.6100000000008,0.0,305.0,90.0,-86.15091989909808,43.0,-0.957232443323312,0.28931997761869527,31.39
1.0,0.0,0.0,0.0,1529.7866666666675,8.0,322.0,77.0,-73.31278213244448,45.0,-0.9521140536681102,0.3057430764672831,22.62
1.0,0.0,0.0,0.0,1282.490000000001,27.0,332.0,33.0,-31.05410994658895,44.0,-0.9410336347451197,0.3383130181923076,22.33
1.0,0.0,0.0,0.0,1043.7166666666674,32.0,302.0,89.0,-83.22166470728861,47.0,-0.9350748843515574,0.3544502230989869,25.11
1.0,0.0,0.0,0.0,1238.1833333333343,0.0,304.0,82.0,-76.16483328097615,49.0,-0.9288394302558068,0.3704825404820963,29.89
1.0,0.0,0.0,0.0,1521.2166666666674,25.0,310.0,67.0,-61.79605088114665,43.0,-0.9223291176290545,0.3864052261209853,23.45
1.0,0.0,0.0,0.0,1255.3466666666675,118.0,298.0,82.0,-75.07476158415884,46.0,-0.9155458729775467,0.40221356823680365,13.24
1.0,0.0,0.0,0.0,1289.3733333333344,8.0,290.0,82.0,-74.49631969294568,46.0,-0.9084917035725082,0.41790288888678667,32.84
1.0,0.0,0.0,0.0,1329.950000000001,4.0,287.0,64.0,-57.67479659879404,45.0,-0.9011686968561569,0.4334685453485363,33.81
1.0,0.0,0.0,0.0,1679.3333333333342,53.0,249.0,80.0,-70.20869733518714,54.0,-0.8776087166898392,0.4793776594606945,30.95
1.0,0.0,0.0,0.0,1667.240000000001,0.0,292.0,80.0,-69.53862531659834,51.0,-0.8692328164574792,0.49440298420761813,31.81
1.0,0.0,0.0,0.0,2635.7633333333342,4.0,315.0,73.0,-61.50776256902203,48.0,-0.8425720899866032,0.5385835804920232,26.51
1.0,0.0,0.0,0.0,2344.766666666668,3.0,353.0,44.0,-36.660049297923855,43.0,-0.8331829385891785,0.5529974600700271,31.14
1.0,0.0,0.0,0.0,2329.3000000000006,23.0,372.0,68.0,-56.00121197698085,39.0,-0.8235472349556007,0.5672476988027229,25.15
1.0,0.0,0.0,0.0,1460.470000000001,0.0,372.0,76.0,-58.65472797755555,47.0,-0.7717727365467836,0.6358984534680745,33.84
1.0,0.0,0.0,0.0,1412.0366666666675,25.0,375.0,39.0,-29.668083562900005,42.0,-0.7607200913564104,0.6490800741100398,29.67
1.0,0.0,0.0,0.0,1607.0366666666675,37.0,341.0,70.0,-51.6559967212197,52.0,-0.7379428103031386,0.6748632518680403,36.56
1.0,0.0,0.0,0.0,1452.210000000001,2.0,361.0,87.0,-63.18156757056142,41.0,-0.7262249146041543,0.6874571793269664,23.07
1.0,0.0,0.0,0.0,1656.0900000000008,2.0,380.0,82.0,-58.571953616066466,43.0,-0.7142921172691032,0.699847677146407,19.49
1.0,0.0,0.0,0.0,1415.3033333333344,31.0,367.0,87.0,-60.01225240590621,41.0,-0.6897960046655887,0.7240037789593305,29.62
1.0,0.0,0.0,0.0,1117.7933333333344,106.0,446.0,67.0,-43.652534220955744,44.0,-0.6515303615068021,0.75862255966641,9.0
1.0,0.0,0.0,0.0,942.7100000000011,0.0,449.0,50.0,-31.91922295873321,49.0,-0.6383844591746642,0.7697176640069211,24.66
1.0,0.0,0.0,0.0,992.8366666666676,1.0,450.0,80.0,-45.59208460902099,48.0,-0.5699010576127624,0.8217133225960589,31.9
1.0,0.0,0.0,0.0,2012.4000000000012,15.0,436.0,67.0,-37.23069215589528,46.0,-0.5556819724760489,0.8313949395234058,36.01
1.0,0.0,0.0,0.0,2146.320000000001,43.0,445.0,76.0,-41.13868235987491,43.0,-0.5412984521036173,0.8408305333122887,25.11
1.0,0.0,0.0,0.0,1995.4733333333343,27.0,430.0,62.0,-32.65879467425436,46.0,-0.5267547528105542,0.8500173118187018,31.66
1.0,0.0,0.0,0.0,1232.710000000001,41.0,449.0,72.0,-36.86797283842545,41.0,-0.5120551783114646,0.8589525565270845,26.25
1.0,0.0,0.0,0.0,967.3700000000009,42.0,407.0,30.0,-14.466175436890579,45.0,-0.4822058478963526,0.8760579434344281,22.43
1.0,0.0,0.0,0.0,1527.9366666666676,0.0,409.0,91.0,-42.50290816384616,50.0,-0.46706492487743034,0.8842230238742036,24.67
1.0,0.0,0.0,0.0,1489.5266666666676,28.0,415.0,94.0,-39.55811480799163,44.0,-0.42083100859565564,0.9071390534005044,17.54
1.0,0.0,0.0,0.0,1824.6266666666677,3.0,412.0,75.0,-29.203360615890112,51.0,-0.3893781415452015,0.9210779895789526,27.41
1.0,0.0,0.0,0.0,1031.7766666666676,22.0,399.0,32.0,-11.951249197218264,47.0,-0.37347653741307074,0.9276396261490467,27.72
1.0,0.0,0.0,0.0,1099.0300000000009,21.0,378.0,64.0,-22.87772259615113,45.0,-0.3574644155648614,0.9339267592294762,29.12
1.0,0.0,0.0,0.0,989.380000000001,18.0,360.0,65.0,-21.133294194994104,46.0,-0.3251276029999093,0.9456701548465688,25.92
1.0,0.0,0.0,0.0,1270.1133333333344,185.0,181.0,92.0,-22.327189701598776,43.0,-0.2426868445825954,0.9701046827361175,24.28
1.0,0.0,0.0,0.0,1107.7800000000009,3.0,212.0,58.0,-13.105889278385105,41.0,-0.22596360824801906,0.974135744004672,21.02
1.0,0.0,0.0,0.0,1162.990000000001,2.0,238.0,85.0,-17.779747979940293,49.0,-0.20917350564635637,0.9778785428342386,21.93
1.0,0.0,0.0,0.0,1140.4033333333343,1.0,268.0,79.0,-15.193398913888492,46.0,-0.19232150523909483,0.9813319716704275,16.47
1.0,0.0,0.0,0.0,1210.143333333334,52.0,252.0,72.0,-12.629706753908046,46.0,-0.17541259380427843,0.9844950085880858,20.75
1.0,0.0,0.0,0.0,1126.2266666666676,12.0,260.0,69.0,-10.933172472297706,44.0,-0.15845177496083632,0.9873667175937016,23.61
1.0,0.0,0.0,0.0,935.810000000001,60.0,216.0,43.0,-6.082094910581507,43.0,-0.14144406768794202,0.9899462489023779,29.14
1.0,0.0,0.0,0.0,1035.4933333333345,0.0,216.0,77.0,-9.578376872664599,46.0,-0.12439450483979998,0.9922328391893008,24.81
1.0,0.0,0.0,0.0,837.2500000000009,2.0,275.0,77.0,-8.262726137539909,44.0,-0.10730813165636247,0.9942258118156161,8.92
1.0,0.0,0.0,0.0,1106.410000000001,34.0,251.0,109.0,-9.830710465467618,46.0,-0.09019000427034513,0.9959245770286599,22.72
1.0,0.0,0.0,0.0,1022.1000000000009,0.0,266.0,68.0,-4.967072798351225,44.0,-0.07304518821104743,0.9973286321364752,22.84
1.0,0.0,0.0,0.0,1898.0833333333346,9.0,272.0,56.0,-3.1292103867008954,46.0,-0.05587875690537313,0.9984375616565666,21.82
1.0,0.0,0.0,0.0,2015.4333333333343,0.0,313.0,78.0,-3.0182716337690976,46.0,-0.03869579017652689,0.9992510374388481,22.95
1.0,0.0,0.0,0.0,1914.8733333333346,0.0,324.0,36.0,-0.7740494186692966,47.0,-0.021501372740813793,0.999768818762748,29.89
1.0,0.0,0.0,0.0,1171.7966666666675,6.0,362.0,81.0,1.045018255902992,46.0,0.012901459949419653,0.9999167727021953,15.8
1.0,0.0,0.0,0.0,895.1400000000009,34.0,336.0,86.0,1.4793354859704035,42.0,0.017201575418260506,0.9998520419557735,20.88
1.0,0.0,0.0,0.0,1006.0533333333342,28.0,308.0,79.0,2.717446788475033,48.0,0.03439806061360801,0.9994082116062598,19.66
1.0,0.0,0.0,0.0,1189.9066666666674,31.0,289.0,71.0,3.662490047727994,43.0,0.051584366869408364,0.9986686402879997,20.18
1.0,0.0,0.0,0.0,1150.2866666666675,36.0,253.0,82.0,5.637943495453432,49.0,0.06875540848113941,0.9976335468520451,17.77
1.0,0.0,0.0,0.0,1106.0700000000008,20.0,236.0,65.0,6.697039637806621,50.0,0.10303137904317879,0.9946781061893646,20.42
1.0,0.0,0.0,0.0,1027.0800000000008,16.0,220.0,86.0,10.330850205682143,47.0,0.1201261651823505,0.9927586335250793,19.43
1.0,0.0,0.0,0.0,863.1166666666676,0.0,220.0,39.0,7.9936784448103175,45.0,0.20496611396949532,0.9787690698649216,20.38
1.0,0.0,0.0,0.0,992.3000000000008,61.0,159.0,77.0,17.076456131849103,47.0,0.22177215755648186,0.975098513039961,18.88
1.0,0.0,0.0,0.0,928.6366666666676,10.0,149.0,82.0,19.558031165914272,43.0,0.23851257519407648,0.9711394088771653,18.05
1.0,0.0,0.0,0.0,1111.3100000000006,15.0,143.0,82.0,20.92495787611657,42.0,0.2551824131233728,0.9668929289391521,20.85
1.0,0.0,0.0,0.0,1019.3666666666674,15.0,128.0,73.0,19.839701908392907,47.0,0.2717767384711357,0.9623603298276545,20.85
1.0,0.0,0.0,0.0,960.7333333333341,41.0,87.0,78.0,22.48666997534238,51.0,0.2882906407095177,0.9575429528116719,14.4
1.0,0.0,0.0,0.0,2119.9966666666674,11.0,76.0,78.0,26.309483392622365,49.0,0.3373010691361842,0.9413968285264122,15.53
1.0,0.0,0.0,0.0,2100.026666666668,44.0,32.0,77.0,27.215239688104752,51.0,0.3534446712740877,0.9354554315134164,18.08
1.0,0.0,0.0,0.0,2115.3000000000006,8.0,30.0,75.0,27.71127625855373,46.0,0.3694836834473831,0.9292372181882051,16.68
1.0,0.0,0.0,0.0,784.1066666666676,0.0,57.0,86.0,33.145548913072005,44.0,0.38541335945432564,0.9227440286201427,10.05
1.0,0.0,0.0,0.0,1885.2266666666676,12.0,45.0,99.0,39.72166955930259,47.0,0.4012289854475009,0.9159777842484877,21.17
1.0,0.0,0.0,0.0,1893.4466666666676,0.0,45.0,82.0,34.18792226895575,47.0,0.4169258813287287,0.908940487313808,15.48
1.0,0.0,0.0,0.0,1909.090000000001,3.0,42.0,38.0,16.434977281091193,52.0,0.4324994021339788,0.901634220265486,22.08
1.0,0.0,0.0,0.0,772.9633333333342,0.0,42.0,68.0,30.4602558797366,48.0,0.44794493940789115,0.8940611451454876,18.51
1.0,0.0,0.0,0.0,754.3233333333343,0.0,42.0,75.0,34.744344192561876,45.0,0.4632579225674917,0.88622350294858,16.05
1.0,0.0,0.0,0.0,911.8866666666676,0.0,42.0,80.0,38.274705620376096,47.0,0.4784338202547012,0.8781236129591848,19.86
1.0,0.0,0.0,0.0,953.1600000000008,0.0,45.0,95.0,46.87947345933755,44.0,0.49346814167723735,0.8697638720650646,15.49
1.0,0.0,0.0,0.0,914.4233333333342,9.0,43.0,71.0,36.09330709356336,49.0,0.5083564379375122,0.8611467540480452,14.28
1.0,0.0,0.0,0.0,742.9733333333343,0.0,47.0,81.0,42.37063857127974,47.0,0.5230943033491326,0.8522748088519838,10.21
1.0,0.0,0.0,0.0,544.1066666666676,0.0,47.0,38.0,20.431740316143337,48.0,0.5376773767406141,0.8431506618282,15.08
1.0,0.0,0.0,0.0,498.39000000000095,0.0,53.0,53.0,31.501936299004104,43.0,0.5943761565849831,0.804187157621448,15.89
1.0,0.0,0.0,0.0,590.3533333333343,0.0,69.0,90.0,54.73093499041876,41.0,0.6081214998935418,0.7938439653781019,14.71
1.0,0.0,0.0,0.0,768.1033333333343,6.0,68.0,75.0,46.62651676999109,43.0,0.6216868902665479,0.7832658619336791,18.79
1.0,0.0,0.0,0.0,738.8033333333342,27.0,45.0,39.0,24.767664225983005,50.0,0.6350683134867438,0.7724559775191742,16.95
1.0,0.0,0.0,0.0,747.6433333333342,0.0,53.0,83.0,53.805730211384116,45.0,0.6482618097757122,0.7614175109532997,15.71
1.0,0.0,0.0,0.0,767.460000000001,0.0,53.0,82.0,55.273695855678525,41.0,0.6740694616546161,0.7386679638813748,18.57
1.0,0.0,0.0,0.0,850.1666666666675,0.0,53.0,67.0,46.007290683125404,46.0,0.6866759803451553,0.726963615332308,15.76
1.0,0.0,0.0,0.0,1064.2066666666676,0.0,74.0,92.0,64.31529565203117,44.0,0.6990793005655562,0.7150441465537444,14.61
1.0,0.0,0.0,0.0,1010.4100000000009,0.0,74.0,70.0,49.789302638167065,44.0,0.7112757519738152,0.7029130847082615,18.04
1.0,0.0,0.0,0.0,1036.370000000001,0.0,74.0,81.0,59.53772760476824,43.0,0.7350336741329413,0.6780306024735382,14.69
1.0,0.0,0.0,0.0,839.5900000000009,3.0,71.0,74.0,55.24752047539857,48.0,0.746588114532413,0.6652865452111116,18.0
1.0,0.0,0.0,0.0,860.0800000000008,7.0,64.0,73.0,55.32827880730634,44.0,0.7579216274973472,0.6523456189565257,18.32
1.0,0.0,0.0,0.0,2021.2133333333343,4.0,60.0,97.0,74.59599334811506,46.0,0.7690308592589181,0.6392116531380588,13.77
1.0,0.0,0.0,0.0,1946.123333333334,0.0,84.0,87.0,67.85238945025444,49.0,0.7799125224167177,0.6258885343075018,11.7
1.0,0.0,0.0,0.0,1921.6266666666672,6.0,78.0,65.0,51.386620799250636,44.0,0.7905633969115482,0.612380204990065,19.0
1.0,0.0,0.0,0.0,643.3633333333339,16.0,62.0,44.0,35.243134563044784,47.0,0.8009803309782905,0.5986906625177214,14.3
1.0,0.0,0.0,0.0,764.0533333333339,5.0,57.0,80.0,64.89281936628497,47.0,0.8111602420785621,0.5848239578463322,19.57
1.0,0.0,0.0,0.0,833.9366666666673,4.0,62.0,89.0,73.07791048534713,48.0,0.8211001178128892,0.5707841943569036,16.96
1.0,0.0,0.0,0.0,926.963333333334,8.0,54.0,57.0,47.35542995829111,48.0,0.8307970168121247,0.5565755266413303,18.26
1.0,0.0,0.0,0.0,800.8866666666672,0.0,54.0,71.0,59.65761294215713,44.0,0.8402480696078469,0.5422021592729844,14.21
1.0,0.0,0.0,0.0,992.0966666666673,0.0,54.0,97.0,82.39669650970362,51.0,0.8494504794814806,0.527668345562516,18.75
1.0,0.0,0.0,0.0,1060.5500000000006,21.0,38.0,78.0,66.95531881676754,45.0,0.8584015232918917,0.512978386299228,18.12
1.0,0.0,0.0,0.0,982.9666666666672,0.0,38.0,38.0,32.94974498668591,45.0,0.8670985522812081,0.4981366284784055,17.34
1.0,0.0,0.0,0.0,788.463333333334,0.0,38.0,74.0,65.98137441496966,43.0,0.8916401947968874,0.45274469960737107,20.81
1.0,0.0,0.0,0.0,680.8766666666673,0.0,38.0,52.0,46.763401960757314,52.0,0.8992961915530253,0.4373400963303323,16.13
1.0,0.0,0.0,0.0,738.8966666666673,0.0,54.0,70.0,63.468025046845895,44.0,0.9066860720977985,0.4218060770826634,13.46
1.0,0.0,0.0,0.0,750.193333333334,0.0,54.0,69.0,64.41439048713656,50.0,0.9335418911179212,0.35846832151248087,21.9
1.0,0.0,0.0,0.0,866.4200000000005,24.0,37.0,88.0,82.68215876386947,41.0,0.9395699859530622,0.342356891994542,17.03
1.0,0.0,0.0,0.0,988.3866666666672,0.0,37.0,75.0,71.30927793469374,45.0,0.9507903724625832,0.3098349038318025,19.47
1.0,0.0,0.0,0.0,1038.2966666666673,0.0,37.0,74.0,70.74247144446167,49.0,0.9559793438440766,0.2934339689665273,23.35
1.0,0.0,0.0,0.0,1027.733333333334,0.0,57.0,79.0,76.27506609933258,43.0,0.9655071658143364,0.2603764827344581,17.91
1.0,0.0,0.0,0.0,1808.0666666666673,9.0,57.0,79.0,76.61761256041623,44.0,0.969843196967294,0.24372971360968387,20.61
1.0,0.0,0.0,0.0,1719.1866666666674,0.0,57.0,64.0,62.329103098559514,46.0,0.9738922359149924,0.22701082094141847,21.75
1.0,0.0,0.0,0.0,1748.1000000000004,0.0,78.0,85.0,83.10051218094145,49.0,0.9776530844816641,0.2102247521189836,17.16
1.0,0.0,0.0,0.0,903.7200000000007,0.0,78.0,54.0,52.98073000767245,44.0,0.981124629771712,0.19337647441020586,22.06
1.0,0.0,0.0,0.0,913.6966666666675,5.0,88.0,82.0,80.7130792489207,45.0,0.984305844499033,0.17647097349152166,17.52
1.0,0.0,0.0,0.0,1009.583333333334,0.0,104.0,84.0,83.14266264923401,45.0,0.9897936029670716,0.14250832791617088,23.39
1.0,0.0,0.0,0.0,985.603333333334,0.0,128.0,79.0,78.37578330054976,44.0,0.992098522791769,0.12546123335273648,13.7
1.0,0.0,0.0,0.0,1123.8166666666673,0.0,132.0,98.0,97.4227667408197,45.0,0.9941098647022418,0.10837701279187609,20.71
1.0,0.0,0.0,0.0,1038.6600000000008,16.0,116.0,67.0,66.72041124517399,47.0,0.9958270335100595,0.09126072172931188,22.48
1.0,0.0,0.0,0.0,1406.4466666666674,0.0,139.0,84.0,83.86366014323993,47.0,0.998376906467142,0.056952196034039754,17.82
1.0,0.0,0.0,0.0,1247.403333333334,7.0,162.0,71.0,70.9700866739006,42.0,0.9995786855478958,-0.029025013321975237,20.13
1.0,0.0,0.0,0.0,1382.3900000000006,0.0,162.0,85.0,84.82904309682587,50.0,0.9979887423155984,-0.06339140486951038,24.32
1.0,0.0,0.0,0.0,1030.923333333334,0.0,169.0,42.0,41.8635272924985,45.0,0.9967506498213929,-0.08054900421874167,27.74
1.0,0.0,0.0,0.0,1209.183333333334,20.0,161.0,73.0,72.65088500248224,44.0,0.9952176027737294,-0.09768276782171598,29.86
1.0,0.0,0.0,0.0,1284.3533333333341,9.0,152.0,87.0,86.42493476985274,43.0,0.9933900548258936,-0.11478762552212701,29.85
1.0,0.0,0.0,0.0,2505.360000000001,0.0,169.0,38.0,37.47355743698061,40.0,0.986146248341595,-0.16587819893463143,29.08
1.0,0.0,0.0,0.0,2190.893333333334,21.0,160.0,32.0,31.460703159108796,41.0,0.9831469737221499,-0.1828169249850199,23.84
1.0,0.0,0.0,0.0,2412.2200000000007,0.0,179.0,20.0,19.597135401917328,41.0,0.9798567700958665,-0.1997015525660636,27.8
1.0,0.0,0.0,0.0,1205.286666666667,15.0,186.0,39.0,38.07478783239035,48.0,0.9762766110869321,-0.21652708524481437,17.33
1.0,0.0,0.0,0.0,1233.7133333333338,16.0,202.0,38.0,36.951487132635876,43.0,0.9724075561219968,-0.23328854407545518,24.18
1.0,0.0,0.0,0.0,705.653333333334,24.0,178.0,52.0,49.87210228177388,40.0,0.9590788900341131,-0.28313898122818354,22.83
1.0,0.0,0.0,0.0,627.9266666666673,4.0,218.0,46.0,43.88706130266058,43.0,0.9540665500578387,-0.2995947563972602,19.28
1.0,0.0,0.0,0.0,581.393333333334,0.0,230.0,26.0,24.668069047438628,48.0,0.9487718864399473,-0.31596187665790293,24.15
1.0,0.0,0.0,0.0,700.8400000000006,23.0,227.0,57.0,53.4284904924695,45.0,0.9373419384643772,-0.3484108069446808,29.25
1.0,0.0,0.0,0.0,881.8133333333341,30.0,197.0,58.0,54.01018211190729,51.0,0.9312100364121947,-0.3644830148102912,27.86
1.0,0.0,0.0,0.0,1173.3466666666673,0.0,197.0,85.0,78.60821881792326,47.0,0.9248025743285089,-0.38044736628785164,22.74
1.0,0.0,0.0,0.0,1214.6400000000006,7.0,190.0,82.0,74.71582809727838,48.0,0.9111686353326631,-0.41203363695942635,21.79
1.0,0.0,0.0,0.0,1905.0233333333338,12.0,205.0,33.0,29.830224366439236,37.0,0.9039461929224011,-0.42764620926777464,20.55
1.0,0.0,0.0,0.0,3101.7366666666676,0.0,205.0,73.0,65.4413068552107,50.0,0.8964562582905575,-0.44313223418263453,27.84
1.0,0.0,0.0,0.0,3974.103333333334,17.0,188.0,74.0,65.76387753936757,39.0,0.8887010478292915,-0.45848712914008766,29.19
1.0,0.0,0.0,0.0,3331.410000000001,12.0,217.0,91.0,79.38876916925147,41.0,0.8724040568049612,-0.48878539428899265,21.95
1.0,0.0,0.0,0.0,2124.3233333333337,19.0,205.0,59.0,50.4493960067919,38.0,0.8550745085896932,-0.518505144391157,35.1
1.0,0.0,0.0,0.0,1033.9400000000005,22.0,223.0,38.0,32.14909774748589,42.0,0.8460288880917339,-0.533137056031809,23.08
1.0,0.0,0.0,0.0,1164.7700000000007,32.0,209.0,77.0,63.69357896796122,44.0,0.8271893372462497,-0.5619233046832195,32.73
1.0,0.0,0.0,0.0,1268.016666666667,0.0,209.0,80.0,65.39207854599351,43.0,0.8174009818249189,-0.5760691233798758,30.45
1.0,0.0,0.0,0.0,1621.786666666667,44.0,198.0,106.0,85.58129889604902,43.0,0.8073707443023492,-0.5900444739548627,24.05
1.0,0.0,0.0,0.0,1301.5366666666673,12.0,197.0,31.0,24.051621957016465,41.0,0.7758587728069828,-0.6309066211876704,35.32
1.0,0.0,0.0,0.0,2258.026666666667,20.0,212.0,101.0,76.12346410368431,45.0,0.753697664392914,-0.6572212950663319,27.55
1.0,0.0,0.0,0.0,2248.0866666666675,0.0,214.0,82.0,60.86703438113253,42.0,0.742280907086982,-0.6700888411055113,30.28
1.0,0.0,0.0,0.0,2643.1733333333336,0.0,214.0,81.0,59.182204250397824,51.0,0.7306444969184916,-0.6827580970759147,32.6
1.0,0.0,0.0,0.0,1711.1866666666672,0.0,221.0,76.0,54.628182673920165,46.0,0.7187918772884232,-0.6952253139408722,32.54
1.0,0.0,0.0,0.0,1973.1500000000008,27.0,250.0,87.0,61.485210335252575,46.0,0.7067265555776158,-0.7074868024503348,29.55
1.0,0.0,0.0,0.0,1763.2966666666673,0.0,253.0,68.0,45.51174648880546,44.0,0.6692903895412567,-0.7430009249440493,27.54
1.0,0.0,0.0,0.0,1904.9766666666674,0.0,268.0,85.0,55.79489897682474,45.0,0.6564105761979381,-0.7544038410927472,37.68
1.0,0.0,0.0,0.0,2227.066666666667,41.0,234.0,77.0,49.53691207114586,47.0,0.6433365204044917,-0.765583517007675,39.09
1.0,0.0,0.0,0.0,3191.8366666666675,7.0,227.0,85.0,53.55612773367134,45.0,0.6300720909843687,-0.7765366444428655,33.62
1.0,0.0,0.0,0.0,2755.3133333333335,40.0,219.0,37.0,22.31055108157044,42.0,0.6029878670694714,-0.7977503570459932,33.14
1.0,0.0,0.0,0.0,1955.0900000000004,18.0,229.0,61.0,35.939741321170075,46.0,0.5891760872322963,-0.8080046647350754,23.85
1.0,0.0,0.0,0.0,1075.0866666666673,0.0,234.0,81.0,46.59038681767018,47.0,0.5751899607119775,-0.8180198708443174,27.43
1.0,0.0,0.0,0.0,1839.253333333334,33.0,239.0,82.0,44.8303243752247,43.0,0.5467112728685939,-0.8373211953118121,28.59
1.0,0.0,0.0,0.0,1900.383333333334,11.0,250.0,62.0,32.99808260854126,48.0,0.5322271388474397,-0.8466016020976267,26.76
1.0,0.0,0.0,0.0,1625.7133333333338,35.0,245.0,50.0,25.139535988965218,47.0,0.5027907197793043,-0.8644081744776648,20.48
1.0,0.0,0.0,0.0,1101.5766666666673,2.0,275.0,92.0,44.88193738069269,41.0,0.4878471454423119,-0.8729290708206411,25.75
1.0,0.0,0.0,0.0,1452.203333333334,0.0,293.0,83.0,39.23901437076104,47.0,0.47275920928627757,-0.881191653407483,29.19
1.0,0.0,0.0,0.0,1586.4933333333338,7.0,336.0,78.0,35.687447333791596,38.0,0.4575313760742512,-0.8891934772070711,22.86
1.0,0.0,0.0,0.0,1826.7800000000007,56.0,280.0,95.0,42.005974436871846,47.0,0.44216815196707204,-0.8969321743510065,34.52
1.0,0.0,0.0,0.0,2359.7400000000002,3.0,295.0,87.0,35.76167665777205,40.0,0.4110537546870351,-0.9116111071930239,28.57
1.0,0.0,0.0,0.0,2212.8266666666673,15.0,291.0,30.0,11.859353662947452,44.0,0.3953117887649151,-0.9185469991587165,32.47
1.0,0.0,0.0,0.0,1915.1033333333337,7.0,287.0,66.0,21.86060103491131,40.0,0.3312212278016865,-0.9435531242349544,31.5
1.0,0.0,0.0,0.0,1091.6200000000006,0.0,316.0,63.0,19.84132210592397,47.0,0.31494162072895193,-0.9491110448902284,22.52
1.0,0.0,0.0,0.0,2079.923333333334,32.0,284.0,80.0,23.885505389097617,44.0,0.2985688173637202,-0.9543881083175908,35.23
1.0,0.0,0.0,0.0,1975.9200000000008,28.0,256.0,41.0,11.566414169958694,53.0,0.2821076626819194,-0.9593827529490743,34.39
1.0,0.0,0.0,0.0,2115.0400000000004,5.0,281.0,70.0,16.25700468063491,44.0,0.23224292400907015,-0.9726578145718654,21.53
1.0,0.0,0.0,0.0,1351.7566666666671,38.0,250.0,77.0,16.59175325859822,38.0,0.21547731504673012,-0.976508846196619,27.73
1.0,0.0,0.0,0.0,1283.073333333334,22.0,280.0,64.0,12.713468344330952,44.0,0.19864794288017112,-0.9800709131432666,19.28
1.0,0.0,0.0,0.0,1424.1600000000005,30.0,269.0,106.0,19.266537484685788,46.0,0.18175978759137534,-0.9833429613388902,31.31
1.0,0.0,0.0,0.0,1399.3266666666675,32.0,241.0,41.0,6.757531712945115,46.0,0.16481784665719793,-0.9863240225317866,30.71
1.0,0.0,0.0,0.0,2288.0466666666675,18.0,223.0,62.0,9.16528227517289,50.0,0.14782713347053048,-0.9890132145779883,29.18
1.0,0.0,0.0,0.0,2374.0233333333344,50.0,173.0,71.0,9.286279985829905,49.0,0.13079267585675922,-0.9914097417023038,33.97
1.0,0.0,0.0,0.0,2505.6800000000007,0.0,202.0,78.0,8.870122137704076,44.0,0.11371951458594969,-0.9935128947338007,22.19
1.0,0.0,0.0,0.0,1880.643333333334,18.0,184.0,87.0,8.40530506366467,42.0,0.0966127018812031,-0.9953220513156602,28.39
1.0,0.0,0.0,0.0,1470.6300000000008,11.0,173.0,68.0,5.4044563948062265,47.0,0.07947729992362097,-0.9968366760893436,25.63
1.0,0.0,0.0,0.0,1310.503333333334,3.0,186.0,69.0,4.299968175448431,40.0,0.062318379354325076,-0.998056320853012,27.17
1.0,0.0,0.0,0.0,1907.986666666667,29.0,157.0,38.0,1.7153586754109331,45.0,0.04514101777397193,-0.9989806246941579,27.16
1.0,0.0,0.0,0.0,2705.426666666667,0.0,157.0,51.0,1.4254652102507264,52.0,0.02795029824021032,-0.999609314096404,31.33
1.0,0.0,0.0,0.0,2795.1533333333336,0.0,167.0,79.0,-0.5096182716503068,46.0,-0.00645086419810515,-0.9999791929590823,27.28
1.0,0.0,0.0,0.0,2152.0333333333338,30.0,137.0,61.0,-3.5395597290556013,47.0,-0.05802556932878035,-0.9983150972033183,26.52
1.0,0.0,0.0,0.0,1549.9933333333338,7.0,130.0,55.0,-5.078223353246517,43.0,-0.09233133369539122,-0.9957283388645872,26.07
1.0,0.0,0.0,0.0,1578.9033333333336,52.0,78.0,83.0,-9.08399879785999,50.0,-0.10944576864891556,-0.993992768446958,26.35
1.0,0.0,0.0,0.0,1434.2700000000004,19.0,81.0,67.0,-9.619352368591358,43.0,-0.1435724234118113,-0.9896398128792412,23.12
1.0,0.0,0.0,0.0,1323.5100000000004,4.0,121.0,97.0,-17.22032747114239,47.0,-0.17752914918703497,-0.984115542601034,22.14
1.0,0.0,0.0,0.0,970.293333333334,0.0,146.0,37.0,-7.193955141763492,43.0,-0.19443122004766195,-0.9809161537413774,19.43
1.0,0.0,0.0,0.0,1082.823333333334,0.0,148.0,87.0,-19.841026096272223,45.0,-0.2280577712215198,-0.9736476020539838,23.51
1.0,0.0,0.0,0.0,943.1566666666671,29.0,165.0,83.0,-20.316100974472544,44.0,-0.24477230089725957,-0.9695805901076308,19.2
1.0,0.0,0.0,0.0,1032.656666666667,0.0,186.0,69.0,-19.180560618515827,45.0,-0.2779791393987801,-0.9605871111248129,15.88
1.0,0.0,0.0,0.0,1033.876666666667,0.0,186.0,71.0,-20.906775146862884,44.0,-0.2944616217868012,-0.9556633054034704,22.23
1.0,0.0,0.0,0.0,830.6233333333338,16.0,170.0,27.0,-8.393138142574598,47.0,-0.3108569682435036,-0.9504567035349151,22.52
1.0,0.0,0.0,0.0,1151.7200000000005,0.0,191.0,88.0,-31.63351955178124,46.0,-0.3594718130884232,-0.9331559438780432,17.02
1.0,0.0,0.0,0.0,999.6566666666672,0.0,191.0,54.0,-21.1333231742954,44.0,-0.3913578365610259,-0.9202385798054075,25.85
1.0,0.0,0.0,0.0,1396.406666666667,10.0,182.0,87.0,-38.132684902089174,45.0,-0.4383067230125192,-0.898825465016444,27.67
1.0,0.0,0.0,0.0,1156.2766666666673,0.0,186.0,70.0,-31.759216022194096,46.0,-0.45370308603134424,-0.8911529104063088,20.49
1.0,0.0,0.0,0.0,1196.076666666667,0.0,186.0,77.0,-36.11031970758765,48.0,-0.46896519100763184,-0.8832166493127127,19.61
1.0,0.0,0.0,0.0,959.0466666666671,0.0,195.0,74.0,-36.931076598951364,39.0,-0.4990686026885319,-0.8665624788845385,19.08
1.0,0.0,0.0,0.0,960.0666666666671,22.0,190.0,78.0,-40.0842781021262,42.0,-0.5139010013093103,-0.8578494977869301,19.31
1.0,0.0,0.0,0.0,832.6733333333337,44.0,146.0,38.0,-20.08609047752531,46.0,-0.5285813283559292,-0.8488826652214553,25.13
1.0,0.0,0.0,0.0,798.7300000000005,25.0,145.0,72.0,-39.103577257207085,48.0,-0.5431052396834317,-0.8396646346181327,16.21
1.0,0.0,0.0,0.0,732.0266666666671,2.0,152.0,57.0,-33.38465716901899,44.0,-0.5856957398073508,-0.8105309990194823,20.46
1.0,0.0,0.0,0.0,1007.9466666666672,46.0,106.0,79.0,-47.364567830052266,48.0,-0.5995514915196489,-0.8003361849976323,19.01
1.0,0.0,0.0,0.0,1112.8233333333337,21.0,96.0,96.0,-58.87006332477602,41.0,-0.6132298262997502,-0.7899045386224707,18.08
1.0,0.0,0.0,0.0,1141.836666666667,0.0,97.0,62.0,-39.682362708669714,48.0,-0.6400381082043503,-0.7683431655492202,19.89
1.0,0.0,0.0,0.0,949.1433333333338,0.0,97.0,75.0,-48.98700917451975,44.0,-0.65316012232693,-0.7572198192083127,18.07
1.0,0.0,0.0,0.0,1055.6133333333337,21.0,86.0,90.0,-59.94799702748793,46.0,-0.666088855860977,-0.7458723993404063,23.76
1.0,0.0,0.0,0.0,937.7833333333338,0.0,124.0,56.0,-38.01394704722919,43.0,-0.6788204829862355,-0.734304263829602,13.88
1.0,0.0,0.0,0.0,1002.1233333333338,1.0,123.0,77.0,-53.23404518812435,47.0,-0.6913512362094071,-0.722518835873311,20.77
1.0,0.0,0.0,0.0,978.3300000000005,4.0,119.0,84.0,-59.10890222823707,50.0,-0.7036774074790128,-0.7105196029692745,23.13
1.0,0.0,0.0,0.0,1188.5500000000004,0.0,119.0,71.0,-51.66680477657608,45.0,-0.7277014757264236,-0.6858939875998223,24.07
1.0,0.0,0.0,0.0,1147.4266666666672,9.0,138.0,89.0,-65.80591146003725,44.0,-0.7393922635959241,-0.673274892250183,16.66
1.0,0.0,0.0,0.0,1125.3600000000004,17.0,130.0,85.0,-63.82346153891066,43.0,-0.7508642533989489,-0.6604565640279754,23.42
1.0,0.0,0.0,0.0,1091.4700000000005,0.0,138.0,89.0,-67.82815048463424,42.0,-0.7621140503891487,-0.6474427960827475,18.3
1.0,0.0,0.0,0.0,1284.8166666666673,24.0,114.0,99.0,-76.54069423148965,46.0,-0.7731383255706026,-0.6342374393978054,22.77
1.0,0.0,0.0,0.0,1208.626666666667,9.0,116.0,75.0,-58.795036251219,41.0,-0.7839338166829201,-0.620844401650647,22.52
1.0,0.0,0.0,0.0,1014.766666666667,0.0,128.0,41.0,-32.57439049583057,39.0,-0.7944973291665992,-0.6072676460566135,17.78
1.0,0.0,0.0,0.0,984.6733333333337,11.0,117.0,89.0,-72.52752259078105,50.0,-0.8149159841660791,-0.5795791048257612,23.17
1.0,0.0,0.0,0.0,938.4800000000005,1.0,116.0,75.0,-61.857381335502104,46.0,-0.8247650844733614,-0.5654755126737576,18.39
1.0,0.0,0.0,0.0,1046.136666666667,0.0,127.0,56.0,-46.724726917285416,47.0,-0.8343701235229538,-0.5512045872199277,20.93
1.0,0.0,0.0,0.0,964.4366666666671,10.0,117.0,92.0,-78.46097840279027,48.0,-0.8528367217694595,-0.522177676659508,18.9
1.0,0.0,0.0,0.0,887.5566666666672,38.0,79.0,44.0,-37.9144839217255,52.0,-0.8616928164028522,-0.5074302810827518,21.82
1.0,0.0,0.0,0.0,1103.4900000000005,0.0,79.0,87.0,-76.441461992007,45.0,-0.8786374941610001,-0.4774894280028391,24.84
1.0,0.0,0.0,0.0,1163.4600000000005,0.0,91.0,84.0,-74.48456929897141,47.0,-0.886721063082993,-0.46230483047981086,24.86
1.0,0.0,0.0,0.0,1288.5666666666673,0.0,114.0,72.0,-64.40704106230437,44.0,-0.8945422369764496,-0.4469834295196741,23.22
1.0,0.0,0.0,0.0,1210.7133333333338,28.0,86.0,84.0,-75.77629092013542,53.0,-0.9020987014301837,-0.43152975897147144,19.68
1.0,0.0,0.0,0.0,1157.5266666666673,9.0,99.0,65.0,-59.11023432371151,43.0,-0.9093882203647925,-0.4159483918249421,18.97
1.0,0.0,0.0,0.0,987.336666666667,8.0,105.0,37.0,-33.90711955769079,36.0,-0.9164086366943458,-0.4002439388573056,24.62
1.0,0.0,0.0,0.0,968.2766666666672,0.0,105.0,73.0,-67.39052472642338,46.0,-0.9231578729647039,-0.38442104726885545,22.66
1.0,0.0,0.0,0.0,1560.076666666667,11.0,94.0,73.0,-67.86327703368367,48.0,-0.9296339319682695,-0.3684843993077793,20.92
1.0,0.0,0.0,0.0,1789.7400000000007,12.0,101.0,87.0,-82.42417316421796,45.0,-0.9474042892438845,-0.32003923622313857,21.6
1.0,0.0,0.0,0.0,1544.9100000000005,0.0,139.0,38.0,-36.39838950625134,42.0,-0.9578523554276669,-0.28726097055059635,15.92
1.0,0.0,0.0,0.0,1223.6400000000006,0.0,149.0,82.0,-78.9374619267242,47.0,-0.9626519747161487,-0.2707418984477642,27.63
1.0,0.0,0.0,0.0,1131.5700000000004,11.0,172.0,80.0,-77.37333838381849,41.0,-0.9671667297977312,-0.2541427094613622,18.98
1.0,0.0,0.0,0.0,2139.2933333333335,0.0,172.0,63.0,-61.19790293507625,45.0,-0.97139528468375,-0.23746831555846842,24.76
1.0,0.0,0.0,0.0,1778.116666666667,0.0,172.0,55.0,-53.84438805575125,49.0,-0.9789888737409319,-0.20391367068311472,25.04
1.0,0.0,0.0,0.0,1942.1400000000003,0.0,181.0,100.0,-98.23516608469237,44.0,-0.9823516608469237,-0.18704334906991657,22.4
1.0,0.0,0.0,0.0,1202.1000000000004,12.0,198.0,96.0,-95.10646177550984,46.0,-0.9906923101615609,-0.13612033862266704,18.83
1.0,0.0,0.0,0.0,1670.893333333334,23.0,175.0,63.0,-62.55189445274886,42.0,-0.9928872135356962,-0.11905873003404988,25.33
1.0,0.0,0.0,0.0,1639.4766666666674,0.0,175.0,79.0,-78.58827614313682,42.0,-0.994788305609327,-0.10196189005174576,26.32
1.0,0.0,0.0,0.0,1713.6700000000008,22.0,161.0,73.0,-72.73683673876678,41.0,-0.9963950238187231,-0.08483487790576538,23.33
1.0,0.0,0.0,0.0,1533.1466666666672,14.0,147.0,61.0,-60.86012045531712,51.0,-0.9977068927101168,-0.06768276175455162,21.74
1.0,0.0,0.0,0.0,1519.7700000000004,0.0,160.0,48.0,-47.938729155859065,46.0,-0.9987235240803972,-0.050510617185222886,26.79
1.0,0.0,0.0,0.0,1630.016666666667,0.0,205.0,58.0,-57.99245758498783,50.0,-0.9998699583618592,-0.016126573270657762,22.19
1.0,0.0,0.0,0.0,2497.5766666666673,19.0,206.0,61.0,-60.989811155976405,47.0,-0.999832969770105,0.018276557681691223,24.49
1.0,0.0,0.0,0.0,2294.9600000000005,38.0,197.0,62.0,-61.96098035294781,50.0,-0.9993706508539969,0.03547255575312556,16.56
1.0,0.0,0.0,0.0,1888.176666666667,10.0,265.0,63.0,-62.912593931290324,42.0,-0.9986126020839734,0.052658056924614005,13.37
1.0,0.0,0.0,0.0,703.336666666667,34.0,266.0,55.0,-54.79156648362813,39.0,-0.9962102997023297,0.0869772313136861,26.15
1.0,0.0,0.0,0.0,2019.7200000000005,0.0,271.0,86.0,-85.174169523032,42.0,-0.9903973200352558,0.1382503109109819,29.98
1.0,0.0,0.0,0.0,2363.4700000000007,0.0,275.0,80.0,-78.80445374572011,50.0,-0.9850556718215013,0.172236243027682,28.01
1.0,0.0,0.0,0.0,2180.573333333334,9.0,302.0,32.0,-31.422310085972672,42.0,-0.981947190186646,0.18915526872004093,15.94
1.0,0.0,0.0,0.0,1008.3433333333338,29.0,318.0,44.0,-43.05611792152894,49.0,-0.9785481345802031,0.20601832032517084,26.07
1.0,0.0,0.0,0.0,662.2066666666673,0.0,421.0,70.0,-68.24016575861887,39.0,-0.9748595108374125,0.22282040779479959,12.26
1.0,0.0,0.0,0.0,1143.5166666666673,0.0,424.0,86.0,-83.495887301399,44.0,-0.9708824104813836,0.23955655912092708,31.34
1.0,0.0,0.0,0.0,1375.2333333333338,8.0,425.0,86.0,-82.73781123484049,47.0,-0.9620675724981452,0.27281126433401914,32.2
1.0,0.0,0.0,0.0,1756.623333333334,0.0,461.0,80.0,-76.57859546586496,43.0,-0.957232443323312,0.28931997761869527,19.46
1.0,0.0,0.0,0.0,1556.3800000000003,13.0,448.0,54.0,-51.41415889807795,47.0,-0.9521140536681102,0.3057430764672831,31.48
1.0,0.0,0.0,0.0,2303.373333333334,45.0,430.0,84.0,-79.52396912429644,50.0,-0.9467139181463862,0.3220757010206104,26.71
1.0,0.0,0.0,0.0,2299.4300000000007,20.0,460.0,67.0,-63.04925352792302,47.0,-0.9410336347451197,0.3383130181923076,27.03
1.0,0.0,0.0,0.0,2614.2500000000005,29.0,440.0,87.0,-80.8090304322552,43.0,-0.9288394302558068,0.3704825404820963,29.18
1.0,0.0,0.0,0.0,1529.393333333334,78.0,404.0,80.0,-73.78632941032436,39.0,-0.9223291176290545,0.3864052261209853,16.82
1.0,0.0,0.0,0.0,2157.833333333334,35.0,426.0,58.0,-53.10166063269771,46.0,-0.9155458729775467,0.40221356823680365,22.05
1.0,0.0,0.0,0.0,2424.136666666667,5.0,440.0,70.0,-63.08180877993098,46.0,-0.9011686968561569,0.4334685453485363,26.87
1.0,0.0,0.0,0.0,2646.7466666666674,4.0,443.0,90.0,-80.42211178415957,42.0,-0.8935790198239952,0.4489059314938798,26.59
1.0,0.0,0.0,0.0,1965.5966666666673,36.0,445.0,94.0,-83.25814232805499,50.0,-0.8857249183835637,0.4642104791518923,23.19
1.0,0.0,0.0,0.0,1378.0066666666671,45.0,433.0,77.0,-66.2661766112591,44.0,-0.8605996962501181,0.5092820071573356,22.53
1.0,0.0,0.0,0.0,1294.793333333334,103.0,394.0,61.0,-51.39689748918279,51.0,-0.8425720899866032,0.5385835804920232,12.16
1.0,0.0,0.0,0.0,1311.6266666666672,3.0,397.0,91.0,-75.81964741161524,41.0,-0.8331829385891785,0.5529974600700271,27.36
1.0,0.0,0.0,0.0,1362.843333333334,9.0,391.0,71.0,-58.47185368184765,47.0,-0.8235472349556007,0.5672476988027229,27.51
1.0,0.0,0.0,0.0,1460.7700000000007,36.0,361.0,57.0,-45.2118119848755,42.0,-0.7931896839451843,0.6089746507720486,27.35
1.0,0.0,0.0,0.0,1488.043333333334,0.0,377.0,81.0,-62.51359166028947,40.0,-0.7717727365467836,0.6358984534680745,32.11
1.0,0.0,0.0,0.0,2319.7200000000007,27.0,381.0,79.0,-59.20594461132344,44.0,-0.7494423368521954,0.6620696215153815,16.86
1.0,0.0,0.0,0.0,2436.426666666667,50.0,389.0,84.0,-61.98719606546364,44.0,-0.7379428103031386,0.6748632518680403,25.8
1.0,0.0,0.0,0.0,2170.0400000000004,9.0,437.0,54.0,-39.216145388624334,40.0,-0.7262249146041543,0.6874571793269664,24.69
1.0,0.0,0.0,0.0,1120.2400000000007,42.0,395.0,32.0,-22.46873438095033,45.0,-0.7021479494046978,0.7120310787787131,30.28
1.0,0.0,0.0,0.0,1370.2800000000007,57.0,342.0,89.0,-61.391844415237394,46.0,-0.6897960046655887,0.7240037789593305,32.3
1.0,0.0,0.0,0.0,1551.753333333334,19.0,338.0,77.0,-50.167837836023764,42.0,-0.6515303615068021,0.75862255966641,28.26
1.0,0.0,0.0,0.0,1692.283333333334,7.0,368.0,84.0,-53.62429457067179,47.0,-0.6383844591746642,0.7697176640069211,18.94
1.0,0.0,0.0,0.0,1112.2200000000005,38.0,357.0,64.0,-40.00317751106801,48.0,-0.6250496486104377,0.7805849965070866,20.98
1.0,0.0,0.0,0.0,813.6600000000007,33.0,346.0,33.0,-20.180485901370478,45.0,-0.6115298757991053,0.7912213413483807,21.82
1.0,0.0,0.0,0.0,1160.0900000000008,64.0,418.0,80.0,-47.82633131671641,43.0,-0.5978291414589552,0.801623551065242,10.29
1.0,0.0,0.0,0.0,1494.430000000001,6.0,417.0,85.0,-49.63587748790448,47.0,-0.5839514998576998,0.8117885474764613,33.16
1.0,0.0,0.0,0.0,1855.6166666666675,3.0,417.0,72.0,-38.97348855146044,46.0,-0.5412984521036173,0.8408305333122887,32.56
1.0,0.0,0.0,0.0,1291.903333333334,6.0,506.0,68.0,-35.81932319111768,38.0,-0.5267547528105542,0.8500173118187018,10.24
1.0,0.0,0.0,0.0,1965.0800000000008,16.0,492.0,46.0,-22.87138760855914,47.0,-0.4972040784469378,0.8676336233547726,18.61
1.0,0.0,0.0,0.0,1782.9433333333343,31.0,574.0,54.0,-26.03911578640304,44.0,-0.4822058478963526,0.8760579434344281,18.61
1.0,0.0,0.0,0.0,1903.0366666666675,58.0,516.0,33.0,-14.908931064485172,40.0,-0.451785789832884,0.8921264484954345,36.67
1.0,0.0,0.0,0.0,1051.863333333334,57.0,460.0,86.0,-37.528074912994946,48.0,-0.4363729641045924,0.8997658785476209,23.41
1.0,0.0,0.0,0.0,1126.783333333334,0.0,461.0,69.0,-29.03733959310024,48.0,-0.42083100859565564,0.9071390534005044,26.17
1.0,0.0,0.0,0.0,1127.7300000000007,4.0,457.0,52.0,-21.068555165879328,46.0,-0.4051645224207563,0.9142437912130223,21.98
1.0,0.0,0.0,0.0,825.0100000000007,15.0,457.0,35.0,-11.947127998576265,44.0,-0.34134651424503615,0.9399375283564133,19.94
1.0,0.0,0.0,0.0,754.2733333333341,37.0,473.0,76.0,-23.469748576235286,43.0,-0.30881248126625377,0.9511229423235357,20.91
1.0,0.0,0.0,0.0,619.6766666666675,27.0,458.0,28.0,-8.187367354630165,45.0,-0.29240597695107734,0.9562942772197719,20.68
1.0,0.0,0.0,0.0,728.4066666666673,22.0,479.0,70.0,-19.31390615020723,42.0,-0.27591294500296043,0.9611826292540837,17.84
1.0,0.0,0.0,0.0,666.4533333333341,136.0,347.0,63.0,-16.338310756450554,48.0,-0.2593382659754056,0.9657865518844574,19.3
1.0,0.0,0.0,0.0,823.5700000000006,5.0,342.0,70.0,-16.988079120781677,44.0,-0.2426868445825954,0.9701046827361175,18.86
1.0,0.0,0.0,0.0,819.6766666666675,3.0,360.0,55.0,-8.714847622845998,45.0,-0.15845177496083632,0.9873667175937016,21.04
0.0,1.0,0.0,0.0,295.31666666666655,0.0,238.0,38.0,37.699743866087225,45.0,0.992098522791769,0.12546123335273648,4.89
0.0,1.0,0.0,0.0,1702.9566666666667,0.0,238.0,66.0,65.61125107034796,49.0,0.9941098647022418,0.10837701279187609,12.53
0.0,1.0,0.0,0.0,2571.8333333333335,30.0,208.0,57.0,56.76214091007339,48.0,0.9958270335100595,0.09126072172931188,11.44
0.0,1.0,0.0,0.0,2925.6133333333332,4.0,207.0,57.0,56.84322270140867,48.0,0.9972495210773451,0.07411742515094437,12.35
0.0,1.0,0.0,0.0,1601.3799999999999,0.0,207.0,62.0,61.8993682009628,51.0,0.998376906467142,0.056952196034039754,12.26
0.0,1.0,0.0,0.0,759.1333333333333,1.0,216.0,75.0,74.94066420509814,40.0,0.9992088560679753,0.03977011384605572,11.65
0.0,1.0,0.0,0.0,768.2133333333335,15.0,203.0,75.0,74.980884276943,49.0,0.9997451236925734,0.022576263041545485,11.52
0.0,1.0,0.0,0.0,643.2566666666668,14.0,244.0,24.0,23.999653215617247,47.0,0.9999855506507186,0.005375731557583884,10.08
0.0,1.0,0.0,0.0,619.5733333333334,0.0,253.0,66.0,65.97219324616113,39.0,0.9995786855478958,-0.029025013321975237,12.03
0.0,1.0,0.0,0.0,360.89333333333343,0.0,303.0,56.0,55.94016477755203,43.0,0.9989315138848577,-0.046215046983708354,12.0
0.0,1.0,0.0,0.0,801.9833333333335,11.0,292.0,74.0,73.85116693135429,46.0,0.9979887423155984,-0.06339140486951038,13.78
0.0,1.0,0.0,0.0,745.4033333333335,5.0,316.0,52.0,51.83103379071243,39.0,0.9967506498213929,-0.08054900421874167,9.96
0.0,1.0,0.0,0.0,810.3066666666667,36.0,280.0,65.0,64.68914418029242,47.0,0.9952176027737294,-0.09768276782171598,14.11
0.0,1.0,0.0,0.0,461.63666666666677,9.0,296.0,67.0,66.41499263417461,45.0,0.9912685467787256,-0.13185851571739118,9.99
0.0,1.0,0.0,0.0,412.11333333333346,113.0,213.0,28.0,27.61209495356466,48.0,0.986146248341595,-0.16587819893463143,8.93
0.0,1.0,0.0,0.0,410.54333333333346,0.0,213.0,26.0,25.561821316775898,51.0,0.9831469737221499,-0.1828169249850199,14.15
0.0,1.0,0.0,0.0,297.7133333333334,0.0,273.0,22.0,21.556848942109063,41.0,0.9798567700958665,-0.1997015525660636,7.14
0.0,1.0,0.0,0.0,324.46666666666675,3.0,287.0,31.0,30.264574943694896,44.0,0.9762766110869321,-0.21652708524481437,12.52
0.0,1.0,0.0,0.0,143.92000000000007,0.0,287.0,10.0,9.724075561219967,45.0,0.9724075561219968,-0.23328854407545518,12.3
0.0,1.0,0.0,0.0,169.56666666666675,10.0,287.0,22.0,21.30151650256678,42.0,0.9682507501166718,-0.2499809690726521,12.55
0.0,1.0,0.0,0.0,177.36333333333337,2.0,303.0,33.0,31.805644963512115,44.0,0.9638074231367307,-0.26659942067929354,12.76
0.0,1.0,0.0,0.0,237.42000000000007,55.0,248.0,34.0,32.60868226115984,46.0,0.9590788900341131,-0.28313898122818354,11.5
0.0,1.0,0.0,0.0,268.6233333333334,9.0,260.0,36.0,34.34639580208219,43.0,0.9540665500578387,-0.2995947563972602,11.64
0.0,1.0,0.0,0.0,260.4366666666668,50.0,210.0,28.0,26.565612820318524,49.0,0.9487718864399473,-0.31596187665790293,12.89
0.0,1.0,0.0,0.0,1272.8866666666668,0.0,263.0,61.0,57.53498442335178,47.0,0.9431964659565866,-0.33223549871590435,9.97
0.0,1.0,0.0,0.0,1275.5033333333333,29.0,234.0,35.0,32.8069678462532,46.0,0.9373419384643772,-0.3484108069446808,11.77
0.0,1.0,0.0,0.0,2528.6766666666667,0.0,237.0,53.0,49.35413192984632,49.0,0.9312100364121947,-0.3644830148102912,12.62
0.0,1.0,0.0,0.0,1592.7833333333335,25.0,230.0,54.0,49.57855820735956,48.0,0.9181214482844364,-0.39629913726891813,13.39
0.0,1.0,0.0,0.0,1764.41,30.0,212.0,77.0,70.15998492061506,41.0,0.9111686353326631,-0.41203363695942635,16.61
0.0,1.0,0.0,0.0,556.3066666666667,0.0,239.0,68.0,61.468341118723274,42.0,0.9039461929224011,-0.42764620926777464,8.97
0.0,1.0,0.0,0.0,1070.4966666666667,60.0,179.0,67.0,60.062569305467356,46.0,0.8964562582905575,-0.44313223418263453,13.09
0.0,1.0,0.0,0.0,961.0500000000001,17.0,206.0,66.0,58.12506852438974,45.0,0.8806828564301475,-0.47370635037968,10.67
0.0,1.0,0.0,0.0,2366.1766666666667,0.0,220.0,60.0,51.304470515381595,40.0,0.8550745085896932,-0.518505144391157,17.2
0.0,1.0,0.0,0.0,1948.1433333333334,10.0,231.0,81.0,67.77536603679386,44.0,0.8367329140344921,-0.5476112038402312,14.7
0.0,1.0,0.0,0.0,1901.38,18.0,238.0,44.0,36.396330838834984,44.0,0.8271893372462497,-0.5619233046832195,11.34
0.0,1.0,0.0,0.0,1831.6033333333335,0.0,238.0,67.0,54.76586578226957,45.0,0.8174009818249189,-0.5760691233798758,20.75
0.0,1.0,0.0,0.0,1801.796666666667,21.0,229.0,65.0,51.128776795629136,50.0,0.7865965660866021,-0.6174672802835514,15.4
0.0,1.0,0.0,0.0,1993.3700000000001,0.0,239.0,87.0,67.4997132342075,49.0,0.7758587728069828,-0.6309066211876704,14.98
0.0,1.0,0.0,0.0,636.12,53.0,190.0,23.0,17.33504628103702,48.0,0.753697664392914,-0.6572212950663319,20.52
0.0,1.0,0.0,0.0,636.37,0.0,201.0,68.0,50.47510168191478,48.0,0.742280907086982,-0.6700888411055113,15.18
0.0,1.0,0.0,0.0,623.8866666666667,3.0,214.0,65.0,47.49189229970196,48.0,0.7306444969184916,-0.6827580970759147,19.78
0.0,1.0,0.0,0.0,601.1633333333333,18.0,276.0,73.0,52.47180704205489,47.0,0.7187918772884232,-0.6952253139408722,5.08
0.0,1.0,0.0,0.0,650.5200000000001,12.0,264.0,67.0,47.350679223700254,45.0,0.7067265555776158,-0.7074868024503348,18.7
0.0,1.0,0.0,0.0,627.4733333333334,27.0,255.0,76.0,52.7783597602746,42.0,0.6944521021088763,-0.719538934232584,16.42
0.0,1.0,0.0,0.0,916.8033333333333,0.0,285.0,62.0,42.2822732436087,46.0,0.6819721490904629,-0.7313781428679254,14.31
0.0,1.0,0.0,0.0,804.0533333333333,44.0,241.0,39.0,26.102325192109014,50.0,0.6692903895412567,-0.7430009249440493,18.23
0.0,1.0,0.0,0.0,709.5733333333334,14.0,275.0,68.0,44.63591918145979,42.0,0.6564105761979381,-0.7544038410927472,11.88
0.0,1.0,0.0,0.0,558.4166666666666,21.0,275.0,61.0,39.243527744674,52.0,0.6433365204044917,-0.765583517007675,15.25
0.0,1.0,0.0,0.0,926.7833333333333,25.0,251.0,62.0,39.064469641030854,49.0,0.6300720909843687,-0.7765366444428655,18.58
0.0,1.0,0.0,0.0,982.7366666666667,0.0,254.0,65.0,40.08037885121649,50.0,0.6166212130956382,-0.7872599821916922,14.88
0.0,1.0,0.0,0.0,1024.8433333333335,12.0,279.0,82.0,49.44500509969665,48.0,0.6029878670694714,-0.7977503570459932,14.4
0.0,1.0,0.0,0.0,892.9066666666666,10.0,290.0,88.0,51.84749567644207,48.0,0.5891760872322963,-0.8080046647350754,10.3
0.0,1.0,0.0,0.0,747.8733333333333,4.0,322.0,28.0,16.10531889993537,45.0,0.5751899607119775,-0.8180198708443174,13.29
0.0,1.0,0.0,0.0,702.9866666666667,11.0,340.0,71.0,38.816500373670166,43.0,0.5467112728685939,-0.8373211953118121,14.34
0.0,1.0,0.0,0.0,522.57,16.0,345.0,70.0,37.25589971932077,50.0,0.5322271388474397,-0.8466016020976267,13.86
0.0,1.0,0.0,0.0,653.6966666666667,80.0,325.0,70.0,34.14930018096183,47.0,0.4878471454423119,-0.8729290708206411,13.44
0.0,1.0,0.0,0.0,674.4133333333333,0.0,325.0,56.0,25.621757060158068,48.0,0.4575313760742512,-0.8891934772070711,18.88
0.0,1.0,0.0,0.0,623.6866666666666,18.0,345.0,69.0,30.50960248572797,42.0,0.44216815196707204,-0.8969321743510065,11.71
0.0,1.0,0.0,0.0,631.8533333333334,30.0,321.0,69.0,29.440511740104803,48.0,0.42667408318992467,-0.9044054548343001,14.38
0.0,1.0,0.0,0.0,715.3933333333333,0.0,321.0,85.0,34.939569148397986,50.0,0.4110537546870351,-0.9116111071930239,16.18
0.0,1.0,0.0,0.0,785.7933333333334,48.0,320.0,74.0,28.07951043561628,42.0,0.37945284372454435,-0.925211078289358,15.38
0.0,1.0,0.0,0.0,765.6766666666667,21.0,325.0,64.0,22.233780555793754,45.0,0.3474028211842774,-0.9377159910299093,14.3
0.0,1.0,0.0,0.0,646.71,1.0,365.0,73.0,24.179149629523113,48.0,0.3312212278016865,-0.9435531242349544,12.71
0.0,1.0,0.0,0.0,690.5333333333333,3.0,379.0,83.0,24.781211841188778,42.0,0.2985688173637202,-0.9543881083175908,16.31
0.0,1.0,0.0,0.0,584.3333333333334,37.0,422.0,61.0,16.19934469604741,46.0,0.26556302780405594,-0.9640935007889755,6.87
0.0,1.0,0.0,0.0,482.6066666666666,21.0,408.0,30.0,7.468194256612997,52.0,0.24893980855376657,-0.9685189578512204,14.63
0.0,1.0,0.0,0.0,402.11666666666673,36.0,397.0,86.0,19.972891464780034,45.0,0.23224292400907015,-0.9726578145718654,10.98
0.0,1.0,0.0,0.0,471.29,29.0,412.0,77.0,16.59175325859822,42.0,0.21547731504673012,-0.976508846196619,10.06
0.0,1.0,0.0,0.0,588.0666666666667,21.0,412.0,77.0,15.295891601773176,38.0,0.19864794288017112,-0.9800709131432666,14.12
0.0,1.0,0.0,0.0,554.4166666666666,60.0,400.0,62.0,10.218706492746271,46.0,0.16481784665719793,-0.9863240225317866,12.55
0.0,1.0,0.0,0.0,1508.5166666666667,0.0,402.0,72.0,10.643553609878195,48.0,0.14782713347053048,-0.9890132145779883,19.25
0.0,1.0,0.0,0.0,1487.1266666666668,38.0,384.0,61.0,6.93689038974293,44.0,0.11371951458594969,-0.9935128947338007,15.44
0.0,1.0,0.0,0.0,2604.6800000000003,6.0,378.0,62.0,5.989987516634592,41.0,0.0966127018812031,-0.9953220513156602,15.77
0.0,1.0,0.0,0.0,1935.8566666666666,0.0,390.0,64.0,3.988376278676805,47.0,0.062318379354325076,-0.998056320853012,17.02
0.0,1.0,0.0,0.0,2036.3999999999999,47.0,358.0,71.0,3.2050122619520067,48.0,0.04514101777397193,-0.9989806246941579,18.96
0.0,1.0,0.0,0.0,1074.89,26.0,337.0,81.0,2.263974157457036,47.0,0.02795029824021032,-0.999609314096404,18.02
0.0,1.0,0.0,0.0,683.4133333333334,41.0,302.0,18.0,0.19352353974339473,45.0,0.01075130776352193,-0.9999422030204416,14.5
0.0,1.0,0.0,0.0,579.6766666666666,17.0,299.0,81.0,-0.5225200000465171,46.0,-0.00645086419810515,-0.9999791929590823,10.68
0.0,1.0,0.0,0.0,429.7733333333333,80.0,219.0,58.0,-1.371765380223432,44.0,-0.023651127245231586,-0.9997202729664083,14.1
0.0,1.0,0.0,0.0,589.0433333333333,7.0,212.0,89.0,-6.691872300913511,44.0,-0.07518957641475855,-0.9971692572470178,11.02
0.0,1.0,0.0,0.0,1103.3733333333332,25.0,194.0,71.0,-6.555524692372776,44.0,-0.09233133369539122,-0.9957283388645872,11.35
0.0,1.0,0.0,0.0,2250.3866666666668,44.0,174.0,65.0,-8.224308094514404,47.0,-0.12652781683868314,-0.9919630595773397,8.45
0.0,1.0,0.0,0.0,2131.0266666666666,21.0,198.0,62.0,-9.955621764889614,40.0,-0.16057454459499376,-0.9870237158387383,7.47
0.0,1.0,0.0,0.0,1589.3366666666668,48.0,155.0,58.0,-10.296690652848028,43.0,-0.17752914918703497,-0.984115542601034,13.31
0.0,1.0,0.0,0.0,638.0666666666667,2.0,176.0,51.0,-9.91599222243076,46.0,-0.19443122004766195,-0.9809161537413774,9.49
0.0,1.0,0.0,0.0,656.9166666666667,20.0,205.0,57.0,-12.04271806818422,48.0,-0.2112757555821793,-0.9774264960104055,8.86
0.0,1.0,0.0,0.0,821.4499999999999,0.0,239.0,30.0,-6.841733136645594,44.0,-0.2280577712215198,-0.9736476020539838,9.33
0.0,1.0,0.0,0.0,653.0233333333333,12.0,244.0,76.0,-19.867494286847872,47.0,-0.2614143985111562,-0.965226663665613,12.13
0.0,1.0,0.0,0.0,1947.013333333333,15.0,234.0,73.0,-20.292477176110946,50.0,-0.2779791393987801,-0.9605871111248129,10.92
0.0,1.0,0.0,0.0,1794.6466666666665,5.0,238.0,68.0,-20.02339028150248,51.0,-0.2944616217868012,-0.9556633054034704,11.31
0.0,1.0,0.0,0.0,1801.8966666666663,6.0,246.0,78.0,-28.03880142089701,38.0,-0.3594718130884232,-0.9331559438780432,13.55
0.0,1.0,0.0,0.0,1311.9466666666665,14.0,232.0,61.0,-22.90369309994483,44.0,-0.3754703786876202,-0.9268343944460494,10.77
0.0,1.0,0.0,0.0,1498.883333333333,0.0,239.0,84.0,-34.198876769757135,43.0,-0.4071294853542516,-0.9133704517637858,14.12
0.0,1.0,0.0,0.0,1431.1099999999997,0.0,239.0,51.0,-22.35364287363848,46.0,-0.4383067230125192,-0.898825465016444,12.76
0.0,1.0,0.0,0.0,573.8666666666663,7.0,232.0,22.0,-9.981467892689572,47.0,-0.45370308603134424,-0.8911529104063088,12.45
0.0,1.0,0.0,0.0,369.41666666666634,24.0,208.0,56.0,-26.262050696427384,49.0,-0.46896519100763184,-0.8832166493127127,12.57
0.0,1.0,0.0,0.0,363.1266666666663,45.0,196.0,71.0,-34.370285036367285,44.0,-0.48408852163897587,-0.8750190302029955,9.04
0.0,1.0,0.0,0.0,459.2566666666664,5.0,203.0,52.0,-26.722852068084133,49.0,-0.5139010013093103,-0.8578494977869301,13.33
0.0,1.0,0.0,0.0,446.06333333333305,23.0,196.0,56.0,-29.600554387932036,47.0,-0.5285813283559292,-0.8488826652214553,11.8
0.0,1.0,0.0,0.0,373.843333333333,49.0,147.0,24.0,-13.37924249838694,46.0,-0.5574684374327892,-0.8301981337405212,12.67
0.0,1.0,0.0,0.0,644.573333333333,34.0,121.0,79.0,-45.16166703291371,40.0,-0.5716666713027052,-0.8204859638785327,9.43
0.0,1.0,0.0,0.0,1699.7299999999996,17.0,129.0,57.0,-33.38465716901899,43.0,-0.5856957398073508,-0.8105309990194823,10.35
0.0,1.0,0.0,0.0,1773.6499999999996,5.0,124.0,65.0,-38.97084694877718,44.0,-0.5995514915196489,-0.8003361849976323,9.85
0.0,1.0,0.0,0.0,1528.263333333333,9.0,125.0,63.0,-39.4837818800248,47.0,-0.6267266965083301,-0.7792391467859886,13.05
0.0,1.0,0.0,0.0,441.9733333333331,14.0,122.0,55.0,-35.202095951239265,40.0,-0.6400381082043503,-0.7683431655492202,10.35
0.0,1.0,0.0,0.0,462.1599999999997,0.0,145.0,29.0,-18.941643547480968,44.0,-0.65316012232693,-0.7572198192083127,8.24
0.0,1.0,0.0,0.0,1028.3266666666661,7.0,151.0,82.0,-54.61928618060011,46.0,-0.666088855860977,-0.7458723993404063,10.54
0.0,1.0,0.0,0.0,1093.4799999999996,0.0,156.0,68.0,-46.15979284306402,43.0,-0.6788204829862355,-0.734304263829602,12.31
0.0,1.0,0.0,0.0,1134.2099999999996,0.0,169.0,71.0,-49.0859377708679,45.0,-0.6913512362094071,-0.722518835873311,13.11
0.0,1.0,0.0,0.0,564.753333333333,0.0,178.0,72.0,-51.53726514835182,38.0,-0.7157953492826642,-0.6983101158835584,12.42
0.0,1.0,0.0,0.0,461.773333333333,33.0,169.0,62.0,-45.117491495038266,44.0,-0.7277014757264236,-0.6858939875998223,5.98
0.0,1.0,0.0,0.0,601.9233333333331,12.0,161.0,22.0,-16.26662979911033,49.0,-0.7393922635959241,-0.673274892250183,12.27
0.0,1.0,0.0,0.0,564.9299999999997,16.0,158.0,50.0,-37.543212669947444,45.0,-0.7508642533989489,-0.6604565640279754,13.54
0.0,1.0,0.0,0.0,639.863333333333,0.0,217.0,63.0,-48.013185174516366,43.0,-0.7621140503891487,-0.6474427960827475,11.33
0.0,1.0,0.0,0.0,434.17666666666634,8.0,209.0,56.0,-43.29574623195374,45.0,-0.7731383255706026,-0.6342374393978054,11.05
0.0,1.0,0.0,0.0,362.4899999999997,25.0,218.0,46.0,-36.546877141663565,42.0,-0.7944973291665992,-0.6072676460566135,7.41
0.0,1.0,0.0,0.0,366.80333333333306,0.0,229.0,65.0,-52.313672912042435,47.0,-0.8048257371083452,-0.593511190196115,10.95
0.0,1.0,0.0,0.0,301.3366666666664,10.0,219.0,33.0,-26.89222747748061,47.0,-0.8149159841660791,-0.5795791048257612,9.67
0.0,1.0,0.0,0.0,277.5199999999997,11.0,271.0,63.0,-51.960200321821766,48.0,-0.8247650844733614,-0.5654755126737576,3.4
0.0,1.0,0.0,0.0,282.54666666666634,23.0,255.0,83.0,-69.25272025240517,44.0,-0.8343701235229538,-0.5512045872199277,9.34
0.0,1.0,0.0,0.0,593.2166666666664,13.0,245.0,61.0,-51.46742380078554,47.0,-0.8437282590292712,-0.5367705514607103,12.21
0.0,1.0,0.0,0.0,751.8233333333332,5.0,251.0,73.0,-62.903575597408214,43.0,-0.8616928164028522,-0.5074302810827518,13.15
0.0,1.0,0.0,0.0,1957.6733333333332,13.0,245.0,61.0,-53.08792925838261,40.0,-0.8702939222685674,-0.49253272872205434,10.79
0.0,1.0,0.0,0.0,1703.5899999999995,9.0,242.0,50.0,-44.33605315414965,46.0,-0.886721063082993,-0.46230483047981086,11.4
0.0,1.0,0.0,0.0,1622.3699999999997,24.0,249.0,66.0,-59.039787640445674,43.0,-0.8945422369764496,-0.4469834295196741,8.62
0.0,1.0,0.0,0.0,399.0599999999997,4.0,270.0,67.0,-60.440612995822306,41.0,-0.9020987014301837,-0.43152975897147144,10.42
0.0,1.0,0.0,0.0,470.07999999999976,13.0,274.0,65.0,-59.11023432371151,47.0,-0.9093882203647925,-0.4159483918249421,13.66
0.0,1.0,0.0,0.0,508.7399999999998,59.0,235.0,69.0,-63.23219593190986,42.0,-0.9164086366943458,-0.4002439388573056,11.13
0.0,1.0,0.0,0.0,486.2399999999998,0.0,246.0,50.0,-46.157893648235195,48.0,-0.9231578729647039,-0.38442104726885545,11.28
0.0,1.0,0.0,0.0,487.3366666666664,34.0,243.0,27.0,-25.100116163143277,42.0,-0.9296339319682695,-0.3684843993077793,10.41
0.0,1.0,0.0,0.0,514.0166666666664,11.0,232.0,62.0,-58.389053914166624,45.0,-0.9417589340994617,-0.33628873017668287,13.97
0.0,1.0,0.0,0.0,565.7166666666664,0.0,232.0,57.0,-54.30784965636052,52.0,-0.9527692922168511,-0.30369503751065885,13.12
0.0,1.0,0.0,0.0,742.2166666666664,63.0,181.0,49.0,-46.93476541595568,41.0,-0.9578523554276669,-0.28726097055059635,12.2
0.0,1.0,0.0,0.0,737.2966666666665,7.0,186.0,67.0,-65.08348407381125,43.0,-0.97139528468375,-0.23746831555846842,12.99
0.0,1.0,0.0,0.0,712.9299999999997,3.0,208.0,66.0,-64.37220161306773,47.0,-0.9753363880767837,-0.2207236509605022,10.12
0.0,1.0,0.0,0.0,446.87999999999965,11.0,229.0,56.0,-55.01169300742773,42.0,-0.9823516608469237,-0.18704334906991657,9.12
0.0,1.0,0.0,0.0,507.1866666666663,7.0,225.0,56.0,-55.33943771967196,47.0,-0.9882042449941422,-0.15314166701312007,11.23
0.0,1.0,0.0,0.0,605.4599999999997,6.0,219.0,40.0,-39.62769240646244,57.0,-0.9906923101615609,-0.13612033862266704,11.53
0.0,1.0,0.0,0.0,690.2999999999997,31.0,188.0,71.0,-70.49499216103443,47.0,-0.9928872135356962,-0.11905873003404988,12.1
0.0,1.0,0.0,0.0,640.3699999999995,25.0,167.0,58.0,-57.69772172534096,48.0,-0.994788305609327,-0.10196189005174576,15.02
0.0,1.0,0.0,0.0,607.133333333333,17.0,152.0,72.0,-71.83489627512841,46.0,-0.9977068927101168,-0.06768276175455162,13.36
0.0,1.0,0.0,0.0,564.9599999999997,20.0,139.0,50.0,-49.97223085459929,43.0,-0.9994446170919858,-0.033323525711631344,14.3
0.0,1.0,0.0,0.0,399.57999999999976,11.0,152.0,14.0,-13.998179417066028,46.0,-0.9998699583618592,-0.016126573270657762,9.79
0.0,1.0,0.0,0.0,505.4766666666663,31.0,162.0,54.0,-53.999968789333394,44.0,-0.9999994220246925,0.001075151282798226,12.24
0.0,1.0,0.0,0.0,581.1966666666664,0.0,172.0,56.0,-55.990646307125886,49.0,-0.999832969770105,0.018276557681691223,17.98
0.0,1.0,0.0,0.0,824.3066666666664,0.0,181.0,75.0,-74.95279881404977,43.0,-0.9993706508539969,0.03547255575312556,17.11
0.0,1.0,0.0,0.0,659.7699999999996,12.0,211.0,66.0,-65.90843173754224,45.0,-0.9986126020839734,0.052658056924614005,11.12
0.0,1.0,0.0,0.0,624.0333333333331,12.0,242.0,60.0,-59.77261798213978,48.0,-0.9962102997023297,0.0869772313136861,13.85
0.0,1.0,0.0,0.0,421.83333333333303,25.0,252.0,26.0,-25.858735681236475,40.0,-0.9945667569706337,0.1041007489354256,13.31
0.0,1.0,0.0,0.0,711.9566666666664,32.0,221.0,72.0,-71.46928122728468,47.0,-0.9926289059345095,0.121193461470736,16.89
0.0,1.0,0.0,0.0,699.3666666666663,3.0,221.0,61.0,-60.26023223773762,51.0,-0.9878726596350429,0.15526624985999563,12.92
0.0,1.0,0.0,0.0,791.6999999999997,0.0,250.0,69.0,-67.9688413556836,44.0,-0.9850556718215013,0.172236243027682,11.13
0.0,1.0,0.0,0.0,477.7266666666663,0.0,280.0,47.0,-46.151517938772365,50.0,-0.981947190186646,0.18915526872004093,12.57
0.0,1.0,0.0,0.0,331.32666666666637,4.0,339.0,28.0,-27.29606630344755,47.0,-0.9748595108374125,0.22282040779479959,5.32
0.0,1.0,0.0,0.0,375.7566666666664,2.0,345.0,69.0,-66.99088632321546,50.0,-0.9708824104813836,0.23955655912092708,13.03
0.0,1.0,0.0,0.0,465.8166666666663,7.0,338.0,53.0,-51.23075455120515,49.0,-0.9666180104000972,0.2562218218071163,18.38
0.0,1.0,0.0,0.0,1424.6766666666663,24.0,337.0,75.0,-72.1550679373609,41.0,-0.9620675724981452,0.27281126433401914,13.59
0.0,1.0,0.0,0.0,1359.6266666666663,41.0,324.0,67.0,-64.13457370266191,45.0,-0.957232443323312,0.28931997761869527,9.72
0.0,1.0,0.0,0.0,1480.8399999999995,10.0,330.0,70.0,-66.64798375676772,45.0,-0.9521140536681102,0.3057430764672831,15.14
0.0,1.0,0.0,0.0,777.7299999999997,9.0,329.0,77.0,-71.52063612969712,46.0,-0.9288394302558068,0.3704825404820963,16.95
0.0,1.0,0.0,0.0,830.243333333333,42.0,287.0,66.0,-60.426027616518084,45.0,-0.9155458729775467,0.40221356823680365,13.38
0.0,1.0,0.0,0.0,1354.7133333333331,43.0,368.0,61.0,-55.417993917923,45.0,-0.9084917035725082,0.41790288888678667,6.41
0.0,1.0,0.0,0.0,1266.4099999999996,35.0,340.0,18.0,-16.084422356831915,47.0,-0.8935790198239952,0.4489059314938798,15.33
0.0,1.0,0.0,0.0,1282.1466666666663,1.0,393.0,77.0,-67.57587118511762,45.0,-0.8776087166898392,0.4793776594606945,12.39
0.0,1.0,0.0,0.0,658.3599999999996,3.0,391.0,75.0,-65.19246123431094,48.0,-0.8692328164574792,0.49440298420761813,14.36
0.0,1.0,0.0,0.0,520.5333333333328,29.0,471.0,49.0,-41.286032409343555,43.0,-0.8425720899866032,0.5385835804920232,6.04
0.0,1.0,0.0,0.0,657.0266666666663,30.0,469.0,73.0,-58.658978342975544,41.0,-0.8035476485339116,0.5952404359043674,12.01
0.0,1.0,0.0,0.0,773.8433333333329,63.0,406.0,69.0,-54.730088192217714,48.0,-0.7931896839451843,0.6089746507720486,13.33
0.0,1.0,0.0,0.0,794.4866666666662,8.0,473.0,67.0,-51.7087733486345,41.0,-0.7717727365467836,0.6358984534680745,5.96
0.0,1.0,0.0,0.0,491.1099999999995,0.0,523.0,19.0,-14.453681735771797,41.0,-0.7607200913564104,0.6490800741100398,11.0
0.0,1.0,0.0,0.0,571.8433333333329,23.0,502.0,50.0,-36.311245730207716,49.0,-0.7262249146041543,0.6874571793269664,15.64
0.0,1.0,0.0,0.0,696.8933333333329,28.0,482.0,69.0,-49.286156091568124,49.0,-0.7142921172691032,0.699847677146407,13.16
0.0,1.0,0.0,0.0,1050.8399999999995,16.0,485.0,70.0,-48.2857203265912,49.0,-0.6897960046655887,0.7240037789593305,14.57
0.0,1.0,0.0,0.0,636.3999999999995,8.0,657.0,20.0,-13.544798763818982,43.0,-0.6772399381909491,0.7357622347736527,6.75
0.0,1.0,0.0,0.0,1493.5099999999995,0.0,665.0,56.0,-36.485700244380915,45.0,-0.6515303615068021,0.75862255966641,14.45
0.0,1.0,0.0,0.0,1604.7066666666663,124.0,549.0,64.0,-40.00317751106801,40.0,-0.6250496486104377,0.7805849965070866,17.08
0.0,1.0,0.0,0.0,1731.626666666666,7.0,544.0,57.0,-34.85720292054901,47.0,-0.6115298757991053,0.7912213413483807,12.07
0.0,1.0,0.0,0.0,807.5166666666663,54.0,554.0,24.0,-14.014835996584795,39.0,-0.5839514998576998,0.8117885474764613,6.08
0.0,1.0,0.0,0.0,450.9933333333329,1.0,581.0,57.0,-32.48436028392746,45.0,-0.5699010576127624,0.8217133225960589,12.04
0.0,1.0,0.0,0.0,485.8699999999996,109.0,506.0,70.0,-37.890891647253206,45.0,-0.5412984521036173,0.8408305333122887,12.49
0.0,1.0,0.0,0.0,649.5466666666663,28.0,483.0,82.0,-41.9885246215401,42.0,-0.5120551783114646,0.8589525565270845,17.33
0.0,1.0,0.0,0.0,742.2033333333329,0.0,486.0,23.0,-11.09073450161611,45.0,-0.4822058478963526,0.8760579434344281,15.17
0.0,1.0,0.0,0.0,1050.703333333333,75.0,411.0,72.0,-33.628674591174985,42.0,-0.46706492487743034,0.8842230238742036,14.12
0.0,1.0,0.0,0.0,1672.5633333333328,50.0,361.0,95.0,-41.45543158993628,45.0,-0.4363729641045924,0.8997658785476209,14.47
0.0,1.0,0.0,0.0,1524.5599999999995,2.0,416.0,64.0,-26.93318455012196,43.0,-0.42083100859565564,0.9071390534005044,7.28
0.0,1.0,0.0,0.0,1180.2533333333329,8.0,408.0,62.0,-25.12020039008689,45.0,-0.4051645224207563,0.9142437912130223,11.45
0.0,1.0,0.0,0.0,401.1433333333329,19.0,418.0,68.0,-23.21156296866246,44.0,-0.34134651424503615,0.9399375283564133,10.22
0.0,1.0,0.0,0.0,486.19333333333293,180.0,291.0,73.0,-23.734315018993378,41.0,-0.3251276029999093,0.9456701548465688,11.93
0.0,1.0,0.0,0.0,686.9266666666663,8.0,289.0,72.0,-19.86573204021315,41.0,-0.27591294500296043,0.9611826292540837,14.14
0.0,1.0,0.0,0.0,640.743333333333,8.0,330.0,38.0,-9.222100094138625,40.0,-0.2426868445825954,0.9701046827361175,12.89
0.0,1.0,0.0,0.0,520.1599999999996,2.0,396.0,51.0,-11.524144020648972,45.0,-0.22596360824801906,0.974135744004672,5.43
0.0,1.0,0.0,0.0,491.2633333333329,64.0,336.0,78.0,-16.3155334404158,49.0,-0.20917350564635637,0.9778785428342386,11.12
0.0,1.0,0.0,0.0,548.783333333333,28.0,344.0,63.0,-12.116254830062974,43.0,-0.19232150523909483,0.9813319716704275,11.6
0.0,1.0,0.0,0.0,589.2066666666663,34.0,319.0,40.0,-7.016503752171137,49.0,-0.17541259380427843,0.9844950085880858,11.25
0.0,1.0,0.0,0.0,429.61666666666633,5.0,314.0,66.0,-10.457817147415197,50.0,-0.15845177496083632,0.9873667175937016,10.94
0.0,1.0,0.0,0.0,322.3266666666663,3.0,316.0,19.0,-2.687437286070898,45.0,-0.14144406768794202,0.9899462489023779,12.42
0.0,1.0,0.0,0.0,339.2566666666663,0.0,325.0,48.0,-5.970936232310399,47.0,-0.12439450483979998,0.9922328391893008,11.33
0.0,1.0,0.0,0.0,314.78333333333296,0.0,325.0,53.0,-4.7800702263282915,44.0,-0.09019000427034513,0.9959245770286599,12.34
0.0,1.0,0.0,0.0,383.6466666666663,57.0,306.0,63.0,-4.601846857295988,45.0,-0.07304518821104743,0.9973286321364752,8.81
0.0,1.0,0.0,0.0,455.6333333333329,0.0,331.0,88.0,-4.917330607672835,42.0,-0.05587875690537313,0.9984375616565666,10.45
0.0,1.0,0.0,0.0,478.2833333333329,29.0,311.0,57.0,-2.2056600400620328,45.0,-0.03869579017652689,0.9992510374388481,13.19
0.0,1.0,0.0,0.0,419.26666666666625,53.0,298.0,29.0,-0.6235398094836,41.0,-0.021501372740813793,0.999768818762748,10.21
0.0,1.0,0.0,0.0,953.193333333333,6.0,329.0,77.0,-0.33114563812961195,47.0,-0.004300592702981974,0.9999907524084426,11.47
0.0,1.0,0.0,0.0,937.1966666666663,49.0,291.0,51.0,0.8772803463312858,39.0,0.017201575418260506,0.9998520419557735,14.29
0.0,1.0,0.0,0.0,1080.263333333333,68.0,235.0,63.0,2.167077818657305,43.0,0.03439806061360801,0.9994082116062598,15.27
0.0,1.0,0.0,0.0,513.1799999999995,4.0,231.0,45.0,2.3212965091233766,43.0,0.051584366869408364,0.9986686402879997,16.13
0.0,1.0,0.0,0.0,668.5299999999996,36.0,205.0,72.0,4.950389410642037,47.0,0.06875540848113941,0.9976335468520451,19.1
0.0,1.0,0.0,0.0,756.8699999999995,9.0,231.0,32.0,3.297004129381721,44.0,0.10303137904317879,0.9946781061893646,13.69
0.0,1.0,0.0,0.0,863.4399999999996,0.0,235.0,64.0,7.688074571670432,52.0,0.1201261651823505,0.9927586335250793,17.62
0.0,1.0,0.0,0.0,848.7799999999994,5.0,242.0,80.0,12.336323805015152,44.0,0.1542040475626894,0.988039023376751,17.0
0.0,1.0,0.0,0.0,1764.8633333333328,9.0,233.0,27.0,5.98784825402501,43.0,0.22177215755648186,0.975098513039961,18.89
0.0,1.0,0.0,0.0,1828.2899999999997,0.0,242.0,87.0,20.750594041884654,41.0,0.23851257519407648,0.9711394088771653,17.84
0.0,1.0,0.0,0.0,1870.8799999999992,38.0,204.0,77.0,19.649045810499707,43.0,0.2551824131233728,0.9668929289391521,19.49
0.0,1.0,0.0,0.0,906.4833333333327,25.0,179.0,77.0,20.92680886227745,47.0,0.2717767384711357,0.9623603298276545,14.05
0.0,1.0,0.0,0.0,772.0166666666661,9.0,178.0,55.0,16.759557821003987,46.0,0.3047192331091634,0.9524422234305676,16.04
0.0,1.0,0.0,0.0,709.4166666666661,40.0,138.0,72.0,23.11615110133951,50.0,0.321057654185271,0.9470596510722283,16.19
0.0,1.0,0.0,0.0,601.8833333333328,37.0,155.0,35.0,11.805537419766447,46.0,0.3373010691361842,0.9413968285264122,17.89
0.0,1.0,0.0,0.0,577.1366666666661,11.0,144.0,42.0,14.844676193511683,55.0,0.3534446712740877,0.9354554315134164,16.45
0.0,1.0,0.0,0.0,506.01666666666614,12.0,134.0,56.0,25.942443663779535,50.0,0.4632579225674917,0.88622350294858,15.34
0.0,1.0,0.0,0.0,570.7099999999995,0.0,134.0,56.0,27.63421593392529,47.0,0.49346814167723735,0.8697638720650646,15.95
0.0,1.0,0.0,0.0,620.7899999999994,10.0,124.0,73.0,37.11001996943839,45.0,0.5083564379375122,0.8611467540480452,13.36
0.0,1.0,0.0,0.0,545.7733333333327,35.0,89.0,57.0,29.81637529090056,47.0,0.5230943033491326,0.8522748088519838,9.53
0.0,1.0,0.0,0.0,632.0333333333327,4.0,85.0,49.0,26.34619146029009,46.0,0.5376773767406141,0.8431506618282,12.06
0.0,1.0,0.0,0.0,500.7966666666661,12.0,73.0,32.0,17.667242967869466,48.0,0.5521013427459208,0.8337770129585915,12.06
0.0,1.0,0.0,0.0,564.8766666666662,0.0,73.0,73.0,42.373209730064154,51.0,0.580454927809098,0.8142923779467267,11.04
0.0,1.0,0.0,0.0,483.60333333333284,9.0,64.0,66.0,40.13601899297376,47.0,0.6081214998935418,0.7938439653781019,13.86
0.0,1.0,0.0,0.0,574.1299999999995,0.0,83.0,65.0,40.40964786732561,46.0,0.6216868902665479,0.7832658619336791,12.4
0.0,1.0,0.0,0.0,548.2299999999994,0.0,91.0,47.0,29.848210733876957,49.0,0.6350683134867438,0.7724559775191742,14.89
0.0,1.0,0.0,0.0,472.86666666666616,8.0,85.0,35.0,22.68916334214993,53.0,0.6482618097757122,0.7614175109532997,15.83
0.0,1.0,0.0,0.0,431.1933333333329,0.0,85.0,46.0,31.587095095877146,46.0,0.6866759803451553,0.726963615332308,13.43
0.0,1.0,0.0,0.0,468.04666666666617,54.0,37.0,64.0,45.52164812632417,41.0,0.7112757519738152,0.7029130847082615,15.05
0.0,1.0,0.0,0.0,499.83999999999946,0.0,46.0,57.0,41.225918350293114,42.0,0.7232617254437388,0.6905740195722293,13.37
0.0,1.0,0.0,0.0,485.69333333333276,2.0,46.0,37.0,27.19624594291883,47.0,0.7350336741329413,0.6780306024735382,14.54
0.0,1.0,0.0,0.0,453.45333333333275,0.0,57.0,66.0,49.27481555913926,39.0,0.746588114532413,0.6652865452111116,12.23
0.0,1.0,0.0,0.0,527.0899999999995,0.0,57.0,59.0,44.71737602234348,47.0,0.7579216274973472,0.6523456189565257,17.63
0.0,1.0,0.0,0.0,907.3633333333328,0.0,57.0,70.0,53.83216014812427,48.0,0.7690308592589181,0.6392116531380588,13.0
0.0,1.0,0.0,0.0,883.5599999999994,0.0,79.0,60.0,46.794751345003064,44.0,0.7799125224167177,0.6258885343075018,11.08
0.0,1.0,0.0,0.0,855.2466666666661,0.0,79.0,65.0,51.386620799250636,47.0,0.7905633969115482,0.612380204990065,14.09
0.0,1.0,0.0,0.0,512.3999999999995,0.0,79.0,56.0,44.85489853478427,50.0,0.8009803309782905,0.5986906625177214,12.18
0.0,1.0,0.0,0.0,615.4866666666661,0.0,87.0,76.0,62.403608953779575,45.0,0.8211001178128892,0.5707841943569036,14.83
0.0,1.0,0.0,0.0,651.9733333333328,19.0,68.0,74.0,61.478979244097225,48.0,0.8307970168121247,0.5565755266413303,14.43
0.0,1.0,0.0,0.0,703.6366666666662,8.0,61.0,79.0,67.10658787903697,48.0,0.8494504794814806,0.527668345562516,11.84
0.0,1.0,0.0,0.0,621.8299999999995,2.0,72.0,61.0,52.362492920805394,45.0,0.8584015232918917,0.512978386299228,12.15
0.0,1.0,0.0,0.0,648.6299999999994,0.0,72.0,57.0,49.424617480028864,55.0,0.8670985522812081,0.4981366284784055,19.51
0.0,1.0,0.0,0.0,542.6733333333328,6.0,81.0,23.0,20.137396835748497,48.0,0.8755389928586302,0.4831474640149687,20.48
0.0,1.0,0.0,0.0,694.4366666666662,9.0,72.0,66.0,58.84825285659457,50.0,0.8916401947968874,0.45274469960737107,20.82
0.0,1.0,0.0,0.0,636.8366666666661,2.0,70.0,47.0,42.26692100299219,55.0,0.8992961915530253,0.4373400963303323,18.91
0.0,1.0,0.0,0.0,825.2599999999994,11.0,68.0,60.0,54.40116432586791,44.0,0.9066860720977985,0.4218060770826634,23.0
0.0,1.0,0.0,0.0,728.7566666666662,0.0,71.0,63.0,57.56988192773967,43.0,0.9138076496466615,0.4061472386305789,16.21
0.0,1.0,0.0,0.0,801.7833333333328,0.0,71.0,71.0,65.36677599352724,48.0,0.9206588168102428,0.3903682146763026,17.89
0.0,1.0,0.0,0.0,732.1599999999995,22.0,49.0,48.0,44.81001077366022,46.0,0.9335418911179212,0.35846832151248087,20.81
0.0,1.0,0.0,0.0,1015.4033333333327,0.0,58.0,64.0,60.50048300244045,47.0,0.945320046913132,0.3261441535642696,16.17
0.0,1.0,0.0,0.0,986.056666666666,0.0,62.0,63.0,60.22669866217682,48.0,0.9559793438440766,0.2934339689665273,17.84
0.0,1.0,0.0,0.0,1056.8133333333328,8.0,54.0,57.0,54.77046925677737,52.0,0.9608854255574977,0.27694620226893646,21.75
0.0,1.0,0.0,0.0,596.2633333333328,0.0,69.0,11.0,10.6205788239577,46.0,0.9655071658143364,0.2603764827344581,17.18
0.0,1.0,0.0,0.0,583.4899999999994,1.0,79.0,65.0,63.039807802874115,43.0,0.969843196967294,0.24372971360968387,17.86
0.0,1.0,0.0,0.0,543.1066666666661,13.0,70.0,65.0,63.30299533447451,47.0,0.9738922359149924,0.22701082094141847,17.45
0.0,1.0,0.0,0.0,1259.1133333333328,0.0,72.0,73.0,71.8543266484294,47.0,0.984305844499033,0.17647097349152166,20.79
0.0,1.0,0.0,0.0,1169.0266666666662,15.0,97.0,53.0,52.32137672642345,43.0,0.9871957872910085,0.15951325197263655,13.66
0.0,1.0,0.0,0.0,1332.956666666666,0.0,97.0,58.0,57.541714321922605,48.0,0.992098522791769,0.12546123335273648,18.41
0.0,1.0,0.0,0.0,868.2266666666661,0.0,97.0,74.0,73.94145534903016,44.0,0.9992088560679753,0.03977011384605572,17.89
0.0,1.0,0.0,0.0,849.4166666666661,9.0,88.0,28.0,27.992863463392055,48.0,0.9997451236925734,0.022576263041545485,21.25
0.0,1.0,0.0,0.0,748.4499999999995,3.0,85.0,71.0,70.99897409620102,44.0,0.9999855506507186,0.005375731557583884,20.52
0.0,1.0,0.0,0.0,720.076666666666,0.0,87.0,52.0,51.9963634214027,45.0,0.9999300657962057,-0.011826390691832589,23.0
0.0,1.0,0.0,0.0,899.5933333333328,0.0,111.0,80.0,79.96629484383166,44.0,0.9995786855478958,-0.029025013321975237,18.11
0.0,1.0,0.0,0.0,908.6599999999994,9.0,117.0,60.0,59.93589083309146,45.0,0.9989315138848577,-0.046215046983708354,24.6
0.0,1.0,0.0,0.0,752.3999999999993,4.0,131.0,22.0,21.894787261022046,41.0,0.9952176027737294,-0.09768276782171598,24.14
0.0,1.0,0.0,0.0,631.1533333333327,0.0,131.0,42.0,41.72238230268753,52.0,0.9933900548258936,-0.11478762552212701,19.36
0.0,1.0,0.0,0.0,444.37333333333277,15.0,116.0,26.0,25.7101963669353,46.0,0.9888537064205885,-0.1488903868564548,24.0
0.0,1.0,0.0,0.0,471.58666666666613,11.0,136.0,37.0,36.487411188639015,43.0,0.986146248341595,-0.16587819893463143,16.97
0.0,1.0,0.0,0.0,370.33333333333275,4.0,153.0,31.0,30.477556185386646,42.0,0.9831469737221499,-0.1828169249850199,14.19
0.0,1.0,0.0,0.0,386.33333333333275,2.0,154.0,27.0,26.456132792588395,49.0,0.9798567700958665,-0.1997015525660636,25.19
0.0,1.0,0.0,0.0,288.7433333333327,40.0,138.0,11.0,10.739042721956253,46.0,0.9762766110869321,-0.21652708524481437,15.55
0.0,1.0,0.0,0.0,298.93666666666604,0.0,154.0,26.0,25.17451950303347,44.0,0.9682507501166718,-0.2499809690726521,18.19
0.0,1.0,0.0,0.0,281.6366666666661,0.0,165.0,29.0,27.667929951677323,42.0,0.9540665500578387,-0.2995947563972602,22.14
0.0,1.0,0.0,0.0,308.86666666666605,0.0,179.0,16.0,15.091143455305385,41.0,0.9431964659565866,-0.33223549871590435,19.25
0.0,1.0,0.0,0.0,452.61666666666605,0.0,202.0,65.0,60.92722600018452,44.0,0.9373419384643772,-0.3484108069446808,17.46
0.0,1.0,0.0,0.0,663.6499999999994,2.0,206.0,61.0,56.80381222114388,44.0,0.9312100364121947,-0.3644830148102912,26.49
0.0,1.0,0.0,0.0,874.6833333333328,24.0,187.0,61.0,55.58128675529245,50.0,0.9111686353326631,-0.41203363695942635,19.87
0.0,1.0,0.0,0.0,991.1066666666661,15.0,172.0,60.0,54.236771575344065,50.0,0.9039461929224011,-0.42764620926777464,26.02
0.0,1.0,0.0,0.0,1122.2033333333327,18.0,154.0,35.0,31.375969040169515,48.0,0.8964562582905575,-0.44313223418263453,22.89
0.0,1.0,0.0,0.0,1033.5899999999995,0.0,199.0,43.0,38.21414505665953,41.0,0.8887010478292915,-0.45848712914008766,20.35
0.0,1.0,0.0,0.0,1222.896666666666,0.0,199.0,67.0,59.00575138081989,47.0,0.8806828564301475,-0.47370635037968,25.75
0.0,1.0,0.0,0.0,1297.386666666666,31.0,175.0,78.0,68.04751643078697,47.0,0.8724040568049612,-0.48878539428899265,32.14
0.0,1.0,0.0,0.0,1566.8399999999995,21.0,166.0,58.0,49.594321498202206,49.0,0.8550745085896932,-0.518505144391157,34.55
0.0,1.0,0.0,0.0,1687.093333333333,3.0,198.0,71.0,58.03546970956924,47.0,0.8174009818249189,-0.5760691233798758,29.37
0.0,1.0,0.0,0.0,1642.3499999999995,24.0,185.0,67.0,54.0938398682574,47.0,0.8073707443023492,-0.5900444739548627,33.9
0.0,1.0,0.0,0.0,1438.7333333333327,16.0,199.0,58.0,45.62260083302292,39.0,0.7865965660866021,-0.6174672802835514,21.53
0.0,1.0,0.0,0.0,1331.7866666666662,11.0,202.0,70.0,54.310114096488796,44.0,0.7758587728069828,-0.6309066211876704,25.17
0.0,1.0,0.0,0.0,1052.6433333333327,14.0,219.0,57.0,43.59880925474498,44.0,0.7648913904341225,-0.6441592666722685,18.77
0.0,1.0,0.0,0.0,1096.0233333333326,23.0,209.0,57.0,42.9607668703961,42.0,0.753697664392914,-0.6572212950663319,24.26
0.0,1.0,0.0,0.0,934.306666666666,6.0,233.0,75.0,55.67106803152365,42.0,0.742280907086982,-0.6700888411055113,25.52
0.0,1.0,0.0,0.0,1174.8433333333326,5.0,231.0,82.0,59.91284874731632,49.0,0.7306444969184916,-0.6827580970759147,24.87
0.0,1.0,0.0,0.0,1518.666666666666,0.0,248.0,72.0,51.75301516476647,40.0,0.7187918772884232,-0.6952253139408722,34.06
0.0,1.0,0.0,0.0,2180.076666666666,0.0,312.0,86.0,60.77848377967496,43.0,0.7067265555776158,-0.7074868024503348,11.77
0.0,1.0,0.0,0.0,2100.826666666666,45.0,285.0,65.0,45.13938663707696,42.0,0.6944521021088763,-0.719538934232584,28.8
0.0,1.0,0.0,0.0,1642.4066666666658,0.0,303.0,29.0,19.777192323623424,42.0,0.6819721490904629,-0.7313781428679254,28.86
0.0,1.0,0.0,0.0,946.2166666666659,7.0,307.0,56.0,37.48026181431038,47.0,0.6692903895412567,-0.7430009249440493,29.39
0.0,1.0,0.0,0.0,1109.7133333333327,12.0,306.0,77.0,48.51555100579639,45.0,0.6300720909843687,-0.7765366444428655,33.36
0.0,1.0,0.0,0.0,1568.2133333333325,35.0,283.0,92.0,56.729151604798716,47.0,0.6166212130956382,-0.7872599821916922,31.92
0.0,1.0,0.0,0.0,1649.0833333333328,11.0,279.0,72.0,43.41512642900194,44.0,0.6029878670694714,-0.7977503570459932,28.49
0.0,1.0,0.0,0.0,1516.0333333333328,30.0,263.0,63.0,33.5303097473887,44.0,0.5322271388474397,-0.8466016020976267,30.79
0.0,1.0,0.0,0.0,1424.5199999999995,14.0,249.0,79.0,40.88925531000192,50.0,0.5175855102531889,-0.8556314858488706,29.82
0.0,1.0,0.0,0.0,1106.8066666666662,31.0,241.0,27.0,13.17187292694242,40.0,0.4878471454423119,-0.8729290708206411,23.93
0.0,1.0,0.0,0.0,1313.7099999999994,13.0,228.0,93.0,43.96660646362381,47.0,0.47275920928627757,-0.881191653407483,30.35
0.0,1.0,0.0,0.0,1247.3433333333326,30.0,204.0,62.0,27.414425421958466,51.0,0.44216815196707204,-0.8969321743510065,24.08
0.0,1.0,0.0,0.0,1738.466666666666,3.0,201.0,83.0,35.41394890476375,51.0,0.42667408318992467,-0.9044054548343001,32.02
0.0,1.0,0.0,0.0,1642.0399999999997,17.0,204.0,79.0,32.47324662027577,45.0,0.4110537546870351,-0.9116111071930239,30.96
0.0,1.0,0.0,0.0,1588.6499999999994,64.0,153.0,67.0,26.48588984724931,48.0,0.3953117887649151,-0.9185469991587165,28.52
0.0,1.0,0.0,0.0,997.5699999999994,18.0,209.0,17.0,6.450698343317254,40.0,0.37945284372454435,-0.925211078289358,9.71
0.0,1.0,0.0,0.0,910.1266666666661,18.0,210.0,82.0,27.160140679738294,43.0,0.3312212278016865,-0.9435531242349544,24.76
0.0,1.0,0.0,0.0,1598.5899999999995,11.0,214.0,73.0,22.99073831321349,44.0,0.31494162072895193,-0.9491110448902284,29.48
0.0,1.0,0.0,0.0,1958.0733333333328,11.0,203.0,67.0,18.9012133996886,43.0,0.2821076626819194,-0.9593827529490743,27.07
0.0,1.0,0.0,0.0,1645.2499999999993,12.0,264.0,47.0,12.481462306790629,47.0,0.26556302780405594,-0.9640935007889755,12.74
0.0,1.0,0.0,0.0,868.8433333333325,7.0,276.0,66.0,16.430027364548593,48.0,0.24893980855376657,-0.9685189578512204,23.38
0.0,1.0,0.0,0.0,790.6266666666658,14.0,277.0,64.0,13.790548162990728,44.0,0.21547731504673012,-0.976508846196619,22.7
0.0,1.0,0.0,0.0,1216.0933333333326,0.0,288.0,74.0,14.699947773132664,49.0,0.19864794288017112,-0.9800709131432666,32.62
0.0,1.0,0.0,0.0,1103.426666666666,23.0,320.0,54.0,9.815028529934269,51.0,0.18175978759137534,-0.9833429613388902,18.2
0.0,1.0,0.0,0.0,1101.8899999999994,0.0,325.0,49.0,7.243529540055993,44.0,0.14782713347053048,-0.9890132145779883,29.06
0.0,1.0,0.0,0.0,956.0933333333327,6.0,335.0,78.0,8.870122137704076,44.0,0.11371951458594969,-0.9935128947338007,24.65
0.0,1.0,0.0,0.0,1229.5533333333326,0.0,353.0,79.0,7.632403448615046,42.0,0.0966127018812031,-0.9953220513156602,29.84
0.0,1.0,0.0,0.0,1343.9533333333327,20.0,343.0,61.0,4.84811529534088,45.0,0.07947729992362097,-0.9968366760893436,31.87
0.0,1.0,0.0,0.0,1094.9833333333324,13.0,363.0,41.0,2.555053553527328,43.0,0.062318379354325076,-0.998056320853012,18.66
0.0,1.0,0.0,0.0,776.3233333333325,74.0,373.0,60.0,2.7084610664383155,43.0,0.04514101777397193,-0.9989806246941579,14.17
0.0,1.0,0.0,0.0,635.8133333333326,19.0,354.0,52.0,-0.3354449383014678,51.0,-0.00645086419810515,-0.9999791929590823,23.5
0.0,1.0,0.0,0.0,794.5633333333326,15.0,339.0,58.0,-1.371765380223432,46.0,-0.023651127245231586,-0.9997202729664083,24.59
0.0,1.0,0.0,0.0,885.7066666666659,0.0,339.0,69.0,-4.003764283685844,45.0,-0.05802556932878035,-0.9983150972033183,18.0
0.0,1.0,0.0,0.0,852.6866666666659,73.0,286.0,64.0,-4.8121328905445475,46.0,-0.07518957641475855,-0.9971692572470178,18.33
0.0,1.0,0.0,0.0,738.1499999999993,19.0,293.0,55.0,-6.019517275690355,41.0,-0.10944576864891556,-0.993992768446958,18.51
0.0,1.0,0.0,0.0,786.4766666666659,15.0,284.0,70.0,-10.050069638826791,42.0,-0.1435724234118113,-0.9896398128792412,21.84
0.0,1.0,0.0,0.0,777.7433333333325,11.0,285.0,56.0,-10.88814832266907,41.0,-0.19443122004766195,-0.9809161537413774,21.04
0.0,1.0,0.0,0.0,874.2766666666658,55.0,254.0,25.0,-5.281893889554482,43.0,-0.2112757555821793,-0.9774264960104055,20.56
0.0,1.0,0.0,0.0,778.6633333333326,5.0,302.0,68.0,-15.507928443063346,45.0,-0.2280577712215198,-0.9736476020539838,15.01
0.0,1.0,0.0,0.0,772.1966666666659,16.0,296.0,58.0,-14.196793452041055,48.0,-0.24477230089725957,-0.9695805901076308,18.31
0.0,1.0,0.0,0.0,1213.3899999999992,18.0,298.0,70.0,-19.458539757914608,47.0,-0.2779791393987801,-0.9605871111248129,21.07
0.0,1.0,0.0,0.0,1244.506666666666,10.0,292.0,62.0,-18.256620550781673,40.0,-0.2944616217868012,-0.9556633054034704,19.9
0.0,1.0,0.0,0.0,1310.8399999999992,33.0,266.0,72.0,-22.38170171353226,49.0,-0.3108569682435036,-0.9504567035349151,18.57
0.0,1.0,0.0,0.0,1079.8899999999992,84.0,200.0,44.0,-15.108142455841074,37.0,-0.34336687399638804,-0.939201357453208,24.98
0.0,1.0,0.0,0.0,1127.4299999999992,0.0,211.0,59.0,-21.208836972216968,44.0,-0.3594718130884232,-0.9331559438780432,23.63
0.0,1.0,0.0,0.0,1050.046666666666,0.0,252.0,64.0,-24.03010423600769,44.0,-0.3754703786876202,-0.9268343944460494,16.56
0.0,1.0,0.0,0.0,720.8399999999992,0.0,252.0,41.0,-16.692308899524313,46.0,-0.4071294853542516,-0.9133704517637858,20.34
0.0,1.0,0.0,0.0,792.0766666666659,20.0,325.0,68.0,-28.749084742822056,40.0,-0.4227806579826773,-0.9062320427107697,9.03
0.0,1.0,0.0,0.0,725.5266666666658,26.0,391.0,79.0,-41.75792494011841,47.0,-0.5285813283559292,-0.8488826652214553,9.35
0.0,1.0,0.0,0.0,776.4266666666659,6.0,388.0,25.0,-13.577630992085792,46.0,-0.5431052396834317,-0.8396646346181327,19.88
0.0,1.0,0.0,0.0,637.2533333333325,12.0,386.0,64.0,-35.67797999569851,46.0,-0.5574684374327892,-0.8301981337405212,16.7
0.0,1.0,0.0,0.0,813.636666666666,24.0,362.0,68.0,-38.87333364858395,46.0,-0.5716666713027052,-0.8204859638785327,21.91
0.0,1.0,0.0,0.0,816.1133333333327,53.0,309.0,61.0,-35.727440128248396,46.0,-0.5856957398073508,-0.8105309990194823,17.59
0.0,1.0,0.0,0.0,914.4199999999992,10.0,310.0,74.0,-44.36681037245402,42.0,-0.5995514915196489,-0.8003361849976323,21.69
0.0,1.0,0.0,0.0,782.2266666666659,20.0,333.0,53.0,-34.61748648332729,45.0,-0.65316012232693,-0.7572198192083127,18.04
0.0,1.0,0.0,0.0,760.876666666666,4.0,329.0,55.0,-36.634887072353735,48.0,-0.666088855860977,-0.7458723993404063,17.38
0.0,1.0,0.0,0.0,948.6733333333326,7.0,322.0,64.0,-43.444510911119075,50.0,-0.6788204829862355,-0.734304263829602,21.34
0.0,1.0,0.0,0.0,953.1333333333326,18.0,316.0,61.0,-43.663516306242514,37.0,-0.7157953492826642,-0.6983101158835584,17.21
0.0,1.0,0.0,0.0,846.396666666666,11.0,305.0,25.0,-18.19253689316059,49.0,-0.7277014757264236,-0.6858939875998223,19.4
0.0,1.0,0.0,0.0,665.5766666666659,41.0,264.0,69.0,-51.018066188118766,49.0,-0.7393922635959241,-0.673274892250183,21.52
0.0,1.0,0.0,0.0,636.9233333333326,0.0,275.0,49.0,-37.34358846906829,48.0,-0.7621140503891487,-0.6474427960827475,16.57
0.0,1.0,0.0,0.0,918.4766666666659,93.0,185.0,77.0,-59.5316510689364,51.0,-0.7731383255706026,-0.6342374393978054,21.57
0.0,1.0,0.0,0.0,805.8899999999993,92.0,116.0,74.0,-58.011102434536085,46.0,-0.7839338166829201,-0.620844401650647,14.22
0.0,1.0,0.0,0.0,853.3033333333325,3.0,120.0,54.0,-42.902855774996354,46.0,-0.7944973291665992,-0.6072676460566135,19.11
0.0,1.0,0.0,0.0,1015.4733333333326,10.0,120.0,74.0,-61.03261625102874,44.0,-0.8247650844733614,-0.5654755126737576,19.91
0.0,1.0,0.0,0.0,1046.2333333333324,0.0,122.0,55.0,-45.89035679376246,49.0,-0.8343701235229538,-0.5512045872199277,20.73
0.0,1.0,0.0,0.0,1130.9099999999992,0.0,126.0,78.0,-66.52126429801784,46.0,-0.8528367217694595,-0.522177676659508,18.13
0.0,1.0,0.0,0.0,632.396666666666,11.0,167.0,18.0,-15.665290600834213,43.0,-0.8702939222685674,-0.49253272872205434,14.67
0.0,1.0,0.0,0.0,660.376666666666,43.0,136.0,57.0,-50.08233716717701,47.0,-0.8786374941610001,-0.4774894280028391,23.14
0.0,1.0,0.0,0.0,667.5066666666659,0.0,170.0,49.0,-44.90402319802294,43.0,-0.9164086366943458,-0.4002439388573056,17.92
0.0,1.0,0.0,0.0,701.6066666666658,0.0,170.0,21.0,-19.386315332258782,42.0,-0.9231578729647039,-0.38442104726885545,19.67
0.0,1.0,0.0,0.0,616.1766666666659,12.0,171.0,54.0,-50.20023232628655,40.0,-0.9296339319682695,-0.3684843993077793,18.06
0.0,1.0,0.0,0.0,512.5099999999993,0.0,184.0,50.0,-46.79174486674971,45.0,-0.9358348973349941,-0.35243871088460327,19.28
0.0,1.0,0.0,0.0,1018.7899999999994,0.0,187.0,68.0,-64.42349166858415,48.0,-0.9474042892438845,-0.32003923622313857,21.46
0.0,1.0,0.0,0.0,1139.1399999999994,11.0,187.0,64.0,-60.97723470187847,45.0,-0.9527692922168511,-0.30369503751065885,23.27
0.0,1.0,0.0,0.0,1243.5399999999993,3.0,184.0,59.0,-56.513288970232345,48.0,-0.9578523554276669,-0.28726097055059635,24.2
0.0,1.0,0.0,0.0,746.3999999999993,23.0,180.0,25.0,-24.066299367903717,37.0,-0.9626519747161487,-0.2707418984477642,20.0
0.0,1.0,0.0,0.0,589.1033333333327,7.0,207.0,59.0,-57.062837058066144,47.0,-0.9671667297977312,-0.2541427094613622,12.83
0.0,1.0,0.0,0.0,1204.9499999999994,10.0,231.0,60.0,-58.283717081025,44.0,-0.97139528468375,-0.23746831555846842,12.02
0.0,1.0,0.0,0.0,2000.3366666666661,2.0,237.0,80.0,-78.0269110461427,45.0,-0.9753363880767837,-0.2207236509605022,20.54
0.0,1.0,0.0,0.0,2161.8733333333325,4.0,233.0,60.0,-58.73933242445592,44.0,-0.9789888737409319,-0.20391367068311472,24.95
0.0,1.0,0.0,0.0,1512.2233333333327,52.0,205.0,51.0,-50.09993470319311,48.0,-0.9823516608469237,-0.18704334906991657,13.84
0.0,1.0,0.0,0.0,1727.3133333333328,12.0,200.0,77.0,-75.87762908048033,49.0,-0.9854237542919524,-0.17011767832049052,19.86
0.0,1.0,0.0,0.0,1495.6999999999996,34.0,168.0,21.0,-20.752289144876986,48.0,-0.9882042449941422,-0.15314166701312007,20.38
0.0,1.0,0.0,0.0,1461.0333333333328,0.0,193.0,81.0,-80.24607712308644,45.0,-0.9906923101615609,-0.13612033862266704,14.3
0.0,1.0,0.0,0.0,646.6966666666661,13.0,186.0,56.0,-55.601683957998986,47.0,-0.9928872135356962,-0.11905873003404988,23.68
0.0,1.0,0.0,0.0,764.8633333333328,13.0,195.0,61.0,-60.68208664216895,42.0,-0.994788305609327,-0.10196189005174576,16.59
0.0,1.0,0.0,0.0,838.3233333333327,3.0,192.0,69.0,-68.7512566434919,45.0,-0.9963950238187231,-0.08483487790576538,21.17
0.0,1.0,0.0,0.0,855.6233333333327,11.0,181.0,76.0,-75.82572384596888,53.0,-0.9977068927101168,-0.06768276175455162,17.18
0.0,1.0,0.0,0.0,936.6599999999994,0.0,181.0,60.0,-59.923411444823834,49.0,-0.9987235240803972,-0.050510617185222886,21.52
0.0,1.0,0.0,0.0,767.4199999999995,19.0,162.0,31.0,-30.982783129851562,46.0,-0.9994446170919858,-0.033323525711631344,22.52
0.0,1.0,0.0,0.0,695.1799999999994,34.0,140.0,54.0,-53.992977751540394,48.0,-0.9998699583618592,-0.016126573270657762,19.85
0.0,1.0,0.0,0.0,964.2166666666661,34.0,174.0,51.0,-50.999970523259314,46.0,-0.9999994220246925,0.001075151282798226,11.18
0.0,1.0,0.0,0.0,1058.3266666666661,8.0,213.0,60.0,-59.9899781862063,49.0,-0.999832969770105,0.018276557681691223,18.2
0.0,1.0,0.0,0.0,969.5233333333327,0.0,293.0,72.0,-71.95468686148777,43.0,-0.9993706508539969,0.03547255575312556,9.69
0.0,1.0,0.0,0.0,548.6233333333327,24.0,362.0,55.0,-54.92369311461854,42.0,-0.9986126020839734,0.052658056924614005,12.36
0.0,1.0,0.0,0.0,546.576666666666,7.0,355.0,53.0,-52.87062953227965,48.0,-0.9975590477788613,0.06982797572987089,20.58
0.0,1.0,0.0,0.0,851.566666666666,2.0,353.0,68.0,-67.63053947400309,45.0,-0.9945667569706337,0.1041007489354256,30.12
0.0,1.0,0.0,0.0,1370.1833333333327,25.0,330.0,75.0,-74.44716794508821,47.0,-0.9926289059345095,0.121193461470736,24.2
0.0,1.0,0.0,0.0,1508.986666666666,6.0,342.0,70.0,-69.151086174453,40.0,-0.9878726596350429,0.15526624985999563,26.6
0.0,1.0,0.0,0.0,1358.7199999999996,22.0,335.0,59.0,-58.11828463746858,44.0,-0.9850556718215013,0.172236243027682,23.66
0.0,1.0,0.0,0.0,1017.616666666666,0.0,344.0,62.0,-60.880725791572054,42.0,-0.981947190186646,0.18915526872004093,24.58
0.0,1.0,0.0,0.0,895.8766666666661,0.0,366.0,55.0,-53.3985325764761,48.0,-0.9708824104813836,0.23955655912092708,21.51
0.0,1.0,0.0,0.0,940.8899999999994,0.0,398.0,74.0,-71.5297327696072,50.0,-0.9666180104000972,0.2562218218071163,20.54
0.0,1.0,0.0,0.0,924.7699999999995,0.0,425.0,82.0,-78.49306035251159,40.0,-0.957232443323312,0.28931997761869527,17.94
0.0,1.0,0.0,0.0,957.4433333333327,12.0,444.0,70.0,-65.45524190460901,50.0,-0.9350748843515574,0.3544502230989869,18.43
0.0,1.0,0.0,0.0,862.636666666666,68.0,417.0,73.0,-67.8052784086739,38.0,-0.9288394302558068,0.3704825404820963,17.48
0.0,1.0,0.0,0.0,684.746666666666,47.0,477.0,68.0,-62.257119362473176,43.0,-0.9155458729775467,0.40221356823680365,8.79
0.0,1.0,0.0,0.0,1811.4766666666662,80.0,401.0,51.0,-46.333076882197915,44.0,-0.9084917035725082,0.41790288888678667,21.73
0.0,1.0,0.0,0.0,2068.0299999999993,93.0,308.0,61.0,-54.50832020926371,48.0,-0.8935790198239952,0.4489059314938798,22.1
0.0,1.0,0.0,0.0,2466.176666666666,0.0,317.0,87.0,-76.35195835201601,44.0,-0.8776087166898392,0.4793776594606945,27.94
0.0,1.0,0.0,0.0,1425.196666666666,0.0,389.0,56.0,-48.67703772161883,45.0,-0.8692328164574792,0.49440298420761813,10.93
0.0,1.0,0.0,0.0,2521.236666666666,2.0,427.0,55.0,-46.84415509108054,41.0,-0.8517119107469189,0.5240103253675756,23.42
0.0,1.0,0.0,0.0,2119.586666666666,18.0,438.0,26.0,-21.906874339651683,47.0,-0.8425720899866032,0.5385835804920232,21.54
0.0,1.0,0.0,0.0,2109.1533333333327,15.0,446.0,59.0,-49.15779337676153,40.0,-0.8331829385891785,0.5529974600700271,19.07
0.0,1.0,0.0,0.0,627.3433333333327,9.0,543.0,50.0,-41.17736174778003,51.0,-0.8235472349556007,0.5672476988027229,11.14
0.0,1.0,0.0,0.0,1080.1433333333327,22.0,523.0,58.0,-47.19273416584475,51.0,-0.8136678304455991,0.5813300798152042,21.0
0.0,1.0,0.0,0.0,1088.226666666666,32.0,492.0,64.0,-51.42704950617034,50.0,-0.8035476485339116,0.5952404359043674,25.78
0.0,1.0,0.0,0.0,1159.396666666666,27.0,506.0,48.0,-38.073104829368845,46.0,-0.7931896839451843,0.6089746507720486,18.73
0.0,1.0,0.0,0.0,742.9999999999994,31.0,475.0,33.0,-25.468500306043858,45.0,-0.7717727365467836,0.6358984534680745,21.91
0.0,1.0,0.0,0.0,564.0833333333327,41.0,458.0,58.0,-44.121765298671804,42.0,-0.7607200913564104,0.6490800741100398,16.83
0.0,1.0,0.0,0.0,446.2833333333327,107.0,444.0,51.0,-37.635083325460066,42.0,-0.7379428103031386,0.6748632518680403,7.61
0.0,1.0,0.0,0.0,405.9299999999994,4.0,506.0,59.0,-42.847269961645104,42.0,-0.7262249146041543,0.6874571793269664,9.47
0.0,1.0,0.0,0.0,1707.8633333333328,0.0,508.0,78.0,-55.71478514699005,51.0,-0.7142921172691032,0.699847677146407,25.31
0.0,1.0,0.0,0.0,2075.816666666666,9.0,502.0,65.0,-45.63961671130536,50.0,-0.7021479494046978,0.7120310787787131,29.85
0.0,1.0,0.0,0.0,2221.0099999999998,72.0,432.0,17.0,-11.726532079315007,46.0,-0.6897960046655887,0.7240037789593305,23.0
0.0,1.0,0.0,0.0,1212.5866666666661,40.0,433.0,61.0,-38.94145200965452,43.0,-0.6383844591746642,0.7697176640069211,20.95
0.0,1.0,0.0,0.0,978.9033333333327,29.0,494.0,63.0,-39.378127862457575,43.0,-0.6250496486104377,0.7805849965070866,7.38
0.0,1.0,0.0,0.0,1020.5699999999994,23.0,471.0,65.0,-39.74944192694185,45.0,-0.6115298757991053,0.7912213413483807,21.22
0.0,1.0,0.0,0.0,877.1866666666662,106.0,368.0,66.0,-37.613469802442324,42.0,-0.5699010576127624,0.8217133225960589,24.91
0.0,1.0,0.0,0.0,905.4666666666661,2.0,372.0,43.0,-23.894324816470103,50.0,-0.5556819724760489,0.8313949395234058,24.67
0.0,1.0,0.0,0.0,959.0899999999996,1.0,402.0,70.0,-37.890891647253206,43.0,-0.5412984521036173,0.8408305333122887,24.21
0.0,1.0,0.0,0.0,961.6233333333329,41.0,400.0,66.0,-34.765813685496575,46.0,-0.5267547528105542,0.8500173118187018,24.15
0.0,1.0,0.0,0.0,994.3033333333328,0.0,442.0,64.0,-32.771531411933736,36.0,-0.5120551783114646,0.8589525565270845,21.98
0.0,1.0,0.0,0.0,1175.383333333333,24.0,428.0,26.0,-12.927306039620383,52.0,-0.4972040784469378,0.8676336233547726,18.77
0.0,1.0,0.0,0.0,980.4299999999995,93.0,387.0,48.0,-23.145880699024925,42.0,-0.4822058478963526,0.8760579434344281,16.1
0.0,1.0,0.0,0.0,2277.613333333333,66.0,332.0,63.0,-29.42509026727811,48.0,-0.46706492487743034,0.8842230238742036,23.03
0.0,1.0,0.0,0.0,3274.859999999999,2.0,335.0,65.0,-28.364242666798507,49.0,-0.4363729641045924,0.8997658785476209,22.06
0.0,1.0,0.0,0.0,4338.879999999999,3.0,375.0,63.0,-25.525364912507648,47.0,-0.4051645224207563,0.9142437912130223,16.73
0.0,1.0,0.0,0.0,3641.1299999999997,2.0,394.0,27.0,-10.51320982172044,46.0,-0.3893781415452015,0.9210779895789526,15.89
0.0,1.0,0.0,0.0,2737.9866666666658,41.0,404.0,85.0,-31.745505680111012,43.0,-0.37347653741307074,0.9276396261490467,18.94
0.0,1.0,0.0,0.0,1749.2699999999993,90.0,385.0,80.0,-28.597153245188913,45.0,-0.3574644155648614,0.9339267592294762,7.67
0.0,1.0,0.0,0.0,1175.4799999999993,0.0,392.0,69.0,-23.552909482907495,41.0,-0.34134651424503615,0.9399375283564133,21.2
0.0,1.0,0.0,0.0,941.1566666666662,3.0,390.0,56.0,-18.20714576799492,44.0,-0.3251276029999093,0.9456701548465688,20.93
0.0,1.0,0.0,0.0,1122.4933333333329,6.0,395.0,62.0,-19.146373838507735,46.0,-0.30881248126625377,0.9511229423235357,22.19
0.0,1.0,0.0,0.0,966.2733333333326,31.0,386.0,60.0,-17.544358617064642,45.0,-0.29240597695107734,0.9562942772197719,11.42
0.0,1.0,0.0,0.0,792.8333333333327,39.0,384.0,63.0,-16.338310756450554,45.0,-0.2593382659754056,0.9657865518844574,16.52
0.0,1.0,0.0,0.0,583.8333333333327,42.0,384.0,69.0,-15.591488969113316,51.0,-0.22596360824801906,0.974135744004672,12.87
0.0,1.0,0.0,0.0,661.6599999999993,10.0,387.0,56.0,-11.713716316195956,47.0,-0.20917350564635637,0.9778785428342386,18.18
0.0,1.0,0.0,0.0,620.556666666666,52.0,370.0,53.0,-9.296867471626756,42.0,-0.17541259380427843,0.9844950085880858,17.02
0.0,1.0,0.0,0.0,892.1166666666662,11.0,359.0,62.0,-8.769532196652404,48.0,-0.14144406768794202,0.9899462489023779,24.26
0.0,1.0,0.0,0.0,1121.6899999999994,5.0,361.0,51.0,-6.344119746829799,42.0,-0.12439450483979998,0.9922328391893008,21.18
0.0,1.0,0.0,0.0,1202.3399999999995,43.0,328.0,63.0,-6.760412294350835,50.0,-0.10730813165636247,0.9942258118156161,18.27
0.0,1.0,0.0,0.0,961.3933333333329,21.0,307.0,59.0,-5.321210251950363,45.0,-0.09019000427034513,0.9959245770286599,18.58
0.0,1.0,0.0,0.0,668.5099999999994,51.0,302.0,49.0,-3.579214222341324,42.0,-0.07304518821104743,0.9973286321364752,15.61
0.0,1.0,0.0,0.0,604.2933333333327,71.0,255.0,66.0,-3.6879979557546267,46.0,-0.05587875690537313,0.9984375616565666,13.86
0.0,1.0,0.0,0.0,1614.106666666666,7.0,252.0,55.0,-1.1825755007447587,45.0,-0.021501372740813793,0.999768818762748,21.33
0.0,1.0,0.0,0.0,1808.5766666666661,1.0,251.0,65.0,-0.2795385256938283,49.0,-0.004300592702981974,0.9999907524084426,23.75
0.0,1.0,0.0,0.0,1861.2966666666662,11.0,251.0,69.0,2.373466182338953,39.0,0.03439806061360801,0.9994082116062598,18.17
0.0,1.0,0.0,0.0,805.6333333333328,22.0,229.0,53.0,2.733971444078643,43.0,0.051584366869408364,0.9986686402879997,16.72
0.0,1.0,0.0,0.0,755.5866666666661,37.0,192.0,67.0,4.60661236823634,47.0,0.06875540848113941,0.9976335468520451,20.39
0.0,1.0,0.0,0.0,621.8199999999994,42.0,150.0,23.0,1.9758403980106525,52.0,0.08590610426133272,0.9963032375991965,22.65
0.0,1.0,0.0,0.0,768.1866666666662,13.0,137.0,72.0,7.418259291108873,52.0,0.10303137904317879,0.9946781061893646,20.08
0.0,1.0,0.0,0.0,1447.1933333333327,35.0,106.0,75.0,9.009462388676289,45.0,0.1201261651823505,0.9927586335250793,19.63
0.0,1.0,0.0,0.0,1568.916666666666,0.0,106.0,80.0,10.974832324528045,47.0,0.13718540405660057,0.9905453876091833,13.61
0.0,1.0,0.0,0.0,1508.9933333333327,7.0,99.0,71.0,10.948487376950947,50.0,0.1542040475626894,0.988039023376751,16.77
0.0,1.0,0.0,0.0,663.9699999999995,10.0,89.0,33.0,6.763881760993345,49.0,0.20496611396949532,0.9787690698649216,18.45
0.0,1.0,0.0,0.0,671.2833333333327,0.0,89.0,66.0,15.741829962809048,46.0,0.23851257519407648,0.9711394088771653,17.38
0.0,1.0,0.0,0.0,701.6666666666661,46.0,48.0,55.0,14.035032721785505,50.0,0.2551824131233728,0.9668929289391521,23.84
0.0,1.0,0.0,0.0,842.1099999999993,24.0,32.0,70.0,19.0243716929795,44.0,0.2717767384711357,0.9623603298276545,18.57
0.0,1.0,0.0,0.0,695.3699999999994,4.0,101.0,68.0,22.936472701260524,44.0,0.3373010691361842,0.9413968285264122,7.06
0.0,1.0,0.0,0.0,1259.176666666666,0.0,101.0,66.0,24.385923107527283,55.0,0.3694836834473831,0.9292372181882051,18.45
0.0,1.0,0.0,0.0,1895.8533333333328,11.0,94.0,62.0,23.89562828616819,51.0,0.38541335945432564,0.9227440286201427,20.42
0.0,1.0,0.0,0.0,2061.886666666666,0.0,94.0,61.0,24.474968112297557,53.0,0.4012289854475009,0.9159777842484877,18.43
0.0,1.0,0.0,0.0,1451.593333333333,0.0,94.0,64.0,28.668476122105034,45.0,0.44794493940789115,0.8940611451454876,18.59
0.0,1.0,0.0,0.0,2043.6833333333325,0.0,94.0,57.0,27.27072775451797,54.0,0.4784338202547012,0.8781236129591848,16.05
0.0,1.0,0.0,0.0,1982.8833333333325,0.0,107.0,51.0,25.166875225539105,44.0,0.49346814167723735,0.8697638720650646,19.84
0.0,1.0,0.0,0.0,1897.119999999999,4.0,103.0,61.0,31.90875250429709,49.0,0.5230943033491326,0.8522748088519838,12.69
0.0,1.0,0.0,0.0,611.4799999999991,0.0,103.0,64.0,35.33448593573893,48.0,0.5521013427459208,0.8337770129585915,15.23
0.0,1.0,0.0,0.0,827.4933333333324,0.0,114.0,68.0,39.47093509101867,35.0,0.580454927809098,0.8142923779467267,13.59
0.0,1.0,0.0,0.0,902.2333333333323,0.0,114.0,64.0,38.04007402143892,52.0,0.5943761565849831,0.804187157621448,16.69
0.0,1.0,0.0,0.0,864.7533333333325,0.0,114.0,63.0,38.31165449329313,44.0,0.6081214998935418,0.7938439653781019,13.46
0.0,1.0,0.0,0.0,656.8966666666657,5.0,109.0,75.0,49.594760622422896,45.0,0.6612634749656386,0.7501537286959042,13.37
0.0,1.0,0.0,0.0,535.6566666666657,8.0,101.0,43.0,28.98498685114849,47.0,0.6740694616546161,0.7386679638813748,13.4
0.0,1.0,0.0,0.0,543.2466666666658,73.0,28.0,61.0,42.64383733449893,46.0,0.6990793005655562,0.7150441465537444,14.15
0.0,1.0,0.0,0.0,432.9333333333324,0.0,28.0,35.0,25.31416039053086,47.0,0.7232617254437388,0.6905740195722293,13.8
0.0,1.0,0.0,0.0,559.6266666666658,4.0,27.0,69.0,50.71732351517295,43.0,0.7350336741329413,0.6780306024735382,17.41
0.0,1.0,0.0,0.0,721.179999999999,0.0,55.0,66.0,49.27481555913926,42.0,0.746588114532413,0.6652865452111116,9.18
0.0,1.0,0.0,0.0,860.9033333333324,0.0,55.0,73.0,55.32827880730634,46.0,0.7579216274973472,0.6523456189565257,15.12
0.0,1.0,0.0,0.0,2045.0499999999993,0.0,70.0,92.0,71.75195206233803,46.0,0.7799125224167177,0.6258885343075018,14.7
0.0,1.0,0.0,0.0,2048.2199999999993,13.0,60.0,58.0,45.8526770208698,43.0,0.7905633969115482,0.612380204990065,20.12
0.0,1.0,0.0,0.0,1908.8233333333328,0.0,60.0,33.0,26.432350922283586,43.0,0.8009803309782905,0.5986906625177214,15.36
0.0,1.0,0.0,0.0,1860.2766666666664,0.0,60.0,64.0,51.91425549302797,45.0,0.8111602420785621,0.5848239578463322,16.12
0.0,1.0,0.0,0.0,1696.553333333333,11.0,49.0,50.0,41.05500589064446,46.0,0.8211001178128892,0.5707841943569036,17.48
0.0,1.0,0.0,0.0,1816.7966666666662,0.0,49.0,52.0,43.69289961960804,47.0,0.8402480696078469,0.5422021592729844,19.31
0.0,1.0,0.0,0.0,959.1833333333328,0.0,49.0,65.0,55.21428116629624,49.0,0.8494504794814806,0.527668345562516,20.58
0.0,1.0,0.0,0.0,974.2566666666661,0.0,49.0,65.0,55.796099013972956,46.0,0.8584015232918917,0.512978386299228,14.49
0.0,1.0,0.0,0.0,826.4466666666659,0.0,100.0,30.0,26.012956568436245,46.0,0.8670985522812081,0.4981366284784055,12.43
0.0,1.0,0.0,0.0,1676.3399999999992,0.0,104.0,64.0,56.034495542952335,44.0,0.8755389928586302,0.4831474640149687,25.12
0.0,1.0,0.0,0.0,1786.2633333333324,0.0,108.0,64.0,57.06497246700079,50.0,0.8916401947968874,0.45274469960737107,21.34
0.0,1.0,0.0,0.0,2089.3133333333326,3.0,115.0,73.0,65.64862198337084,44.0,0.8992961915530253,0.4373400963303323,24.12
0.0,1.0,0.0,0.0,2227.0299999999993,28.0,113.0,63.0,57.121222542161306,44.0,0.9066860720977985,0.4218060770826634,14.84
0.0,1.0,0.0,0.0,2254.453333333333,0.0,116.0,74.0,67.62176607385295,50.0,0.9138076496466615,0.4061472386305789,19.91
0.0,1.0,0.0,0.0,1945.2166666666662,15.0,153.0,23.0,21.175152786635582,42.0,0.9206588168102428,0.3903682146763026,15.22
0.0,1.0,0.0,0.0,724.4266666666659,3.0,150.0,65.0,60.27044050416699,45.0,0.9272375462179537,0.374473674486883,21.03
0.0,1.0,0.0,0.0,630.8966666666661,0.0,150.0,49.0,45.743552664778136,45.0,0.9335418911179212,0.35846832151248087,23.98
0.0,1.0,0.0,0.0,920.5099999999993,0.0,166.0,77.0,72.34688891838579,47.0,0.9395699859530622,0.342356891994542,21.38
0.0,1.0,0.0,0.0,1836.356666666666,0.0,166.0,100.0,94.5320046913132,49.0,0.945320046913132,0.3261441535642696,22.38
0.0,1.0,0.0,0.0,1838.9999999999993,0.0,166.0,56.0,53.24426085790466,46.0,0.9507903724625832,0.3098349038318025,20.41
0.0,1.0,0.0,0.0,1581.5599999999993,0.0,166.0,21.0,20.17859393670745,46.0,0.9608854255574977,0.27694620226893646,22.9
0.0,1.0,0.0,0.0,715.2599999999993,0.0,166.0,59.0,56.96492278304584,45.0,0.9655071658143364,0.2603764827344581,17.71
0.0,1.0,0.0,0.0,692.5499999999994,51.0,115.0,55.0,53.564072975324585,49.0,0.9738922359149924,0.22701082094141847,18.65
0.0,1.0,0.0,0.0,943.9033333333327,4.0,121.0,75.0,73.3239813361248,40.0,0.9776530844816641,0.2102247521189836,22.6
0.0,1.0,0.0,0.0,899.5366666666661,4.0,117.0,66.0,64.754225564933,47.0,0.981124629771712,0.19337647441020586,20.3
0.0,1.0,0.0,0.0,666.9766666666661,10.0,107.0,0.0,0.0,0.0,0.984305844499033,0.17647097349152166,0.0
0.0,1.0,0.0,0.0,308.1999999999995,26.0,81.0,0.0,0.0,0.0,0.9871957872910085,0.15951325197263655,0.0
0.0,1.0,0.0,0.0,0.0,3.0,78.0,0.0,0.0,0.0,0.9897936029670716,0.14250832791617088,0.0
0.0,1.0,0.0,0.0,0.0,52.0,26.0,0.0,0.0,0.0,0.9941098647022418,0.10837701279187609,0.0
0.0,1.0,0.0,0.0,0.0,0.0,26.0,0.0,0.0,0.0,0.9958270335100595,0.09126072172931188,0.0
0.0,1.0,0.0,0.0,0.0,0.0,26.0,0.0,0.0,0.0,0.9972495210773451,0.07411742515094437,0.0
0.0,1.0,0.0,0.0,0.0,16.0,10.0,0.0,0.0,0.0,0.9992088560679753,0.03977011384605572,0.0
0.0,1.0,0.0,0.0,0.0,0.0,10.0,0.0,0.0,0.0,0.9999855506507186,0.005375731557583884,0.0
0.0,1.0,0.0,0.0,0.0,0.0,10.0,0.0,0.0,0.0,0.9989315138848577,-0.046215046983708354,0.0
0.0,1.0,0.0,0.0,0.0,0.0,10.0,0.0,0.0,0.0,0.9979887423155984,-0.06339140486951038,0.0
0.0,1.0,0.0,0.0,0.0,0.0,10.0,0.0,0.0,0.0,0.9933900548258936,-0.11478762552212701,0.0
0.0,1.0,0.0,0.0,0.0,0.0,10.0,0.0,0.0,0.0,0.9912685467787256,-0.13185851571739118,0.0
0.0,1.0,0.0,0.0,0.0,10.0,0.0,0.0,0.0,0.0,0.9888537064205885,-0.1488903868564548,0.0
0.0,1.0,0.0,0.0,0.0,0.0,0.0,0.0,0.0,0.0,0.9831469737221499,-0.1828169249850199,0.0
0.0,1.0,0.0,0.0,0.0,0.0,0.0,0.0,0.0,0.0,0.9798567700958665,-0.1997015525660636,0.0
0.0,1.0,0.0,0.0,0.0,0.0,0.0,0.0,0.0,0.0,0.9762766110869321,-0.21652708524481437,0.0
0.0,1.0,0.0,0.0,0.0,0.0,0.0,0.0,0.0,0.0,0.9724075561219968,-0.23328854407545518,0.0
0.0,1.0,0.0,0.0,0.0,0.0,0.0,0.0,0.0,0.0,0.9682507501166718,-0.2499809690726521,0.0
0.0,1.0,0.0,0.0,0.0,0.0,0.0,0.0,0.0,0.0,0.9638074231367307,-0.26659942067929354,0.0
0.0,1.0,0.0,0.0,0.0,0.0,0.0,0.0,0.0,0.0,0.9590788900341131,-0.28313898122818354,0.0
0.0,1.0,0.0,0.0,0.0,0.0,0.0,0.0,0.0,0.0,0.9312100364121947,-0.3644830148102912,0.0
0.0,1.0,0.0,0.0,0.0,0.0,0.0,0.0,0.0,0.0,0.9181214482844364,-0.39629913726891813,0.0
0.0,1.0,0.0,0.0,0.0,0.0,0.0,0.0,0.0,0.0,0.9111686353326631,-0.41203363695942635,0.0
0.0,1.0,0.0,0.0,0.0,0.0,0.0,0.0,0.0,0.0,0.9039461929224011,-0.42764620926777464,0.0
0.0,1.0,0.0,0.0,0.0,0.0,0.0,0.0,0.0,0.0,0.8964562582905575,-0.44313223418263453,0.0
0.0,1.0,0.0,0.0,0.0,0.0,0.0,0.0,0.0,0.0,0.8806828564301475,-0.47370635037968,0.0
0.0,1.0,0.0,0.0,0.0,0.0,0.0,0.0,0.0,0.0,0.8638670987837349,-0.503719798736334,0.0
0.0,1.0,0.0,0.0,0.0,0.0,0.0,0.0,0.0,0.0,0.8550745085896932,-0.518505144391157,0.0
0.0,1.0,0.0,0.0,0.0,0.0,0.0,0.0,0.0,0.0,0.8460288880917339,-0.533137056031809,0.0
0.0,1.0,0.0,0.0,0.0,0.0,0.0,0.0,0.0,0.0,0.8367329140344921,-0.5476112038402312,0.0
0.0,1.0,0.0,0.0,0.0,0.0,0.0,0.0,0.0,0.0,0.8271893372462497,-0.5619233046832195,0.0
0.0,1.0,0.0,0.0,0.0,0.0,0.0,0.0,0.0,0.0,0.8174009818249189,-0.5760691233798758,0.0
0.0,1.0,0.0,0.0,0.0,0.0,0.0,0.0,0.0,0.0,0.8073707443023492,-0.5900444739548627,0.0
0.0,1.0,0.0,0.0,0.0,0.0,0.0,0.0,0.0,0.0,0.7971015927871943,-0.6038452208771035,0.0
0.0,1.0,0.0,0.0,0.0,0.0,0.0,0.0,0.0,0.0,0.7865965660866021,-0.6174672802835514,0.0
0.0,1.0,0.0,0.0,0.0,0.0,0.0,0.0,0.0,0.0,0.7648913904341225,-0.6441592666722685,0.0
0.0,1.0,0.0,0.0,0.0,0.0,0.0,0.0,0.0,0.0,0.742280907086982,-0.6700888411055113,0.0
0.0,1.0,0.0,0.0,0.0,0.0,0.0,0.0,0.0,0.0,0.7306444969184916,-0.6827580970759147,0.0
0.0,1.0,0.0,0.0,0.0,0.0,0.0,0.0,0.0,0.0,0.6300720909843687,-0.7765366444428655,0.0
0.0,1.0,0.0,0.0,0.0,0.0,0.0,0.0,0.0,0.0,0.6166212130956382,-0.7872599821916922,0.0
0.0,1.0,0.0,0.0,0.0,0.0,0.0,0.0,0.0,0.0,0.6029878670694714,-0.7977503570459932,0.0
0.0,1.0,0.0,0.0,0.0,0.0,0.0,0.0,0.0,0.0,0.5891760872322963,-0.8080046647350754,0.0
0.0,1.0,0.0,0.0,0.0,0.0,0.0,0.0,0.0,0.0,0.5751899607119775,-0.8180198708443174,0.0
0.0,1.0,0.0,0.0,0.0,0.0,0.0,0.0,0.0,0.0,0.5610336262283677,-0.8277930117131022,0.0
0.0,1.0,0.0,0.0,0.0,0.0,0.0,0.0,0.0,0.0,0.5467112728685939,-0.8373211953118121,0.0
0.0,1.0,0.0,0.0,0.0,0.0,0.0,0.0,0.0,0.0,0.5322271388474397,-0.8466016020976267,0.0
0.0,1.0,0.0,0.0,0.0,0.0,0.0,0.0,0.0,0.0,0.5175855102531889,-0.8556314858488706,0.0
0.0,1.0,0.0,0.0,0.0,0.0,0.0,0.0,0.0,0.0,0.4878471454423119,-0.8729290708206411,0.0
0.0,1.0,0.0,0.0,0.0,0.0,0.0,0.0,0.0,0.0,0.47275920928627757,-0.881191653407483,0.0
0.0,1.0,0.0,0.0,0.0,0.0,0.0,0.0,0.0,0.0,0.4575313760742512,-0.8891934772070711,0.0
0.0,1.0,0.0,0.0,0.0,0.0,0.0,0.0,0.0,0.0,0.42667408318992467,-0.9044054548343001,0.0
0.0,1.0,0.0,0.0,0.0,0.0,0.0,0.0,0.0,0.0,0.37945284372454435,-0.925211078289358,0.0
0.0,1.0,0.0,0.0,0.0,0.0,0.0,0.0,0.0,0.0,0.36348161248290634,-0.9316013725767187,0.0
0.0,1.0,0.0,0.0,0.0,0.0,0.0,0.0,0.0,0.0,0.3474028211842774,-0.9377159910299093,0.0
0.0,1.0,0.0,0.0,0.0,0.0,0.0,0.0,0.0,0.0,0.3312212278016865,-0.9435531242349544,0.0
0.0,1.0,0.0,0.0,0.0,0.0,0.0,0.0,0.0,0.0,0.2985688173637202,-0.9543881083175908,0.0
0.0,1.0,0.0,0.0,0.0,0.0,0.0,0.0,0.0,0.0,0.2821076626819194,-0.9593827529490743,0.0
0.0,1.0,0.0,0.0,0.0,0.0,0.0,0.0,0.0,0.0,0.26556302780405594,-0.9640935007889755,0.0
0.0,1.0,0.0,0.0,0.0,0.0,0.0,0.0,0.0,0.0,0.24893980855376657,-0.9685189578512204,0.0
0.0,1.0,0.0,0.0,0.0,0.0,0.0,0.0,0.0,0.0,0.23224292400907015,-0.9726578145718654,0.0
0.0,1.0,0.0,0.0,0.0,0.0,0.0,0.0,0.0,0.0,0.19864794288017112,-0.9800709131432666,0.0
0.0,1.0,0.0,0.0,0.0,0.0,0.0,0.0,0.0,0.0,0.16481784665719793,-0.9863240225317866,0.0
0.0,1.0,0.0,0.0,0.0,0.0,0.0,0.0,0.0,0.0,0.14782713347053048,-0.9890132145779883,0.0
0.0,1.0,0.0,0.0,0.0,0.0,0.0,0.0,0.0,0.0,0.11371951458594969,-0.9935128947338007,0.0
0.0,1.0,0.0,0.0,0.0,0.0,0.0,0.0,0.0,0.0,0.04514101777397193,-0.9989806246941579,0.0
0.0,1.0,0.0,0.0,0.0,0.0,0.0,0.0,0.0,0.0,0.02795029824021032,-0.999609314096404,0.0
0.0,1.0,0.0,0.0,0.0,0.0,0.0,0.0,0.0,0.0,0.01075130776352193,-0.9999422030204416,0.0
0.0,1.0,0.0,0.0,11.249999999999469,0.0,9.0,12.0,-0.0774103703772618,47.0,-0.00645086419810515,-0.9999791929590823,4.17
0.0,1.0,0.0,0.0,27.066666666666137,0.0,20.0,14.0,-0.3311157814332422,44.0,-0.023651127245231586,-0.9997202729664083,5.21
0.0,1.0,0.0,0.0,38.796666666666134,0.0,34.0,9.0,-0.367599523889665,49.0,-0.04084439154329611,-0.9991655196610109,5.67
0.0,1.0,0.0,0.0,40.94666666666614,0.0,34.0,12.0,-0.6963068319453642,47.0,-0.05802556932878035,-0.9983150972033183,5.0
0.0,1.0,0.0,0.0,35.963333333332805,0.0,35.0,4.0,-0.3007583056590342,44.0,-0.07518957641475855,-0.9971692572470178,12.5
0.0,1.0,0.0,0.0,48.1533333333328,0.0,35.0,14.0,-1.5322407610848179,50.0,-0.10944576864891556,-0.993992768446958,7.43
0.0,1.0,0.0,0.0,58.043333333332804,0.0,41.0,15.0,-1.897917252580247,51.0,-0.12652781683868314,-0.9919630595773397,6.8
0.0,1.0,0.0,0.0,78.40999999999947,0.0,80.0,20.0,-4.225515111643586,44.0,-0.2112757555821793,-0.9774264960104055,7.2
0.0,1.0,0.0,0.0,93.70666666666614,0.0,80.0,20.0,-5.228287970223125,42.0,-0.2614143985111562,-0.965226663665613,9.05
0.0,1.0,0.0,0.0,114.41666666666613,0.0,97.0,20.0,-5.559582787975602,48.0,-0.2779791393987801,-0.9605871111248129,10.0
0.0,1.0,0.0,0.0,151.98666666666614,0.0,112.0,28.0,-8.244925410030433,49.0,-0.2944616217868012,-0.9556633054034704,10.68
0.0,1.0,0.0,0.0,154.78333333333282,0.0,112.0,22.0,-7.554071227920537,48.0,-0.34336687399638804,-0.939201357453208,8.36
0.0,1.0,0.0,0.0,147.63333333333279,0.0,156.0,22.0,-7.90837988794531,46.0,-0.3594718130884232,-0.9331559438780432,7.5
0.0,1.0,0.0,0.0,96.62999999999947,0.0,219.0,27.0,-10.137700224565744,44.0,-0.3754703786876202,-0.9268343944460494,3.04
0.0,1.0,0.0,0.0,127.98666666666612,9.0,210.0,25.0,-9.783945914025647,49.0,-0.3913578365610259,-0.9202385798054075,12.76
0.0,1.0,0.0,0.0,133.38666666666612,11.0,234.0,30.0,-13.149201690375577,45.0,-0.4383067230125192,-0.898825465016444,6.5
0.0,1.0,0.0,0.0,160.68666666666613,14.0,254.0,31.0,-14.064795666971671,44.0,-0.45370308603134424,-0.8911529104063088,6.71
0.0,1.0,0.0,0.0,150.04999999999947,0.0,264.0,22.0,-10.979509259147703,46.0,-0.4990686026885319,-0.8665624788845385,12.86
0.0,1.0,0.0,0.0,181.6166666666661,1.0,263.0,31.0,-15.930931040588618,43.0,-0.5139010013093103,-0.8578494977869301,10.74
0.0,1.0,0.0,0.0,153.66666666666615,0.0,292.0,10.0,-5.285813283559292,44.0,-0.5285813283559292,-0.8488826652214553,7.9
0.0,1.0,0.0,0.0,165.16666666666615,6.0,293.0,30.0,-16.293157190502953,44.0,-0.5431052396834317,-0.8396646346181327,11.33
0.0,1.0,0.0,0.0,158.97999999999945,39.0,270.0,31.0,-17.721666810383862,36.0,-0.5716666713027052,-0.8204859638785327,11.0
0.0,1.0,0.0,0.0,222.91999999999948,0.0,270.0,36.0,-21.08504663306463,44.0,-0.5856957398073508,-0.8105309990194823,10.47
0.0,1.0,0.0,0.0,224.61999999999946,17.0,298.0,36.0,-21.58385369470736,46.0,-0.5995514915196489,-0.8003361849976323,9.44
0.0,1.0,0.0,0.0,254.48999999999947,15.0,302.0,33.0,-20.236584267891757,39.0,-0.6132298262997502,-0.7899045386224707,14.18
0.0,1.0,0.0,0.0,267.1999999999994,0.0,305.0,36.0,-23.04137189535661,50.0,-0.6400381082043503,-0.7683431655492202,11.08
0.0,1.0,0.0,0.0,298.6866666666661,44.0,261.0,34.0,-23.50594203111984,43.0,-0.6913512362094071,-0.722518835873311,14.47
0.0,1.0,0.0,0.0,324.91999999999945,63.0,198.0,42.0,-29.554451114118535,40.0,-0.7036774074790128,-0.7105196029692745,13.81
0.0,1.0,0.0,0.0,324.48666666666617,0.0,206.0,35.0,-25.469551650424826,41.0,-0.7277014757264236,-0.6858939875998223,12.8
0.0,1.0,0.0,0.0,315.26666666666614,35.0,225.0,35.0,-25.878729225857345,48.0,-0.7393922635959241,-0.673274892250183,12.66
0.0,1.0,0.0,0.0,294.5733333333328,34.0,218.0,44.0,-34.49308793404848,44.0,-0.7839338166829201,-0.620844401650647,10.98
0.0,1.0,0.0,0.0,258.9266666666661,10.0,208.0,16.0,-12.711957266665587,50.0,-0.7944973291665992,-0.6072676460566135,15.56
0.0,1.0,0.0,0.0,329.4266666666661,0.0,208.0,44.0,-35.41233243276719,51.0,-0.8048257371083452,-0.593511190196115,16.43
0.0,1.0,0.0,0.0,426.6066666666661,29.0,179.0,48.0,-39.115967239971795,52.0,-0.8149159841660791,-0.5795791048257612,17.75
0.0,1.0,0.0,0.0,556.1199999999995,7.0,183.0,51.0,-42.06301930814143,44.0,-0.8247650844733614,-0.5654755126737576,16.94
0.0,1.0,0.0,0.0,542.2199999999995,16.0,184.0,42.0,-35.43658687922939,44.0,-0.8437282590292712,-0.5367705514607103,17.14
0.0,1.0,0.0,0.0,552.6033333333329,0.0,185.0,42.0,-37.242284649485704,46.0,-0.886721063082993,-0.46230483047981086,22.45
0.0,1.0,0.0,0.0,493.4333333333329,45.0,154.0,36.0,-32.203520531152186,37.0,-0.8945422369764496,-0.4469834295196741,18.08
0.0,1.0,0.0,0.0,587.4833333333328,19.0,141.0,55.0,-49.6154285786601,46.0,-0.9020987014301837,-0.43152975897147144,20.11
0.0,1.0,0.0,0.0,607.3599999999996,3.0,149.0,50.0,-45.469411018239626,47.0,-0.9093882203647925,-0.4159483918249421,20.64
0.0,1.0,0.0,0.0,943.0299999999994,0.0,177.0,15.0,-13.746129550415187,44.0,-0.9164086366943458,-0.4002439388573056,14.27
0.0,1.0,0.0,0.0,956.4733333333328,0.0,193.0,63.0,-58.95759853210463,42.0,-0.9358348973349941,-0.35243871088460327,19.98
0.0,1.0,0.0,0.0,1212.8766666666663,8.0,225.0,56.0,-52.73850030956985,45.0,-0.9417589340994617,-0.33628873017668287,21.66
0.0,1.0,0.0,0.0,957.393333333333,54.0,197.0,49.0,-46.42281017295034,45.0,-0.9474042892438845,-0.32003923622313857,19.61
0.0,1.0,0.0,0.0,1102.7799999999995,27.0,170.0,48.0,-45.732926026408855,44.0,-0.9527692922168511,-0.30369503751065885,22.79
0.0,1.0,0.0,0.0,809.3399999999996,0.0,210.0,51.0,-49.09525071052359,44.0,-0.9626519747161487,-0.2707418984477642,17.37
0.0,1.0,0.0,0.0,793.6233333333329,0.0,245.0,72.0,-69.63600454543665,40.0,-0.9671667297977312,-0.2541427094613622,12.83
0.0,1.0,0.0,0.0,737.0399999999995,0.0,285.0,73.0,-70.91185578191376,44.0,-0.97139528468375,-0.23746831555846842,22.37
0.0,1.0,0.0,0.0,763.7566666666662,11.0,274.0,49.0,-48.13523138149926,41.0,-0.9823516608469237,-0.18704334906991657,21.06
0.0,1.0,0.0,0.0,613.0733333333329,17.0,371.0,22.0,-21.679322594422953,45.0,-0.9854237542919524,-0.17011767832049052,8.77
0.0,1.0,0.0,0.0,510.5566666666662,1.0,371.0,53.0,-52.37482498468953,50.0,-0.9882042449941422,-0.15314166701312007,20.25
0.0,1.0,0.0,0.0,624.2266666666662,14.0,357.0,57.0,-56.46946167920897,45.0,-0.9906923101615609,-0.13612033862266704,26.42
0.0,1.0,0.0,0.0,912.7199999999995,6.0,372.0,67.0,-66.98880897459703,47.0,-0.999832969770105,0.018276557681691223,22.07
0.0,1.0,0.0,0.0,1025.986666666666,11.0,400.0,69.0,-68.95657490892579,43.0,-0.9993706508539969,0.03547255575312556,24.39
0.0,1.0,0.0,0.0,843.4999999999995,28.0,469.0,69.0,-68.90426954379416,42.0,-0.9986126020839734,0.052658056924614005,10.36
0.0,1.0,0.0,0.0,513.1899999999995,16.0,453.0,0.0,-0.0,0.0,-0.9975590477788613,0.06982797572987089,0.0
0.0,1.0,0.0,0.0,151.3433333333328,40.0,413.0,0.0,-0.0,0.0,-0.9962102997023297,0.0869772313136861,0.0
0.0,1.0,0.0,0.0,0.0,26.0,387.0,0.0,-0.0,0.0,-0.9926289059345095,0.121193461470736,0.0
0.0,1.0,0.0,0.0,0.0,0.0,387.0,0.0,-0.0,0.0,-0.9878726596350429,0.15526624985999563,0.0
0.0,1.0,0.0,0.0,0.0,40.0,347.0,0.0,-0.0,0.0,-0.9850556718215013,0.172236243027682,0.0
0.0,1.0,0.0,0.0,0.0,35.0,312.0,0.0,-0.0,0.0,-0.9748595108374125,0.22282040779479959,0.0
0.0,1.0,0.0,0.0,0.0,40.0,272.0,0.0,-0.0,0.0,-0.9708824104813836,0.23955655912092708,0.0
0.0,1.0,0.0,0.0,0.0,0.0,272.0,0.0,-0.0,0.0,-0.9666180104000972,0.2562218218071163,0.0
0.0,1.0,0.0,0.0,0.0,114.0,158.0,0.0,-0.0,0.0,-0.957232443323312,0.28931997761869527,0.0
0.0,1.0,0.0,0.0,0.0,1.0,157.0,0.0,-0.0,0.0,-0.9521140536681102,0.3057430764672831,0.0
0.0,1.0,0.0,0.0,0.0,0.0,157.0,0.0,-0.0,0.0,-0.9410336347451197,0.3383130181923076,0.0
0.0,1.0,0.0,0.0,0.0,21.0,136.0,0.0,-0.0,0.0,-0.9350748843515574,0.3544502230989869,0.0
0.0,1.0,0.0,0.0,0.0,39.0,97.0,0.0,-0.0,0.0,-0.9288394302558068,0.3704825404820963,0.0
0.0,1.0,0.0,0.0,0.0,97.0,0.0,0.0,-0.0,0.0,-0.9223291176290545,0.3864052261209853,0.0
0.0,1.0,0.0,0.0,0.0,0.0,0.0,0.0,-0.0,0.0,-0.9155458729775467,0.40221356823680365,0.0
0.0,1.0,0.0,0.0,0.0,0.0,0.0,0.0,-0.0,0.0,-0.8935790198239952,0.4489059314938798,0.0
0.0,1.0,0.0,0.0,0.0,0.0,0.0,0.0,-0.0,0.0,-0.8776087166898392,0.4793776594606945,0.0
0.0,1.0,0.0,0.0,0.0,0.0,0.0,0.0,-0.0,0.0,-0.8692328164574792,0.49440298420761813,0.0
0.0,1.0,0.0,0.0,0.0,0.0,0.0,0.0,-0.0,0.0,-0.8605996962501181,0.5092820071573356,0.0
0.0,1.0,0.0,0.0,0.0,0.0,0.0,0.0,-0.0,0.0,-0.8517119107469189,0.5240103253675756,0.0
0.0,1.0,0.0,0.0,0.0,0.0,0.0,0.0,-0.0,0.0,-0.8235472349556007,0.5672476988027229,0.0
0.0,1.0,0.0,0.0,0.0,0.0,0.0,0.0,-0.0,0.0,-0.8136678304455991,0.5813300798152042,0.0
0.0,1.0,0.0,0.0,0.0,0.0,0.0,0.0,-0.0,0.0,-0.8035476485339116,0.5952404359043674,0.0
0.0,1.0,0.0,0.0,0.0,0.0,0.0,0.0,-0.0,0.0,-0.7931896839451843,0.6089746507720486,0.0
0.0,1.0,0.0,0.0,0.0,0.0,0.0,0.0,-0.0,0.0,-0.7717727365467836,0.6358984534680745,0.0
0.0,1.0,0.0,0.0,0.0,0.0,0.0,0.0,-0.0,0.0,-0.7607200913564104,0.6490800741100398,0.0
0.0,1.0,0.0,0.0,0.0,0.0,0.0,0.0,-0.0,0.0,-0.7494423368521954,0.6620696215153815,0.0
0.0,1.0,0.0,0.0,0.0,0.0,0.0,0.0,-0.0,0.0,-0.7379428103031386,0.6748632518680403,0.0
0.0,1.0,0.0,0.0,0.0,0.0,0.0,0.0,-0.0,0.0,-0.7262249146041543,0.6874571793269664,0.0
0.0,1.0,0.0,0.0,0.0,0.0,0.0,0.0,-0.0,0.0,-0.7142921172691032,0.699847677146407,0.0
0.0,1.0,0.0,0.0,0.0,0.0,0.0,0.0,-0.0,0.0,-0.7021479494046978,0.7120310787787131,0.0
0.0,1.0,0.0,0.0,0.0,0.0,0.0,0.0,-0.0,0.0,-0.6897960046655887,0.7240037789593305,0.0
0.0,1.0,0.0,0.0,0.0,0.0,0.0,0.0,-0.0,0.0,-0.6772399381909491,0.7357622347736527,0.0
0.0,1.0,0.0,0.0,0.0,0.0,0.0,0.0,-0.0,0.0,-0.6644834655228552,0.7473029667054296,0.0
0.0,1.0,0.0,0.0,0.0,0.0,0.0,0.0,-0.0,0.0,-0.6515303615068021,0.75862255966641,0.0
0.0,1.0,0.0,0.0,0.0,0.0,0.0,0.0,-0.0,0.0,-0.6383844591746642,0.7697176640069211,0.0
0.0,1.0,0.0,0.0,0.0,0.0,0.0,0.0,-0.0,0.0,-0.5978291414589552,0.801623551065242,0.0
0.0,1.0,0.0,0.0,0.0,0.0,0.0,0.0,-0.0,0.0,-0.5839514998576998,0.8117885474764613,0.0
0.0,1.0,0.0,0.0,0.0,0.0,0.0,0.0,-0.0,0.0,-0.5699010576127624,0.8217133225960589,0.0
0.0,1.0,0.0,0.0,0.0,0.0,0.0,0.0,-0.0,0.0,-0.5556819724760489,0.8313949395234058,0.0
0.0,1.0,0.0,0.0,0.0,0.0,0.0,0.0,-0.0,0.0,-0.5120551783114646,0.8589525565270845,0.0
0.0,1.0,0.0,0.0,0.0,0.0,0.0,0.0,-0.0,0.0,-0.4822058478963526,0.8760579434344281,0.0
0.0,1.0,0.0,0.0,0.0,0.0,0.0,0.0,-0.0,0.0,-0.46706492487743034,0.8842230238742036,0.0
0.0,1.0,0.0,0.0,0.0,0.0,0.0,0.0,-0.0,0.0,-0.4363729641045924,0.8997658785476209,0.0
0.0,1.0,0.0,0.0,0.0,0.0,0.0,0.0,-0.0,0.0,-0.42083100859565564,0.9071390534005044,0.0
0.0,1.0,0.0,0.0,0.0,0.0,0.0,0.0,-0.0,0.0,-0.4051645224207563,0.9142437912130223,0.0
0.0,1.0,0.0,0.0,0.0,0.0,0.0,0.0,-0.0,0.0,-0.37347653741307074,0.9276396261490467,0.0
0.0,1.0,0.0,0.0,0.0,0.0,0.0,0.0,-0.0,0.0,-0.3574644155648614,0.9339267592294762,0.0
0.0,1.0,0.0,0.0,0.0,0.0,0.0,0.0,-0.0,0.0,-0.34134651424503615,0.9399375283564133,0.0
0.0,1.0,0.0,0.0,0.0,0.0,0.0,0.0,-0.0,0.0,-0.3251276029999093,0.9456701548465688,0.0
0.0,1.0,0.0,0.0,0.0,0.0,0.0,0.0,-0.0,0.0,-0.30881248126625377,0.9511229423235357,0.0
0.0,1.0,0.0,0.0,0.0,0.0,0.0,0.0,-0.0,0.0,-0.29240597695107734,0.9562942772197719,0.0
0.0,1.0,0.0,0.0,0.0,0.0,0.0,0.0,-0.0,0.0,-0.27591294500296043,0.9611826292540837,0.0
0.0,1.0,0.0,0.0,0.0,0.0,0.0,0.0,-0.0,0.0,-0.2593382659754056,0.9657865518844574,0.0
0.0,1.0,0.0,0.0,0.0,0.0,0.0,0.0,-0.0,0.0,-0.22596360824801906,0.974135744004672,0.0
0.0,1.0,0.0,0.0,0.0,0.0,0.0,0.0,-0.0,0.0,-0.20917350564635637,0.9778785428342386,0.0
0.0,1.0,0.0,0.0,0.0,0.0,0.0,0.0,-0.0,0.0,-0.19232150523909483,0.9813319716704275,0.0
0.0,1.0,0.0,0.0,0.0,0.0,0.0,0.0,-0.0,0.0,-0.15845177496083632,0.9873667175937016,0.0
0.0,1.0,0.0,0.0,0.0,0.0,0.0,0.0,-0.0,0.0,-0.14144406768794202,0.9899462489023779,0.0
0.0,1.0,0.0,0.0,0.0,0.0,0.0,0.0,-0.0,0.0,-0.12439450483979998,0.9922328391893008,0.0
0.0,1.0,0.0,0.0,0.0,0.0,0.0,0.0,-0.0,0.0,-0.10730813165636247,0.9942258118156161,0.0
0.0,1.0,0.0,0.0,0.0,0.0,0.0,0.0,-0.0,0.0,-0.09019000427034513,0.9959245770286599,0.0
0.0,1.0,0.0,0.0,0.0,0.0,0.0,0.0,-0.0,0.0,-0.07304518821104743,0.9973286321364752,0.0
0.0,1.0,0.0,0.0,0.0,0.0,0.0,0.0,-0.0,0.0,-0.03869579017652689,0.9992510374388481,0.0
0.0,1.0,0.0,0.0,0.0,0.0,0.0,0.0,-0.0,0.0,-0.004300592702981974,0.9999907524084426,0.0
0.0,1.0,0.0,0.0,0.0,0.0,0.0,0.0,0.0,0.0,0.012901459949419653,0.9999167727021953,0.0
0.0,1.0,0.0,0.0,0.0,0.0,0.0,0.0,0.0,0.0,0.017201575418260506,0.9998520419557735,0.0
0.0,1.0,0.0,0.0,0.0,0.0,0.0,0.0,0.0,0.0,0.03439806061360801,0.9994082116062598,0.0
0.0,1.0,0.0,0.0,0.0,0.0,0.0,0.0,0.0,0.0,0.051584366869408364,0.9986686402879997,0.0
0.0,1.0,0.0,0.0,0.0,0.0,0.0,0.0,0.0,0.0,0.06875540848113941,0.9976335468520451,0.0
0.0,1.0,0.0,0.0,0.0,0.0,0.0,0.0,0.0,0.0,0.10303137904317879,0.9946781061893646,0.0
0.0,1.0,0.0,0.0,0.0,0.0,0.0,0.0,0.0,0.0,0.1201261651823505,0.9927586335250793,0.0
0.0,1.0,0.0,0.0,0.0,0.0,0.0,0.0,0.0,0.0,0.1542040475626894,0.988039023376751,0.0
0.0,1.0,0.0,0.0,0.0,0.0,0.0,0.0,0.0,0.0,0.17117705961019986,0.985240282501282,0.0
0.0,1.0,0.0,0.0,0.0,0.0,0.0,0.0,0.0,0.0,0.18809941761179758,0.9821499931752291,0.0
0.0,1.0,0.0,0.0,0.0,0.0,0.0,0.0,0.0,0.0,0.20496611396949532,0.9787690698649216,0.0
0.0,1.0,0.0,0.0,0.0,0.0,0.0,0.0,0.0,0.0,0.22177215755648186,0.975098513039961,0.0
0.0,1.0,0.0,0.0,0.0,0.0,0.0,0.0,0.0,0.0,0.2551824131233728,0.9668929289391521,0.0
0.0,1.0,0.0,0.0,0.0,0.0,0.0,0.0,0.0,0.0,0.2717767384711357,0.9623603298276545,0.0
0.0,1.0,0.0,0.0,0.0,0.0,0.0,0.0,0.0,0.0,0.3047192331091634,0.9524422234305676,0.0
0.0,1.0,0.0,0.0,0.0,0.0,0.0,0.0,0.0,0.0,0.3534446712740877,0.9354554315134164,0.0
0.0,1.0,0.0,0.0,0.0,0.0,0.0,0.0,0.0,0.0,0.3694836834473831,0.9292372181882051,0.0
0.0,1.0,0.0,0.0,0.0,0.0,0.0,0.0,0.0,0.0,0.38541335945432564,0.9227440286201427,0.0
0.0,1.0,0.0,0.0,0.0,0.0,0.0,0.0,0.0,0.0,0.4012289854475009,0.9159777842484877,0.0
0.0,1.0,0.0,0.0,0.0,0.0,0.0,0.0,0.0,0.0,0.44794493940789115,0.8940611451454876,0.0
0.0,1.0,0.0,0.0,0.0,0.0,0.0,0.0,0.0,0.0,0.4632579225674917,0.88622350294858,0.0
0.0,1.0,0.0,0.0,0.0,0.0,0.0,0.0,0.0,0.0,0.4784338202547012,0.8781236129591848,0.0
0.0,1.0,0.0,0.0,0.0,0.0,0.0,0.0,0.0,0.0,0.49346814167723735,0.8697638720650646,0.0
0.0,1.0,0.0,0.0,0.0,0.0,0.0,0.0,0.0,0.0,0.5083564379375122,0.8611467540480452,0.0
0.0,1.0,0.0,0.0,0.0,0.0,0.0,0.0,0.0,0.0,0.5376773767406141,0.8431506618282,0.0
0.0,1.0,0.0,0.0,0.0,0.0,0.0,0.0,0.0,0.0,0.5663619330814524,0.8241566360566663,0.0
0.0,1.0,0.0,0.0,0.0,0.0,0.0,0.0,0.0,0.0,0.580454927809098,0.8142923779467267,0.0
0.0,1.0,0.0,0.0,0.0,0.0,0.0,0.0,0.0,0.0,0.5943761565849831,0.804187157621448,0.0
0.0,1.0,0.0,0.0,0.0,0.0,0.0,0.0,0.0,0.0,0.6081214998935418,0.7938439653781019,0.0
0.0,1.0,0.0,0.0,0.0,0.0,0.0,0.0,0.0,0.0,0.6216868902665479,0.7832658619336791,0.0
0.0,1.0,0.0,0.0,0.0,0.0,0.0,0.0,0.0,0.0,0.6350683134867438,0.7724559775191742,0.0
0.0,1.0,0.0,0.0,0.0,0.0,0.0,0.0,0.0,0.0,0.6482618097757122,0.7614175109532997,0.0
0.0,1.0,0.0,0.0,0.0,0.0,0.0,0.0,0.0,0.0,0.6740694616546161,0.7386679638813748,0.0
0.0,1.0,0.0,0.0,0.0,0.0,0.0,0.0,0.0,0.0,0.6866759803451553,0.726963615332308,0.0
0.0,1.0,0.0,0.0,0.0,0.0,0.0,0.0,0.0,0.0,0.7112757519738152,0.7029130847082615,0.0
0.0,1.0,0.0,0.0,0.0,0.0,0.0,0.0,0.0,0.0,0.746588114532413,0.6652865452111116,0.0
0.0,1.0,0.0,0.0,0.0,0.0,0.0,0.0,0.0,0.0,0.7579216274973472,0.6523456189565257,0.0
0.0,1.0,0.0,0.0,0.0,0.0,0.0,0.0,0.0,0.0,0.7690308592589181,0.6392116531380588,0.0
0.0,1.0,0.0,0.0,0.0,0.0,0.0,0.0,0.0,0.0,0.7905633969115482,0.612380204990065,0.0
0.0,1.0,0.0,0.0,0.0,0.0,0.0,0.0,0.0,0.0,0.8009803309782905,0.5986906625177214,0.0
0.0,1.0,0.0,0.0,0.0,0.0,0.0,0.0,0.0,0.0,0.8111602420785621,0.5848239578463322,0.0
0.0,1.0,0.0,0.0,0.0,0.0,0.0,0.0,0.0,0.0,0.8494504794814806,0.527668345562516,0.0
0.0,1.0,0.0,0.0,0.0,0.0,0.0,0.0,0.0,0.0,0.8584015232918917,0.512978386299228,0.0
0.0,1.0,0.0,0.0,0.0,0.0,0.0,0.0,0.0,0.0,0.8670985522812081,0.4981366284784055,0.0
0.0,1.0,0.0,0.0,0.0,0.0,0.0,0.0,0.0,0.0,0.8837203473619977,0.4680153284438345,0.0
0.0,1.0,0.0,0.0,0.0,0.0,0.0,0.0,0.0,0.0,0.8992961915530253,0.4373400963303323,0.0
0.0,1.0,0.0,0.0,0.0,0.0,0.0,0.0,0.0,0.0,0.9066860720977985,0.4218060770826634,0.0
0.0,1.0,0.0,0.0,0.0,0.0,0.0,0.0,0.0,0.0,0.9138076496466615,0.4061472386305789,0.0
0.0,1.0,0.0,0.0,0.0,0.0,0.0,0.0,0.0,0.0,0.9206588168102428,0.3903682146763026,0.0
0.0,1.0,0.0,0.0,0.0,0.0,0.0,0.0,0.0,0.0,0.9272375462179537,0.374473674486883,0.0
0.0,1.0,0.0,0.0,0.0,0.0,0.0,0.0,0.0,0.0,0.9335418911179212,0.35846832151248087,0.0
0.0,1.0,0.0,0.0,0.0,0.0,0.0,0.0,0.0,0.0,0.9395699859530622,0.342356891994542,0.0
0.0,1.0,0.0,0.0,0.0,0.0,0.0,0.0,0.0,0.0,0.945320046913132,0.3261441535642696,0.0
0.0,1.0,0.0,0.0,0.0,0.0,0.0,0.0,0.0,0.0,0.9559793438440766,0.2934339689665273,0.0
0.0,1.0,0.0,0.0,0.0,0.0,0.0,0.0,0.0,0.0,0.9655071658143364,0.2603764827344581,0.0
0.0,1.0,0.0,0.0,0.0,0.0,0.0,0.0,0.0,0.0,0.9738922359149924,0.22701082094141847,0.0
0.0,1.0,0.0,0.0,0.0,0.0,0.0,0.0,0.0,0.0,0.9776530844816641,0.2102247521189836,0.0
0.0,1.0,0.0,0.0,0.0,0.0,0.0,0.0,0.0,0.0,0.984305844499033,0.17647097349152166,0.0
0.0,1.0,0.0,0.0,0.0,0.0,0.0,0.0,0.0,0.0,0.9871957872910085,0.15951325197263655,0.0
0.0,1.0,0.0,0.0,0.0,0.0,0.0,0.0,0.0,0.0,0.9897936029670716,0.14250832791617088,0.0
0.0,1.0,0.0,0.0,0.0,0.0,0.0,0.0,0.0,0.0,0.9941098647022418,0.10837701279187609,0.0
0.0,1.0,0.0,0.0,0.0,0.0,0.0,0.0,0.0,0.0,0.9958270335100595,0.09126072172931188,0.0
0.0,1.0,0.0,0.0,0.0,0.0,0.0,0.0,0.0,0.0,0.9972495210773451,0.07411742515094437,0.0
0.0,1.0,0.0,0.0,0.0,0.0,0.0,0.0,0.0,0.0,0.998376906467142,0.056952196034039754,0.0
0.0,1.0,0.0,0.0,0.0,0.0,0.0,0.0,0.0,0.0,0.9999300657962057,-0.011826390691832589,0.0
0.0,1.0,0.0,0.0,0.0,0.0,0.0,0.0,0.0,0.0,0.9995786855478958,-0.029025013321975237,0.0
0.0,1.0,0.0,0.0,0.0,0.0,0.0,0.0,0.0,0.0,0.9989315138848577,-0.046215046983708354,0.0
0.0,1.0,0.0,0.0,0.0,0.0,0.0,0.0,0.0,0.0,0.9979887423155984,-0.06339140486951038,0.0
0.0,1.0,0.0,0.0,0.0,0.0,0.0,0.0,0.0,0.0,0.9967506498213929,-0.08054900421874167,0.0
0.0,1.0,0.0,0.0,0.0,0.0,0.0,0.0,0.0,0.0,0.9952176027737294,-0.09768276782171598,0.0
0.0,1.0,0.0,0.0,0.0,0.0,0.0,0.0,0.0,0.0,0.9912685467787256,-0.13185851571739118,0.0
0.0,1.0,0.0,0.0,0.0,0.0,0.0,0.0,0.0,0.0,0.9888537064205885,-0.1488903868564548,0.0
0.0,1.0,0.0,0.0,0.0,0.0,0.0,0.0,0.0,0.0,0.986146248341595,-0.16587819893463143,0.0
0.0,1.0,0.0,0.0,0.0,0.0,0.0,0.0,0.0,0.0,0.9831469737221499,-0.1828169249850199,0.0
0.0,1.0,0.0,0.0,0.0,0.0,0.0,0.0,0.0,0.0,0.9682507501166718,-0.2499809690726521,0.0
0.0,1.0,0.0,0.0,0.0,0.0,0.0,0.0,0.0,0.0,0.9638074231367307,-0.26659942067929354,0.0
0.0,1.0,0.0,0.0,0.0,0.0,0.0,0.0,0.0,0.0,0.9590788900341131,-0.28313898122818354,0.0
0.0,1.0,0.0,0.0,0.0,0.0,0.0,0.0,0.0,0.0,0.9540665500578387,-0.2995947563972602,0.0
0.0,1.0,0.0,0.0,0.0,0.0,0.0,0.0,0.0,0.0,0.9487718864399473,-0.31596187665790293,0.0
0.0,1.0,0.0,0.0,0.0,0.0,0.0,0.0,0.0,0.0,0.9373419384643772,-0.3484108069446808,0.0
0.0,1.0,0.0,0.0,0.0,0.0,0.0,0.0,0.0,0.0,0.9312100364121947,-0.3644830148102912,0.0
0.0,1.0,0.0,0.0,0.0,0.0,0.0,0.0,0.0,0.0,0.9248025743285089,-0.38044736628785164,0.0
0.0,1.0,0.0,0.0,0.0,0.0,0.0,0.0,0.0,0.0,0.9039461929224011,-0.42764620926777464,0.0
0.0,1.0,0.0,0.0,0.0,0.0,0.0,0.0,0.0,0.0,0.8964562582905575,-0.44313223418263453,0.0
0.0,1.0,0.0,0.0,0.0,0.0,0.0,0.0,0.0,0.0,0.8887010478292915,-0.45848712914008766,0.0
0.0,1.0,0.0,0.0,0.0,0.0,0.0,0.0,0.0,0.0,0.8638670987837349,-0.503719798736334,0.0
0.0,1.0,0.0,0.0,0.0,0.0,0.0,0.0,0.0,0.0,0.8174009818249189,-0.5760691233798758,0.0
0.0,1.0,0.0,0.0,0.0,0.0,0.0,0.0,0.0,0.0,0.7758587728069828,-0.6309066211876704,0.0
0.0,1.0,0.0,0.0,0.0,0.0,0.0,0.0,0.0,0.0,0.7648913904341225,-0.6441592666722685,0.0
0.0,1.0,0.0,0.0,0.0,0.0,0.0,0.0,0.0,0.0,0.753697664392914,-0.6572212950663319,0.0
0.0,1.0,0.0,0.0,0.0,0.0,0.0,0.0,0.0,0.0,0.742280907086982,-0.6700888411055113,0.0
0.0,1.0,0.0,0.0,0.0,0.0,0.0,0.0,0.0,0.0,0.7306444969184916,-0.6827580970759147,0.0
0.0,1.0,0.0,0.0,0.0,0.0,0.0,0.0,0.0,0.0,0.7187918772884232,-0.6952253139408722,0.0
0.0,1.0,0.0,0.0,0.0,0.0,0.0,0.0,0.0,0.0,0.7067265555776158,-0.7074868024503348,0.0
0.0,1.0,0.0,0.0,0.0,0.0,0.0,0.0,0.0,0.0,0.6944521021088763,-0.719538934232584,0.0
0.0,1.0,0.0,0.0,0.0,0.0,0.0,0.0,0.0,0.0,0.6819721490904629,-0.7313781428679254,0.0
0.0,1.0,0.0,0.0,0.0,0.0,0.0,0.0,0.0,0.0,0.6692903895412567,-0.7430009249440493,0.0
0.0,1.0,0.0,0.0,13.966666666666136,0.0,51.0,14.0,9.189748066771132,47.0,0.6564105761979381,-0.7544038410927472,4.5
0.0,1.0,0.0,0.0,35.146666666666135,0.0,76.0,15.0,9.650047806067375,45.0,0.6433365204044917,-0.765583517007675,6.47
0.0,1.0,0.0,0.0,46.896666666666135,0.0,76.0,3.0,1.890216272953106,50.0,0.6300720909843687,-0.7765366444428655,16.67
0.0,1.0,0.0,0.0,46.02999999999946,0.0,119.0,13.0,8.016075770243297,46.0,0.6166212130956382,-0.7872599821916922,4.62
0.0,1.0,0.0,0.0,49.549999999999464,0.0,142.0,16.0,9.647805873111542,45.0,0.6029878670694714,-0.7977503570459932,7.12
0.0,1.0,0.0,0.0,57.909999999999464,0.0,170.0,15.0,8.837641308484445,42.0,0.5891760872322963,-0.8080046647350754,6.33
0.0,1.0,0.0,0.0,66.75666666666613,0.0,170.0,12.0,6.90227952854373,46.0,0.5751899607119775,-0.8180198708443174,8.25
0.0,1.0,0.0,0.0,71.06999999999947,0.0,176.0,18.0,10.09860527211062,43.0,0.5610336262283677,-0.8277930117131022,7.56
0.0,1.0,0.0,0.0,97.3133333333328,0.0,176.0,19.0,9.553023675806783,48.0,0.5027907197793043,-0.8644081744776648,10.68
0.0,1.0,0.0,0.0,110.36666666666615,0.0,180.0,21.0,10.24479005428855,39.0,0.4878471454423119,-0.8729290708206411,8.0
0.0,1.0,0.0,0.0,119.09666666666614,0.0,181.0,19.0,8.401194887374368,44.0,0.44216815196707204,-0.8969321743510065,8.89
0.0,1.0,0.0,0.0,126.45333333333281,0.0,203.0,24.0,9.865290112488843,44.0,0.4110537546870351,-0.9116111071930239,10.25
0.0,1.0,0.0,0.0,148.62666666666613,0.0,243.0,28.0,11.068730085417622,44.0,0.3953117887649151,-0.9185469991587165,9.57
0.0,1.0,0.0,0.0,171.8433333333328,0.0,243.0,23.0,8.72741540566452,44.0,0.37945284372454435,-0.925211078289358,11.96
0.0,1.0,0.0,0.0,140.40999999999948,51.0,254.0,23.0,8.360077087106845,48.0,0.36348161248290634,-0.9316013725767187,4.3
0.0,1.0,0.0,0.0,167.46999999999946,25.0,231.0,32.0,9.554202155639047,52.0,0.2985688173637202,-0.9543881083175908,11.28
0.0,1.0,0.0,0.0,202.75999999999945,0.0,265.0,39.0,10.356958084358181,42.0,0.26556302780405594,-0.9640935007889755,11.85
0.0,1.0,0.0,0.0,273.9666666666661,43.0,228.0,30.0,6.967287720272105,53.0,0.23224292400907015,-0.9726578145718654,13.17
0.0,1.0,0.0,0.0,312.5366666666661,23.0,212.0,36.0,7.757183341682285,45.0,0.21547731504673012,-0.976508846196619,15.39
0.0,1.0,0.0,0.0,254.27666666666616,28.0,184.0,14.0,2.781071200322396,43.0,0.19864794288017112,-0.9800709131432666,12.43
0.0,1.0,0.0,0.0,284.2499999999995,0.0,194.0,34.0,5.603806786344729,52.0,0.16481784665719793,-0.9863240225317866,15.24
0.0,1.0,0.0,0.0,277.14666666666614,6.0,195.0,41.0,6.06091247229175,45.0,0.14782713347053048,-0.9890132145779883,13.02
0.0,1.0,0.0,0.0,298.39999999999947,0.0,231.0,24.0,3.139024220562221,40.0,0.13079267585675922,-0.9914097417023038,12.04
0.0,1.0,0.0,0.0,256.51666666666614,4.0,239.0,26.0,2.956707379234692,45.0,0.11371951458594969,-0.9935128947338007,14.15
0.0,1.0,0.0,0.0,258.4166666666661,1.0,244.0,30.0,2.8983810564360932,41.0,0.0966127018812031,-0.9953220513156602,18.67
0.0,1.0,0.0,0.0,242.2233333333328,22.0,231.0,12.0,0.9537275990834517,44.0,0.07947729992362097,-0.9968366760893436,17.08
0.0,1.0,0.0,0.0,253.3099999999995,40.0,204.0,27.0,1.682596242566777,40.0,0.062318379354325076,-0.998056320853012,16.74
0.0,1.0,0.0,0.0,284.42999999999944,0.0,208.0,36.0,1.6250766398629894,45.0,0.04514101777397193,-0.9989806246941579,18.78
0.0,1.0,0.0,0.0,373.44999999999953,62.0,146.0,29.0,0.8105586489660992,50.0,0.02795029824021032,-0.999609314096404,19.38
0.0,1.0,0.0,0.0,352.4699999999995,2.0,159.0,30.0,0.3225392329056579,43.0,0.01075130776352193,-0.9999422030204416,11.2
0.0,1.0,0.0,0.0,246.30999999999946,34.0,158.0,23.0,-0.14836987655641845,46.0,-0.00645086419810515,-0.9999791929590823,8.35
0.0,1.0,0.0,0.0,243.27666666666616,6.0,172.0,39.0,-0.9223939625640318,44.0,-0.023651127245231586,-0.9997202729664083,15.15
0.0,1.0,0.0,0.0,188.95666666666617,7.0,311.0,14.0,-0.5718214816061455,39.0,-0.04084439154329611,-0.9991655196610109,6.0
0.0,1.0,0.0,0.0,292.7599999999995,0.0,311.0,42.0,-3.157962209419859,48.0,-0.07518957641475855,-0.9971692572470178,15.26
0.0,1.0,0.0,0.0,302.8233333333328,10.0,302.0,41.0,-3.78558468151104,44.0,-0.09233133369539122,-0.9957283388645872,15.66
0.0,1.0,0.0,0.0,416.3633333333328,7.0,296.0,43.0,-6.173614206707886,45.0,-0.1435724234118113,-0.9896398128792412,13.84
0.0,1.0,0.0,0.0,307.17999999999944,36.0,293.0,13.0,-2.0874690797349187,45.0,-0.16057454459499376,-0.9870237158387383,13.0
0.0,1.0,0.0,0.0,272.65999999999946,12.0,281.0,35.0,-6.805092701668168,41.0,-0.19443122004766195,-0.9809161537413774,14.23
0.0,1.0,0.0,0.0,312.22333333333285,6.0,288.0,42.0,-10.280436637684902,45.0,-0.24477230089725957,-0.9695805901076308,18.31
0.0,1.0,0.0,0.0,457.5099999999995,9.0,299.0,40.0,-10.45657594044625,50.0,-0.2614143985111562,-0.965226663665613,19.55
0.0,1.0,0.0,0.0,538.7699999999994,13.0,293.0,47.0,-13.839696223979656,48.0,-0.2944616217868012,-0.9556633054034704,17.19
0.0,1.0,0.0,0.0,484.4599999999994,4.0,317.0,47.0,-14.61027750744467,47.0,-0.3108569682435036,-0.9504567035349151,11.15
0.0,1.0,0.0,0.0,445.11999999999944,0.0,340.0,58.0,-20.849365159128546,41.0,-0.3594718130884232,-0.9331559438780432,11.84
0.0,1.0,0.0,0.0,389.7599999999995,15.0,352.0,49.0,-18.39804855569339,38.0,-0.3754703786876202,-0.9268343944460494,13.2
0.0,1.0,0.0,0.0,326.96666666666613,33.0,319.0,14.0,-5.479009711854363,49.0,-0.3913578365610259,-0.9202385798054075,16.57
0.0,1.0,0.0,0.0,368.56666666666615,20.0,316.0,45.0,-18.320826840941322,47.0,-0.4071294853542516,-0.9133704517637858,18.24
0.0,1.0,0.0,0.0,515.6566666666662,146.0,178.0,32.0,-14.518498753003016,45.0,-0.45370308603134424,-0.8911529104063088,17.94
0.0,1.0,0.0,0.0,550.2866666666662,0.0,178.0,19.0,-9.482303451082107,44.0,-0.4990686026885319,-0.8665624788845385,21.21
0.0,1.0,0.0,0.0,610.8599999999996,1.0,186.0,53.0,-27.236753069393444,46.0,-0.5139010013093103,-0.8578494977869301,21.04
0.0,1.0,0.0,0.0,565.3399999999995,1.0,204.0,58.0,-30.657717044643892,44.0,-0.5285813283559292,-0.8488826652214553,18.47
0.0,1.0,0.0,0.0,687.2999999999994,33.0,171.0,60.0,-32.586314381005906,41.0,-0.5431052396834317,-0.8396646346181327,16.15
0.0,1.0,0.0,0.0,687.9166666666661,0.0,172.0,60.0,-35.14174438844105,43.0,-0.5856957398073508,-0.8105309990194823,18.92
0.0,1.0,0.0,0.0,507.73666666666617,13.0,179.0,14.0,-8.393720881275085,40.0,-0.5995514915196489,-0.8003361849976323,17.64
0.0,1.0,0.0,0.0,532.6533333333329,20.0,200.0,62.0,-38.857055183516465,44.0,-0.6267266965083301,-0.7792391467859886,17.48
0.0,1.0,0.0,0.0,444.74666666666616,7.0,193.0,43.0,-27.52163865278706,48.0,-0.6400381082043503,-0.7683431655492202,15.98
0.0,1.0,0.0,0.0,674.8033333333327,28.0,165.0,61.0,-39.84276746194273,48.0,-0.65316012232693,-0.7572198192083127,20.54
0.0,1.0,0.0,0.0,682.6433333333329,23.0,153.0,64.0,-42.62968677510253,39.0,-0.666088855860977,-0.7458723993404063,18.2
0.0,1.0,0.0,0.0,1018.0933333333329,27.0,163.0,20.0,-13.827024724188142,47.0,-0.6913512362094071,-0.722518835873311,18.25
0.0,1.0,0.0,0.0,977.9666666666662,0.0,169.0,61.0,-42.92432185621978,47.0,-0.7036774074790128,-0.7105196029692745,18.3
0.0,1.0,0.0,0.0,1288.0633333333328,17.0,165.0,62.0,-44.37931165552518,44.0,-0.7157953492826642,-0.6983101158835584,19.71
0.0,1.0,0.0,0.0,1175.5299999999995,8.0,157.0,76.0,-57.06568325832012,48.0,-0.7508642533989489,-0.6604565640279754,22.28
0.0,1.0,0.0,0.0,1173.5799999999995,0.0,204.0,52.0,-39.62993062023573,43.0,-0.7621140503891487,-0.6474427960827475,21.29
0.0,1.0,0.0,0.0,869.8899999999995,9.0,213.0,57.0,-44.684227550926444,51.0,-0.7839338166829201,-0.620844401650647,19.14
0.0,1.0,0.0,0.0,696.6666666666662,19.0,194.0,55.0,-43.69735310416296,44.0,-0.7944973291665992,-0.6072676460566135,17.04
0.0,1.0,0.0,0.0,902.1766666666663,0.0,197.0,61.0,-49.094369963609054,46.0,-0.8048257371083452,-0.593511190196115,22.64
0.0,1.0,0.0,0.0,1085.946666666666,1.0,211.0,69.0,-57.57153852308381,45.0,-0.8343701235229538,-0.5512045872199277,17.41
0.0,1.0,0.0,0.0,1058.6799999999996,20.0,195.0,34.0,-28.68676080699522,44.0,-0.8437282590292712,-0.5367705514607103,23.94
0.0,1.0,0.0,0.0,929.8999999999996,41.0,166.0,77.0,-65.66842757624838,46.0,-0.8528367217694595,-0.522177676659508,18.69
0.0,1.0,0.0,0.0,862.7166666666662,0.0,166.0,62.0,-54.475524637982005,49.0,-0.8786374941610001,-0.4774894280028391,25.65
0.0,1.0,0.0,0.0,1487.2833333333328,0.0,176.0,57.0,-50.98890750765763,43.0,-0.8945422369764496,-0.4469834295196741,23.04
0.0,1.0,0.0,0.0,1625.6633333333332,11.0,166.0,76.0,-69.11350474772424,45.0,-0.9093882203647925,-0.4159483918249421,27.21
0.0,1.0,0.0,0.0,1595.9933333333329,37.0,142.0,60.0,-55.77803591809617,49.0,-0.9296339319682695,-0.3684843993077793,24.35
0.0,1.0,0.0,0.0,1081.5766666666661,6.0,136.0,65.0,-60.82926832677462,49.0,-0.9358348973349941,-0.35243871088460327,19.72
0.0,1.0,0.0,0.0,960.0666666666663,13.0,123.0,66.0,-62.15608965056447,47.0,-0.9417589340994617,-0.33628873017668287,22.45
0.0,1.0,0.0,0.0,933.023333333333,0.0,234.0,22.0,-20.84289436336546,43.0,-0.9474042892438845,-0.32003923622313857,11.86
0.0,1.0,0.0,0.0,925.1766666666663,47.0,187.0,61.0,-58.118926825227916,47.0,-0.9527692922168511,-0.30369503751065885,20.75
0.0,1.0,0.0,0.0,939.4966666666663,18.0,186.0,71.0,-68.34829020484656,43.0,-0.9626519747161487,-0.2707418984477642,23.14
0.0,1.0,0.0,0.0,975.9099999999995,0.0,197.0,69.0,-66.73450435604346,45.0,-0.9671667297977312,-0.2541427094613622,22.75
0.0,1.0,0.0,0.0,1103.396666666666,3.0,238.0,69.0,-67.29821077729808,47.0,-0.9753363880767837,-0.2207236509605022,16.0
0.0,1.0,0.0,0.0,863.2933333333327,15.0,224.0,23.0,-22.516744096041435,47.0,-0.9789888737409319,-0.20391367068311472,20.65
0.0,1.0,0.0,0.0,642.2666666666661,4.0,299.0,60.0,-59.29225469964853,43.0,-0.9882042449941422,-0.15314166701312007,9.72
0.0,1.0,0.0,0.0,584.4066666666662,12.0,289.0,65.0,-64.39500016050145,51.0,-0.9906923101615609,-0.13612033862266704,23.4
0.0,1.0,0.0,0.0,870.7599999999994,0.0,316.0,82.0,-81.41675150992708,47.0,-0.9928872135356962,-0.11905873003404988,21.84
0.0,1.0,0.0,0.0,1365.0866666666661,10.0,309.0,62.0,-61.67687494777827,48.0,-0.994788305609327,-0.10196189005174576,25.65
0.0,1.0,0.0,0.0,1342.2933333333328,1.0,321.0,54.0,-53.87617220634631,49.0,-0.9977068927101168,-0.06768276175455162,26.93
0.0,1.0,0.0,0.0,1300.4333333333327,13.0,325.0,75.0,-74.90426430602979,40.0,-0.9987235240803972,-0.050510617185222886,22.72
0.0,1.0,0.0,0.0,998.6433333333329,0.0,325.0,63.0,-62.965010876795105,47.0,-0.9994446170919858,-0.033323525711631344,22.52
0.0,1.0,0.0,0.0,937.8699999999995,0.0,368.0,60.0,-59.99219750171155,42.0,-0.9998699583618592,-0.016126573270657762,21.0
0.0,1.0,0.0,0.0,844.2166666666662,111.0,296.0,63.0,-62.99996358755563,44.0,-0.9999994220246925,0.001075151282798226,18.79
0.0,1.0,0.0,0.0,924.8899999999995,0.0,325.0,35.0,-34.97797277988989,43.0,-0.9993706508539969,0.03547255575312556,21.57
0.0,1.0,0.0,0.0,1217.9799999999996,17.0,308.0,78.0,-77.80960572675119,50.0,-0.9975590477788613,0.06982797572987089,31.32
0.0,1.0,0.0,0.0,1336.123333333333,11.0,305.0,73.0,-72.29900436257367,46.0,-0.9903973200352558,0.1382503109109819,22.93
0.0,1.0,0.0,0.0,1074.573333333333,44.0,263.0,25.0,-24.696816490876074,50.0,-0.9878726596350429,0.15526624985999563,23.32
0.0,1.0,0.0,0.0,884.3833333333329,1.0,262.0,69.0,-67.9688413556836,51.0,-0.9850556718215013,0.172236243027682,23.09
0.0,1.0,0.0,0.0,899.693333333333,79.0,200.0,58.0,-56.95293703082547,41.0,-0.981947190186646,0.18915526872004093,32.97
0.0,1.0,0.0,0.0,1056.2866666666662,2.0,242.0,72.0,-69.90353355465962,48.0,-0.9708824104813836,0.23955655912092708,17.93
0.0,1.0,0.0,0.0,1093.303333333333,27.0,215.0,59.0,-57.030462613605735,48.0,-0.9666180104000972,0.2562218218071163,30.34
0.0,1.0,0.0,0.0,1073.3266666666661,3.0,245.0,18.0,-17.317216304966614,45.0,-0.9620675724981452,0.27281126433401914,25.61
0.0,1.0,0.0,0.0,1095.0999999999997,13.0,283.0,62.0,-59.34841148604534,44.0,-0.957232443323312,0.28931997761869527,23.23
0.0,1.0,0.0,0.0,1078.9166666666663,17.0,266.0,72.0,-68.55221186410394,42.0,-0.9521140536681102,0.3057430764672831,25.56
0.0,1.0,0.0,0.0,855.326666666666,0.0,327.0,72.0,-68.1634021065398,37.0,-0.9467139181463862,0.3220757010206104,10.57
0.0,1.0,0.0,0.0,1397.1399999999994,43.0,286.0,56.0,-52.697883545726704,43.0,-0.9410336347451197,0.3383130181923076,28.59
0.0,1.0,0.0,0.0,1526.2199999999996,39.0,272.0,58.0,-54.23434329239033,46.0,-0.9350748843515574,0.3544502230989869,19.86
0.0,1.0,0.0,0.0,1633.2433333333329,29.0,274.0,61.0,-56.65920524560422,41.0,-0.9288394302558068,0.3704825404820963,20.1
0.0,1.0,0.0,0.0,1155.0299999999995,0.0,274.0,60.0,-54.93275237865281,48.0,-0.9155458729775467,0.40221356823680365,28.0
0.0,1.0,0.0,0.0,1327.9899999999996,8.0,286.0,67.0,-60.86894413935805,41.0,-0.9084917035725082,0.41790288888678667,29.82
0.0,1.0,0.0,0.0,1426.0666666666664,2.0,317.0,74.0,-66.68648356735561,45.0,-0.9011686968561569,0.4334685453485363,22.39
0.0,1.0,0.0,0.0,1374.5466666666662,0.0,366.0,70.0,-62.55053138767967,43.0,-0.8935790198239952,0.4489059314938798,21.2
0.0,1.0,0.0,0.0,1074.3999999999994,17.0,351.0,64.0,-56.68639477654808,47.0,-0.8857249183835637,0.4642104791518923,27.39
0.0,1.0,0.0,0.0,1021.2666666666661,44.0,337.0,57.0,-50.023696851320835,47.0,-0.8776087166898392,0.4793776594606945,23.77
0.0,1.0,0.0,0.0,1083.3933333333327,0.0,337.0,58.0,-49.399290823321294,51.0,-0.8517119107469189,0.5240103253675756,28.31
0.0,1.0,0.0,0.0,1481.6866666666658,33.0,307.0,55.0,-46.34146494926318,48.0,-0.8425720899866032,0.5385835804920232,30.25
0.0,1.0,0.0,0.0,1751.4366666666658,51.0,256.0,64.0,-53.32370806970742,46.0,-0.8331829385891785,0.5529974600700271,24.98
0.0,1.0,0.0,0.0,2646.9099999999994,0.0,274.0,76.0,-62.58958985662565,43.0,-0.8235472349556007,0.5672476988027229,25.87
0.0,1.0,0.0,0.0,3467.826666666666,61.0,216.0,58.0,-47.19273416584475,50.0,-0.8136678304455991,0.5813300798152042,29.98
0.0,1.0,0.0,0.0,3252.0133333333324,2.0,256.0,19.0,-15.26740532214432,47.0,-0.8035476485339116,0.5952404359043674,19.32
0.0,1.0,0.0,0.0,2210.026666666666,25.0,252.0,72.0,-57.10965724405327,46.0,-0.7931896839451843,0.6089746507720486,15.06
0.0,1.0,0.0,0.0,1161.0699999999995,31.0,279.0,50.0,-39.12985008838917,47.0,-0.7825970017677834,0.6225286602431057,26.56
0.0,1.0,0.0,0.0,1161.566666666666,0.0,328.0,66.0,-50.937000612087715,46.0,-0.7717727365467836,0.6358984534680745,24.62
0.0,1.0,0.0,0.0,1276.3433333333326,20.0,311.0,60.0,-44.96654021113172,41.0,-0.7494423368521954,0.6620696215153815,28.1
0.0,1.0,0.0,0.0,1459.1866666666663,33.0,280.0,56.0,-41.32479737697576,51.0,-0.7379428103031386,0.6748632518680403,26.2
0.0,1.0,0.0,0.0,1347.923333333333,49.0,232.0,33.0,-23.96542218193709,52.0,-0.7262249146041543,0.6874571793269664,31.18
0.0,1.0,0.0,0.0,1406.6799999999996,2.0,236.0,53.0,-37.213841318448985,40.0,-0.7021479494046978,0.7120310787787131,23.3
0.0,1.0,0.0,0.0,1966.2499999999993,30.0,250.0,50.0,-33.22417327614276,43.0,-0.6644834655228552,0.7473029667054296,23.52
0.0,1.0,0.0,0.0,2859.556666666666,0.0,274.0,58.0,-37.78876096739452,41.0,-0.6515303615068021,0.75862255966641,24.59
0.0,1.0,0.0,0.0,2666.1299999999997,3.0,295.0,61.0,-38.1280285652367,47.0,-0.6250496486104377,0.7805849965070866,16.56
0.0,1.0,0.0,0.0,1502.3633333333328,0.0,369.0,62.0,-37.91485229954453,46.0,-0.6115298757991053,0.7912213413483807,10.27
0.0,1.0,0.0,0.0,744.6933333333327,18.0,352.0,71.0,-42.445869043585816,39.0,-0.5978291414589552,0.801623551065242,25.63
0.0,1.0,0.0,0.0,757.6799999999994,3.0,370.0,63.0,-35.903766629604036,39.0,-0.5699010576127624,0.8217133225960589,18.06
0.0,1.0,0.0,0.0,1033.116666666666,42.0,347.0,57.0,-31.673872431134786,50.0,-0.5556819724760489,0.8313949395234058,32.18
0.0,1.0,0.0,0.0,852.1199999999993,21.0,353.0,33.0,-17.86284891941937,46.0,-0.5412984521036173,0.8408305333122887,27.09
0.0,1.0,0.0,0.0,2107.1199999999994,58.0,324.0,68.0,-35.81932319111768,44.0,-0.5267547528105542,0.8500173118187018,21.56
0.0,1.0,0.0,0.0,1943.8633333333328,49.0,275.0,44.0,-20.550856694606935,48.0,-0.46706492487743034,0.8842230238742036,25.43
0.0,1.0,0.0,0.0,2090.286666666666,3.0,282.0,80.0,-36.14286318663072,42.0,-0.451785789832884,0.8921264484954345,20.35
0.0,1.0,0.0,0.0,767.469999999999,2.0,282.0,34.0,-14.836680779556142,48.0,-0.4363729641045924,0.8997658785476209,21.56
0.0,1.0,0.0,0.0,759.7099999999991,1.0,303.0,61.0,-25.670691524334995,47.0,-0.42083100859565564,0.9071390534005044,17.92
0.0,1.0,0.0,0.0,601.6766666666657,6.0,326.0,65.0,-26.335693957349157,46.0,-0.4051645224207563,0.9142437912130223,13.05
0.0,1.0,0.0,0.0,976.0466666666658,44.0,290.0,54.0,-21.02641964344088,41.0,-0.3893781415452015,0.9210779895789526,22.11
0.0,1.0,0.0,0.0,876.719999999999,24.0,345.0,67.0,-25.02292800667574,38.0,-0.37347653741307074,0.9276396261490467,10.81
0.0,1.0,0.0,0.0,993.6699999999992,24.0,321.0,58.0,-20.73293610276196,47.0,-0.3574644155648614,0.9339267592294762,23.43
0.0,1.0,0.0,0.0,722.3633333333324,74.0,262.0,63.0,-21.504830397437278,38.0,-0.34134651424503615,0.9399375283564133,21.11
0.0,1.0,0.0,0.0,671.3199999999991,1.0,293.0,19.0,-6.177424456998276,44.0,-0.3251276029999093,0.9456701548465688,23.47
0.0,1.0,0.0,0.0,932.7099999999991,21.0,272.0,73.0,-22.543311132436525,48.0,-0.30881248126625377,0.9511229423235357,25.07
0.0,1.0,0.0,0.0,1047.339999999999,19.0,260.0,79.0,-23.10007217913511,44.0,-0.29240597695107734,0.9562942772197719,22.67
0.0,1.0,0.0,0.0,1411.546666666666,27.0,233.0,67.0,-18.486167315198347,43.0,-0.27591294500296043,0.9611826292540837,23.21
0.0,1.0,0.0,0.0,927.0299999999992,29.0,313.0,39.0,-10.114192373040819,44.0,-0.2593382659754056,0.9657865518844574,9.51
0.0,1.0,0.0,0.0,2076.859999999999,0.0,313.0,76.0,-17.17323422684945,45.0,-0.22596360824801906,0.974135744004672,25.34
0.0,1.0,0.0,0.0,1813.996666666666,10.0,303.0,40.0,-8.366940225854254,47.0,-0.20917350564635637,0.9778785428342386,21.6
0.0,1.0,0.0,0.0,2617.863333333333,2.0,362.0,55.0,-9.647692659235313,43.0,-0.17541259380427843,0.9844950085880858,8.27
0.0,1.0,0.0,0.0,1374.7233333333327,22.0,370.0,60.0,-9.50710649765018,43.0,-0.15845177496083632,0.9873667175937016,22.62
0.0,1.0,0.0,0.0,1378.5033333333329,29.0,375.0,74.0,-9.205193358145198,40.0,-0.12439450483979998,0.9922328391893008,13.14
0.0,1.0,0.0,0.0,737.5699999999994,8.0,406.0,65.0,-6.975028557663561,44.0,-0.10730813165636247,0.9942258118156161,17.28
0.0,1.0,0.0,0.0,582.316666666666,79.0,356.0,29.0,-2.6155101238400085,43.0,-0.09019000427034513,0.9959245770286599,21.72
0.0,1.0,0.0,0.0,851.8666666666662,0.0,356.0,80.0,-5.843615056883794,48.0,-0.07304518821104743,0.9973286321364752,26.23
0.0,1.0,0.0,0.0,914.8833333333328,15.0,381.0,52.0,-2.905695359079403,43.0,-0.05587875690537313,0.9984375616565666,17.31
0.0,1.0,0.0,0.0,1112.1233333333328,32.0,373.0,75.0,-2.902184263239517,46.0,-0.03869579017652689,0.9992510374388481,20.23
0.0,1.0,0.0,0.0,939.4999999999994,0.0,392.0,79.0,5.431677270010013,49.0,0.06875540848113941,0.9976335468520451,16.72
0.0,1.0,0.0,0.0,821.3699999999994,7.0,385.0,54.0,4.638929630111967,43.0,0.08590610426133272,0.9963032375991965,15.96
0.0,1.0,0.0,0.0,570.3699999999993,0.0,406.0,41.0,4.22428654077033,42.0,0.10303137904317879,0.9946781061893646,9.61
0.0,1.0,0.0,0.0,471.79999999999944,109.0,297.0,59.0,7.08744374575868,49.0,0.1201261651823505,0.9927586335250793,14.69
0.0,1.0,0.0,0.0,388.6166666666661,0.0,317.0,34.0,5.24293761713144,45.0,0.1542040475626894,0.988039023376751,14.15
0.0,1.0,0.0,0.0,752.6799999999994,0.0,320.0,60.0,10.27062357661199,46.0,0.17117705961019986,0.985240282501282,15.9
0.0,1.0,0.0,0.0,724.306666666666,61.0,260.0,60.0,11.285965056707855,44.0,0.18809941761179758,0.9821499931752291,13.17
0.0,1.0,0.0,0.0,766.0533333333328,30.0,255.0,67.0,13.732729635956186,51.0,0.20496611396949532,0.9787690698649216,9.39
0.0,1.0,0.0,0.0,513.2099999999995,34.0,226.0,50.0,11.925628759703825,44.0,0.23851257519407648,0.9711394088771653,17.5
0.0,1.0,0.0,0.0,463.79999999999944,39.0,190.0,40.0,10.207296524934913,47.0,0.2551824131233728,0.9668929289391521,13.47
0.0,1.0,0.0,0.0,535.6499999999995,29.0,161.0,66.0,19.027182286828168,40.0,0.2882906407095177,0.9575429528116719,15.29
0.0,1.0,0.0,0.0,533.4499999999994,0.0,161.0,51.0,15.540680888567332,49.0,0.3047192331091634,0.9524422234305676,16.59
0.0,1.0,0.0,0.0,741.5433333333327,40.0,121.0,59.0,20.853235605171175,44.0,0.3534446712740877,0.9354554315134164,12.29
0.0,1.0,0.0,0.0,723.2566666666661,24.0,97.0,58.0,21.43005363994822,49.0,0.3694836834473831,0.9292372181882051,15.02
0.0,1.0,0.0,0.0,597.5066666666661,19.0,84.0,25.0,9.635333986358141,49.0,0.38541335945432564,0.9227440286201427,11.48
0.0,1.0,0.0,0.0,432.0333333333327,0.0,84.0,68.0,27.283571010430062,49.0,0.4012289854475009,0.9159777842484877,10.75
0.0,1.0,0.0,0.0,375.5366666666661,21.0,77.0,53.0,22.09707171042262,43.0,0.4169258813287287,0.908940487313808,12.62
0.0,1.0,0.0,0.0,503.0533333333328,0.0,91.0,59.0,25.51746472590475,55.0,0.4324994021339788,0.901634220265486,13.76
0.0,1.0,0.0,0.0,577.5999999999995,20.0,71.0,67.0,30.012310940328707,49.0,0.44794493940789115,0.8940611451454876,15.48
0.0,1.0,0.0,0.0,672.9433333333327,3.0,68.0,73.0,34.925668878593186,46.0,0.4784338202547012,0.8781236129591848,14.56
0.0,1.0,0.0,0.0,591.2999999999994,1.0,67.0,27.0,13.323639825285408,48.0,0.49346814167723735,0.8697638720650646,18.15
0.0,1.0,0.0,0.0,572.3833333333326,25.0,47.0,70.0,35.58495065562585,45.0,0.5083564379375122,0.8611467540480452,14.16
0.0,1.0,0.0,0.0,459.40333333333274,5.0,42.0,48.0,26.500864451804198,51.0,0.5521013427459208,0.8337770129585915,11.19
0.0,1.0,0.0,0.0,501.1899999999994,3.0,51.0,69.0,40.05139001882776,42.0,0.580454927809098,0.8142923779467267,10.52
0.0,1.0,0.0,0.0,321.4933333333327,0.0,51.0,21.0,12.481899288284644,45.0,0.5943761565849831,0.804187157621448,8.81
0.0,1.0,0.0,0.0,299.02333333333274,0.0,57.0,48.0,29.840970732794297,48.0,0.6216868902665479,0.7832658619336791,9.6
0.0,1.0,0.0,0.0,506.6433333333327,0.0,64.0,52.0,33.709614108337036,49.0,0.6482618097757122,0.7614175109532997,12.81
0.0,1.0,0.0,0.0,629.236666666666,0.0,65.0,64.0,43.14044554589543,50.0,0.6740694616546161,0.7386679638813748,11.16
0.0,1.0,0.0,0.0,595.3799999999993,6.0,59.0,29.0,19.913603430009506,49.0,0.6866759803451553,0.726963615332308,10.55
0.0,1.0,0.0,0.0,363.8899999999994,0.0,66.0,57.0,41.225918350293114,44.0,0.7232617254437388,0.6905740195722293,10.35
0.0,1.0,0.0,0.0,420.1099999999994,14.0,56.0,69.0,52.296592297316955,45.0,0.7579216274973472,0.6523456189565257,14.52
0.0,1.0,0.0,0.0,529.9866666666661,14.0,42.0,62.0,48.354576389836495,49.0,0.7799125224167177,0.6258885343075018,12.79
0.0,1.0,0.0,0.0,652.7799999999994,0.0,42.0,68.0,53.758310989985276,55.0,0.7905633969115482,0.612380204990065,15.16
0.0,1.0,0.0,0.0,601.7666666666661,0.0,42.0,61.0,49.48077476679229,46.0,0.8111602420785621,0.5848239578463322,12.34
0.0,1.0,0.0,0.0,579.0233333333327,0.0,52.0,63.0,51.72930742221202,47.0,0.8211001178128892,0.5707841943569036,11.16
0.0,1.0,0.0,0.0,666.6799999999994,5.0,47.0,50.0,41.539850840606235,49.0,0.8307970168121247,0.5565755266413303,11.82
0.0,1.0,0.0,0.0,545.8533333333327,0.0,47.0,14.0,11.763472974509856,45.0,0.8402480696078469,0.5422021592729844,15.43
0.0,1.0,0.0,0.0,541.596666666666,12.0,53.0,59.0,50.117578289407355,42.0,0.8494504794814806,0.527668345562516,12.14
0.0,1.0,0.0,0.0,431.90666666666607,0.0,53.0,69.0,59.82980010740336,45.0,0.8670985522812081,0.4981366284784055,15.3
0.0,1.0,0.0,0.0,647.5333333333327,6.0,47.0,61.0,53.407878564376446,46.0,0.8755389928586302,0.4831474640149687,19.54
0.0,1.0,0.0,0.0,772.6266666666661,7.0,45.0,79.0,69.81390744159782,49.0,0.8837203473619977,0.4680153284438345,15.29
0.0,1.0,0.0,0.0,800.7699999999994,1.0,69.0,74.0,65.98137441496966,50.0,0.8916401947968874,0.45274469960737107,15.31
0.0,1.0,0.0,0.0,722.4099999999994,0.0,69.0,41.0,36.871143853674035,46.0,0.8992961915530253,0.4373400963303323,20.0
0.0,1.0,0.0,0.0,715.0866666666661,7.0,67.0,76.0,68.90814147943269,43.0,0.9066860720977985,0.4218060770826634,16.3
0.0,1.0,0.0,0.0,1378.1299999999992,4.0,94.0,67.0,61.22511252632632,52.0,0.9138076496466615,0.4061472386305789,12.6
0.0,1.0,0.0,0.0,1410.0133333333326,0.0,94.0,62.0,57.488727865513134,43.0,0.9272375462179537,0.374473674486883,16.21
0.0,1.0,0.0,0.0,1371.5966666666661,0.0,107.0,68.0,63.48084859601864,44.0,0.9335418911179212,0.35846832151248087,15.51
0.0,1.0,0.0,0.0,718.2199999999993,0.0,126.0,57.0,53.55548919932455,50.0,0.9395699859530622,0.342356891994542,20.04
0.0,1.0,0.0,0.0,675.0399999999994,10.0,116.0,44.0,41.594082064177805,49.0,0.945320046913132,0.3261441535642696,17.25
0.0,1.0,0.0,0.0,668.5066666666661,0.0,175.0,69.0,65.60453569991824,47.0,0.9507903724625832,0.3098349038318025,14.64
0.0,1.0,0.0,0.0,573.056666666666,0.0,200.0,59.0,56.40278128680052,44.0,0.9559793438440766,0.2934339689665273,13.42
0.0,1.0,0.0,0.0,562.386666666666,18.0,182.0,42.0,40.55130096420213,45.0,0.9655071658143364,0.2603764827344581,17.74
0.0,1.0,0.0,0.0,573.2499999999994,0.0,186.0,69.0,66.9191805907433,40.0,0.969843196967294,0.24372971360968387,16.19
0.0,1.0,0.0,0.0,692.3833333333328,0.0,186.0,26.0,25.41898019652327,53.0,0.9776530844816641,0.2102247521189836,14.54
0.0,1.0,0.0,0.0,766.7099999999995,5.0,181.0,54.0,52.98073000767245,48.0,0.981124629771712,0.19337647441020586,19.46
0.0,1.0,0.0,0.0,780.9866666666661,25.0,156.0,68.0,66.93279742593424,45.0,0.984305844499033,0.17647097349152166,16.63
0.0,1.0,0.0,0.0,669.7133333333327,0.0,158.0,69.0,68.11650932307958,45.0,0.9871957872910085,0.15951325197263655,12.0
0.0,1.0,0.0,0.0,568.2333333333328,5.0,161.0,52.0,51.46926735428772,44.0,0.9897936029670716,0.14250832791617088,12.33
0.0,1.0,0.0,0.0,499.4666666666661,31.0,136.0,72.0,71.43109364100737,45.0,0.992098522791769,0.12546123335273648,11.49
0.0,1.0,0.0,0.0,466.72333333333273,0.0,136.0,42.0,41.75261431749416,50.0,0.9941098647022418,0.10837701279187609,15.21
0.0,1.0,0.0,0.0,641.3433333333327,13.0,126.0,28.0,27.883156938281665,51.0,0.9958270335100595,0.09126072172931188,13.32
0.0,1.0,0.0,0.0,586.4666666666661,19.0,113.0,48.0,47.86797701171257,42.0,0.9972495210773451,0.07411742515094437,12.31
0.0,1.0,0.0,0.0,644.2433333333328,0.0,113.0,60.0,59.90261438802852,46.0,0.998376906467142,0.056952196034039754,15.13
0.0,1.0,0.0,0.0,544.1499999999994,59.0,54.0,56.0,55.95569593980662,45.0,0.9992088560679753,0.03977011384605572,16.89
0.0,1.0,0.0,0.0,654.4933333333328,25.0,29.0,70.0,69.98215865848013,47.0,0.9997451236925734,0.022576263041545485,15.3
0.0,1.0,0.0,0.0,681.2099999999995,0.0,44.0,48.0,47.999306431234494,45.0,0.9999855506507186,0.005375731557583884,21.85
0.0,1.0,0.0,0.0,782.556666666666,4.0,52.0,63.0,62.99559414516096,45.0,0.9999300657962057,-0.011826390691832589,22.56
0.0,1.0,0.0,0.0,718.5099999999994,0.0,58.0,32.0,31.986517937532664,46.0,0.9995786855478958,-0.029025013321975237,24.62
0.0,1.0,0.0,0.0,757.8999999999993,0.0,58.0,56.0,55.94016477755203,44.0,0.9989315138848577,-0.046215046983708354,22.07
0.0,1.0,0.0,0.0,778.4799999999992,0.0,65.0,79.0,78.84111064293228,48.0,0.9979887423155984,-0.06339140486951038,18.61
0.0,1.0,0.0,0.0,921.2666666666661,2.0,75.0,72.0,71.65566739970852,46.0,0.9952176027737294,-0.09768276782171598,20.11
0.0,1.0,0.0,0.0,736.4466666666661,8.0,76.0,17.0,16.810513009150004,46.0,0.9888537064205885,-0.1488903868564548,22.94
0.0,1.0,0.0,0.0,541.2633333333328,6.0,90.0,33.0,32.54282619527264,44.0,0.986146248341595,-0.16587819893463143,19.3
0.0,1.0,0.0,0.0,1514.7833333333326,0.0,109.0,33.0,32.443850132830946,43.0,0.9831469737221499,-0.1828169249850199,20.0
0.0,1.0,0.0,0.0,1591.2733333333326,3.0,106.0,35.0,34.29498695335533,41.0,0.9798567700958665,-0.1997015525660636,22.26
0.0,1.0,0.0,0.0,1585.7533333333324,6.0,114.0,33.0,32.21712816586876,38.0,0.9762766110869321,-0.21652708524481437,19.91
0.0,1.0,0.0,0.0,325.01999999999936,0.0,142.0,10.0,9.638074231367307,41.0,0.9638074231367307,-0.26659942067929354,14.0
0.0,1.0,0.0,0.0,310.2399999999994,0.0,142.0,34.0,32.258244138958204,49.0,0.9487718864399473,-0.31596187665790293,19.03
0.0,1.0,0.0,0.0,288.80999999999943,0.0,333.0,64.0,59.59744233038046,51.0,0.9312100364121947,-0.3644830148102912,7.44
0.0,1.0,0.0,0.0,408.50999999999937,15.0,343.0,53.0,47.90914822488726,45.0,0.9039461929224011,-0.42764620926777464,12.94
0.0,1.0,0.0,0.0,472.35666666666606,12.0,331.0,52.0,46.61572543110899,45.0,0.8964562582905575,-0.44313223418263453,18.73
0.0,1.0,0.0,0.0,623.9999999999994,6.0,327.0,57.0,50.19892281651841,48.0,0.8806828564301475,-0.47370635037968,19.89
0.0,1.0,0.0,0.0,759.1666666666661,0.0,333.0,47.0,41.00299066983318,44.0,0.8724040568049612,-0.48878539428899265,27.45
0.0,1.0,0.0,0.0,855.2599999999993,7.0,343.0,56.0,48.376557531889155,36.0,0.8638670987837349,-0.503719798736334,27.34
0.0,1.0,0.0,0.0,937.1533333333327,12.0,363.0,65.0,55.57984305833006,47.0,0.8550745085896932,-0.518505144391157,23.74
0.0,1.0,0.0,0.0,1070.0533333333326,9.0,374.0,80.0,67.68231104733871,47.0,0.8460288880917339,-0.533137056031809,23.15
0.0,1.0,0.0,0.0,1083.9733333333327,20.0,363.0,70.0,58.57130398241445,40.0,0.8367329140344921,-0.5476112038402312,22.49
0.0,1.0,0.0,0.0,1405.6699999999994,19.0,345.0,60.0,49.63136023477498,48.0,0.8271893372462497,-0.5619233046832195,29.35
0.0,1.0,0.0,0.0,1409.5199999999995,0.0,363.0,79.0,64.5746775641686,45.0,0.8174009818249189,-0.5760691233798758,24.57
0.0,1.0,0.0,0.0,1382.1099999999994,14.0,431.0,32.0,25.835863817675175,48.0,0.8073707443023492,-0.5900444739548627,8.84
0.0,1.0,0.0,0.0,1424.0033333333329,28.0,409.0,78.0,62.17392423740115,45.0,0.7971015927871943,-0.6038452208771035,25.17
0.0,1.0,0.0,0.0,1348.5299999999993,0.0,428.0,60.0,47.195793965196124,43.0,0.7865965660866021,-0.6174672802835514,26.75
0.0,1.0,0.0,0.0,1472.6033333333326,191.0,241.0,83.0,63.485985406032164,48.0,0.7648913904341225,-0.6441592666722685,22.29
0.0,1.0,0.0,0.0,1086.3599999999994,25.0,220.0,64.0,48.236650521146494,49.0,0.753697664392914,-0.6572212950663319,22.03
0.0,1.0,0.0,0.0,1385.4833333333327,0.0,223.0,75.0,55.67106803152365,49.0,0.742280907086982,-0.6700888411055113,27.97
0.0,1.0,0.0,0.0,1199.8899999999994,2.0,257.0,56.0,38.19044034906592,40.0,0.6819721490904629,-0.7313781428679254,20.2
0.0,1.0,0.0,0.0,2429.6999999999994,6.0,251.0,52.0,34.80310025614535,51.0,0.6692903895412567,-0.7430009249440493,23.38
0.0,1.0,0.0,0.0,2209.6066666666657,17.0,264.0,83.0,54.48207782442886,44.0,0.6564105761979381,-0.7544038410927472,23.95
0.0,1.0,0.0,0.0,2150.6599999999994,32.0,271.0,32.0,20.586768652943736,43.0,0.6433365204044917,-0.765583517007675,25.41
0.0,1.0,0.0,0.0,1160.1433333333327,20.0,251.0,77.0,45.366558716886814,49.0,0.5891760872322963,-0.8080046647350754,31.92
0.0,1.0,0.0,0.0,1124.506666666666,9.0,242.0,64.0,36.81215748556656,47.0,0.5751899607119775,-0.8180198708443174,26.39
0.0,1.0,0.0,0.0,1207.886666666666,1.0,247.0,43.0,23.508584733349537,49.0,0.5467112728685939,-0.8373211953118121,26.88
0.0,1.0,0.0,0.0,1140.116666666666,18.0,283.0,67.0,35.659218302778456,46.0,0.5322271388474397,-0.8466016020976267,21.28
0.0,1.0,0.0,0.0,1125.3733333333328,82.0,201.0,69.0,35.71340020747003,47.0,0.5175855102531889,-0.8556314858488706,24.07
0.0,1.0,0.0,0.0,1258.7166666666662,6.0,213.0,76.0,38.21209470322713,45.0,0.5027907197793043,-0.8644081744776648,23.78
0.0,1.0,0.0,0.0,1002.0766666666663,19.0,194.0,46.0,22.440968690346345,50.0,0.4878471454423119,-0.8729290708206411,22.07
0.0,1.0,0.0,0.0,1032.4499999999994,4.0,196.0,81.0,38.293495952188486,46.0,0.47275920928627757,-0.881191653407483,22.51
0.0,1.0,0.0,0.0,966.8733333333327,4.0,224.0,15.0,6.63252227950608,44.0,0.44216815196707204,-0.8969321743510065,21.07
0.0,1.0,0.0,0.0,1132.776666666666,3.0,251.0,81.0,34.5606007383839,45.0,0.42667408318992467,-0.9044054548343001,16.02
0.0,1.0,0.0,0.0,1122.4133333333327,36.0,230.0,73.0,30.00692409215356,46.0,0.4110537546870351,-0.9116111071930239,24.15
0.0,1.0,0.0,0.0,1089.3033333333326,0.0,263.0,66.0,25.04388768581993,44.0,0.37945284372454435,-0.925211078289358,20.64
0.0,1.0,0.0,0.0,1066.9033333333327,30.0,239.0,82.0,28.487031337110746,46.0,0.3474028211842774,-0.9377159910299093,21.24
0.0,1.0,0.0,0.0,797.9666666666661,39.0,234.0,30.0,9.936636834050596,44.0,0.3312212278016865,-0.9435531242349544,19.5
0.0,1.0,0.0,0.0,664.4166666666661,0.0,346.0,80.0,25.195329658316155,45.0,0.31494162072895193,-0.9491110448902284,9.05
0.0,1.0,0.0,0.0,705.5833333333327,0.0,346.0,67.0,20.004110763369255,47.0,0.2985688173637202,-0.9543881083175908,27.55
0.0,1.0,0.0,0.0,1234.6499999999994,6.0,341.0,75.0,19.917227085304194,50.0,0.26556302780405594,-0.9640935007889755,23.47
0.0,1.0,0.0,0.0,1370.3899999999994,54.0,303.0,63.0,15.683207938887294,46.0,0.24893980855376657,-0.9685189578512204,21.29
0.0,1.0,0.0,0.0,1433.4099999999992,0.0,303.0,77.0,13.995503644535901,48.0,0.18175978759137534,-0.9833429613388902,27.56
0.0,1.0,0.0,0.0,1314.7033333333327,18.0,286.0,82.0,10.724999420254255,47.0,0.13079267585675922,-0.9914097417023038,21.68
0.0,1.0,0.0,0.0,1471.7599999999993,0.0,321.0,79.0,8.983841652290025,47.0,0.11371951458594969,-0.9935128947338007,15.53
0.0,1.0,0.0,0.0,1167.8633333333328,6.0,329.0,31.0,2.994993758317296,40.0,0.0966127018812031,-0.9953220513156602,27.97
0.0,1.0,0.0,0.0,963.6966666666661,32.0,320.0,77.0,4.798515210283031,45.0,0.062318379354325076,-0.998056320853012,19.69
0.0,1.0,0.0,0.0,848.1099999999993,30.0,296.0,58.0,2.6181790308903716,47.0,0.04514101777397193,-0.9989806246941579,26.17
0.0,1.0,0.0,0.0,900.0166666666661,15.0,289.0,63.0,-0.40640444448062446,43.0,-0.00645086419810515,-0.9999791929590823,17.3
0.0,1.0,0.0,0.0,624.4099999999994,33.0,256.0,14.0,-0.3311157814332422,46.0,-0.023651127245231586,-0.9997202729664083,17.71
0.0,1.0,0.0,0.0,506.5999999999994,6.0,265.0,60.0,-2.4506634925977666,45.0,-0.04084439154329611,-0.9991655196610109,16.57
0.0,1.0,0.0,0.0,623.0066666666661,34.0,231.0,69.0,-4.003764283685844,44.0,-0.05802556932878035,-0.9983150972033183,16.06
0.0,1.0,0.0,0.0,915.5199999999994,112.0,119.0,68.0,-5.112891196203582,52.0,-0.07518957641475855,-0.9971692572470178,21.62
0.0,1.0,0.0,0.0,1120.666666666666,0.0,119.0,84.0,-9.193444566508907,46.0,-0.10944576864891556,-0.993992768446958,22.76
0.0,1.0,0.0,0.0,1958.3133333333328,1.0,204.0,64.0,-10.2767708540796,47.0,-0.16057454459499376,-0.9870237158387383,8.25
0.0,1.0,0.0,0.0,1919.5633333333328,16.0,200.0,72.0,-12.782098741466518,48.0,-0.17752914918703497,-0.984115542601034,19.08
0.0,1.0,0.0,0.0,1739.1866666666658,0.0,200.0,52.0,-10.986339290273323,45.0,-0.2112757555821793,-0.9774264960104055,20.81
0.0,1.0,0.0,0.0,1029.476666666666,1.0,214.0,69.0,-16.88928876191091,46.0,-0.24477230089725957,-0.9695805901076308,18.3
0.0,1.0,0.0,0.0,800.2433333333325,35.0,179.0,17.0,-4.444044774689655,48.0,-0.2614143985111562,-0.965226663665613,20.59
0.0,1.0,0.0,0.0,1157.5399999999993,14.0,165.0,65.0,-18.068644060920708,46.0,-0.2779791393987801,-0.9605871111248129,22.4
0.0,1.0,0.0,0.0,999.0033333333325,23.0,149.0,68.0,-20.02339028150248,45.0,-0.2944616217868012,-0.9556633054034704,21.28
0.0,1.0,0.0,0.0,1188.1199999999992,6.0,143.0,69.0,-22.574062571424562,50.0,-0.3271603271220951,-0.9449688462364056,16.71
0.0,1.0,0.0,0.0,826.9799999999992,8.0,155.0,59.0,-21.208836972216968,42.0,-0.3594718130884232,-0.9331559438780432,19.19
0.0,1.0,0.0,0.0,649.6833333333326,0.0,155.0,33.0,-12.390522496691466,46.0,-0.3754703786876202,-0.9268343944460494,19.58
0.0,1.0,0.0,0.0,1835.1866666666658,15.0,143.0,69.0,-29.171865400804734,44.0,-0.4227806579826773,-0.9062320427107697,17.88
0.0,1.0,0.0,0.0,1879.9299999999994,0.0,159.0,74.0,-32.43469750292642,38.0,-0.4383067230125192,-0.898825465016444,19.05
0.0,1.0,0.0,0.0,2025.326666666666,0.0,173.0,68.0,-30.85180985013141,42.0,-0.45370308603134424,-0.8911529104063088,20.06
0.0,1.0,0.0,0.0,831.0033333333328,0.0,173.0,57.0,-26.731015887435014,48.0,-0.46896519100763184,-0.8832166493127127,20.14
0.0,1.0,0.0,0.0,667.0133333333328,86.0,87.0,32.0,-15.490832692447228,47.0,-0.48408852163897587,-0.8750190302029955,16.59
0.0,1.0,0.0,0.0,515.2133333333327,12.0,96.0,44.0,-21.959018518295405,45.0,-0.4990686026885319,-0.8665624788845385,13.91
0.0,1.0,0.0,0.0,501.9599999999994,0.0,108.0,79.0,-40.59817910343551,43.0,-0.5139010013093103,-0.8578494977869301,14.89
0.0,1.0,0.0,0.0,503.7399999999994,15.0,120.0,38.0,-20.08609047752531,46.0,-0.5285813283559292,-0.8488826652214553,14.5
0.0,1.0,0.0,0.0,554.8333333333327,0.0,153.0,67.0,-37.35038530799687,39.0,-0.5574684374327892,-0.8301981337405212,13.75
0.0,1.0,0.0,0.0,614.6599999999994,0.0,167.0,67.0,-38.30166697728125,48.0,-0.5716666713027052,-0.8204859638785327,20.66
0.0,1.0,0.0,0.0,826.3999999999993,7.0,160.0,74.0,-44.36681037245402,47.0,-0.5995514915196489,-0.8003361849976323,19.91
0.0,1.0,0.0,0.0,1413.5733333333328,0.0,185.0,71.0,-43.53931766728226,46.0,-0.6132298262997502,-0.7899045386224707,13.68
0.0,1.0,0.0,0.0,1300.0799999999995,20.0,179.0,60.0,-37.60360179049981,48.0,-0.6267266965083301,-0.7792391467859886,14.53
0.0,1.0,0.0,0.0,1329.7866666666662,0.0,182.0,61.0,-40.6314202075196,44.0,-0.666088855860977,-0.7458723993404063,18.7
0.0,1.0,0.0,0.0,655.7899999999994,3.0,209.0,34.0,-23.07989642153201,42.0,-0.6788204829862355,-0.734304263829602,13.85
0.0,1.0,0.0,0.0,1880.8966666666659,16.0,205.0,58.0,-40.09837170014561,46.0,-0.6913512362094071,-0.722518835873311,18.41
0.0,1.0,0.0,0.0,1720.9766666666662,14.0,201.0,65.0,-46.52669770337317,45.0,-0.7157953492826642,-0.6983101158835584,14.46
0.0,1.0,0.0,0.0,2049.4533333333325,0.0,210.0,45.0,-32.746566407689066,50.0,-0.7277014757264236,-0.6858939875998223,14.76
0.0,1.0,0.0,0.0,1781.8133333333328,0.0,210.0,68.0,-51.05876923112852,45.0,-0.7508642533989489,-0.6604565640279754,17.41
0.0,1.0,0.0,0.0,1725.5199999999995,21.0,198.0,40.0,-30.48456201556595,44.0,-0.7621140503891487,-0.6474427960827475,16.88
0.0,1.0,0.0,0.0,1731.2399999999998,12.0,186.0,76.0,-59.57897006790193,42.0,-0.7839338166829201,-0.620844401650647,17.93
0.0,1.0,0.0,0.0,830.5466666666662,27.0,171.0,60.0,-47.66983974999595,40.0,-0.7944973291665992,-0.6072676460566135,20.17
0.0,1.0,0.0,0.0,754.8933333333329,33.0,175.0,30.0,-25.031103705688615,45.0,-0.8343701235229538,-0.5512045872199277,10.87
0.0,1.0,0.0,0.0,563.3633333333328,14.0,179.0,61.0,-51.46742380078554,47.0,-0.8437282590292712,-0.5367705514607103,17.34
0.0,1.0,0.0,0.0,481.4666666666661,0.0,179.0,51.0,-43.494672810242434,47.0,-0.8528367217694595,-0.522177676659508,14.76
0.0,1.0,0.0,0.0,656.096666666666,25.0,173.0,67.0,-58.30969279199402,43.0,-0.8702939222685674,-0.49253272872205434,16.97
0.0,1.0,0.0,0.0,724.116666666666,14.0,164.0,71.0,-62.38326208543101,45.0,-0.8786374941610001,-0.4774894280028391,19.97
0.0,1.0,0.0,0.0,775.096666666666,3.0,161.0,48.0,-42.562611027983664,47.0,-0.886721063082993,-0.46230483047981086,20.29
0.0,1.0,0.0,0.0,673.946666666666,30.0,148.0,33.0,-29.519893820222837,44.0,-0.8945422369764496,-0.4469834295196741,20.0
0.0,1.0,0.0,0.0,647.2199999999995,12.0,138.0,68.0,-61.34271169725249,40.0,-0.9020987014301837,-0.43152975897147144,19.81
0.0,1.0,0.0,0.0,722.3933333333326,10.0,133.0,77.0,-70.56346502546462,46.0,-0.9164086366943458,-0.4002439388573056,16.74
0.0,1.0,0.0,0.0,1675.3933333333327,9.0,181.0,58.0,-53.543156631952826,43.0,-0.9231578729647039,-0.38442104726885545,13.19
0.0,1.0,0.0,0.0,1841.2433333333329,0.0,181.0,42.0,-39.30506568806975,45.0,-0.9358348973349941,-0.35243871088460327,21.6
0.0,1.0,0.0,0.0,1600.0733333333328,9.0,238.0,37.0,-34.84508056168008,46.0,-0.9417589340994617,-0.33628873017668287,6.43
0.0,1.0,0.0,0.0,693.8699999999994,0.0,266.0,69.0,-66.09181252450901,44.0,-0.9578523554276669,-0.28726097055059635,12.94
0.0,1.0,0.0,0.0,424.9266666666661,12.0,298.0,63.0,-60.64707440711737,47.0,-0.9626519747161487,-0.2707418984477642,12.68
0.0,1.0,0.0,0.0,481.58333333333275,37.0,261.0,24.0,-23.40807331384281,49.0,-0.9753363880767837,-0.2207236509605022,19.75
0.0,1.0,0.0,0.0,489.50666666666604,18.0,293.0,76.0,-74.89220532618839,42.0,-0.9854237542919524,-0.17011767832049052,12.53
0.0,1.0,0.0,0.0,643.6299999999993,0.0,293.0,65.0,-64.53766887982026,51.0,-0.9928872135356962,-0.11905873003404988,22.02
0.0,1.0,0.0,0.0,769.2333333333327,19.0,299.0,38.0,-37.801955613154426,48.0,-0.994788305609327,-0.10196189005174576,15.05
0.0,1.0,0.0,0.0,1181.0299999999995,5.0,304.0,73.0,-72.83260316783853,44.0,-0.9977068927101168,-0.06768276175455162,22.62
0.0,1.0,0.0,0.0,1096.4699999999993,0.0,306.0,59.0,-58.92468792074344,48.0,-0.9987235240803972,-0.050510617185222886,18.51
0.0,1.0,0.0,0.0,1103.3833333333325,17.0,330.0,65.0,-64.96390011097908,48.0,-0.9994446170919858,-0.033323525711631344,16.57
0.0,1.0,0.0,0.0,829.266666666666,2.0,340.0,68.0,-67.99115716860642,46.0,-0.9998699583618592,-0.016126573270657762,22.4
0.0,1.0,0.0,0.0,935.336666666666,5.0,363.0,59.0,-58.99996589945686,46.0,-0.9999994220246925,0.001075151282798226,18.07
0.0,1.0,0.0,0.0,822.2399999999993,57.0,323.0,24.0,-23.99599127448252,45.0,-0.999832969770105,0.018276557681691223,24.29
0.0,1.0,0.0,0.0,865.3233333333327,0.0,323.0,73.0,-72.95405751234178,44.0,-0.9993706508539969,0.03547255575312556,24.07
0.0,1.0,0.0,0.0,634.086666666666,66.0,323.0,73.0,-72.89871995213005,48.0,-0.9986126020839734,0.052658056924614005,7.62
0.0,1.0,0.0,0.0,913.3333333333327,28.0,311.0,74.0,-73.5979400158269,45.0,-0.9945667569706337,0.1041007489354256,24.72
0.0,1.0,0.0,0.0,647.9599999999994,44.0,267.0,20.0,-19.807946400705116,49.0,-0.9903973200352558,0.1382503109109819,25.25
0.0,1.0,0.0,0.0,921.4399999999993,0.0,276.0,72.0,-71.12683149372309,43.0,-0.9878726596350429,0.15526624985999563,25.89
0.0,1.0,0.0,0.0,728.4399999999993,50.0,259.0,61.0,-60.08839598111158,43.0,-0.9850556718215013,0.172236243027682,16.69
0.0,1.0,0.0,0.0,840.2599999999993,0.0,280.0,57.0,-55.56699211773251,47.0,-0.9748595108374125,0.22282040779479959,17.84
0.0,1.0,0.0,0.0,1509.3799999999992,25.0,281.0,62.0,-59.648189494885,43.0,-0.9620675724981452,0.27281126433401914,12.66
0.0,1.0,0.0,0.0,1576.5299999999995,10.0,274.0,61.0,-58.39117904272204,47.0,-0.957232443323312,0.28931997761869527,20.9
0.0,1.0,0.0,0.0,1628.176666666666,2.0,297.0,65.0,-61.887413488427164,47.0,-0.9521140536681102,0.3057430764672831,19.06
0.0,1.0,0.0,0.0,2024.0833333333328,41.0,267.0,76.0,-71.5185562406291,42.0,-0.9410336347451197,0.3383130181923076,20.21
0.0,1.0,0.0,0.0,2192.223333333333,12.0,260.0,49.0,-45.81866933322631,47.0,-0.9350748843515574,0.3544502230989869,26.86
0.0,1.0,0.0,0.0,2533.186666666666,28.0,305.0,70.0,-64.08821110842827,50.0,-0.9155458729775467,0.40221356823680365,8.51
0.0,1.0,0.0,0.0,1508.4399999999994,17.0,290.0,56.0,-50.46544702394478,54.0,-0.9011686968561569,0.4334685453485363,23.48
0.0,1.0,0.0,0.0,1563.8733333333328,0.0,335.0,49.0,-43.40052100079462,44.0,-0.8857249183835637,0.4642104791518923,24.57
0.0,1.0,0.0,0.0,1143.366666666666,66.0,271.0,44.0,-38.614783534352924,49.0,-0.8776087166898392,0.4793776594606945,19.55
0.0,1.0,0.0,0.0,1019.3733333333329,16.0,255.0,68.0,-59.107831519108586,45.0,-0.8692328164574792,0.49440298420761813,20.99
0.0,1.0,0.0,0.0,757.7899999999994,0.0,279.0,70.0,-58.980046299062224,44.0,-0.8425720899866032,0.5385835804920232,16.13
0.0,1.0,0.0,0.0,726.346666666666,9.0,292.0,51.0,-42.4923298680481,36.0,-0.8331829385891785,0.5529974600700271,16.59
0.0,1.0,0.0,0.0,729.7399999999993,33.0,291.0,41.0,-33.765436633179625,43.0,-0.8235472349556007,0.5672476988027229,16.59
0.0,1.0,0.0,0.0,628.9866666666661,21.0,315.0,39.0,-31.733045387378365,46.0,-0.8136678304455991,0.5813300798152042,16.64
0.0,1.0,0.0,0.0,746.5633333333327,26.0,328.0,74.0,-59.46252599150946,52.0,-0.8035476485339116,0.5952404359043674,16.53
0.0,1.0,0.0,0.0,1669.5599999999995,3.0,368.0,52.0,-41.245863565149584,47.0,-0.7931896839451843,0.6089746507720486,17.25
0.0,1.0,0.0,0.0,3038.4933333333324,25.0,346.0,70.0,-54.781790123744834,45.0,-0.7825970017677834,0.6225286602431057,22.37
0.0,1.0,0.0,0.0,3017.089999999999,11.0,366.0,56.0,-43.21927324661988,45.0,-0.7717727365467836,0.6358984534680745,21.59
0.0,1.0,0.0,0.0,1914.966666666666,5.0,436.0,66.0,-49.463194232244895,45.0,-0.7494423368521954,0.6620696215153815,9.59
0.0,1.0,0.0,0.0,539.3399999999993,73.0,377.0,32.0,-23.614169929700434,44.0,-0.7379428103031386,0.6748632518680403,19.94
0.0,1.0,0.0,0.0,581.3233333333327,2.0,377.0,67.0,-48.65706927847834,41.0,-0.7262249146041543,0.6874571793269664,21.24
0.0,1.0,0.0,0.0,935.4233333333327,45.0,339.0,59.0,-40.69796427526973,43.0,-0.6897960046655887,0.7240037789593305,19.12
0.0,1.0,0.0,0.0,1145.8099999999995,2.0,354.0,61.0,-41.311636229647895,43.0,-0.6772399381909491,0.7357622347736527,26.92
0.0,1.0,0.0,0.0,1761.7566666666662,0.0,381.0,70.0,-46.513842586599864,49.0,-0.6644834655228552,0.7473029667054296,17.16
0.0,1.0,0.0,0.0,1385.8233333333328,24.0,394.0,28.0,-18.242850122190458,46.0,-0.6515303615068021,0.75862255966641,19.04
0.0,1.0,0.0,0.0,1568.2799999999995,22.0,374.0,60.0,-37.50297891662626,45.0,-0.6250496486104377,0.7805849965070866,20.2
0.0,1.0,0.0,0.0,958.386666666666,32.0,343.0,72.0,-43.043698185044775,45.0,-0.5978291414589552,0.801623551065242,19.85
0.0,1.0,0.0,0.0,1595.2666666666662,45.0,305.0,72.0,-42.044507989754386,44.0,-0.5839514998576998,0.8117885474764613,20.61
0.0,1.0,0.0,0.0,1424.746666666666,39.0,269.0,66.0,-37.613469802442324,48.0,-0.5699010576127624,0.8217133225960589,24.03
0.0,1.0,0.0,0.0,1160.673333333333,43.0,294.0,21.0,-11.669321421997026,47.0,-0.5556819724760489,0.8313949395234058,10.14
0.0,1.0,0.0,0.0,756.7699999999994,3.0,291.0,68.0,-36.80829474304598,48.0,-0.5412984521036173,0.8408305333122887,22.5
0.0,1.0,0.0,0.0,649.906666666666,31.0,284.0,65.0,-32.31826509905096,40.0,-0.4972040784469378,0.8676336233547726,18.51
0.0,1.0,0.0,0.0,771.8299999999994,75.0,238.0,56.0,-26.1556357931361,46.0,-0.46706492487743034,0.8842230238742036,14.11
0.0,1.0,0.0,0.0,652.1666666666661,14.0,236.0,65.0,-28.364242666798507,45.0,-0.4363729641045924,0.8997658785476209,16.18
0.0,1.0,0.0,0.0,727.1166666666662,2.0,236.0,67.0,-28.195677575908928,43.0,-0.42083100859565564,0.9071390534005044,22.22
0.0,1.0,0.0,0.0,784.7666666666661,7.0,242.0,58.0,-23.499542300403863,40.0,-0.4051645224207563,0.9142437912130223,18.83
0.0,1.0,0.0,0.0,1945.6399999999994,17.0,225.0,82.0,-30.625076067871802,44.0,-0.37347653741307074,0.9276396261490467,17.05
0.0,1.0,0.0,0.0,1817.8366666666661,27.0,219.0,60.0,-21.447864933891687,45.0,-0.3574644155648614,0.9339267592294762,15.25
0.0,1.0,0.0,0.0,1691.5066666666662,37.0,194.0,24.0,-8.192316341880868,46.0,-0.34134651424503615,0.9399375283564133,18.88
0.0,1.0,0.0,0.0,467.3566666666661,2.0,216.0,71.0,-20.760824363526492,46.0,-0.29240597695107734,0.9562942772197719,10.9
0.0,1.0,0.0,0.0,533.8033333333327,1.0,267.0,77.0,-19.969046480106233,43.0,-0.2593382659754056,0.9657865518844574,15.6
0.0,1.0,0.0,0.0,984.2499999999994,7.0,262.0,62.0,-11.92393332482388,53.0,-0.19232150523909483,0.9813319716704275,19.77
0.0,1.0,0.0,0.0,1111.2399999999993,3.0,264.0,60.0,-10.524755628256706,47.0,-0.17541259380427843,0.9844950085880858,21.73
0.0,1.0,0.0,0.0,1928.8999999999994,68.0,197.0,77.0,-10.891193211971535,46.0,-0.14144406768794202,0.9899462489023779,20.87
0.0,1.0,0.0,0.0,1748.1133333333328,0.0,250.0,74.0,-9.205193358145198,41.0,-0.12439450483979998,0.9922328391893008,13.82
0.0,1.0,0.0,0.0,1597.5433333333324,24.0,231.0,28.0,-3.004627686378149,48.0,-0.10730813165636247,0.9942258118156161,22.18
0.0,1.0,0.0,0.0,829.9799999999994,29.0,206.0,72.0,-6.4936803074648495,44.0,-0.09019000427034513,0.9959245770286599,19.82
0.0,1.0,0.0,0.0,710.9166666666661,12.0,223.0,82.0,-5.989705433305889,45.0,-0.07304518821104743,0.9973286321364752,14.17
0.0,1.0,0.0,0.0,1153.3133333333326,2.0,231.0,76.0,-4.246785524808358,42.0,-0.05587875690537313,0.9984375616565666,17.92
0.0,1.0,0.0,0.0,1069.9733333333327,13.0,218.0,58.0,-2.24435583023856,44.0,-0.03869579017652689,0.9992510374388481,18.26
0.0,1.0,0.0,0.0,1690.046666666666,0.0,247.0,64.0,-1.3760878554120828,44.0,-0.021501372740813793,0.999768818762748,12.73
0.0,1.0,0.0,0.0,1225.7799999999995,21.0,227.0,61.0,2.098281697430089,53.0,0.03439806061360801,0.9994082116062598,8.26
0.0,1.0,0.0,0.0,1364.9433333333325,12.0,215.0,72.0,4.950389410642037,49.0,0.06875540848113941,0.9976335468520451,11.76
0.0,1.0,0.0,0.0,632.5333333333327,24.0,205.0,60.0,5.154366255679963,47.0,0.08590610426133272,0.9963032375991965,10.48
0.0,1.0,0.0,0.0,674.666666666666,52.0,153.0,77.0,7.9334161863247665,50.0,0.10303137904317879,0.9946781061893646,9.14
0.0,1.0,0.0,0.0,403.72333333333273,2.0,169.0,50.0,6.006308259117525,46.0,0.1201261651823505,0.9927586335250793,9.2
0.0,1.0,0.0,0.0,420.84999999999945,5.0,184.0,65.0,11.12650887466299,45.0,0.17117705961019986,0.985240282501282,10.78
0.0,1.0,0.0,0.0,363.9566666666661,1.0,183.0,52.0,10.658237926413756,46.0,0.20496611396949532,0.9787690698649216,9.08
0.0,1.0,0.0,0.0,419.75999999999937,53.0,130.0,62.0,13.749873768501875,44.0,0.22177215755648186,0.975098513039961,11.34
0.0,1.0,0.0,0.0,696.7566666666661,5.0,128.0,62.0,14.787779662032742,50.0,0.23851257519407648,0.9711394088771653,11.76
0.0,1.0,0.0,0.0,720.5266666666662,4.0,151.0,77.0,20.92680886227745,38.0,0.2717767384711357,0.9623603298276545,8.23
0.0,1.0,0.0,0.0,659.556666666666,29.0,122.0,48.0,13.83795075405685,48.0,0.2882906407095177,0.9575429528116719,8.96
0.0,1.0,0.0,0.0,656.9599999999995,10.0,112.0,73.0,24.622978046941444,43.0,0.3373010691361842,0.9413968285264122,10.33
0.0,1.0,0.0,0.0,661.6599999999994,0.0,121.0,61.0,21.56012494771935,46.0,0.3534446712740877,0.9354554315134164,9.89
0.0,1.0,0.0,0.0,741.8533333333327,29.0,110.0,68.0,26.208108442894144,47.0,0.38541335945432564,0.9227440286201427,11.69
0.0,1.0,0.0,0.0,601.9166666666661,1.0,112.0,73.0,29.289715937667566,48.0,0.4012289854475009,0.9159777842484877,11.21
0.0,1.0,0.0,0.0,1370.616666666666,0.0,139.0,76.0,31.686366980983383,46.0,0.4169258813287287,0.908940487313808,8.33
0.0,1.0,0.0,0.0,1251.4966666666662,14.0,129.0,25.0,11.96084550636753,52.0,0.4784338202547012,0.8781236129591848,9.72
0.0,1.0,0.0,0.0,1283.3499999999995,0.0,129.0,43.0,21.219130092121205,47.0,0.49346814167723735,0.8697638720650646,11.98
0.0,1.0,0.0,0.0,777.7399999999994,18.0,111.0,65.0,33.043168465938294,48.0,0.5083564379375122,0.8611467540480452,9.17
0.0,1.0,0.0,0.0,867.5599999999994,20.0,104.0,72.0,37.66278984113755,47.0,0.5230943033491326,0.8522748088519838,9.07
0.0,1.0,0.0,0.0,668.6733333333327,0.0,104.0,60.0,33.12608056475525,48.0,0.5521013427459208,0.8337770129585915,9.12
0.0,1.0,0.0,0.0,344.4933333333327,0.0,104.0,46.0,27.341303202909224,41.0,0.5943761565849831,0.804187157621448,7.33
0.0,1.0,0.0,0.0,346.52999999999935,3.0,101.0,68.0,41.352261992760845,49.0,0.6081214998935418,0.7938439653781019,9.46
0.0,1.0,0.0,0.0,337.3133333333327,27.0,74.0,66.0,41.91450869012509,49.0,0.6350683134867438,0.7724559775191742,7.56
0.0,1.0,0.0,0.0,405.0333333333327,0.0,74.0,70.0,45.37832668429986,48.0,0.6482618097757122,0.7614175109532997,8.97
0.0,1.0,0.0,0.0,1720.4433333333327,0.0,74.0,62.0,40.99833544786959,49.0,0.6612634749656386,0.7501537286959042,10.63
0.0,1.0,0.0,0.0,1648.233333333333,9.0,71.0,22.0,14.829528156401555,46.0,0.6740694616546161,0.7386679638813748,8.73
0.0,1.0,0.0,0.0,2773.5466666666657,18.0,53.0,66.0,45.32061470278025,47.0,0.6866759803451553,0.726963615332308,7.39
0.0,1.0,0.0,0.0,1428.3633333333328,3.0,50.0,50.0,35.56378759869076,48.0,0.7112757519738152,0.7029130847082615,10.44
0.0,1.0,0.0,0.0,1577.7299999999993,27.0,23.0,93.0,68.35813169436354,46.0,0.7350336741329413,0.6780306024735382,9.17
0.0,1.0,0.0,0.0,432.3833333333327,4.0,19.0,71.0,53.00775613180132,47.0,0.746588114532413,0.6652865452111116,7.54
0.0,1.0,0.0,0.0,858.4933333333328,0.0,19.0,44.0,33.34855160988327,49.0,0.7579216274973472,0.6523456189565257,8.8
0.0,1.0,0.0,0.0,782.7899999999994,0.0,27.0,61.0,46.910882414794,48.0,0.7690308592589181,0.6392116531380588,8.34
0.0,1.0,0.0,0.0,822.5233333333327,13.0,21.0,71.0,55.37378909158696,49.0,0.7799125224167177,0.6258885343075018,9.86
0.0,1.0,0.0,0.0,442.23666666666605,0.0,30.0,72.0,57.67058383043691,48.0,0.8009803309782905,0.5986906625177214,10.11
0.0,1.0,0.0,0.0,462.6933333333327,0.0,30.0,66.0,53.536575977185095,45.0,0.8111602420785621,0.5848239578463322,9.27
0.0,1.0,0.0,0.0,401.55999999999943,0.0,30.0,45.0,36.94950530158001,50.0,0.8211001178128892,0.5707841943569036,9.51
0.0,1.0,0.0,0.0,347.6966666666661,0.0,30.0,53.0,44.53314768921589,46.0,0.8402480696078469,0.5422021592729844,9.32
0.0,1.0,0.0,0.0,337.86999999999944,0.0,30.0,73.0,62.00988500214808,43.0,0.8494504794814806,0.527668345562516,7.96
0.0,1.0,0.0,0.0,398.70999999999935,0.0,30.0,52.0,44.63687921117837,46.0,0.8584015232918917,0.512978386299228,13.63
0.0,1.0,0.0,0.0,443.00999999999937,6.0,64.0,73.0,63.298194316528196,50.0,0.8670985522812081,0.4981366284784055,9.19
0.0,1.0,0.0,0.0,417.3266666666661,0.0,64.0,50.0,43.77694964293151,47.0,0.8755389928586302,0.4831474640149687,9.06
0.0,1.0,0.0,0.0,1453.326666666666,0.0,64.0,63.0,55.67438188380585,48.0,0.8837203473619977,0.4680153284438345,12.95
0.0,1.0,0.0,0.0,1376.3066666666662,0.0,64.0,25.0,22.291004869922183,50.0,0.8916401947968874,0.45274469960737107,13.64
0.0,1.0,0.0,0.0,2730.8233333333324,0.0,84.0,78.0,70.72151362362828,50.0,0.9066860720977985,0.4218060770826634,10.29
0.0,1.0,0.0,0.0,1888.8333333333328,0.0,84.0,62.0,56.656074278093016,41.0,0.9138076496466615,0.4061472386305789,11.13
0.0,1.0,0.0,0.0,1994.403333333333,8.0,90.0,69.0,63.52545835990675,36.0,0.9206588168102428,0.3903682146763026,13.33
0.0,1.0,0.0,0.0,863.8733333333327,7.0,87.0,70.0,64.90662823525676,46.0,0.9272375462179537,0.374473674486883,13.11
0.0,1.0,0.0,0.0,1377.4933333333327,9.0,123.0,63.0,58.81313914042904,44.0,0.9335418911179212,0.35846832151248087,8.54
0.0,1.0,0.0,0.0,1245.9733333333327,0.0,130.0,21.0,19.730969705014306,39.0,0.9395699859530622,0.342356891994542,12.19
0.0,1.0,0.0,0.0,1082.656666666666,0.0,130.0,66.0,62.7521645825305,45.0,0.9507903724625832,0.3098349038318025,10.82
0.0,1.0,0.0,0.0,381.4599999999993,0.0,130.0,71.0,67.87453341292944,48.0,0.9559793438440766,0.2934339689665273,10.31
0.0,1.0,0.0,0.0,460.31999999999925,0.0,158.0,60.0,57.65312553344986,44.0,0.9608854255574977,0.27694620226893646,9.95
0.0,1.0,0.0,0.0,455.77999999999923,0.0,158.0,57.0,55.033908451417176,45.0,0.9655071658143364,0.2603764827344581,12.54
0.0,1.0,0.0,0.0,465.26999999999924,40.0,135.0,65.0,63.039807802874115,45.0,0.969843196967294,0.24372971360968387,12.45
0.0,1.0,0.0,0.0,408.2899999999992,0.0,165.0,36.0,35.060120492939724,45.0,0.9738922359149924,0.22701082094141847,9.39
0.0,1.0,0.0,0.0,621.5966666666659,0.0,165.0,73.0,71.62209797333497,52.0,0.981124629771712,0.19337647441020586,10.16
0.0,1.0,0.0,0.0,575.8633333333327,0.0,165.0,60.0,59.05835066994198,51.0,0.984305844499033,0.17647097349152166,9.28
0.0,1.0,0.0,0.0,633.7233333333326,20.0,154.0,62.0,61.36720338395844,46.0,0.9897936029670716,0.14250832791617088,9.69
0.0,1.0,0.0,0.0,405.29333333333244,0.0,154.0,57.0,56.549615799130834,53.0,0.992098522791769,0.12546123335273648,10.61
0.0,1.0,0.0,0.0,393.29333333333244,14.0,157.0,66.0,65.72458421166392,44.0,0.9958270335100595,0.09126072172931188,8.38
0.0,1.0,0.0,0.0,400.1766666666658,4.0,163.0,68.0,67.98266841109499,43.0,0.9997451236925734,0.022576263041545485,9.51
0.0,1.0,0.0,0.0,437.51999999999913,45.0,118.0,58.0,57.999161937741675,48.0,0.9999855506507186,0.005375731557583884,13.66
0.0,1.0,0.0,0.0,409.4999999999991,7.0,111.0,28.0,27.99804184229376,48.0,0.9999300657962057,-0.011826390691832589,14.21
0.0,1.0,0.0,0.0,504.44999999999914,0.0,123.0,72.0,71.92306899970976,45.0,0.9989315138848577,-0.046215046983708354,14.56
0.0,1.0,0.0,0.0,518.7599999999992,0.0,141.0,74.0,73.85116693135429,42.0,0.9979887423155984,-0.06339140486951038,12.47
0.0,1.0,0.0,0.0,593.5199999999992,28.0,176.0,66.0,65.78554288821194,37.0,0.9967506498213929,-0.08054900421874167,4.53
0.0,1.0,0.0,0.0,483.1833333333325,0.0,184.0,45.0,44.78479212481782,44.0,0.9952176027737294,-0.09768276782171598,12.69
0.0,1.0,0.0,0.0,531.3133333333325,17.0,167.0,71.0,70.53069389263844,49.0,0.9933900548258936,-0.11478762552212701,14.82
0.0,1.0,0.0,0.0,406.50999999999914,30.0,168.0,18.0,17.84283384201706,41.0,0.9912685467787256,-0.13185851571739118,10.89
0.0,1.0,0.0,0.0,353.4033333333325,0.0,170.0,27.0,26.699050073355888,50.0,0.9888537064205885,-0.1488903868564548,11.37
0.0,1.0,0.0,0.0,215.72333333333248,0.0,176.0,30.0,29.584387450247853,45.0,0.986146248341595,-0.16587819893463143,15.8
0.0,1.0,0.0,0.0,221.65666666666584,9.0,214.0,25.0,24.57867434305375,38.0,0.9831469737221499,-0.1828169249850199,9.2
0.0,1.0,0.0,0.0,220.57999999999913,0.0,214.0,19.0,18.617278631821463,49.0,0.9798567700958665,-0.1997015525660636,15.68
0.0,1.0,0.0,0.0,162.16666666666583,17.0,246.0,20.0,19.448151122439935,44.0,0.9724075561219968,-0.23328854407545518,10.75
0.0,1.0,0.0,0.0,391.14666666666585,10.0,255.0,12.0,11.619009001400062,45.0,0.9682507501166718,-0.2499809690726521,13.67
0.0,1.0,0.0,0.0,401.7899999999992,0.0,255.0,25.0,23.97697225085283,46.0,0.9590788900341131,-0.28313898122818354,14.36
0.0,1.0,0.0,0.0,698.8399999999992,0.0,266.0,26.0,24.805730301503807,43.0,0.9540665500578387,-0.2995947563972602,12.5
0.0,1.0,0.0,0.0,469.6766666666659,12.0,276.0,20.0,18.975437728798944,44.0,0.9487718864399473,-0.31596187665790293,10.75
0.0,1.0,0.0,0.0,668.9499999999992,18.0,258.0,81.0,76.39891374248351,47.0,0.9431964659565866,-0.33223549871590435,15.33
0.0,1.0,0.0,0.0,506.87333333333254,63.0,223.0,63.0,59.05254212325576,45.0,0.9373419384643772,-0.3484108069446808,13.05
0.0,1.0,0.0,0.0,653.6366666666659,8.0,230.0,69.0,63.81137762866711,48.0,0.9248025743285089,-0.38044736628785164,12.36
0.0,1.0,0.0,0.0,692.1099999999992,0.0,234.0,96.0,88.1396590353059,41.0,0.9181214482844364,-0.39629913726891813,15.65
0.0,1.0,0.0,0.0,804.2799999999993,31.0,203.0,59.0,53.758949484627124,50.0,0.9111686353326631,-0.41203363695942635,11.64
0.0,1.0,0.0,0.0,746.0133333333325,2.0,201.0,42.0,37.965740102740845,44.0,0.9039461929224011,-0.42764620926777464,14.62
0.0,1.0,0.0,0.0,569.616666666666,6.0,239.0,64.0,57.37320053059568,47.0,0.8964562582905575,-0.44313223418263453,9.83
0.0,1.0,0.0,0.0,683.266666666666,47.0,205.0,67.0,59.54297020456253,47.0,0.8887010478292915,-0.45848712914008766,15.1
0.0,1.0,0.0,0.0,625.5499999999993,0.0,214.0,24.0,21.136388554323542,46.0,0.8806828564301475,-0.47370635037968,14.54
0.0,1.0,0.0,0.0,2050.229999999999,49.0,174.0,69.0,60.19587991954233,42.0,0.8724040568049612,-0.48878539428899265,19.55
0.0,1.0,0.0,0.0,2028.4333333333325,19.0,184.0,68.0,58.74296271729398,44.0,0.8638670987837349,-0.503719798736334,14.81
0.0,1.0,0.0,0.0,2289.706666666666,0.0,202.0,80.0,66.93863312275937,45.0,0.8367329140344921,-0.5476112038402312,19.39
0.0,1.0,0.0,0.0,1219.8733333333328,11.0,220.0,71.0,58.73044294448373,42.0,0.8271893372462497,-0.5619233046832195,14.9
0.0,1.0,0.0,0.0,1067.826666666666,22.0,212.0,69.0,54.27516305997555,40.0,0.7865965660866021,-0.6174672802835514,16.59
0.0,1.0,0.0,0.0,2108.066666666666,0.0,252.0,79.0,60.42641984429567,47.0,0.7648913904341225,-0.6441592666722685,15.05
0.0,1.0,0.0,0.0,1973.7533333333329,28.0,235.0,85.0,64.06430147339769,43.0,0.753697664392914,-0.6572212950663319,19.81
0.0,1.0,0.0,0.0,2172.8899999999994,15.0,220.0,49.0,36.371764447262116,49.0,0.742280907086982,-0.6700888411055113,16.2
0.0,1.0,0.0,0.0,1131.3199999999995,4.0,220.0,97.0,70.87251620109369,47.0,0.7306444969184916,-0.6827580970759147,15.01
0.0,1.0,0.0,0.0,1054.6799999999992,0.0,235.0,61.0,43.84630451459382,46.0,0.7187918772884232,-0.6952253139408722,20.95
0.0,1.0,0.0,0.0,725.4399999999993,0.0,285.0,49.0,34.629601223303176,41.0,0.7067265555776158,-0.7074868024503348,10.14
0.0,1.0,0.0,0.0,792.9866666666661,44.0,251.0,59.0,40.23635679633731,47.0,0.6819721490904629,-0.7313781428679254,16.41
0.0,1.0,0.0,0.0,851.8733333333327,13.0,250.0,72.0,48.18890804697048,46.0,0.6692903895412567,-0.7430009249440493,21.1
0.0,1.0,0.0,0.0,2179.0099999999993,9.0,290.0,75.0,48.25023903033688,44.0,0.6433365204044917,-0.765583517007675,15.56
0.0,1.0,0.0,0.0,2042.776666666666,9.0,287.0,82.0,51.665911460718235,40.0,0.6300720909843687,-0.7765366444428655,16.24
0.0,1.0,0.0,0.0,1938.3199999999995,29.0,290.0,72.0,44.39672734288595,47.0,0.6166212130956382,-0.7872599821916922,14.81
0.0,1.0,0.0,0.0,1666.246666666666,18.0,272.0,47.0,28.340429752265155,46.0,0.6029878670694714,-0.7977503570459932,19.13
0.0,1.0,0.0,0.0,1557.8799999999994,29.0,361.0,88.0,51.84749567644207,48.0,0.5891760872322963,-0.8080046647350754,8.03
0.0,1.0,0.0,0.0,1652.496666666666,14.0,347.0,76.0,43.71443701411029,52.0,0.5751899607119775,-0.8180198708443174,18.21
0.0,1.0,0.0,0.0,626.076666666666,40.0,310.0,29.0,16.269975160622664,50.0,0.5610336262283677,-0.8277930117131022,19.55
0.0,1.0,0.0,0.0,1223.213333333333,11.0,299.0,68.0,36.191445441625895,46.0,0.5322271388474397,-0.8466016020976267,19.09
0.0,1.0,0.0,0.0,1246.4899999999996,0.0,299.0,63.0,32.6078871459509,44.0,0.5175855102531889,-0.8556314858488706,16.97
0.0,1.0,0.0,0.0,2457.203333333333,4.0,409.0,93.0,46.7595369394753,40.0,0.5027907197793043,-0.8644081744776648,7.03
0.0,1.0,0.0,0.0,1914.8133333333328,15.0,394.0,64.0,31.22221730830796,41.0,0.4878471454423119,-0.8729290708206411,15.62
0.0,1.0,0.0,0.0,1843.4366666666665,50.0,377.0,43.0,19.673849171192803,40.0,0.4575313760742512,-0.8891934772070711,11.74
0.0,1.0,0.0,0.0,756.9666666666662,10.0,377.0,62.0,27.414425421958466,46.0,0.44216815196707204,-0.8969321743510065,18.32
0.0,1.0,0.0,0.0,878.9433333333328,12.0,381.0,69.0,29.440511740104803,47.0,0.42667408318992467,-0.9044054548343001,13.78
0.0,1.0,0.0,0.0,822.3899999999995,49.0,334.0,61.0,24.11401911465982,50.0,0.3953117887649151,-0.9185469991587165,16.26
0.0,1.0,0.0,0.0,1838.7899999999997,6.0,442.0,63.0,23.905529154646295,43.0,0.37945284372454435,-0.925211078289358,6.75
0.0,1.0,0.0,0.0,1739.0533333333326,32.0,410.0,73.0,26.534157711252163,49.0,0.36348161248290634,-0.9316013725767187,14.23
0.0,1.0,0.0,0.0,1566.6466666666663,0.0,410.0,14.0,4.863639496579884,43.0,0.3474028211842774,-0.9377159910299093,19.07
0.0,1.0,0.0,0.0,1630.5633333333328,118.0,292.0,72.0,23.84792840172143,46.0,0.3312212278016865,-0.9435531242349544,15.62
0.0,1.0,0.0,0.0,1791.2433333333329,0.0,304.0,67.0,21.10108858883978,43.0,0.31494162072895193,-0.9491110448902284,18.79
0.0,1.0,0.0,0.0,1958.323333333333,3.0,350.0,76.0,22.691230119642736,50.0,0.2985688173637202,-0.9543881083175908,12.75
0.0,1.0,0.0,0.0,1049.1866666666663,0.0,368.0,49.0,13.82327547141405,44.0,0.2821076626819194,-0.9593827529490743,14.76
0.0,1.0,0.0,0.0,1136.0733333333328,0.0,387.0,62.0,16.464907723851468,49.0,0.26556302780405594,-0.9640935007889755,16.55
0.0,1.0,0.0,0.0,1787.7933333333328,114.0,317.0,58.0,14.438508896118462,50.0,0.24893980855376657,-0.9685189578512204,14.78
0.0,1.0,0.0,0.0,2367.223333333333,0.0,325.0,23.0,5.341587252208614,42.0,0.23224292400907015,-0.9726578145718654,17.43
0.0,1.0,0.0,0.0,2206.976666666666,33.0,323.0,77.0,16.59175325859822,47.0,0.21547731504673012,-0.976508846196619,10.44
0.0,1.0,0.0,0.0,1889.7733333333326,10.0,314.0,70.0,12.723185131396274,49.0,0.18175978759137534,-0.9833429613388902,17.99
0.0,1.0,0.0,0.0,1693.9733333333327,16.0,298.0,71.0,11.702067112661053,45.0,0.16481784665719793,-0.9863240225317866,15.0
0.0,1.0,0.0,0.0,1606.3433333333326,2.0,324.0,79.0,11.678343544171907,43.0,0.14782713347053048,-0.9890132145779883,13.95
0.0,1.0,0.0,0.0,1292.7999999999995,114.0,215.0,72.0,9.417072661686664,47.0,0.13079267585675922,-0.9914097417023038,14.93
0.0,1.0,0.0,0.0,584.0499999999994,0.0,215.0,25.0,2.8429878646487423,49.0,0.11371951458594969,-0.9935128947338007,17.68
0.0,1.0,0.0,0.0,1787.0966666666664,0.0,251.0,74.0,7.14933993920903,47.0,0.0966127018812031,-0.9953220513156602,15.55
0.0,1.0,0.0,0.0,1719.873333333333,0.0,290.0,58.0,4.609683395570016,43.0,0.07947729992362097,-0.9968366760893436,14.29
0.0,1.0,0.0,0.0,1849.34,12.0,278.0,60.0,3.7391027612595047,42.0,0.062318379354325076,-0.998056320853012,17.92
0.0,1.0,0.0,0.0,605.2299999999997,49.0,249.0,66.0,2.979307173082147,43.0,0.04514101777397193,-0.9989806246941579,13.8
0.0,1.0,0.0,0.0,578.1899999999997,18.0,231.0,52.0,0.5590680037031404,47.0,0.01075130776352193,-0.9999422030204416,13.02
0.0,1.0,0.0,0.0,407.3433333333331,19.0,223.0,20.0,-0.129017283962103,46.0,-0.00645086419810515,-0.9999791929590823,13.7
0.0,1.0,0.0,0.0,397.7166666666664,44.0,179.0,65.0,-2.6548854503142474,45.0,-0.04084439154329611,-0.9991655196610109,13.12
0.0,1.0,0.0,0.0,643.5699999999998,8.0,181.0,64.0,-3.7136364370419424,46.0,-0.05802556932878035,-0.9983150972033183,11.64
0.0,1.0,0.0,0.0,1128.803333333333,31.0,171.0,59.0,-4.436185008470755,48.0,-0.07518957641475855,-0.9971692572470178,10.36
0.0,1.0,0.0,0.0,1132.7966666666664,1.0,182.0,66.0,-7.223420730828427,43.0,-0.10944576864891556,-0.993992768446958,13.3
0.0,1.0,0.0,0.0,797.7133333333331,0.0,242.0,33.0,-4.175417955676544,44.0,-0.12652781683868314,-0.9919630595773397,8.67
0.0,1.0,0.0,0.0,407.46666666666647,28.0,233.0,52.0,-7.465766017414188,47.0,-0.1435724234118113,-0.9896398128792412,13.17
0.0,1.0,0.0,0.0,418.0599999999998,5.0,238.0,64.0,-10.2767708540796,49.0,-0.16057454459499376,-0.9870237158387383,13.84
0.0,1.0,0.0,0.0,556.8699999999998,0.0,244.0,79.0,-14.024802785775762,46.0,-0.17752914918703497,-0.984115542601034,11.38
0.0,1.0,0.0,0.0,533.4533333333331,36.0,208.0,56.0,-10.88814832266907,47.0,-0.19443122004766195,-0.9809161537413774,10.46
0.0,1.0,0.0,0.0,477.59999999999974,39.0,211.0,66.0,-15.051812900620307,46.0,-0.2280577712215198,-0.9736476020539838,10.06
0.0,1.0,0.0,0.0,358.8233333333331,0.0,228.0,31.0,-7.587941327815047,37.0,-0.24477230089725957,-0.9695805901076308,13.23
0.0,1.0,0.0,0.0,383.9133333333331,20.0,260.0,61.0,-15.94627830918053,47.0,-0.2614143985111562,-0.965226663665613,11.61
0.0,1.0,0.0,0.0,394.45999999999975,0.0,270.0,58.0,-17.07877406363447,44.0,-0.2944616217868012,-0.9556633054034704,12.57
0.0,1.0,0.0,0.0,453.50999999999976,11.0,303.0,71.0,-22.070844745288756,44.0,-0.3108569682435036,-0.9504567035349151,9.17
0.0,1.0,0.0,0.0,436.3099999999998,0.0,303.0,47.0,-16.13824307783024,49.0,-0.34336687399638804,-0.939201357453208,13.02
0.0,1.0,0.0,0.0,1213.9499999999998,10.0,295.0,28.0,-10.065210766475849,45.0,-0.3594718130884232,-0.9331559438780432,11.14
0.0,1.0,0.0,0.0,1777.7799999999997,21.0,300.0,69.0,-25.90745612944579,45.0,-0.3754703786876202,-0.9268343944460494,8.58
0.0,1.0,0.0,0.0,1797.7866666666662,12.0,296.0,65.0,-25.438259376466682,43.0,-0.3913578365610259,-0.9202385798054075,11.43
0.0,1.0,0.0,0.0,1100.9533333333331,60.0,243.0,77.0,-32.55411066466615,50.0,-0.4227806579826773,-0.9062320427107697,13.44
0.0,1.0,0.0,0.0,547.5966666666665,19.0,258.0,62.0,-30.013488341616505,44.0,-0.48408852163897587,-0.8750190302029955,11.19
0.0,1.0,0.0,0.0,581.2199999999999,10.0,261.0,71.0,-36.48697109296103,39.0,-0.5139010013093103,-0.8578494977869301,13.39
0.0,1.0,0.0,0.0,509.74999999999983,6.0,255.0,71.0,-37.529274313270975,47.0,-0.5285813283559292,-0.8488826652214553,10.17
0.0,1.0,0.0,0.0,655.5899999999999,0.0,255.0,62.0,-34.56304312083293,49.0,-0.5574684374327892,-0.8301981337405212,13.56
0.0,1.0,0.0,0.0,524.9866666666666,42.0,213.0,25.0,-14.29166678256763,50.0,-0.5716666713027052,-0.8204859638785327,10.76
0.0,1.0,0.0,0.0,503.3466666666666,17.0,211.0,64.0,-37.48452734767045,45.0,-0.5856957398073508,-0.8105309990194823,10.33
0.0,1.0,0.0,0.0,326.30333333333317,52.0,184.0,59.0,-35.373537999659284,42.0,-0.5995514915196489,-0.8003361849976323,9.56
0.0,1.0,0.0,0.0,467.2099999999998,10.0,175.0,73.0,-44.765777319881764,47.0,-0.6132298262997502,-0.7899045386224707,12.22
0.0,1.0,0.0,0.0,464.46999999999986,44.0,154.0,63.0,-39.4837818800248,47.0,-0.6267266965083301,-0.7792391467859886,9.98
0.0,1.0,0.0,0.0,511.1299999999998,0.0,165.0,64.0,-40.962438925078416,45.0,-0.6400381082043503,-0.7683431655492202,11.86
0.0,1.0,0.0,0.0,476.2066666666665,2.0,180.0,67.0,-43.76172819590431,49.0,-0.65316012232693,-0.7572198192083127,11.19
0.0,1.0,0.0,0.0,425.5099999999998,26.0,154.0,41.0,-27.309643090300057,47.0,-0.666088855860977,-0.7458723993404063,9.8
0.0,1.0,0.0,0.0,458.90666666666647,8.0,275.0,61.0,-42.17242540877383,43.0,-0.6913512362094071,-0.722518835873311,3.9
0.0,1.0,0.0,0.0,432.60999999999984,7.0,283.0,63.0,-44.3316766711778,44.0,-0.7036774074790128,-0.7105196029692745,10.68
0.0,1.0,0.0,0.0,469.14666666666653,34.0,296.0,62.0,-44.37931165552518,46.0,-0.7157953492826642,-0.6983101158835584,9.4
0.0,1.0,0.0,0.0,633.9966666666664,13.0,283.0,69.0,-50.21140182512323,47.0,-0.7277014757264236,-0.6858939875998223,12.77
0.0,1.0,0.0,0.0,661.7066666666664,0.0,285.0,65.0,-48.06049713373507,51.0,-0.7393922635959241,-0.673274892250183,11.06
0.0,1.0,0.0,0.0,1008.7899999999998,0.0,286.0,68.0,-52.573406138800976,46.0,-0.7731383255706026,-0.6342374393978054,11.62
0.0,1.0,0.0,0.0,725.6566666666666,0.0,296.0,34.0,-28.042012872094286,45.0,-0.8247650844733614,-0.5654755126737576,11.06
0.0,1.0,0.0,0.0,874.4666666666666,15.0,294.0,65.0,-54.234058028991996,47.0,-0.8343701235229538,-0.5512045872199277,10.02
0.0,1.0,0.0,0.0,557.9333333333332,25.0,269.0,70.0,-59.69857052386216,48.0,-0.8528367217694595,-0.522177676659508,9.81
0.0,1.0,0.0,0.0,606.9599999999999,1.0,280.0,51.0,-43.94633363654546,45.0,-0.8616928164028522,-0.5074302810827518,11.69
0.0,1.0,0.0,0.0,483.94666666666654,23.0,257.0,70.0,-60.920574558799714,52.0,-0.8702939222685674,-0.49253272872205434,11.83
0.0,1.0,0.0,0.0,403.55666666666656,11.0,314.0,68.0,-60.82887211439858,47.0,-0.8945422369764496,-0.4469834295196741,5.07
0.0,1.0,0.0,0.0,531.4766666666665,17.0,312.0,51.0,-46.378799238604415,45.0,-0.9093882203647925,-0.4159483918249421,10.41
0.0,1.0,0.0,0.0,558.8499999999998,0.0,366.0,62.0,-56.81733547504944,43.0,-0.9164086366943458,-0.4002439388573056,7.47
0.0,1.0,0.0,0.0,648.9733333333331,129.0,243.0,57.0,-52.98913412219136,49.0,-0.9296339319682695,-0.3684843993077793,12.89
0.0,1.0,0.0,0.0,416.25333333333316,15.0,319.0,27.0,-25.267542228044842,52.0,-0.9358348973349941,-0.35243871088460327,4.15
0.0,1.0,0.0,0.0,362.55666666666656,47.0,286.0,55.0,-52.10723590841365,43.0,-0.9474042892438845,-0.32003923622313857,14.35
0.0,1.0,0.0,0.0,307.2566666666665,0.0,310.0,55.0,-52.40231107192681,42.0,-0.9527692922168511,-0.30369503751065885,9.64
0.0,1.0,0.0,0.0,702.6033333333331,2.0,324.0,69.0,-66.42298625541426,41.0,-0.9626519747161487,-0.2707418984477642,13.1
0.0,1.0,0.0,0.0,591.8533333333331,1.0,344.0,24.0,-23.31348683241,38.0,-0.97139528468375,-0.23746831555846842,12.17
0.0,1.0,0.0,0.0,713.7533333333331,10.0,334.0,76.0,-74.6587262243662,45.0,-0.9823516608469237,-0.18704334906991657,13.95
0.0,1.0,0.0,0.0,419.4866666666665,13.0,358.0,68.0,-67.00881529185276,44.0,-0.9854237542919524,-0.17011767832049052,8.65
0.0,1.0,0.0,0.0,554.2199999999998,0.0,370.0,72.0,-71.15070563957823,41.0,-0.9882042449941422,-0.15314166701312007,12.81
0.0,1.0,0.0,0.0,427.15999999999985,12.0,390.0,59.0,-58.450846299532095,40.0,-0.9906923101615609,-0.13612033862266704,8.85
0.0,1.0,0.0,0.0,466.37333333333316,0.0,390.0,54.0,-53.71856850290366,40.0,-0.994788305609327,-0.10196189005174576,14.46
0.0,1.0,0.0,0.0,631.4899999999999,68.0,349.0,68.0,-67.75486161967318,46.0,-0.9963950238187231,-0.08483487790576538,9.75
0.0,1.0,0.0,0.0,651.7699999999999,15.0,334.0,55.0,-54.873879099056424,42.0,-0.9977068927101168,-0.06768276175455162,10.69
0.0,1.0,0.0,0.0,1460.3366666666664,54.0,313.0,57.0,-56.927240872582644,44.0,-0.9987235240803972,-0.050510617185222886,8.72
0.0,1.0,0.0,0.0,1410.4099999999999,6.0,307.0,54.0,-53.970009322967236,52.0,-0.9994446170919858,-0.033323525711631344,11.96
0.0,1.0,0.0,0.0,1493.6499999999996,91.0,219.0,71.0,-70.990767043692,47.0,-0.9998699583618592,-0.016126573270657762,13.42
0.0,1.0,0.0,0.0,1586.9899999999998,14.0,205.0,40.0,-39.9999768809877,40.0,-0.9999994220246925,0.001075151282798226,16.98
0.0,1.0,0.0,0.0,1439.9966666666662,24.0,205.0,59.0,-58.962868400385815,47.0,-0.9993706508539969,0.03547255575312556,12.37
0.0,1.0,0.0,0.0,1377.0233333333329,16.0,230.0,62.0,-61.91398132920635,42.0,-0.9986126020839734,0.052658056924614005,11.18
0.0,1.0,0.0,0.0,745.4699999999997,21.0,249.0,64.0,-63.7574591809491,43.0,-0.9962102997023297,0.0869772313136861,11.95
0.0,1.0,0.0,0.0,679.7199999999997,0.0,256.0,33.0,-32.75675389583881,44.0,-0.9926289059345095,0.121193461470736,13.33
0.0,1.0,0.0,0.0,813.6099999999997,37.0,221.0,73.0,-72.29900436257367,46.0,-0.9903973200352558,0.1382503109109819,17.08
0.0,1.0,0.0,0.0,524.2733333333331,12.0,244.0,48.0,-47.41788766248206,42.0,-0.9878726596350429,0.15526624985999563,14.65
0.0,1.0,0.0,0.0,585.5866666666664,32.0,225.0,49.0,-48.267727919253566,44.0,-0.9850556718215013,0.172236243027682,14.94
0.0,1.0,0.0,0.0,636.0199999999996,0.0,271.0,52.0,-51.06125388970559,47.0,-0.981947190186646,0.18915526872004093,15.04
0.0,1.0,0.0,0.0,650.5066666666663,27.0,278.0,58.0,-56.755791805651775,49.0,-0.9785481345802031,0.20601832032517084,12.24
0.0,1.0,0.0,0.0,678.5266666666663,0.0,313.0,74.0,-72.13960380196852,47.0,-0.9748595108374125,0.22282040779479959,11.14
0.0,1.0,0.0,0.0,630.3366666666665,33.0,281.0,26.0,-25.242942672515973,50.0,-0.9708824104813836,0.23955655912092708,16.46
0.0,1.0,0.0,0.0,862.6466666666664,0.0,281.0,69.0,-66.04903858930852,47.0,-0.957232443323312,0.28931997761869527,16.25
0.0,1.0,0.0,0.0,915.5799999999996,3.0,298.0,61.0,-57.749549006929556,44.0,-0.9467139181463862,0.3220757010206104,18.03
0.0,1.0,0.0,0.0,770.3099999999996,0.0,314.0,45.0,-41.79777436151131,45.0,-0.9288394302558068,0.3704825404820963,14.0
0.0,1.0,0.0,0.0,541.573333333333,24.0,309.0,62.0,-57.184405293001376,42.0,-0.9223291176290545,0.3864052261209853,12.73
0.0,1.0,0.0,0.0,787.6966666666664,41.0,287.0,64.0,-58.143469028640524,45.0,-0.9084917035725082,0.41790288888678667,13.8
0.0,1.0,0.0,0.0,895.773333333333,40.0,256.0,64.0,-57.67479659879404,45.0,-0.9011686968561569,0.4334685453485363,17.58
0.0,1.0,0.0,0.0,940.8999999999997,7.0,260.0,61.0,-54.50832020926371,45.0,-0.8935790198239952,0.4489059314938798,15.95
0.0,1.0,0.0,0.0,501.1099999999997,2.0,282.0,18.0,-15.943048530904147,48.0,-0.8857249183835637,0.4642104791518923,11.11
0.0,1.0,0.0,0.0,537.603333333333,35.0,367.0,57.0,-49.546270538076314,45.0,-0.8692328164574792,0.49440298420761813,5.47
0.0,1.0,0.0,0.0,779.553333333333,13.0,356.0,54.0,-45.992443180333616,49.0,-0.8517119107469189,0.5240103253675756,17.41
0.0,1.0,0.0,0.0,993.3166666666663,46.0,317.0,67.0,-56.45233002910241,45.0,-0.8425720899866032,0.5385835804920232,17.94
0.0,1.0,0.0,0.0,926.2866666666663,34.0,286.0,52.0,-43.32551280663728,48.0,-0.8331829385891785,0.5529974600700271,18.12
0.0,1.0,0.0,0.0,576.9566666666664,35.0,255.0,27.0,-22.23577534380122,48.0,-0.8235472349556007,0.5672476988027229,16.78
0.0,1.0,0.0,0.0,518.3266666666665,1.0,268.0,49.0,-39.86972369183435,47.0,-0.8136678304455991,0.5813300798152042,18.12
0.0,1.0,0.0,0.0,481.58999999999975,0.0,284.0,53.0,-42.58802537229732,41.0,-0.8035476485339116,0.5952404359043674,16.28
0.0,1.0,0.0,0.0,464.81999999999977,20.0,332.0,70.0,-55.5232778761629,44.0,-0.7931896839451843,0.6089746507720486,5.71
0.0,1.0,0.0,0.0,422.8066666666664,16.0,343.0,63.0,-49.30361111137035,39.0,-0.7825970017677834,0.6225286602431057,12.32
0.0,1.0,0.0,0.0,415.08999999999975,19.0,364.0,23.0,-17.237173747600494,48.0,-0.7494423368521954,0.6620696215153815,11.87
0.0,1.0,0.0,0.0,490.8099999999998,19.0,350.0,47.0,-34.13257098639525,50.0,-0.7262249146041543,0.6874571793269664,14.7
0.0,1.0,0.0,0.0,487.7766666666665,9.0,346.0,51.0,-36.428897980724265,48.0,-0.7142921172691032,0.699847677146407,13.1
0.0,1.0,0.0,0.0,566.4766666666665,11.0,356.0,71.0,-49.85250440773355,51.0,-0.7021479494046978,0.7120310787787131,14.94
0.0,1.0,0.0,0.0,778.0366666666664,24.0,399.0,70.0,-48.2857203265912,48.0,-0.6897960046655887,0.7240037789593305,6.61
0.0,1.0,0.0,0.0,710.4899999999997,120.0,318.0,38.0,-25.250371689868498,42.0,-0.6644834655228552,0.7473029667054296,10.84
0.0,1.0,0.0,0.0,601.9133333333331,2.0,347.0,62.0,-37.91485229954453,51.0,-0.6115298757991053,0.7912213413483807,9.87
0.0,1.0,0.0,0.0,429.413333333333,7.0,358.0,68.0,-40.65238161920895,44.0,-0.5978291414589552,0.801623551065242,13.26
0.0,1.0,0.0,0.0,456.9899999999996,3.0,498.0,72.0,-42.044507989754386,51.0,-0.5839514998576998,0.8117885474764613,6.74
0.0,1.0,0.0,0.0,1470.8166666666664,4.0,497.0,41.0,-23.36594336212326,47.0,-0.5699010576127624,0.8217133225960589,16.63
0.0,1.0,0.0,0.0,1539.5566666666664,14.0,484.0,66.0,-36.675010183419225,48.0,-0.5556819724760489,0.8313949395234058,18.06
0.0,1.0,0.0,0.0,1580.0199999999998,16.0,471.0,48.0,-25.98232570097363,55.0,-0.5412984521036173,0.8408305333122887,13.29
0.0,1.0,0.0,0.0,729.9099999999997,68.0,466.0,60.0,-31.60528516863325,39.0,-0.5267547528105542,0.8500173118187018,4.38
0.0,1.0,0.0,0.0,619.5566666666664,27.0,441.0,52.0,-26.62686927219616,47.0,-0.5120551783114646,0.8589525565270845,13.46
0.0,1.0,0.0,0.0,667.7666666666663,40.0,402.0,63.0,-30.378968417470215,46.0,-0.4822058478963526,0.8760579434344281,14.46
0.0,1.0,0.0,0.0,586.1299999999997,5.0,422.0,17.0,-7.940103722916316,40.0,-0.46706492487743034,0.8842230238742036,8.94
0.0,1.0,0.0,0.0,597.6466666666663,5.0,463.0,79.0,-35.69107739679784,46.0,-0.451785789832884,0.8921264484954345,9.78
0.0,1.0,0.0,0.0,779.6099999999997,21.0,480.0,53.0,-23.127767097543398,44.0,-0.4363729641045924,0.8997658785476209,9.28
0.0,1.0,0.0,0.0,685.7699999999996,67.0,446.0,53.0,-22.304043455569747,45.0,-0.42083100859565564,0.9071390534005044,11.32
0.0,1.0,0.0,0.0,678.003333333333,39.0,417.0,59.0,-23.904706822824622,44.0,-0.4051645224207563,0.9142437912130223,12.8
0.0,1.0,0.0,0.0,478.0499999999997,31.0,406.0,64.0,-24.920201058892896,45.0,-0.3893781415452015,0.9210779895789526,13.38
0.0,1.0,0.0,0.0,491.6099999999997,18.0,417.0,63.0,-23.529021857023455,47.0,-0.37347653741307074,0.9276396261490467,10.29
0.0,1.0,0.0,0.0,853.1499999999996,143.0,314.0,55.0,-18.77405828347699,46.0,-0.34134651424503615,0.9399375283564133,9.76
0.0,1.0,0.0,0.0,742.1599999999995,3.0,392.0,75.0,-23.16093609496903,48.0,-0.30881248126625377,0.9511229423235357,4.41
0.0,1.0,0.0,0.0,738.4266666666663,1.0,438.0,66.0,-19.298794478771104,49.0,-0.29240597695107734,0.9562942772197719,9.35
0.0,1.0,0.0,0.0,443.59666666666635,3.0,439.0,81.0,-22.348948545239796,47.0,-0.27591294500296043,0.9611826292540837,12.54
0.0,1.0,0.0,0.0,565.8766666666663,63.0,376.0,64.0,-16.59764902242596,46.0,-0.2593382659754056,0.9657865518844574,13.77
0.0,1.0,0.0,0.0,500.0099999999996,2.0,398.0,34.0,-8.251352715808244,44.0,-0.2426868445825954,0.9701046827361175,10.06
0.0,1.0,0.0,0.0,423.8766666666664,1.0,398.0,49.0,-11.072216804152934,48.0,-0.22596360824801906,0.974135744004672,13.39
0.0,1.0,0.0,0.0,413.2399999999997,25.0,387.0,69.0,-14.432971889598589,44.0,-0.20917350564635637,0.9778785428342386,12.26
0.0,1.0,0.0,0.0,439.0599999999997,46.0,368.0,52.0,-10.00071827243293,47.0,-0.19232150523909483,0.9813319716704275,8.63
0.0,1.0,0.0,0.0,463.9666666666664,38.0,334.0,61.0,-8.628088128964462,47.0,-0.14144406768794202,0.9899462489023779,12.95
0.0,1.0,0.0,0.0,330.68333333333305,33.0,313.0,19.0,-2.3634955919561995,44.0,-0.12439450483979998,0.9922328391893008,12.74
0.0,1.0,0.0,0.0,1346.0066666666664,10.0,303.0,65.0,-5.862350277572433,54.0,-0.09019000427034513,0.9959245770286599,14.57
0.0,1.0,0.0,0.0,2595.6666666666665,20.0,290.0,58.0,-4.236620916240751,43.0,-0.07304518821104743,0.9973286321364752,12.33
0.0,1.0,0.0,0.0,2707.7366666666667,29.0,279.0,60.0,-3.352725414322388,41.0,-0.05587875690537313,0.9984375616565666,12.88
0.0,1.0,0.0,0.0,1763.4266666666665,40.0,298.0,74.0,-2.86348847306299,41.0,-0.03869579017652689,0.9992510374388481,11.01
0.0,1.0,0.0,0.0,1156.463333333333,81.0,228.0,71.0,1.2213118546964958,44.0,0.017201575418260506,0.9998520419557735,16.93
0.0,1.0,0.0,0.0,1184.823333333333,47.0,202.0,62.0,2.1326797580436967,45.0,0.03439806061360801,0.9994082116062598,14.39
0.0,1.0,0.0,0.0,1252.563333333333,4.0,198.0,50.0,3.4377704240569704,50.0,0.06875540848113941,0.9976335468520451,20.36
0.0,1.0,0.0,0.0,686.9999999999997,0.0,211.0,82.0,7.044300549429282,43.0,0.08590610426133272,0.9963032375991965,14.88
0.0,1.0,0.0,0.0,829.783333333333,24.0,195.0,78.0,8.036447565367945,53.0,0.10303137904317879,0.9946781061893646,18.08
0.0,1.0,0.0,0.0,700.3499999999998,1.0,194.0,30.0,3.6037849554705152,51.0,0.1201261651823505,0.9927586335250793,15.33
0.0,1.0,0.0,0.0,661.5166666666663,14.0,180.0,59.0,9.098038806198675,42.0,0.1542040475626894,0.988039023376751,17.14
0.0,1.0,0.0,0.0,658.6333333333331,27.0,155.0,75.0,14.107456320884818,44.0,0.18809941761179758,0.9821499931752291,20.04
0.0,1.0,0.0,0.0,761.7399999999998,4.0,162.0,66.0,13.52776352198669,48.0,0.20496611396949532,0.9787690698649216,14.02
0.0,1.0,0.0,0.0,677.1499999999996,12.0,150.0,31.0,7.393889831016371,50.0,0.23851257519407648,0.9711394088771653,18.23
0.0,1.0,0.0,0.0,607.3233333333329,0.0,150.0,63.0,16.07649202677249,47.0,0.2551824131233728,0.9668929289391521,18.86
0.0,1.0,0.0,0.0,619.7799999999996,7.0,143.0,72.0,19.56792516992177,46.0,0.2717767384711357,0.9623603298276545,14.01
0.0,1.0,0.0,0.0,688.3999999999996,18.0,125.0,56.0,17.06427705411315,49.0,0.3047192331091634,0.9524422234305676,15.3
0.0,1.0,0.0,0.0,615.4599999999997,59.0,83.0,72.0,23.11615110133951,50.0,0.321057654185271,0.9470596510722283,11.33
0.0,1.0,0.0,0.0,639.523333333333,11.0,88.0,72.0,26.60282520821158,48.0,0.3694836834473831,0.9292372181882051,15.29
0.0,1.0,0.0,0.0,779.3799999999997,21.0,67.0,81.0,31.218482115800377,43.0,0.38541335945432564,0.9227440286201427,19.3
0.0,1.0,0.0,0.0,1079.4766666666662,0.0,67.0,68.0,27.283571010430062,50.0,0.4012289854475009,0.9159777842484877,19.46
0.0,1.0,0.0,0.0,994.043333333333,13.0,60.0,48.0,20.01244230377898,39.0,0.4169258813287287,0.908940487313808,16.23
0.0,1.0,0.0,0.0,984.1233333333329,8.0,52.0,78.0,34.93970527381551,51.0,0.44794493940789115,0.8940611451454876,18.21
0.0,1.0,0.0,0.0,567.7866666666663,0.0,52.0,20.0,9.265158451349834,53.0,0.4632579225674917,0.88622350294858,15.45
0.0,1.0,0.0,0.0,928.7633333333329,0.0,52.0,59.0,28.22759539502737,50.0,0.4784338202547012,0.8781236129591848,19.54
0.0,1.0,0.0,0.0,768.8799999999995,2.0,68.0,58.0,30.339469594249692,48.0,0.5230943033491326,0.8522748088519838,13.14
0.0,1.0,0.0,0.0,923.2833333333328,11.0,57.0,62.0,33.335997357918075,47.0,0.5376773767406141,0.8431506618282,16.15
0.0,1.0,0.0,0.0,623.8299999999996,0.0,57.0,69.0,41.01195480436383,42.0,0.5943761565849831,0.804187157621448,15.09
0.0,1.0,0.0,0.0,693.3566666666662,0.0,57.0,66.0,40.13601899297376,47.0,0.6081214998935418,0.7938439653781019,16.35
0.0,1.0,0.0,0.0,610.013333333333,0.0,57.0,46.0,28.597596952261203,48.0,0.6216868902665479,0.7832658619336791,13.83
0.0,1.0,0.0,0.0,579.2699999999996,0.0,57.0,80.0,50.8054650789395,44.0,0.6350683134867438,0.7724559775191742,10.89
0.0,1.0,0.0,0.0,510.643333333333,17.0,40.0,54.0,37.08050293863839,46.0,0.6866759803451553,0.726963615332308,14.19
0.0,1.0,0.0,0.0,537.6833333333329,16.0,25.0,66.0,46.139233837326714,45.0,0.6990793005655562,0.7150441465537444,11.86
0.0,1.0,0.0,0.0,549.6266666666662,0.0,39.0,81.0,57.613335909879034,46.0,0.7112757519738152,0.7029130847082615,11.59
0.0,1.0,0.0,0.0,581.1799999999996,0.0,39.0,52.0,37.60960972307441,48.0,0.7232617254437388,0.6905740195722293,17.17
0.0,1.0,0.0,0.0,957.443333333333,6.0,33.0,75.0,55.1275255599706,51.0,0.7350336741329413,0.6780306024735382,15.56
0.0,1.0,0.0,0.0,805.4666666666662,0.0,33.0,19.0,14.185174176115847,46.0,0.746588114532413,0.6652865452111116,12.32
0.0,1.0,0.0,0.0,769.7966666666663,0.0,33.0,60.0,46.794751345003064,49.0,0.7799125224167177,0.6258885343075018,12.02
0.0,1.0,0.0,0.0,710.3499999999996,0.0,33.0,62.0,49.01493060851599,48.0,0.7905633969115482,0.612380204990065,17.5
0.0,1.0,0.0,0.0,1031.4366666666663,18.0,15.0,74.0,59.27254449239349,46.0,0.8009803309782905,0.5986906625177214,11.0
0.0,1.0,0.0,0.0,1040.0033333333329,0.0,15.0,63.0,51.10309525094941,47.0,0.8111602420785621,0.5848239578463322,12.38
0.0,1.0,0.0,0.0,682.8199999999997,0.0,15.0,43.0,35.30730506595423,46.0,0.8211001178128892,0.5707841943569036,13.84
0.0,1.0,0.0,0.0,550.253333333333,0.0,15.0,74.0,61.478979244097225,44.0,0.8307970168121247,0.5565755266413303,14.84
0.0,1.0,0.0,0.0,531.0566666666663,0.0,15.0,68.0,57.13686873333359,45.0,0.8402480696078469,0.5422021592729844,10.46
0.0,1.0,0.0,0.0,804.463333333333,0.0,15.0,51.0,43.321974453555505,49.0,0.8494504794814806,0.527668345562516,10.0
0.0,1.0,0.0,0.0,747.3099999999996,0.0,15.0,64.0,54.93769749068107,50.0,0.8584015232918917,0.512978386299228,12.44
0.0,1.0,0.0,0.0,866.2466666666663,1.0,29.0,81.0,70.23498273477786,45.0,0.8670985522812081,0.4981366284784055,15.52
0.0,1.0,0.0,0.0,595.5366666666663,14.0,24.0,49.0,42.90141065007288,43.0,0.8755389928586302,0.4831474640149687,12.78
0.0,1.0,0.0,0.0,977.0333333333328,0.0,24.0,35.0,30.930212157669917,48.0,0.8837203473619977,0.4680153284438345,16.17
0.0,1.0,0.0,0.0,1046.4199999999996,0.0,36.0,71.0,63.306453830579,46.0,0.8916401947968874,0.45274469960737107,21.34
0.0,1.0,0.0,0.0,1211.1766666666663,0.0,36.0,73.0,67.20809362714772,47.0,0.9206588168102428,0.3903682146763026,17.96
0.0,1.0,0.0,0.0,878.1466666666662,0.0,36.0,60.0,55.63425277307722,47.0,0.9272375462179537,0.374473674486883,17.25
0.0,1.0,0.0,0.0,776.8899999999995,0.0,50.0,60.0,56.37419915718373,43.0,0.9395699859530622,0.342356891994542,18.97
0.0,1.0,0.0,0.0,1558.1266666666663,0.0,83.0,85.0,81.67526117238731,41.0,0.9608854255574977,0.27694620226893646,15.6
0.0,1.0,0.0,0.0,1569.8266666666661,0.0,83.0,57.0,55.51185744715457,46.0,0.9738922359149924,0.22701082094141847,18.93
0.0,1.0,0.0,0.0,1556.6866666666663,0.0,83.0,61.0,59.63683815338151,48.0,0.9776530844816641,0.2102247521189836,16.62
0.0,1.0,0.0,0.0,1635.4766666666662,0.0,113.0,66.0,64.754225564933,47.0,0.981124629771712,0.19337647441020586,14.02
0.0,1.0,0.0,0.0,1639.1699999999994,0.0,113.0,60.0,59.05835066994198,46.0,0.984305844499033,0.17647097349152166,18.67
0.0,1.0,0.0,0.0,1671.706666666666,0.0,113.0,60.0,59.23174723746051,47.0,0.9871957872910085,0.15951325197263655,19.42
0.0,1.0,0.0,0.0,1488.9666666666662,0.0,117.0,25.0,24.802463069794225,44.0,0.992098522791769,0.12546123335273648,16.6
0.0,1.0,0.0,0.0,1465.6999999999996,15.0,102.0,59.0,58.65248201743227,42.0,0.9941098647022418,0.10837701279187609,18.02
0.0,1.0,0.0,0.0,2058.143333333333,9.0,93.0,75.0,74.68702751325446,48.0,0.9958270335100595,0.09126072172931188,22.71
0.0,1.0,0.0,0.0,1289.2099999999996,0.0,122.0,77.0,76.78821312295557,47.0,0.9972495210773451,0.07411742515094437,12.08
0.0,1.0,0.0,0.0,1268.7433333333329,12.0,134.0,76.0,75.87664489150279,43.0,0.998376906467142,0.056952196034039754,12.42
0.0,1.0,0.0,0.0,577.3533333333329,0.0,166.0,54.0,53.95727822767066,44.0,0.9992088560679753,0.03977011384605572,14.22
0.0,1.0,0.0,0.0,585.3466666666662,0.0,169.0,54.0,53.986236679398964,53.0,0.9997451236925734,0.022576263041545485,16.76
0.0,1.0,0.0,0.0,622.9333333333329,14.0,180.0,32.0,31.999537620822995,41.0,0.9999855506507186,0.005375731557583884,14.81
0.0,1.0,0.0,0.0,763.8133333333329,33.0,150.0,69.0,68.99517453993819,47.0,0.9999300657962057,-0.011826390691832589,19.71
0.0,1.0,0.0,0.0,933.413333333333,0.0,150.0,66.0,65.92947991640061,51.0,0.9989315138848577,-0.046215046983708354,24.67
0.0,1.0,0.0,0.0,1064.3933333333327,0.0,150.0,63.0,62.8732907658827,43.0,0.9979887423155984,-0.06339140486951038,27.33
0.0,1.0,0.0,0.0,1023.2199999999997,30.0,120.0,54.0,53.741750549781386,47.0,0.9952176027737294,-0.09768276782171598,21.8
0.0,1.0,0.0,0.0,1094.1766666666663,0.0,150.0,58.0,57.49357571316608,44.0,0.9912685467787256,-0.13185851571739118,14.4
0.0,1.0,0.0,0.0,1088.2233333333327,0.0,168.0,63.0,62.297783504497076,41.0,0.9888537064205885,-0.1488903868564548,27.32
0.0,1.0,0.0,0.0,1006.7699999999996,4.0,164.0,36.0,35.50126494029742,51.0,0.986146248341595,-0.16587819893463143,22.47
0.0,1.0,0.0,0.0,654.2599999999996,0.0,185.0,38.0,37.09851122130342,44.0,0.9762766110869321,-0.21652708524481437,12.32
0.0,1.0,0.0,0.0,462.3266666666662,0.0,185.0,36.0,34.69706723292231,47.0,0.9638074231367307,-0.26659942067929354,21.47
0.0,1.0,0.0,0.0,442.4833333333329,29.0,160.0,31.0,29.731445591057504,49.0,0.9590788900341131,-0.28313898122818354,22.94
0.0,1.0,0.0,0.0,495.7233333333329,24.0,165.0,44.0,41.9789282025449,44.0,0.9540665500578387,-0.2995947563972602,16.34
0.0,1.0,0.0,0.0,661.8566666666662,32.0,133.0,34.0,32.258244138958204,48.0,0.9487718864399473,-0.31596187665790293,18.47
0.0,1.0,0.0,0.0,1115.5099999999995,3.0,130.0,26.0,24.52310811487125,51.0,0.9431964659565866,-0.33223549871590435,19.42
0.0,1.0,0.0,0.0,1086.4099999999996,25.0,109.0,22.0,20.6215226462163,51.0,0.9373419384643772,-0.3484108069446808,25.27
0.0,1.0,0.0,0.0,1254.0366666666662,3.0,106.0,79.0,73.0594033719522,51.0,0.9248025743285089,-0.38044736628785164,27.81
0.0,1.0,0.0,0.0,941.8833333333329,0.0,119.0,65.0,59.67789413848837,50.0,0.9181214482844364,-0.39629913726891813,19.97
0.0,1.0,0.0,0.0,1046.103333333333,0.0,119.0,51.0,46.46960040196582,44.0,0.9111686353326631,-0.41203363695942635,20.69
0.0,1.0,0.0,0.0,695.7999999999996,0.0,131.0,33.0,29.327134578366618,43.0,0.8887010478292915,-0.45848712914008766,22.36
0.0,1.0,0.0,0.0,682.4899999999996,30.0,101.0,52.0,45.79550853436767,44.0,0.8806828564301475,-0.47370635037968,25.5
0.0,1.0,0.0,0.0,2079.6333333333328,18.0,83.0,78.0,66.69581166999608,38.0,0.8550745085896932,-0.518505144391157,31.1
0.0,1.0,0.0,0.0,2368.2999999999993,0.0,98.0,62.0,52.453791061687504,46.0,0.8460288880917339,-0.533137056031809,32.31
0.0,1.0,0.0,0.0,2361.4233333333327,21.0,110.0,65.0,54.38763941224199,46.0,0.8367329140344921,-0.5476112038402312,19.77
0.0,1.0,0.0,0.0,969.6199999999994,0.0,117.0,35.0,28.951626803618737,41.0,0.8271893372462497,-0.5619233046832195,31.8
0.0,1.0,0.0,0.0,1027.996666666666,4.0,133.0,75.0,61.30507363686892,40.0,0.8174009818249189,-0.5760691233798758,32.63
0.0,1.0,0.0,0.0,2030.2699999999995,29.0,104.0,67.0,54.0938398682574,48.0,0.8073707443023492,-0.5900444739548627,31.07
0.0,1.0,0.0,0.0,2340.9299999999994,0.0,104.0,72.0,57.391314680677986,48.0,0.7971015927871943,-0.6038452208771035,33.83
0.0,1.0,0.0,0.0,2251.6933333333327,0.0,104.0,60.0,47.195793965196124,47.0,0.7865965660866021,-0.6174672802835514,30.85
0.0,1.0,0.0,0.0,1460.1933333333327,4.0,104.0,70.0,54.310114096488796,45.0,0.7758587728069828,-0.6309066211876704,32.43
0.0,1.0,0.0,0.0,1413.5033333333329,0.0,113.0,87.0,66.54555096776865,45.0,0.7648913904341225,-0.6441592666722685,26.0
0.0,1.0,0.0,0.0,1822.2599999999993,13.0,108.0,20.0,15.073953287858279,43.0,0.753697664392914,-0.6572212950663319,29.9
0.0,1.0,0.0,0.0,1754.4599999999994,0.0,114.0,66.0,48.990539867740814,45.0,0.742280907086982,-0.6700888411055113,29.24
0.0,1.0,0.0,0.0,1691.4633333333325,12.0,102.0,72.0,52.6064037781314,44.0,0.7306444969184916,-0.6827580970759147,27.89
0.0,1.0,0.0,0.0,1272.9199999999994,0.0,118.0,75.0,53.90939079663174,46.0,0.7187918772884232,-0.6952253139408722,24.28
0.0,1.0,0.0,0.0,1456.366666666666,0.0,118.0,78.0,55.12467133505403,46.0,0.7067265555776158,-0.7074868024503348,35.09
0.0,1.0,0.0,0.0,1698.136666666666,15.0,144.0,82.0,55.92171622541796,46.0,0.6819721490904629,-0.7313781428679254,23.99
0.0,1.0,0.0,0.0,1625.1699999999994,33.0,145.0,19.0,12.716517401283879,45.0,0.6692903895412567,-0.7430009249440493,23.32
0.0,1.0,0.0,0.0,1741.386666666666,7.0,176.0,73.0,46.9635659895279,42.0,0.6433365204044917,-0.765583517007675,20.38
0.0,1.0,0.0,0.0,1625.7933333333328,20.0,173.0,78.0,49.14562309678075,43.0,0.6300720909843687,-0.7765366444428655,33.67
0.0,1.0,0.0,0.0,1887.486666666666,0.0,180.0,88.0,54.262666752416166,40.0,0.6166212130956382,-0.7872599821916922,32.48
0.0,1.0,0.0,0.0,1768.3799999999992,0.0,182.0,78.0,45.95573480411911,46.0,0.5891760872322963,-0.8080046647350754,34.41
0.0,1.0,0.0,0.0,1378.2433333333327,0.0,184.0,23.0,13.229369096375482,45.0,0.5751899607119775,-0.8180198708443174,34.22
0.0,1.0,0.0,0.0,1407.966666666666,4.0,180.0,72.0,40.39442108844248,46.0,0.5610336262283677,-0.8277930117131022,32.31
0.0,1.0,0.0,0.0,1172.2999999999995,9.0,206.0,85.0,45.239306802032374,41.0,0.5322271388474397,-0.8466016020976267,21.05
0.0,1.0,0.0,0.0,1488.946666666666,8.0,316.0,67.0,34.678229186963655,44.0,0.5175855102531889,-0.8556314858488706,14.06
0.0,1.0,0.0,0.0,1955.4599999999994,6.0,311.0,73.0,36.703722543889214,48.0,0.5027907197793043,-0.8644081744776648,33.52
0.0,1.0,0.0,0.0,2146.2699999999995,0.0,326.0,82.0,40.00346592626958,44.0,0.4878471454423119,-0.8729290708206411,31.96
0.0,1.0,0.0,0.0,2628.476666666666,16.0,339.0,33.0,15.60105390644716,43.0,0.47275920928627757,-0.881191653407483,22.03
0.0,1.0,0.0,0.0,2095.9499999999994,0.0,339.0,80.0,36.6025100859401,45.0,0.4575313760742512,-0.8891934772070711,31.06
0.0,1.0,0.0,0.0,1938.1533333333327,41.0,298.0,59.0,26.08792096605725,49.0,0.44216815196707204,-0.8969321743510065,29.9
0.0,1.0,0.0,0.0,1340.8266666666661,34.0,297.0,87.0,37.12064523752345,46.0,0.42667408318992467,-0.9044054548343001,19.64
0.0,1.0,0.0,0.0,2343.9066666666663,38.0,273.0,56.0,22.137460170835244,44.0,0.3953117887649151,-0.9185469991587165,24.21
0.0,1.0,0.0,0.0,2529.4399999999996,17.0,280.0,73.0,27.70005759189174,44.0,0.37945284372454435,-0.925211078289358,23.55
0.0,1.0,0.0,0.0,2311.356666666666,7.0,284.0,28.0,10.177485149521377,46.0,0.36348161248290634,-0.9316013725767187,25.25
0.0,1.0,0.0,0.0,1221.9766666666662,2.0,282.0,72.0,23.84792840172143,49.0,0.3312212278016865,-0.9435531242349544,28.97
0.0,1.0,0.0,0.0,1054.2633333333326,2.0,309.0,87.0,27.399921003418818,41.0,0.31494162072895193,-0.9491110448902284,23.37
0.0,1.0,0.0,0.0,1003.4666666666661,0.0,373.0,61.0,18.21269785918693,46.0,0.2985688173637202,-0.9543881083175908,7.8
0.0,1.0,0.0,0.0,966.9166666666661,35.0,348.0,76.0,21.440182363825873,45.0,0.2821076626819194,-0.9593827529490743,25.51
0.0,1.0,0.0,0.0,886.7766666666661,118.0,238.0,63.0,16.730470751655524,37.0,0.26556302780405594,-0.9640935007889755,27.25
0.0,1.0,0.0,0.0,1306.576666666666,1.0,249.0,77.0,16.59175325859822,45.0,0.21547731504673012,-0.976508846196619,31.1
0.0,1.0,0.0,0.0,1010.606666666666,15.0,245.0,25.0,3.2698168964189804,49.0,0.13079267585675922,-0.9914097417023038,24.76
0.0,1.0,0.0,0.0,1143.7266666666662,29.0,218.0,79.0,8.983841652290025,44.0,0.11371951458594969,-0.9935128947338007,27.42
0.0,1.0,0.0,0.0,1071.5333333333326,0.0,222.0,69.0,6.666276429803014,46.0,0.0966127018812031,-0.9953220513156602,29.51
0.0,1.0,0.0,0.0,1500.2533333333329,0.0,227.0,89.0,7.073479693202267,46.0,0.07947729992362097,-0.9968366760893436,28.42
0.0,1.0,0.0,0.0,1617.0599999999995,33.0,210.0,73.0,4.54924169286573,47.0,0.062318379354325076,-0.998056320853012,25.95
0.0,1.0,0.0,0.0,1546.5033333333329,14.0,205.0,68.0,1.9006202803343017,43.0,0.02795029824021032,-0.999609314096404,26.07
0.0,1.0,0.0,0.0,1206.3266666666661,24.0,181.0,35.0,0.37629577172326756,49.0,0.01075130776352193,-0.9999422030204416,28.43
0.0,1.0,0.0,0.0,830.7999999999994,11.0,205.0,64.0,-0.4128553086787296,46.0,-0.00645086419810515,-0.9999791929590823,15.47
0.0,1.0,0.0,0.0,1537.7533333333329,0.0,215.0,58.0,-2.3689747095111744,45.0,-0.04084439154329611,-0.9991655196610109,24.67
0.0,1.0,0.0,0.0,1581.7633333333326,29.0,196.0,51.0,-2.959304035767798,48.0,-0.05802556932878035,-0.9983150972033183,23.43
0.0,1.0,0.0,0.0,1609.216666666666,64.0,168.0,75.0,-5.6392182311068915,50.0,-0.07518957641475855,-0.9971692572470178,14.43
0.0,1.0,0.0,0.0,762.686666666666,10.0,191.0,60.0,-5.539880021723473,49.0,-0.09233133369539122,-0.9957283388645872,17.98
0.0,1.0,0.0,0.0,813.6599999999994,8.0,205.0,56.0,-7.085557742966255,41.0,-0.12652781683868314,-0.9919630595773397,16.96
0.0,1.0,0.0,0.0,851.2733333333326,12.0,193.0,58.0,-8.327200557885057,49.0,-0.1435724234118113,-0.9896398128792412,21.05
0.0,1.0,0.0,0.0,862.206666666666,11.0,182.0,58.0,-9.313323586509638,49.0,-0.16057454459499376,-0.9870237158387383,19.29
0.0,1.0,0.0,0.0,1546.9999999999993,2.0,213.0,62.0,-11.006807249596168,39.0,-0.17752914918703497,-0.984115542601034,13.6
0.0,1.0,0.0,0.0,1612.1133333333328,4.0,228.0,90.0,-17.498809804289575,44.0,-0.19443122004766195,-0.9809161537413774,18.27
0.0,1.0,0.0,0.0,1633.6799999999994,5.0,223.0,55.0,-11.62016655701986,50.0,-0.2112757555821793,-0.9774264960104055,21.75
0.0,1.0,0.0,0.0,1249.866666666666,16.0,214.0,20.0,-4.561155424430396,45.0,-0.2280577712215198,-0.9736476020539838,21.7
0.0,1.0,0.0,0.0,1335.8599999999994,9.0,261.0,69.0,-16.88928876191091,42.0,-0.24477230089725957,-0.9695805901076308,18.61
0.0,1.0,0.0,0.0,1332.026666666666,0.0,261.0,68.0,-17.77617909875862,49.0,-0.2614143985111562,-0.965226663665613,17.47
0.0,1.0,0.0,0.0,999.7733333333327,35.0,235.0,59.0,-17.37323568542127,50.0,-0.2944616217868012,-0.9556633054034704,21.56
0.0,1.0,0.0,0.0,857.2099999999995,10.0,245.0,56.0,-17.407990221636204,50.0,-0.3108569682435036,-0.9504567035349151,22.62
0.0,1.0,0.0,0.0,952.9333333333328,10.0,240.0,64.0,-20.938260935814085,51.0,-0.3271603271220951,-0.9449688462364056,24.36
0.0,1.0,0.0,0.0,796.9166666666661,36.0,204.0,24.0,-8.240804975913314,48.0,-0.34336687399638804,-0.939201357453208,24.92
0.0,1.0,0.0,0.0,837.206666666666,33.0,191.0,75.0,-29.351837742076942,39.0,-0.3913578365610259,-0.9202385798054075,21.4
0.0,1.0,0.0,0.0,1799.196666666666,22.0,169.0,59.0,-24.020639635900842,45.0,-0.4071294853542516,-0.9133704517637858,24.42
0.0,1.0,0.0,0.0,1909.8699999999992,0.0,212.0,55.0,-23.25293618904725,45.0,-0.4227806579826773,-0.9062320427107697,20.75
0.0,1.0,0.0,0.0,1984.9266666666663,0.0,220.0,74.0,-34.703424134564756,44.0,-0.46896519100763184,-0.8832166493127127,25.18
0.0,1.0,0.0,0.0,1556.406666666666,33.0,187.0,68.0,-32.91801947145036,45.0,-0.48408852163897587,-0.8750190302029955,23.82
0.0,1.0,0.0,0.0,1429.3099999999995,19.0,252.0,76.0,-37.92921380432843,41.0,-0.4990686026885319,-0.8665624788845385,7.53
0.0,1.0,0.0,0.0,1426.3499999999995,0.0,252.0,87.0,-44.70938711390999,49.0,-0.5139010013093103,-0.8578494977869301,20.03
0.0,1.0,0.0,0.0,703.8766666666661,7.0,245.0,45.0,-23.786159776016813,46.0,-0.5285813283559292,-0.8488826652214553,18.18
0.0,1.0,0.0,0.0,903.9199999999993,56.0,189.0,67.0,-36.38805105878993,49.0,-0.5431052396834317,-0.8396646346181327,20.63
0.0,1.0,0.0,0.0,1740.1233333333328,0.0,191.0,55.0,-31.441666921648785,50.0,-0.5716666713027052,-0.8204859638785327,17.09
0.0,1.0,0.0,0.0,1788.9533333333327,9.0,188.0,57.0,-33.38465716901899,50.0,-0.5856957398073508,-0.8105309990194823,17.58
0.0,1.0,0.0,0.0,1627.026666666666,20.0,189.0,60.0,-35.97308949117894,50.0,-0.5995514915196489,-0.8003361849976323,11.55
0.0,1.0,0.0,0.0,636.8233333333327,5.0,217.0,57.0,-34.954100099085764,49.0,-0.6132298262997502,-0.7899045386224707,19.19
0.0,1.0,0.0,0.0,730.386666666666,0.0,233.0,56.0,-35.842134059443616,40.0,-0.6400381082043503,-0.7683431655492202,18.64
0.0,1.0,0.0,0.0,863.6433333333329,20.0,213.0,63.0,-41.96359791924155,48.0,-0.666088855860977,-0.7458723993404063,20.41
0.0,1.0,0.0,0.0,906.246666666666,0.0,229.0,67.0,-46.320532826030274,43.0,-0.6913512362094071,-0.722518835873311,20.3
0.0,1.0,0.0,0.0,844.1466666666661,43.0,199.0,66.0,-46.44270889361484,46.0,-0.7036774074790128,-0.7105196029692745,18.06
0.0,1.0,0.0,0.0,802.5633333333327,8.0,216.0,65.0,-47.30059592221754,46.0,-0.7277014757264236,-0.6858939875998223,17.22
0.0,1.0,0.0,0.0,652.9633333333327,0.0,216.0,32.0,-23.660552435069572,48.0,-0.7393922635959241,-0.673274892250183,19.12
0.0,1.0,0.0,0.0,652.9466666666661,84.0,149.0,74.0,-55.56395475152222,45.0,-0.7508642533989489,-0.6604565640279754,15.86
0.0,1.0,0.0,0.0,729.866666666666,0.0,149.0,68.0,-52.573406138800976,48.0,-0.7731383255706026,-0.6342374393978054,20.9
0.0,1.0,0.0,0.0,837.7333333333327,0.0,150.0,65.0,-51.642326395828945,42.0,-0.7944973291665992,-0.6072676460566135,18.08
0.0,1.0,0.0,0.0,1177.796666666666,0.0,153.0,16.0,-13.038655746657266,50.0,-0.8149159841660791,-0.5795791048257612,19.19
0.0,1.0,0.0,0.0,1227.166666666666,2.0,163.0,77.0,-63.50691150444883,45.0,-0.8247650844733614,-0.5654755126737576,22.21
0.0,1.0,0.0,0.0,1445.9433333333327,6.0,172.0,72.0,-60.74843465010753,49.0,-0.8437282590292712,-0.5367705514607103,21.62
0.0,1.0,0.0,0.0,1093.9099999999992,21.0,151.0,52.0,-44.34750953201189,47.0,-0.8528367217694595,-0.522177676659508,21.54
0.0,1.0,0.0,0.0,949.7933333333327,33.0,125.0,61.0,-52.56326180057398,44.0,-0.8616928164028522,-0.5074302810827518,17.16
0.0,1.0,0.0,0.0,667.2166666666661,16.0,113.0,52.0,-45.2552839579655,44.0,-0.8702939222685674,-0.49253272872205434,16.21
0.0,1.0,0.0,0.0,710.5499999999994,0.0,164.0,78.0,-69.16424292047346,48.0,-0.886721063082993,-0.46230483047981086,16.62
0.0,1.0,0.0,0.0,812.1666666666661,16.0,161.0,56.0,-50.09436527068118,42.0,-0.8945422369764496,-0.4469834295196741,18.93
0.0,1.0,0.0,0.0,754.2133333333328,13.0,173.0,50.0,-45.82043183471729,39.0,-0.9164086366943458,-0.4002439388573056,12.68
0.0,1.0,0.0,0.0,756.296666666666,25.0,148.0,74.0,-69.69016112336016,44.0,-0.9417589340994617,-0.33628873017668287,17.77
0.0,1.0,0.0,0.0,782.546666666666,0.0,148.0,67.0,-63.83554257852903,49.0,-0.9527692922168511,-0.30369503751065885,23.36
0.0,1.0,0.0,0.0,811.3233333333327,17.0,153.0,47.0,-45.24464281165899,42.0,-0.9626519747161487,-0.2707418984477642,15.85
0.0,1.0,0.0,0.0,631.1333333333326,0.0,192.0,35.0,-33.85083554292059,44.0,-0.9671667297977312,-0.2541427094613622,14.63
0.0,1.0,0.0,0.0,1168.2899999999993,1.0,203.0,58.0,-56.3409265116575,42.0,-0.97139528468375,-0.23746831555846842,23.5
0.0,1.0,0.0,0.0,1331.5299999999995,3.0,200.0,70.0,-68.27354716537486,46.0,-0.9753363880767837,-0.2207236509605022,20.53
0.0,1.0,0.0,0.0,1524.5733333333328,12.0,218.0,40.0,-39.159554949637275,44.0,-0.9789888737409319,-0.20391367068311472,16.23
0.0,1.0,0.0,0.0,1026.166666666666,15.0,203.0,78.0,-76.62342954606005,48.0,-0.9823516608469237,-0.18704334906991657,22.72
0.0,1.0,0.0,0.0,980.1599999999994,0.0,227.0,77.0,-76.09172686454895,47.0,-0.9882042449941422,-0.15314166701312007,15.99
0.0,1.0,0.0,0.0,901.5633333333327,7.0,258.0,63.0,-62.6716632533876,45.0,-0.994788305609327,-0.10196189005174576,16.57
0.0,1.0,0.0,0.0,1945.3466666666661,4.0,262.0,58.0,-57.92596439666304,49.0,-0.9987235240803972,-0.050510617185222886,22.31
0.0,1.0,0.0,0.0,1893.5699999999997,51.0,238.0,67.0,-66.96278934516305,43.0,-0.9994446170919858,-0.033323525711631344,15.61
0.0,1.0,0.0,0.0,1849.9633333333325,13.0,225.0,31.0,-30.995968709217635,50.0,-0.9998699583618592,-0.016126573270657762,25.48
0.0,1.0,0.0,0.0,2015.9766666666658,25.0,200.0,58.0,-57.99031224666609,45.0,-0.999832969770105,0.018276557681691223,25.97
0.0,1.0,0.0,0.0,1904.8333333333328,0.0,290.0,64.0,-63.9597216546558,46.0,-0.9993706508539969,0.03547255575312556,8.02
0.0,1.0,0.0,0.0,2033.7999999999993,0.0,315.0,66.0,-65.90843173754224,44.0,-0.9986126020839734,0.052658056924614005,21.91
0.0,1.0,0.0,0.0,581.936666666666,22.0,411.0,76.0,-75.81448763119346,44.0,-0.9975590477788613,0.06982797572987089,9.74
0.0,1.0,0.0,0.0,1154.4599999999994,39.0,374.0,71.0,-70.73093127886541,45.0,-0.9962102997023297,0.0869772313136861,25.54
0.0,1.0,0.0,0.0,964.6699999999995,12.0,370.0,21.0,-20.885901896383306,50.0,-0.9945667569706337,0.1041007489354256,25.57
0.0,1.0,0.0,0.0,1295.6133333333328,0.0,374.0,81.0,-80.40294138069527,45.0,-0.9926289059345095,0.121193461470736,26.75
0.0,1.0,0.0,0.0,1178.3733333333328,30.0,348.0,69.0,-68.33741508243266,49.0,-0.9903973200352558,0.1382503109109819,26.54
0.0,1.0,0.0,0.0,1398.446666666666,0.0,401.0,74.0,-72.8941197147911,45.0,-0.9850556718215013,0.172236243027682,20.95
0.0,1.0,0.0,0.0,1086.653333333333,24.0,417.0,53.0,-52.043201079892235,46.0,-0.981947190186646,0.18915526872004093,14.96
0.0,1.0,0.0,0.0,1129.193333333333,38.0,379.0,72.0,-70.45546568977463,46.0,-0.9785481345802031,0.20601832032517084,21.04
0.0,1.0,0.0,0.0,1764.4933333333329,8.0,374.0,52.0,-50.485885345031946,50.0,-0.9708824104813836,0.23955655912092708,23.29
0.0,1.0,0.0,0.0,1728.1999999999996,27.0,411.0,65.0,-62.83017067600632,42.0,-0.9666180104000972,0.2562218218071163,10.14
0.0,1.0,0.0,0.0,1351.1599999999996,0.0,434.0,64.0,-61.572324639881295,49.0,-0.9620675724981452,0.27281126433401914,16.05
0.0,1.0,0.0,0.0,1982.076666666666,0.0,434.0,55.0,-52.64778438278216,50.0,-0.957232443323312,0.28931997761869527,22.04
0.0,1.0,0.0,0.0,2117.5866666666657,90.0,404.0,72.0,-68.1634021065398,41.0,-0.9467139181463862,0.3220757010206104,18.33
0.0,1.0,0.0,0.0,2002.026666666666,25.0,416.0,30.0,-28.23100904235359,46.0,-0.9410336347451197,0.3383130181923076,17.37
0.0,1.0,0.0,0.0,822.2599999999993,118.0,300.0,72.0,-66.8764389784181,45.0,-0.9288394302558068,0.3704825404820963,26.94
0.0,1.0,0.0,0.0,802.2866666666661,2.0,329.0,52.0,-47.96111411671083,40.0,-0.9223291176290545,0.3864052261209853,23.73
0.0,1.0,0.0,0.0,916.7399999999994,8.0,347.0,21.0,-18.7651594163039,46.0,-0.8935790198239952,0.4489059314938798,17.9
0.0,1.0,0.0,0.0,988.4099999999993,4.0,365.0,55.0,-48.714870511096,48.0,-0.8857249183835637,0.4642104791518923,18.29
0.0,1.0,0.0,0.0,1130.246666666666,4.0,376.0,63.0,-55.28934915145987,45.0,-0.8776087166898392,0.4793776594606945,28.21
0.0,1.0,0.0,0.0,1515.5133333333326,53.0,366.0,54.0,-46.93857208870388,44.0,-0.8692328164574792,0.49440298420761813,15.85
0.0,1.0,0.0,0.0,1338.7999999999993,40.0,328.0,52.0,-44.75118420500614,49.0,-0.8605996962501181,0.5092820071573356,27.17
0.0,1.0,0.0,0.0,1445.7666666666657,0.0,360.0,71.0,-60.47154566303124,42.0,-0.8517119107469189,0.5240103253675756,20.04
0.0,1.0,0.0,0.0,1307.9433333333327,3.0,384.0,62.0,-52.239469579169395,43.0,-0.8425720899866032,0.5385835804920232,20.23
0.0,1.0,0.0,0.0,1518.086666666666,64.0,361.0,31.0,-25.828671096264532,37.0,-0.8331829385891785,0.5529974600700271,19.32
0.0,1.0,0.0,0.0,1484.496666666666,23.0,380.0,65.0,-53.53057027211404,47.0,-0.8235472349556007,0.5672476988027229,23.72
0.0,1.0,0.0,0.0,1940.1399999999994,0.0,386.0,65.0,-52.230597154704256,44.0,-0.8035476485339116,0.5952404359043674,25.57
0.0,1.0,0.0,0.0,1787.0899999999995,60.0,334.0,83.0,-64.95555114672602,44.0,-0.7825970017677834,0.6225286602431057,21.08
0.0,1.0,0.0,0.0,1942.5333333333328,37.0,297.0,73.0,-56.3394097679152,46.0,-0.7717727365467836,0.6358984534680745,28.18
0.0,1.0,0.0,0.0,1102.6833333333327,2.0,323.0,20.0,-15.214401827128208,47.0,-0.7607200913564104,0.6490800741100398,21.25
0.0,1.0,0.0,0.0,1027.1999999999994,31.0,295.0,48.0,-35.42125489455065,50.0,-0.7379428103031386,0.6748632518680403,27.38
0.0,1.0,0.0,0.0,629.356666666666,26.0,291.0,65.0,-47.20461944927003,44.0,-0.7262249146041543,0.6874571793269664,16.43
0.0,1.0,0.0,0.0,985.5166666666661,22.0,287.0,73.0,-50.355108340587975,46.0,-0.6897960046655887,0.7240037789593305,28.3
0.0,1.0,0.0,0.0,847.1999999999994,15.0,272.0,25.0,-16.93099845477373,46.0,-0.6772399381909491,0.7357622347736527,29.48
0.0,1.0,0.0,0.0,842.8999999999993,43.0,256.0,60.0,-39.869007931371314,41.0,-0.6644834655228552,0.7473029667054296,17.88
0.0,1.0,0.0,0.0,531.9833333333328,2.0,439.0,62.0,-40.39488241342173,43.0,-0.6515303615068021,0.75862255966641,10.6
0.0,1.0,0.0,0.0,806.4499999999994,32.0,410.0,77.0,-49.15560335644915,50.0,-0.6383844591746642,0.7697176640069211,25.0
0.0,1.0,0.0,0.0,793.9433333333327,27.0,421.0,43.0,-26.29578465936153,44.0,-0.6115298757991053,0.7912213413483807,22.65
0.0,1.0,0.0,0.0,979.7299999999994,41.0,391.0,64.0,-38.26106505337313,49.0,-0.5978291414589552,0.801623551065242,22.47
0.0,1.0,0.0,0.0,966.4499999999995,42.0,351.0,65.0,-37.04356874482956,44.0,-0.5699010576127624,0.8217133225960589,29.58
0.0,1.0,0.0,0.0,1124.926666666666,6.0,346.0,64.0,-35.56364623846713,49.0,-0.5556819724760489,0.8313949395234058,24.92
0.0,1.0,0.0,0.0,1417.946666666666,8.0,390.0,60.0,-32.47790712621703,43.0,-0.5412984521036173,0.8408305333122887,25.43
0.0,1.0,0.0,0.0,1304.426666666666,0.0,402.0,60.0,-31.60528516863325,52.0,-0.5267547528105542,0.8500173118187018,22.25
0.0,1.0,0.0,0.0,1179.4933333333327,28.0,434.0,51.0,-26.114814093884696,47.0,-0.5120551783114646,0.8589525565270845,21.31
0.0,1.0,0.0,0.0,666.1266666666661,3.0,521.0,59.0,-29.33504062836933,47.0,-0.4972040784469378,0.8676336233547726,8.14
0.0,1.0,0.0,0.0,1160.0133333333329,22.0,499.0,27.0,-13.01955789320152,41.0,-0.4822058478963526,0.8760579434344281,17.67
0.0,1.0,0.0,0.0,1289.2199999999996,18.0,482.0,77.0,-33.600718236053616,48.0,-0.4363729641045924,0.8997658785476209,21.26
0.0,1.0,0.0,0.0,1945.7966666666662,0.0,527.0,52.0,-21.068555165879328,48.0,-0.4051645224207563,0.9142437912130223,15.83
0.0,1.0,0.0,0.0,1571.1933333333327,27.0,500.0,70.0,-27.256469908164107,44.0,-0.3893781415452015,0.9210779895789526,17.79
0.0,1.0,0.0,0.0,1376.746666666666,185.0,324.0,33.0,-12.324725734631334,47.0,-0.37347653741307074,0.9276396261490467,24.33
0.0,1.0,0.0,0.0,985.0799999999994,3.0,324.0,74.0,-25.259642054132676,46.0,-0.34134651424503615,0.9399375283564133,22.42
0.0,1.0,0.0,0.0,833.6666666666661,38.0,286.0,53.0,-17.23176295899519,48.0,-0.3251276029999093,0.9456701548465688,23.28
0.0,1.0,0.0,0.0,944.496666666666,11.0,275.0,57.0,-16.667140686211408,43.0,-0.29240597695107734,0.9562942772197719,23.32
0.0,1.0,0.0,0.0,819.1666666666661,2.0,307.0,59.0,-16.278863755174665,49.0,-0.27591294500296043,0.9611826292540837,18.07
0.0,1.0,0.0,0.0,625.9866666666661,1.0,321.0,18.0,-4.668088787557301,45.0,-0.2593382659754056,0.9657865518844574,22.89
0.0,1.0,0.0,0.0,552.9599999999994,52.0,303.0,60.0,-13.557816494881143,44.0,-0.22596360824801906,0.974135744004672,16.45
0.0,1.0,0.0,0.0,1340.6466666666659,12.0,319.0,60.0,-12.550410338781383,42.0,-0.20917350564635637,0.9778785428342386,15.67
0.0,1.0,0.0,0.0,1455.656666666666,60.0,290.0,60.0,-11.53929031434569,47.0,-0.19232150523909483,0.9813319716704275,15.23
0.0,1.0,0.0,0.0,1459.536666666666,90.0,236.0,72.0,-12.629706753908046,42.0,-0.17541259380427843,0.9844950085880858,14.28
0.0,1.0,0.0,0.0,740.6333333333329,0.0,256.0,67.0,-10.616268922376033,45.0,-0.15845177496083632,0.9873667175937016,21.46
0.0,1.0,0.0,0.0,605.5566666666662,1.0,271.0,17.0,-2.404549150695014,46.0,-0.14144406768794202,0.9899462489023779,18.59
0.0,1.0,0.0,0.0,644.5766666666663,45.0,287.0,50.0,-5.365406582818124,43.0,-0.10730813165636247,0.9942258118156161,7.16
0.0,1.0,0.0,0.0,624.3733333333329,0.0,297.0,72.0,-6.4936803074648495,43.0,-0.09019000427034513,0.9959245770286599,19.12
0.0,1.0,0.0,0.0,815.6699999999995,9.0,303.0,58.0,-4.236620916240751,44.0,-0.07304518821104743,0.9973286321364752,21.0
0.0,1.0,0.0,0.0,807.3966666666662,3.0,315.0,60.0,-3.352725414322388,45.0,-0.05587875690537313,0.9984375616565666,19.37
0.0,1.0,0.0,0.0,2055.336666666666,0.0,356.0,76.0,-2.9408800534160435,39.0,-0.03869579017652689,0.9992510374388481,17.63
0.0,1.0,0.0,0.0,2159.7999999999997,0.0,367.0,31.0,-0.6665425549652276,45.0,-0.021501372740813793,0.999768818762748,24.19
0.0,1.0,0.0,0.0,2135.226666666666,34.0,379.0,67.0,-0.28813971109979225,48.0,-0.004300592702981974,0.9999907524084426,14.85
0.0,1.0,0.0,0.0,782.2433333333328,15.0,408.0,50.0,0.6450729974709827,47.0,0.012901459949419653,0.9999167727021953,16.9
0.0,1.0,0.0,0.0,756.3366666666661,34.0,386.0,66.0,3.404568213380952,47.0,0.051584366869408364,0.9986686402879997,22.92
0.0,1.0,0.0,0.0,761.2266666666661,28.0,358.0,56.0,3.850302874943807,46.0,0.06875540848113941,0.9976335468520451,18.7
0.0,1.0,0.0,0.0,658.5299999999994,31.0,328.0,20.0,1.7181220852266543,45.0,0.08590610426133272,0.9963032375991965,19.55
0.0,1.0,0.0,0.0,1305.5833333333328,36.0,295.0,63.0,6.490976879720264,46.0,0.10303137904317879,0.9946781061893646,17.97
0.0,1.0,0.0,0.0,1355.926666666666,20.0,275.0,59.0,7.08744374575868,48.0,0.1201261651823505,0.9927586335250793,21.12
0.0,1.0,0.0,0.0,1387.9999999999993,16.0,283.0,59.0,9.098038806198675,48.0,0.1542040475626894,0.988039023376751,8.83
0.0,1.0,0.0,0.0,778.1966666666661,61.0,222.0,53.0,9.969269133425271,47.0,0.18809941761179758,0.9821499931752291,17.42
0.0,1.0,0.0,0.0,620.2099999999994,10.0,212.0,31.0,6.353949533054355,46.0,0.20496611396949532,0.9787690698649216,17.71
0.0,1.0,0.0,0.0,770.4499999999994,15.0,197.0,62.0,13.749873768501875,44.0,0.22177215755648186,0.975098513039961,19.82
0.0,1.0,0.0,0.0,1845.6433333333325,15.0,182.0,68.0,16.2188551131972,48.0,0.23851257519407648,0.9711394088771653,17.62
0.0,1.0,0.0,0.0,2186.879999999999,41.0,150.0,45.0,11.483208590551776,44.0,0.2551824131233728,0.9668929289391521,17.71
0.0,1.0,0.0,0.0,3143.233333333332,11.0,139.0,59.0,17.009147801861545,44.0,0.2882906407095177,0.9575429528116719,16.39
0.0,1.0,0.0,0.0,1810.3633333333328,46.0,103.0,29.0,9.310671971372859,40.0,0.321057654185271,0.9470596510722283,19.86
0.0,1.0,0.0,0.0,1612.0966666666664,44.0,59.0,68.0,22.936472701260524,52.0,0.3373010691361842,0.9413968285264122,16.5
0.0,1.0,0.0,0.0,668.8433333333327,12.0,47.0,82.0,28.98246304447519,43.0,0.3534446712740877,0.9354554315134164,15.72
0.0,1.0,0.0,0.0,684.1433333333326,0.0,53.0,49.0,18.10470048892177,40.0,0.3694836834473831,0.9292372181882051,13.47
0.0,1.0,0.0,0.0,844.6399999999994,1.0,52.0,83.0,33.30200579214257,46.0,0.4012289854475009,0.9159777842484877,23.08
0.0,1.0,0.0,0.0,763.9833333333328,3.0,49.0,48.0,20.01244230377898,46.0,0.4169258813287287,0.908940487313808,18.73
0.0,1.0,0.0,0.0,803.4833333333327,0.0,49.0,34.0,14.704979672555279,49.0,0.4324994021339788,0.901634220265486,22.35
0.0,1.0,0.0,0.0,665.4633333333328,24.0,25.0,58.0,26.868959508914518,45.0,0.4632579225674917,0.88622350294858,22.38
0.0,1.0,0.0,0.0,712.6599999999995,0.0,28.0,54.0,26.647279650570816,50.0,0.49346814167723735,0.8697638720650646,20.26
0.0,1.0,0.0,0.0,719.3599999999993,0.0,32.0,75.0,39.23207275118495,44.0,0.5230943033491326,0.8522748088519838,11.0
0.0,1.0,0.0,0.0,505.3733333333328,0.0,32.0,24.0,12.904257041774738,45.0,0.5376773767406141,0.8431506618282,14.38
0.0,1.0,0.0,0.0,466.84999999999945,0.0,32.0,59.0,33.41535405180569,53.0,0.5663619330814524,0.8241566360566663,15.0
0.0,1.0,0.0,0.0,437.4499999999994,9.0,29.0,48.0,28.530055516079187,44.0,0.5943761565849831,0.804187157621448,14.62
0.0,1.0,0.0,0.0,559.3666666666661,0.0,45.0,65.0,39.52789749308022,45.0,0.6081214998935418,0.7938439653781019,14.05
0.0,1.0,0.0,0.0,917.0633333333329,10.0,40.0,84.0,52.22169878239002,48.0,0.6216868902665479,0.7832658619336791,20.62
0.0,1.0,0.0,0.0,953.5033333333328,0.0,48.0,49.0,31.7648286790099,39.0,0.6482618097757122,0.7614175109532997,18.47
0.0,1.0,0.0,0.0,1010.8966666666662,0.0,48.0,66.0,44.48858446920467,52.0,0.6740694616546161,0.7386679638813748,16.45
0.0,1.0,0.0,0.0,955.1733333333328,6.0,42.0,58.0,39.82720686001901,49.0,0.6866759803451553,0.726963615332308,18.67
0.0,1.0,0.0,0.0,965.4033333333327,0.0,63.0,79.0,55.22726474467894,50.0,0.6990793005655562,0.7150441465537444,10.86
0.0,1.0,0.0,0.0,1032.1933333333327,0.0,63.0,73.0,53.657458211704714,49.0,0.7350336741329413,0.6780306024735382,18.9
0.0,1.0,0.0,0.0,921.9366666666662,0.0,63.0,70.0,52.261168017268915,51.0,0.746588114532413,0.6652865452111116,15.0
0.0,1.0,0.0,0.0,1010.056666666666,0.0,63.0,64.0,49.21797499257076,44.0,0.7690308592589181,0.6392116531380588,20.53
0.0,1.0,0.0,0.0,1021.8166666666662,3.0,84.0,58.0,45.234926300169626,46.0,0.7799125224167177,0.6258885343075018,12.21
0.0,1.0,0.0,0.0,728.5199999999995,4.0,80.0,22.0,17.621567281522392,49.0,0.8009803309782905,0.5986906625177214,21.32
0.0,1.0,0.0,0.0,689.1299999999995,0.0,80.0,55.0,44.613813314320915,46.0,0.8111602420785621,0.5848239578463322,20.45
0.0,1.0,0.0,0.0,839.7066666666661,0.0,80.0,68.0,56.49419714322448,46.0,0.8307970168121247,0.5565755266413303,17.51
0.0,1.0,0.0,0.0,969.0766666666663,6.0,74.0,50.0,42.012403480392344,48.0,0.8402480696078469,0.5422021592729844,20.78
0.0,1.0,0.0,0.0,910.3433333333328,16.0,58.0,53.0,45.02087541251847,50.0,0.8494504794814806,0.527668345562516,15.26
0.0,1.0,0.0,0.0,788.1433333333329,5.0,66.0,83.0,72.66973640726631,49.0,0.8755389928586302,0.4831474640149687,19.11
0.0,1.0,0.0,0.0,794.9566666666661,8.0,58.0,60.0,53.02322084171986,42.0,0.8837203473619977,0.4680153284438345,19.07
0.0,1.0,0.0,0.0,888.8899999999994,0.0,58.0,79.0,70.4395753889541,43.0,0.8916401947968874,0.45274469960737107,16.27
0.0,1.0,0.0,0.0,758.1266666666661,0.0,58.0,53.0,47.66269815231034,45.0,0.8992961915530253,0.4373400963303323,19.55
0.0,1.0,0.0,0.0,749.0399999999995,21.0,53.0,51.0,46.240989676987724,47.0,0.9066860720977985,0.4218060770826634,20.78
0.0,1.0,0.0,0.0,716.0766666666663,0.0,53.0,54.0,49.34561308091972,50.0,0.9138076496466615,0.4061472386305789,19.96
0.0,1.0,0.0,0.0,817.7033333333329,0.0,53.0,59.0,55.07897157595735,47.0,0.9335418911179212,0.35846832151248087,25.08
0.0,1.0,0.0,0.0,1018.5033333333328,0.0,54.0,76.0,71.84432356539803,50.0,0.945320046913132,0.3261441535642696,24.75
0.0,1.0,0.0,0.0,1141.866666666666,24.0,30.0,74.0,70.35848756223116,49.0,0.9507903724625832,0.3098349038318025,21.61
0.0,1.0,0.0,0.0,1191.213333333333,0.0,30.0,73.0,69.7864921006176,44.0,0.9559793438440766,0.2934339689665273,23.45
0.0,1.0,0.0,0.0,918.076666666666,0.0,35.0,28.0,26.904791915609934,51.0,0.9608854255574977,0.27694620226893646,25.07
0.0,1.0,0.0,0.0,937.1133333333328,0.0,44.0,58.0,56.25090542410305,51.0,0.969843196967294,0.24372971360968387,20.33
0.0,1.0,0.0,0.0,716.7933333333327,0.0,65.0,56.0,54.74857273097319,40.0,0.9776530844816641,0.2102247521189836,14.0
0.0,1.0,0.0,0.0,926.7866666666661,0.0,80.0,72.0,70.87002080393037,46.0,0.984305844499033,0.17647097349152166,23.35
0.0,1.0,0.0,0.0,633.4266666666659,13.0,67.0,21.0,20.73111153311118,47.0,0.9871957872910085,0.15951325197263655,20.9
0.0,1.0,0.0,0.0,744.1833333333328,0.0,83.0,52.0,51.46926735428772,43.0,0.9897936029670716,0.14250832791617088,24.21
0.0,1.0,0.0,0.0,636.1799999999994,0.0,107.0,72.0,71.43109364100737,45.0,0.992098522791769,0.12546123335273648,16.83
0.0,1.0,0.0,0.0,835.4833333333328,0.0,111.0,66.0,65.61125107034796,50.0,0.9941098647022418,0.10837701279187609,19.64
0.0,1.0,0.0,0.0,834.9499999999994,16.0,95.0,57.0,56.84322270140867,48.0,0.9972495210773451,0.07411742515094437,21.23
0.0,1.0,0.0,0.0,833.4899999999993,0.0,118.0,67.0,66.89125273329851,44.0,0.998376906467142,0.056952196034039754,18.27
0.0,1.0,0.0,0.0,651.5099999999994,0.0,118.0,23.0,22.98180368956343,46.0,0.9992088560679753,0.03977011384605572,22.43
0.0,1.0,0.0,0.0,627.0699999999994,1.0,117.0,57.0,56.98547205047669,45.0,0.9997451236925734,0.022576263041545485,19.91
0.0,1.0,0.0,0.0,718.9699999999993,0.0,124.0,60.0,59.999133039043116,41.0,0.9999855506507186,0.005375731557583884,28.87
0.0,1.0,0.0,0.0,709.9633333333327,0.0,131.0,17.0,16.94476104696368,43.0,0.9967506498213929,-0.08054900421874167,29.53
0.0,1.0,0.0,0.0,882.6633333333326,5.0,138.0,65.0,64.68914418029242,46.0,0.9952176027737294,-0.09768276782171598,29.63
0.0,1.0,0.0,0.0,925.9399999999993,9.0,129.0,58.0,57.61662317990183,43.0,0.9933900548258936,-0.11478762552212701,30.98
0.0,1.0,0.0,0.0,1112.216666666666,21.0,127.0,53.0,52.53723297927245,42.0,0.9912685467787256,-0.13185851571739118,26.15
0.0,1.0,0.0,0.0,865.1833333333328,15.0,115.0,28.0,27.687903779776477,47.0,0.9888537064205885,-0.1488903868564548,27.54
0.0,1.0,0.0,0.0,720.5266666666661,0.0,127.0,40.0,39.32587894888599,41.0,0.9831469737221499,-0.1828169249850199,30.2
0.0,1.0,0.0,0.0,738.2199999999993,16.0,130.0,13.0,12.738138011246264,42.0,0.9798567700958665,-0.1997015525660636,30.08
0.0,1.0,0.0,0.0,734.6099999999993,24.0,128.0,38.0,37.09851122130342,44.0,0.9762766110869321,-0.21652708524481437,20.63
0.0,1.0,0.0,0.0,570.4133333333327,4.0,156.0,18.0,17.50333601019594,43.0,0.9724075561219968,-0.23328854407545518,22.94
0.0,1.0,0.0,0.0,1601.3833333333325,0.0,156.0,23.0,22.26976725268345,47.0,0.9682507501166718,-0.2499809690726521,27.39
0.0,1.0,0.0,0.0,1591.716666666666,23.0,133.0,28.0,26.854208920955166,46.0,0.9590788900341131,-0.28313898122818354,25.43
0.0,1.0,0.0,0.0,1776.7333333333327,0.0,177.0,35.0,33.39232925202435,45.0,0.9540665500578387,-0.2995947563972602,19.71
0.0,1.0,0.0,0.0,501.8299999999994,0.0,189.0,10.0,9.487718864399472,50.0,0.9487718864399473,-0.31596187665790293,29.4
0.0,1.0,0.0,0.0,756.5633333333326,7.0,196.0,66.0,62.25096675313471,42.0,0.9431964659565866,-0.33223549871590435,29.47
0.0,1.0,0.0,0.0,914.7999999999993,7.0,209.0,72.0,67.48861956943516,44.0,0.9373419384643772,-0.3484108069446808,27.53
0.0,1.0,0.0,0.0,1227.5633333333328,12.0,197.0,65.0,60.11216733135308,48.0,0.9248025743285089,-0.38044736628785164,25.78
0.0,1.0,0.0,0.0,1941.843333333333,0.0,197.0,61.0,55.58128675529245,44.0,0.9111686353326631,-0.41203363695942635,24.66
0.0,1.0,0.0,0.0,1978.4366666666663,19.0,178.0,45.0,40.34053162307509,47.0,0.8964562582905575,-0.44313223418263453,32.69
0.0,1.0,0.0,0.0,1908.656666666666,3.0,175.0,52.0,46.21245448712316,45.0,0.8887010478292915,-0.45848712914008766,26.9
0.0,1.0,0.0,0.0,1031.1233333333328,12.0,163.0,48.0,42.272777108647084,45.0,0.8806828564301475,-0.47370635037968,23.83
0.0,1.0,0.0,0.0,1193.8533333333328,19.0,185.0,78.0,68.04751643078697,45.0,0.8724040568049612,-0.48878539428899265,36.83
0.0,1.0,0.0,0.0,1466.5199999999993,22.0,183.0,67.0,57.87909561851024,44.0,0.8638670987837349,-0.503719798736334,39.54
0.0,1.0,0.0,0.0,1711.2399999999996,32.0,158.0,79.0,67.55088617858577,37.0,0.8550745085896932,-0.518505144391157,31.42
0.0,1.0,0.0,0.0,1513.526666666666,0.0,175.0,65.0,54.38763941224199,43.0,0.8367329140344921,-0.5476112038402312,31.32
0.0,1.0,0.0,0.0,1602.0999999999995,0.0,175.0,73.0,59.670271673219084,44.0,0.8174009818249189,-0.5760691233798758,30.85
0.0,1.0,0.0,0.0,1592.7666666666662,44.0,141.0,63.0,49.555583663455934,42.0,0.7865965660866021,-0.6174672802835514,35.68
0.0,1.0,0.0,0.0,1795.8133333333328,12.0,149.0,80.0,61.191311234729795,47.0,0.7648913904341225,-0.6441592666722685,35.67
0.0,1.0,0.0,0.0,1658.8399999999995,14.0,170.0,71.0,53.51253417189689,46.0,0.753697664392914,-0.6572212950663319,34.21
0.0,1.0,0.0,0.0,1834.7833333333328,20.0,152.0,76.0,56.41334893861063,48.0,0.742280907086982,-0.6700888411055113,32.08
0.0,1.0,0.0,0.0,1659.123333333333,0.0,152.0,57.0,41.64673632435402,45.0,0.7306444969184916,-0.6827580970759147,36.54
0.0,1.0,0.0,0.0,1655.326666666666,0.0,159.0,62.0,44.565096391882236,43.0,0.7187918772884232,-0.6952253139408722,29.92
0.0,1.0,0.0,0.0,1223.5199999999995,0.0,162.0,24.0,16.666850450613033,50.0,0.6944521021088763,-0.719538934232584,41.58
0.0,1.0,0.0,0.0,1178.2999999999995,0.0,183.0,79.0,53.875799778146565,46.0,0.6819721490904629,-0.7313781428679254,23.78
0.0,1.0,0.0,0.0,1616.7866666666662,0.0,186.0,77.0,51.53535999467677,50.0,0.6692903895412567,-0.7430009249440493,37.78
0.0,1.0,0.0,0.0,1934.5366666666662,41.0,152.0,69.0,44.39021990790993,45.0,0.6433365204044917,-0.765583517007675,35.62
0.0,1.0,0.0,0.0,1824.366666666666,20.0,194.0,95.0,58.57901524408563,45.0,0.6166212130956382,-0.7872599821916922,14.55
0.0,1.0,0.0,0.0,1204.946666666666,7.0,219.0,48.0,28.943417619334625,41.0,0.6029878670694714,-0.7977503570459932,34.69
0.0,1.0,0.0,0.0,1073.3066666666662,17.0,230.0,72.0,42.42067828072533,43.0,0.5891760872322963,-0.8080046647350754,26.96
0.0,1.0,0.0,0.0,1414.673333333333,0.0,235.0,73.0,41.98886713197436,45.0,0.5751899607119775,-0.8180198708443174,40.03
0.0,1.0,0.0,0.0,1564.3533333333328,10.0,239.0,59.0,33.10098394747369,44.0,0.5610336262283677,-0.8277930117131022,38.76
0.0,1.0,0.0,0.0,2210.2666666666664,20.0,219.0,88.0,45.54752490228062,49.0,0.5175855102531889,-0.8556314858488706,42.34
0.0,1.0,0.0,0.0,1675.6466666666663,35.0,214.0,25.0,12.569767994482609,44.0,0.5027907197793043,-0.8644081744776648,21.04
0.0,1.0,0.0,0.0,1584.4066666666665,2.0,262.0,70.0,32.027196325197586,47.0,0.4575313760742512,-0.8891934772070711,26.3
0.0,1.0,0.0,0.0,1099.3899999999996,0.0,262.0,73.0,32.27827509359626,46.0,0.44216815196707204,-0.8969321743510065,35.47
0.0,1.0,0.0,0.0,1431.483333333333,7.0,282.0,83.0,35.41394890476375,45.0,0.42667408318992467,-0.9044054548343001,24.57
0.0,1.0,0.0,0.0,1592.413333333333,3.0,297.0,88.0,36.17273041245909,44.0,0.4110537546870351,-0.9116111071930239,29.17
0.0,1.0,0.0,0.0,1456.2833333333328,21.0,287.0,32.0,12.649977240477282,44.0,0.3953117887649151,-0.9185469991587165,28.5
0.0,1.0,0.0,0.0,1547.0399999999993,3.0,293.0,68.0,24.71674964883763,44.0,0.36348161248290634,-0.9316013725767187,37.24
0.0,1.0,0.0,0.0,1173.5399999999997,7.0,364.0,62.0,21.5389749134252,52.0,0.3474028211842774,-0.9377159910299093,13.42
0.0,1.0,0.0,0.0,1260.343333333333,62.0,305.0,64.0,21.198158579307936,44.0,0.3312212278016865,-0.9435531242349544,38.14
0.0,1.0,0.0,0.0,1444.5233333333329,32.0,273.0,87.0,23.10398341895287,47.0,0.26556302780405594,-0.9640935007889755,36.52
0.0,1.0,0.0,0.0,1829.8166666666664,28.0,264.0,86.0,21.408823535623924,42.0,0.24893980855376657,-0.9685189578512204,31.91
0.0,1.0,0.0,0.0,1628.293333333333,5.0,289.0,65.0,15.09579006058956,45.0,0.23224292400907015,-0.9726578145718654,22.89
0.0,1.0,0.0,0.0,1840.0433333333328,14.0,327.0,59.0,11.720228629930096,49.0,0.19864794288017112,-0.9800709131432666,28.92
0.0,1.0,0.0,0.0,1803.463333333333,0.0,346.0,63.0,11.450866618256647,40.0,0.18175978759137534,-0.9833429613388902,31.43
0.0,1.0,0.0,0.0,1666.6899999999994,30.0,320.0,26.0,4.285264013087146,51.0,0.16481784665719793,-0.9863240225317866,31.19
0.0,1.0,0.0,0.0,1392.876666666666,50.0,270.0,77.0,11.382689277230847,47.0,0.14782713347053048,-0.9890132145779883,37.43
0.0,1.0,0.0,0.0,1227.2033333333327,0.0,299.0,61.0,6.93689038974293,43.0,0.11371951458594969,-0.9935128947338007,19.87
0.0,1.0,0.0,0.0,2080.313333333333,27.0,272.0,61.0,5.89337481475339,54.0,0.0966127018812031,-0.9953220513156602,35.72
0.0,1.0,0.0,0.0,1879.8966666666663,18.0,270.0,71.0,4.42460493415708,50.0,0.062318379354325076,-0.998056320853012,28.44
0.0,1.0,0.0,0.0,1763.136666666666,11.0,259.0,34.0,1.5347946043150456,44.0,0.04514101777397193,-0.9989806246941579,35.0
0.0,1.0,0.0,0.0,1291.9133333333327,9.0,269.0,57.0,0.61282454252075,47.0,0.01075130776352193,-0.9999422030204416,30.67
0.0,1.0,0.0,0.0,2369.6633333333325,78.0,201.0,60.0,-0.38705185188630903,40.0,-0.00645086419810515,-0.9999791929590823,27.65
0.0,1.0,0.0,0.0,2526.4699999999993,3.0,218.0,72.0,-1.7028811616566741,43.0,-0.023651127245231586,-0.9997202729664083,27.04
0.0,1.0,0.0,0.0,3329.186666666666,0.0,218.0,49.0,-2.8432528971102373,52.0,-0.05802556932878035,-0.9983150972033183,27.9
0.0,1.0,0.0,0.0,1947.136666666666,19.0,205.0,29.0,-2.180497716027998,46.0,-0.07518957641475855,-0.9971692572470178,24.03
0.0,1.0,0.0,0.0,1867.3766666666659,30.0,175.0,60.0,-5.539880021723473,49.0,-0.09233133369539122,-0.9957283388645872,24.73
0.0,1.0,0.0,0.0,860.9633333333327,52.0,123.0,64.0,-7.004529193530596,47.0,-0.10944576864891556,-0.993992768446958,25.61
0.0,1.0,0.0,0.0,1137.316666666666,19.0,114.0,65.0,-8.224308094514404,46.0,-0.12652781683868314,-0.9919630595773397,29.6
0.0,1.0,0.0,0.0,1186.606666666666,4.0,129.0,67.0,-10.758494487864581,47.0,-0.16057454459499376,-0.9870237158387383,26.13
0.0,1.0,0.0,0.0,952.3799999999993,0.0,154.0,27.0,-5.249642941286872,46.0,-0.19443122004766195,-0.9809161537413774,22.15
0.0,1.0,0.0,0.0,971.5866666666661,29.0,127.0,72.0,-16.420159527949426,46.0,-0.2280577712215198,-0.9736476020539838,27.92
0.0,1.0,0.0,0.0,818.9699999999993,0.0,173.0,62.0,-15.175882655630094,43.0,-0.24477230089725957,-0.9695805901076308,17.81
0.0,1.0,0.0,0.0,1059.0999999999995,16.0,157.0,54.0,-14.116377519602436,47.0,-0.2614143985111562,-0.965226663665613,30.61
0.0,1.0,0.0,0.0,1015.9966666666661,0.0,178.0,75.0,-20.848435454908508,45.0,-0.2779791393987801,-0.9605871111248129,24.23
0.0,1.0,0.0,0.0,891.0266666666662,19.0,159.0,19.0,-5.906282396626569,46.0,-0.3108569682435036,-0.9504567035349151,26.05
0.0,1.0,0.0,0.0,861.2999999999994,10.0,149.0,54.0,-17.666657664593135,49.0,-0.3271603271220951,-0.9449688462364056,27.57
0.0,1.0,0.0,0.0,743.4833333333327,20.0,150.0,68.0,-24.444083290012777,39.0,-0.3594718130884232,-0.9331559438780432,21.0
0.0,1.0,0.0,0.0,1014.8333333333327,0.0,150.0,67.0,-25.15651537207055,47.0,-0.3754703786876202,-0.9268343944460494,25.52
0.0,1.0,0.0,0.0,1250.5833333333328,6.0,144.0,69.0,-27.003690722710786,45.0,-0.3913578365610259,-0.9202385798054075,22.64
0.0,1.0,0.0,0.0,1226.166666666666,0.0,148.0,57.0,-25.86107590378662,46.0,-0.45370308603134424,-0.8911529104063088,20.86
0.0,1.0,0.0,0.0,1289.7666666666662,0.0,148.0,87.0,-40.79997161766397,47.0,-0.46896519100763184,-0.8832166493127127,23.28
0.0,1.0,0.0,0.0,1305.0499999999995,10.0,138.0,64.0,-30.981665384894455,45.0,-0.48408852163897587,-0.8750190302029955,28.22
0.0,1.0,0.0,0.0,1314.6199999999994,19.0,136.0,49.0,-25.1811490641562,48.0,-0.5139010013093103,-0.8578494977869301,24.59
0.0,1.0,0.0,0.0,1069.8199999999995,25.0,111.0,44.0,-23.257578447660883,48.0,-0.5285813283559292,-0.8488826652214553,20.27
0.0,1.0,0.0,0.0,690.7333333333328,2.0,133.0,67.0,-36.38805105878993,47.0,-0.5431052396834317,-0.8396646346181327,14.39
0.0,1.0,0.0,0.0,734.2533333333328,46.0,106.0,70.0,-40.01666699118937,43.0,-0.5716666713027052,-0.8204859638785327,21.37
0.0,1.0,0.0,0.0,1044.1066666666663,0.0,106.0,62.0,-37.172192474218235,47.0,-0.5995514915196489,-0.8003361849976323,19.47
0.0,1.0,0.0,0.0,1136.5399999999997,21.0,95.0,70.0,-46.62621991026839,44.0,-0.666088855860977,-0.7458723993404063,20.71
0.0,1.0,0.0,0.0,1148.5499999999995,0.0,95.0,56.0,-38.7156692277268,52.0,-0.6913512362094071,-0.722518835873311,24.62
0.0,1.0,0.0,0.0,1065.9133333333327,0.0,95.0,77.0,-54.18316037588398,43.0,-0.7036774074790128,-0.7105196029692745,25.65
0.0,1.0,0.0,0.0,856.3999999999995,21.0,94.0,22.0,-15.747497684218612,49.0,-0.7157953492826642,-0.6983101158835584,19.73
0.0,1.0,0.0,0.0,1810.3033333333326,0.0,94.0,68.0,-49.483700349396806,49.0,-0.7277014757264236,-0.6858939875998223,21.03
0.0,1.0,0.0,0.0,1709.566666666666,0.0,122.0,71.0,-52.496850715310615,47.0,-0.7393922635959241,-0.673274892250183,20.79
0.0,1.0,0.0,0.0,1929.7833333333326,4.0,127.0,72.0,-54.06222624472432,47.0,-0.7508642533989489,-0.6604565640279754,19.9
0.0,1.0,0.0,0.0,890.2033333333328,0.0,135.0,55.0,-41.91627277140318,47.0,-0.7621140503891487,-0.6474427960827475,19.49
0.0,1.0,0.0,0.0,647.4799999999994,0.0,147.0,18.0,-14.300951924998786,42.0,-0.7944973291665992,-0.6072676460566135,22.17
0.0,1.0,0.0,0.0,695.5533333333327,17.0,147.0,74.0,-59.55710454601754,44.0,-0.8048257371083452,-0.593511190196115,22.78
0.0,1.0,0.0,0.0,835.4666666666659,0.0,147.0,66.0,-53.78445495496122,49.0,-0.8149159841660791,-0.5795791048257612,24.86
0.0,1.0,0.0,0.0,1181.4199999999994,24.0,123.0,79.0,-65.15644167339555,48.0,-0.8247650844733614,-0.5654755126737576,23.86
0.0,1.0,0.0,0.0,2133.2933333333326,19.0,115.0,53.0,-44.221616546716554,42.0,-0.8343701235229538,-0.5512045872199277,25.85
0.0,1.0,0.0,0.0,2086.6633333333325,0.0,129.0,78.0,-65.81080420428316,46.0,-0.8437282590292712,-0.5367705514607103,19.45
0.0,1.0,0.0,0.0,2030.2333333333327,10.0,119.0,68.0,-57.992897080323246,48.0,-0.8528367217694595,-0.522177676659508,23.91
0.0,1.0,0.0,0.0,2115.8399999999997,0.0,119.0,19.0,-16.372163511654193,47.0,-0.8616928164028522,-0.5074302810827518,19.42
0.0,1.0,0.0,0.0,2080.6199999999994,0.0,125.0,61.0,-53.08792925838261,46.0,-0.8702939222685674,-0.49253272872205434,21.93
0.0,1.0,0.0,0.0,2138.8666666666663,20.0,105.0,75.0,-65.897812062075,45.0,-0.8786374941610001,-0.4774894280028391,25.61
0.0,1.0,0.0,0.0,1033.3599999999994,0.0,117.0,67.0,-59.41031122656053,43.0,-0.886721063082993,-0.46230483047981086,20.67
0.0,1.0,0.0,0.0,1050.9099999999992,28.0,112.0,67.0,-59.93432987742212,48.0,-0.8945422369764496,-0.4469834295196741,21.13
0.0,1.0,0.0,0.0,1663.7566666666662,9.0,103.0,70.0,-63.14690910011286,44.0,-0.9020987014301837,-0.43152975897147144,28.81
0.0,1.0,0.0,0.0,1798.4133333333327,8.0,117.0,62.0,-56.382069662617134,40.0,-0.9093882203647925,-0.4159483918249421,23.24
0.0,1.0,0.0,0.0,1682.5599999999995,12.0,119.0,31.0,-28.40866773752472,45.0,-0.9164086366943458,-0.4002439388573056,30.42
0.0,1.0,0.0,0.0,988.7899999999994,17.0,102.0,60.0,-55.38947237788223,45.0,-0.9231578729647039,-0.38442104726885545,26.22
0.0,1.0,0.0,0.0,945.7299999999992,0.0,103.0,73.0,-68.31594750545457,48.0,-0.9358348973349941,-0.35243871088460327,23.67
0.0,1.0,0.0,0.0,976.6766666666659,0.0,132.0,58.0,-54.62201817776877,49.0,-0.9417589340994617,-0.33628873017668287,17.78
0.0,1.0,0.0,0.0,984.1733333333326,11.0,140.0,62.0,-58.73906593312084,43.0,-0.9474042892438845,-0.32003923622313857,26.71
0.0,1.0,0.0,0.0,1170.8533333333326,14.0,136.0,77.0,-73.36323550069754,43.0,-0.9527692922168511,-0.30369503751065885,28.21
0.0,1.0,0.0,0.0,2129.863333333333,0.0,174.0,30.0,-28.735570662830007,49.0,-0.9578523554276669,-0.28726097055059635,20.63
0.0,1.0,0.0,0.0,3247.349999999999,0.0,184.0,65.0,-62.57237835654966,45.0,-0.9626519747161487,-0.2707418984477642,24.8
0.0,1.0,0.0,0.0,3091.789999999999,6.0,183.0,65.0,-63.39686522499094,50.0,-0.9753363880767837,-0.2207236509605022,27.88
0.0,1.0,0.0,0.0,2448.379999999999,0.0,183.0,68.0,-66.57124341438337,45.0,-0.9789888737409319,-0.20391367068311472,23.79
0.0,1.0,0.0,0.0,1387.8099999999993,12.0,180.0,63.0,-61.888154633356194,50.0,-0.9823516608469237,-0.18704334906991657,28.08
0.0,1.0,0.0,0.0,1508.5433333333324,23.0,157.0,68.0,-67.19788865960167,49.0,-0.9882042449941422,-0.15314166701312007,26.29
0.0,1.0,0.0,0.0,1420.5833333333323,0.0,186.0,42.0,-41.609077026785556,43.0,-0.9906923101615609,-0.13612033862266704,20.95
0.0,1.0,0.0,0.0,1309.1333333333323,22.0,164.0,58.0,-57.58745838507038,49.0,-0.9928872135356962,-0.11905873003404988,22.48
0.0,1.0,0.0,0.0,1170.279999999999,14.0,150.0,82.0,-81.57264105996481,45.0,-0.994788305609327,-0.10196189005174576,22.1
0.0,1.0,0.0,0.0,1099.3966666666656,0.0,158.0,71.0,-70.74404669112934,49.0,-0.9963950238187231,-0.08483487790576538,24.08
0.0,1.0,0.0,0.0,904.2566666666656,1.0,170.0,22.0,-21.97191752976874,48.0,-0.9987235240803972,-0.050510617185222886,22.05
0.0,1.0,0.0,0.0,801.969999999999,29.0,186.0,72.0,-71.99063700205386,48.0,-0.9998699583618592,-0.016126573270657762,18.81
0.0,1.0,0.0,0.0,887.7699999999991,19.0,182.0,89.0,-88.99994856019764,38.0,-0.9999994220246925,0.001075151282798226,25.69
0.0,1.0,0.0,0.0,1160.1933333333325,10.0,192.0,57.0,-56.99047927689599,44.0,-0.999832969770105,0.018276557681691223,30.89
0.0,1.0,0.0,0.0,1014.5799999999991,38.0,154.0,20.0,-19.951180955577225,47.0,-0.9975590477788613,0.06982797572987089,35.1
0.0,1.0,0.0,0.0,761.2466666666656,10.0,179.0,51.0,-50.80672528481881,41.0,-0.9962102997023297,0.0869772313136861,20.98
0.0,1.0,0.0,0.0,723.4066666666658,5.0,203.0,69.0,-68.49139450948115,47.0,-0.9926289059345095,0.121193461470736,22.3
0.0,1.0,0.0,0.0,937.9066666666658,0.0,208.0,66.0,-65.36622312232689,48.0,-0.9903973200352558,0.1382503109109819,24.82
0.0,1.0,0.0,0.0,1421.6066666666657,9.0,216.0,67.0,-66.18746819554788,44.0,-0.9878726596350429,0.15526624985999563,28.19
0.0,1.0,0.0,0.0,1217.1733333333323,0.0,252.0,25.0,-24.54867975466615,42.0,-0.981947190186646,0.18915526872004093,26.32
0.0,1.0,0.0,0.0,1047.7766666666655,29.0,326.0,70.0,-68.24016575861887,44.0,-0.9748595108374125,0.22282040779479959,13.41
0.0,1.0,0.0,0.0,825.3799999999992,0.0,329.0,66.0,-64.07823909177131,45.0,-0.9708824104813836,0.23955655912092708,33.35
0.0,1.0,0.0,0.0,842.2533333333325,0.0,329.0,25.0,-23.802851341702755,46.0,-0.9521140536681102,0.3057430764672831,27.76
0.0,1.0,0.0,0.0,960.2299999999991,8.0,348.0,68.0,-64.37654643395426,45.0,-0.9467139181463862,0.3220757010206104,21.54
0.0,1.0,0.0,0.0,920.7133333333323,13.0,385.0,77.0,-72.45958987537422,43.0,-0.9410336347451197,0.3383130181923076,18.0
0.0,1.0,0.0,0.0,1135.7633333333324,45.0,356.0,52.0,-48.62389398628098,43.0,-0.9350748843515574,0.3544502230989869,33.46
0.0,1.0,0.0,0.0,1205.4699999999991,15.0,350.0,73.0,-67.8052784086739,41.0,-0.9288394302558068,0.3704825404820963,25.82
0.0,1.0,0.0,0.0,1067.1399999999992,20.0,372.0,76.0,-70.09701293980814,45.0,-0.9223291176290545,0.3864052261209853,18.75
0.0,1.0,0.0,0.0,1122.1266666666659,0.0,429.0,82.0,-75.07476158415884,44.0,-0.9155458729775467,0.40221356823680365,23.8
0.0,1.0,0.0,0.0,1425.1933333333327,35.0,413.0,77.0,-69.38998965792408,39.0,-0.9011686968561569,0.4334685453485363,28.44
0.0,1.0,0.0,0.0,1604.1766666666656,29.0,391.0,76.0,-67.91200550662364,46.0,-0.8935790198239952,0.4489059314938798,29.25
0.0,1.0,0.0,0.0,1463.289999999999,5.0,424.0,65.0,-57.572119694931644,47.0,-0.8857249183835637,0.4642104791518923,19.51
0.0,1.0,0.0,0.0,1200.1666666666658,17.0,407.0,53.0,-46.069339272246395,50.0,-0.8692328164574792,0.49440298420761813,34.98
0.0,1.0,0.0,0.0,1019.8099999999991,36.0,404.0,75.0,-64.54497721875886,41.0,-0.8605996962501181,0.5092820071573356,19.52
0.0,1.0,0.0,0.0,1099.3099999999993,103.0,362.0,35.0,-29.80991687614216,43.0,-0.8517119107469189,0.5240103253675756,13.03
0.0,1.0,0.0,0.0,1003.3966666666657,3.0,365.0,54.0,-44.991878683815635,50.0,-0.8331829385891785,0.5529974600700271,27.06
0.0,1.0,0.0,0.0,1041.8099999999993,0.0,368.0,45.0,-37.05962557300203,49.0,-0.8235472349556007,0.5672476988027229,33.42
0.0,1.0,0.0,0.0,1185.5599999999993,27.0,382.0,61.0,-49.63373765718154,44.0,-0.8136678304455991,0.5813300798152042,21.95
0.0,1.0,0.0,0.0,1016.4399999999991,50.0,369.0,27.0,-21.13011904773015,43.0,-0.7825970017677834,0.6225286602431057,28.33
0.0,1.0,0.0,0.0,1240.7766666666657,16.0,369.0,64.0,-49.39345513899415,49.0,-0.7717727365467836,0.6358984534680745,29.22
0.0,1.0,0.0,0.0,1126.319999999999,9.0,360.0,51.0,-38.79672465917693,43.0,-0.7607200913564104,0.6490800741100398,35.39
0.0,1.0,0.0,0.0,1538.8433333333323,42.0,376.0,91.0,-67.1527957375856,48.0,-0.7379428103031386,0.6748632518680403,27.77
0.0,1.0,0.0,0.0,1407.9933333333327,57.0,376.0,66.0,-47.93084436387418,44.0,-0.7262249146041543,0.6874571793269664,22.39
0.0,1.0,0.0,0.0,2523.179999999999,19.0,382.0,69.0,-49.286156091568124,43.0,-0.7142921172691032,0.699847677146407,22.96
0.0,1.0,0.0,0.0,2493.199999999999,7.0,379.0,63.0,-43.457148293932086,49.0,-0.6897960046655887,0.7240037789593305,25.44
0.0,1.0,0.0,0.0,2295.4533333333325,38.0,380.0,54.0,-36.57095666231125,33.0,-0.6772399381909491,0.7357622347736527,22.91
0.0,1.0,0.0,0.0,1879.7766666666657,0.0,384.0,47.0,-31.230722879574195,49.0,-0.6644834655228552,0.7473029667054296,30.23
0.0,1.0,0.0,0.0,1708.4366666666658,33.0,366.0,61.0,-39.743352051914925,45.0,-0.6515303615068021,0.75862255966641,28.87
0.0,1.0,0.0,0.0,1781.7633333333324,61.0,342.0,59.0,-37.66468309130519,41.0,-0.6383844591746642,0.7697176640069211,25.22
0.0,1.0,0.0,0.0,1426.326666666666,6.0,363.0,81.0,-50.62902153744545,42.0,-0.6250496486104377,0.7805849965070866,30.57
0.0,1.0,0.0,0.0,1363.1333333333325,3.0,496.0,65.0,-38.85889419483208,44.0,-0.5978291414589552,0.801623551065242,12.02
0.0,1.0,0.0,0.0,1417.7233333333324,41.0,460.0,45.0,-26.27781749359649,51.0,-0.5839514998576998,0.8117885474764613,34.47
0.0,1.0,0.0,0.0,1076.6833333333325,37.0,424.0,56.0,-31.914459226314698,46.0,-0.5699010576127624,0.8217133225960589,31.52
0.0,1.0,0.0,0.0,1209.3966666666659,16.0,419.0,72.0,-40.00910201827552,52.0,-0.5556819724760489,0.8313949395234058,26.5
0.0,1.0,0.0,0.0,1986.5133333333324,0.0,422.0,64.0,-34.643100934631505,48.0,-0.5412984521036173,0.8408305333122887,31.12
0.0,1.0,0.0,0.0,1744.6366666666656,58.0,368.0,20.0,-10.241103566229292,47.0,-0.5120551783114646,0.8589525565270845,33.75
0.0,1.0,0.0,0.0,2530.0133333333324,57.0,313.0,21.0,-10.441285647385694,48.0,-0.4972040784469378,0.8676336233547726,25.1
0.0,1.0,0.0,0.0,1829.2666666666657,25.0,401.0,56.0,-27.003527482195747,46.0,-0.4822058478963526,0.8760579434344281,26.82
0.0,1.0,0.0,0.0,2074.7433333333324,4.0,397.0,65.0,-30.359220117032972,47.0,-0.46706492487743034,0.8842230238742036,27.4
0.0,1.0,0.0,0.0,1151.9466666666658,39.0,358.0,48.0,-21.68571791197843,44.0,-0.451785789832884,0.8921264484954345,29.15
0.0,1.0,0.0,0.0,1322.5733333333326,4.0,355.0,64.0,-26.93318455012196,48.0,-0.42083100859565564,0.9071390534005044,30.62
0.0,1.0,0.0,0.0,1350.6266666666659,15.0,340.0,60.0,-24.309871345245377,43.0,-0.4051645224207563,0.9142437912130223,32.48
0.0,1.0,0.0,0.0,1315.2066666666658,37.0,306.0,54.0,-19.303078440502517,44.0,-0.3574644155648614,0.9339267592294762,22.93
0.0,1.0,0.0,0.0,879.789999999999,27.0,292.0,31.0,-10.078955692997187,45.0,-0.3251276029999093,0.9456701548465688,25.61
0.0,1.0,0.0,0.0,850.3266666666659,136.0,209.0,57.0,-17.602311432176464,45.0,-0.30881248126625377,0.9511229423235357,19.12
0.0,1.0,0.0,0.0,655.6266666666659,5.0,216.0,15.0,-4.3860896542661605,47.0,-0.29240597695107734,0.9562942772197719,23.53
0.0,1.0,0.0,0.0,693.0166666666659,1.0,219.0,46.0,-11.929560234868658,43.0,-0.2593382659754056,0.9657865518844574,21.35
0.0,1.0,0.0,0.0,688.2299999999991,11.0,230.0,84.0,-18.980943092833602,44.0,-0.22596360824801906,0.974135744004672,21.51
0.0,1.0,0.0,0.0,1650.2333333333324,3.0,249.0,63.0,-12.116254830062974,46.0,-0.19232150523909483,0.9813319716704275,15.97
0.0,1.0,0.0,0.0,1756.6866666666658,4.0,266.0,63.0,-9.982461822532688,48.0,-0.15845177496083632,0.9873667175937016,22.92
0.0,0.0,1.0,0.0,2231.3799999999997,0.0,110.0,87.0,86.11204345813523,43.0,0.9897936029670716,0.14250832791617088,20.11
0.0,0.0,1.0,0.0,1824.3799999999999,0.0,223.0,32.0,31.74715272933661,48.0,0.992098522791769,0.12546123335273648,8.34
0.0,0.0,1.0,0.0,1829.0066666666662,30.0,193.0,96.0,95.43454701141522,46.0,0.9941098647022418,0.10837701279187609,18.67
0.0,0.0,1.0,0.0,942.8233333333332,0.0,193.0,107.0,106.82632899198418,53.0,0.998376906467142,0.056952196034039754,19.58
0.0,0.0,1.0,0.0,1217.9499999999998,0.0,203.0,93.0,92.9264236143217,43.0,0.9992088560679753,0.03977011384605572,16.83
0.0,0.0,1.0,0.0,1243.0499999999997,0.0,205.0,89.0,88.97731600863904,50.0,0.9997451236925734,0.022576263041545485,19.76
0.0,0.0,1.0,0.0,935.143333333333,1.0,259.0,47.0,46.999320880583774,44.0,0.9999855506507186,0.005375731557583884,18.6
0.0,0.0,1.0,0.0,1451.793333333333,39.0,220.0,88.0,87.9938457900661,47.0,0.9999300657962057,-0.011826390691832589,28.01
0.0,0.0,1.0,0.0,1463.3099999999997,14.0,215.0,76.0,75.96798010164008,41.0,0.9995786855478958,-0.029025013321975237,25.8
0.0,0.0,1.0,0.0,1730.3999999999996,0.0,244.0,98.0,97.6815636824965,45.0,0.9967506498213929,-0.08054900421874167,21.43
0.0,0.0,1.0,0.0,1044.9266666666665,11.0,247.0,32.0,31.788481754428595,47.0,0.9933900548258936,-0.11478762552212701,23.09
0.0,0.0,1.0,0.0,1151.9099999999996,1.0,271.0,93.0,92.18797485042148,37.0,0.9912685467787256,-0.13185851571739118,18.02
0.0,0.0,1.0,0.0,1060.243333333333,0.0,276.0,61.0,60.32007609165589,54.0,0.9888537064205885,-0.1488903868564548,24.31
0.0,0.0,1.0,0.0,1191.2566666666664,5.0,288.0,60.0,58.576596665215924,44.0,0.9762766110869321,-0.21652708524481437,22.95
0.0,0.0,1.0,0.0,783.1499999999996,9.0,279.0,21.0,20.42055867856193,50.0,0.9724075561219968,-0.23328854407545518,26.0
0.0,0.0,1.0,0.0,669.1999999999997,113.0,176.0,51.0,49.380788255950264,45.0,0.9682507501166718,-0.2499809690726521,22.57
0.0,0.0,1.0,0.0,587.773333333333,0.0,194.0,47.0,45.29894888742634,42.0,0.9638074231367307,-0.26659942067929354,21.57
0.0,0.0,1.0,0.0,783.0699999999997,0.0,215.0,46.0,43.88706130266058,51.0,0.9540665500578387,-0.2995947563972602,14.83
0.0,0.0,1.0,0.0,1008.8199999999997,10.0,205.0,32.0,29.99494203086007,42.0,0.9373419384643772,-0.3484108069446808,28.22
0.0,0.0,1.0,0.0,1462.83,2.0,221.0,104.0,95.48463062158139,37.0,0.9181214482844364,-0.39629913726891813,25.69
0.0,0.0,1.0,0.0,1714.553333333333,55.0,178.0,94.0,85.64985172127034,42.0,0.9111686353326631,-0.41203363695942635,28.91
0.0,0.0,1.0,0.0,1440.503333333333,0.0,205.0,63.0,56.948610154111265,42.0,0.9039461929224011,-0.42764620926777464,15.08
0.0,0.0,1.0,0.0,1381.133333333333,9.0,196.0,104.0,93.23145086221798,49.0,0.8964562582905575,-0.44313223418263453,25.47
0.0,0.0,1.0,0.0,1121.8199999999995,29.0,211.0,76.0,66.93189708869122,42.0,0.8806828564301475,-0.47370635037968,19.21
0.0,0.0,1.0,0.0,1544.5199999999998,14.0,209.0,104.0,89.84217827350844,43.0,0.8638670987837349,-0.503719798736334,28.34
0.0,0.0,1.0,0.0,2471.9966666666664,25.0,198.0,112.0,95.76834496204565,43.0,0.8550745085896932,-0.518505144391157,35.86
0.0,0.0,1.0,0.0,2919.6933333333327,5.0,193.0,110.0,93.06317769009073,42.0,0.8460288880917339,-0.533137056031809,32.1
0.0,0.0,1.0,0.0,2843.746666666666,17.0,197.0,95.0,79.48962683327676,46.0,0.8367329140344921,-0.5476112038402312,25.82
0.0,0.0,1.0,0.0,1554.0066666666662,0.0,222.0,40.0,33.08757348984999,46.0,0.8271893372462497,-0.5619233046832195,27.65
0.0,0.0,1.0,0.0,1684.6766666666663,10.0,222.0,99.0,78.91305768593223,51.0,0.7971015927871943,-0.6038452208771035,32.17
0.0,0.0,1.0,0.0,1789.8099999999995,18.0,216.0,85.0,66.86070811736118,51.0,0.7865965660866021,-0.6174672802835514,33.4
0.0,0.0,1.0,0.0,2211.023333333333,21.0,205.0,89.0,69.05143077982147,41.0,0.7758587728069828,-0.6309066211876704,35.75
0.0,0.0,1.0,0.0,2009.2799999999997,0.0,247.0,105.0,80.31359599558286,47.0,0.7648913904341225,-0.6441592666722685,29.34
0.0,0.0,1.0,0.0,1893.72,18.0,240.0,102.0,75.71265252287216,38.0,0.742280907086982,-0.6700888411055113,25.91
0.0,0.0,1.0,0.0,1818.7499999999998,12.0,244.0,106.0,77.44831667336011,42.0,0.7306444969184916,-0.6827580970759147,26.65
0.0,0.0,1.0,0.0,1672.9766666666665,27.0,217.0,86.0,60.77848377967496,43.0,0.7067265555776158,-0.7074868024503348,29.1
0.0,0.0,1.0,0.0,1510.2366666666665,0.0,217.0,43.0,28.77948675027404,49.0,0.6692903895412567,-0.7430009249440493,37.88
0.0,0.0,1.0,0.0,1522.7966666666664,44.0,221.0,100.0,65.64105761979381,51.0,0.6564105761979381,-0.7544038410927472,26.15
0.0,0.0,1.0,0.0,1819.793333333333,12.0,230.0,92.0,59.18695987721324,43.0,0.6433365204044917,-0.765583517007675,19.12
0.0,0.0,1.0,0.0,2119.393333333333,14.0,217.0,105.0,66.15756955335871,49.0,0.6300720909843687,-0.7765366444428655,28.12
0.0,0.0,1.0,0.0,2027.8633333333328,0.0,220.0,92.0,56.729151604798716,44.0,0.6166212130956382,-0.7872599821916922,26.0
0.0,0.0,1.0,0.0,1745.3499999999997,21.0,236.0,102.0,61.50476244108608,43.0,0.6029878670694714,-0.7977503570459932,25.59
0.0,0.0,1.0,0.0,1482.953333333333,25.0,232.0,82.0,48.312439153048295,39.0,0.5891760872322963,-0.8080046647350754,24.11
0.0,0.0,1.0,0.0,1525.5666666666664,10.0,251.0,98.0,53.577704741122204,43.0,0.5467112728685939,-0.8373211953118121,26.85
0.0,0.0,1.0,0.0,1699.0866666666664,12.0,260.0,109.0,58.01275813437093,49.0,0.5322271388474397,-0.8466016020976267,29.56
0.0,0.0,1.0,0.0,1982.8966666666665,10.0,250.0,93.0,48.13545245354656,47.0,0.5175855102531889,-0.8556314858488706,33.49
0.0,0.0,1.0,0.0,1536.9299999999996,42.0,268.0,29.0,13.710017069302049,47.0,0.47275920928627757,-0.881191653407483,17.0
0.0,0.0,1.0,0.0,1362.1366666666663,11.0,257.0,94.0,43.007949350979615,47.0,0.4575313760742512,-0.8891934772070711,26.27
0.0,0.0,1.0,0.0,2463.593333333333,16.0,247.0,108.0,46.08080098451187,46.0,0.42667408318992467,-0.9044054548343001,31.82
0.0,0.0,1.0,0.0,2649.3666666666663,0.0,265.0,39.0,14.175782886833346,50.0,0.36348161248290634,-0.9316013725767187,33.08
0.0,0.0,1.0,0.0,2657.14,0.0,291.0,106.0,36.82469904553341,43.0,0.3474028211842774,-0.9377159910299093,24.72
0.0,0.0,1.0,0.0,1247.5599999999997,48.0,284.0,78.0,25.835255768531546,42.0,0.3312212278016865,-0.9435531242349544,23.47
0.0,0.0,1.0,0.0,1446.2399999999998,21.0,280.0,95.0,28.36403764955342,38.0,0.2985688173637202,-0.9543881083175908,25.23
0.0,0.0,1.0,0.0,1597.5466666666664,1.0,281.0,105.0,29.621304581601535,43.0,0.2821076626819194,-0.9593827529490743,31.17
0.0,0.0,1.0,0.0,1526.3533333333332,3.0,358.0,106.0,28.14968094722993,45.0,0.26556302780405594,-0.9640935007889755,13.67
0.0,0.0,1.0,0.0,1330.4066666666665,37.0,328.0,52.0,12.944870044795861,44.0,0.24893980855376657,-0.9685189578512204,26.58
0.0,0.0,1.0,0.0,1148.6799999999996,21.0,332.0,98.0,22.759806552888875,39.0,0.23224292400907015,-0.9726578145718654,17.71
0.0,0.0,1.0,0.0,1333.9199999999998,29.0,347.0,101.0,21.763208819719743,45.0,0.21547731504673012,-0.976508846196619,22.24
0.0,0.0,1.0,0.0,1619.4766666666662,21.0,347.0,117.0,23.24180931698002,39.0,0.19864794288017112,-0.9800709131432666,24.59
0.0,0.0,1.0,0.0,2179.026666666666,0.0,357.0,80.0,14.540783007310027,41.0,0.18175978759137534,-0.9833429613388902,23.54
0.0,0.0,1.0,0.0,2437.1299999999997,60.0,299.0,90.0,13.304442012347742,46.0,0.14782713347053048,-0.9890132145779883,25.8
0.0,0.0,1.0,0.0,2078.7499999999995,0.0,341.0,51.0,6.67042646869472,44.0,0.13079267585675922,-0.9914097417023038,20.67
0.0,0.0,1.0,0.0,1553.373333333333,6.0,351.0,108.0,8.583548391751066,42.0,0.07947729992362097,-0.9968366760893436,24.81
0.0,0.0,1.0,0.0,1513.6899999999998,18.0,348.0,98.0,4.423819741849249,47.0,0.04514101777397193,-0.9989806246941579,32.9
0.0,0.0,1.0,0.0,1948.1199999999997,26.0,327.0,106.0,2.9627316134622936,38.0,0.02795029824021032,-0.999609314096404,29.93
0.0,0.0,1.0,0.0,1477.7133333333331,41.0,292.0,23.0,0.24728007856100437,46.0,0.01075130776352193,-0.9999422030204416,18.96
0.0,0.0,1.0,0.0,1188.2166666666662,17.0,275.0,103.0,-2.4360661062588536,42.0,-0.023651127245231586,-0.9997202729664083,19.75
0.0,0.0,1.0,0.0,1758.6833333333332,2.0,292.0,94.0,-5.454403516905352,49.0,-0.05802556932878035,-0.9983150972033183,21.96
0.0,0.0,1.0,0.0,2184.19,80.0,212.0,97.0,-7.29338891223158,47.0,-0.07518957641475855,-0.9971692572470178,24.1
0.0,0.0,1.0,0.0,2673.433333333333,7.0,214.0,31.0,-3.3928188281163822,41.0,-0.10944576864891556,-0.993992768446958,21.39
0.0,0.0,1.0,0.0,1965.1766666666663,25.0,213.0,81.0,-10.248753163933333,45.0,-0.12652781683868314,-0.9919630595773397,15.25
0.0,0.0,1.0,0.0,1837.263333333333,44.0,214.0,102.0,-16.378603548689362,42.0,-0.16057454459499376,-0.9870237158387383,18.12
0.0,0.0,1.0,0.0,1469.3166666666664,21.0,242.0,88.0,-18.592266491231776,48.0,-0.2112757555821793,-0.9774264960104055,18.83
0.0,0.0,1.0,0.0,1110.543333333333,10.0,266.0,40.0,-9.122310848860792,49.0,-0.2280577712215198,-0.9736476020539838,18.27
0.0,0.0,1.0,0.0,1266.5033333333329,2.0,274.0,107.0,-26.190636196006775,45.0,-0.24477230089725957,-0.9695805901076308,23.55
0.0,0.0,1.0,0.0,1161.343333333333,42.0,249.0,91.0,-23.788710264515217,41.0,-0.2614143985111562,-0.965226663665613,23.56
0.0,0.0,1.0,0.0,1510.4566666666663,16.0,238.0,86.0,-23.90620598829509,49.0,-0.2779791393987801,-0.9605871111248129,25.97
0.0,0.0,1.0,0.0,1491.2566666666662,15.0,232.0,92.0,-27.09046920438571,48.0,-0.2944616217868012,-0.9556633054034704,25.65
0.0,0.0,1.0,0.0,1511.6899999999996,5.0,231.0,81.0,-25.179414427723792,50.0,-0.3108569682435036,-0.9504567035349151,18.75
0.0,0.0,1.0,0.0,1432.3466666666664,6.0,227.0,83.0,-27.154307151133892,46.0,-0.3271603271220951,-0.9449688462364056,23.6
0.0,0.0,1.0,0.0,1986.7833333333328,0.0,234.0,40.0,-13.734674959855521,44.0,-0.34336687399638804,-0.939201357453208,21.95
0.0,0.0,1.0,0.0,2019.9866666666665,19.0,229.0,109.0,-39.18242762663813,43.0,-0.3594718130884232,-0.9331559438780432,21.35
0.0,0.0,1.0,0.0,2063.2266666666665,0.0,229.0,107.0,-40.17533051957536,44.0,-0.3754703786876202,-0.9268343944460494,19.98
0.0,0.0,1.0,0.0,1591.243333333333,9.0,227.0,86.0,-35.013135740465636,47.0,-0.4071294853542516,-0.9133704517637858,20.74
0.0,0.0,1.0,0.0,1461.3133333333328,24.0,226.0,84.0,-35.51357527054489,49.0,-0.4227806579826773,-0.9062320427107697,19.45
0.0,0.0,1.0,0.0,1460.4999999999998,45.0,181.0,86.0,-37.69437817907665,41.0,-0.4383067230125192,-0.898825465016444,26.19
0.0,0.0,1.0,0.0,1046.7699999999998,49.0,132.0,34.0,-15.425904925065705,46.0,-0.45370308603134424,-0.8911529104063088,26.5
0.0,0.0,1.0,0.0,1183.9366666666663,34.0,98.0,90.0,-42.206867190686864,44.0,-0.46896519100763184,-0.8832166493127127,25.63
0.0,0.0,1.0,0.0,1110.0499999999995,10.0,121.0,99.0,-47.92476364225861,49.0,-0.48408852163897587,-0.8750190302029955,17.95
0.0,0.0,1.0,0.0,1418.0599999999995,17.0,104.0,97.0,-48.4096544607876,48.0,-0.4990686026885319,-0.8665624788845385,23.09
0.0,0.0,1.0,0.0,1027.0999999999997,5.0,99.0,29.0,-16.166584685550887,45.0,-0.5574684374327892,-0.8301981337405212,18.0
0.0,0.0,1.0,0.0,1053.1466666666663,9.0,98.0,100.0,-57.16666713027052,42.0,-0.5716666713027052,-0.8204859638785327,20.75
0.0,0.0,1.0,0.0,838.5733333333332,4.0,119.0,93.0,-54.46970380208362,41.0,-0.5856957398073508,-0.8105309990194823,14.89
0.0,0.0,1.0,0.0,1277.8366666666664,2.0,128.0,96.0,-61.443658387617624,47.0,-0.6400381082043503,-0.7683431655492202,20.41
0.0,0.0,1.0,0.0,1207.623333333333,7.0,134.0,86.0,-57.28364160404402,49.0,-0.666088855860977,-0.7458723993404063,18.0
0.0,0.0,1.0,0.0,1322.953333333333,14.0,125.0,98.0,-66.52440733265108,48.0,-0.6788204829862355,-0.734304263829602,18.26
0.0,0.0,1.0,0.0,1246.0766666666664,0.0,138.0,80.0,-55.30809889675257,47.0,-0.6913512362094071,-0.722518835873311,20.71
0.0,0.0,1.0,0.0,1166.6366666666663,7.0,156.0,82.0,-57.701547413279044,44.0,-0.7036774074790128,-0.7105196029692745,15.48
0.0,0.0,1.0,0.0,991.063333333333,23.0,157.0,91.0,-66.22083429110455,45.0,-0.7277014757264236,-0.6858939875998223,11.81
0.0,0.0,1.0,0.0,866.3366666666665,0.0,170.0,91.0,-68.32864705930434,40.0,-0.7508642533989489,-0.6604565640279754,18.99
0.0,0.0,1.0,0.0,871.8166666666663,0.0,229.0,96.0,-73.16294883735827,44.0,-0.7621140503891487,-0.6474427960827475,13.79
0.0,0.0,1.0,0.0,1046.6666666666663,0.0,229.0,101.0,-79.17731548497493,42.0,-0.7839338166829201,-0.620844401650647,18.63
0.0,0.0,1.0,0.0,935.7599999999996,33.0,230.0,96.0,-76.27174359999353,40.0,-0.7944973291665992,-0.6072676460566135,12.36
0.0,0.0,1.0,0.0,1982.6499999999996,0.0,230.0,26.0,-21.187815588318056,45.0,-0.8149159841660791,-0.5795791048257612,19.04
0.0,0.0,1.0,0.0,1710.1833333333332,0.0,293.0,79.0,-65.15644167339555,46.0,-0.8247650844733614,-0.5654755126737576,7.78
0.0,0.0,1.0,0.0,1911.9099999999999,8.0,292.0,99.0,-82.60264222877242,46.0,-0.8343701235229538,-0.5512045872199277,20.43
0.0,0.0,1.0,0.0,1022.7099999999997,25.0,270.0,94.0,-79.31045634875149,47.0,-0.8437282590292712,-0.5367705514607103,20.91
0.0,0.0,1.0,0.0,1395.2466666666667,11.0,259.0,96.0,-81.87232528986812,51.0,-0.8528367217694595,-0.522177676659508,22.51
0.0,0.0,1.0,0.0,1351.2033333333331,13.0,257.0,92.0,-79.2757391090624,50.0,-0.8616928164028522,-0.5074302810827518,18.82
0.0,0.0,1.0,0.0,1018.7866666666664,5.0,271.0,23.0,-20.208662365703002,47.0,-0.8786374941610001,-0.4774894280028391,21.09
0.0,0.0,1.0,0.0,945.3633333333331,13.0,264.0,91.0,-80.69161674055236,42.0,-0.886721063082993,-0.46230483047981086,23.1
0.0,0.0,1.0,0.0,787.9399999999999,25.0,270.0,90.0,-80.50880132788046,44.0,-0.8945422369764496,-0.4469834295196741,12.59
0.0,0.0,1.0,0.0,2096.563333333333,24.0,271.0,78.0,-70.36369871155432,44.0,-0.9020987014301837,-0.43152975897147144,14.65
0.0,0.0,1.0,0.0,2054.2566666666667,13.0,275.0,80.0,-72.7510576291834,43.0,-0.9093882203647925,-0.4159483918249421,22.98
0.0,0.0,1.0,0.0,2418.96,59.0,236.0,75.0,-68.73064775207594,44.0,-0.9164086366943458,-0.4002439388573056,22.36
0.0,0.0,1.0,0.0,1578.6233333333332,0.0,247.0,100.0,-92.31578729647039,49.0,-0.9231578729647039,-0.38442104726885545,25.14
0.0,0.0,1.0,0.0,1255.4166666666667,34.0,244.0,20.0,-18.59267863936539,45.0,-0.9296339319682695,-0.3684843993077793,15.9
0.0,0.0,1.0,0.0,1149.64,0.0,249.0,90.0,-84.22514076014947,43.0,-0.9358348973349941,-0.35243871088460327,25.19
0.0,0.0,1.0,0.0,1056.2766666666666,63.0,186.0,88.0,-82.87478620075262,47.0,-0.9417589340994617,-0.33628873017668287,24.67
0.0,0.0,1.0,0.0,1462.54,7.0,179.0,88.0,-83.8436977150829,50.0,-0.9527692922168511,-0.30369503751065885,23.65
0.0,0.0,1.0,0.0,1281.0,3.0,208.0,85.0,-81.82541785087264,46.0,-0.9626519747161487,-0.2707418984477642,17.16
0.0,0.0,1.0,0.0,1100.0133333333333,0.0,217.0,21.0,-20.310501325752355,41.0,-0.9671667297977312,-0.2541427094613622,23.14
0.0,0.0,1.0,0.0,1193.1666666666667,11.0,218.0,113.0,-109.76766716926376,45.0,-0.97139528468375,-0.23746831555846842,23.21
0.0,0.0,1.0,0.0,1245.506666666667,19.0,224.0,88.0,-85.82960215075697,49.0,-0.9753363880767837,-0.2207236509605022,18.72
0.0,0.0,1.0,0.0,1389.4033333333334,6.0,222.0,93.0,-91.04596525790667,45.0,-0.9789888737409319,-0.20391367068311472,21.72
0.0,0.0,1.0,0.0,2133.7466666666664,31.0,223.0,88.0,-86.44694615452929,46.0,-0.9823516608469237,-0.18704334906991657,18.22
0.0,0.0,1.0,0.0,2128.0833333333335,25.0,201.0,74.0,-73.12711412956652,50.0,-0.9882042449941422,-0.15314166701312007,21.45
0.0,0.0,1.0,0.0,2072.6766666666667,17.0,184.0,82.0,-81.41675150992708,48.0,-0.9928872135356962,-0.11905873003404988,21.11
0.0,0.0,1.0,0.0,1154.5766666666668,20.0,164.0,69.0,-68.7512566434919,49.0,-0.9963950238187231,-0.08483487790576538,25.04
0.0,0.0,1.0,0.0,1317.1033333333335,11.0,172.0,96.0,-95.87745831171813,44.0,-0.9987235240803972,-0.050510617185222886,25.49
0.0,0.0,1.0,0.0,1850.9433333333334,31.0,148.0,87.0,-86.95168168700278,45.0,-0.9994446170919858,-0.033323525711631344,18.44
0.0,0.0,1.0,0.0,1615.3966666666665,5.0,167.0,35.0,-34.99544854266507,48.0,-0.9998699583618592,-0.016126573270657762,20.34
0.0,0.0,1.0,0.0,2207.206666666667,0.0,177.0,94.0,-93.98429915838987,48.0,-0.999832969770105,0.018276557681691223,31.88
0.0,0.0,1.0,0.0,1855.5199999999998,0.0,219.0,102.0,-101.85848541256529,45.0,-0.9986126020839734,0.052658056924614005,19.79
0.0,0.0,1.0,0.0,2117.476666666667,32.0,226.0,105.0,-104.74370001678044,43.0,-0.9975590477788613,0.06982797572987089,18.65
0.0,0.0,1.0,0.0,1467.9633333333334,9.0,260.0,72.0,-71.72714157856774,42.0,-0.9962102997023297,0.0869772313136861,23.21
0.0,0.0,1.0,0.0,994.21,12.0,283.0,21.0,-20.885901896383306,46.0,-0.9945667569706337,0.1041007489354256,21.81
0.0,0.0,1.0,0.0,993.7066666666666,25.0,287.0,93.0,-91.61017747939962,48.0,-0.9850556718215013,0.172236243027682,19.95
0.0,0.0,1.0,0.0,1911.7600000000002,4.0,313.0,95.0,-93.28498306773137,48.0,-0.981947190186646,0.18915526872004093,23.63
0.0,0.0,1.0,0.0,2706.3266666666673,32.0,344.0,31.0,-30.22064483595979,45.0,-0.9748595108374125,0.22282040779479959,13.0
0.0,0.0,1.0,0.0,2796.36,3.0,349.0,86.0,-83.495887301399,46.0,-0.9708824104813836,0.23955655912092708,26.78
0.0,0.0,1.0,0.0,1853.1333333333332,0.0,349.0,73.0,-70.5631147592071,47.0,-0.9666180104000972,0.2562218218071163,26.84
0.0,0.0,1.0,0.0,1567.4399999999998,0.0,377.0,103.0,-98.59494166230114,43.0,-0.957232443323312,0.28931997761869527,19.09
0.0,0.0,1.0,0.0,1154.7666666666667,19.0,386.0,28.0,-26.348941772863352,43.0,-0.9410336347451197,0.3383130181923076,16.25
0.0,0.0,1.0,0.0,1343.3933333333334,7.0,406.0,86.0,-80.41644005423393,45.0,-0.9350748843515574,0.3544502230989869,24.56
0.0,0.0,1.0,0.0,1224.87,24.0,390.0,87.0,-80.8090304322552,45.0,-0.9288394302558068,0.3704825404820963,25.28
0.0,0.0,1.0,0.0,1788.5033333333333,10.0,429.0,90.0,-83.0096205866149,40.0,-0.9223291176290545,0.3864052261209853,20.08
0.0,0.0,1.0,0.0,1784.3799999999999,42.0,387.0,89.0,-81.48358269500166,48.0,-0.9155458729775467,0.40221356823680365,31.79
0.0,0.0,1.0,0.0,2007.0933333333335,39.0,349.0,93.0,-82.37241740967143,49.0,-0.8857249183835637,0.4642104791518923,23.08
0.0,0.0,1.0,0.0,1749.7300000000002,43.0,360.0,80.0,-70.20869733518714,37.0,-0.8776087166898392,0.4793776594606945,19.14
0.0,0.0,1.0,0.0,1335.8933333333334,35.0,388.0,110.0,-94.665966587513,47.0,-0.8605996962501181,0.5092820071573356,8.87
0.0,0.0,1.0,0.0,876.2366666666667,29.0,468.0,90.0,-75.83148809879428,43.0,-0.8425720899866032,0.5385835804920232,13.56
0.0,0.0,1.0,0.0,611.7233333333334,30.0,441.0,26.0,-21.66275640331864,47.0,-0.8331829385891785,0.5529974600700271,24.04
0.0,0.0,1.0,0.0,984.1233333333333,63.0,379.0,91.0,-74.04377257054952,44.0,-0.8136678304455991,0.5813300798152042,29.71
0.0,0.0,1.0,0.0,1377.25,8.0,399.0,102.0,-81.96186015045897,39.0,-0.8035476485339116,0.5952404359043674,21.6
0.0,0.0,1.0,0.0,1903.0133333333333,0.0,399.0,104.0,-82.49172713029917,49.0,-0.7931896839451843,0.6089746507720486,27.62
0.0,0.0,1.0,0.0,1968.4266666666665,28.0,406.0,98.0,-76.69450617324277,44.0,-0.7825970017677834,0.6225286602431057,24.48
0.0,0.0,1.0,0.0,1530.83,28.0,453.0,91.0,-70.2313190257573,46.0,-0.7717727365467836,0.6358984534680745,10.4
0.0,0.0,1.0,0.0,1972.8633333333335,27.0,476.0,35.0,-26.625203197474363,44.0,-0.7607200913564104,0.6490800741100398,20.46
0.0,0.0,1.0,0.0,1764.5866666666668,8.0,494.0,106.0,-79.44088770633272,41.0,-0.7494423368521954,0.6620696215153815,20.1
0.0,0.0,1.0,0.0,2292.516666666667,49.0,449.0,85.0,-62.72513887576678,52.0,-0.7379428103031386,0.6748632518680403,26.26
0.0,0.0,1.0,0.0,1837.9366666666667,0.0,451.0,100.0,-72.62249146041543,41.0,-0.7262249146041543,0.6874571793269664,30.6
0.0,0.0,1.0,0.0,1809.306666666667,1.0,458.0,78.0,-55.71478514699005,48.0,-0.7142921172691032,0.699847677146407,23.69
0.0,0.0,1.0,0.0,1569.17,54.0,415.0,92.0,-64.5976113452322,42.0,-0.7021479494046978,0.7120310787787131,25.75
0.0,0.0,1.0,0.0,1448.5033333333333,63.0,371.0,95.0,-65.53062044323092,45.0,-0.6897960046655887,0.7240037789593305,25.85
0.0,0.0,1.0,0.0,1139.1833333333334,109.0,442.0,44.0,-29.79855728040176,44.0,-0.6772399381909491,0.7357622347736527,11.32
0.0,0.0,1.0,0.0,1230.3366666666668,3.0,441.0,88.0,-58.47454496601126,49.0,-0.6644834655228552,0.7473029667054296,29.3
0.0,0.0,1.0,0.0,2005.636666666667,1.0,448.0,87.0,-56.683141451091785,43.0,-0.6515303615068021,0.75862255966641,28.3
0.0,0.0,1.0,0.0,2291.53,28.0,448.0,98.0,-55.85030364605072,48.0,-0.5699010576127624,0.8217133225960589,18.2
0.0,0.0,1.0,0.0,2246.536666666667,0.0,484.0,105.0,-58.346607109985136,45.0,-0.5556819724760489,0.8313949395234058,23.71
0.0,0.0,1.0,0.0,1340.7633333333335,35.0,483.0,93.0,-50.340756045636404,46.0,-0.5412984521036173,0.8408305333122887,19.48
0.0,0.0,1.0,0.0,1293.0433333333333,75.0,447.0,95.0,-50.04170151700264,44.0,-0.5267547528105542,0.8500173118187018,17.16
0.0,0.0,1.0,0.0,1526.2966666666669,50.0,402.0,83.0,-42.500579799851565,51.0,-0.5120551783114646,0.8589525565270845,26.52
0.0,0.0,1.0,0.0,1279.7866666666666,26.0,445.0,87.0,-43.256754824883586,41.0,-0.4972040784469378,0.8676336233547726,8.43
0.0,0.0,1.0,0.0,1217.5600000000002,4.0,444.0,48.0,-23.145880699024925,46.0,-0.4822058478963526,0.8760579434344281,26.83
0.0,0.0,1.0,0.0,808.7366666666667,2.0,442.0,67.0,-29.23698859500769,43.0,-0.4363729641045924,0.8997658785476209,25.55
0.0,0.0,1.0,0.0,1037.4166666666667,8.0,491.0,95.0,-39.978945816587284,47.0,-0.42083100859565564,0.9071390534005044,18.51
0.0,0.0,1.0,0.0,1165.04,11.0,480.0,90.0,-36.46480701786807,50.0,-0.4051645224207563,0.9142437912130223,19.53
0.0,0.0,1.0,0.0,1241.5800000000002,19.0,492.0,100.0,-38.93781415452015,44.0,-0.3893781415452015,0.9210779895789526,20.68
0.0,0.0,1.0,0.0,1348.7166666666667,180.0,332.0,88.0,-31.456868569707805,44.0,-0.3574644155648614,0.9339267592294762,25.75
0.0,0.0,1.0,0.0,1285.72,2.0,383.0,97.0,-31.5373774909912,46.0,-0.3251276029999093,0.9456701548465688,16.66
0.0,0.0,1.0,0.0,2187.2933333333335,8.0,375.0,84.0,-24.562102063890496,44.0,-0.29240597695107734,0.9562942772197719,18.74
0.0,0.0,1.0,0.0,2263.853333333333,28.0,353.0,98.0,-27.039468610290122,52.0,-0.27591294500296043,0.9611826292540837,24.47
0.0,0.0,1.0,0.0,2278.12,36.0,385.0,83.0,-18.754979484585583,43.0,-0.22596360824801906,0.974135744004672,11.08
0.0,0.0,1.0,0.0,1425.3566666666666,34.0,355.0,105.0,-21.963218092867418,54.0,-0.20917350564635637,0.9778785428342386,19.18
0.0,0.0,1.0,0.0,1843.8233333333335,39.0,352.0,81.0,-15.578041924366682,42.0,-0.19232150523909483,0.9813319716704275,16.62
0.0,0.0,1.0,0.0,2795.53,5.0,356.0,98.0,-17.190434192819286,45.0,-0.17541259380427843,0.9844950085880858,23.43
0.0,0.0,1.0,0.0,2698.5400000000004,69.0,287.0,79.0,-12.517690221906069,47.0,-0.15845177496083632,0.9873667175937016,22.14
0.0,0.0,1.0,0.0,1836.4800000000002,3.0,289.0,23.0,-3.2532135568226663,44.0,-0.14144406768794202,0.9899462489023779,24.87
0.0,0.0,1.0,0.0,977.1266666666667,0.0,298.0,94.0,-11.693083454941199,43.0,-0.12439450483979998,0.9922328391893008,22.26
0.0,0.0,1.0,0.0,948.3066666666667,57.0,245.0,83.0,-8.906574927478085,43.0,-0.10730813165636247,0.9942258118156161,20.13
0.0,0.0,1.0,0.0,2224.686666666667,0.0,245.0,79.0,-7.125010337357265,44.0,-0.09019000427034513,0.9959245770286599,25.43
0.0,0.0,1.0,0.0,2085.273333333334,31.0,252.0,96.0,-7.0123380682605525,44.0,-0.07304518821104743,0.9973286321364752,15.38
0.0,0.0,1.0,0.0,2124.4600000000005,20.0,272.0,39.0,-0.838553536891738,44.0,-0.021501372740813793,0.999768818762748,20.41
0.0,0.0,1.0,0.0,2051.15,53.0,256.0,94.0,-0.40425571408030553,47.0,-0.004300592702981974,0.9999907524084426,19.18
0.0,0.0,1.0,0.0,2002.033333333333,0.0,256.0,100.0,5.158436686940837,47.0,0.051584366869408364,0.9986686402879997,12.01
0.0,0.0,1.0,0.0,1875.636666666667,6.0,260.0,87.0,5.981720537859129,46.0,0.06875540848113941,0.9976335468520451,14.54
0.0,0.0,1.0,0.0,738.2633333333333,68.0,216.0,87.0,7.4738310707359465,44.0,0.08590610426133272,0.9963032375991965,10.38
0.0,0.0,1.0,0.0,533.5766666666667,4.0,247.0,27.0,2.781847234165827,46.0,0.10303137904317879,0.9946781061893646,10.78
0.0,0.0,1.0,0.0,671.79,36.0,211.0,108.0,14.816023638112862,49.0,0.13718540405660057,0.9905453876091833,16.73
0.0,0.0,1.0,0.0,675.21,9.0,223.0,88.0,15.063581245697588,45.0,0.17117705961019986,0.985240282501282,10.12
0.0,0.0,1.0,0.0,825.6266666666667,0.0,223.0,77.0,14.483655156108414,46.0,0.18809941761179758,0.9821499931752291,12.44
0.0,0.0,1.0,0.0,696.3533333333334,5.0,218.0,85.0,17.422119687407104,46.0,0.20496611396949532,0.9787690698649216,15.13
0.0,0.0,1.0,0.0,612.5566666666666,9.0,209.0,36.0,7.983797672033347,48.0,0.22177215755648186,0.975098513039961,13.39
0.0,0.0,1.0,0.0,659.6033333333334,4.0,205.0,89.0,22.71123476798018,45.0,0.2551824131233728,0.9668929289391521,13.03
0.0,0.0,1.0,0.0,663.49,0.0,256.0,116.0,33.44171432230405,49.0,0.2882906407095177,0.9575429528116719,11.32
0.0,0.0,1.0,0.0,813.8366666666667,38.0,226.0,91.0,27.729450212933866,46.0,0.3047192331091634,0.9524422234305676,12.97
0.0,0.0,1.0,0.0,768.77,40.0,186.0,73.0,25.801461003008402,44.0,0.3534446712740877,0.9354554315134164,13.55
0.0,0.0,1.0,0.0,749.6933333333333,37.0,149.0,90.0,33.25353151026448,47.0,0.3694836834473831,0.9292372181882051,13.24
0.0,0.0,1.0,0.0,1276.59,0.0,149.0,95.0,36.614269148160936,52.0,0.38541335945432564,0.9227440286201427,14.51
0.0,0.0,1.0,0.0,1354.7966666666664,10.0,139.0,89.0,37.106403438256855,45.0,0.4169258813287287,0.908940487313808,15.02
0.0,0.0,1.0,0.0,1342.2033333333331,24.0,115.0,86.0,37.19494858352218,49.0,0.4324994021339788,0.901634220265486,13.03
0.0,0.0,1.0,0.0,841.6999999999999,35.0,90.0,30.0,13.438348182236734,44.0,0.44794493940789115,0.8940611451454876,17.47
0.0,0.0,1.0,0.0,801.6966666666667,0.0,92.0,94.0,43.54624472134422,49.0,0.4632579225674917,0.88622350294858,11.84
0.0,0.0,1.0,0.0,741.2833333333334,21.0,71.0,92.0,44.01591146343251,53.0,0.4784338202547012,0.8781236129591848,9.17
0.0,0.0,1.0,0.0,687.46,0.0,71.0,92.0,45.39906903430584,52.0,0.49346814167723735,0.8697638720650646,10.66
0.0,0.0,1.0,0.0,683.5633333333334,0.0,71.0,94.0,47.78550516612614,47.0,0.5083564379375122,0.8611467540480452,11.74
0.0,0.0,1.0,0.0,806.21,0.0,71.0,81.0,42.37063857127974,45.0,0.5230943033491326,0.8522748088519838,9.75
0.0,0.0,1.0,0.0,649.48,0.0,71.0,33.0,18.219344310615387,47.0,0.5521013427459208,0.8337770129585915,9.94
0.0,0.0,1.0,0.0,555.39,51.0,20.0,85.0,48.140764311923455,46.0,0.5663619330814524,0.8241566360566663,8.16
0.0,0.0,1.0,0.0,425.16333333333336,8.0,12.0,91.0,52.82139843062792,47.0,0.580454927809098,0.8142923779467267,9.38
0.0,0.0,1.0,0.0,500.44000000000005,0.0,33.0,93.0,55.276982562403425,43.0,0.5943761565849831,0.804187157621448,7.54
0.0,0.0,1.0,0.0,590.4233333333333,0.0,33.0,94.0,57.16342098999293,42.0,0.6081214998935418,0.7938439653781019,12.09
0.0,0.0,1.0,0.0,1101.0433333333333,0.0,52.0,96.0,59.681941465588594,42.0,0.6216868902665479,0.7832658619336791,10.89
0.0,0.0,1.0,0.0,1253.1166666666666,0.0,60.0,101.0,64.14189966216112,50.0,0.6350683134867438,0.7724559775191742,12.94
0.0,0.0,1.0,0.0,1180.06,0.0,62.0,51.0,33.061352298561324,49.0,0.6482618097757122,0.7614175109532997,14.86
0.0,0.0,1.0,0.0,800.5533333333333,10.0,61.0,90.0,65.09355528993649,49.0,0.7232617254437388,0.6905740195722293,9.73
0.0,0.0,1.0,0.0,611.2566666666667,2.0,61.0,42.0,30.871414313583536,47.0,0.7350336741329413,0.6780306024735382,12.19
0.0,0.0,1.0,0.0,638.61,0.0,72.0,95.0,70.92587088057924,45.0,0.746588114532413,0.6652865452111116,9.66
0.0,0.0,1.0,0.0,1258.4433333333334,0.0,72.0,88.0,66.69710321976655,44.0,0.7579216274973472,0.6523456189565257,13.82
0.0,0.0,1.0,0.0,1389.4833333333333,0.0,72.0,81.0,62.29149959997237,45.0,0.7690308592589181,0.6392116531380588,13.83
0.0,0.0,1.0,0.0,1551.6000000000001,0.0,94.0,94.0,73.31177710717147,40.0,0.7799125224167177,0.6258885343075018,10.87
0.0,0.0,1.0,0.0,1136.32,0.0,94.0,92.0,72.73183251586244,48.0,0.7905633969115482,0.612380204990065,14.26
0.0,0.0,1.0,0.0,1140.9166666666667,0.0,94.0,97.0,77.69509210489417,41.0,0.8009803309782905,0.5986906625177214,12.13
0.0,0.0,1.0,0.0,864.6,0.0,94.0,32.0,25.957127746513986,46.0,0.8111602420785621,0.5848239578463322,12.16
0.0,0.0,1.0,0.0,638.04,21.0,81.0,98.0,80.46781154566314,51.0,0.8211001178128892,0.5707841943569036,13.43
0.0,0.0,1.0,0.0,1327.7566666666667,0.0,81.0,95.0,78.92571659715185,47.0,0.8307970168121247,0.5565755266413303,12.23
0.0,0.0,1.0,0.0,1532.9366666666665,19.0,63.0,107.0,90.89120130451842,48.0,0.8494504794814806,0.527668345562516,11.84
0.0,0.0,1.0,0.0,1519.9866666666667,8.0,68.0,104.0,89.27375842235674,45.0,0.8584015232918917,0.512978386299228,12.76
0.0,0.0,1.0,0.0,882.3866666666667,2.0,66.0,91.0,78.90596825758995,44.0,0.8670985522812081,0.4981366284784055,14.93
0.0,0.0,1.0,0.0,665.6433333333333,9.0,72.0,25.0,21.888474821465756,43.0,0.8755389928586302,0.4831474640149687,14.0
0.0,0.0,1.0,0.0,708.4966666666666,2.0,73.0,92.0,81.30227195730379,45.0,0.8837203473619977,0.4680153284438345,16.68
0.0,0.0,1.0,0.0,737.4200000000001,11.0,62.0,100.0,89.92961915530253,50.0,0.8992961915530253,0.4373400963303323,14.46
0.0,0.0,1.0,0.0,1159.12,0.0,62.0,86.0,79.17665824568088,50.0,0.9206588168102428,0.3903682146763026,17.83
0.0,0.0,1.0,0.0,922.4366666666666,0.0,70.0,29.0,26.88988884032066,50.0,0.9272375462179537,0.374473674486883,14.48
0.0,0.0,1.0,0.0,899.7066666666666,22.0,48.0,79.0,73.74980939831578,53.0,0.9335418911179212,0.35846832151248087,16.22
0.0,0.0,1.0,0.0,751.2400000000001,0.0,52.0,93.0,87.38000869363478,51.0,0.9395699859530622,0.342356891994542,16.03
0.0,0.0,1.0,0.0,1017.6333333333333,0.0,61.0,96.0,90.75072450366068,40.0,0.945320046913132,0.3261441535642696,18.11
0.0,0.0,1.0,0.0,1117.9666666666665,0.0,61.0,99.0,94.12824687379575,48.0,0.9507903724625832,0.3098349038318025,18.17
0.0,0.0,1.0,0.0,1125.4333333333334,8.0,57.0,83.0,79.34628553905836,50.0,0.9559793438440766,0.2934339689665273,18.35
0.0,0.0,1.0,0.0,982.0999999999999,0.0,57.0,68.0,65.34020893790984,50.0,0.9608854255574977,0.27694620226893646,14.0
0.0,0.0,1.0,0.0,908.7566666666667,1.0,71.0,33.0,31.8617364718731,50.0,0.9655071658143364,0.2603764827344581,18.85
0.0,0.0,1.0,0.0,1071.0233333333333,13.0,69.0,80.0,77.58745575738352,44.0,0.969843196967294,0.24372971360968387,14.57
0.0,0.0,1.0,0.0,1104.0633333333333,0.0,73.0,70.0,68.17245651404947,47.0,0.9738922359149924,0.22701082094141847,16.0
0.0,0.0,1.0,0.0,1407.5633333333335,15.0,58.0,104.0,101.67592078609307,47.0,0.9776530844816641,0.2102247521189836,16.7
0.0,0.0,1.0,0.0,1359.1000000000001,3.0,63.0,105.0,103.01808612602976,42.0,0.981124629771712,0.19337647441020586,13.7
0.0,0.0,1.0,0.0,1599.8433333333332,0.0,65.0,128.0,125.99114809587623,49.0,0.984305844499033,0.17647097349152166,16.86
0.0,0.0,1.0,0.0,1205.1366666666665,0.0,105.0,94.0,92.7964040053548,45.0,0.9871957872910085,0.15951325197263655,11.85
0.0,0.0,1.0,0.0,1055.1866666666665,8.0,97.0,104.0,103.38742592903316,44.0,0.9941098647022418,0.10837701279187609,13.95
0.0,0.0,1.0,0.0,1021.2366666666667,0.0,97.0,117.0,116.51176292067696,53.0,0.9958270335100595,0.09126072172931188,16.45
0.0,0.0,1.0,0.0,1262.5466666666666,4.0,93.0,79.0,78.78271216511027,47.0,0.9972495210773451,0.07411742515094437,18.73
0.0,0.0,1.0,0.0,1204.6266666666668,9.0,122.0,84.0,83.86366014323993,47.0,0.998376906467142,0.056952196034039754,13.93
0.0,0.0,1.0,0.0,1050.4733333333334,0.0,122.0,84.0,83.93354390970993,46.0,0.9992088560679753,0.03977011384605572,16.0
0.0,0.0,1.0,0.0,669.79,4.0,118.0,29.0,28.99260858708463,46.0,0.9997451236925734,0.022576263041545485,16.03
0.0,0.0,1.0,0.0,746.2133333333333,0.0,118.0,86.0,85.9987573559618,52.0,0.9999855506507186,0.005375731557583884,16.59
0.0,0.0,1.0,0.0,817.6633333333333,15.0,105.0,81.0,80.99433532949266,52.0,0.9999300657962057,-0.011826390691832589,19.48
0.0,0.0,1.0,0.0,1065.49,11.0,118.0,84.0,83.96460958602324,48.0,0.9995786855478958,-0.029025013321975237,18.61
0.0,0.0,1.0,0.0,1117.49,4.0,129.0,87.0,86.90704170798261,36.0,0.9989315138848577,-0.046215046983708354,22.59
0.0,0.0,1.0,0.0,1102.743333333333,0.0,142.0,89.0,88.82099806608826,43.0,0.9979887423155984,-0.06339140486951038,18.6
0.0,0.0,1.0,0.0,1072.6733333333334,8.0,155.0,88.0,87.71405718428258,46.0,0.9967506498213929,-0.08054900421874167,16.74
0.0,0.0,1.0,0.0,849.9533333333334,2.0,171.0,32.0,31.84696328875934,43.0,0.9952176027737294,-0.09768276782171598,24.66
0.0,0.0,1.0,0.0,972.9433333333333,40.0,131.0,74.0,73.51086405711612,50.0,0.9933900548258936,-0.11478762552212701,20.54
0.0,0.0,1.0,0.0,1674.9533333333336,0.0,173.0,93.0,92.18797485042148,44.0,0.9912685467787256,-0.13185851571739118,13.22
0.0,0.0,1.0,0.0,1721.2633333333333,0.0,173.0,46.0,45.48727049534707,44.0,0.9888537064205885,-0.1488903868564548,21.24
0.0,0.0,1.0,0.0,1413.8100000000002,0.0,204.0,63.0,62.127213645520484,47.0,0.986146248341595,-0.16587819893463143,12.57
0.0,0.0,1.0,0.0,550.8866666666669,38.0,187.0,46.0,45.22476079121889,44.0,0.9831469737221499,-0.1828169249850199,16.0
0.0,0.0,1.0,0.0,389.3233333333335,0.0,211.0,17.0,16.596702388477844,49.0,0.9762766110869321,-0.21652708524481437,13.24
0.0,0.0,1.0,0.0,434.8633333333335,0.0,231.0,46.0,44.73074758161185,45.0,0.9724075561219968,-0.23328854407545518,21.98
0.0,0.0,1.0,0.0,520.7700000000001,0.0,247.0,52.0,50.34903900606694,49.0,0.9682507501166718,-0.2499809690726521,21.08
0.0,0.0,1.0,0.0,693.1933333333335,2.0,258.0,52.0,49.87210228177388,49.0,0.9590788900341131,-0.28313898122818354,19.02
0.0,0.0,1.0,0.0,1391.9000000000003,24.0,243.0,51.0,48.38736620843731,42.0,0.9487718864399473,-0.31596187665790293,18.14
0.0,0.0,1.0,0.0,1296.7133333333334,15.0,242.0,35.0,33.01187630848053,48.0,0.9431964659565866,-0.33223549871590435,19.09
0.0,0.0,1.0,0.0,1405.0400000000002,13.0,252.0,95.0,89.04748415411584,41.0,0.9373419384643772,-0.3484108069446808,16.8
0.0,0.0,1.0,0.0,2209.78,21.0,237.0,100.0,93.12100364121947,43.0,0.9312100364121947,-0.3644830148102912,22.2
0.0,0.0,1.0,0.0,2284.0100000000007,18.0,246.0,82.0,75.83381109493773,50.0,0.9248025743285089,-0.38044736628785164,11.88
0.0,0.0,1.0,0.0,2450.0400000000004,0.0,258.0,96.0,88.1396590353059,47.0,0.9181214482844364,-0.39629913726891813,23.43
0.0,0.0,1.0,0.0,2383.786666666667,42.0,216.0,90.0,79.26145707871328,47.0,0.8806828564301475,-0.47370635037968,21.69
0.0,0.0,1.0,0.0,3060.64,0.0,223.0,107.0,93.34723407813085,49.0,0.8724040568049612,-0.48878539428899265,29.48
0.0,0.0,1.0,0.0,3006.91,31.0,192.0,76.0,65.65389950756385,50.0,0.8638670987837349,-0.503719798736334,25.26
0.0,0.0,1.0,0.0,1857.323333333333,21.0,183.0,111.0,94.91327045345595,45.0,0.8550745085896932,-0.518505144391157,21.05
0.0,0.0,1.0,0.0,1506.36,24.0,201.0,76.0,64.29819549497178,38.0,0.8460288880917339,-0.533137056031809,19.21
0.0,0.0,1.0,0.0,1212.5366666666666,20.0,185.0,26.0,21.755055764896795,47.0,0.8367329140344921,-0.5476112038402312,25.81
0.0,0.0,1.0,0.0,1236.1166666666666,16.0,204.0,104.0,86.02769107360996,45.0,0.8271893372462497,-0.5619233046832195,23.5
0.0,0.0,1.0,0.0,1178.7233333333334,13.0,226.0,108.0,88.27930603709125,41.0,0.8174009818249189,-0.5760691233798758,22.14
0.0,0.0,1.0,0.0,1732.78,9.0,228.0,110.0,88.81078187325842,45.0,0.8073707443023492,-0.5900444739548627,29.58
0.0,0.0,1.0,0.0,1698.07,14.0,231.0,89.0,70.94204175806028,43.0,0.7971015927871943,-0.6038452208771035,26.48
0.0,0.0,1.0,0.0,1730.9866666666667,23.0,238.0,104.0,81.80604287300662,44.0,0.7865965660866021,-0.6174672802835514,23.21
0.0,0.0,1.0,0.0,1108.9133333333334,6.0,263.0,24.0,18.35739337041894,49.0,0.7648913904341225,-0.6441592666722685,15.25
0.0,0.0,1.0,0.0,905.6966666666667,27.0,266.0,84.0,62.35159619530649,42.0,0.742280907086982,-0.6700888411055113,16.76
0.0,0.0,1.0,0.0,918.2133333333333,12.0,271.0,88.0,63.253685201381245,47.0,0.7187918772884232,-0.6952253139408722,27.45
0.0,0.0,1.0,0.0,1713.42,0.0,335.0,107.0,75.61974144680488,44.0,0.7067265555776158,-0.7074868024503348,8.7
0.0,0.0,1.0,0.0,1602.6999999999998,7.0,346.0,33.0,22.505080919985275,44.0,0.6819721490904629,-0.7313781428679254,26.27
0.0,0.0,1.0,0.0,1563.6466666666668,0.0,357.0,83.0,55.55110233192431,44.0,0.6692903895412567,-0.7430009249440493,28.05
0.0,0.0,1.0,0.0,1259.48,12.0,356.0,106.0,66.78764164434308,45.0,0.6300720909843687,-0.7765366444428655,24.8
0.0,0.0,1.0,0.0,1771.7133333333331,42.0,326.0,98.0,60.42887888337255,46.0,0.6166212130956382,-0.7872599821916922,22.98
0.0,0.0,1.0,0.0,1825.9799999999998,4.0,329.0,96.0,57.88683523866925,45.0,0.6029878670694714,-0.7977503570459932,26.47
0.0,0.0,1.0,0.0,1727.5266666666666,35.0,302.0,40.0,23.56704348929185,41.0,0.5891760872322963,-0.8080046647350754,28.2
0.0,0.0,1.0,0.0,1888.6166666666668,35.0,304.0,112.0,61.23166256128252,44.0,0.5467112728685939,-0.8373211953118121,23.47
0.0,0.0,1.0,0.0,3122.713333333333,11.0,293.0,94.0,48.653037963799754,50.0,0.5175855102531889,-0.8556314858488706,27.78
0.0,0.0,1.0,0.0,3036.5166666666664,17.0,276.0,78.0,39.21767614278574,42.0,0.5027907197793043,-0.8644081744776648,23.04
0.0,0.0,1.0,0.0,2438.0499999999997,30.0,269.0,65.0,31.710064453750274,45.0,0.4878471454423119,-0.8729290708206411,18.31
0.0,0.0,1.0,0.0,985.9533333333334,31.0,265.0,90.0,41.17782384668261,47.0,0.4575313760742512,-0.8891934772070711,16.76
0.0,0.0,1.0,0.0,1005.43,30.0,241.0,71.0,31.393938789662116,48.0,0.44216815196707204,-0.8969321743510065,25.59
0.0,0.0,1.0,0.0,809.8033333333334,17.0,298.0,29.0,11.004132468011786,46.0,0.37945284372454435,-0.925211078289358,10.14
0.0,0.0,1.0,0.0,920.6833333333334,64.0,249.0,97.0,33.69807365487491,47.0,0.3474028211842774,-0.9377159910299093,20.36
0.0,0.0,1.0,0.0,927.1966666666667,18.0,250.0,86.0,28.48502559094504,49.0,0.3312212278016865,-0.9435531242349544,21.15
0.0,0.0,1.0,0.0,1306.07,11.0,254.0,104.0,32.753928555811,38.0,0.31494162072895193,-0.9491110448902284,20.95
0.0,0.0,1.0,0.0,1452.9533333333336,11.0,243.0,92.0,27.46833119746226,50.0,0.2985688173637202,-0.9543881083175908,28.1
0.0,0.0,1.0,0.0,1552.7333333333336,12.0,231.0,89.0,25.107581978690824,47.0,0.2821076626819194,-0.9593827529490743,25.35
0.0,0.0,1.0,0.0,1171.8966666666668,7.0,297.0,31.0,8.232453861925734,44.0,0.26556302780405594,-0.9640935007889755,9.19
0.0,0.0,1.0,0.0,1136.3466666666666,8.0,308.0,107.0,26.636559515253023,45.0,0.24893980855376657,-0.9685189578512204,24.11
0.0,0.0,1.0,0.0,2080.9333333333334,37.0,294.0,102.0,23.688778248925157,41.0,0.23224292400907015,-0.9726578145718654,17.77
0.0,0.0,1.0,0.0,2956.06,0.0,305.0,115.0,22.844513431219678,52.0,0.19864794288017112,-0.9800709131432666,25.1
0.0,0.0,1.0,0.0,3216.03,0.0,321.0,149.0,24.55785915192249,44.0,0.16481784665719793,-0.9863240225317866,25.17
0.0,0.0,1.0,0.0,2284.4733333333334,23.0,305.0,101.0,13.21006026153268,44.0,0.13079267585675922,-0.9914097417023038,24.9
0.0,0.0,1.0,0.0,1827.6466666666665,27.0,294.0,95.0,10.80335388566522,44.0,0.11371951458594969,-0.9935128947338007,23.53
0.0,0.0,1.0,0.0,1578.51,6.0,306.0,95.0,9.178206678714295,45.0,0.0966127018812031,-0.9953220513156602,27.68
0.0,0.0,1.0,0.0,1507.7433333333336,74.0,242.0,86.0,6.835047793431404,43.0,0.07947729992362097,-0.9968366760893436,24.55
0.0,0.0,1.0,0.0,1555.2266666666667,15.0,260.0,112.0,6.979658487684409,45.0,0.062318379354325076,-0.998056320853012,21.27
0.0,0.0,1.0,0.0,2215.826666666667,19.0,303.0,55.0,1.5372664032115675,43.0,0.02795029824021032,-0.999609314096404,9.13
0.0,0.0,1.0,0.0,2113.6299999999997,15.0,288.0,103.0,-0.6644390124048305,46.0,-0.00645086419810515,-0.9999791929590823,15.21
0.0,0.0,1.0,0.0,1875.9533333333336,0.0,326.0,104.0,-4.2478167205027955,45.0,-0.04084439154329611,-0.9991655196610109,12.88
0.0,0.0,1.0,0.0,1067.57,0.0,326.0,89.0,-5.164275670261451,48.0,-0.05802556932878035,-0.9983150972033183,20.62
0.0,0.0,1.0,0.0,849.9333333333334,73.0,262.0,30.0,-2.7699400108617365,41.0,-0.09233133369539122,-0.9957283388645872,21.83
0.0,0.0,1.0,0.0,824.9866666666667,19.0,269.0,86.0,-9.412336103806737,42.0,-0.10944576864891556,-0.993992768446958,14.47
0.0,0.0,1.0,0.0,842.4033333333333,23.0,259.0,98.0,-15.736305370309388,42.0,-0.16057454459499376,-0.9870237158387383,21.02
0.0,0.0,1.0,0.0,2469.0633333333335,11.0,253.0,112.0,-19.883264708947916,50.0,-0.17752914918703497,-0.984115542601034,17.63
0.0,0.0,1.0,0.0,2560.7366666666667,16.0,247.0,89.0,-23.265881467492903,45.0,-0.2614143985111562,-0.965226663665613,18.24
0.0,0.0,1.0,0.0,2515.2466666666664,7.0,260.0,98.0,-27.24195566108045,48.0,-0.2779791393987801,-0.9605871111248129,17.87
0.0,0.0,1.0,0.0,860.9033333333333,16.0,244.0,31.0,-10.141970140784947,41.0,-0.3271603271220951,-0.9449688462364056,16.61
0.0,0.0,1.0,0.0,991.25,18.0,244.0,114.0,-39.143823635588234,44.0,-0.34336687399638804,-0.939201357453208,19.89
0.0,0.0,1.0,0.0,909.4933333333333,10.0,275.0,91.0,-34.167804460573436,47.0,-0.3754703786876202,-0.9268343944460494,15.36
0.0,0.0,1.0,0.0,1059.3966666666668,33.0,257.0,69.0,-27.003690722710786,44.0,-0.3913578365610259,-0.9202385798054075,17.93
0.0,0.0,1.0,0.0,978.5666666666666,62.0,195.0,96.0,-39.084430594008154,49.0,-0.4071294853542516,-0.9133704517637858,18.28
0.0,0.0,1.0,0.0,1060.3999999999999,0.0,288.0,88.0,-37.2046979024756,41.0,-0.4227806579826773,-0.9062320427107697,7.03
0.0,0.0,1.0,0.0,869.3133333333334,38.0,263.0,20.0,-8.766134460250385,45.0,-0.4383067230125192,-0.898825465016444,15.85
0.0,0.0,1.0,0.0,815.2833333333334,0.0,263.0,86.0,-40.33100642665634,47.0,-0.46896519100763184,-0.8832166493127127,17.95
0.0,0.0,1.0,0.0,824.9833333333332,9.0,271.0,77.0,-37.27481616620114,46.0,-0.48408852163897587,-0.8750190302029955,16.16
0.0,0.0,1.0,0.0,1060.4266666666665,26.0,255.0,81.0,-45.15494343205592,48.0,-0.5574684374327892,-0.8301981337405212,16.94
0.0,0.0,1.0,0.0,1067.4466666666667,13.0,242.0,100.0,-58.56957398073508,52.0,-0.5856957398073508,-0.8105309990194823,15.41
0.0,0.0,1.0,0.0,1140.26,5.0,237.0,86.0,-52.73776506177852,42.0,-0.6132298262997502,-0.7899045386224707,16.72
0.0,0.0,1.0,0.0,1132.0533333333333,10.0,227.0,76.0,-47.63122893463309,47.0,-0.6267266965083301,-0.7792391467859886,17.05
0.0,0.0,1.0,0.0,1032.0733333333335,20.0,207.0,30.0,-19.201143246130506,47.0,-0.6400381082043503,-0.7683431655492202,15.23
0.0,0.0,1.0,0.0,1052.64,0.0,207.0,95.0,-63.278441306792814,42.0,-0.666088855860977,-0.7458723993404063,16.38
0.0,0.0,1.0,0.0,1077.4533333333334,18.0,189.0,96.0,-65.16676636667862,46.0,-0.6788204829862355,-0.734304263829602,14.74
0.0,0.0,1.0,0.0,1179.0200000000002,41.0,148.0,98.0,-67.75242114852189,51.0,-0.6913512362094071,-0.722518835873311,15.57
0.0,0.0,1.0,0.0,929.9700000000001,15.0,148.0,82.0,-57.701547413279044,43.0,-0.7036774074790128,-0.7105196029692745,13.96
0.0,0.0,1.0,0.0,946.32,0.0,160.0,93.0,-66.56896748328776,40.0,-0.7157953492826642,-0.6983101158835584,17.4
0.0,0.0,1.0,0.0,1034.45,93.0,67.0,103.0,-76.15740315038019,48.0,-0.7393922635959241,-0.673274892250183,14.22
0.0,0.0,1.0,0.0,1166.6766666666667,13.0,60.0,114.0,-85.59852488748018,41.0,-0.7508642533989489,-0.6604565640279754,15.89
0.0,0.0,1.0,0.0,1214.9533333333334,0.0,71.0,99.0,-75.44929098852572,46.0,-0.7621140503891487,-0.6474427960827475,17.83
0.0,0.0,1.0,0.0,1021.9700000000001,17.0,57.0,78.0,-60.304789394507004,43.0,-0.7731383255706026,-0.6342374393978054,14.94
0.0,0.0,1.0,0.0,856.0133333333333,10.0,70.0,93.0,-72.90584495151157,46.0,-0.7839338166829201,-0.620844401650647,10.4
0.0,0.0,1.0,0.0,794.29,0.0,77.0,96.0,-76.27174359999353,43.0,-0.7944973291665992,-0.6072676460566135,15.93
0.0,0.0,1.0,0.0,1037.9233333333334,0.0,87.0,93.0,-76.70315285602261,49.0,-0.8247650844733614,-0.5654755126737576,17.0
0.0,0.0,1.0,0.0,1182.5933333333332,0.0,89.0,89.0,-74.2589409935429,52.0,-0.8343701235229538,-0.5512045872199277,17.04
0.0,0.0,1.0,0.0,1171.5933333333335,0.0,89.0,86.0,-72.56063027651732,52.0,-0.8437282590292712,-0.5367705514607103,15.36
0.0,0.0,1.0,0.0,994.0,0.0,93.0,101.0,-86.1365088987154,53.0,-0.8528367217694595,-0.522177676659508,13.49
0.0,0.0,1.0,0.0,934.2600000000001,0.0,115.0,104.0,-89.61605290589664,38.0,-0.8616928164028522,-0.5074302810827518,14.51
0.0,0.0,1.0,0.0,950.9633333333335,0.0,167.0,25.0,-21.757348056714186,43.0,-0.8702939222685674,-0.49253272872205434,15.56
0.0,0.0,1.0,0.0,846.9666666666668,15.0,177.0,81.0,-71.82440610972243,45.0,-0.886721063082993,-0.46230483047981086,12.16
0.0,0.0,1.0,0.0,1001.3333333333334,12.0,169.0,106.0,-95.62246235159947,42.0,-0.9020987014301837,-0.43152975897147144,19.91
0.0,0.0,1.0,0.0,1133.6366666666668,0.0,177.0,111.0,-100.94209246049196,42.0,-0.9093882203647925,-0.4159483918249421,19.65
0.0,0.0,1.0,0.0,1236.3933333333334,6.0,205.0,89.0,-81.56036866579677,44.0,-0.9164086366943458,-0.4002439388573056,16.65
0.0,0.0,1.0,0.0,938.4533333333334,11.0,194.0,32.0,-29.541051934870524,47.0,-0.9231578729647039,-0.38442104726885545,21.16
0.0,0.0,1.0,0.0,830.9166666666666,3.0,204.0,88.0,-81.80778601320772,44.0,-0.9296339319682695,-0.3684843993077793,18.72
0.0,0.0,1.0,0.0,712.6966666666667,23.0,236.0,81.0,-76.28247366205639,41.0,-0.9417589340994617,-0.33628873017668287,11.74
0.0,0.0,1.0,0.0,937.8066666666667,7.0,232.0,82.0,-77.68715171799853,47.0,-0.9474042892438845,-0.32003923622313857,21.11
0.0,0.0,1.0,0.0,860.1866666666668,10.0,233.0,76.0,-72.41046620848068,47.0,-0.9527692922168511,-0.30369503751065885,16.29
0.0,0.0,1.0,0.0,1097.9366666666667,2.0,231.0,106.0,-101.5323496753327,49.0,-0.9578523554276669,-0.28726097055059635,17.94
0.0,0.0,1.0,0.0,1991.3366666666668,0.0,265.0,104.0,-100.58533989896405,40.0,-0.9671667297977312,-0.2541427094613622,14.84
0.0,0.0,1.0,0.0,1963.39,4.0,295.0,75.0,-72.85464635128125,43.0,-0.97139528468375,-0.23746831555846842,15.41
0.0,0.0,1.0,0.0,1865.8266666666666,22.0,281.0,86.0,-83.8789293746034,40.0,-0.9753363880767837,-0.2207236509605022,19.3
0.0,0.0,1.0,0.0,1078.1066666666668,52.0,229.0,97.0,-94.9619207528704,50.0,-0.9789888737409319,-0.20391367068311472,21.65
0.0,0.0,1.0,0.0,1099.9466666666667,25.0,228.0,69.0,-67.78226459843773,47.0,-0.9823516608469237,-0.18704334906991657,17.81
0.0,0.0,1.0,0.0,2129.6966666666667,4.0,231.0,104.0,-102.48407044636305,47.0,-0.9854237542919524,-0.17011767832049052,19.57
0.0,0.0,1.0,0.0,1715.6833333333332,8.0,225.0,17.0,-16.79947216490042,46.0,-0.9882042449941422,-0.15314166701312007,19.24
0.0,0.0,1.0,0.0,1808.0033333333329,34.0,191.0,89.0,-88.67915711986636,45.0,-0.9963950238187231,-0.08483487790576538,18.11
0.0,0.0,1.0,0.0,857.4466666666664,0.0,191.0,101.0,-100.7683961637218,42.0,-0.9977068927101168,-0.06768276175455162,19.45
0.0,0.0,1.0,0.0,2435.526666666666,13.0,178.0,93.0,-92.88128773947695,44.0,-0.9987235240803972,-0.050510617185222886,19.3
0.0,0.0,1.0,0.0,2296.3199999999997,55.0,123.0,44.0,-43.97556315204738,48.0,-0.9994446170919858,-0.033323525711631344,22.41
0.0,0.0,1.0,0.0,2231.5599999999995,3.0,132.0,106.0,-105.98621558635708,44.0,-0.9998699583618592,-0.016126573270657762,15.57
0.0,0.0,1.0,0.0,841.1299999999997,11.0,189.0,122.0,-121.99992948701248,43.0,-0.9999994220246925,0.001075151282798226,10.07
0.0,0.0,1.0,0.0,995.353333333333,0.0,236.0,83.0,-82.98613649091872,45.0,-0.999832969770105,0.018276557681691223,20.84
0.0,0.0,1.0,0.0,1276.8599999999997,34.0,282.0,91.0,-90.94272922771371,44.0,-0.9993706508539969,0.03547255575312556,9.63
0.0,0.0,1.0,0.0,1182.3499999999997,34.0,341.0,93.0,-92.87097199380952,42.0,-0.9986126020839734,0.052658056924614005,8.55
0.0,0.0,1.0,0.0,1603.593333333333,8.0,333.0,102.0,-101.44580921100463,45.0,-0.9945667569706337,0.1041007489354256,23.28
0.0,0.0,1.0,0.0,1394.873333333333,0.0,335.0,93.0,-92.31448825190938,50.0,-0.9926289059345095,0.121193461470736,19.69
0.0,0.0,1.0,0.0,1684.3166666666664,24.0,313.0,100.0,-99.03973200352559,48.0,-0.9903973200352558,0.1382503109109819,19.93
0.0,0.0,1.0,0.0,1383.443333333333,7.0,324.0,104.0,-102.73875660204446,45.0,-0.9878726596350429,0.15526624985999563,21.61
0.0,0.0,1.0,0.0,1463.84,2.0,337.0,120.0,-118.20668061858017,48.0,-0.9850556718215013,0.172236243027682,19.49
0.0,0.0,1.0,0.0,1305.943333333333,0.0,346.0,77.0,-75.60993364437174,43.0,-0.981947190186646,0.18915526872004093,18.09
0.0,0.0,1.0,0.0,1228.3499999999997,0.0,346.0,31.0,-30.334992171986293,49.0,-0.9785481345802031,0.20601832032517084,25.35
0.0,0.0,1.0,0.0,1984.9566666666663,0.0,387.0,93.0,-90.66193450787937,45.0,-0.9748595108374125,0.22282040779479959,14.56
0.0,0.0,1.0,0.0,2082.35,0.0,409.0,98.0,-95.14647622717558,46.0,-0.9708824104813836,0.23955655912092708,18.16
0.0,0.0,1.0,0.0,1898.093333333333,12.0,429.0,82.0,-79.26267685280797,46.0,-0.9666180104000972,0.2562218218071163,13.2
0.0,0.0,1.0,0.0,1154.3899999999996,68.0,389.0,108.0,-103.90329782979968,47.0,-0.9620675724981452,0.27281126433401914,16.54
0.0,0.0,1.0,0.0,1404.4899999999998,47.0,369.0,92.0,-88.06538478574471,40.0,-0.957232443323312,0.28931997761869527,20.35
0.0,0.0,1.0,0.0,1524.9399999999998,80.0,336.0,85.0,-80.92969456178936,43.0,-0.9521140536681102,0.3057430764672831,19.52
0.0,0.0,1.0,0.0,1490.0499999999995,93.0,245.0,87.0,-81.86992622282541,50.0,-0.9410336347451197,0.3383130181923076,18.43
0.0,0.0,1.0,0.0,1310.343333333333,0.0,276.0,93.0,-86.96196424469484,45.0,-0.9350748843515574,0.3544502230989869,16.86
0.0,0.0,1.0,0.0,2660.2299999999996,2.0,277.0,84.0,-77.47564588084057,48.0,-0.9223291176290545,0.3864052261209853,24.86
0.0,0.0,1.0,0.0,3311.226666666667,2.0,382.0,104.0,-95.21677078966486,45.0,-0.9155458729775467,0.40221356823680365,7.26
0.0,0.0,1.0,0.0,3364.2666666666664,18.0,368.0,94.0,-85.39822013581578,50.0,-0.9084917035725082,0.41790288888678667,23.62
0.0,0.0,1.0,0.0,1783.2733333333329,15.0,354.0,22.0,-19.82571133083545,50.0,-0.9011686968561569,0.4334685453485363,24.82
0.0,0.0,1.0,0.0,1080.2466666666662,9.0,345.0,81.0,-72.37990060574361,45.0,-0.8935790198239952,0.4489059314938798,24.69
0.0,0.0,1.0,0.0,1142.6066666666663,0.0,366.0,105.0,-93.0011164302742,48.0,-0.8857249183835637,0.4642104791518923,14.81
0.0,0.0,1.0,0.0,1381.8266666666666,41.0,334.0,97.0,-85.1280455189144,44.0,-0.8776087166898392,0.4793776594606945,17.63
0.0,0.0,1.0,0.0,1275.8866666666665,22.0,352.0,83.0,-70.69208859199426,47.0,-0.8517119107469189,0.5240103253675756,17.98
0.0,0.0,1.0,0.0,881.553333333333,32.0,349.0,37.0,-31.175167329504315,43.0,-0.8425720899866032,0.5385835804920232,23.57
0.0,0.0,1.0,0.0,1967.153333333333,28.0,344.0,88.0,-73.32009859584771,47.0,-0.8331829385891785,0.5529974600700271,14.58
0.0,0.0,1.0,0.0,2486.6733333333327,27.0,423.0,97.0,-79.88408179069326,46.0,-0.8235472349556007,0.5672476988027229,10.71
0.0,0.0,1.0,0.0,2617.336666666666,47.0,378.0,75.0,-61.025087283419936,49.0,-0.8136678304455991,0.5813300798152042,18.23
0.0,0.0,1.0,0.0,1434.983333333333,2.0,417.0,87.0,-69.00750250323104,38.0,-0.7931896839451843,0.6089746507720486,14.91
0.0,0.0,1.0,0.0,1073.083333333333,31.0,387.0,84.0,-65.7381481484938,51.0,-0.7825970017677834,0.6225286602431057,24.39
0.0,0.0,1.0,0.0,1157.893333333333,3.0,408.0,93.0,-70.74696849614617,45.0,-0.7607200913564104,0.6490800741100398,19.62
0.0,0.0,1.0,0.0,1136.7199999999996,107.0,335.0,89.0,-66.7003679798454,42.0,-0.7494423368521954,0.6620696215153815,13.31
0.0,0.0,1.0,0.0,1378.543333333333,4.0,424.0,80.0,-59.03542482425109,47.0,-0.7379428103031386,0.6748632518680403,11.14
0.0,0.0,1.0,0.0,1637.2599999999995,1.0,425.0,83.0,-59.28624573333557,47.0,-0.7142921172691032,0.699847677146407,23.11
0.0,0.0,1.0,0.0,1893.1033333333332,0.0,438.0,104.0,-70.4329535718587,49.0,-0.6772399381909491,0.7357622347736527,20.87
0.0,0.0,1.0,0.0,1483.8199999999997,21.0,440.0,95.0,-61.8953843431462,44.0,-0.6515303615068021,0.75862255966641,15.96
0.0,0.0,1.0,0.0,2319.756666666666,9.0,472.0,76.0,-48.51721889727448,39.0,-0.6383844591746642,0.7697176640069211,16.22
0.0,0.0,1.0,0.0,1988.5600000000002,40.0,522.0,84.0,-52.504170483276766,48.0,-0.6250496486104377,0.7805849965070866,9.14
0.0,0.0,1.0,0.0,2046.4066666666665,29.0,493.0,81.0,-49.53391993972753,44.0,-0.6115298757991053,0.7912213413483807,21.58
0.0,0.0,1.0,0.0,753.533333333333,23.0,490.0,48.0,-28.695798790029848,45.0,-0.5978291414589552,0.801623551065242,19.25
0.0,0.0,1.0,0.0,847.4066666666664,106.0,432.0,96.0,-56.05934398633918,39.0,-0.5839514998576998,0.8117885474764613,13.71
0.0,0.0,1.0,0.0,1023.6399999999998,2.0,436.0,73.0,-40.56478399075157,45.0,-0.5556819724760489,0.8313949395234058,18.01
0.0,0.0,1.0,0.0,1239.0366666666662,41.0,434.0,107.0,-56.362758550729296,42.0,-0.5267547528105542,0.8500173118187018,18.49
0.0,0.0,1.0,0.0,2036.5266666666666,1.0,475.0,99.0,-50.693462652834995,45.0,-0.5120551783114646,0.8589525565270845,14.44
0.0,0.0,1.0,0.0,1601.9966666666667,24.0,461.0,28.0,-13.921714196514259,41.0,-0.4972040784469378,0.8676336233547726,20.32
0.0,0.0,1.0,0.0,1610.3466666666664,34.0,479.0,114.0,-54.9714666601842,50.0,-0.4822058478963526,0.8760579434344281,11.36
0.0,0.0,1.0,0.0,704.1133333333331,93.0,414.0,69.0,-31.173219498468995,43.0,-0.451785789832884,0.8921264484954345,10.48
0.0,0.0,1.0,0.0,963.3433333333332,2.0,425.0,84.0,-35.349804722035074,47.0,-0.42083100859565564,0.9071390534005044,20.24
0.0,0.0,1.0,0.0,1865.8266666666666,13.0,455.0,117.0,-47.40424912322849,50.0,-0.4051645224207563,0.9142437912130223,13.99
0.0,0.0,1.0,0.0,1753.51,23.0,453.0,17.0,-6.619428406268425,47.0,-0.3893781415452015,0.9210779895789526,11.76
0.0,0.0,1.0,0.0,1688.0266666666666,41.0,463.0,98.0,-36.60070066648093,46.0,-0.37347653741307074,0.9276396261490467,14.68
0.0,0.0,1.0,0.0,499.69999999999965,90.0,444.0,90.0,-32.17179740083753,42.0,-0.3574644155648614,0.9339267592294762,7.41
0.0,0.0,1.0,0.0,1303.7566666666664,0.0,445.0,64.0,-20.808166591994194,47.0,-0.3251276029999093,0.9456701548465688,20.03
0.0,0.0,1.0,0.0,1424.693333333333,20.0,436.0,95.0,-29.33718572029411,41.0,-0.30881248126625377,0.9511229423235357,21.81
0.0,0.0,1.0,0.0,2103.243333333333,48.0,410.0,79.0,-23.10007217913511,41.0,-0.29240597695107734,0.9562942772197719,14.3
0.0,0.0,1.0,0.0,1861.5966666666664,6.0,404.0,98.0,-23.78331076909435,46.0,-0.2426868445825954,0.9701046827361175,16.6
0.0,0.0,1.0,0.0,1686.043333333333,39.0,407.0,95.0,-21.46654278356181,44.0,-0.22596360824801906,0.974135744004672,12.61
0.0,0.0,1.0,0.0,1188.3933333333332,42.0,378.0,83.0,-17.36140096864758,46.0,-0.20917350564635637,0.9778785428342386,17.51
0.0,0.0,1.0,0.0,864.3466666666664,10.0,395.0,84.0,-16.155006440083966,41.0,-0.19232150523909483,0.9813319716704275,16.42
0.0,0.0,1.0,0.0,915.1799999999997,52.0,378.0,94.0,-16.488783817602172,44.0,-0.17541259380427843,0.9844950085880858,15.48
0.0,0.0,1.0,0.0,1752.9966666666662,28.0,350.0,77.0,-10.891193211971535,46.0,-0.14144406768794202,0.9899462489023779,16.68
0.0,0.0,1.0,0.0,1882.6699999999994,13.0,344.0,100.0,-12.439450483979998,43.0,-0.12439450483979998,0.9922328391893008,19.18
0.0,0.0,1.0,0.0,1862.873333333333,43.0,311.0,85.0,-9.12119119079081,43.0,-0.10730813165636247,0.9942258118156161,15.66
0.0,0.0,1.0,0.0,1013.0466666666663,21.0,290.0,87.0,-7.846530371520026,52.0,-0.09019000427034513,0.9959245770286599,14.95
0.0,0.0,1.0,0.0,841.6099999999997,51.0,285.0,80.0,-5.843615056883794,44.0,-0.07304518821104743,0.9973286321364752,13.9
0.0,0.0,1.0,0.0,678.6066666666663,71.0,230.0,36.0,-1.3930484463549682,46.0,-0.03869579017652689,0.9992510374388481,16.11
0.0,0.0,1.0,0.0,704.683333333333,1.0,233.0,88.0,-1.8921208011916137,46.0,-0.021501372740813793,0.999768818762748,16.98
0.0,0.0,1.0,0.0,2159.316666666666,11.0,222.0,111.0,-0.47736579003099905,48.0,-0.004300592702981974,0.9999907524084426,18.56
0.0,0.0,1.0,0.0,2814.2066666666665,22.0,211.0,86.0,2.9582332127702893,50.0,0.03439806061360801,0.9994082116062598,10.86
0.0,0.0,1.0,0.0,2682.4566666666665,0.0,211.0,89.0,4.5910086513773445,49.0,0.051584366869408364,0.9986686402879997,9.84
0.0,0.0,1.0,0.0,1259.6766666666665,42.0,169.0,89.0,6.119231354821408,46.0,0.06875540848113941,0.9976335468520451,8.17
0.0,0.0,1.0,0.0,554.2366666666663,13.0,156.0,37.0,3.1785258576693103,49.0,0.08590610426133272,0.9963032375991965,9.05
0.0,0.0,1.0,0.0,479.663333333333,27.0,129.0,85.0,8.757667218670196,47.0,0.10303137904317879,0.9946781061893646,6.79
0.0,0.0,1.0,0.0,372.09666666666635,35.0,98.0,102.0,12.252868848599752,45.0,0.1201261651823505,0.9927586335250793,7.36
0.0,0.0,1.0,0.0,436.57333333333304,0.0,98.0,84.0,12.95313999526591,48.0,0.1542040475626894,0.988039023376751,7.49
0.0,0.0,1.0,0.0,465.66666666666634,7.0,91.0,99.0,16.946528901409785,47.0,0.17117705961019986,0.985240282501282,7.03
0.0,0.0,1.0,0.0,444.0699999999997,10.0,87.0,91.0,17.11704700267358,50.0,0.18809941761179758,0.9821499931752291,6.91
0.0,0.0,1.0,0.0,373.7166666666664,0.0,87.0,32.0,6.55891564702385,49.0,0.20496611396949532,0.9787690698649216,9.81
0.0,0.0,1.0,0.0,327.403333333333,46.0,74.0,76.0,16.85468397429262,46.0,0.22177215755648186,0.975098513039961,6.68
0.0,0.0,1.0,0.0,355.3899999999997,16.0,58.0,80.0,19.081006015526118,45.0,0.23851257519407648,0.9711394088771653,9.82
0.0,0.0,1.0,0.0,531.7366666666663,4.0,59.0,115.0,29.345977509187872,47.0,0.2551824131233728,0.9668929289391521,9.5
0.0,0.0,1.0,0.0,891.3366666666662,0.0,71.0,90.0,27.424730979824705,37.0,0.3047192331091634,0.9524422234305676,9.72
0.0,0.0,1.0,0.0,778.5699999999997,11.0,60.0,30.0,9.63172962555813,50.0,0.321057654185271,0.9470596510722283,8.47
0.0,0.0,1.0,0.0,601.033333333333,0.0,133.0,94.0,31.706300498801312,43.0,0.3373010691361842,0.9413968285264122,3.44
0.0,0.0,1.0,0.0,890.8433333333331,0.0,148.0,92.0,32.51690975721607,45.0,0.3534446712740877,0.9354554315134164,9.1
0.0,0.0,1.0,0.0,1038.583333333333,0.0,148.0,92.0,33.99249887715924,47.0,0.3694836834473831,0.9292372181882051,10.05
0.0,0.0,1.0,0.0,1207.1599999999996,0.0,152.0,94.0,36.22885578870661,54.0,0.38541335945432564,0.9227440286201427,10.57
0.0,0.0,1.0,0.0,606.7866666666663,4.0,148.0,79.0,31.697089850352572,53.0,0.4012289854475009,0.9159777842484877,8.65
0.0,0.0,1.0,0.0,1101.543333333333,0.0,148.0,93.0,38.77410696357177,54.0,0.4169258813287287,0.908940487313808,8.9
0.0,0.0,1.0,0.0,2222.816666666666,0.0,148.0,39.0,16.867476683225174,43.0,0.4324994021339788,0.901634220265486,8.49
0.0,0.0,1.0,0.0,2253.6599999999994,6.0,142.0,100.0,44.79449394078912,48.0,0.44794493940789115,0.8940611451454876,8.43
0.0,0.0,1.0,0.0,1684.3899999999996,0.0,142.0,86.0,43.718653662626046,51.0,0.5083564379375122,0.8611467540480452,6.53
0.0,0.0,1.0,0.0,681.3133333333329,33.0,109.0,100.0,52.309430334913266,49.0,0.5230943033491326,0.8522748088519838,6.94
0.0,0.0,1.0,0.0,540.4299999999995,0.0,109.0,33.0,17.743353432440266,48.0,0.5376773767406141,0.8431506618282,6.85
0.0,0.0,1.0,0.0,824.0399999999995,5.0,104.0,94.0,55.87135871898841,47.0,0.5943761565849831,0.804187157621448,8.81
0.0,0.0,1.0,0.0,624.7833333333328,12.0,92.0,104.0,64.65543658772098,49.0,0.6216868902665479,0.7832658619336791,6.49
0.0,0.0,1.0,0.0,639.4199999999995,0.0,94.0,44.0,27.943005793416724,51.0,0.6350683134867438,0.7724559775191742,6.55
0.0,0.0,1.0,0.0,329.2566666666662,73.0,21.0,72.0,48.53300123913236,43.0,0.6740694616546161,0.7386679638813748,6.76
0.0,0.0,1.0,0.0,329.3066666666662,15.0,6.0,93.0,63.86086617209944,50.0,0.6866759803451553,0.726963615332308,7.42
0.0,0.0,1.0,0.0,376.9433333333329,0.0,6.0,97.0,67.81069215485896,42.0,0.6990793005655562,0.7150441465537444,5.55
0.0,0.0,1.0,0.0,370.64666666666625,4.0,9.0,77.0,54.76823290198377,45.0,0.7112757519738152,0.7029130847082615,5.86
0.0,0.0,1.0,0.0,262.2099999999995,0.0,9.0,31.0,22.421113488755903,48.0,0.7232617254437388,0.6905740195722293,6.84
0.0,0.0,1.0,0.0,288.5033333333329,0.0,12.0,100.0,73.50336741329413,43.0,0.7350336741329413,0.6780306024735382,6.42
0.0,0.0,1.0,0.0,343.7366666666662,0.0,12.0,90.0,68.21294647476124,41.0,0.7579216274973472,0.6523456189565257,8.04
0.0,0.0,1.0,0.0,570.4633333333328,0.0,12.0,90.0,69.21277733330263,42.0,0.7690308592589181,0.6392116531380588,7.14
0.0,0.0,1.0,0.0,629.6433333333329,0.0,15.0,99.0,78.26577629424327,46.0,0.7905633969115482,0.612380204990065,8.95
0.0,0.0,1.0,0.0,519.6333333333329,0.0,15.0,27.0,21.626468936413843,44.0,0.8009803309782905,0.5986906625177214,7.37
0.0,0.0,1.0,0.0,433.75999999999954,0.0,15.0,109.0,88.41646638656327,51.0,0.8111602420785621,0.5848239578463322,7.52
0.0,0.0,1.0,0.0,438.9366666666662,0.0,15.0,94.0,77.18341107441158,45.0,0.8211001178128892,0.5707841943569036,9.67
0.0,0.0,1.0,0.0,792.8633333333329,0.0,15.0,96.0,80.6638146823533,45.0,0.8402480696078469,0.5422021592729844,7.94
0.0,0.0,1.0,0.0,781.0566666666663,2.0,13.0,87.0,73.90219171488881,45.0,0.8494504794814806,0.527668345562516,9.38
0.0,0.0,1.0,0.0,890.6766666666663,0.0,13.0,97.0,83.26494775931349,46.0,0.8584015232918917,0.512978386299228,6.02
0.0,0.0,1.0,0.0,715.7199999999997,0.0,17.0,81.0,70.91865842154905,51.0,0.8755389928586302,0.4831474640149687,11.65
0.0,0.0,1.0,0.0,1287.9066666666663,0.0,17.0,113.0,99.86039925190573,38.0,0.8837203473619977,0.4680153284438345,10.99
0.0,0.0,1.0,0.0,1209.173333333333,7.0,14.0,94.0,83.81417831090741,49.0,0.8916401947968874,0.45274469960737107,10.97
0.0,0.0,1.0,0.0,1173.9199999999998,0.0,24.0,88.0,79.13806485666623,44.0,0.8992961915530253,0.4373400963303323,10.02
0.0,0.0,1.0,0.0,764.0433333333331,3.0,47.0,80.0,72.53488576782388,46.0,0.9066860720977985,0.4218060770826634,9.04
0.0,0.0,1.0,0.0,731.8633333333331,0.0,50.0,91.0,83.1564961178462,42.0,0.9138076496466615,0.4061472386305789,10.31
0.0,0.0,1.0,0.0,598.263333333333,0.0,102.0,26.0,23.937129237066312,44.0,0.9206588168102428,0.3903682146763026,9.54
0.0,0.0,1.0,0.0,442.1399999999997,3.0,115.0,83.0,77.98430883410416,40.0,0.9395699859530622,0.342356891994542,10.75
0.0,0.0,1.0,0.0,413.11999999999966,0.0,115.0,76.0,72.26006830715633,50.0,0.9507903724625832,0.3098349038318025,9.89
0.0,0.0,1.0,0.0,542.4266666666663,0.0,115.0,84.0,80.30226488290243,50.0,0.9559793438440766,0.2934339689665273,9.38
0.0,0.0,1.0,0.0,445.79999999999967,0.0,115.0,30.0,28.82656276672493,47.0,0.9608854255574977,0.27694620226893646,12.9
0.0,0.0,1.0,0.0,463.64666666666636,0.0,115.0,87.0,83.99912342584726,44.0,0.9655071658143364,0.2603764827344581,10.03
0.0,0.0,1.0,0.0,515.8866666666663,0.0,115.0,90.0,87.65030123234932,54.0,0.9738922359149924,0.22701082094141847,10.86
0.0,0.0,1.0,0.0,614.1466666666664,0.0,125.0,86.0,84.07816526542311,47.0,0.9776530844816641,0.2102247521189836,9.76
0.0,0.0,1.0,0.0,422.0866666666664,4.0,121.0,0.0,0.0,0.0,0.984305844499033,0.17647097349152166,0.0
0.0,0.0,1.0,0.0,185.9799999999997,0.0,121.0,0.0,0.0,0.0,0.9871957872910085,0.15951325197263655,0.0
0.0,0.0,1.0,0.0,0.0,4.0,117.0,0.0,0.0,0.0,0.9897936029670716,0.14250832791617088,0.0
0.0,0.0,1.0,0.0,0.0,10.0,107.0,0.0,0.0,0.0,0.992098522791769,0.12546123335273648,0.0
0.0,0.0,1.0,0.0,0.0,26.0,81.0,0.0,0.0,0.0,0.9941098647022418,0.10837701279187609,0.0
0.0,0.0,1.0,0.0,0.0,3.0,78.0,0.0,0.0,0.0,0.9958270335100595,0.09126072172931188,0.0
0.0,0.0,1.0,0.0,0.0,52.0,26.0,0.0,0.0,0.0,0.9972495210773451,0.07411742515094437,0.0
0.0,0.0,1.0,0.0,0.0,16.0,10.0,0.0,0.0,0.0,0.998376906467142,0.056952196034039754,0.0
0.0,0.0,1.0,0.0,0.0,0.0,10.0,0.0,0.0,0.0,0.9992088560679753,0.03977011384605572,0.0
0.0,0.0,1.0,0.0,0.0,0.0,10.0,0.0,0.0,0.0,0.9999855506507186,0.005375731557583884,0.0
0.0,0.0,1.0,0.0,0.0,0.0,10.0,0.0,0.0,0.0,0.9999300657962057,-0.011826390691832589,0.0
0.0,0.0,1.0,0.0,0.0,0.0,10.0,0.0,0.0,0.0,0.9989315138848577,-0.046215046983708354,0.0
0.0,0.0,1.0,0.0,0.0,0.0,10.0,0.0,0.0,0.0,0.9979887423155984,-0.06339140486951038,0.0
0.0,0.0,1.0,0.0,0.0,10.0,0.0,0.0,0.0,0.0,0.9952176027737294,-0.09768276782171598,0.0
0.0,0.0,1.0,0.0,0.0,0.0,0.0,0.0,0.0,0.0,0.9912685467787256,-0.13185851571739118,0.0
0.0,0.0,1.0,0.0,0.0,0.0,0.0,0.0,0.0,0.0,0.9888537064205885,-0.1488903868564548,0.0
0.0,0.0,1.0,0.0,0.0,0.0,0.0,0.0,0.0,0.0,0.986146248341595,-0.16587819893463143,0.0
0.0,0.0,1.0,0.0,0.0,0.0,0.0,0.0,0.0,0.0,0.9831469737221499,-0.1828169249850199,0.0
0.0,0.0,1.0,0.0,0.0,0.0,0.0,0.0,0.0,0.0,0.9798567700958665,-0.1997015525660636,0.0
0.0,0.0,1.0,0.0,0.0,0.0,0.0,0.0,0.0,0.0,0.9724075561219968,-0.23328854407545518,0.0
0.0,0.0,1.0,0.0,0.0,0.0,0.0,0.0,0.0,0.0,0.9682507501166718,-0.2499809690726521,0.0
0.0,0.0,1.0,0.0,0.0,0.0,0.0,0.0,0.0,0.0,0.9638074231367307,-0.26659942067929354,0.0
0.0,0.0,1.0,0.0,0.0,0.0,0.0,0.0,0.0,0.0,0.9590788900341131,-0.28313898122818354,0.0
0.0,0.0,1.0,0.0,0.0,0.0,0.0,0.0,0.0,0.0,0.9540665500578387,-0.2995947563972602,0.0
0.0,0.0,1.0,0.0,0.0,0.0,0.0,0.0,0.0,0.0,0.9487718864399473,-0.31596187665790293,0.0
0.0,0.0,1.0,0.0,0.0,0.0,0.0,0.0,0.0,0.0,0.9431964659565866,-0.33223549871590435,0.0
0.0,0.0,1.0,0.0,0.0,0.0,0.0,0.0,0.0,0.0,0.9373419384643772,-0.3484108069446808,0.0
0.0,0.0,1.0,0.0,0.0,0.0,0.0,0.0,0.0,0.0,0.9312100364121947,-0.3644830148102912,0.0
0.0,0.0,1.0,0.0,0.0,0.0,0.0,0.0,0.0,0.0,0.9248025743285089,-0.38044736628785164,0.0
0.0,0.0,1.0,0.0,0.0,0.0,0.0,0.0,0.0,0.0,0.9181214482844364,-0.39629913726891813,0.0
0.0,0.0,1.0,0.0,0.0,0.0,0.0,0.0,0.0,0.0,0.8964562582905575,-0.44313223418263453,0.0
0.0,0.0,1.0,0.0,0.0,0.0,0.0,0.0,0.0,0.0,0.8887010478292915,-0.45848712914008766,0.0
0.0,0.0,1.0,0.0,0.0,0.0,0.0,0.0,0.0,0.0,0.8806828564301475,-0.47370635037968,0.0
0.0,0.0,1.0,0.0,0.0,0.0,0.0,0.0,0.0,0.0,0.8724040568049612,-0.48878539428899265,0.0
0.0,0.0,1.0,0.0,0.0,0.0,0.0,0.0,0.0,0.0,0.8638670987837349,-0.503719798736334,0.0
0.0,0.0,1.0,0.0,0.0,0.0,0.0,0.0,0.0,0.0,0.8460288880917339,-0.533137056031809,0.0
0.0,0.0,1.0,0.0,0.0,0.0,0.0,0.0,0.0,0.0,0.8073707443023492,-0.5900444739548627,0.0
0.0,0.0,1.0,0.0,0.0,0.0,0.0,0.0,0.0,0.0,0.7865965660866021,-0.6174672802835514,0.0
0.0,0.0,1.0,0.0,0.0,0.0,0.0,0.0,0.0,0.0,0.7758587728069828,-0.6309066211876704,0.0
0.0,0.0,1.0,0.0,0.0,0.0,0.0,0.0,0.0,0.0,0.753697664392914,-0.6572212950663319,0.0
0.0,0.0,1.0,0.0,0.0,0.0,0.0,0.0,0.0,0.0,0.742280907086982,-0.6700888411055113,0.0
0.0,0.0,1.0,0.0,0.0,0.0,0.0,0.0,0.0,0.0,0.7306444969184916,-0.6827580970759147,0.0
0.0,0.0,1.0,0.0,0.0,0.0,0.0,0.0,0.0,0.0,0.7187918772884232,-0.6952253139408722,0.0
0.0,0.0,1.0,0.0,0.0,0.0,0.0,0.0,0.0,0.0,0.7067265555776158,-0.7074868024503348,0.0
0.0,0.0,1.0,0.0,0.0,0.0,0.0,0.0,0.0,0.0,0.6944521021088763,-0.719538934232584,0.0
0.0,0.0,1.0,0.0,0.0,0.0,0.0,0.0,0.0,0.0,0.6819721490904629,-0.7313781428679254,0.0
0.0,0.0,1.0,0.0,0.0,0.0,0.0,0.0,0.0,0.0,0.6564105761979381,-0.7544038410927472,0.0
0.0,0.0,1.0,0.0,0.0,0.0,0.0,0.0,0.0,0.0,0.6433365204044917,-0.765583517007675,0.0
0.0,0.0,1.0,0.0,0.0,0.0,0.0,0.0,0.0,0.0,0.6166212130956382,-0.7872599821916922,0.0
0.0,0.0,1.0,0.0,0.0,0.0,0.0,0.0,0.0,0.0,0.6029878670694714,-0.7977503570459932,0.0
0.0,0.0,1.0,0.0,0.0,0.0,0.0,0.0,0.0,0.0,0.5891760872322963,-0.8080046647350754,0.0
0.0,0.0,1.0,0.0,0.0,0.0,0.0,0.0,0.0,0.0,0.5751899607119775,-0.8180198708443174,0.0
0.0,0.0,1.0,0.0,0.0,0.0,0.0,0.0,0.0,0.0,0.5610336262283677,-0.8277930117131022,0.0
0.0,0.0,1.0,0.0,0.0,0.0,0.0,0.0,0.0,0.0,0.5175855102531889,-0.8556314858488706,0.0
0.0,0.0,1.0,0.0,0.0,0.0,0.0,0.0,0.0,0.0,0.5027907197793043,-0.8644081744776648,0.0
0.0,0.0,1.0,0.0,0.0,0.0,0.0,0.0,0.0,0.0,0.4878471454423119,-0.8729290708206411,0.0
0.0,0.0,1.0,0.0,0.0,0.0,0.0,0.0,0.0,0.0,0.47275920928627757,-0.881191653407483,0.0
0.0,0.0,1.0,0.0,0.0,0.0,0.0,0.0,0.0,0.0,0.4575313760742512,-0.8891934772070711,0.0
0.0,0.0,1.0,0.0,0.0,0.0,0.0,0.0,0.0,0.0,0.42667408318992467,-0.9044054548343001,0.0
0.0,0.0,1.0,0.0,0.0,0.0,0.0,0.0,0.0,0.0,0.36348161248290634,-0.9316013725767187,0.0
0.0,0.0,1.0,0.0,0.0,0.0,0.0,0.0,0.0,0.0,0.3474028211842774,-0.9377159910299093,0.0
0.0,0.0,1.0,0.0,0.0,0.0,0.0,0.0,0.0,0.0,0.3312212278016865,-0.9435531242349544,0.0
0.0,0.0,1.0,0.0,0.0,0.0,0.0,0.0,0.0,0.0,0.31494162072895193,-0.9491110448902284,0.0
0.0,0.0,1.0,0.0,0.0,0.0,0.0,0.0,0.0,0.0,0.2821076626819194,-0.9593827529490743,0.0
0.0,0.0,1.0,0.0,0.0,0.0,0.0,0.0,0.0,0.0,0.26556302780405594,-0.9640935007889755,0.0
0.0,0.0,1.0,0.0,0.0,0.0,0.0,0.0,0.0,0.0,0.23224292400907015,-0.9726578145718654,0.0
0.0,0.0,1.0,0.0,0.0,0.0,0.0,0.0,0.0,0.0,0.21547731504673012,-0.976508846196619,0.0
0.0,0.0,1.0,0.0,0.0,0.0,0.0,0.0,0.0,0.0,0.18175978759137534,-0.9833429613388902,0.0
0.0,0.0,1.0,0.0,0.0,0.0,0.0,0.0,0.0,0.0,0.16481784665719793,-0.9863240225317866,0.0
0.0,0.0,1.0,0.0,0.0,0.0,0.0,0.0,0.0,0.0,0.14782713347053048,-0.9890132145779883,0.0
0.0,0.0,1.0,0.0,0.0,0.0,0.0,0.0,0.0,0.0,0.13079267585675922,-0.9914097417023038,0.0
0.0,0.0,1.0,0.0,0.0,0.0,0.0,0.0,0.0,0.0,0.0966127018812031,-0.9953220513156602,0.0
0.0,0.0,1.0,0.0,0.0,0.0,0.0,0.0,0.0,0.0,0.07947729992362097,-0.9968366760893436,0.0
0.0,0.0,1.0,0.0,0.0,0.0,0.0,0.0,0.0,0.0,0.062318379354325076,-0.998056320853012,0.0
0.0,0.0,1.0,0.0,0.0,0.0,0.0,0.0,0.0,0.0,0.01075130776352193,-0.9999422030204416,0.0
0.0,0.0,1.0,0.0,10.666666666666364,0.0,11.0,21.0,-0.4966736721498633,42.0,-0.023651127245231586,-0.9997202729664083,2.38
0.0,0.0,1.0,0.0,22.816666666666364,0.0,25.0,18.0,-0.73519904777933,47.0,-0.04084439154329611,-0.9991655196610109,3.0
0.0,0.0,1.0,0.0,34.1499999999997,0.0,25.0,18.0,-1.0444602479180463,49.0,-0.05802556932878035,-0.9983150972033183,2.78
0.0,0.0,1.0,0.0,34.6499999999997,0.0,26.0,5.0,-0.37594788207379276,47.0,-0.07518957641475855,-0.9971692572470178,10.0
0.0,0.0,1.0,0.0,34.68999999999969,0.0,44.0,19.0,-1.754295340212433,50.0,-0.09233133369539122,-0.9957283388645872,2.79
0.0,0.0,1.0,0.0,45.24333333333303,0.0,64.0,28.0,-4.020027855530717,48.0,-0.1435724234118113,-0.9896398128792412,3.5
0.0,0.0,1.0,0.0,51.49333333333303,0.0,64.0,20.0,-3.2114908918998752,42.0,-0.16057454459499376,-0.9870237158387383,4.05
0.0,0.0,1.0,0.0,55.14333333333303,0.0,64.0,20.0,-3.5505829837406995,43.0,-0.17752914918703497,-0.984115542601034,3.6
0.0,0.0,1.0,0.0,52.3199999999997,0.0,103.0,31.0,-6.549548423047558,48.0,-0.2112757555821793,-0.9774264960104055,2.77
0.0,0.0,1.0,0.0,52.963333333333026,0.0,142.0,30.0,-6.841733136645594,43.0,-0.2280577712215198,-0.9736476020539838,2.8
0.0,0.0,1.0,0.0,57.81666666666636,0.0,153.0,27.0,-6.608852124226009,42.0,-0.24477230089725957,-0.9695805901076308,3.59
0.0,0.0,1.0,0.0,63.09666666666636,0.0,168.0,26.0,-7.6560021664568305,46.0,-0.2944616217868012,-0.9556633054034704,4.19
0.0,0.0,1.0,0.0,56.129999999999704,0.0,176.0,10.0,-3.108569682435036,43.0,-0.3108569682435036,-0.9504567035349151,5.2
0.0,0.0,1.0,0.0,67.09666666666637,0.0,196.0,36.0,-11.777771776395422,45.0,-0.3271603271220951,-0.9449688462364056,4.03
0.0,0.0,1.0,0.0,87.30333333333301,11.0,185.0,41.0,-14.078041833851909,46.0,-0.34336687399638804,-0.939201357453208,4.83
0.0,0.0,1.0,0.0,124.02333333333303,14.0,171.0,41.0,-16.045671299002063,43.0,-0.3913578365610259,-0.9202385798054075,5.34
0.0,0.0,1.0,0.0,133.28333333333302,0.0,187.0,38.0,-15.47092044346156,44.0,-0.4071294853542516,-0.9133704517637858,4.89
0.0,0.0,1.0,0.0,99.81666666666636,1.0,222.0,6.0,-2.536683947896064,47.0,-0.4227806579826773,-0.9062320427107697,8.33
0.0,0.0,1.0,0.0,93.01333333333304,18.0,206.0,39.0,-18.28964244929764,45.0,-0.46896519100763184,-0.8832166493127127,4.74
0.0,0.0,1.0,0.0,101.11333333333305,20.0,195.0,43.0,-20.815806430475963,44.0,-0.48408852163897587,-0.8750190302029955,5.3
0.0,0.0,1.0,0.0,128.77999999999972,0.0,205.0,39.0,-19.463675504852745,41.0,-0.4990686026885319,-0.8665624788845385,4.77
0.0,0.0,1.0,0.0,130.62999999999968,0.0,205.0,41.0,-21.06994105368172,50.0,-0.5139010013093103,-0.8578494977869301,4.51
0.0,0.0,1.0,0.0,140.12999999999968,39.0,173.0,44.0,-23.896630546070995,45.0,-0.5431052396834317,-0.8396646346181327,6.05
0.0,0.0,1.0,0.0,164.8299999999997,39.0,139.0,47.0,-26.20101655934109,47.0,-0.5574684374327892,-0.8301981337405212,6.0
0.0,0.0,1.0,0.0,180.26999999999967,11.0,144.0,42.0,-24.01000019471362,46.0,-0.5716666713027052,-0.8204859638785327,6.26
0.0,0.0,1.0,0.0,173.4299999999997,15.0,129.0,38.0,-22.25643811267933,49.0,-0.5856957398073508,-0.8105309990194823,6.0
0.0,0.0,1.0,0.0,161.6799999999997,8.0,166.0,56.0,-33.57488352510034,46.0,-0.5995514915196489,-0.8003361849976323,4.2
0.0,0.0,1.0,0.0,171.32666666666637,20.0,165.0,52.0,-31.88795096758701,41.0,-0.6132298262997502,-0.7899045386224707,6.17
0.0,0.0,1.0,0.0,138.7799999999997,0.0,165.0,13.0,-8.14744705460829,50.0,-0.6267266965083301,-0.7792391467859886,6.31
0.0,0.0,1.0,0.0,158.5499999999997,0.0,168.0,53.0,-33.92201973483056,50.0,-0.6400381082043503,-0.7683431655492202,5.91
0.0,0.0,1.0,0.0,152.25666666666635,16.0,177.0,53.0,-34.61748648332729,47.0,-0.65316012232693,-0.7572198192083127,5.13
0.0,0.0,1.0,0.0,211.4599999999997,36.0,146.0,49.0,-32.63835393718787,52.0,-0.666088855860977,-0.7458723993404063,6.76
0.0,0.0,1.0,0.0,209.25999999999968,2.0,144.0,48.0,-32.58338318333931,50.0,-0.6788204829862355,-0.734304263829602,6.23
0.0,0.0,1.0,0.0,234.77666666666633,9.0,135.0,55.0,-38.02431799151739,49.0,-0.6913512362094071,-0.722518835873311,6.89
0.0,0.0,1.0,0.0,220.31333333333302,10.0,125.0,52.0,-36.591225188908666,48.0,-0.7036774074790128,-0.7105196029692745,5.5
0.0,0.0,1.0,0.0,227.62999999999968,0.0,133.0,58.0,-42.20668559213257,42.0,-0.7277014757264236,-0.6858939875998223,6.19
0.0,0.0,1.0,0.0,226.9099999999997,7.0,141.0,62.0,-47.25107112412722,48.0,-0.7621140503891487,-0.6474427960827475,6.29
0.0,0.0,1.0,0.0,252.33666666666636,5.0,136.0,55.0,-42.52260790638314,43.0,-0.7731383255706026,-0.6342374393978054,7.44
0.0,0.0,1.0,0.0,190.57666666666637,16.0,120.0,9.0,-7.150475962499393,49.0,-0.7944973291665992,-0.6072676460566135,7.11
0.0,0.0,1.0,0.0,179.27666666666633,0.0,120.0,47.0,-37.82680964409222,48.0,-0.8048257371083452,-0.593511190196115,7.11
0.0,0.0,1.0,0.0,180.17666666666636,45.0,75.0,46.0,-37.48613527163964,47.0,-0.8149159841660791,-0.5795791048257612,8.91
0.0,0.0,1.0,0.0,282.6499999999997,19.0,67.0,67.0,-55.25926065971521,49.0,-0.8247650844733614,-0.5654755126737576,7.61
0.0,0.0,1.0,0.0,292.70666666666637,0.0,84.0,62.0,-52.311152059814816,41.0,-0.8437282590292712,-0.5367705514607103,6.6
0.0,0.0,1.0,0.0,344.95999999999975,3.0,89.0,73.0,-63.53145632560542,43.0,-0.8702939222685674,-0.49253272872205434,9.22
0.0,0.0,1.0,0.0,403.83666666666636,25.0,64.0,76.0,-66.776449556236,46.0,-0.8786374941610001,-0.4774894280028391,10.3
0.0,0.0,1.0,0.0,481.34666666666635,5.0,73.0,80.0,-71.56337895811598,43.0,-0.8945422369764496,-0.4469834295196741,9.39
0.0,0.0,1.0,0.0,479.01333333333304,0.0,79.0,69.0,-62.244810398682674,41.0,-0.9020987014301837,-0.43152975897147144,9.83
0.0,0.0,1.0,0.0,424.08666666666636,0.0,90.0,57.0,-51.83512856079317,47.0,-0.9093882203647925,-0.4159483918249421,9.6
0.0,0.0,1.0,0.0,375.5499999999997,0.0,95.0,52.0,-48.340964462350016,45.0,-0.9296339319682695,-0.3684843993077793,9.98
0.0,0.0,1.0,0.0,429.283333333333,8.0,103.0,91.0,-85.16097565748447,39.0,-0.9358348973349941,-0.35243871088460327,10.31
0.0,0.0,1.0,0.0,441.5399999999997,15.0,128.0,70.0,-65.92312538696231,49.0,-0.9417589340994617,-0.33628873017668287,8.41
0.0,0.0,1.0,0.0,501.59999999999974,0.0,128.0,82.0,-78.1270819617818,44.0,-0.9527692922168511,-0.30369503751065885,9.66
0.0,0.0,1.0,0.0,597.2733333333331,0.0,129.0,23.0,-22.030604174836338,47.0,-0.9578523554276669,-0.28726097055059635,11.91
0.0,0.0,1.0,0.0,570.0266666666664,0.0,169.0,72.0,-69.3109421795627,41.0,-0.9626519747161487,-0.2707418984477642,7.03
0.0,0.0,1.0,0.0,577.6599999999997,0.0,204.0,78.0,-75.43900492422304,45.0,-0.9671667297977312,-0.2541427094613622,10.68
0.0,0.0,1.0,0.0,387.89333333333303,11.0,233.0,69.0,-67.02627464317875,44.0,-0.97139528468375,-0.23746831555846842,6.72
0.0,0.0,1.0,0.0,463.05333333333306,17.0,216.0,80.0,-78.5881328677539,51.0,-0.9823516608469237,-0.18704334906991657,9.65
0.0,0.0,1.0,0.0,602.7799999999997,8.0,208.0,87.0,-86.1902309840558,41.0,-0.9906923101615609,-0.13612033862266704,9.79
0.0,0.0,1.0,0.0,741.3166666666663,0.0,210.0,88.0,-87.54137089362078,45.0,-0.994788305609327,-0.10196189005174576,12.12
0.0,0.0,1.0,0.0,824.7699999999996,14.0,215.0,91.0,-90.6719471675038,47.0,-0.9963950238187231,-0.08483487790576538,13.03
0.0,0.0,1.0,0.0,730.8566666666665,6.0,229.0,101.0,-100.94390632629057,45.0,-0.9994446170919858,-0.033323525711631344,10.49
0.0,0.0,1.0,0.0,729.2599999999998,11.0,239.0,105.0,-104.98246182586104,48.0,-0.999832969770105,0.018276557681691223,10.02
0.0,0.0,1.0,0.0,856.5599999999998,5.0,273.0,86.0,-85.94587597344373,45.0,-0.9993706508539969,0.03547255575312556,10.97
0.0,0.0,1.0,0.0,628.8733333333331,16.0,257.0,0.0,-0.0,0.0,-0.9975590477788613,0.06982797572987089,0.0
0.0,0.0,1.0,0.0,392.173333333333,40.0,217.0,0.0,-0.0,0.0,-0.9962102997023297,0.0869772313136861,0.0
0.0,0.0,1.0,0.0,0.0,0.0,217.0,0.0,-0.0,0.0,-0.9945667569706337,0.1041007489354256,0.0
0.0,0.0,1.0,0.0,0.0,1.0,216.0,0.0,-0.0,0.0,-0.9926289059345095,0.121193461470736,0.0
0.0,0.0,1.0,0.0,0.0,40.0,176.0,0.0,-0.0,0.0,-0.9903973200352558,0.1382503109109819,0.0
0.0,0.0,1.0,0.0,0.0,35.0,141.0,0.0,-0.0,0.0,-0.9850556718215013,0.172236243027682,0.0
0.0,0.0,1.0,0.0,0.0,40.0,101.0,0.0,-0.0,0.0,-0.9708824104813836,0.23955655912092708,0.0
0.0,0.0,1.0,0.0,0.0,0.0,101.0,0.0,-0.0,0.0,-0.9666180104000972,0.2562218218071163,0.0
0.0,0.0,1.0,0.0,0.0,0.0,101.0,0.0,-0.0,0.0,-0.957232443323312,0.28931997761869527,0.0
0.0,0.0,1.0,0.0,0.0,2.0,99.0,0.0,-0.0,0.0,-0.9521140536681102,0.3057430764672831,0.0
0.0,0.0,1.0,0.0,0.0,19.0,80.0,0.0,-0.0,0.0,-0.9467139181463862,0.3220757010206104,0.0
0.0,0.0,1.0,0.0,0.0,20.0,60.0,0.0,-0.0,0.0,-0.9410336347451197,0.3383130181923076,0.0
0.0,0.0,1.0,0.0,0.0,21.0,39.0,0.0,-0.0,0.0,-0.9223291176290545,0.3864052261209853,0.0
0.0,0.0,1.0,0.0,0.0,39.0,0.0,0.0,-0.0,0.0,-0.9155458729775467,0.40221356823680365,0.0
0.0,0.0,1.0,0.0,0.0,0.0,0.0,0.0,-0.0,0.0,-0.9011686968561569,0.4334685453485363,0.0
0.0,0.0,1.0,0.0,0.0,0.0,0.0,0.0,-0.0,0.0,-0.8857249183835637,0.4642104791518923,0.0
0.0,0.0,1.0,0.0,0.0,0.0,0.0,0.0,-0.0,0.0,-0.8776087166898392,0.4793776594606945,0.0
0.0,0.0,1.0,0.0,0.0,0.0,0.0,0.0,-0.0,0.0,-0.8692328164574792,0.49440298420761813,0.0
0.0,0.0,1.0,0.0,0.0,0.0,0.0,0.0,-0.0,0.0,-0.8517119107469189,0.5240103253675756,0.0
0.0,0.0,1.0,0.0,0.0,0.0,0.0,0.0,-0.0,0.0,-0.8425720899866032,0.5385835804920232,0.0
0.0,0.0,1.0,0.0,0.0,0.0,0.0,0.0,-0.0,0.0,-0.8331829385891785,0.5529974600700271,0.0
0.0,0.0,1.0,0.0,0.0,0.0,0.0,0.0,-0.0,0.0,-0.8136678304455991,0.5813300798152042,0.0
0.0,0.0,1.0,0.0,0.0,0.0,0.0,0.0,-0.0,0.0,-0.8035476485339116,0.5952404359043674,0.0
0.0,0.0,1.0,0.0,0.0,0.0,0.0,0.0,-0.0,0.0,-0.7931896839451843,0.6089746507720486,0.0
0.0,0.0,1.0,0.0,0.0,0.0,0.0,0.0,-0.0,0.0,-0.7825970017677834,0.6225286602431057,0.0
0.0,0.0,1.0,0.0,0.0,0.0,0.0,0.0,-0.0,0.0,-0.7494423368521954,0.6620696215153815,0.0
0.0,0.0,1.0,0.0,0.0,0.0,0.0,0.0,-0.0,0.0,-0.7379428103031386,0.6748632518680403,0.0
0.0,0.0,1.0,0.0,0.0,0.0,0.0,0.0,-0.0,0.0,-0.7262249146041543,0.6874571793269664,0.0
0.0,0.0,1.0,0.0,0.0,0.0,0.0,0.0,-0.0,0.0,-0.7142921172691032,0.699847677146407,0.0
0.0,0.0,1.0,0.0,0.0,0.0,0.0,0.0,-0.0,0.0,-0.7021479494046978,0.7120310787787131,0.0
0.0,0.0,1.0,0.0,0.0,0.0,0.0,0.0,-0.0,0.0,-0.6897960046655887,0.7240037789593305,0.0
0.0,0.0,1.0,0.0,0.0,0.0,0.0,0.0,-0.0,0.0,-0.6772399381909491,0.7357622347736527,0.0
0.0,0.0,1.0,0.0,0.0,0.0,0.0,0.0,-0.0,0.0,-0.6644834655228552,0.7473029667054296,0.0
0.0,0.0,1.0,0.0,0.0,0.0,0.0,0.0,-0.0,0.0,-0.6515303615068021,0.75862255966641,0.0
0.0,0.0,1.0,0.0,0.0,0.0,0.0,0.0,-0.0,0.0,-0.6115298757991053,0.7912213413483807,0.0
0.0,0.0,1.0,0.0,0.0,0.0,0.0,0.0,-0.0,0.0,-0.5978291414589552,0.801623551065242,0.0
0.0,0.0,1.0,0.0,0.0,0.0,0.0,0.0,-0.0,0.0,-0.5839514998576998,0.8117885474764613,0.0
0.0,0.0,1.0,0.0,0.0,0.0,0.0,0.0,-0.0,0.0,-0.5699010576127624,0.8217133225960589,0.0
0.0,0.0,1.0,0.0,0.0,0.0,0.0,0.0,-0.0,0.0,-0.5556819724760489,0.8313949395234058,0.0
0.0,0.0,1.0,0.0,0.0,0.0,0.0,0.0,-0.0,0.0,-0.5267547528105542,0.8500173118187018,0.0
0.0,0.0,1.0,0.0,0.0,0.0,0.0,0.0,-0.0,0.0,-0.5120551783114646,0.8589525565270845,0.0
0.0,0.0,1.0,0.0,0.0,0.0,0.0,0.0,-0.0,0.0,-0.4972040784469378,0.8676336233547726,0.0
0.0,0.0,1.0,0.0,0.0,0.0,0.0,0.0,-0.0,0.0,-0.451785789832884,0.8921264484954345,0.0
0.0,0.0,1.0,0.0,0.0,0.0,0.0,0.0,-0.0,0.0,-0.4363729641045924,0.8997658785476209,0.0
0.0,0.0,1.0,0.0,0.0,0.0,0.0,0.0,-0.0,0.0,-0.42083100859565564,0.9071390534005044,0.0
0.0,0.0,1.0,0.0,0.0,0.0,0.0,0.0,-0.0,0.0,-0.4051645224207563,0.9142437912130223,0.0
0.0,0.0,1.0,0.0,0.0,0.0,0.0,0.0,-0.0,0.0,-0.3893781415452015,0.9210779895789526,0.0
0.0,0.0,1.0,0.0,0.0,0.0,0.0,0.0,-0.0,0.0,-0.37347653741307074,0.9276396261490467,0.0
0.0,0.0,1.0,0.0,0.0,0.0,0.0,0.0,-0.0,0.0,-0.3574644155648614,0.9339267592294762,0.0
0.0,0.0,1.0,0.0,0.0,0.0,0.0,0.0,-0.0,0.0,-0.34134651424503615,0.9399375283564133,0.0
0.0,0.0,1.0,0.0,0.0,0.0,0.0,0.0,-0.0,0.0,-0.3251276029999093,0.9456701548465688,0.0
0.0,0.0,1.0,0.0,0.0,0.0,0.0,0.0,-0.0,0.0,-0.30881248126625377,0.9511229423235357,0.0
0.0,0.0,1.0,0.0,0.0,0.0,0.0,0.0,-0.0,0.0,-0.29240597695107734,0.9562942772197719,0.0
0.0,0.0,1.0,0.0,0.0,0.0,0.0,0.0,-0.0,0.0,-0.27591294500296043,0.9611826292540837,0.0
0.0,0.0,1.0,0.0,0.0,0.0,0.0,0.0,-0.0,0.0,-0.2426868445825954,0.9701046827361175,0.0
0.0,0.0,1.0,0.0,0.0,0.0,0.0,0.0,-0.0,0.0,-0.22596360824801906,0.974135744004672,0.0
0.0,0.0,1.0,0.0,0.0,0.0,0.0,0.0,-0.0,0.0,-0.19232150523909483,0.9813319716704275,0.0
0.0,0.0,1.0,0.0,0.0,0.0,0.0,0.0,-0.0,0.0,-0.15845177496083632,0.9873667175937016,0.0
0.0,0.0,1.0,0.0,0.0,0.0,0.0,0.0,-0.0,0.0,-0.14144406768794202,0.9899462489023779,0.0
0.0,0.0,1.0,0.0,0.0,0.0,0.0,0.0,-0.0,0.0,-0.12439450483979998,0.9922328391893008,0.0
0.0,0.0,1.0,0.0,0.0,0.0,0.0,0.0,-0.0,0.0,-0.10730813165636247,0.9942258118156161,0.0
0.0,0.0,1.0,0.0,0.0,0.0,0.0,0.0,-0.0,0.0,-0.09019000427034513,0.9959245770286599,0.0
0.0,0.0,1.0,0.0,0.0,0.0,0.0,0.0,-0.0,0.0,-0.05587875690537313,0.9984375616565666,0.0
0.0,0.0,1.0,0.0,0.0,0.0,0.0,0.0,-0.0,0.0,-0.03869579017652689,0.9992510374388481,0.0
0.0,0.0,1.0,0.0,0.0,0.0,0.0,0.0,-0.0,0.0,-0.021501372740813793,0.999768818762748,0.0
0.0,0.0,1.0,0.0,0.0,0.0,0.0,0.0,-0.0,0.0,-0.004300592702981974,0.9999907524084426,0.0
0.0,0.0,1.0,0.0,0.0,0.0,0.0,0.0,0.0,0.0,0.012901459949419653,0.9999167727021953,0.0
0.0,0.0,1.0,0.0,0.0,0.0,0.0,0.0,0.0,0.0,0.017201575418260506,0.9998520419557735,0.0
0.0,0.0,1.0,0.0,0.0,0.0,0.0,0.0,0.0,0.0,0.1201261651823505,0.9927586335250793,0.0
0.0,0.0,1.0,0.0,0.0,0.0,0.0,0.0,0.0,0.0,0.13718540405660057,0.9905453876091833,0.0
0.0,0.0,1.0,0.0,0.0,0.0,0.0,0.0,0.0,0.0,0.1542040475626894,0.988039023376751,0.0
0.0,0.0,1.0,0.0,0.0,0.0,0.0,0.0,0.0,0.0,0.17117705961019986,0.985240282501282,0.0
0.0,0.0,1.0,0.0,0.0,0.0,0.0,0.0,0.0,0.0,0.20496611396949532,0.9787690698649216,0.0
0.0,0.0,1.0,0.0,0.0,0.0,0.0,0.0,0.0,0.0,0.23851257519407648,0.9711394088771653,0.0
0.0,0.0,1.0,0.0,0.0,0.0,0.0,0.0,0.0,0.0,0.2551824131233728,0.9668929289391521,0.0
0.0,0.0,1.0,0.0,0.0,0.0,0.0,0.0,0.0,0.0,0.2717767384711357,0.9623603298276545,0.0
0.0,0.0,1.0,0.0,0.0,0.0,0.0,0.0,0.0,0.0,0.2882906407095177,0.9575429528116719,0.0
0.0,0.0,1.0,0.0,0.0,0.0,0.0,0.0,0.0,0.0,0.321057654185271,0.9470596510722283,0.0
0.0,0.0,1.0,0.0,0.0,0.0,0.0,0.0,0.0,0.0,0.3694836834473831,0.9292372181882051,0.0
0.0,0.0,1.0,0.0,0.0,0.0,0.0,0.0,0.0,0.0,0.38541335945432564,0.9227440286201427,0.0
0.0,0.0,1.0,0.0,0.0,0.0,0.0,0.0,0.0,0.0,0.4012289854475009,0.9159777842484877,0.0
0.0,0.0,1.0,0.0,0.0,0.0,0.0,0.0,0.0,0.0,0.4324994021339788,0.901634220265486,0.0
0.0,0.0,1.0,0.0,0.0,0.0,0.0,0.0,0.0,0.0,0.4632579225674917,0.88622350294858,0.0
0.0,0.0,1.0,0.0,0.0,0.0,0.0,0.0,0.0,0.0,0.4784338202547012,0.8781236129591848,0.0
0.0,0.0,1.0,0.0,0.0,0.0,0.0,0.0,0.0,0.0,0.49346814167723735,0.8697638720650646,0.0
0.0,0.0,1.0,0.0,0.0,0.0,0.0,0.0,0.0,0.0,0.5230943033491326,0.8522748088519838,0.0
0.0,0.0,1.0,0.0,0.0,0.0,0.0,0.0,0.0,0.0,0.5376773767406141,0.8431506618282,0.0
0.0,0.0,1.0,0.0,0.0,0.0,0.0,0.0,0.0,0.0,0.5521013427459208,0.8337770129585915,0.0
0.0,0.0,1.0,0.0,0.0,0.0,0.0,0.0,0.0,0.0,0.5663619330814524,0.8241566360566663,0.0
0.0,0.0,1.0,0.0,0.0,0.0,0.0,0.0,0.0,0.0,0.6216868902665479,0.7832658619336791,0.0
0.0,0.0,1.0,0.0,0.0,0.0,0.0,0.0,0.0,0.0,0.6350683134867438,0.7724559775191742,0.0
0.0,0.0,1.0,0.0,0.0,0.0,0.0,0.0,0.0,0.0,0.6482618097757122,0.7614175109532997,0.0
0.0,0.0,1.0,0.0,0.0,0.0,0.0,0.0,0.0,0.0,0.6612634749656386,0.7501537286959042,0.0
0.0,0.0,1.0,0.0,0.0,0.0,0.0,0.0,0.0,0.0,0.6740694616546161,0.7386679638813748,0.0
0.0,0.0,1.0,0.0,0.0,0.0,0.0,0.0,0.0,0.0,0.6866759803451553,0.726963615332308,0.0
0.0,0.0,1.0,0.0,0.0,0.0,0.0,0.0,0.0,0.0,0.6990793005655562,0.7150441465537444,0.0
0.0,0.0,1.0,0.0,0.0,0.0,0.0,0.0,0.0,0.0,0.7232617254437388,0.6905740195722293,0.0
0.0,0.0,1.0,0.0,0.0,0.0,0.0,0.0,0.0,0.0,0.7350336741329413,0.6780306024735382,0.0
0.0,0.0,1.0,0.0,0.0,0.0,0.0,0.0,0.0,0.0,0.7579216274973472,0.6523456189565257,0.0
0.0,0.0,1.0,0.0,0.0,0.0,0.0,0.0,0.0,0.0,0.7690308592589181,0.6392116531380588,0.0
0.0,0.0,1.0,0.0,0.0,0.0,0.0,0.0,0.0,0.0,0.7799125224167177,0.6258885343075018,0.0
0.0,0.0,1.0,0.0,0.0,0.0,0.0,0.0,0.0,0.0,0.8009803309782905,0.5986906625177214,0.0
0.0,0.0,1.0,0.0,0.0,0.0,0.0,0.0,0.0,0.0,0.8111602420785621,0.5848239578463322,0.0
0.0,0.0,1.0,0.0,0.0,0.0,0.0,0.0,0.0,0.0,0.8307970168121247,0.5565755266413303,0.0
0.0,0.0,1.0,0.0,0.0,0.0,0.0,0.0,0.0,0.0,0.8402480696078469,0.5422021592729844,0.0
0.0,0.0,1.0,0.0,0.0,0.0,0.0,0.0,0.0,0.0,0.8494504794814806,0.527668345562516,0.0
0.0,0.0,1.0,0.0,0.0,0.0,0.0,0.0,0.0,0.0,0.8584015232918917,0.512978386299228,0.0
0.0,0.0,1.0,0.0,0.0,0.0,0.0,0.0,0.0,0.0,0.8755389928586302,0.4831474640149687,0.0
0.0,0.0,1.0,0.0,0.0,0.0,0.0,0.0,0.0,0.0,0.8837203473619977,0.4680153284438345,0.0
0.0,0.0,1.0,0.0,0.0,0.0,0.0,0.0,0.0,0.0,0.8916401947968874,0.45274469960737107,0.0
0.0,0.0,1.0,0.0,0.0,0.0,0.0,0.0,0.0,0.0,0.8992961915530253,0.4373400963303323,0.0
0.0,0.0,1.0,0.0,0.0,0.0,0.0,0.0,0.0,0.0,0.9066860720977985,0.4218060770826634,0.0
0.0,0.0,1.0,0.0,0.0,0.0,0.0,0.0,0.0,0.0,0.9272375462179537,0.374473674486883,0.0
0.0,0.0,1.0,0.0,0.0,0.0,0.0,0.0,0.0,0.0,0.9335418911179212,0.35846832151248087,0.0
0.0,0.0,1.0,0.0,0.0,0.0,0.0,0.0,0.0,0.0,0.9395699859530622,0.342356891994542,0.0
0.0,0.0,1.0,0.0,0.0,0.0,0.0,0.0,0.0,0.0,0.9608854255574977,0.27694620226893646,0.0
0.0,0.0,1.0,0.0,0.0,0.0,0.0,0.0,0.0,0.0,0.9655071658143364,0.2603764827344581,0.0
0.0,0.0,1.0,0.0,0.0,0.0,0.0,0.0,0.0,0.0,0.969843196967294,0.24372971360968387,0.0
0.0,0.0,1.0,0.0,0.0,0.0,0.0,0.0,0.0,0.0,0.9738922359149924,0.22701082094141847,0.0
0.0,0.0,1.0,0.0,0.0,0.0,0.0,0.0,0.0,0.0,0.9776530844816641,0.2102247521189836,0.0
0.0,0.0,1.0,0.0,0.0,0.0,0.0,0.0,0.0,0.0,0.981124629771712,0.19337647441020586,0.0
0.0,0.0,1.0,0.0,0.0,0.0,0.0,0.0,0.0,0.0,0.9871957872910085,0.15951325197263655,0.0
0.0,0.0,1.0,0.0,0.0,0.0,0.0,0.0,0.0,0.0,0.9897936029670716,0.14250832791617088,0.0
0.0,0.0,1.0,0.0,0.0,0.0,0.0,0.0,0.0,0.0,0.9941098647022418,0.10837701279187609,0.0
0.0,0.0,1.0,0.0,0.0,0.0,0.0,0.0,0.0,0.0,0.9958270335100595,0.09126072172931188,0.0
0.0,0.0,1.0,0.0,0.0,0.0,0.0,0.0,0.0,0.0,0.9972495210773451,0.07411742515094437,0.0
0.0,0.0,1.0,0.0,0.0,0.0,0.0,0.0,0.0,0.0,0.998376906467142,0.056952196034039754,0.0
0.0,0.0,1.0,0.0,0.0,0.0,0.0,0.0,0.0,0.0,0.9992088560679753,0.03977011384605572,0.0
0.0,0.0,1.0,0.0,0.0,0.0,0.0,0.0,0.0,0.0,0.9999855506507186,0.005375731557583884,0.0
0.0,0.0,1.0,0.0,0.0,0.0,0.0,0.0,0.0,0.0,0.9999300657962057,-0.011826390691832589,0.0
0.0,0.0,1.0,0.0,0.0,0.0,0.0,0.0,0.0,0.0,0.9995786855478958,-0.029025013321975237,0.0
0.0,0.0,1.0,0.0,0.0,0.0,0.0,0.0,0.0,0.0,0.9989315138848577,-0.046215046983708354,0.0
0.0,0.0,1.0,0.0,0.0,0.0,0.0,0.0,0.0,0.0,0.9979887423155984,-0.06339140486951038,0.0
0.0,0.0,1.0,0.0,0.0,0.0,0.0,0.0,0.0,0.0,0.9967506498213929,-0.08054900421874167,0.0
0.0,0.0,1.0,0.0,0.0,0.0,0.0,0.0,0.0,0.0,0.9952176027737294,-0.09768276782171598,0.0
0.0,0.0,1.0,0.0,0.0,0.0,0.0,0.0,0.0,0.0,0.9933900548258936,-0.11478762552212701,0.0
0.0,0.0,1.0,0.0,0.0,0.0,0.0,0.0,0.0,0.0,0.9888537064205885,-0.1488903868564548,0.0
0.0,0.0,1.0,0.0,0.0,0.0,0.0,0.0,0.0,0.0,0.986146248341595,-0.16587819893463143,0.0
0.0,0.0,1.0,0.0,0.0,0.0,0.0,0.0,0.0,0.0,0.9831469737221499,-0.1828169249850199,0.0
0.0,0.0,1.0,0.0,0.0,0.0,0.0,0.0,0.0,0.0,0.9798567700958665,-0.1997015525660636,0.0
0.0,0.0,1.0,0.0,0.0,0.0,0.0,0.0,0.0,0.0,0.9762766110869321,-0.21652708524481437,0.0
0.0,0.0,1.0,0.0,0.0,0.0,0.0,0.0,0.0,0.0,0.9724075561219968,-0.23328854407545518,0.0
0.0,0.0,1.0,0.0,0.0,0.0,0.0,0.0,0.0,0.0,0.9638074231367307,-0.26659942067929354,0.0
0.0,0.0,1.0,0.0,0.0,0.0,0.0,0.0,0.0,0.0,0.9540665500578387,-0.2995947563972602,0.0
0.0,0.0,1.0,0.0,0.0,0.0,0.0,0.0,0.0,0.0,0.9487718864399473,-0.31596187665790293,0.0
0.0,0.0,1.0,0.0,0.0,0.0,0.0,0.0,0.0,0.0,0.9373419384643772,-0.3484108069446808,0.0
0.0,0.0,1.0,0.0,0.0,0.0,0.0,0.0,0.0,0.0,0.9312100364121947,-0.3644830148102912,0.0
0.0,0.0,1.0,0.0,0.0,0.0,0.0,0.0,0.0,0.0,0.9181214482844364,-0.39629913726891813,0.0
0.0,0.0,1.0,0.0,0.0,0.0,0.0,0.0,0.0,0.0,0.9111686353326631,-0.41203363695942635,0.0
0.0,0.0,1.0,0.0,0.0,0.0,0.0,0.0,0.0,0.0,0.9039461929224011,-0.42764620926777464,0.0
0.0,0.0,1.0,0.0,0.0,0.0,0.0,0.0,0.0,0.0,0.8964562582905575,-0.44313223418263453,0.0
0.0,0.0,1.0,0.0,0.0,0.0,0.0,0.0,0.0,0.0,0.8887010478292915,-0.45848712914008766,0.0
0.0,0.0,1.0,0.0,0.0,0.0,0.0,0.0,0.0,0.0,0.8806828564301475,-0.47370635037968,0.0
0.0,0.0,1.0,0.0,0.0,0.0,0.0,0.0,0.0,0.0,0.8724040568049612,-0.48878539428899265,0.0
0.0,0.0,1.0,0.0,0.0,0.0,0.0,0.0,0.0,0.0,0.8638670987837349,-0.503719798736334,0.0
0.0,0.0,1.0,0.0,0.0,0.0,0.0,0.0,0.0,0.0,0.8550745085896932,-0.518505144391157,0.0
0.0,0.0,1.0,0.0,0.0,0.0,0.0,0.0,0.0,0.0,0.8460288880917339,-0.533137056031809,0.0
0.0,0.0,1.0,0.0,0.0,0.0,0.0,0.0,0.0,0.0,0.8367329140344921,-0.5476112038402312,0.0
0.0,0.0,1.0,0.0,0.0,0.0,0.0,0.0,0.0,0.0,0.8271893372462497,-0.5619233046832195,0.0
0.0,0.0,1.0,0.0,0.0,0.0,0.0,0.0,0.0,0.0,0.7306444969184916,-0.6827580970759147,0.0
0.0,0.0,1.0,0.0,0.0,0.0,0.0,0.0,0.0,0.0,0.7187918772884232,-0.6952253139408722,0.0
0.0,0.0,1.0,0.0,0.0,0.0,0.0,0.0,0.0,0.0,0.7067265555776158,-0.7074868024503348,0.0
0.0,0.0,1.0,0.0,0.0,0.0,0.0,0.0,0.0,0.0,0.6944521021088763,-0.719538934232584,0.0
0.0,0.0,1.0,0.0,0.0,0.0,0.0,0.0,0.0,0.0,0.6819721490904629,-0.7313781428679254,0.0
0.0,0.0,1.0,0.0,0.0,0.0,0.0,0.0,0.0,0.0,0.6692903895412567,-0.7430009249440493,0.0
0.0,0.0,1.0,0.0,13.016666666666362,0.0,51.0,17.0,11.158979795364948,51.0,0.6564105761979381,-0.7544038410927472,3.35
0.0,0.0,1.0,0.0,33.069999999999695,0.0,76.0,22.0,14.153403448898818,45.0,0.6433365204044917,-0.765583517007675,4.27
0.0,0.0,1.0,0.0,43.90333333333302,0.0,76.0,3.0,1.890216272953106,43.0,0.6300720909843687,-0.7765366444428655,16.67
0.0,0.0,1.0,0.0,51.36666666666636,0.0,119.0,21.0,12.949045475008402,43.0,0.6166212130956382,-0.7872599821916922,4.57
0.0,0.0,1.0,0.0,66.17333333333302,0.0,147.0,25.0,14.729402180807408,43.0,0.5891760872322963,-0.8080046647350754,6.64
0.0,0.0,1.0,0.0,91.67999999999968,0.0,147.0,21.0,12.078989174951527,47.0,0.5751899607119775,-0.8180198708443174,7.52
0.0,0.0,1.0,0.0,115.17333333333302,0.0,153.0,23.0,12.903773403252458,48.0,0.5610336262283677,-0.8277930117131022,8.43
0.0,0.0,1.0,0.0,127.22666666666636,0.0,190.0,29.0,15.854626913189223,38.0,0.5467112728685939,-0.8373211953118121,7.83
0.0,0.0,1.0,0.0,101.93666666666634,0.0,353.0,12.0,6.386725666169276,44.0,0.5322271388474397,-0.8466016020976267,4.25
0.0,0.0,1.0,0.0,103.37666666666637,0.0,353.0,28.0,14.492394287089288,44.0,0.5175855102531889,-0.8556314858488706,7.43
0.0,0.0,1.0,0.0,106.78333333333303,0.0,353.0,28.0,14.078140153820522,45.0,0.5027907197793043,-0.8644081744776648,8.11
0.0,0.0,1.0,0.0,142.63333333333304,0.0,357.0,24.0,11.708331490615485,51.0,0.4878471454423119,-0.8729290708206411,8.38
0.0,0.0,1.0,0.0,140.44666666666635,0.0,394.0,34.0,16.073813115733437,47.0,0.47275920928627757,-0.881191653407483,5.74
0.0,0.0,1.0,0.0,139.5399999999997,0.0,396.0,28.0,12.810878530079034,48.0,0.4575313760742512,-0.8891934772070711,7.79
0.0,0.0,1.0,0.0,139.0999999999997,51.0,346.0,24.0,10.61203564720973,49.0,0.44216815196707204,-0.8969321743510065,8.42
0.0,0.0,1.0,0.0,108.5799999999997,25.0,346.0,9.0,3.840066748709322,38.0,0.42667408318992467,-0.9044054548343001,7.0
0.0,0.0,1.0,0.0,98.10666666666636,0.0,368.0,27.0,11.098451376549948,47.0,0.4110537546870351,-0.9116111071930239,6.56
0.0,0.0,1.0,0.0,106.63666666666636,43.0,365.0,30.0,11.859353662947452,51.0,0.3953117887649151,-0.9185469991587165,7.8
0.0,0.0,1.0,0.0,176.35999999999967,28.0,337.0,33.0,12.521943842909964,48.0,0.37945284372454435,-0.925211078289358,10.94
0.0,0.0,1.0,0.0,215.31333333333305,0.0,350.0,40.0,13.896112847371096,43.0,0.3474028211842774,-0.9377159910299093,9.2
0.0,0.0,1.0,0.0,243.62666666666635,6.0,344.0,41.0,13.580070339869147,46.0,0.3312212278016865,-0.9435531242349544,9.1
0.0,0.0,1.0,0.0,269.1966666666664,37.0,309.0,43.0,12.83845914663997,46.0,0.2985688173637202,-0.9543881083175908,11.16
0.0,0.0,1.0,0.0,293.18999999999977,163.0,180.0,46.0,12.215899278986573,39.0,0.26556302780405594,-0.9640935007889755,10.72
0.0,0.0,1.0,0.0,298.50333333333305,0.0,186.0,39.0,9.057474036353735,44.0,0.23224292400907015,-0.9726578145718654,10.49
0.0,0.0,1.0,0.0,305.12333333333305,0.0,193.0,39.0,8.403615286822475,44.0,0.21547731504673012,-0.976508846196619,13.36
0.0,0.0,1.0,0.0,258.20666666666637,4.0,189.0,22.0,4.370254743363764,48.0,0.19864794288017112,-0.9800709131432666,10.86
0.0,0.0,1.0,0.0,247.9199999999997,37.0,185.0,43.0,7.81567086642914,41.0,0.18175978759137534,-0.9833429613388902,8.67
0.0,0.0,1.0,0.0,278.46666666666636,2.0,193.0,51.0,8.405710179517094,45.0,0.16481784665719793,-0.9863240225317866,13.14
0.0,0.0,1.0,0.0,331.0066666666664,1.0,199.0,43.0,6.35656673923281,46.0,0.14782713347053048,-0.9890132145779883,11.28
0.0,0.0,1.0,0.0,350.7166666666664,25.0,210.0,55.0,7.193597172121757,43.0,0.13079267585675922,-0.9914097417023038,8.29
0.0,0.0,1.0,0.0,339.01666666666637,22.0,200.0,47.0,5.344817185539635,45.0,0.11371951458594969,-0.9935128947338007,13.11
0.0,0.0,1.0,0.0,403.17999999999967,40.0,166.0,50.0,4.830635094060155,48.0,0.0966127018812031,-0.9953220513156602,15.26
0.0,0.0,1.0,0.0,509.04333333333307,0.0,179.0,62.0,3.8637395199681546,48.0,0.062318379354325076,-0.998056320853012,14.4
0.0,0.0,1.0,0.0,491.0399999999997,13.0,181.0,47.0,0.5053114648855307,48.0,0.01075130776352193,-0.9999422030204416,11.0
0.0,0.0,1.0,0.0,435.5199999999997,0.0,214.0,57.0,-0.36769925929199354,45.0,-0.00645086419810515,-0.9999791929590823,9.19
0.0,0.0,1.0,0.0,356.19999999999965,2.0,232.0,44.0,-1.0406495987901898,44.0,-0.023651127245231586,-0.9997202729664083,13.07
0.0,0.0,1.0,0.0,266.75333333333305,34.0,344.0,25.0,-1.0211097885824028,40.0,-0.04084439154329611,-0.9991655196610109,5.16
0.0,0.0,1.0,0.0,284.02666666666636,6.0,338.0,44.0,-2.553125050466335,46.0,-0.05802556932878035,-0.9983150972033183,13.48
0.0,0.0,1.0,0.0,279.783333333333,7.0,332.0,49.0,-4.52423535107417,44.0,-0.09233133369539122,-0.9957283388645872,11.16
0.0,0.0,1.0,0.0,413.15666666666635,0.0,333.0,56.0,-6.1289630443392715,49.0,-0.10944576864891556,-0.993992768446958,12.38
0.0,0.0,1.0,0.0,422.22999999999973,33.0,316.0,48.0,-6.073335208256791,39.0,-0.12652781683868314,-0.9919630595773397,14.25
0.0,0.0,1.0,0.0,469.9433333333331,10.0,307.0,62.0,-8.901490251532302,47.0,-0.1435724234118113,-0.9896398128792412,11.87
0.0,0.0,1.0,0.0,345.38333333333304,7.0,333.0,13.0,-2.0874690797349187,45.0,-0.16057454459499376,-0.9870237158387383,12.46
0.0,0.0,1.0,0.0,355.65666666666635,36.0,301.0,47.0,-8.343870011790644,54.0,-0.17752914918703497,-0.984115542601034,13.64
0.0,0.0,1.0,0.0,348.2599999999997,12.0,304.0,62.0,-13.099096846095115,43.0,-0.2112757555821793,-0.9774264960104055,12.24
0.0,0.0,1.0,0.0,520.603333333333,6.0,332.0,66.0,-15.051812900620307,49.0,-0.2280577712215198,-0.9736476020539838,13.85
0.0,0.0,1.0,0.0,529.5299999999996,13.0,332.0,59.0,-14.441565752938315,46.0,-0.24477230089725957,-0.9695805901076308,12.46
0.0,0.0,1.0,0.0,423.0399999999997,15.0,317.0,18.0,-5.003624509178042,43.0,-0.2779791393987801,-0.9605871111248129,13.89
0.0,0.0,1.0,0.0,486.7999999999997,33.0,291.0,75.0,-22.084621634010087,41.0,-0.2944616217868012,-0.9556633054034704,16.93
0.0,0.0,1.0,0.0,458.9999999999997,20.0,299.0,57.0,-17.718847189879707,45.0,-0.3108569682435036,-0.9504567035349151,10.84
0.0,0.0,1.0,0.0,672.353333333333,146.0,161.0,70.0,-22.901222898546656,44.0,-0.3271603271220951,-0.9449688462364056,17.91
0.0,0.0,1.0,0.0,563.033333333333,0.0,184.0,65.0,-23.365667850747506,49.0,-0.3594718130884232,-0.9331559438780432,10.97
0.0,0.0,1.0,0.0,656.1999999999997,1.0,210.0,74.0,-27.784808022883894,44.0,-0.3754703786876202,-0.9268343944460494,14.16
0.0,0.0,1.0,0.0,673.2066666666664,1.0,226.0,68.0,-27.684805004089107,47.0,-0.4071294853542516,-0.9133704517637858,18.74
0.0,0.0,1.0,0.0,705.8466666666664,16.0,235.0,71.0,-31.119777333888866,50.0,-0.4383067230125192,-0.898825465016444,12.07
0.0,0.0,1.0,0.0,789.813333333333,1.0,242.0,77.0,-34.93513762441351,39.0,-0.45370308603134424,-0.8911529104063088,19.55
0.0,0.0,1.0,0.0,771.5233333333331,33.0,219.0,69.0,-32.358598179526595,49.0,-0.46896519100763184,-0.8832166493127127,16.9
0.0,0.0,1.0,0.0,801.523333333333,4.0,220.0,67.0,-32.43393094981138,52.0,-0.48408852163897587,-0.8750190302029955,14.45
0.0,0.0,1.0,0.0,599.1666666666664,15.0,205.0,29.0,-14.472989477967426,48.0,-0.4990686026885319,-0.8665624788845385,16.66
0.0,0.0,1.0,0.0,581.5566666666664,34.0,180.0,73.0,-37.51477309557965,49.0,-0.5139010013093103,-0.8578494977869301,15.14
0.0,0.0,1.0,0.0,1542.2499999999998,13.0,186.0,79.0,-41.75792494011841,46.0,-0.5285813283559292,-0.8488826652214553,17.11
0.0,0.0,1.0,0.0,1718.9866666666665,0.0,197.0,89.0,-50.878333745940765,51.0,-0.5716666713027052,-0.8204859638785327,13.84
0.0,0.0,1.0,0.0,1590.493333333333,7.0,210.0,30.0,-17.98654474558947,48.0,-0.5995514915196489,-0.8003361849976323,17.67
0.0,0.0,1.0,0.0,692.6466666666664,28.0,182.0,76.0,-46.605466798781016,48.0,-0.6132298262997502,-0.7899045386224707,16.79
0.0,0.0,1.0,0.0,648.433333333333,8.0,215.0,76.0,-47.63122893463309,46.0,-0.6267266965083301,-0.7792391467859886,14.21
0.0,0.0,1.0,0.0,857.8599999999997,23.0,192.0,92.0,-58.88350595480022,45.0,-0.6400381082043503,-0.7683431655492202,16.28
0.0,0.0,1.0,0.0,1863.696666666666,27.0,165.0,90.0,-58.7844110094237,44.0,-0.65316012232693,-0.7572198192083127,14.63
0.0,0.0,1.0,0.0,2076.563333333333,17.0,159.0,100.0,-66.6088855860977,51.0,-0.666088855860977,-0.7458723993404063,19.46
0.0,0.0,1.0,0.0,2115.856666666666,25.0,145.0,83.0,-56.34210008785755,45.0,-0.6788204829862355,-0.734304263829602,20.05
0.0,0.0,1.0,0.0,901.1366666666663,8.0,174.0,21.0,-14.518375960397549,43.0,-0.6913512362094071,-0.722518835873311,17.19
0.0,0.0,1.0,0.0,795.0933333333329,10.0,170.0,98.0,-68.96038593294325,44.0,-0.7036774074790128,-0.7105196029692745,16.27
0.0,0.0,1.0,0.0,903.7599999999996,5.0,178.0,99.0,-70.86373957898375,52.0,-0.7157953492826642,-0.6983101158835584,20.53
0.0,0.0,1.0,0.0,1206.5566666666664,0.0,178.0,83.0,-61.369557878461706,42.0,-0.7393922635959241,-0.673274892250183,21.52
0.0,0.0,1.0,0.0,1254.653333333333,9.0,169.0,90.0,-67.5777828059054,46.0,-0.7508642533989489,-0.6604565640279754,19.86
0.0,0.0,1.0,0.0,1038.163333333333,19.0,197.0,96.0,-73.16294883735827,41.0,-0.7621140503891487,-0.6474427960827475,12.95
0.0,0.0,1.0,0.0,800.9999999999997,11.0,192.0,37.0,-28.606118046112297,48.0,-0.7731383255706026,-0.6342374393978054,17.03
0.0,0.0,1.0,0.0,789.513333333333,20.0,190.0,109.0,-85.44878601843828,43.0,-0.7839338166829201,-0.620844401650647,16.41
0.0,0.0,1.0,0.0,1007.1799999999997,0.0,193.0,105.0,-84.50670239637624,51.0,-0.8048257371083452,-0.593511190196115,19.4
0.0,0.0,1.0,0.0,2259.9966666666664,41.0,166.0,87.0,-71.75456234918244,39.0,-0.8247650844733614,-0.5654755126737576,17.24
0.0,0.0,1.0,0.0,2288.083333333333,0.0,181.0,93.0,-77.5964214876347,46.0,-0.8343701235229538,-0.5512045872199277,19.87
0.0,0.0,1.0,0.0,2117.536666666667,0.0,185.0,24.0,-20.249478216702506,42.0,-0.8437282590292712,-0.5367705514607103,18.04
0.0,0.0,1.0,0.0,1066.3366666666668,11.0,174.0,79.0,-68.07373249582533,48.0,-0.8616928164028522,-0.5074302810827518,19.15
0.0,0.0,1.0,0.0,1093.3766666666668,11.0,163.0,94.0,-82.591924451134,48.0,-0.8786374941610001,-0.4774894280028391,20.34
0.0,0.0,1.0,0.0,1426.6466666666668,37.0,126.0,103.0,-91.33226949754828,44.0,-0.886721063082993,-0.46230483047981086,18.65
0.0,0.0,1.0,0.0,1499.6066666666666,6.0,121.0,88.0,-80.02616339210174,47.0,-0.9093882203647925,-0.4159483918249421,20.98
0.0,0.0,1.0,0.0,1759.7233333333334,13.0,133.0,79.0,-72.9294719642116,44.0,-0.9231578729647039,-0.38442104726885545,16.67
0.0,0.0,1.0,0.0,1503.7966666666664,0.0,133.0,82.0,-76.73846158146952,50.0,-0.9358348973349941,-0.35243871088460327,20.29
0.0,0.0,1.0,0.0,1382.18,0.0,158.0,75.0,-71.83892665707502,47.0,-0.9578523554276669,-0.28726097055059635,17.72
0.0,0.0,1.0,0.0,1073.3433333333332,47.0,128.0,93.0,-89.52663364860183,42.0,-0.9626519747161487,-0.2707418984477642,20.18
0.0,0.0,1.0,0.0,1262.3533333333332,6.0,133.0,96.0,-92.8480060605822,42.0,-0.9671667297977312,-0.2541427094613622,17.47
0.0,0.0,1.0,0.0,1340.1566666666665,18.0,126.0,96.0,-93.25394732964,42.0,-0.97139528468375,-0.23746831555846842,18.29
0.0,0.0,1.0,0.0,1251.2933333333333,3.0,146.0,94.0,-92.34105611961083,47.0,-0.9823516608469237,-0.18704334906991657,14.29
0.0,0.0,1.0,0.0,1766.2633333333333,14.0,176.0,96.0,-94.60068041202743,44.0,-0.9854237542919524,-0.17011767832049052,18.07
0.0,0.0,1.0,0.0,1535.533333333333,15.0,240.0,81.0,-80.04454384452552,44.0,-0.9882042449941422,-0.15314166701312007,8.14
0.0,0.0,1.0,0.0,1708.9033333333334,4.0,238.0,91.0,-90.15300022470204,48.0,-0.9906923101615609,-0.13612033862266704,23.05
0.0,0.0,1.0,0.0,930.98,0.0,265.0,97.0,-96.31005971296253,48.0,-0.9928872135356962,-0.11905873003404988,14.38
0.0,0.0,1.0,0.0,2128.883333333333,0.0,268.0,91.0,-90.52573581044875,47.0,-0.994788305609327,-0.10196189005174576,23.37
0.0,0.0,1.0,0.0,2172.4533333333334,0.0,296.0,28.0,-27.89906066692425,45.0,-0.9963950238187231,-0.08483487790576538,13.93
0.0,0.0,1.0,0.0,2241.4533333333334,1.0,308.0,100.0,-99.77068927101168,46.0,-0.9977068927101168,-0.06768276175455162,17.7
0.0,0.0,1.0,0.0,1229.1533333333334,25.0,300.0,79.0,-78.89915840235138,49.0,-0.9987235240803972,-0.050510617185222886,18.27
0.0,0.0,1.0,0.0,1138.5966666666666,0.0,343.0,97.0,-96.98738596110034,45.0,-0.9998699583618592,-0.016126573270657762,20.08
0.0,0.0,1.0,0.0,1151.7966666666669,25.0,357.0,88.0,-87.99994913817294,41.0,-0.9999994220246925,0.001075151282798226,21.31
0.0,0.0,1.0,0.0,1340.2266666666667,17.0,355.0,105.0,-104.98246182586104,42.0,-0.999832969770105,0.018276557681691223,23.68
0.0,0.0,1.0,0.0,1330.4966666666667,11.0,344.0,75.0,-74.8169285834146,49.0,-0.9975590477788613,0.06982797572987089,24.28
0.0,0.0,1.0,0.0,1458.5533333333333,11.0,362.0,86.0,-85.67408577440035,47.0,-0.9962102997023297,0.0869772313136861,20.33
0.0,0.0,1.0,0.0,1160.2366666666667,23.0,453.0,95.0,-94.4838419122102,45.0,-0.9945667569706337,0.1041007489354256,10.27
0.0,0.0,1.0,0.0,1155.34,44.0,417.0,84.0,-83.19337488296149,52.0,-0.9903973200352558,0.1382503109109819,21.12
0.0,0.0,1.0,0.0,827.4233333333333,79.0,340.0,36.0,-35.563415746861544,51.0,-0.9878726596350429,0.15526624985999563,23.42
0.0,0.0,1.0,0.0,1089.4233333333332,2.0,338.0,103.0,-101.46073419761464,50.0,-0.9850556718215013,0.172236243027682,20.04
0.0,0.0,1.0,0.0,1015.9,27.0,328.0,82.0,-80.51966959530498,43.0,-0.981947190186646,0.18915526872004093,19.77
0.0,0.0,1.0,0.0,1136.9099999999999,3.0,374.0,72.0,-70.45546568977463,49.0,-0.9785481345802031,0.20601832032517084,19.58
0.0,0.0,1.0,0.0,1094.8933333333334,28.0,371.0,91.0,-88.71221548620454,41.0,-0.9748595108374125,0.22282040779479959,23.19
0.0,0.0,1.0,0.0,1092.4033333333334,13.0,402.0,92.0,-89.32118176428729,44.0,-0.9708824104813836,0.23955655912092708,16.7
0.0,0.0,1.0,0.0,1192.1433333333334,17.0,385.0,88.0,-85.06238491520855,52.0,-0.9666180104000972,0.2562218218071163,19.91
0.0,0.0,1.0,0.0,1976.5200000000002,43.0,375.0,31.0,-29.8240947474425,39.0,-0.9620675724981452,0.27281126433401914,23.77
0.0,0.0,1.0,0.0,2006.0366666666669,39.0,387.0,88.0,-84.23645501245146,43.0,-0.957232443323312,0.28931997761869527,19.42
0.0,0.0,1.0,0.0,2067.146666666667,15.0,372.0,99.0,-94.25929131314291,45.0,-0.9521140536681102,0.3057430764672831,22.01
0.0,0.0,1.0,0.0,1022.4866666666667,0.0,433.0,96.0,-90.88453614205307,45.0,-0.9467139181463862,0.3220757010206104,8.49
0.0,0.0,1.0,0.0,1323.5,29.0,406.0,95.0,-89.39819530078637,48.0,-0.9410336347451197,0.3383130181923076,22.21
0.0,0.0,1.0,0.0,1251.52,114.0,317.0,128.0,-119.68958519699935,43.0,-0.9350748843515574,0.3544502230989869,14.67
0.0,0.0,1.0,0.0,1347.4399999999998,8.0,340.0,92.0,-85.45322758353423,47.0,-0.9288394302558068,0.3704825404820963,13.6
0.0,0.0,1.0,0.0,804.3366666666666,2.0,394.0,32.0,-29.514531764129742,48.0,-0.9223291176290545,0.3864052261209853,17.28
0.0,0.0,1.0,0.0,906.9,0.0,394.0,84.0,-76.90585333011393,50.0,-0.9155458729775467,0.40221356823680365,25.83
0.0,0.0,1.0,0.0,1076.5166666666667,17.0,426.0,94.0,-83.99642786345555,43.0,-0.8935790198239952,0.4489059314938798,22.01
0.0,0.0,1.0,0.0,1239.5333333333335,49.0,430.0,21.0,-18.25388914560706,49.0,-0.8692328164574792,0.49440298420761813,20.33
0.0,0.0,1.0,0.0,1076.6833333333334,25.0,518.0,76.0,-65.40557691500898,50.0,-0.8605996962501181,0.5092820071573356,7.5
0.0,0.0,1.0,0.0,2039.9633333333334,44.0,474.0,84.0,-71.54380050274119,48.0,-0.8517119107469189,0.5240103253675756,25.26
0.0,0.0,1.0,0.0,2526.8133333333335,0.0,477.0,98.0,-82.57206481868711,45.0,-0.8425720899866032,0.5385835804920232,24.02
0.0,0.0,1.0,0.0,2347.2100000000005,33.0,486.0,37.0,-29.73126299575473,48.0,-0.8035476485339116,0.5952404359043674,19.54
0.0,0.0,1.0,0.0,1642.0400000000002,51.0,456.0,105.0,-83.28491681424435,43.0,-0.7931896839451843,0.6089746507720486,18.36
0.0,0.0,1.0,0.0,1188.8799999999999,0.0,514.0,89.0,-69.65113315733272,40.0,-0.7825970017677834,0.6225286602431057,17.65
0.0,0.0,1.0,0.0,1471.1933333333334,61.0,456.0,103.0,-77.19256069577612,42.0,-0.7494423368521954,0.6620696215153815,20.47
0.0,0.0,1.0,0.0,1504.5266666666666,2.0,456.0,93.0,-68.62868135819188,47.0,-0.7379428103031386,0.6748632518680403,21.41
0.0,0.0,1.0,0.0,2517.2400000000002,25.0,432.0,31.0,-22.512972352728784,43.0,-0.7262249146041543,0.6874571793269664,29.74
0.0,0.0,1.0,0.0,2547.26,31.0,407.0,90.0,-63.1933154464228,40.0,-0.7021479494046978,0.7120310787787131,25.81
0.0,0.0,1.0,0.0,2185.856666666667,56.0,397.0,91.0,-62.77143642456857,45.0,-0.6897960046655887,0.7240037789593305,18.87
0.0,0.0,1.0,0.0,1153.8100000000002,0.0,445.0,94.0,-63.66055418994921,41.0,-0.6772399381909491,0.7357622347736527,15.1
0.0,0.0,1.0,0.0,1159.0233333333333,49.0,440.0,100.0,-66.44834655228551,45.0,-0.6644834655228552,0.7473029667054296,22.05
0.0,0.0,1.0,0.0,1144.2966666666666,53.0,411.0,78.0,-50.819368197530565,42.0,-0.6515303615068021,0.75862255966641,21.99
0.0,0.0,1.0,0.0,1872.8500000000001,113.0,298.0,24.0,-15.321227020191941,39.0,-0.6383844591746642,0.7697176640069211,29.75
0.0,0.0,1.0,0.0,1699.6433333333334,0.0,322.0,87.0,-54.37931942910808,44.0,-0.6250496486104377,0.7805849965070866,16.1
0.0,0.0,1.0,0.0,1794.2166666666665,3.0,320.0,95.0,-56.79376843860074,42.0,-0.5978291414589552,0.801623551065242,22.26
0.0,0.0,1.0,0.0,1103.2833333333333,42.0,299.0,91.0,-51.86099624276138,45.0,-0.5699010576127624,0.8217133225960589,17.0
0.0,0.0,1.0,0.0,1498.7766666666666,21.0,297.0,104.0,-57.790925137509085,51.0,-0.5556819724760489,0.8313949395234058,24.72
0.0,0.0,1.0,0.0,1239.8533333333335,58.0,266.0,49.0,-26.523624153077247,45.0,-0.5412984521036173,0.8408305333122887,18.16
0.0,0.0,1.0,0.0,1200.4433333333334,3.0,292.0,76.0,-40.03336121360212,40.0,-0.5267547528105542,0.8500173118187018,18.86
0.0,0.0,1.0,0.0,897.71,2.0,302.0,95.0,-48.64524193958914,40.0,-0.5120551783114646,0.8589525565270845,20.59
0.0,0.0,1.0,0.0,1127.0666666666666,1.0,323.0,101.0,-50.21761192314072,46.0,-0.4972040784469378,0.8676336233547726,18.99
0.0,0.0,1.0,0.0,1847.8266666666668,6.0,355.0,86.0,-41.46970291908632,46.0,-0.4822058478963526,0.8760579434344281,14.22
0.0,0.0,1.0,0.0,2596.86,46.0,331.0,93.0,-39.13728379939597,43.0,-0.42083100859565564,0.9071390534005044,13.83
0.0,0.0,1.0,0.0,2632.2900000000004,48.0,291.0,95.0,-36.99092344679414,43.0,-0.3893781415452015,0.9210779895789526,22.73
0.0,0.0,1.0,0.0,1782.3933333333334,44.0,326.0,90.0,-33.61288836717637,45.0,-0.37347653741307074,0.9276396261490467,8.61
0.0,0.0,1.0,0.0,982.4,24.0,317.0,93.0,-31.745225824788363,44.0,-0.34134651424503615,0.9399375283564133,17.51
0.0,0.0,1.0,0.0,671.5999999999999,0.0,349.0,36.0,-11.704593707996734,48.0,-0.3251276029999093,0.9456701548465688,18.22
0.0,0.0,1.0,0.0,876.8866666666667,24.0,325.0,82.0,-25.32262346383281,45.0,-0.30881248126625377,0.9511229423235357,20.9
0.0,0.0,1.0,0.0,882.6766666666666,1.0,331.0,95.0,-27.778567810352346,42.0,-0.29240597695107734,0.9562942772197719,17.69
0.0,0.0,1.0,0.0,1123.5,21.0,329.0,98.0,-23.78331076909435,45.0,-0.2426868445825954,0.9701046827361175,17.85
0.0,0.0,1.0,0.0,1135.49,19.0,312.0,107.0,-20.578401060583147,45.0,-0.19232150523909483,0.9813319716704275,16.65
0.0,0.0,1.0,0.0,935.5066666666665,27.0,346.0,108.0,-18.94456013086207,42.0,-0.17541259380427843,0.9844950085880858,6.98
0.0,0.0,1.0,0.0,889.2066666666666,29.0,347.0,85.0,-13.468400871671086,44.0,-0.15845177496083632,0.9873667175937016,18.55
0.0,0.0,1.0,0.0,944.2466666666666,12.0,335.0,82.0,-11.598413550411244,48.0,-0.14144406768794202,0.9899462489023779,23.72
0.0,0.0,1.0,0.0,1076.5866666666668,22.0,347.0,94.0,-11.693083454941199,47.0,-0.12439450483979998,0.9922328391893008,13.83
0.0,0.0,1.0,0.0,1025.4999999999998,38.0,348.0,103.0,-11.052737560605333,44.0,-0.10730813165636247,0.9942258118156161,13.04
0.0,0.0,1.0,0.0,1062.83,22.0,366.0,98.0,-5.476118176726567,44.0,-0.05587875690537313,0.9984375616565666,12.41
0.0,0.0,1.0,0.0,1076.74,8.0,382.0,87.0,-3.3665337453578394,43.0,-0.03869579017652689,0.9992510374388481,16.15
0.0,0.0,1.0,0.0,1058.26,79.0,337.0,86.0,-0.3698509724564497,40.0,-0.004300592702981974,0.9999907524084426,15.09
0.0,0.0,1.0,0.0,973.9666666666666,15.0,323.0,96.0,1.6513512401530086,44.0,0.017201575418260506,0.9998520419557735,18.95
0.0,0.0,1.0,0.0,1089.43,32.0,308.0,32.0,1.1007379396354564,46.0,0.03439806061360801,0.9994082116062598,23.66
0.0,0.0,1.0,0.0,1221.1,0.0,308.0,82.0,4.229918083291486,47.0,0.051584366869408364,0.9986686402879997,21.87
0.0,0.0,1.0,0.0,1208.8033333333333,7.0,320.0,92.0,6.325497580264826,44.0,0.06875540848113941,0.9976335468520451,19.46
0.0,0.0,1.0,0.0,1111.5433333333333,19.0,301.0,85.0,7.302018862213281,47.0,0.08590610426133272,0.9963032375991965,16.62
0.0,0.0,1.0,0.0,840.1433333333331,2.0,319.0,28.0,4.317713331755304,38.0,0.1542040475626894,0.988039023376751,23.71
0.0,0.0,1.0,0.0,954.6,61.0,261.0,77.0,13.180633589985389,46.0,0.17117705961019986,0.985240282501282,16.21
0.0,0.0,1.0,0.0,1084.8799999999999,30.0,232.0,102.0,19.18614059640335,45.0,0.18809941761179758,0.9821499931752291,20.08
0.0,0.0,1.0,0.0,1238.5233333333333,0.0,257.0,91.0,18.651916371224075,50.0,0.20496611396949532,0.9787690698649216,13.69
0.0,0.0,1.0,0.0,1063.4966666666667,34.0,231.0,75.0,16.63291181673614,46.0,0.22177215755648186,0.975098513039961,19.65
0.0,0.0,1.0,0.0,1093.2766666666666,39.0,197.0,94.0,22.42018206824319,54.0,0.23851257519407648,0.9711394088771653,21.74
0.0,0.0,1.0,0.0,1330.3966666666665,40.0,160.0,92.0,23.476782007350298,52.0,0.2551824131233728,0.9668929289391521,17.99
0.0,0.0,1.0,0.0,1461.8766666666663,24.0,136.0,87.0,25.081285741728042,53.0,0.2882906407095177,0.9575429528116719,21.83
0.0,0.0,1.0,0.0,1443.7466666666667,34.0,102.0,108.0,32.909677175789646,43.0,0.3047192331091634,0.9524422234305676,19.6
0.0,0.0,1.0,0.0,1288.0333333333333,1.0,101.0,102.0,34.404709051890784,46.0,0.3373010691361842,0.9413968285264122,16.25
0.0,0.0,1.0,0.0,1093.62,17.0,84.0,77.0,27.215239688104752,44.0,0.3534446712740877,0.9354554315134164,15.55
0.0,0.0,1.0,0.0,893.4366666666666,0.0,84.0,81.0,29.92817835923803,49.0,0.3694836834473831,0.9292372181882051,14.27
0.0,0.0,1.0,0.0,980.1066666666666,19.0,79.0,68.0,28.350959930353554,41.0,0.4169258813287287,0.908940487313808,16.62
0.0,0.0,1.0,0.0,1061.6766666666665,0.0,93.0,88.0,38.05994738779013,40.0,0.4324994021339788,0.901634220265486,18.7
0.0,0.0,1.0,0.0,1257.25,20.0,73.0,101.0,45.24243888019701,46.0,0.44794493940789115,0.8940611451454876,20.59
0.0,0.0,1.0,0.0,1335.9033333333332,3.0,70.0,106.0,49.10533979215412,47.0,0.4632579225674917,0.88622350294858,22.28
0.0,0.0,1.0,0.0,1496.5199999999998,1.0,69.0,104.0,49.75711730648893,51.0,0.4784338202547012,0.8781236129591848,20.75
0.0,0.0,1.0,0.0,1103.3266666666664,25.0,44.0,17.0,8.388958408513036,44.0,0.49346814167723735,0.8697638720650646,17.35
0.0,0.0,1.0,0.0,1708.8066666666664,8.0,41.0,89.0,45.24372297643858,45.0,0.5083564379375122,0.8611467540480452,18.09
0.0,0.0,1.0,0.0,2663.1066666666666,5.0,36.0,91.0,47.60158160477107,50.0,0.5230943033491326,0.8522748088519838,16.65
0.0,0.0,1.0,0.0,2911.5,3.0,33.0,83.0,45.82441144791143,48.0,0.5521013427459208,0.8337770129585915,16.39
0.0,0.0,1.0,0.0,2095.36,0.0,37.0,96.0,58.37966398978001,45.0,0.6081214998935418,0.7938439653781019,15.15
0.0,0.0,1.0,0.0,899.2733333333332,0.0,37.0,79.0,50.17039676545276,45.0,0.6350683134867438,0.7724559775191742,14.84
0.0,0.0,1.0,0.0,905.6933333333333,0.0,44.0,89.0,57.69530107003839,47.0,0.6482618097757122,0.7614175109532997,16.3
0.0,0.0,1.0,0.0,929.5533333333333,0.0,44.0,101.0,66.7876109715295,42.0,0.6612634749656386,0.7501537286959042,16.18
0.0,0.0,1.0,0.0,1919.7166666666665,0.0,45.0,82.0,55.273695855678525,47.0,0.6740694616546161,0.7386679638813748,16.18
0.0,0.0,1.0,0.0,1712.61,14.0,31.0,35.0,24.033659312080434,46.0,0.6866759803451553,0.726963615332308,14.34
0.0,0.0,1.0,0.0,1610.1733333333334,14.0,17.0,80.0,56.90206015790522,46.0,0.7112757519738152,0.7029130847082615,13.68
0.0,0.0,1.0,0.0,661.34,0.0,20.0,87.0,63.94792964956589,45.0,0.7350336741329413,0.6780306024735382,15.48
0.0,0.0,1.0,0.0,740.5733333333334,0.0,41.0,85.0,63.45998973525511,43.0,0.746588114532413,0.6652865452111116,10.64
0.0,0.0,1.0,0.0,822.9333333333334,0.0,45.0,88.0,66.69710321976655,46.0,0.7579216274973472,0.6523456189565257,16.84
0.0,0.0,1.0,0.0,639.61,0.0,61.0,30.0,23.070925777767542,42.0,0.7690308592589181,0.6392116531380588,18.57
0.0,0.0,1.0,0.0,824.5933333333332,5.0,56.0,89.0,69.41221449508788,51.0,0.7799125224167177,0.6258885343075018,17.74
0.0,0.0,1.0,0.0,900.54,0.0,65.0,103.0,82.50097409076392,47.0,0.8009803309782905,0.5986906625177214,17.58
0.0,0.0,1.0,0.0,1091.2066666666667,0.0,65.0,100.0,81.11602420785621,44.0,0.8111602420785621,0.5848239578463322,14.11
0.0,0.0,1.0,0.0,1758.4833333333333,4.0,61.0,80.0,66.46376134496998,44.0,0.8307970168121247,0.5565755266413303,15.91
0.0,0.0,1.0,0.0,1482.8166666666666,0.0,61.0,37.0,31.089178575490337,46.0,0.8402480696078469,0.5422021592729844,15.7
0.0,0.0,1.0,0.0,1394.7299999999998,7.0,72.0,81.0,68.80548883799993,46.0,0.8494504794814806,0.527668345562516,12.38
0.0,0.0,1.0,0.0,1159.9166666666667,0.0,72.0,98.0,84.12334928260539,48.0,0.8584015232918917,0.512978386299228,24.74
0.0,0.0,1.0,0.0,1523.13,1.0,71.0,94.0,81.50726391443357,44.0,0.8670985522812081,0.4981366284784055,23.44
0.0,0.0,1.0,0.0,2001.8566666666668,0.0,76.0,83.0,73.34878883104581,43.0,0.8837203473619977,0.4680153284438345,24.98
0.0,0.0,1.0,0.0,1492.7733333333335,0.0,101.0,88.0,78.46433714212608,45.0,0.8916401947968874,0.45274469960737107,15.84
0.0,0.0,1.0,0.0,1465.8866666666665,3.0,103.0,87.0,78.88168827250847,47.0,0.9066860720977985,0.4218060770826634,23.41
0.0,0.0,1.0,0.0,1067.4366666666667,21.0,113.0,84.0,76.75984257031956,41.0,0.9138076496466615,0.4061472386305789,17.15
0.0,0.0,1.0,0.0,1275.31,4.0,109.0,118.0,108.63774038360864,48.0,0.9206588168102428,0.3903682146763026,18.57
0.0,0.0,1.0,0.0,1215.2733333333333,16.0,106.0,84.0,78.41751885390538,39.0,0.9335418911179212,0.35846832151248087,23.52
0.0,0.0,1.0,0.0,2001.75,0.0,106.0,28.0,26.468961313567696,44.0,0.945320046913132,0.3261441535642696,25.39
0.0,0.0,1.0,0.0,1791.8733333333332,9.0,156.0,93.0,88.42350463902024,42.0,0.9507903724625832,0.3098349038318025,15.37
0.0,0.0,1.0,0.0,1820.6333333333332,0.0,181.0,93.0,88.90607897749912,46.0,0.9559793438440766,0.2934339689665273,21.2
0.0,0.0,1.0,0.0,1043.5066666666667,0.0,191.0,73.0,70.14463606569733,44.0,0.9608854255574977,0.27694620226893646,19.42
0.0,0.0,1.0,0.0,2251.7766666666666,0.0,191.0,109.0,105.24028107376266,46.0,0.9655071658143364,0.2603764827344581,25.61
0.0,0.0,1.0,0.0,2400.1666666666665,18.0,177.0,105.0,101.83353568156588,46.0,0.969843196967294,0.24372971360968387,24.83
0.0,0.0,1.0,0.0,2444.59,0.0,177.0,33.0,32.262551787894914,41.0,0.9776530844816641,0.2102247521189836,26.36
0.0,0.0,1.0,0.0,1496.24,0.0,177.0,91.0,89.28234130922579,47.0,0.981124629771712,0.19337647441020586,18.74
0.0,0.0,1.0,0.0,1418.8133333333335,5.0,172.0,99.0,97.44627860540427,49.0,0.984305844499033,0.17647097349152166,22.01
0.0,0.0,1.0,0.0,1550.4433333333334,25.0,149.0,103.0,101.68116609097387,47.0,0.9871957872910085,0.15951325197263655,20.9
0.0,0.0,1.0,0.0,1269.2266666666667,5.0,144.0,83.0,82.51111877028607,46.0,0.9941098647022418,0.10837701279187609,15.25
0.0,0.0,1.0,0.0,915.5300000000001,31.0,116.0,34.0,33.85811913934202,50.0,0.9958270335100595,0.09126072172931188,18.91
0.0,0.0,1.0,0.0,739.5733333333334,0.0,122.0,80.0,79.7799616861876,49.0,0.9972495210773451,0.07411742515094437,16.84
0.0,0.0,1.0,0.0,945.1833333333334,13.0,109.0,110.0,109.91297416747727,44.0,0.9992088560679753,0.03977011384605572,19.92
0.0,0.0,1.0,0.0,1188.9566666666667,0.0,124.0,97.0,96.99859841311971,44.0,0.9999855506507186,0.005375731557583884,19.08
0.0,0.0,1.0,0.0,1428.5333333333335,59.0,65.0,87.0,86.90704170798261,43.0,0.9989315138848577,-0.046215046983708354,29.26
0.0,0.0,1.0,0.0,1547.8700000000001,25.0,47.0,90.0,89.81898680840386,44.0,0.9979887423155984,-0.06339140486951038,31.08
0.0,0.0,1.0,0.0,1796.2699999999998,10.0,49.0,98.0,97.53132507182548,42.0,0.9952176027737294,-0.09768276782171598,30.53
0.0,0.0,1.0,0.0,1619.2633333333333,0.0,94.0,82.0,81.2840208358555,46.0,0.9912685467787256,-0.13185851571739118,20.3
0.0,0.0,1.0,0.0,1260.1866666666667,4.0,99.0,12.0,11.866244477047061,46.0,0.9888537064205885,-0.1488903868564548,27.0
0.0,0.0,1.0,0.0,1127.4833333333333,0.0,119.0,60.0,59.168774900495706,43.0,0.986146248341595,-0.16587819893463143,21.23
0.0,0.0,1.0,0.0,1006.5333333333334,0.0,119.0,48.0,47.03312496460159,50.0,0.9798567700958665,-0.1997015525660636,22.81
0.0,0.0,1.0,0.0,2256.28,0.0,133.0,49.0,47.83755394325967,43.0,0.9762766110869321,-0.21652708524481437,26.61
0.0,0.0,1.0,0.0,2031.9233333333334,2.0,158.0,67.0,65.15130626017378,46.0,0.9724075561219968,-0.23328854407545518,19.42
0.0,0.0,1.0,0.0,2033.74,0.0,188.0,63.0,60.99979725735032,46.0,0.9682507501166718,-0.2499809690726521,18.16
0.0,0.0,1.0,0.0,670.63,3.0,213.0,25.0,24.095185578418267,46.0,0.9638074231367307,-0.26659942067929354,23.8
0.0,0.0,1.0,0.0,1156.9233333333334,6.0,207.0,48.0,46.03578672163743,49.0,0.9590788900341131,-0.28313898122818354,24.29
0.0,0.0,1.0,0.0,1160.18,0.0,244.0,53.0,50.56552715306545,39.0,0.9540665500578387,-0.2995947563972602,23.43
0.0,0.0,1.0,0.0,1317.33,15.0,229.0,47.0,44.59227866267752,51.0,0.9487718864399473,-0.31596187665790293,26.09
0.0,0.0,1.0,0.0,689.9833333333332,0.0,231.0,26.0,24.044866932541233,45.0,0.9248025743285089,-0.38044736628785164,25.0
0.0,0.0,1.0,0.0,1040.9633333333334,7.0,224.0,100.0,91.81214482844365,48.0,0.9181214482844364,-0.39629913726891813,26.51
0.0,0.0,1.0,0.0,1248.24,12.0,213.0,80.0,72.89349082661305,46.0,0.9111686353326631,-0.41203363695942635,27.61
0.0,0.0,1.0,0.0,1726.1166666666668,45.0,193.0,80.0,72.31569543379209,34.0,0.9039461929224011,-0.42764620926777464,22.59
0.0,0.0,1.0,0.0,1646.3933333333334,9.0,184.0,91.0,81.57751950444073,45.0,0.8964562582905575,-0.44313223418263453,26.27
0.0,0.0,1.0,0.0,1766.4099999999999,20.0,165.0,88.0,78.20569220897765,47.0,0.8887010478292915,-0.45848712914008766,30.75
0.0,0.0,1.0,0.0,2656.93,0.0,167.0,93.0,81.90350564800372,52.0,0.8806828564301475,-0.47370635037968,23.0
0.0,0.0,1.0,0.0,2547.396666666667,14.0,185.0,96.0,82.08715282461056,35.0,0.8550745085896932,-0.518505144391157,22.27
0.0,0.0,1.0,0.0,2647.81,27.0,167.0,91.0,76.14269517713879,48.0,0.8367329140344921,-0.5476112038402312,34.6
0.0,0.0,1.0,0.0,2040.7733333333333,30.0,138.0,125.0,103.39866715578121,47.0,0.8271893372462497,-0.5619233046832195,32.23
0.0,0.0,1.0,0.0,1730.8100000000002,28.0,192.0,48.0,38.75379572651276,41.0,0.8073707443023492,-0.5900444739548627,10.71
0.0,0.0,1.0,0.0,1770.993333333333,0.0,198.0,110.0,87.68117520659138,42.0,0.7971015927871943,-0.6038452208771035,32.38
0.0,0.0,1.0,0.0,1486.2466666666667,37.0,180.0,83.0,65.28751498518797,45.0,0.7865965660866021,-0.6174672802835514,34.84
0.0,0.0,1.0,0.0,1613.33,0.0,276.0,77.0,59.74112550613768,39.0,0.7758587728069828,-0.6309066211876704,15.05
0.0,0.0,1.0,0.0,1674.6666666666667,2.0,278.0,85.0,64.06430147339769,45.0,0.753697664392914,-0.6572212950663319,30.21
0.0,0.0,1.0,0.0,1715.3166666666668,0.0,281.0,91.0,67.54756254491537,50.0,0.742280907086982,-0.6700888411055113,30.76
0.0,0.0,1.0,0.0,1683.1133333333335,1.0,282.0,23.0,16.804823429125307,51.0,0.7306444969184916,-0.6827580970759147,38.0
0.0,0.0,1.0,0.0,1595.9633333333334,25.0,266.0,88.0,63.253685201381245,45.0,0.7187918772884232,-0.6952253139408722,37.9
0.0,0.0,1.0,0.0,1435.1466666666668,0.0,305.0,37.0,23.803451254966195,42.0,0.6433365204044917,-0.765583517007675,27.86
0.0,0.0,1.0,0.0,1877.7966666666669,1.0,333.0,97.0,59.81225767027691,47.0,0.6166212130956382,-0.7872599821916922,29.47
0.0,0.0,1.0,0.0,2020.3799999999999,2.0,336.0,96.0,57.88683523866925,42.0,0.6029878670694714,-0.7977503570459932,32.53
0.0,0.0,1.0,0.0,2159.063333333333,32.0,304.0,97.0,57.150080461532745,46.0,0.5891760872322963,-0.8080046647350754,29.56
0.0,0.0,1.0,0.0,2158.306666666667,9.0,295.0,91.0,52.34228642478995,51.0,0.5751899607119775,-0.8180198708443174,30.05
0.0,0.0,1.0,0.0,1929.78,1.0,308.0,86.0,48.24889185563963,44.0,0.5610336262283677,-0.8277930117131022,34.47
0.0,0.0,1.0,0.0,1856.7366666666667,82.0,280.0,101.0,53.75494102359141,43.0,0.5322271388474397,-0.8466016020976267,26.33
0.0,0.0,1.0,0.0,1902.2400000000005,6.0,292.0,116.0,58.3237234943993,42.0,0.5027907197793043,-0.8644081744776648,28.22
0.0,0.0,1.0,0.0,2118.366666666667,19.0,273.0,101.0,49.2725616896735,49.0,0.4878471454423119,-0.8729290708206411,36.68
0.0,0.0,1.0,0.0,2184.4933333333333,96.0,183.0,98.0,46.3304025100552,45.0,0.47275920928627757,-0.881191653407483,29.38
0.0,0.0,1.0,0.0,2380.69,4.0,194.0,115.0,52.616108248538886,46.0,0.4575313760742512,-0.8891934772070711,35.68
0.0,0.0,1.0,0.0,1997.08,3.0,221.0,94.0,40.10736381985292,44.0,0.42667408318992467,-0.9044054548343001,23.31
0.0,0.0,1.0,0.0,2090.7400000000002,2.0,234.0,75.0,30.829031601527632,52.0,0.4110537546870351,-0.9116111071930239,28.96
0.0,0.0,1.0,0.0,1783.6300000000003,9.0,258.0,108.0,40.98090712225079,47.0,0.37945284372454435,-0.925211078289358,24.31
0.0,0.0,1.0,0.0,2274.0866666666666,39.0,225.0,99.0,34.39287929724346,48.0,0.3474028211842774,-0.9377159910299093,30.95
0.0,0.0,1.0,0.0,1979.3733333333337,29.0,308.0,105.0,33.06887017653995,45.0,0.31494162072895193,-0.9491110448902284,14.31
0.0,0.0,1.0,0.0,1980.4000000000003,5.0,333.0,93.0,26.236012629418504,47.0,0.2821076626819194,-0.9593827529490743,28.06
0.0,0.0,1.0,0.0,1933.426666666667,0.0,349.0,122.0,30.37065664355952,40.0,0.24893980855376657,-0.9685189578512204,25.66
0.0,0.0,1.0,0.0,2104.3000000000006,0.0,356.0,103.0,23.921021172934225,43.0,0.23224292400907015,-0.9726578145718654,27.03
0.0,0.0,1.0,0.0,2543.2700000000004,14.0,342.0,108.0,19.630057059868538,43.0,0.18175978759137534,-0.9833429613388902,37.2
0.0,0.0,1.0,0.0,2102.586666666667,54.0,333.0,95.0,15.657695432433803,43.0,0.16481784665719793,-0.9863240225317866,23.38
0.0,0.0,1.0,0.0,2073.603333333334,18.0,347.0,85.0,12.56530634499509,45.0,0.14782713347053048,-0.9890132145779883,30.94
0.0,0.0,1.0,0.0,1991.8766666666672,0.0,382.0,105.0,11.940549031524718,46.0,0.11371951458594969,-0.9935128947338007,27.95
0.0,0.0,1.0,0.0,1832.673333333334,6.0,390.0,41.0,3.9611207771293273,47.0,0.0966127018812031,-0.9953220513156602,35.02
0.0,0.0,1.0,0.0,2214.133333333334,15.0,408.0,98.0,7.7887753925148555,44.0,0.07947729992362097,-0.9968366760893436,32.8
0.0,0.0,1.0,0.0,1646.683333333334,30.0,401.0,72.0,4.486923313511405,42.0,0.062318379354325076,-0.998056320853012,24.26
0.0,0.0,1.0,0.0,2321.6300000000006,15.0,392.0,110.0,4.965511955136912,43.0,0.04514101777397193,-0.9989806246941579,34.23
0.0,0.0,1.0,0.0,1726.5933333333342,33.0,359.0,77.0,0.8278506977911886,49.0,0.01075130776352193,-0.9999422030204416,20.36
0.0,0.0,1.0,0.0,1782.9000000000008,6.0,361.0,79.0,-0.5096182716503068,46.0,-0.00645086419810515,-0.9999791929590823,25.06
0.0,0.0,1.0,0.0,905.773333333334,112.0,249.0,21.0,-0.4966736721498633,46.0,-0.023651127245231586,-0.9997202729664083,24.76
0.0,0.0,1.0,0.0,1133.7200000000005,30.0,234.0,121.0,-4.94217137673883,44.0,-0.04084439154329611,-0.9991655196610109,22.8
0.0,0.0,1.0,0.0,1495.2666666666673,16.0,218.0,98.0,-5.686505794220475,46.0,-0.05802556932878035,-0.9983150972033183,24.98
0.0,0.0,1.0,0.0,1789.173333333334,7.0,211.0,73.0,-6.740187359763559,47.0,-0.09233133369539122,-0.9957283388645872,25.15
0.0,0.0,1.0,0.0,2483.7100000000005,0.0,211.0,107.0,-11.710697245433964,49.0,-0.10944576864891556,-0.993992768446958,27.37
0.0,0.0,1.0,0.0,1794.9233333333339,45.0,189.0,32.0,-4.594317549177962,41.0,-0.1435724234118113,-0.9896398128792412,14.91
0.0,0.0,1.0,0.0,1890.5066666666671,32.0,169.0,99.0,-17.575385769516462,47.0,-0.17752914918703497,-0.984115542601034,23.04
0.0,0.0,1.0,0.0,1299.7100000000007,35.0,134.0,111.0,-25.314412605588696,46.0,-0.2280577712215198,-0.9736476020539838,27.72
0.0,0.0,1.0,0.0,1797.683333333334,14.0,135.0,96.0,-23.49814088613692,44.0,-0.24477230089725957,-0.9695805901076308,28.83
0.0,0.0,1.0,0.0,1400.2900000000009,33.0,102.0,18.0,-4.705459173200812,48.0,-0.2614143985111562,-0.965226663665613,26.33
0.0,0.0,1.0,0.0,1254.8166666666673,23.0,79.0,95.0,-26.40801824288411,44.0,-0.2779791393987801,-0.9605871111248129,25.97
0.0,0.0,1.0,0.0,1017.1066666666671,6.0,80.0,81.0,-23.851391364730897,45.0,-0.2944616217868012,-0.9556633054034704,20.01
0.0,0.0,1.0,0.0,1397.623333333334,0.0,87.0,97.0,-30.15312591961985,43.0,-0.3108569682435036,-0.9504567035349151,23.62
0.0,0.0,1.0,0.0,1119.6100000000006,8.0,79.0,42.0,-15.769755904880048,45.0,-0.3754703786876202,-0.9268343944460494,29.1
0.0,0.0,1.0,0.0,1194.0466666666673,0.0,79.0,92.0,-36.00492096361438,50.0,-0.3913578365610259,-0.9202385798054075,20.48
0.0,0.0,1.0,0.0,1222.5366666666673,15.0,67.0,93.0,-37.8630421379454,50.0,-0.4071294853542516,-0.9133704517637858,23.67
0.0,0.0,1.0,0.0,1448.953333333334,0.0,70.0,82.0,-34.668013954579536,49.0,-0.4227806579826773,-0.9062320427107697,26.45
0.0,0.0,1.0,0.0,1403.213333333334,0.0,84.0,83.0,-37.65735614060157,47.0,-0.45370308603134424,-0.8911529104063088,21.4
0.0,0.0,1.0,0.0,1522.3533333333341,0.0,84.0,82.0,-38.45514566262581,46.0,-0.46896519100763184,-0.8832166493127127,27.13
0.0,0.0,1.0,0.0,1444.5900000000008,23.0,61.0,30.0,-14.522655649169277,44.0,-0.48408852163897587,-0.8750190302029955,27.2
0.0,0.0,1.0,0.0,1362.1800000000007,12.0,70.0,78.0,-42.36220869530767,45.0,-0.5431052396834317,-0.8396646346181327,18.38
0.0,0.0,1.0,0.0,1104.853333333334,0.0,103.0,97.0,-54.07443843098055,43.0,-0.5574684374327892,-0.8301981337405212,18.61
0.0,0.0,1.0,0.0,1042.5866666666673,15.0,102.0,74.0,-42.303333676400186,44.0,-0.5716666713027052,-0.8204859638785327,21.99
0.0,0.0,1.0,0.0,857.293333333334,0.0,106.0,20.0,-11.713914796147016,49.0,-0.5856957398073508,-0.8105309990194823,26.55
0.0,0.0,1.0,0.0,1078.8266666666673,0.0,131.0,100.0,-61.32298262997502,42.0,-0.6132298262997502,-0.7899045386224707,16.5
0.0,0.0,1.0,0.0,1126.7900000000006,7.0,138.0,82.0,-51.39158911368307,49.0,-0.6267266965083301,-0.7792391467859886,21.38
0.0,0.0,1.0,0.0,1234.073333333334,7.0,167.0,76.0,-48.64289622353062,50.0,-0.6400381082043503,-0.7683431655492202,12.99
0.0,0.0,1.0,0.0,1273.573333333334,0.0,170.0,95.0,-63.278441306792814,48.0,-0.666088855860977,-0.7458723993404063,24.47
0.0,0.0,1.0,0.0,996.4500000000004,0.0,200.0,34.0,-23.07989642153201,37.0,-0.6788204829862355,-0.734304263829602,18.24
0.0,0.0,1.0,0.0,1384.2266666666674,3.0,209.0,79.0,-54.61674766054316,47.0,-0.6913512362094071,-0.722518835873311,21.13
0.0,0.0,1.0,0.0,1215.8500000000006,3.0,216.0,105.0,-75.15851167467974,40.0,-0.7157953492826642,-0.6983101158835584,21.91
0.0,0.0,1.0,0.0,1463.9566666666672,14.0,202.0,77.0,-56.93320429688616,47.0,-0.7393922635959241,-0.673274892250183,21.92
0.0,0.0,1.0,0.0,1235.7200000000005,0.0,202.0,95.0,-71.33210407290015,45.0,-0.7508642533989489,-0.6604565640279754,18.65
0.0,0.0,1.0,0.0,944.7133333333339,0.0,211.0,43.0,-32.770904166733395,44.0,-0.7621140503891487,-0.6474427960827475,19.4
0.0,0.0,1.0,0.0,903.3166666666672,21.0,190.0,76.0,-59.57897006790193,46.0,-0.7839338166829201,-0.620844401650647,19.46
0.0,0.0,1.0,0.0,868.4400000000006,33.0,157.0,84.0,-69.28026709576235,41.0,-0.8247650844733614,-0.5654755126737576,19.65
0.0,0.0,1.0,0.0,760.0733333333341,14.0,180.0,20.0,-16.687402470459077,39.0,-0.8343701235229538,-0.5512045872199277,17.5
0.0,0.0,1.0,0.0,920.6400000000007,4.0,194.0,91.0,-76.77927157166367,47.0,-0.8437282590292712,-0.5367705514607103,24.27
0.0,0.0,1.0,0.0,910.6366666666672,25.0,169.0,74.0,-63.10991741094,46.0,-0.8528367217694595,-0.522177676659508,21.19
0.0,0.0,1.0,0.0,1384.5700000000006,14.0,155.0,92.0,-81.57833780363536,46.0,-0.886721063082993,-0.46230483047981086,26.2
0.0,0.0,1.0,0.0,1299.8300000000006,36.0,136.0,45.0,-40.25440066394023,48.0,-0.8945422369764496,-0.4469834295196741,27.24
0.0,0.0,1.0,0.0,1466.2300000000005,3.0,135.0,101.0,-91.11196884444855,47.0,-0.9020987014301837,-0.43152975897147144,22.34
0.0,0.0,1.0,0.0,1294.183333333334,30.0,134.0,83.0,-75.47922229027778,45.0,-0.9093882203647925,-0.4159483918249421,20.49
0.0,0.0,1.0,0.0,1302.5800000000006,12.0,127.0,79.0,-72.39628229885332,47.0,-0.9164086366943458,-0.4002439388573056,22.78
0.0,0.0,1.0,0.0,1328.5066666666673,10.0,174.0,113.0,-104.31683964501154,44.0,-0.9231578729647039,-0.38442104726885545,22.12
0.0,0.0,1.0,0.0,1448.1866666666672,0.0,174.0,83.0,-77.67429647880451,47.0,-0.9358348973349941,-0.35243871088460327,27.05
0.0,0.0,1.0,0.0,1465.3200000000006,0.0,189.0,95.0,-90.51308276060085,42.0,-0.9527692922168511,-0.30369503751065885,21.42
0.0,0.0,1.0,0.0,1317.9600000000007,9.0,208.0,97.0,-92.91167847648369,48.0,-0.9578523554276669,-0.28726097055059635,17.87
0.0,0.0,1.0,0.0,1144.2366666666674,0.0,237.0,91.0,-88.01217241159354,47.0,-0.9671667297977312,-0.2541427094613622,15.64
0.0,0.0,1.0,0.0,1099.6700000000005,0.0,252.0,80.0,-77.7116227747,44.0,-0.97139528468375,-0.23746831555846842,22.48
0.0,0.0,1.0,0.0,1902.8100000000006,37.0,220.0,68.0,-66.79991293759082,50.0,-0.9823516608469237,-0.18704334906991657,24.5
0.0,0.0,1.0,0.0,2173.773333333334,18.0,202.0,103.0,-101.78503723439664,46.0,-0.9882042449941422,-0.15314166701312007,26.09
0.0,0.0,1.0,0.0,2255.376666666667,0.0,209.0,88.0,-87.18092329421737,43.0,-0.9906923101615609,-0.13612033862266704,25.3
0.0,0.0,1.0,0.0,1509.0800000000006,0.0,209.0,88.0,-87.37407479114127,42.0,-0.9928872135356962,-0.11905873003404988,23.61
0.0,0.0,1.0,0.0,1035.4033333333339,17.0,217.0,34.0,-33.822802390717115,39.0,-0.994788305609327,-0.10196189005174576,16.85
0.0,0.0,1.0,0.0,1065.4933333333338,2.0,218.0,90.0,-89.67555214368508,52.0,-0.9963950238187231,-0.08483487790576538,23.53
0.0,0.0,1.0,0.0,956.9866666666672,29.0,191.0,71.0,-70.9093702097082,46.0,-0.9987235240803972,-0.050510617185222886,21.49
0.0,0.0,1.0,0.0,1174.1700000000008,5.0,227.0,83.0,-82.95390321863482,44.0,-0.9994446170919858,-0.033323525711631344,19.05
0.0,0.0,1.0,0.0,1236.536666666667,57.0,182.0,95.0,-94.98764604437663,43.0,-0.9998699583618592,-0.016126573270657762,27.81
0.0,0.0,1.0,0.0,1411.753333333334,0.0,210.0,94.0,-93.9999456703211,45.0,-0.9999994220246925,0.001075151282798226,24.83
0.0,0.0,1.0,0.0,1269.1900000000005,15.0,261.0,93.0,-92.87097199380952,40.0,-0.9986126020839734,0.052658056924614005,9.91
0.0,0.0,1.0,0.0,1290.113333333334,28.0,233.0,84.0,-83.79496001342434,45.0,-0.9975590477788613,0.06982797572987089,30.93
0.0,0.0,1.0,0.0,1377.9266666666672,29.0,220.0,98.0,-97.4675421831221,42.0,-0.9945667569706337,0.1041007489354256,23.99
0.0,0.0,1.0,0.0,3255.656666666667,15.0,221.0,108.0,-107.20392184092702,43.0,-0.9926289059345095,0.121193461470736,33.06
0.0,0.0,1.0,0.0,3121.9633333333345,5.0,225.0,79.0,-78.04194011116839,43.0,-0.9878726596350429,0.15526624985999563,26.54
0.0,0.0,1.0,0.0,2798.4700000000007,0.0,258.0,84.0,-82.7446764330061,39.0,-0.9850556718215013,0.172236243027682,16.54
0.0,0.0,1.0,0.0,1094.456666666667,7.0,267.0,76.0,-74.62798645418509,37.0,-0.981947190186646,0.18915526872004093,24.07
0.0,0.0,1.0,0.0,985.4433333333336,0.0,288.0,87.0,-84.8127774428549,43.0,-0.9748595108374125,0.22282040779479959,18.56
0.0,0.0,1.0,0.0,886.1766666666668,25.0,324.0,81.0,-78.64147524899207,44.0,-0.9708824104813836,0.23955655912092708,10.17
0.0,0.0,1.0,0.0,626.3266666666669,3.0,353.0,24.0,-23.198832249602333,44.0,-0.9666180104000972,0.2562218218071163,20.38
0.0,0.0,1.0,0.0,870.4500000000003,2.0,377.0,90.0,-86.58608152483308,44.0,-0.9620675724981452,0.27281126433401914,19.78
0.0,0.0,1.0,0.0,1541.9233333333334,41.0,339.0,115.0,-110.08173098218089,45.0,-0.957232443323312,0.28931997761869527,33.1
0.0,0.0,1.0,0.0,1775.4333333333334,12.0,352.0,88.0,-83.7860367227937,45.0,-0.9521140536681102,0.3057430764672831,17.53
0.0,0.0,1.0,0.0,1937.633333333334,28.0,329.0,99.0,-92.57241355080419,45.0,-0.9350748843515574,0.3544502230989869,33.84
0.0,0.0,1.0,0.0,1433.5800000000002,66.0,278.0,35.0,-32.50938005895324,46.0,-0.9288394302558068,0.3704825404820963,31.06
0.0,0.0,1.0,0.0,1455.0266666666666,0.0,337.0,92.0,-84.85427882187301,48.0,-0.9223291176290545,0.3864052261209853,17.57
0.0,0.0,1.0,0.0,884.5666666666667,16.0,394.0,74.0,-67.75039460033845,49.0,-0.9155458729775467,0.40221356823680365,10.59
0.0,0.0,1.0,0.0,2419.0866666666666,16.0,381.0,89.0,-80.85576161795323,44.0,-0.9084917035725082,0.41790288888678667,28.81
0.0,0.0,1.0,0.0,2797.6299999999997,9.0,374.0,93.0,-83.80868880762259,49.0,-0.9011686968561569,0.4334685453485363,34.57
0.0,0.0,1.0,0.0,3244.5766666666664,33.0,362.0,103.0,-92.0386390418715,44.0,-0.8935790198239952,0.4489059314938798,27.78
0.0,0.0,1.0,0.0,1810.5933333333332,16.0,391.0,100.0,-88.57249183835637,39.0,-0.8857249183835637,0.4642104791518923,22.14
0.0,0.0,1.0,0.0,1896.006666666667,21.0,370.0,112.0,-97.35407544323766,43.0,-0.8692328164574792,0.49440298420761813,33.73
0.0,0.0,1.0,0.0,1829.51,61.0,318.0,83.0,-71.4297747887598,45.0,-0.8605996962501181,0.5092820071573356,30.34
0.0,0.0,1.0,0.0,1871.12,32.0,310.0,91.0,-77.50578387796962,40.0,-0.8517119107469189,0.5240103253675756,20.0
0.0,0.0,1.0,0.0,1537.4433333333334,26.0,308.0,79.0,-66.56319510894166,48.0,-0.8425720899866032,0.5385835804920232,27.43
0.0,0.0,1.0,0.0,1517.3533333333332,3.0,327.0,110.0,-91.65012324480963,50.0,-0.8331829385891785,0.5529974600700271,20.96
0.0,0.0,1.0,0.0,1539.123333333333,25.0,334.0,98.0,-80.70762902564887,47.0,-0.8235472349556007,0.5672476988027229,23.3
0.0,0.0,1.0,0.0,2575.213333333333,5.0,374.0,36.0,-29.292041896041567,42.0,-0.8136678304455991,0.5813300798152042,27.64
0.0,0.0,1.0,0.0,2523.69,15.0,398.0,113.0,-90.80088428433201,44.0,-0.8035476485339116,0.5952404359043674,20.03
0.0,0.0,1.0,0.0,2458.6566666666663,59.0,382.0,80.0,-63.455174715614746,44.0,-0.7931896839451843,0.6089746507720486,25.86
0.0,0.0,1.0,0.0,1329.1366666666663,73.0,340.0,92.0,-71.0030917623041,46.0,-0.7717727365467836,0.6358984534680745,19.36
0.0,0.0,1.0,0.0,1576.053333333333,3.0,347.0,85.0,-64.66120776529489,42.0,-0.7607200913564104,0.6490800741100398,35.15
0.0,0.0,1.0,0.0,1600.0299999999995,2.0,420.0,106.0,-79.44088770633272,43.0,-0.7494423368521954,0.6620696215153815,14.58
0.0,0.0,1.0,0.0,2250.43,21.0,413.0,25.0,-18.448570257578464,48.0,-0.7379428103031386,0.6748632518680403,26.48
0.0,0.0,1.0,0.0,2020.1399999999996,45.0,370.0,91.0,-66.08646722897804,46.0,-0.7262249146041543,0.6874571793269664,24.76
0.0,0.0,1.0,0.0,1745.4233333333332,0.0,448.0,88.0,-62.857706319681085,40.0,-0.7142921172691032,0.699847677146407,10.42
0.0,0.0,1.0,0.0,1225.2666666666664,9.0,439.0,89.0,-62.491167497018104,54.0,-0.7021479494046978,0.7120310787787131,24.72
0.0,0.0,1.0,0.0,1393.0966666666664,24.0,422.0,96.0,-66.22041644789651,46.0,-0.6897960046655887,0.7240037789593305,31.77
0.0,0.0,1.0,0.0,1970.1066666666663,24.0,425.0,85.0,-56.48109456944269,49.0,-0.6644834655228552,0.7473029667054296,25.6
0.0,0.0,1.0,0.0,1839.6699999999994,22.0,440.0,32.0,-20.848971568217667,49.0,-0.6515303615068021,0.75862255966641,25.03
0.0,0.0,1.0,0.0,1355.763333333333,32.0,507.0,90.0,-55.03768882191948,43.0,-0.6115298757991053,0.7912213413483807,9.74
0.0,0.0,1.0,0.0,1172.4699999999996,45.0,463.0,88.0,-52.60896444838805,46.0,-0.5978291414589552,0.801623551065242,29.91
0.0,0.0,1.0,0.0,1605.573333333333,39.0,427.0,87.0,-49.58139201231033,44.0,-0.5699010576127624,0.8217133225960589,31.61
0.0,0.0,1.0,0.0,1488.6666666666663,43.0,452.0,31.0,-17.226141146757517,42.0,-0.5556819724760489,0.8313949395234058,10.61
0.0,0.0,1.0,0.0,1500.4999999999993,31.0,421.0,86.0,-46.551666880911085,52.0,-0.5412984521036173,0.8408305333122887,29.26
0.0,0.0,1.0,0.0,1250.8133333333328,10.0,422.0,103.0,-54.25573953948708,51.0,-0.5267547528105542,0.8500173118187018,24.52
0.0,0.0,1.0,0.0,2829.8766666666666,75.0,373.0,87.0,-44.548800513097426,43.0,-0.5120551783114646,0.8589525565270845,18.97
0.0,0.0,1.0,0.0,2675.856666666666,14.0,383.0,105.0,-52.206428236928474,40.0,-0.4972040784469378,0.8676336233547726,20.37
0.0,0.0,1.0,0.0,2667.776666666666,2.0,410.0,90.0,-42.03584323896873,46.0,-0.46706492487743034,0.8842230238742036,19.81
0.0,0.0,1.0,0.0,1075.5099999999998,78.0,419.0,26.0,-11.746430535654984,44.0,-0.451785789832884,0.8921264484954345,10.12
0.0,0.0,1.0,0.0,1607.9099999999999,0.0,431.0,86.0,-37.528074912994946,46.0,-0.4363729641045924,0.8997658785476209,26.6
0.0,0.0,1.0,0.0,1464.9966666666667,7.0,426.0,91.0,-38.29562178220466,48.0,-0.42083100859565564,0.9071390534005044,20.85
0.0,0.0,1.0,0.0,1780.3433333333332,27.0,412.0,85.0,-34.43898440576429,41.0,-0.4051645224207563,0.9142437912130223,20.86
0.0,0.0,1.0,0.0,1226.0499999999997,37.0,377.0,78.0,-30.37149504052572,49.0,-0.3893781415452015,0.9210779895789526,23.28
0.0,0.0,1.0,0.0,941.6899999999997,99.0,290.0,28.0,-9.557702398861013,42.0,-0.34134651424503615,0.9399375283564133,24.96
0.0,0.0,1.0,0.0,1056.8933333333332,1.0,289.0,85.0,-27.635846254992288,53.0,-0.3251276029999093,0.9456701548465688,24.24
0.0,0.0,1.0,0.0,1189.543333333333,3.0,296.0,87.0,-26.866685870164076,46.0,-0.30881248126625377,0.9511229423235357,28.85
0.0,0.0,1.0,0.0,1455.366666666666,68.0,280.0,101.0,-26.193164863515968,44.0,-0.2593382659754056,0.9657865518844574,18.8
0.0,0.0,1.0,0.0,1441.9799999999996,0.0,280.0,88.0,-21.356442323268396,45.0,-0.2426868445825954,0.9701046827361175,24.31
0.0,0.0,1.0,0.0,1798.6399999999996,11.0,325.0,91.0,-14.419111521436104,48.0,-0.15845177496083632,0.9873667175937016,18.01
0.0,0.0,1.0,0.0,2338.99,26.0,304.0,22.0,-2.360778896439974,50.0,-0.10730813165636247,0.9942258118156161,27.82
0.0,0.0,1.0,0.0,2234.043333333333,24.0,284.0,78.0,-7.03482033308692,43.0,-0.09019000427034513,0.9959245770286599,21.85
0.0,0.0,1.0,0.0,1742.8766666666663,29.0,284.0,96.0,-7.0123380682605525,46.0,-0.07304518821104743,0.9973286321364752,19.68
0.0,0.0,1.0,0.0,1417.0366666666662,87.0,207.0,102.0,-5.69963320434806,42.0,-0.05587875690537313,0.9984375616565666,28.11
0.0,0.0,1.0,0.0,1793.8366666666664,12.0,195.0,87.0,-3.3665337453578394,50.0,-0.03869579017652689,0.9992510374388481,25.63
0.0,0.0,1.0,0.0,1842.0999999999997,2.0,222.0,101.0,-2.1716386468221933,45.0,-0.021501372740813793,0.999768818762748,21.16
0.0,0.0,1.0,0.0,1582.333333333333,13.0,253.0,89.0,-0.38275275056539565,47.0,-0.004300592702981974,0.9999907524084426,18.56
0.0,0.0,1.0,0.0,994.0933333333329,2.0,271.0,32.0,0.5504504133843362,49.0,0.017201575418260506,0.9998520419557735,21.75
0.0,0.0,1.0,0.0,878.6866666666664,12.0,277.0,83.0,4.281502450160894,47.0,0.051584366869408364,0.9986686402879997,18.86
0.0,0.0,1.0,0.0,891.2999999999997,0.0,277.0,92.0,6.325497580264826,47.0,0.06875540848113941,0.9976335468520451,18.03
0.0,0.0,1.0,0.0,1226.4366666666663,10.0,281.0,110.0,9.4496714687466,46.0,0.08590610426133272,0.9963032375991965,20.06
0.0,0.0,1.0,0.0,1235.4199999999998,52.0,229.0,83.0,8.551604460583839,48.0,0.10303137904317879,0.9946781061893646,18.92
0.0,0.0,1.0,0.0,1374.733333333333,0.0,247.0,86.0,10.330850205682143,43.0,0.1201261651823505,0.9927586335250793,17.13
0.0,0.0,1.0,0.0,1018.8266666666664,56.0,201.0,34.0,4.66430373792442,48.0,0.13718540405660057,0.9905453876091833,18.18
0.0,0.0,1.0,0.0,960.8266666666664,5.0,197.0,90.0,13.878364280642046,44.0,0.1542040475626894,0.988039023376751,15.68
0.0,0.0,1.0,0.0,868.1566666666664,4.0,193.0,106.0,23.507848700987076,46.0,0.22177215755648186,0.975098513039961,17.97
0.0,0.0,1.0,0.0,1096.4733333333331,29.0,167.0,81.0,19.319518590720197,45.0,0.23851257519407648,0.9711394088771653,20.35
0.0,0.0,1.0,0.0,1069.5499999999997,10.0,184.0,107.0,29.08011101641152,40.0,0.2717767384711357,0.9623603298276545,12.61
0.0,0.0,1.0,0.0,1669.6866666666665,0.0,227.0,80.0,25.68461233482168,46.0,0.321057654185271,0.9470596510722283,14.1
0.0,0.0,1.0,0.0,1918.113333333333,29.0,198.0,97.0,32.71820370620986,50.0,0.3373010691361842,0.9413968285264122,14.6
0.0,0.0,1.0,0.0,1760.6999999999998,44.0,164.0,35.0,12.931928920658407,41.0,0.3694836834473831,0.9292372181882051,16.51
0.0,0.0,1.0,0.0,1107.063333333333,20.0,162.0,96.0,36.99968250761526,43.0,0.38541335945432564,0.9227440286201427,18.02
0.0,0.0,1.0,0.0,913.0066666666663,18.0,147.0,100.0,40.12289854475009,49.0,0.4012289854475009,0.9159777842484877,18.38
0.0,0.0,1.0,0.0,1033.293333333333,0.0,173.0,92.0,41.210934425525984,40.0,0.44794493940789115,0.8940611451454876,12.61
0.0,0.0,1.0,0.0,1050.7766666666664,14.0,159.0,95.0,46.87947345933755,49.0,0.49346814167723735,0.8697638720650646,17.57
0.0,0.0,1.0,0.0,902.4199999999997,0.0,159.0,80.0,40.66851503500097,44.0,0.5083564379375122,0.8611467540480452,15.3
0.0,0.0,1.0,0.0,975.9199999999997,18.0,154.0,102.0,53.35561894161153,39.0,0.5230943033491326,0.8522748088519838,15.2
0.0,0.0,1.0,0.0,874.8099999999998,10.0,159.0,97.0,54.93710750890089,46.0,0.5663619330814524,0.8241566360566663,13.31
0.0,0.0,1.0,0.0,733.0699999999997,1.0,165.0,31.0,17.99410276208204,47.0,0.580454927809098,0.8142923779467267,19.0
0.0,0.0,1.0,0.0,693.0766666666665,0.0,165.0,92.0,54.68260640581845,46.0,0.5943761565849831,0.804187157621448,13.2
0.0,0.0,1.0,0.0,693.203333333333,3.0,164.0,95.0,59.06025457532205,47.0,0.6216868902665479,0.7832658619336791,13.49
0.0,0.0,1.0,0.0,885.3899999999998,27.0,137.0,80.0,52.90107799725109,51.0,0.6612634749656386,0.7501537286959042,17.24
0.0,0.0,1.0,0.0,781.5966666666664,43.0,115.0,100.0,69.90793005655563,46.0,0.6990793005655562,0.7150441465537444,7.79
0.0,0.0,1.0,0.0,799.3533333333331,0.0,115.0,88.0,62.59226617369574,51.0,0.7112757519738152,0.7029130847082615,14.81
0.0,0.0,1.0,0.0,766.2266666666665,10.0,113.0,85.0,61.477246662717796,42.0,0.7232617254437388,0.6905740195722293,15.92
0.0,0.0,1.0,0.0,1049.3299999999997,18.0,95.0,112.0,82.32377150288943,44.0,0.7350336741329413,0.6780306024735382,18.17
0.0,0.0,1.0,0.0,1134.0633333333333,3.0,92.0,104.0,77.64516391137096,45.0,0.746588114532413,0.6652865452111116,17.09
0.0,0.0,1.0,0.0,979.973333333333,26.0,66.0,31.0,23.495570452417763,46.0,0.7579216274973472,0.6523456189565257,19.29
0.0,0.0,1.0,0.0,843.583333333333,0.0,74.0,84.0,64.59859217774913,46.0,0.7690308592589181,0.6392116531380588,17.08
0.0,0.0,1.0,0.0,874.9366666666665,0.0,81.0,110.0,85.79037746583894,40.0,0.7799125224167177,0.6258885343075018,18.43
0.0,0.0,1.0,0.0,1030.5666666666664,13.0,68.0,97.0,79.64671142785025,44.0,0.8211001178128892,0.5707841943569036,13.6
0.0,0.0,1.0,0.0,890.2733333333331,15.0,67.0,54.0,44.86303890785474,51.0,0.8307970168121247,0.5565755266413303,14.11
0.0,0.0,1.0,0.0,819.5433333333331,7.0,60.0,101.0,84.86505503039254,44.0,0.8402480696078469,0.5422021592729844,15.7
0.0,0.0,1.0,0.0,754.443333333333,0.0,60.0,76.0,64.55823644059252,49.0,0.8494504794814806,0.527668345562516,13.07
0.0,0.0,1.0,0.0,849.443333333333,2.0,98.0,93.0,80.64016536215236,45.0,0.8670985522812081,0.4981366284784055,13.33
0.0,0.0,1.0,0.0,1364.5066666666664,0.0,98.0,88.0,77.04743137155945,49.0,0.8755389928586302,0.4831474640149687,20.92
0.0,0.0,1.0,0.0,1768.5366666666662,21.0,77.0,100.0,88.37203473619977,52.0,0.8837203473619977,0.4680153284438345,20.23
0.0,0.0,1.0,0.0,1945.6566666666665,0.0,97.0,92.0,83.41511863299746,43.0,0.9066860720977985,0.4218060770826634,22.92
0.0,0.0,1.0,0.0,1511.1899999999996,8.0,89.0,104.0,95.0359955632528,54.0,0.9138076496466615,0.4061472386305789,17.08
0.0,0.0,1.0,0.0,1136.173333333333,0.0,134.0,88.0,82.15168641837707,47.0,0.9335418911179212,0.35846832151248087,12.74
0.0,0.0,1.0,0.0,815.7866666666664,0.0,141.0,25.0,23.489249648826554,46.0,0.9395699859530622,0.342356891994542,23.2
0.0,0.0,1.0,0.0,741.1533333333331,0.0,141.0,88.0,83.18816412835561,46.0,0.945320046913132,0.3261441535642696,18.06
0.0,0.0,1.0,0.0,872.0299999999997,8.0,133.0,92.0,87.47271426655766,47.0,0.9507903724625832,0.3098349038318025,18.33
0.0,0.0,1.0,0.0,1017.7166666666664,7.0,154.0,85.0,81.67526117238731,46.0,0.9608854255574977,0.27694620226893646,14.72
0.0,0.0,1.0,0.0,1030.6266666666663,0.0,171.0,79.0,76.61761256041623,39.0,0.969843196967294,0.24372971360968387,22.87
0.0,0.0,1.0,0.0,726.8766666666664,14.0,187.0,21.0,20.45173695421484,44.0,0.9738922359149924,0.22701082094141847,17.71
0.0,0.0,1.0,0.0,887.3799999999998,0.0,187.0,89.0,87.0111245188681,46.0,0.9776530844816641,0.2102247521189836,21.92
0.0,0.0,1.0,0.0,879.0033333333331,0.0,193.0,90.0,88.84762085619077,43.0,0.9871957872910085,0.15951325197263655,18.71
0.0,0.0,1.0,0.0,1161.9499999999998,40.0,162.0,78.0,77.20390103143158,41.0,0.9897936029670716,0.14250832791617088,22.41
0.0,0.0,1.0,0.0,1040.7733333333333,0.0,162.0,86.0,85.76345881265168,45.0,0.9972495210773451,0.07411742515094437,16.5
0.0,0.0,1.0,0.0,1094.073333333333,0.0,173.0,88.0,87.85716776910849,45.0,0.998376906467142,0.056952196034039754,21.45
0.0,0.0,1.0,0.0,1221.5166666666664,20.0,169.0,115.0,114.90901844781716,40.0,0.9992088560679753,0.03977011384605572,20.36
0.0,0.0,1.0,0.0,1335.7499999999998,0.0,179.0,84.0,83.97859039017617,45.0,0.9997451236925734,0.022576263041545485,23.2
0.0,0.0,1.0,0.0,1109.6799999999998,45.0,134.0,29.0,28.997971908089966,49.0,0.9999300657962057,-0.011826390691832589,28.59
0.0,0.0,1.0,0.0,1061.59,7.0,145.0,74.0,73.85116693135429,46.0,0.9979887423155984,-0.06339140486951038,27.24
0.0,0.0,1.0,0.0,820.3299999999999,0.0,208.0,77.0,76.74980003624725,44.0,0.9967506498213929,-0.08054900421874167,11.42
0.0,0.0,1.0,0.0,1015.0033333333332,0.0,216.0,83.0,82.60306103021954,38.0,0.9952176027737294,-0.09768276782171598,22.57
0.0,0.0,1.0,0.0,649.3933333333333,28.0,219.0,22.0,21.807908029131962,39.0,0.9912685467787256,-0.13185851571739118,16.86
0.0,0.0,1.0,0.0,752.8233333333333,17.0,204.0,57.0,56.36466126597354,50.0,0.9888537064205885,-0.1488903868564548,22.19
0.0,0.0,1.0,0.0,648.5766666666666,30.0,180.0,56.0,55.22418990712932,43.0,0.986146248341595,-0.16587819893463143,23.05
0.0,0.0,1.0,0.0,794.1599999999999,0.0,180.0,46.0,45.073411424409855,49.0,0.9798567700958665,-0.1997015525660636,21.43
0.0,0.0,1.0,0.0,694.13,6.0,223.0,56.0,54.45482314283182,44.0,0.9724075561219968,-0.23328854407545518,15.86
0.0,0.0,1.0,0.0,471.60333333333324,9.0,233.0,13.0,12.587259751516735,45.0,0.9682507501166718,-0.2499809690726521,19.85
0.0,0.0,1.0,0.0,473.94666666666654,0.0,233.0,50.0,48.190371156836534,51.0,0.9638074231367307,-0.26659942067929354,19.22
0.0,0.0,1.0,0.0,1772.38,11.0,222.0,95.0,89.60366426587572,43.0,0.9431964659565866,-0.33223549871590435,27.56
0.0,0.0,1.0,0.0,2007.136666666667,16.0,234.0,76.0,71.23798732329267,48.0,0.9373419384643772,-0.3484108069446808,16.95
0.0,0.0,1.0,0.0,2580.05,10.0,239.0,106.0,98.02907287882194,42.0,0.9248025743285089,-0.38044736628785164,25.29
0.0,0.0,1.0,0.0,1612.8966666666668,0.0,243.0,101.0,92.73026627672807,47.0,0.9181214482844364,-0.39629913726891813,22.64
0.0,0.0,1.0,0.0,1697.4899999999998,18.0,225.0,83.0,75.62699673261103,47.0,0.9111686353326631,-0.41203363695942635,20.31
0.0,0.0,1.0,0.0,1347.7,63.0,162.0,56.0,50.62098680365446,45.0,0.9039461929224011,-0.42764620926777464,25.32
0.0,0.0,1.0,0.0,1456.4833333333333,8.0,167.0,110.0,97.75711526122207,46.0,0.8887010478292915,-0.45848712914008766,26.27
0.0,0.0,1.0,0.0,1278.3433333333335,31.0,145.0,34.0,29.943217118625018,42.0,0.8806828564301475,-0.47370635037968,28.24
0.0,0.0,1.0,0.0,1504.6633333333332,2.0,152.0,98.0,85.4955975668862,47.0,0.8724040568049612,-0.48878539428899265,29.96
0.0,0.0,1.0,0.0,1460.2700000000002,6.0,175.0,103.0,88.9783111747247,48.0,0.8638670987837349,-0.503719798736334,24.94
0.0,0.0,1.0,0.0,2100.273333333333,0.0,187.0,110.0,93.06317769009073,50.0,0.8460288880917339,-0.533137056031809,32.9
0.0,0.0,1.0,0.0,1947.9066666666668,49.0,167.0,97.0,80.23736571288622,46.0,0.8271893372462497,-0.5619233046832195,24.32
0.0,0.0,1.0,0.0,1555.8533333333335,19.0,160.0,24.0,19.617623563798055,44.0,0.8174009818249189,-0.5760691233798758,37.12
0.0,0.0,1.0,0.0,1277.3100000000002,0.0,191.0,106.0,85.58129889604902,45.0,0.8073707443023492,-0.5900444739548627,24.57
0.0,0.0,1.0,0.0,1543.7833333333335,0.0,206.0,79.0,61.29284305175164,46.0,0.7758587728069828,-0.6309066211876704,36.76
0.0,0.0,1.0,0.0,2175.28,28.0,218.0,102.0,78.0189218242805,45.0,0.7648913904341225,-0.6441592666722685,25.43
0.0,0.0,1.0,0.0,2261.82,15.0,214.0,103.0,77.63085943247013,43.0,0.753697664392914,-0.6572212950663319,29.42
0.0,0.0,1.0,0.0,1916.8700000000001,4.0,210.0,38.0,28.206674469305316,49.0,0.742280907086982,-0.6700888411055113,34.18
0.0,0.0,1.0,0.0,1740.136666666667,0.0,225.0,82.0,58.940933937650705,42.0,0.7187918772884232,-0.6952253139408722,36.83
0.0,0.0,1.0,0.0,1630.636666666667,0.0,275.0,114.0,80.5668273358482,44.0,0.7067265555776158,-0.7074868024503348,21.74
0.0,0.0,1.0,0.0,2932.01,13.0,262.0,98.0,68.05630600666989,46.0,0.6944521021088763,-0.719538934232584,28.01
0.0,0.0,1.0,0.0,3106.3633333333332,9.0,263.0,102.0,69.56115920722722,45.0,0.6819721490904629,-0.7313781428679254,36.16
0.0,0.0,1.0,0.0,3190.6433333333334,9.0,266.0,108.0,72.28336207045572,41.0,0.6692903895412567,-0.7430009249440493,27.39
0.0,0.0,1.0,0.0,1657.8933333333334,29.0,249.0,31.0,20.34872786213608,47.0,0.6564105761979381,-0.7544038410927472,30.77
0.0,0.0,1.0,0.0,2575.326666666667,12.0,243.0,114.0,71.82821837221803,45.0,0.6300720909843687,-0.7765366444428655,36.15
0.0,0.0,1.0,0.0,2608.4933333333333,29.0,246.0,107.0,65.97846980123329,46.0,0.6166212130956382,-0.7872599821916922,22.84
0.0,0.0,1.0,0.0,3204.19,12.0,234.0,101.0,60.901774574016606,49.0,0.6029878670694714,-0.7977503570459932,35.07
0.0,0.0,1.0,0.0,2196.3700000000003,31.0,203.0,95.0,54.64304626763786,49.0,0.5751899607119775,-0.8180198708443174,34.05
0.0,0.0,1.0,0.0,2929.843333333333,15.0,191.0,40.0,22.44134504913471,44.0,0.5610336262283677,-0.8277930117131022,38.17
0.0,0.0,1.0,0.0,2902.646666666666,40.0,151.0,78.0,41.51371683010029,48.0,0.5322271388474397,-0.8466016020976267,33.03
0.0,0.0,1.0,0.0,3009.3799999999997,11.0,140.0,101.0,52.27613653557208,51.0,0.5175855102531889,-0.8556314858488706,35.64
0.0,0.0,1.0,0.0,1855.6399999999996,0.0,254.0,73.0,36.703722543889214,45.0,0.5027907197793043,-0.8644081744776648,14.58
0.0,0.0,1.0,0.0,2330.0166666666664,15.0,239.0,114.0,55.61457458042356,53.0,0.4878471454423119,-0.8729290708206411,31.0
0.0,0.0,1.0,0.0,2049.3766666666666,50.0,208.0,81.0,38.293495952188486,44.0,0.47275920928627757,-0.881191653407483,32.37
0.0,0.0,1.0,0.0,2418.1766666666667,0.0,218.0,105.0,46.427655956542566,42.0,0.44216815196707204,-0.8969321743510065,26.91
0.0,0.0,1.0,0.0,1692.4199999999998,10.0,224.0,107.0,45.65412690132194,38.0,0.42667408318992467,-0.9044054548343001,24.57
0.0,0.0,1.0,0.0,1837.6333333333332,12.0,214.0,96.0,37.949931721431845,48.0,0.3953117887649151,-0.9185469991587165,26.86
0.0,0.0,1.0,0.0,1823.253333333333,12.0,202.0,98.0,35.62119802332482,44.0,0.36348161248290634,-0.9316013725767187,27.3
0.0,0.0,1.0,0.0,1698.2399999999998,6.0,196.0,58.0,20.14936362868809,51.0,0.3474028211842774,-0.9377159910299093,29.31
0.0,0.0,1.0,0.0,1568.3833333333332,32.0,164.0,91.0,30.14113172995347,50.0,0.3312212278016865,-0.9435531242349544,27.66
0.0,0.0,1.0,0.0,2516.1966666666667,0.0,183.0,123.0,32.66425241989888,43.0,0.26556302780405594,-0.9640935007889755,33.92
0.0,0.0,1.0,0.0,2512.11,0.0,227.0,90.0,22.404582769838992,43.0,0.24893980855376657,-0.9685189578512204,20.41
0.0,0.0,1.0,0.0,2174.1933333333336,3.0,318.0,101.0,20.063442230897284,44.0,0.19864794288017112,-0.9800709131432666,10.99
0.0,0.0,1.0,0.0,2104.403333333333,0.0,318.0,96.0,15.822513279091002,48.0,0.16481784665719793,-0.9863240225317866,30.76
0.0,0.0,1.0,0.0,2120.816666666667,0.0,346.0,83.0,12.26965207805403,43.0,0.14782713347053048,-0.9890132145779883,23.58
0.0,0.0,1.0,0.0,2420.3566666666666,114.0,237.0,89.0,11.64054815125157,40.0,0.13079267585675922,-0.9914097417023038,28.7
0.0,0.0,1.0,0.0,2675.38,0.0,273.0,106.0,10.240946399407528,45.0,0.0966127018812031,-0.9953220513156602,19.85
0.0,0.0,1.0,0.0,2691.2866666666664,19.0,293.0,80.0,6.358183993889678,45.0,0.07947729992362097,-0.9968366760893436,24.62
0.0,0.0,1.0,0.0,3118.5733333333337,10.0,283.0,101.0,6.294156314786833,48.0,0.062318379354325076,-0.998056320853012,33.19
0.0,0.0,1.0,0.0,2106.9566666666665,16.0,287.0,99.0,4.46896075962322,42.0,0.04514101777397193,-0.9989806246941579,33.88
0.0,0.0,1.0,0.0,2212.4233333333336,2.0,311.0,82.0,2.291924455697246,49.0,0.02795029824021032,-0.999609314096404,28.78
0.0,0.0,1.0,0.0,2078.933333333333,0.0,311.0,95.0,1.0213742375345833,49.0,0.01075130776352193,-0.9999422030204416,18.83
0.0,0.0,1.0,0.0,1491.5866666666668,0.0,322.0,21.0,-0.13546814816020816,46.0,-0.00645086419810515,-0.9999791929590823,26.33
0.0,0.0,1.0,0.0,1338.1466666666665,0.0,322.0,81.0,-3.308395715006985,47.0,-0.04084439154329611,-0.9991655196610109,21.15
0.0,0.0,1.0,0.0,1503.5266666666666,19.0,313.0,67.0,-3.8877131450282834,44.0,-0.05802556932878035,-0.9983150972033183,24.28
0.0,0.0,1.0,0.0,1722.9966666666667,44.0,290.0,85.0,-6.391113995254477,40.0,-0.07518957641475855,-0.9971692572470178,19.01
0.0,0.0,1.0,0.0,2053.8933333333334,94.0,208.0,118.0,-12.914600700572036,50.0,-0.10944576864891556,-0.993992768446958,18.57
0.0,0.0,1.0,0.0,1322.8566666666668,0.0,268.0,31.0,-3.9223623219991772,47.0,-0.12652781683868314,-0.9919630595773397,17.29
0.0,0.0,1.0,0.0,1341.1633333333332,28.0,250.0,89.0,-14.291134468954445,45.0,-0.16057454459499376,-0.9870237158387383,18.4
0.0,0.0,1.0,0.0,1040.6233333333332,5.0,251.0,82.0,-14.557390233336868,45.0,-0.17752914918703497,-0.984115542601034,23.4
0.0,0.0,1.0,0.0,1270.7133333333331,36.0,219.0,88.0,-18.592266491231776,48.0,-0.2112757555821793,-0.9774264960104055,24.61
0.0,0.0,1.0,0.0,1219.6299999999999,39.0,222.0,86.0,-19.6129683250507,50.0,-0.2280577712215198,-0.9736476020539838,15.52
0.0,0.0,1.0,0.0,1170.5666666666666,0.0,274.0,102.0,-26.664268648137934,42.0,-0.2614143985111562,-0.965226663665613,16.85
0.0,0.0,1.0,0.0,2362.11,20.0,268.0,94.0,-26.13003910348533,47.0,-0.2779791393987801,-0.9605871111248129,19.67
0.0,0.0,1.0,0.0,2456.0866666666666,26.0,254.0,77.0,-25.19134518840132,37.0,-0.3271603271220951,-0.9449688462364056,19.31
0.0,0.0,1.0,0.0,3113.906666666667,0.0,280.0,97.0,-36.420626732699155,41.0,-0.3754703786876202,-0.9268343944460494,15.99
0.0,0.0,1.0,0.0,1841.3933333333334,11.0,348.0,96.0,-39.084430594008154,48.0,-0.4071294853542516,-0.9133704517637858,6.61
0.0,0.0,1.0,0.0,1990.743333333333,0.0,355.0,98.0,-41.43250448230237,47.0,-0.4227806579826773,-0.9062320427107697,25.83
0.0,0.0,1.0,0.0,1314.29,10.0,345.0,86.0,-37.69437817907665,41.0,-0.4383067230125192,-0.898825465016444,18.83
0.0,0.0,1.0,0.0,1465.2099999999998,21.0,343.0,111.0,-50.36104254947921,45.0,-0.45370308603134424,-0.8911529104063088,23.12
0.0,0.0,1.0,0.0,1278.73,12.0,344.0,94.0,-48.30669412307517,53.0,-0.5139010013093103,-0.8578494977869301,16.46
0.0,0.0,1.0,0.0,2589.6766666666667,60.0,284.0,100.0,-52.85813283559292,44.0,-0.5285813283559292,-0.8488826652214553,20.35
0.0,0.0,1.0,0.0,2446.433333333334,10.0,277.0,90.0,-48.87947157150885,48.0,-0.5431052396834317,-0.8396646346181327,20.5
0.0,0.0,1.0,0.0,2214.9500000000003,6.0,271.0,32.0,-18.293333481686567,44.0,-0.5716666713027052,-0.8204859638785327,19.12
0.0,0.0,1.0,0.0,988.7766666666666,4.0,282.0,94.0,-55.05539954189098,42.0,-0.5856957398073508,-0.8105309990194823,21.76
0.0,0.0,1.0,0.0,784.64,42.0,265.0,88.0,-52.760531253729106,42.0,-0.5995514915196489,-0.8003361849976323,11.75
0.0,0.0,1.0,0.0,943.4866666666667,52.0,236.0,94.0,-58.91230947178303,47.0,-0.6267266965083301,-0.7792391467859886,14.09
0.0,0.0,1.0,0.0,850.79,14.0,233.0,96.0,-61.443658387617624,45.0,-0.6400381082043503,-0.7683431655492202,16.23
0.0,0.0,1.0,0.0,869.9766666666666,12.0,221.0,42.0,-27.975731946161034,47.0,-0.666088855860977,-0.7458723993404063,24.64
0.0,0.0,1.0,0.0,884.2833333333333,26.0,202.0,71.0,-48.19625429202272,48.0,-0.6788204829862355,-0.734304263829602,18.99
0.0,0.0,1.0,0.0,699.8733333333333,79.0,252.0,96.0,-66.36971867610308,40.0,-0.6913512362094071,-0.722518835873311,7.98
0.0,0.0,1.0,0.0,900.0266666666666,7.0,260.0,109.0,-76.70083741521239,42.0,-0.7036774074790128,-0.7105196029692745,18.77
0.0,0.0,1.0,0.0,1054.2266666666667,0.0,260.0,90.0,-65.49313281537813,45.0,-0.7277014757264236,-0.6858939875998223,23.51
0.0,0.0,1.0,0.0,1310.1666666666667,19.0,243.0,95.0,-70.2422650416128,43.0,-0.7393922635959241,-0.673274892250183,20.47
0.0,0.0,1.0,0.0,1169.22,13.0,231.0,75.0,-57.98537441779519,41.0,-0.7731383255706026,-0.6342374393978054,18.19
0.0,0.0,1.0,0.0,1073.7466666666667,0.0,231.0,82.0,-65.14878099166114,46.0,-0.7944973291665992,-0.6072676460566135,19.72
0.0,0.0,1.0,0.0,1098.3866666666665,3.0,241.0,83.0,-69.25272025240517,47.0,-0.8343701235229538,-0.5512045872199277,23.19
0.0,0.0,1.0,0.0,1269.6833333333334,0.0,259.0,90.0,-75.93554331263441,46.0,-0.8437282590292712,-0.5367705514607103,23.4
0.0,0.0,1.0,0.0,1316.49,15.0,244.0,94.0,-80.16665184632919,47.0,-0.8528367217694595,-0.522177676659508,19.54
0.0,0.0,1.0,0.0,1232.45,25.0,231.0,85.0,-73.24388939424244,42.0,-0.8616928164028522,-0.5074302810827518,19.89
0.0,0.0,1.0,0.0,1278.4700000000003,23.0,208.0,95.0,-82.6779226155139,43.0,-0.8702939222685674,-0.49253272872205434,24.92
0.0,0.0,1.0,0.0,1333.36,11.0,209.0,100.0,-87.8637494161,44.0,-0.8786374941610001,-0.4774894280028391,21.61
0.0,0.0,1.0,0.0,1162.8266666666666,0.0,277.0,91.0,-81.40334356485691,42.0,-0.8945422369764496,-0.4469834295196741,9.36
0.0,0.0,1.0,0.0,1150.0033333333333,7.0,270.0,95.0,-85.69937663586745,47.0,-0.9020987014301837,-0.43152975897147144,23.22
0.0,0.0,1.0,0.0,1014.5866666666667,129.0,195.0,85.0,-77.89473411901939,45.0,-0.9164086366943458,-0.4002439388573056,18.07
0.0,0.0,1.0,0.0,1257.1766666666667,15.0,186.0,76.0,-70.65217882958848,47.0,-0.9296339319682695,-0.3684843993077793,24.82
0.0,0.0,1.0,0.0,1272.993333333333,0.0,277.0,32.0,-29.946716714719813,46.0,-0.9358348973349941,-0.35243871088460327,8.72
0.0,0.0,1.0,0.0,1344.7666666666667,2.0,289.0,89.0,-84.31898174270572,44.0,-0.9474042892438845,-0.32003923622313857,20.82
0.0,0.0,1.0,0.0,1345.2566666666667,1.0,304.0,97.0,-93.37724154746643,43.0,-0.9626519747161487,-0.2707418984477642,20.37
0.0,0.0,1.0,0.0,1465.5866666666668,0.0,318.0,98.0,-94.78233952017766,46.0,-0.9671667297977312,-0.2541427094613622,21.34
0.0,0.0,1.0,0.0,1178.2,13.0,326.0,26.0,-25.2562774017775,47.0,-0.97139528468375,-0.23746831555846842,19.88
0.0,0.0,1.0,0.0,1217.46,18.0,319.0,87.0,-84.85426576268019,45.0,-0.9753363880767837,-0.2207236509605022,24.62
0.0,0.0,1.0,0.0,1101.07,0.0,327.0,90.0,-88.10899863668388,45.0,-0.9789888737409319,-0.20391367068311472,26.66
0.0,0.0,1.0,0.0,1636.75,12.0,315.0,113.0,-111.00573767570238,50.0,-0.9823516608469237,-0.18704334906991657,24.76
0.0,0.0,1.0,0.0,1679.8,0.0,327.0,105.0,-103.76144572438493,42.0,-0.9882042449941422,-0.15314166701312007,23.0
0.0,0.0,1.0,0.0,1642.743333333333,12.0,347.0,81.0,-80.24607712308644,45.0,-0.9906923101615609,-0.13612033862266704,15.95
0.0,0.0,1.0,0.0,1167.6766666666665,68.0,279.0,31.0,-30.779503619606583,41.0,-0.9928872135356962,-0.11905873003404988,27.1
0.0,0.0,1.0,0.0,1033.0666666666666,0.0,279.0,84.0,-83.56221767118346,41.0,-0.994788305609327,-0.10196189005174576,21.12
0.0,0.0,1.0,0.0,1078.05,54.0,225.0,95.0,-94.7821548074611,43.0,-0.9977068927101168,-0.06768276175455162,25.44
0.0,0.0,1.0,0.0,2200.8733333333334,6.0,252.0,96.0,-95.87745831171813,44.0,-0.9987235240803972,-0.050510617185222886,17.05
0.0,0.0,1.0,0.0,2413.72,91.0,161.0,97.0,-96.94612785792263,51.0,-0.9994446170919858,-0.033323525711631344,25.68
0.0,0.0,1.0,0.0,2369.35,14.0,150.0,92.0,-91.98803616929105,44.0,-0.9998699583618592,-0.016126573270657762,23.88
0.0,0.0,1.0,0.0,1406.1033333333335,16.0,158.0,81.0,-80.94902271917375,47.0,-0.9993706508539969,0.03547255575312556,18.79
0.0,0.0,1.0,0.0,1322.4766666666667,14.0,152.0,83.0,-82.79740096564548,42.0,-0.9975590477788613,0.06982797572987089,28.34
0.0,0.0,1.0,0.0,1322.31,21.0,171.0,103.0,-102.60966086933996,44.0,-0.9962102997023297,0.0869772313136861,21.49
0.0,0.0,1.0,0.0,1172.6833333333334,11.0,167.0,30.0,-29.778867178035284,47.0,-0.9926289059345095,0.121193461470736,28.23
0.0,0.0,1.0,0.0,1109.5333333333333,8.0,193.0,88.0,-86.11223584305787,50.0,-0.9785481345802031,0.20601832032517084,21.67
0.0,0.0,1.0,0.0,839.98,0.0,194.0,37.0,-35.92264918781119,44.0,-0.9708824104813836,0.23955655912092708,26.24
0.0,0.0,1.0,0.0,1061.6033333333332,12.0,215.0,93.0,-89.4722842423275,42.0,-0.9620675724981452,0.27281126433401914,21.13
0.0,0.0,1.0,0.0,1338.9766666666667,32.0,183.0,89.0,-85.19368745577476,48.0,-0.957232443323312,0.28931997761869527,26.42
0.0,0.0,1.0,0.0,1614.2066666666667,0.0,202.0,85.0,-78.39797499846964,46.0,-0.9223291176290545,0.3864052261209853,26.34
0.0,0.0,1.0,0.0,1732.8433333333332,0.0,202.0,109.0,-99.7945001545526,46.0,-0.9155458729775467,0.40221356823680365,21.85
0.0,0.0,1.0,0.0,1714.9833333333333,0.0,221.0,92.0,-83.58123672867076,40.0,-0.9084917035725082,0.41790288888678667,29.53
0.0,0.0,1.0,0.0,2046.2466666666667,33.0,197.0,86.0,-77.50050792962949,50.0,-0.9011686968561569,0.4334685453485363,27.74
0.0,0.0,1.0,0.0,1719.6833333333334,0.0,221.0,39.0,-34.543271816958985,48.0,-0.8857249183835637,0.4642104791518923,23.13
0.0,0.0,1.0,0.0,1197.5600000000002,3.0,338.0,93.0,-80.83865193054557,41.0,-0.8692328164574792,0.49440298420761813,8.87
0.0,0.0,1.0,0.0,796.0466666666666,24.0,349.0,74.0,-63.68437752250874,45.0,-0.8605996962501181,0.5092820071573356,26.11
0.0,0.0,1.0,0.0,1244.2066666666667,8.0,348.0,99.0,-83.41463690867371,42.0,-0.8425720899866032,0.5385835804920232,31.0
0.0,0.0,1.0,0.0,1408.4733333333334,40.0,312.0,35.0,-28.824153223446025,50.0,-0.8235472349556007,0.5672476988027229,27.83
0.0,0.0,1.0,0.0,1544.5433333333333,7.0,319.0,77.0,-62.65242294431113,43.0,-0.8136678304455991,0.5813300798152042,25.17
0.0,0.0,1.0,0.0,1574.8266666666668,34.0,301.0,113.0,-90.80088428433201,47.0,-0.8035476485339116,0.5952404359043674,27.56
0.0,0.0,1.0,0.0,1439.8333333333333,1.0,368.0,97.0,-76.93939934268288,48.0,-0.7931896839451843,0.6089746507720486,9.27
0.0,0.0,1.0,0.0,2090.8566666666666,33.0,378.0,89.0,-68.68777355266374,46.0,-0.7717727365467836,0.6358984534680745,21.78
0.0,0.0,1.0,0.0,1777.033333333333,0.0,409.0,88.0,-66.94336803936412,49.0,-0.7607200913564104,0.6490800741100398,18.35
0.0,0.0,1.0,0.0,1944.6266666666668,19.0,430.0,31.0,-23.23271244241806,42.0,-0.7494423368521954,0.6620696215153815,23.23
0.0,0.0,1.0,0.0,1627.6933333333334,0.0,435.0,112.0,-81.33719043566528,42.0,-0.7262249146041543,0.6874571793269664,30.82
0.0,0.0,1.0,0.0,1857.5333333333335,19.0,421.0,82.0,-58.571953616066466,48.0,-0.7142921172691032,0.699847677146407,32.06
0.0,0.0,1.0,0.0,1997.6133333333335,9.0,433.0,96.0,-67.40620314285098,47.0,-0.7021479494046978,0.7120310787787131,23.57
0.0,0.0,1.0,0.0,1834.4633333333331,24.0,419.0,108.0,-73.1419133246225,46.0,-0.6772399381909491,0.7357622347736527,30.08
0.0,0.0,1.0,0.0,2579.6366666666668,120.0,338.0,40.0,-26.579338620914207,42.0,-0.6644834655228552,0.7473029667054296,21.02
0.0,0.0,1.0,0.0,2471.5366666666664,35.0,325.0,99.0,-64.50150578917341,44.0,-0.6515303615068021,0.75862255966641,19.02
0.0,0.0,1.0,0.0,2758.3199999999997,7.0,355.0,113.0,-72.13744388673706,45.0,-0.6383844591746642,0.7697176640069211,18.51
0.0,0.0,1.0,0.0,1894.9333333333332,4.0,351.0,69.0,-43.1284257541202,46.0,-0.6250496486104377,0.7805849965070866,31.23
0.0,0.0,1.0,0.0,2076.3033333333337,14.0,368.0,105.0,-64.21063695890606,43.0,-0.6115298757991053,0.7912213413483807,19.44
0.0,0.0,1.0,0.0,1556.2333333333333,16.0,370.0,85.0,-50.81547702401119,47.0,-0.5978291414589552,0.801623551065242,26.13
0.0,0.0,1.0,0.0,1271.59,68.0,445.0,90.0,-52.55563498719298,44.0,-0.5839514998576998,0.8117885474764613,9.9
0.0,0.0,1.0,0.0,863.1633333333333,43.0,405.0,26.0,-14.817427497931824,50.0,-0.5699010576127624,0.8217133225960589,29.73
0.0,0.0,1.0,0.0,886.8733333333333,31.0,377.0,86.0,-46.551666880911085,48.0,-0.5412984521036173,0.8408305333122887,26.28
0.0,0.0,1.0,0.0,868.0733333333333,40.0,400.0,82.0,-43.19388973046544,40.0,-0.5267547528105542,0.8500173118187018,10.37
0.0,0.0,1.0,0.0,1206.3166666666666,5.0,397.0,89.0,-45.57291086972035,48.0,-0.5120551783114646,0.8589525565270845,25.39
0.0,0.0,1.0,0.0,1325.2533333333333,5.0,392.0,122.0,-60.65889757052641,49.0,-0.4972040784469378,0.8676336233547726,22.15
0.0,0.0,1.0,0.0,1618.1433333333334,21.0,372.0,90.0,-43.398526310671734,53.0,-0.4822058478963526,0.8760579434344281,21.48
0.0,0.0,1.0,0.0,1270.4566666666667,10.0,387.0,40.0,-18.682596995097214,42.0,-0.46706492487743034,0.8842230238742036,19.57
0.0,0.0,1.0,0.0,1147.3733333333332,39.0,394.0,90.0,-40.660721084959555,45.0,-0.451785789832884,0.8921264484954345,17.79
0.0,0.0,1.0,0.0,1039.0600000000002,22.0,410.0,104.0,-45.38278826687761,42.0,-0.4363729641045924,0.8997658785476209,16.17
0.0,0.0,1.0,0.0,1188.6533333333334,37.0,406.0,87.0,-36.61229774782204,41.0,-0.42083100859565564,0.9071390534005044,17.4
0.0,0.0,1.0,0.0,1128.9366666666667,0.0,416.0,81.0,-32.81832631608126,44.0,-0.4051645224207563,0.9142437912130223,25.57
0.0,0.0,1.0,0.0,2017.4766666666667,31.0,405.0,99.0,-38.548436012974946,44.0,-0.3893781415452015,0.9210779895789526,18.53
0.0,0.0,1.0,0.0,2323.1566666666668,18.0,416.0,105.0,-39.21503642837243,42.0,-0.37347653741307074,0.9276396261490467,18.09
0.0,0.0,1.0,0.0,2019.68,143.0,278.0,28.0,-10.00900363581612,46.0,-0.3574644155648614,0.9339267592294762,23.43
0.0,0.0,1.0,0.0,2391.3799999999997,3.0,322.0,81.0,-23.684884133037265,47.0,-0.29240597695107734,0.9562942772197719,18.31
0.0,0.0,1.0,0.0,2879.3700000000003,3.0,319.0,71.0,-18.413016884253796,48.0,-0.2593382659754056,0.9657865518844574,25.45
0.0,0.0,1.0,0.0,2898.53,63.0,280.0,38.0,-9.222100094138625,42.0,-0.2426868445825954,0.9701046827361175,20.87
0.0,0.0,1.0,0.0,1635.9633333333338,2.0,279.0,85.0,-19.20690670108162,49.0,-0.22596360824801906,0.974135744004672,18.24
0.0,0.0,1.0,0.0,1029.086666666667,0.0,293.0,91.0,-19.03478901381843,47.0,-0.20917350564635637,0.9778785428342386,24.84
0.0,0.0,1.0,0.0,1107.9833333333336,1.0,319.0,80.0,-15.385720419127587,42.0,-0.19232150523909483,0.9813319716704275,14.69
0.0,0.0,1.0,0.0,1920.336666666667,25.0,298.0,84.0,-13.30994909671025,51.0,-0.15845177496083632,0.9873667175937016,24.19
0.0,0.0,1.0,0.0,1772.796666666667,46.0,256.0,84.0,-11.881301685787129,43.0,-0.14144406768794202,0.9899462489023779,19.48
0.0,0.0,1.0,0.0,1882.5666666666668,38.0,230.0,36.0,-4.478202174232799,38.0,-0.12439450483979998,0.9922328391893008,21.03
0.0,0.0,1.0,0.0,1230.7400000000002,33.0,197.0,90.0,-8.117100384331062,47.0,-0.09019000427034513,0.9959245770286599,25.34
0.0,0.0,1.0,0.0,1180.226666666667,10.0,194.0,78.0,-5.697524680461699,45.0,-0.07304518821104743,0.9973286321364752,17.87
0.0,0.0,1.0,0.0,1124.3533333333337,20.0,233.0,79.0,-3.0569674239456246,44.0,-0.03869579017652689,0.9992510374388481,17.43
0.0,0.0,1.0,0.0,911.0766666666669,29.0,220.0,78.0,-1.677107073783476,42.0,-0.021501372740813793,0.999768818762748,18.69
0.0,0.0,1.0,0.0,955.0966666666669,5.0,226.0,102.0,1.7545606926625716,42.0,0.017201575418260506,0.9998520419557735,16.37
0.0,0.0,1.0,0.0,1352.856666666667,47.0,200.0,101.0,3.474204121974409,44.0,0.03439806061360801,0.9994082116062598,12.24
0.0,0.0,1.0,0.0,1320.596666666667,0.0,200.0,92.0,4.74576175198557,48.0,0.051584366869408364,0.9986686402879997,12.92
0.0,0.0,1.0,0.0,1390.846666666667,24.0,176.0,87.0,5.981720537859129,50.0,0.06875540848113941,0.9976335468520451,12.24
0.0,0.0,1.0,0.0,1073.9533333333336,1.0,188.0,90.0,7.731549383519944,47.0,0.08590610426133272,0.9963032375991965,11.96
0.0,0.0,1.0,0.0,1344.13,14.0,182.0,105.0,10.818294799533772,50.0,0.10303137904317879,0.9946781061893646,13.33
0.0,0.0,1.0,0.0,1029.346666666667,27.0,155.0,29.0,3.4836587902881644,50.0,0.1201261651823505,0.9927586335250793,15.69
0.0,0.0,1.0,0.0,950.5400000000003,4.0,162.0,105.0,14.404467425943059,43.0,0.13718540405660057,0.9905453876091833,13.84
0.0,0.0,1.0,0.0,657.5000000000003,4.0,158.0,85.0,13.107344042828599,48.0,0.1542040475626894,0.988039023376751,13.0
0.0,0.0,1.0,0.0,839.7533333333337,12.0,148.0,87.0,16.36464933222639,50.0,0.18809941761179758,0.9821499931752291,14.41
0.0,0.0,1.0,0.0,827.3800000000005,0.0,148.0,108.0,23.95139301610004,46.0,0.22177215755648186,0.975098513039961,12.04
0.0,0.0,1.0,0.0,676.2133333333336,7.0,141.0,26.0,6.201326955045989,44.0,0.23851257519407648,0.9711394088771653,17.04
0.0,0.0,1.0,0.0,721.7300000000004,59.0,82.0,93.0,23.73196442047367,52.0,0.2551824131233728,0.9668929289391521,15.17
0.0,0.0,1.0,0.0,723.0366666666669,16.0,66.0,104.0,28.264780800998114,49.0,0.2717767384711357,0.9623603298276545,12.19
0.0,0.0,1.0,0.0,902.1033333333336,11.0,55.0,97.0,27.96419214882322,46.0,0.2882906407095177,0.9575429528116719,12.67
0.0,0.0,1.0,0.0,1721.0333333333335,21.0,46.0,85.0,28.670590876575655,46.0,0.3373010691361842,0.9413968285264122,11.16
0.0,0.0,1.0,0.0,1514.4833333333336,0.0,46.0,24.0,8.482672110578104,46.0,0.3534446712740877,0.9354554315134164,15.88
0.0,0.0,1.0,0.0,2059.186666666667,0.0,62.0,84.0,31.03662940958018,46.0,0.3694836834473831,0.9292372181882051,14.26
0.0,0.0,1.0,0.0,1324.2966666666669,13.0,49.0,78.0,30.0622420374374,47.0,0.38541335945432564,0.9227440286201427,11.6
0.0,0.0,1.0,0.0,1725.736666666667,8.0,41.0,68.0,27.283571010430062,45.0,0.4012289854475009,0.9159777842484877,12.44
0.0,0.0,1.0,0.0,1406.4133333333336,0.0,47.0,93.0,38.77410696357177,44.0,0.4169258813287287,0.908940487313808,16.85
0.0,0.0,1.0,0.0,1307.5800000000002,11.0,45.0,104.0,44.979937821933795,44.0,0.4324994021339788,0.901634220265486,13.74
0.0,0.0,1.0,0.0,1430.7100000000003,0.0,45.0,102.0,45.6903838196049,47.0,0.44794493940789115,0.8940611451454876,15.26
0.0,0.0,1.0,0.0,1095.8600000000004,2.0,43.0,45.0,20.846606515537125,42.0,0.4632579225674917,0.88622350294858,17.27
0.0,0.0,1.0,0.0,1080.916666666667,0.0,43.0,88.0,42.10217618241371,48.0,0.4784338202547012,0.8781236129591848,15.36
0.0,0.0,1.0,0.0,733.2466666666669,0.0,43.0,104.0,51.320686734432684,52.0,0.49346814167723735,0.8697638720650646,10.64
0.0,0.0,1.0,0.0,749.4500000000003,0.0,54.0,72.0,36.601663531500876,46.0,0.5083564379375122,0.8611467540480452,11.57
0.0,0.0,1.0,0.0,624.8100000000003,0.0,72.0,73.0,38.185884144486685,46.0,0.5230943033491326,0.8522748088519838,11.01
0.0,0.0,1.0,0.0,636.1366666666669,0.0,74.0,107.0,59.074843673813525,45.0,0.5521013427459208,0.8337770129585915,11.52
0.0,0.0,1.0,0.0,517.276666666667,12.0,62.0,18.0,10.194514795466144,49.0,0.5663619330814524,0.8241566360566663,15.56
0.0,0.0,1.0,0.0,692.5433333333336,0.0,62.0,109.0,63.269587131191685,45.0,0.580454927809098,0.8142923779467267,14.47
0.0,0.0,1.0,0.0,642.0966666666669,16.0,46.0,92.0,57.195193904522405,48.0,0.6216868902665479,0.7832658619336791,10.53
0.0,0.0,1.0,0.0,751.686666666667,0.0,46.0,83.0,52.71067001939973,40.0,0.6350683134867438,0.7724559775191742,9.9
0.0,0.0,1.0,0.0,708.486666666667,0.0,46.0,107.0,69.36401364600121,46.0,0.6482618097757122,0.7614175109532997,12.94
0.0,0.0,1.0,0.0,570.986666666667,6.0,40.0,37.0,24.46674857372863,44.0,0.6612634749656386,0.7501537286959042,10.57
0.0,0.0,1.0,0.0,597.196666666667,9.0,36.0,88.0,59.31811262560622,47.0,0.6740694616546161,0.7386679638813748,10.34
0.0,0.0,1.0,0.0,548.4533333333337,0.0,36.0,102.0,70.04094999520584,53.0,0.6866759803451553,0.726963615332308,10.81
0.0,0.0,1.0,0.0,634.4666666666669,0.0,37.0,77.0,53.82910614354783,42.0,0.6990793005655562,0.7150441465537444,10.27
0.0,0.0,1.0,0.0,486.6933333333336,0.0,37.0,20.0,14.93176229064826,47.0,0.746588114532413,0.6652865452111116,11.65
0.0,0.0,1.0,0.0,485.35666666666697,0.0,37.0,92.0,71.75195206233803,42.0,0.7799125224167177,0.6258885343075018,13.33
0.0,0.0,1.0,0.0,582.5733333333336,11.0,26.0,99.0,78.26577629424327,47.0,0.7905633969115482,0.612380204990065,11.97
0.0,0.0,1.0,0.0,698.2233333333337,18.0,8.0,80.0,64.07842647826324,47.0,0.8009803309782905,0.5986906625177214,9.34
0.0,0.0,1.0,0.0,625.2100000000004,2.0,6.0,86.0,71.44854344584273,52.0,0.8307970168121247,0.5565755266413303,9.4
0.0,0.0,1.0,0.0,617.0033333333336,0.0,6.0,91.0,76.46257433431407,49.0,0.8402480696078469,0.5422021592729844,12.35
0.0,0.0,1.0,0.0,635.5700000000003,0.0,6.0,88.0,74.75164219437029,45.0,0.8494504794814806,0.527668345562516,9.57
0.0,0.0,1.0,0.0,713.8400000000003,0.0,21.0,95.0,82.37436246671477,46.0,0.8670985522812081,0.4981366284784055,12.86
0.0,0.0,1.0,0.0,712.5733333333337,0.0,30.0,102.0,89.30497727158028,46.0,0.8755389928586302,0.4831474640149687,11.46
0.0,0.0,1.0,0.0,912.516666666667,0.0,42.0,99.0,88.27237928489185,47.0,0.8916401947968874,0.45274469960737107,17.62
0.0,0.0,1.0,0.0,1018.7633333333337,0.0,42.0,96.0,86.33243438909042,47.0,0.8992961915530253,0.4373400963303323,17.27
0.0,0.0,1.0,0.0,1217.4700000000003,5.0,39.0,107.0,97.01540971446444,45.0,0.9066860720977985,0.4218060770826634,19.16
0.0,0.0,1.0,0.0,1161.936666666667,0.0,39.0,101.0,92.98654049783451,49.0,0.9206588168102428,0.3903682146763026,14.15
0.0,0.0,1.0,0.0,1055.4700000000003,1.0,38.0,89.0,82.52414161339789,45.0,0.9272375462179537,0.374473674486883,13.72
0.0,0.0,1.0,0.0,1476.596666666667,0.0,52.0,89.0,83.62172874982254,44.0,0.9395699859530622,0.342356891994542,14.56
0.0,0.0,1.0,0.0,1677.0266666666669,0.0,69.0,98.0,92.64136459748694,43.0,0.945320046913132,0.3261441535642696,16.46
0.0,0.0,1.0,0.0,1678.3633333333337,0.0,69.0,86.0,81.76797203178216,50.0,0.9507903724625832,0.3098349038318025,13.74
0.0,0.0,1.0,0.0,1147.366666666667,0.0,69.0,90.0,86.03814094596689,50.0,0.9559793438440766,0.2934339689665273,16.69
0.0,0.0,1.0,0.0,847.7033333333337,0.0,102.0,74.0,71.10552149125483,46.0,0.9608854255574977,0.27694620226893646,14.03
0.0,0.0,1.0,0.0,852.8700000000003,0.0,104.0,87.0,83.99912342584726,47.0,0.9655071658143364,0.2603764827344581,13.75
0.0,0.0,1.0,0.0,563.786666666667,0.0,104.0,17.0,16.487334348443998,50.0,0.969843196967294,0.24372971360968387,15.06
0.0,0.0,1.0,0.0,628.9000000000002,15.0,89.0,75.0,73.04191769362443,46.0,0.9738922359149924,0.22701082094141847,17.47
0.0,0.0,1.0,0.0,1881.7300000000002,9.0,80.0,102.0,99.72061461712974,45.0,0.9776530844816641,0.2102247521189836,14.66
0.0,0.0,1.0,0.0,2148.11,12.0,68.0,76.0,75.22431382549745,50.0,0.9897936029670716,0.14250832791617088,18.47
0.0,0.0,1.0,0.0,2004.9033333333336,0.0,72.0,38.0,37.699743866087225,42.0,0.992098522791769,0.12546123335273648,18.82
0.0,0.0,1.0,0.0,761.5033333333337,2.0,70.0,89.0,88.47577795849952,45.0,0.9941098647022418,0.10837701279187609,14.21
0.0,0.0,1.0,0.0,776.4433333333336,0.0,70.0,95.0,94.60356818345565,47.0,0.9958270335100595,0.09126072172931188,15.92
0.0,0.0,1.0,0.0,844.1766666666668,0.0,99.0,92.0,91.74695593911575,42.0,0.9972495210773451,0.07411742515094437,11.55
0.0,0.0,1.0,0.0,835.2433333333337,14.0,109.0,90.0,89.85392158204277,48.0,0.998376906467142,0.056952196034039754,13.61
0.0,0.0,1.0,0.0,758.3533333333336,17.0,124.0,93.0,92.9264236143217,46.0,0.9992088560679753,0.03977011384605572,12.68
0.0,0.0,1.0,0.0,891.3400000000003,0.0,127.0,97.0,96.97527699817962,46.0,0.9997451236925734,0.022576263041545485,16.48
0.0,0.0,1.0,0.0,1436.656666666667,0.0,152.0,40.0,39.999422026028746,43.0,0.9999855506507186,0.005375731557583884,15.45
0.0,0.0,1.0,0.0,2359.986666666667,33.0,122.0,94.0,93.99342618484333,52.0,0.9999300657962057,-0.011826390691832589,20.88
0.0,0.0,1.0,0.0,3519.7100000000005,2.0,124.0,82.0,81.96545221492745,48.0,0.9995786855478958,-0.029025013321975237,21.7
0.0,0.0,1.0,0.0,3081.7900000000004,0.0,124.0,87.0,86.90704170798261,43.0,0.9989315138848577,-0.046215046983708354,20.37
0.0,0.0,1.0,0.0,2335.686666666667,0.0,134.0,88.0,87.71405718428258,42.0,0.9967506498213929,-0.08054900421874167,23.28
0.0,0.0,1.0,0.0,1209.0466666666669,0.0,134.0,87.0,86.58393144131446,52.0,0.9952176027737294,-0.09768276782171598,18.69
0.0,0.0,1.0,0.0,1066.1833333333336,0.0,164.0,98.0,97.1443175843151,46.0,0.9912685467787256,-0.13185851571739118,11.21
0.0,0.0,1.0,0.0,857.396666666667,4.0,160.0,60.0,59.168774900495706,47.0,0.986146248341595,-0.16587819893463143,17.17
0.0,0.0,1.0,0.0,708.506666666667,0.0,172.0,57.0,55.85183589546439,45.0,0.9798567700958665,-0.1997015525660636,19.18
0.0,0.0,1.0,0.0,757.9400000000004,0.0,190.0,13.0,12.641298229585958,43.0,0.9724075561219968,-0.23328854407545518,23.15
0.0,0.0,1.0,0.0,1011.6700000000004,29.0,166.0,46.0,44.5395345053669,42.0,0.9682507501166718,-0.2499809690726521,20.52
0.0,0.0,1.0,0.0,930.1100000000002,24.0,171.0,50.0,47.70332750289194,40.0,0.9540665500578387,-0.2995947563972602,14.96
0.0,0.0,1.0,0.0,781.9400000000004,32.0,143.0,32.0,29.99494203086007,50.0,0.9373419384643772,-0.3484108069446808,18.94
0.0,0.0,1.0,0.0,688.6100000000002,3.0,140.0,92.0,85.08183683822281,50.0,0.9248025743285089,-0.38044736628785164,18.53
0.0,0.0,1.0,0.0,1021.6600000000003,25.0,128.0,105.0,96.40275206986583,50.0,0.9181214482844364,-0.39629913726891813,20.3
0.0,0.0,1.0,0.0,1212.2700000000004,3.0,134.0,88.0,79.5472649771713,42.0,0.9039461929224011,-0.42764620926777464,17.72
0.0,0.0,1.0,0.0,1233.306666666667,4.0,130.0,82.0,73.50941317982571,44.0,0.8964562582905575,-0.44313223418263453,22.73
0.0,0.0,1.0,0.0,890.8833333333336,0.0,142.0,36.0,31.993237721854495,42.0,0.8887010478292915,-0.45848712914008766,19.08
0.0,0.0,1.0,0.0,905.8933333333335,10.0,132.0,83.0,73.09667708370225,50.0,0.8806828564301475,-0.47370635037968,18.07
0.0,0.0,1.0,0.0,1361.0400000000002,0.0,133.0,94.0,82.00598133966636,49.0,0.8724040568049612,-0.48878539428899265,18.62
0.0,0.0,1.0,0.0,1588.0300000000004,30.0,128.0,105.0,90.70604537229217,39.0,0.8638670987837349,-0.503719798736334,17.7
0.0,0.0,1.0,0.0,1661.0300000000004,0.0,128.0,76.0,64.98566265281669,44.0,0.8550745085896932,-0.518505144391157,25.0
0.0,0.0,1.0,0.0,2471.6700000000005,12.0,131.0,108.0,91.37111991390726,42.0,0.8460288880917339,-0.533137056031809,28.5
0.0,0.0,1.0,0.0,2513.433333333334,18.0,146.0,113.0,94.5508192858976,42.0,0.8367329140344921,-0.5476112038402312,17.69
0.0,0.0,1.0,0.0,2661.53,5.0,161.0,102.0,83.37490014614173,44.0,0.8174009818249189,-0.5760691233798758,25.81
0.0,0.0,1.0,0.0,1553.2766666666669,29.0,132.0,97.0,78.31496219732787,53.0,0.8073707443023492,-0.5900444739548627,24.52
0.0,0.0,1.0,0.0,1818.176666666667,4.0,128.0,108.0,86.08697202101698,47.0,0.7971015927871943,-0.6038452208771035,27.83
0.0,0.0,1.0,0.0,1655.3400000000001,0.0,132.0,77.0,59.74112550613768,44.0,0.7758587728069828,-0.6309066211876704,23.81
0.0,0.0,1.0,0.0,1222.3900000000003,13.0,127.0,26.0,19.596139274215762,44.0,0.753697664392914,-0.6572212950663319,24.27
0.0,0.0,1.0,0.0,1138.1433333333337,9.0,124.0,111.0,82.393180686655,43.0,0.742280907086982,-0.6700888411055113,25.41
0.0,0.0,1.0,0.0,1306.1200000000001,0.0,124.0,93.0,67.94993821341973,45.0,0.7306444969184916,-0.6827580970759147,27.71
0.0,0.0,1.0,0.0,1800.1900000000003,12.0,128.0,103.0,74.03556336070758,44.0,0.7187918772884232,-0.6952253139408722,27.88
0.0,0.0,1.0,0.0,1882.3633333333337,0.0,145.0,85.0,59.02842867925449,46.0,0.6944521021088763,-0.719538934232584,21.42
0.0,0.0,1.0,0.0,2227.9033333333336,1.0,185.0,102.0,69.56115920722722,47.0,0.6819721490904629,-0.7313781428679254,15.74
0.0,0.0,1.0,0.0,2102.4133333333334,25.0,167.0,92.0,56.729151604798716,40.0,0.6166212130956382,-0.7872599821916922,26.85
0.0,0.0,1.0,0.0,1739.6733333333334,0.0,169.0,46.0,26.458738192750964,50.0,0.5751899607119775,-0.8180198708443174,29.28
0.0,0.0,1.0,0.0,1130.2800000000004,15.0,272.0,70.0,36.23098571772322,46.0,0.5175855102531889,-0.8556314858488706,10.43
0.0,0.0,1.0,0.0,1336.66,33.0,239.0,96.0,43.923012103128116,45.0,0.4575313760742512,-0.8891934772070711,25.59
0.0,0.0,1.0,0.0,1647.1966666666667,20.0,252.0,89.0,37.97399340390329,45.0,0.42667408318992467,-0.9044054548343001,19.99
0.0,0.0,1.0,0.0,2467.1733333333336,0.0,266.0,87.0,34.39212562254761,41.0,0.3953117887649151,-0.9185469991587165,25.47
0.0,0.0,1.0,0.0,2053.403333333333,0.0,290.0,98.0,37.186378685005344,41.0,0.37945284372454435,-0.925211078289358,14.64
0.0,0.0,1.0,0.0,1630.2033333333336,4.0,297.0,34.0,12.358374824418815,43.0,0.36348161248290634,-0.9316013725767187,27.68
0.0,0.0,1.0,0.0,929.9366666666668,8.0,296.0,92.0,31.96105954895352,43.0,0.3474028211842774,-0.9377159910299093,21.76
0.0,0.0,1.0,0.0,1688.2600000000002,6.0,290.0,94.0,31.134795413358532,43.0,0.3312212278016865,-0.9435531242349544,20.86
0.0,0.0,1.0,0.0,1793.2833333333335,0.0,319.0,87.0,27.399921003418818,43.0,0.31494162072895193,-0.9491110448902284,16.64
0.0,0.0,1.0,0.0,1526.01,16.0,367.0,95.0,28.36403764955342,39.0,0.2985688173637202,-0.9543881083175908,8.27
0.0,0.0,1.0,0.0,668.2266666666668,17.0,365.0,40.0,9.957592342150663,41.0,0.24893980855376657,-0.9685189578512204,23.75
0.0,0.0,1.0,0.0,1082.1533333333334,41.0,337.0,89.0,20.669620236807244,45.0,0.23224292400907015,-0.9726578145718654,27.53
0.0,0.0,1.0,0.0,1498.0733333333335,7.0,342.0,98.0,21.116776874579553,47.0,0.21547731504673012,-0.976508846196619,26.7
0.0,0.0,1.0,0.0,1725.9933333333336,2.0,340.0,83.0,16.487779259054204,53.0,0.19864794288017112,-0.9800709131432666,21.76
0.0,0.0,1.0,0.0,1480.8333333333333,118.0,222.0,86.0,15.63134173285828,49.0,0.18175978759137534,-0.9833429613388902,24.33
0.0,0.0,1.0,0.0,1548.5933333333335,0.0,222.0,112.0,16.556638948699412,44.0,0.14782713347053048,-0.9890132145779883,26.12
0.0,0.0,1.0,0.0,1311.6433333333334,33.0,200.0,31.0,4.0545729515595355,42.0,0.13079267585675922,-0.9914097417023038,29.26
0.0,0.0,1.0,0.0,1297.2533333333333,14.0,191.0,96.0,7.629820792667614,46.0,0.07947729992362097,-0.9968366760893436,21.77
0.0,0.0,1.0,0.0,1101.5200000000002,24.0,183.0,100.0,6.231837935432508,45.0,0.062318379354325076,-0.998056320853012,20.2
0.0,0.0,1.0,0.0,2102.8233333333333,11.0,237.0,101.0,4.559242795171165,46.0,0.04514101777397193,-0.9989806246941579,10.91
0.0,0.0,1.0,0.0,2145.433333333334,7.0,239.0,116.0,3.2422345958643968,44.0,0.02795029824021032,-0.999609314096404,20.28
0.0,0.0,1.0,0.0,2080.01,0.0,239.0,38.0,0.4085496950138333,47.0,0.01075130776352193,-0.9999422030204416,25.39
0.0,0.0,1.0,0.0,1140.6866666666667,29.0,245.0,88.0,-0.5676760494332532,48.0,-0.00645086419810515,-0.9999791929590823,12.75
0.0,0.0,1.0,0.0,864.27,64.0,217.0,78.0,-1.8447879251280637,48.0,-0.023651127245231586,-0.9997202729664083,12.88
0.0,0.0,1.0,0.0,891.7866666666665,15.0,212.0,93.0,-3.7985284135265385,48.0,-0.04084439154329611,-0.9991655196610109,19.16
0.0,0.0,1.0,0.0,853.0966666666667,13.0,235.0,88.0,-6.6166827244987525,42.0,-0.07518957641475855,-0.9971692572470178,11.39
0.0,0.0,1.0,0.0,914.3866666666667,12.0,256.0,86.0,-7.940494697803644,40.0,-0.09233133369539122,-0.9957283388645872,16.63
0.0,0.0,1.0,0.0,632.4066666666666,0.0,256.0,35.0,-3.8306019027120444,50.0,-0.10944576864891556,-0.993992768446958,15.77
0.0,0.0,1.0,0.0,719.1199999999999,0.0,256.0,77.0,-11.055076602709471,49.0,-0.1435724234118113,-0.9896398128792412,16.84
0.0,0.0,1.0,0.0,776.4866666666667,0.0,256.0,90.0,-14.451709013549438,49.0,-0.16057454459499376,-0.9870237158387383,16.58
0.0,0.0,1.0,0.0,1981.9733333333334,11.0,278.0,90.0,-15.977623426833148,43.0,-0.17752914918703497,-0.984115542601034,17.44
0.0,0.0,1.0,0.0,2007.96,5.0,292.0,79.0,-15.360066383765293,40.0,-0.19443122004766195,-0.9809161537413774,19.84
0.0,0.0,1.0,0.0,1967.1066666666666,16.0,276.0,88.0,-18.592266491231776,50.0,-0.2112757555821793,-0.9774264960104055,15.18
0.0,0.0,1.0,0.0,749.66,65.0,218.0,26.0,-5.929502051759514,51.0,-0.2280577712215198,-0.9736476020539838,19.38
0.0,0.0,1.0,0.0,707.3299999999999,9.0,265.0,96.0,-23.49814088613692,42.0,-0.24477230089725957,-0.9695805901076308,14.09
0.0,0.0,1.0,0.0,707.16,0.0,265.0,83.0,-21.697395076425966,48.0,-0.2614143985111562,-0.965226663665613,16.2
0.0,0.0,1.0,0.0,867.4366666666666,35.0,239.0,79.0,-23.262468121157294,46.0,-0.2944616217868012,-0.9556633054034704,15.77
0.0,0.0,1.0,0.0,1012.84,36.0,208.0,110.0,-35.98763598343046,48.0,-0.3271603271220951,-0.9449688462364056,17.23
0.0,0.0,1.0,0.0,790.2899999999998,10.0,198.0,17.0,-5.8372368579385965,51.0,-0.34336687399638804,-0.939201357453208,21.47
0.0,0.0,1.0,0.0,892.1433333333334,36.0,195.0,79.0,-28.39827323398543,47.0,-0.3594718130884232,-0.9331559438780432,14.09
0.0,0.0,1.0,0.0,1006.6133333333333,33.0,169.0,98.0,-36.79609711138678,42.0,-0.3754703786876202,-0.9268343944460494,17.73
0.0,0.0,1.0,0.0,1283.4866666666667,0.0,169.0,91.0,-37.04878316723689,49.0,-0.4071294853542516,-0.9133704517637858,17.02
0.0,0.0,1.0,0.0,2365.713333333333,0.0,169.0,106.0,-51.31338329373144,53.0,-0.48408852163897587,-0.8750190302029955,20.4
0.0,0.0,1.0,0.0,1942.5399999999997,0.0,253.0,93.0,-46.41338005003347,42.0,-0.4990686026885319,-0.8665624788845385,6.04
0.0,0.0,1.0,0.0,2699.7533333333336,33.0,220.0,92.0,-47.27889212045655,44.0,-0.5139010013093103,-0.8578494977869301,16.95
0.0,0.0,1.0,0.0,1514.426666666667,19.0,201.0,76.0,-41.27599821594081,46.0,-0.5431052396834317,-0.8396646346181327,16.08
0.0,0.0,1.0,0.0,1705.7033333333336,0.0,203.0,85.0,-48.59166706072994,46.0,-0.5716666713027052,-0.8204859638785327,16.56
0.0,0.0,1.0,0.0,825.4933333333333,7.0,202.0,80.0,-46.85565918458806,42.0,-0.5856957398073508,-0.8105309990194823,13.86
0.0,0.0,1.0,0.0,802.6266666666667,56.0,167.0,98.0,-58.75604616892559,43.0,-0.5995514915196489,-0.8003361849976323,12.35
0.0,0.0,1.0,0.0,631.5333333333333,0.0,200.0,56.0,-34.34087027278601,42.0,-0.6132298262997502,-0.7899045386224707,11.8
0.0,0.0,1.0,0.0,828.7866666666665,9.0,191.0,98.0,-61.41921625781635,51.0,-0.6267266965083301,-0.7792391467859886,18.92
0.0,0.0,1.0,0.0,973.7166666666666,5.0,202.0,99.0,-63.36377271223068,41.0,-0.6400381082043503,-0.7683431655492202,18.8
0.0,0.0,1.0,0.0,962.1966666666667,0.0,202.0,35.0,-22.86060428144255,43.0,-0.65316012232693,-0.7572198192083127,17.34
0.0,0.0,1.0,0.0,850.4,33.0,201.0,88.0,-59.73620250278873,49.0,-0.6788204829862355,-0.734304263829602,10.55
0.0,0.0,1.0,0.0,1428.6266666666668,7.0,210.0,82.0,-56.69080136917138,43.0,-0.6913512362094071,-0.722518835873311,17.05
0.0,0.0,1.0,0.0,1668.493333333333,0.0,223.0,96.0,-67.55303111798523,41.0,-0.7036774074790128,-0.7105196029692745,18.18
0.0,0.0,1.0,0.0,1733.95,0.0,239.0,101.0,-72.29533027754908,45.0,-0.7157953492826642,-0.6983101158835584,17.79
0.0,0.0,1.0,0.0,949.0,84.0,180.0,85.0,-61.854625436746005,43.0,-0.7277014757264236,-0.6858939875998223,10.58
0.0,0.0,1.0,0.0,683.3666666666667,0.0,180.0,26.0,-19.224198853494027,46.0,-0.7393922635959241,-0.673274892250183,17.73
0.0,0.0,1.0,0.0,699.8633333333333,0.0,180.0,100.0,-77.31383255706025,51.0,-0.7731383255706026,-0.6342374393978054,17.27
0.0,0.0,1.0,0.0,1730.8666666666668,2.0,179.0,106.0,-84.21671689165952,44.0,-0.7944973291665992,-0.6072676460566135,14.32
0.0,0.0,1.0,0.0,1862.2333333333333,6.0,210.0,91.0,-73.23914207685941,44.0,-0.8048257371083452,-0.593511190196115,12.11
0.0,0.0,1.0,0.0,1523.7766666666666,21.0,192.0,18.0,-14.668487714989425,48.0,-0.8149159841660791,-0.5795791048257612,16.28
0.0,0.0,1.0,0.0,805.3566666666666,33.0,171.0,103.0,-84.95080370075623,51.0,-0.8247650844733614,-0.5654755126737576,16.49
0.0,0.0,1.0,0.0,878.7433333333333,0.0,186.0,106.0,-89.43519545710275,43.0,-0.8437282590292712,-0.5367705514607103,13.64
0.0,0.0,1.0,0.0,1151.6333333333334,16.0,170.0,78.0,-66.52126429801784,51.0,-0.8528367217694595,-0.522177676659508,18.56
0.0,0.0,1.0,0.0,950.2866666666667,0.0,177.0,92.0,-79.2757391090624,42.0,-0.8616928164028522,-0.5074302810827518,15.86
0.0,0.0,1.0,0.0,1001.66,32.0,149.0,93.0,-80.93733477097676,47.0,-0.8702939222685674,-0.49253272872205434,16.95
0.0,0.0,1.0,0.0,927.9,16.0,166.0,30.0,-26.359124824830005,43.0,-0.8786374941610001,-0.4774894280028391,14.3
0.0,0.0,1.0,0.0,956.2133333333333,13.0,204.0,93.0,-82.46505886671835,46.0,-0.886721063082993,-0.46230483047981086,16.0
0.0,0.0,1.0,0.0,933.1166666666667,16.0,201.0,83.0,-74.24700566904532,53.0,-0.8945422369764496,-0.4469834295196741,17.27
0.0,0.0,1.0,0.0,2220.2599999999998,25.0,201.0,74.0,-67.81423911538158,47.0,-0.9164086366943458,-0.4002439388573056,13.47
0.0,0.0,1.0,0.0,2523.8133333333335,0.0,218.0,97.0,-90.77598504149444,45.0,-0.9358348973349941,-0.35243871088460327,19.31
0.0,0.0,1.0,0.0,2486.7566666666667,0.0,218.0,88.0,-83.37157745346184,46.0,-0.9474042892438845,-0.32003923622313857,15.14
0.0,0.0,1.0,0.0,1184.4266666666667,1.0,217.0,67.0,-63.83554257852903,41.0,-0.9527692922168511,-0.30369503751065885,17.45
0.0,0.0,1.0,0.0,1194.0433333333333,37.0,187.0,92.0,-88.12241669934535,39.0,-0.9578523554276669,-0.28726097055059635,20.9
0.0,0.0,1.0,0.0,1264.8633333333335,3.0,206.0,82.0,-78.9374619267242,43.0,-0.9626519747161487,-0.2707418984477642,11.96
0.0,0.0,1.0,0.0,1315.4866666666667,12.0,206.0,88.0,-85.48278505217,45.0,-0.97139528468375,-0.23746831555846842,15.72
0.0,0.0,1.0,0.0,988.6633333333333,15.0,191.0,90.0,-87.78027492691054,52.0,-0.9753363880767837,-0.2207236509605022,14.84
0.0,0.0,1.0,0.0,863.8833333333332,0.0,221.0,88.0,-86.151020889202,47.0,-0.9789888737409319,-0.20391367068311472,12.69
0.0,0.0,1.0,0.0,863.5466666666666,7.0,214.0,89.0,-87.42929781537622,44.0,-0.9823516608469237,-0.18704334906991657,15.4
0.0,0.0,1.0,0.0,1593.8166666666666,4.0,215.0,85.0,-83.76101911481595,44.0,-0.9854237542919524,-0.17011767832049052,15.42
0.0,0.0,1.0,0.0,1602.7099999999998,33.0,206.0,91.0,-89.92658629446694,42.0,-0.9882042449941422,-0.15314166701312007,13.22
0.0,0.0,1.0,0.0,1554.09,51.0,174.0,50.0,-49.53461550807805,49.0,-0.9906923101615609,-0.13612033862266704,22.0
0.0,0.0,1.0,0.0,803.0433333333334,13.0,181.0,68.0,-67.51633052042735,46.0,-0.9928872135356962,-0.11905873003404988,20.21
0.0,0.0,1.0,0.0,844.1233333333333,25.0,194.0,95.0,-94.50488903288606,36.0,-0.994788305609327,-0.10196189005174576,15.69
0.0,0.0,1.0,0.0,1168.93,17.0,207.0,95.0,-94.6575272627787,45.0,-0.9963950238187231,-0.08483487790576538,15.13
0.0,0.0,1.0,0.0,1275.8433333333332,0.0,207.0,90.0,-89.79362034391052,47.0,-0.9977068927101168,-0.06768276175455162,19.58
0.0,0.0,1.0,0.0,1386.03,0.0,215.0,104.0,-103.8672465043613,40.0,-0.9987235240803972,-0.050510617185222886,19.04
0.0,0.0,1.0,0.0,1302.3066666666666,7.0,235.0,92.0,-91.9489047724627,50.0,-0.9994446170919858,-0.033323525711631344,11.14
0.0,0.0,1.0,0.0,975.8833333333332,22.0,213.0,19.0,-18.997529208875324,49.0,-0.9998699583618592,-0.016126573270657762,17.37
0.0,0.0,1.0,0.0,766.2666666666668,12.0,291.0,98.0,-97.9383237836917,43.0,-0.9993706508539969,0.03547255575312556,9.17
0.0,0.0,1.0,0.0,621.5433333333333,0.0,316.0,85.0,-84.88207117713773,48.0,-0.9986126020839734,0.052658056924614005,18.68
0.0,0.0,1.0,0.0,1077.2833333333333,30.0,288.0,101.0,-100.6172402699353,44.0,-0.9962102997023297,0.0869772313136861,24.11
0.0,0.0,1.0,0.0,990.85,0.0,296.0,21.0,-20.885901896383306,43.0,-0.9945667569706337,0.1041007489354256,24.14
0.0,0.0,1.0,0.0,2375.68,5.0,295.0,83.0,-82.38819919256429,49.0,-0.9926289059345095,0.121193461470736,23.53
0.0,0.0,1.0,0.0,3512.59,24.0,275.0,98.0,-97.05893736345507,46.0,-0.9903973200352558,0.1382503109109819,19.98
0.0,0.0,1.0,0.0,3773.096666666667,19.0,257.0,70.0,-69.151086174453,46.0,-0.9878726596350429,0.15526624985999563,23.17
0.0,0.0,1.0,0.0,2624.5766666666664,20.0,237.0,87.0,-85.13368770847767,46.0,-0.9785481345802031,0.20601832032517084,18.43
0.0,0.0,1.0,0.0,1245.7333333333333,38.0,222.0,79.0,-76.00333822735347,43.0,-0.9620675724981452,0.27281126433401914,17.19
0.0,0.0,1.0,0.0,1283.0366666666666,30.0,192.0,104.0,-99.55217410562445,45.0,-0.957232443323312,0.28931997761869527,17.82
0.0,0.0,1.0,0.0,950.4133333333333,0.0,217.0,84.0,-79.97758050812125,45.0,-0.9521140536681102,0.3057430764672831,13.8
0.0,0.0,1.0,0.0,914.2933333333334,8.0,269.0,70.0,-66.26997427024703,48.0,-0.9467139181463862,0.3220757010206104,16.34
0.0,0.0,1.0,0.0,897.5,27.0,244.0,96.0,-89.7671888977495,43.0,-0.9350748843515574,0.3544502230989869,18.79
0.0,0.0,1.0,0.0,995.4533333333334,0.0,246.0,82.0,-76.16483328097615,44.0,-0.9288394302558068,0.3704825404820963,19.76
0.0,0.0,1.0,0.0,1019.3666666666667,90.0,187.0,87.0,-80.24263323372773,44.0,-0.9223291176290545,0.3864052261209853,14.61
0.0,0.0,1.0,0.0,764.35,25.0,268.0,84.0,-76.90585333011393,42.0,-0.9155458729775467,0.40221356823680365,7.46
0.0,0.0,1.0,0.0,1719.07,2.0,266.0,82.0,-74.49631969294568,48.0,-0.9084917035725082,0.41790288888678667,23.32
0.0,0.0,1.0,0.0,1830.64,8.0,259.0,75.0,-67.58765226421177,45.0,-0.9011686968561569,0.4334685453485363,23.76
0.0,0.0,1.0,0.0,1871.8166666666666,4.0,281.0,39.0,-34.84958177313582,48.0,-0.8935790198239952,0.4489059314938798,20.03
0.0,0.0,1.0,0.0,886.4466666666667,4.0,299.0,93.0,-82.37241740967143,42.0,-0.8857249183835637,0.4642104791518923,16.02
0.0,0.0,1.0,0.0,1053.8366666666668,1.0,313.0,78.0,-68.45347990180746,47.0,-0.8776087166898392,0.4793776594606945,23.14
0.0,0.0,1.0,0.0,1261.45,0.0,356.0,94.0,-81.70788474700305,43.0,-0.8692328164574792,0.49440298420761813,19.18
0.0,0.0,1.0,0.0,1293.7733333333333,23.0,335.0,81.0,-69.70857539625956,45.0,-0.8605996962501181,0.5092820071573356,19.64
0.0,0.0,1.0,0.0,1275.96,0.0,367.0,73.0,-62.17496948452508,45.0,-0.8517119107469189,0.5240103253675756,16.56
0.0,0.0,1.0,0.0,1150.4833333333333,25.0,369.0,84.0,-70.77605555887466,45.0,-0.8425720899866032,0.5385835804920232,14.13
0.0,0.0,1.0,0.0,884.1700000000001,60.0,350.0,27.0,-22.495939341907818,42.0,-0.8331829385891785,0.5529974600700271,15.11
0.0,0.0,1.0,0.0,648.8566666666667,2.0,390.0,95.0,-78.23698732078206,45.0,-0.8235472349556007,0.5672476988027229,14.74
0.0,0.0,1.0,0.0,846.4266666666666,2.0,394.0,89.0,-71.51574071951813,39.0,-0.8035476485339116,0.5952404359043674,24.83
0.0,0.0,1.0,0.0,1119.7466666666667,31.0,363.0,93.0,-71.77486449885087,42.0,-0.7717727365467836,0.6358984534680745,18.13
0.0,0.0,1.0,0.0,970.7666666666668,106.0,285.0,36.0,-27.385923288830774,48.0,-0.7607200913564104,0.6490800741100398,18.78
0.0,0.0,1.0,0.0,1431.3633333333335,0.0,375.0,101.0,-75.69367602207174,43.0,-0.7494423368521954,0.6620696215153815,8.65
0.0,0.0,1.0,0.0,1693.1933333333334,1.0,377.0,95.0,-70.10456697879816,47.0,-0.7379428103031386,0.6748632518680403,18.77
0.0,0.0,1.0,0.0,2173.226666666667,26.0,375.0,101.0,-70.91694288987448,43.0,-0.7021479494046978,0.7120310787787131,16.16
0.0,0.0,1.0,0.0,1787.0100000000002,22.0,371.0,99.0,-68.28980446189328,47.0,-0.6897960046655887,0.7240037789593305,24.2
0.0,0.0,1.0,0.0,1858.4700000000003,15.0,383.0,96.0,-63.7904126901941,45.0,-0.6644834655228552,0.7473029667054296,21.8
0.0,0.0,1.0,0.0,1367.0600000000002,43.0,525.0,96.0,-62.546914704653005,47.0,-0.6515303615068021,0.75862255966641,6.72
0.0,0.0,1.0,0.0,1252.4833333333333,2.0,526.0,95.0,-60.646523621593104,49.0,-0.6383844591746642,0.7697176640069211,18.93
0.0,0.0,1.0,0.0,1511.5733333333337,32.0,498.0,122.0,-76.2560571304734,47.0,-0.6250496486104377,0.7805849965070866,25.03
0.0,0.0,1.0,0.0,1710.216666666667,27.0,509.0,80.0,-48.922390063928425,41.0,-0.6115298757991053,0.7912213413483807,20.66
0.0,0.0,1.0,0.0,1700.6533333333336,41.0,479.0,85.0,-50.81547702401119,45.0,-0.5978291414589552,0.801623551065242,21.93
0.0,0.0,1.0,0.0,1101.6133333333335,42.0,442.0,30.0,-17.518544995730995,44.0,-0.5839514998576998,0.8117885474764613,24.7
0.0,0.0,1.0,0.0,1268.5100000000002,6.0,438.0,94.0,-53.57069941559967,46.0,-0.5699010576127624,0.8217133225960589,24.97
0.0,0.0,1.0,0.0,1375.1633333333336,0.0,439.0,92.0,-51.1227414677965,48.0,-0.5556819724760489,0.8313949395234058,24.63
0.0,0.0,1.0,0.0,1364.5933333333335,28.0,463.0,90.0,-48.71686068932556,48.0,-0.5412984521036173,0.8408305333122887,16.91
0.0,0.0,1.0,0.0,1385.5033333333333,90.0,385.0,75.0,-39.506606460791566,46.0,-0.5267547528105542,0.8500173118187018,24.77
0.0,0.0,1.0,0.0,1390.2666666666667,3.0,442.0,78.0,-39.94030390829424,42.0,-0.5120551783114646,0.8589525565270845,19.77
0.0,0.0,1.0,0.0,1414.096666666667,24.0,418.0,28.0,-13.501763741097873,53.0,-0.4822058478963526,0.8760579434344281,15.96
0.0,0.0,1.0,0.0,1268.9700000000003,18.0,402.0,76.0,-34.33572002729918,50.0,-0.451785789832884,0.8921264484954345,21.67
0.0,0.0,1.0,0.0,1068.4500000000003,27.0,376.0,96.0,-41.891804554040874,45.0,-0.4363729641045924,0.8997658785476209,14.94
0.0,0.0,1.0,0.0,915.7000000000002,185.0,236.0,82.0,-33.223490838502016,45.0,-0.4051645224207563,0.9142437912130223,11.93
0.0,0.0,1.0,0.0,980.1066666666669,3.0,233.0,105.0,-40.88470486224616,42.0,-0.3893781415452015,0.9210779895789526,19.88
0.0,0.0,1.0,0.0,771.8400000000001,4.0,238.0,25.0,-9.33691343532677,44.0,-0.37347653741307074,0.9276396261490467,20.08
0.0,0.0,1.0,0.0,958.2966666666667,38.0,200.0,95.0,-33.95911947866183,43.0,-0.3574644155648614,0.9339267592294762,19.28
0.0,0.0,1.0,0.0,1181.6233333333334,11.0,192.0,86.0,-29.355800225073107,47.0,-0.34134651424503615,0.9399375283564133,21.53
0.0,0.0,1.0,0.0,1724.0100000000002,5.0,187.0,97.0,-31.5373774909912,48.0,-0.3251276029999093,0.9456701548465688,17.66
0.0,0.0,1.0,0.0,1715.6900000000003,2.0,206.0,77.0,-23.77856105750154,43.0,-0.30881248126625377,0.9511229423235357,12.99
0.0,0.0,1.0,0.0,1322.3766666666668,1.0,205.0,75.0,-21.9304482713308,47.0,-0.29240597695107734,0.9562942772197719,16.64
0.0,0.0,1.0,0.0,1175.7866666666669,52.0,187.0,122.0,-33.661379290361175,45.0,-0.27591294500296043,0.9611826292540837,18.69
0.0,0.0,1.0,0.0,1059.64,12.0,181.0,75.0,-18.201513343694653,43.0,-0.2426868445825954,0.9701046827361175,17.49
0.0,0.0,1.0,0.0,1063.3700000000001,60.0,155.0,93.0,-21.01461556706577,51.0,-0.22596360824801906,0.974135744004672,13.3
0.0,0.0,1.0,0.0,788.0933333333334,0.0,183.0,85.0,-17.779747979940293,45.0,-0.20917350564635637,0.9778785428342386,12.4
0.0,0.0,1.0,0.0,689.0766666666668,2.0,212.0,68.0,-13.077862356258448,40.0,-0.19232150523909483,0.9813319716704275,12.66
0.0,0.0,1.0,0.0,2140.443333333333,1.0,231.0,98.0,-15.52827394616196,44.0,-0.15845177496083632,0.9873667175937016,20.54
0.0,0.0,1.0,0.0,2040.426666666667,45.0,202.0,34.0,-4.809098301390028,50.0,-0.14144406768794202,0.9899462489023779,16.88
0.0,0.0,1.0,0.0,2314.7933333333335,0.0,202.0,104.0,-12.937028503339198,46.0,-0.12439450483979998,0.9922328391893008,19.56
0.0,0.0,1.0,0.0,1203.3833333333334,9.0,254.0,95.0,-10.194272507354434,43.0,-0.10730813165636247,0.9942258118156161,6.69
0.0,0.0,1.0,0.0,1200.4366666666667,0.0,265.0,31.0,-0.6665425549652276,49.0,-0.021501372740813793,0.999768818762748,18.1
0.0,0.0,1.0,0.0,1014.8666666666669,3.0,308.0,100.0,-0.43005927029819735,51.0,-0.004300592702981974,0.9999907524084426,11.37
0.0,0.0,1.0,0.0,643.5533333333336,0.0,352.0,94.0,1.2127372352454473,42.0,0.012901459949419653,0.9999167727021953,12.52
0.0,0.0,1.0,0.0,904.7133333333336,21.0,339.0,76.0,1.3073197317877985,40.0,0.017201575418260506,0.9998520419557735,9.11
0.0,0.0,1.0,0.0,1320.5633333333335,0.0,351.0,85.0,4.384671183899711,42.0,0.051584366869408364,0.9986686402879997,7.88
0.0,0.0,1.0,0.0,1287.3900000000003,34.0,317.0,92.0,6.325497580264826,52.0,0.06875540848113941,0.9976335468520451,9.87
0.0,0.0,1.0,0.0,1061.8166666666668,6.0,311.0,88.0,10.571102536046844,46.0,0.1201261651823505,0.9927586335250793,8.16
0.0,0.0,1.0,0.0,579.0000000000003,34.0,277.0,94.0,12.895427981320454,49.0,0.13718540405660057,0.9905453876091833,9.04
0.0,0.0,1.0,0.0,488.3800000000003,28.0,273.0,94.0,14.495180470892803,46.0,0.1542040475626894,0.988039023376751,6.06
0.0,0.0,1.0,0.0,649.2066666666669,31.0,242.0,86.0,14.721227126477187,44.0,0.17117705961019986,0.985240282501282,9.21
0.0,0.0,1.0,0.0,646.4000000000003,20.0,222.0,92.0,20.40303849519633,51.0,0.22177215755648186,0.975098513039961,9.17
0.0,0.0,1.0,0.0,935.486666666667,16.0,206.0,88.0,20.98910661707873,49.0,0.23851257519407648,0.9711394088771653,8.94
0.0,0.0,1.0,0.0,774.3533333333336,0.0,206.0,92.0,25.003459939344484,44.0,0.2717767384711357,0.9623603298276545,8.09
0.0,0.0,1.0,0.0,757.716666666667,61.0,145.0,87.0,25.081285741728042,47.0,0.2882906407095177,0.9575429528116719,9.21
0.0,0.0,1.0,0.0,517.556666666667,11.0,134.0,91.0,27.729450212933866,44.0,0.3047192331091634,0.9524422234305676,8.74
0.0,0.0,1.0,0.0,410.36666666666696,46.0,98.0,35.0,11.237017896484485,43.0,0.321057654185271,0.9470596510722283,7.29
0.0,0.0,1.0,0.0,406.3600000000003,44.0,54.0,86.0,30.396241729571543,43.0,0.3534446712740877,0.9354554315134164,9.31
0.0,0.0,1.0,0.0,791.5866666666669,8.0,52.0,87.0,32.145080459922326,49.0,0.3694836834473831,0.9292372181882051,7.49
0.0,0.0,1.0,0.0,965.6300000000002,12.0,67.0,81.0,31.218482115800377,40.0,0.38541335945432564,0.9227440286201427,6.46
0.0,0.0,1.0,0.0,965.9600000000004,0.0,67.0,95.0,38.116753617512586,47.0,0.4012289854475009,0.9159777842484877,8.14
0.0,0.0,1.0,0.0,613.506666666667,0.0,67.0,91.0,40.762989486118094,43.0,0.44794493940789115,0.8940611451454876,10.44
0.0,0.0,1.0,0.0,633.7833333333338,0.0,67.0,93.0,43.08298679877673,49.0,0.4632579225674917,0.88622350294858,11.42
0.0,0.0,1.0,0.0,652.2300000000004,24.0,43.0,104.0,49.75711730648893,49.0,0.4784338202547012,0.8781236129591848,8.1
0.0,0.0,1.0,0.0,640.6133333333337,0.0,46.0,93.0,45.89253717598307,42.0,0.49346814167723735,0.8697638720650646,9.8
0.0,0.0,1.0,0.0,538.6366666666671,0.0,53.0,99.0,50.3272873558137,44.0,0.5083564379375122,0.8611467540480452,6.83
0.0,0.0,1.0,0.0,481.74666666666707,0.0,57.0,90.0,47.07848730142194,45.0,0.5230943033491326,0.8522748088519838,6.86
0.0,0.0,1.0,0.0,461.466666666667,0.0,57.0,110.0,60.73114770205129,46.0,0.5521013427459208,0.8337770129585915,7.21
0.0,0.0,1.0,0.0,450.5900000000004,0.0,57.0,82.0,46.4416785126791,43.0,0.5663619330814524,0.8241566360566663,7.7
0.0,0.0,1.0,0.0,446.60000000000036,0.0,57.0,77.0,44.69502944130055,44.0,0.580454927809098,0.8142923779467267,7.78
0.0,0.0,1.0,0.0,588.016666666667,10.0,53.0,103.0,61.22074412825326,48.0,0.5943761565849831,0.804187157621448,6.48
0.0,0.0,1.0,0.0,647.1000000000004,0.0,58.0,96.0,59.681941465588594,45.0,0.6216868902665479,0.7832658619336791,9.27
0.0,0.0,1.0,0.0,575.5200000000003,6.0,56.0,30.0,19.05204940460231,47.0,0.6350683134867438,0.7724559775191742,9.0
0.0,0.0,1.0,0.0,389.4800000000003,27.0,37.0,88.0,57.04703926026268,43.0,0.6482618097757122,0.7614175109532997,7.06
0.0,0.0,1.0,0.0,628.4066666666671,0.0,37.0,97.0,64.14255707166694,45.0,0.6612634749656386,0.7501537286959042,7.13
0.0,0.0,1.0,0.0,723.606666666667,0.0,37.0,92.0,63.17419019175429,46.0,0.6866759803451553,0.726963615332308,7.5
0.0,0.0,1.0,0.0,936.5433333333336,0.0,58.0,94.0,65.71345425316228,41.0,0.6990793005655562,0.7150441465537444,6.57
0.0,0.0,1.0,0.0,659.8233333333337,0.0,58.0,96.0,68.28247218948626,49.0,0.7112757519738152,0.7029130847082615,7.21
0.0,0.0,1.0,0.0,683.1633333333338,3.0,55.0,99.0,72.76833373916119,45.0,0.7350336741329413,0.6780306024735382,8.25
0.0,0.0,1.0,0.0,517.5233333333337,7.0,48.0,99.0,75.03424112223736,47.0,0.7579216274973472,0.6523456189565257,8.07
0.0,0.0,1.0,0.0,1573.2866666666669,4.0,44.0,93.0,71.51986991107938,47.0,0.7690308592589181,0.6392116531380588,9.6
0.0,0.0,1.0,0.0,2124.1733333333336,0.0,44.0,110.0,86.9619736602703,45.0,0.7905633969115482,0.612380204990065,9.68
0.0,0.0,1.0,0.0,2139.0200000000004,0.0,44.0,92.0,74.62674227122771,46.0,0.8111602420785621,0.5848239578463322,9.54
0.0,0.0,1.0,0.0,1138.0000000000002,0.0,53.0,94.0,77.18341107441158,51.0,0.8211001178128892,0.5707841943569036,9.84
0.0,0.0,1.0,0.0,589.9933333333337,6.0,47.0,106.0,89.06629537843178,49.0,0.8402480696078469,0.5422021592729844,7.49
0.0,0.0,1.0,0.0,553.1300000000003,5.0,47.0,85.0,72.9641294798108,47.0,0.8584015232918917,0.512978386299228,8.19
0.0,0.0,1.0,0.0,427.716666666667,4.0,43.0,43.0,37.28523774809195,45.0,0.8670985522812081,0.4981366284784055,9.16
0.0,0.0,1.0,0.0,478.19666666666694,8.0,35.0,103.0,92.62750772996161,46.0,0.8992961915530253,0.4373400963303323,10.06
0.0,0.0,1.0,0.0,637.8100000000003,0.0,51.0,76.0,68.90814147943269,42.0,0.9066860720977985,0.4218060770826634,8.59
0.0,0.0,1.0,0.0,1551.736666666667,0.0,51.0,101.0,92.29457261431281,49.0,0.9138076496466615,0.4061472386305789,9.81
0.0,0.0,1.0,0.0,2693.7966666666666,21.0,30.0,28.0,25.778446870686796,46.0,0.9206588168102428,0.3903682146763026,11.96
0.0,0.0,1.0,0.0,2546.5066666666667,0.0,66.0,91.0,84.37861670583379,45.0,0.9272375462179537,0.374473674486883,8.63
0.0,0.0,1.0,0.0,1766.7833333333335,0.0,67.0,82.0,77.51624384687682,43.0,0.945320046913132,0.3261441535642696,12.28
0.0,0.0,1.0,0.0,629.2133333333336,0.0,67.0,91.0,86.52192389409508,47.0,0.9507903724625832,0.3098349038318025,11.35
0.0,0.0,1.0,0.0,730.086666666667,0.0,67.0,96.0,91.77401700903135,51.0,0.9559793438440766,0.2934339689665273,12.01
0.0,0.0,1.0,0.0,579.7033333333337,0.0,72.0,32.0,30.748333617839926,46.0,0.9608854255574977,0.27694620226893646,10.03
0.0,0.0,1.0,0.0,512.5666666666671,0.0,92.0,83.0,80.13709476258992,42.0,0.9655071658143364,0.2603764827344581,9.63
0.0,0.0,1.0,0.0,477.4500000000003,9.0,92.0,90.0,87.28588772705646,46.0,0.969843196967294,0.24372971360968387,11.91
0.0,0.0,1.0,0.0,649.1733333333336,0.0,92.0,94.0,91.54587017600929,49.0,0.9738922359149924,0.22701082094141847,11.23
0.0,0.0,1.0,0.0,723.4933333333337,5.0,87.0,96.0,94.18796445808435,46.0,0.981124629771712,0.19337647441020586,11.17
0.0,0.0,1.0,0.0,807.7600000000002,0.0,102.0,95.0,93.50905522740814,45.0,0.984305844499033,0.17647097349152166,8.97
0.0,0.0,1.0,0.0,722.9800000000004,0.0,118.0,76.0,75.22431382549745,40.0,0.9897936029670716,0.14250832791617088,10.07
0.0,0.0,1.0,0.0,673.1266666666669,16.0,106.0,97.0,96.42865687611746,44.0,0.9941098647022418,0.10837701279187609,9.13
0.0,0.0,1.0,0.0,561.4000000000002,0.0,106.0,85.0,84.64529784835506,50.0,0.9958270335100595,0.09126072172931188,10.66
0.0,0.0,1.0,0.0,610.8566666666669,0.0,106.0,89.0,88.75520737588371,53.0,0.9972495210773451,0.07411742515094437,9.85
0.0,0.0,1.0,0.0,1347.5533333333335,36.0,93.0,85.0,84.86203704970707,46.0,0.998376906467142,0.056952196034039754,8.12
0.0,0.0,1.0,0.0,1208.2500000000002,1.0,92.0,33.0,32.97389225024318,46.0,0.9992088560679753,0.03977011384605572,9.3
0.0,0.0,1.0,0.0,1505.4800000000002,0.0,92.0,95.0,94.97578675079447,43.0,0.9997451236925734,0.022576263041545485,12.01
0.0,0.0,1.0,0.0,844.6100000000002,0.0,92.0,80.0,79.99440526369645,51.0,0.9999300657962057,-0.011826390691832589,14.3
0.0,0.0,1.0,0.0,1094.7433333333336,5.0,87.0,92.0,91.9016992774069,49.0,0.9989315138848577,-0.046215046983708354,15.2
0.0,0.0,1.0,0.0,918.5500000000003,20.0,67.0,100.0,99.79887423155984,44.0,0.9979887423155984,-0.06339140486951038,15.05
0.0,0.0,1.0,0.0,744.5533333333336,9.0,65.0,33.0,32.89277144410597,43.0,0.9967506498213929,-0.08054900421874167,13.64
0.0,0.0,1.0,0.0,901.6966666666668,0.0,77.0,99.0,98.52654267459921,46.0,0.9952176027737294,-0.09768276782171598,14.56
0.0,0.0,1.0,0.0,821.6366666666669,0.0,96.0,83.0,82.27528938263423,43.0,0.9912685467787256,-0.13185851571739118,14.04
0.0,0.0,1.0,0.0,873.7500000000003,15.0,84.0,49.0,48.45383161460883,52.0,0.9888537064205885,-0.1488903868564548,12.84
0.0,0.0,1.0,0.0,534.5100000000003,16.0,85.0,54.0,53.251897410446134,43.0,0.986146248341595,-0.16587819893463143,11.63
0.0,0.0,1.0,0.0,432.17333333333363,4.0,93.0,57.0,56.039377502162544,40.0,0.9831469737221499,-0.1828169249850199,12.61
0.0,0.0,1.0,0.0,331.84333333333365,0.0,112.0,15.0,14.697851551437997,44.0,0.9798567700958665,-0.1997015525660636,14.93
0.0,0.0,1.0,0.0,310.2300000000003,0.0,134.0,59.0,57.60032005412899,44.0,0.9762766110869321,-0.21652708524481437,8.97
0.0,0.0,1.0,0.0,511.9066666666669,23.0,143.0,57.0,55.42723069895382,40.0,0.9724075561219968,-0.23328854407545518,8.44
0.0,0.0,1.0,0.0,574.0333333333336,0.0,143.0,47.0,45.507785255483576,45.0,0.9682507501166718,-0.2499809690726521,10.7
0.0,0.0,1.0,0.0,571.3333333333336,0.0,143.0,45.0,43.15855005153509,53.0,0.9590788900341131,-0.28313898122818354,10.44
0.0,0.0,1.0,0.0,263.8800000000003,0.0,155.0,12.0,11.385262637279368,43.0,0.9487718864399473,-0.31596187665790293,15.67
0.0,0.0,1.0,0.0,419.326666666667,0.0,175.0,82.0,76.86203895407893,50.0,0.9373419384643772,-0.3484108069446808,14.32
0.0,0.0,1.0,0.0,597.036666666667,0.0,175.0,89.0,82.87769324068533,48.0,0.9312100364121947,-0.3644830148102912,14.09
0.0,0.0,1.0,0.0,1161.4100000000005,7.0,168.0,97.0,89.70584970986536,45.0,0.9248025743285089,-0.38044736628785164,15.31
0.0,0.0,1.0,0.0,1184.1933333333336,12.0,172.0,105.0,96.40275206986583,49.0,0.9181214482844364,-0.39629913726891813,11.88
0.0,0.0,1.0,0.0,1096.9533333333336,19.0,153.0,78.0,71.07115355594772,44.0,0.9111686353326631,-0.41203363695942635,11.94
0.0,0.0,1.0,0.0,586.6300000000003,3.0,177.0,38.0,34.34995533105124,45.0,0.9039461929224011,-0.42764620926777464,11.13
0.0,0.0,1.0,0.0,500.5800000000004,17.0,160.0,71.0,63.648394338629586,44.0,0.8964562582905575,-0.44313223418263453,12.99
0.0,0.0,1.0,0.0,708.1533333333336,12.0,189.0,106.0,92.47483002132589,46.0,0.8724040568049612,-0.48878539428899265,12.82
0.0,0.0,1.0,0.0,2045.0066666666671,19.0,190.0,94.0,81.20350728567108,46.0,0.8638670987837349,-0.503719798736334,16.93
0.0,0.0,1.0,0.0,2350.3200000000006,22.0,186.0,91.0,75.27422968940871,43.0,0.8271893372462497,-0.5619233046832195,15.34
0.0,0.0,1.0,0.0,3157.4033333333336,32.0,187.0,109.0,88.00341112895606,43.0,0.8073707443023492,-0.5900444739548627,14.73
0.0,0.0,1.0,0.0,2120.1766666666667,0.0,207.0,93.0,74.13044812920907,43.0,0.7971015927871943,-0.6038452208771035,19.71
0.0,0.0,1.0,0.0,2005.1000000000004,0.0,217.0,97.0,76.29986691040041,49.0,0.7865965660866021,-0.6174672802835514,18.01
0.0,0.0,1.0,0.0,1144.486666666667,12.0,216.0,34.0,26.379198275437414,49.0,0.7758587728069828,-0.6309066211876704,18.41
0.0,0.0,1.0,0.0,1281.2833333333338,20.0,216.0,93.0,71.13489931037338,49.0,0.7648913904341225,-0.6441592666722685,16.68
0.0,0.0,1.0,0.0,1269.7633333333335,0.0,218.0,110.0,81.65089977956802,48.0,0.742280907086982,-0.6700888411055113,14.97
0.0,0.0,1.0,0.0,1405.2500000000002,0.0,225.0,124.0,89.13019278376447,46.0,0.7187918772884232,-0.6952253139408722,18.06
0.0,0.0,1.0,0.0,1058.8166666666668,16.0,212.0,44.0,30.55589249279056,49.0,0.6944521021088763,-0.719538934232584,18.23
0.0,0.0,1.0,0.0,1057.4200000000003,0.0,215.0,92.0,61.57471583779562,41.0,0.6692903895412567,-0.7430009249440493,19.37
0.0,0.0,1.0,0.0,1029.0200000000002,27.0,203.0,104.0,68.26669992458557,46.0,0.6564105761979381,-0.7544038410927472,19.85
0.0,0.0,1.0,0.0,1233.096666666667,0.0,210.0,109.0,70.1236807240896,37.0,0.6433365204044917,-0.765583517007675,17.97
0.0,0.0,1.0,0.0,992.4166666666669,41.0,231.0,98.0,60.42887888337255,45.0,0.6166212130956382,-0.7872599821916922,6.47
0.0,0.0,1.0,0.0,649.4033333333335,20.0,243.0,42.0,25.3254904169178,41.0,0.6029878670694714,-0.7977503570459932,13.55
0.0,0.0,1.0,0.0,566.8333333333336,18.0,239.0,84.0,47.12682460318289,45.0,0.5610336262283677,-0.8277930117131022,16.31
0.0,0.0,1.0,0.0,692.7133333333336,33.0,244.0,113.0,61.77837383415111,41.0,0.5467112728685939,-0.8373211953118121,11.36
0.0,0.0,1.0,0.0,1543.45,20.0,254.0,55.0,27.65348958786174,40.0,0.5027907197793043,-0.8644081744776648,14.53
0.0,0.0,1.0,0.0,1465.7300000000002,10.0,276.0,106.0,51.71179741688506,47.0,0.4878471454423119,-0.8729290708206411,9.64
0.0,0.0,1.0,0.0,1549.9400000000003,11.0,283.0,103.0,48.69419855648659,47.0,0.47275920928627757,-0.881191653407483,15.31
0.0,0.0,1.0,0.0,1728.8133333333335,20.0,313.0,113.0,51.701045496390385,46.0,0.4575313760742512,-0.8891934772070711,10.7
0.0,0.0,1.0,0.0,1832.216666666667,2.0,311.0,107.0,47.31199226047671,44.0,0.44216815196707204,-0.8969321743510065,14.2
0.0,0.0,1.0,0.0,1796.6733333333334,7.0,322.0,85.0,34.939569148397986,43.0,0.4110537546870351,-0.9116111071930239,17.32
0.0,0.0,1.0,0.0,759.5766666666669,3.0,330.0,36.0,14.231224395536943,46.0,0.3953117887649151,-0.9185469991587165,14.17
0.0,0.0,1.0,0.0,1679.6933333333336,3.0,405.0,92.0,31.96105954895352,51.0,0.3474028211842774,-0.9377159910299093,5.86
0.0,0.0,1.0,0.0,1707.3666666666668,15.0,419.0,117.0,36.848169625287376,49.0,0.31494162072895193,-0.9491110448902284,13.08
0.0,0.0,1.0,0.0,2001.5666666666668,7.0,412.0,106.0,31.64829464055434,45.0,0.2985688173637202,-0.9543881083175908,17.5
0.0,0.0,1.0,0.0,1010.2000000000002,62.0,402.0,91.0,18.076962802095572,40.0,0.19864794288017112,-0.9800709131432666,13.63
0.0,0.0,1.0,0.0,784.4100000000002,32.0,374.0,30.0,4.944535399715938,45.0,0.16481784665719793,-0.9863240225317866,17.3
0.0,0.0,1.0,0.0,746.9366666666668,14.0,360.0,102.0,13.34085293738944,46.0,0.13079267585675922,-0.9914097417023038,16.39
0.0,0.0,1.0,0.0,663.4100000000002,38.0,351.0,83.0,9.438719710633825,40.0,0.11371951458594969,-0.9935128947338007,10.23
0.0,0.0,1.0,0.0,1119.3333333333335,30.0,321.0,100.0,9.66127018812031,49.0,0.0966127018812031,-0.9953220513156602,16.5
0.0,0.0,1.0,0.0,1168.9466666666667,32.0,289.0,122.0,9.69623059068176,48.0,0.07947729992362097,-0.9968366760893436,15.2
0.0,0.0,1.0,0.0,1326.8600000000001,18.0,287.0,79.0,4.923151968991681,47.0,0.062318379354325076,-0.998056320853012,18.7
0.0,0.0,1.0,0.0,892.7133333333335,50.0,237.0,43.0,1.9410637642807929,49.0,0.04514101777397193,-0.9989806246941579,14.02
0.0,0.0,1.0,0.0,849.0066666666668,0.0,237.0,100.0,2.795029824021032,41.0,0.02795029824021032,-0.999609314096404,17.65
0.0,0.0,1.0,0.0,761.6733333333335,18.0,238.0,86.0,0.924612467662886,46.0,0.01075130776352193,-0.9999422030204416,12.88
0.0,0.0,1.0,0.0,854.7666666666668,11.0,247.0,98.0,-2.3178104700326956,45.0,-0.023651127245231586,-0.9997202729664083,10.7
0.0,0.0,1.0,0.0,721.0066666666668,78.0,169.0,91.0,-5.280326808919011,42.0,-0.05802556932878035,-0.9983150972033183,12.51
0.0,0.0,1.0,0.0,567.8300000000002,29.0,146.0,35.0,-2.6316351745165494,48.0,-0.07518957641475855,-0.9971692572470178,11.97
0.0,0.0,1.0,0.0,755.0500000000002,0.0,146.0,98.0,-9.04847070214834,50.0,-0.09233133369539122,-0.9957283388645872,10.82
0.0,0.0,1.0,0.0,1782.1933333333334,52.0,94.0,87.0,-9.521781872455653,43.0,-0.10944576864891556,-0.993992768446958,14.43
0.0,0.0,1.0,0.0,1854.07,4.0,112.0,82.0,-11.772938719768527,47.0,-0.1435724234118113,-0.9896398128792412,9.28
0.0,0.0,1.0,0.0,1651.3966666666668,0.0,131.0,83.0,-13.327687201384482,47.0,-0.16057454459499376,-0.9870237158387383,11.53
0.0,0.0,1.0,0.0,557.9066666666669,29.0,146.0,86.0,-15.267506830085008,42.0,-0.17752914918703497,-0.984115542601034,9.62
0.0,0.0,1.0,0.0,655.8033333333334,0.0,171.0,36.0,-6.99952392171583,49.0,-0.19443122004766195,-0.9809161537413774,10.5
0.0,0.0,1.0,0.0,678.3433333333335,0.0,173.0,94.0,-21.43743049482286,40.0,-0.2280577712215198,-0.9736476020539838,11.86
0.0,0.0,1.0,0.0,1346.89,16.0,203.0,102.0,-24.966774691520477,42.0,-0.24477230089725957,-0.9695805901076308,9.73
0.0,0.0,1.0,0.0,1348.1733333333334,0.0,203.0,95.0,-24.83436785855984,45.0,-0.2614143985111562,-0.965226663665613,12.6
0.0,0.0,1.0,0.0,1237.4533333333336,0.0,224.0,70.0,-19.458539757914608,43.0,-0.2779791393987801,-0.9605871111248129,8.51
0.0,0.0,1.0,0.0,1419.906666666667,19.0,205.0,35.0,-10.879993888522627,42.0,-0.3108569682435036,-0.9504567035349151,10.77
0.0,0.0,1.0,0.0,1456.4300000000003,20.0,185.0,96.0,-32.963219903653254,47.0,-0.34336687399638804,-0.939201357453208,13.77
0.0,0.0,1.0,0.0,1526.3833333333334,0.0,185.0,83.0,-32.48270043456515,45.0,-0.3913578365610259,-0.9202385798054075,10.55
0.0,0.0,1.0,0.0,620.6266666666669,6.0,179.0,46.0,-19.447910267203156,48.0,-0.4227806579826773,-0.9062320427107697,11.5
0.0,0.0,1.0,0.0,618.6866666666668,0.0,180.0,96.0,-42.07744540920184,45.0,-0.4383067230125192,-0.898825465016444,14.09
0.0,0.0,1.0,0.0,677.8866666666668,0.0,184.0,105.0,-47.638824033291144,45.0,-0.45370308603134424,-0.8911529104063088,11.1
0.0,0.0,1.0,0.0,776.1633333333335,22.0,179.0,109.0,-56.015209142714816,43.0,-0.5139010013093103,-0.8578494977869301,9.39
0.0,0.0,1.0,0.0,1376.506666666667,19.0,160.0,28.0,-14.800277193966018,44.0,-0.5285813283559292,-0.8488826652214553,10.89
0.0,0.0,1.0,0.0,1311.3733333333334,44.0,140.0,99.0,-53.76741872865974,38.0,-0.5431052396834317,-0.8396646346181327,9.34
0.0,0.0,1.0,0.0,1253.7733333333335,25.0,134.0,75.0,-42.875000347702894,43.0,-0.5716666713027052,-0.8204859638785327,10.15
0.0,0.0,1.0,0.0,528.5600000000001,2.0,141.0,75.0,-43.92718048555131,38.0,-0.5856957398073508,-0.8105309990194823,11.57
0.0,0.0,1.0,0.0,601.5766666666667,46.0,95.0,98.0,-58.75604616892559,47.0,-0.5995514915196489,-0.8003361849976323,11.81
0.0,0.0,1.0,0.0,1497.1033333333332,0.0,106.0,83.0,-50.898075582879265,40.0,-0.6132298262997502,-0.7899045386224707,9.94
0.0,0.0,1.0,0.0,1352.8833333333332,21.0,162.0,37.0,-23.188887770808215,48.0,-0.6267266965083301,-0.7792391467859886,3.65
0.0,0.0,1.0,0.0,1303.3533333333332,0.0,163.0,94.0,-60.16358217120892,46.0,-0.6400381082043503,-0.7683431655492202,10.07
0.0,0.0,1.0,0.0,455.32,0.0,163.0,90.0,-58.7844110094237,47.0,-0.65316012232693,-0.7572198192083127,10.21
0.0,0.0,1.0,0.0,584.4933333333333,0.0,173.0,71.0,-47.292308766129366,40.0,-0.666088855860977,-0.7458723993404063,10.56
0.0,0.0,1.0,0.0,594.6933333333333,0.0,173.0,85.0,-61.854625436746005,48.0,-0.7277014757264236,-0.6858939875998223,11.67
0.0,0.0,1.0,0.0,644.2199999999999,1.0,181.0,100.0,-75.08642533989489,39.0,-0.7508642533989489,-0.6604565640279754,12.55
0.0,0.0,1.0,0.0,689.39,4.0,185.0,102.0,-77.73563313969316,41.0,-0.7621140503891487,-0.6474427960827475,9.58
0.0,0.0,1.0,0.0,644.9733333333334,17.0,168.0,89.0,-68.80931097578363,45.0,-0.7731383255706026,-0.6342374393978054,9.15
0.0,0.0,1.0,0.0,660.7733333333334,0.0,179.0,104.0,-81.52911693502368,43.0,-0.7839338166829201,-0.620844401650647,12.21
0.0,0.0,1.0,0.0,657.4866666666666,24.0,172.0,98.0,-78.87292223661782,44.0,-0.8048257371083452,-0.593511190196115,9.58
0.0,0.0,1.0,0.0,1947.4300000000003,19.0,153.0,95.0,-78.35268302496934,46.0,-0.8247650844733614,-0.5654755126737576,10.97
0.0,0.0,1.0,0.0,1858.243333333333,9.0,144.0,86.0,-73.3439580721735,47.0,-0.8528367217694595,-0.522177676659508,9.76
0.0,0.0,1.0,0.0,1717.9833333333336,0.0,144.0,22.0,-18.95724196086275,48.0,-0.8616928164028522,-0.5074302810827518,12.09
0.0,0.0,1.0,0.0,482.9966666666664,11.0,139.0,84.0,-73.10468947055966,47.0,-0.8702939222685674,-0.49253272872205434,12.55
0.0,0.0,1.0,0.0,531.2933333333331,77.0,62.0,94.0,-82.591924451134,46.0,-0.8786374941610001,-0.4774894280028391,11.16
0.0,0.0,1.0,0.0,1291.6033333333332,1.0,73.0,107.0,-94.87915374988026,43.0,-0.886721063082993,-0.46230483047981086,13.97
0.0,0.0,1.0,0.0,1248.9466666666665,0.0,95.0,85.0,-77.29799873100737,48.0,-0.9093882203647925,-0.4159483918249421,10.15
0.0,0.0,1.0,0.0,1138.843333333333,10.0,99.0,42.0,-38.489162741162524,48.0,-0.9164086366943458,-0.4002439388573056,13.24
0.0,0.0,1.0,0.0,586.2499999999997,0.0,99.0,84.0,-78.08925028533464,45.0,-0.9296339319682695,-0.3684843993077793,14.36
0.0,0.0,1.0,0.0,624.5899999999997,9.0,91.0,84.0,-78.6101313761395,47.0,-0.9358348973349941,-0.35243871088460327,12.23
0.0,0.0,1.0,0.0,796.5899999999997,8.0,112.0,87.0,-81.93302726665317,47.0,-0.9417589340994617,-0.33628873017668287,9.84
0.0,0.0,1.0,0.0,851.6999999999997,0.0,131.0,106.0,-100.42485465985176,46.0,-0.9474042892438845,-0.32003923622313857,13.6
0.0,0.0,1.0,0.0,783.5566666666664,11.0,130.0,75.0,-71.45769691626384,44.0,-0.9527692922168511,-0.30369503751065885,10.03
0.0,0.0,1.0,0.0,1273.6966666666665,17.0,151.0,37.0,-35.44053715082367,40.0,-0.9578523554276669,-0.28726097055059635,11.84
0.0,0.0,1.0,0.0,1260.9099999999999,0.0,161.0,101.0,-97.22784944633102,47.0,-0.9626519747161487,-0.2707418984477642,13.92
0.0,0.0,1.0,0.0,1573.9766666666665,0.0,166.0,95.0,-92.65695686729445,50.0,-0.9753363880767837,-0.2207236509605022,10.11
0.0,0.0,1.0,0.0,1060.9799999999998,0.0,166.0,83.0,-81.25607652049734,48.0,-0.9789888737409319,-0.20391367068311472,14.42
0.0,0.0,1.0,0.0,854.4766666666663,6.0,166.0,32.0,-31.533560137342477,45.0,-0.9854237542919524,-0.17011767832049052,14.94
0.0,0.0,1.0,0.0,1937.1233333333332,0.0,166.0,78.0,-77.07993110954308,45.0,-0.9882042449941422,-0.15314166701312007,13.28
0.0,0.0,1.0,0.0,1816.9166666666667,12.0,183.0,84.0,-83.21815405357111,40.0,-0.9906923101615609,-0.13612033862266704,8.96
0.0,0.0,1.0,0.0,1971.9899999999998,22.0,161.0,89.0,-88.5361591992301,56.0,-0.994788305609327,-0.10196189005174576,11.85
0.0,0.0,1.0,0.0,1448.6433333333332,14.0,155.0,79.0,-78.71520688167912,53.0,-0.9963950238187231,-0.08483487790576538,11.1
0.0,0.0,1.0,0.0,2294.24,0.0,155.0,81.0,-80.81425830951946,42.0,-0.9977068927101168,-0.06768276175455162,13.93
0.0,0.0,1.0,0.0,2134.3566666666666,1.0,167.0,39.0,-38.95021743913549,48.0,-0.9987235240803972,-0.050510617185222886,11.44
0.0,0.0,1.0,0.0,1426.0066666666662,29.0,153.0,96.0,-95.99994451437048,45.0,-0.9999994220246925,0.001075151282798226,15.72
0.0,0.0,1.0,0.0,590.2266666666663,19.0,163.0,76.0,-75.95216946490376,46.0,-0.9993706508539969,0.03547255575312556,9.67
0.0,0.0,1.0,0.0,578.3033333333331,10.0,231.0,95.0,-94.86819719797748,46.0,-0.9986126020839734,0.052658056924614005,4.26
0.0,0.0,1.0,0.0,504.8499999999997,38.0,228.0,94.0,-93.643768172019,38.0,-0.9962102997023297,0.0869772313136861,13.37
0.0,0.0,1.0,0.0,1762.0333333333328,10.0,247.0,92.0,-91.32185934597487,49.0,-0.9926289059345095,0.121193461470736,11.49
0.0,0.0,1.0,0.0,1928.6066666666663,5.0,247.0,93.0,-92.10695076327879,46.0,-0.9903973200352558,0.1382503109109819,12.1
0.0,0.0,1.0,0.0,1982.3466666666661,0.0,264.0,91.0,-89.89641202678891,43.0,-0.9878726596350429,0.15526624985999563,15.7
0.0,0.0,1.0,0.0,870.8966666666661,6.0,262.0,80.0,-78.80445374572011,49.0,-0.9850556718215013,0.172236243027682,16.77
0.0,0.0,1.0,0.0,959.1033333333327,0.0,298.0,36.0,-35.350098846719256,46.0,-0.981947190186646,0.18915526872004093,10.72
0.0,0.0,1.0,0.0,876.4866666666661,29.0,314.0,78.0,-76.32675449725583,47.0,-0.9785481345802031,0.20601832032517084,13.09
0.0,0.0,1.0,0.0,691.106666666666,0.0,417.0,87.0,-84.8127774428549,47.0,-0.9748595108374125,0.22282040779479959,6.34
0.0,0.0,1.0,0.0,652.1666666666661,8.0,412.0,89.0,-86.40853453284313,49.0,-0.9708824104813836,0.23955655912092708,14.65
0.0,0.0,1.0,0.0,723.226666666666,0.0,421.0,84.0,-80.8136760898442,48.0,-0.9620675724981452,0.27281126433401914,16.0
0.0,0.0,1.0,0.0,683.546666666666,13.0,408.0,22.0,-20.946509180698424,43.0,-0.9521140536681102,0.3057430764672831,17.27
0.0,0.0,1.0,0.0,728.0933333333327,15.0,420.0,88.0,-83.31082479688199,41.0,-0.9467139181463862,0.3220757010206104,10.73
0.0,0.0,1.0,0.0,2051.206666666666,29.0,407.0,108.0,-100.9880875099682,41.0,-0.9350748843515574,0.3544502230989869,16.91
0.0,0.0,1.0,0.0,2324.263333333333,78.0,338.0,98.0,-91.02626416506907,42.0,-0.9288394302558068,0.3704825404820963,17.19
0.0,0.0,1.0,0.0,2319.716666666666,35.0,345.0,77.0,-71.0193420574372,46.0,-0.9223291176290545,0.3864052261209853,10.25
0.0,0.0,1.0,0.0,1812.4633333333325,29.0,373.0,90.0,-82.3991285679792,48.0,-0.9155458729775467,0.40221356823680365,12.39
0.0,0.0,1.0,0.0,1768.916666666666,5.0,387.0,100.0,-90.11686968561568,43.0,-0.9011686968561569,0.4334685453485363,14.91
0.0,0.0,1.0,0.0,1670.1699999999994,17.0,408.0,90.0,-79.71524265452074,53.0,-0.8857249183835637,0.4642104791518923,11.37
0.0,0.0,1.0,0.0,755.4799999999994,4.0,438.0,88.0,-77.22956706870585,44.0,-0.8776087166898392,0.4793776594606945,10.57
0.0,0.0,1.0,0.0,871.7799999999994,36.0,402.0,115.0,-99.96177389261011,48.0,-0.8692328164574792,0.49440298420761813,16.23
0.0,0.0,1.0,0.0,1419.2866666666662,45.0,390.0,78.0,-67.12677630750922,44.0,-0.8605996962501181,0.5092820071573356,11.59
0.0,0.0,1.0,0.0,1366.876666666666,103.0,351.0,103.0,-86.78492526862013,48.0,-0.8425720899866032,0.5385835804920232,6.1
0.0,0.0,1.0,0.0,1260.9199999999994,3.0,354.0,110.0,-91.65012324480963,49.0,-0.8331829385891785,0.5529974600700271,12.97
0.0,0.0,1.0,0.0,739.4633333333328,9.0,348.0,97.0,-79.88408179069326,41.0,-0.8235472349556007,0.5672476988027229,13.23
0.0,0.0,1.0,0.0,786.5799999999995,0.0,376.0,95.0,-76.3370266107216,42.0,-0.8035476485339116,0.5952404359043674,9.53
0.0,0.0,1.0,0.0,751.4499999999994,27.0,355.0,86.0,-68.21431281928585,46.0,-0.7931896839451843,0.6089746507720486,15.01
0.0,0.0,1.0,0.0,738.9633333333327,16.0,376.0,34.0,-26.608298060104634,42.0,-0.7825970017677834,0.6225286602431057,10.88
0.0,0.0,1.0,0.0,958.5999999999993,9.0,367.0,108.0,-82.15776986649232,44.0,-0.7607200913564104,0.6490800741100398,17.18
0.0,0.0,1.0,0.0,856.036666666666,42.0,356.0,86.0,-64.4520409692888,43.0,-0.7494423368521954,0.6620696215153815,10.05
0.0,0.0,1.0,0.0,781.4233333333327,57.0,356.0,105.0,-76.2536160334362,43.0,-0.7262249146041543,0.6874571793269664,8.17
0.0,0.0,1.0,0.0,517.8599999999993,19.0,362.0,80.0,-57.14336938152826,41.0,-0.7142921172691032,0.699847677146407,8.79
0.0,0.0,1.0,0.0,441.29999999999944,38.0,324.0,29.0,-20.362290532736235,50.0,-0.7021479494046978,0.7120310787787131,16.14
0.0,0.0,1.0,0.0,599.9299999999994,34.0,294.0,96.0,-66.22041644789651,49.0,-0.6897960046655887,0.7240037789593305,15.43
0.0,0.0,1.0,0.0,713.6466666666661,0.0,333.0,85.0,-57.56539474623067,46.0,-0.6772399381909491,0.7357622347736527,13.87
0.0,0.0,1.0,0.0,954.4833333333327,33.0,304.0,92.0,-61.13247882810268,48.0,-0.6644834655228552,0.7473029667054296,16.66
0.0,0.0,1.0,0.0,971.6399999999994,64.0,255.0,98.0,-63.84997542766661,52.0,-0.6515303615068021,0.75862255966641,15.64
0.0,0.0,1.0,0.0,1087.8966666666659,6.0,286.0,88.0,-56.17783240737045,42.0,-0.6383844591746642,0.7697176640069211,11.22
0.0,0.0,1.0,0.0,1662.1299999999994,3.0,310.0,93.0,-58.129617320770706,44.0,-0.6250496486104377,0.7805849965070866,8.7
0.0,0.0,1.0,0.0,1435.4199999999994,28.0,418.0,111.0,-66.35903470194403,44.0,-0.5978291414589552,0.801623551065242,5.64
0.0,0.0,1.0,0.0,1353.5099999999995,6.0,413.0,86.0,-49.01149095469757,47.0,-0.5699010576127624,0.8217133225960589,15.06
0.0,0.0,1.0,0.0,677.3499999999995,37.0,387.0,86.0,-47.788649632940206,45.0,-0.5556819724760489,0.8313949395234058,13.42
0.0,0.0,1.0,0.0,770.9299999999994,0.0,390.0,82.0,-44.386473072496614,39.0,-0.5412984521036173,0.8408305333122887,13.4
0.0,0.0,1.0,0.0,622.796666666666,31.0,363.0,45.0,-23.042483024015908,47.0,-0.5120551783114646,0.8589525565270845,14.47
0.0,0.0,1.0,0.0,1738.5133333333326,57.0,308.0,68.0,-33.80987733439177,48.0,-0.4972040784469378,0.8676336233547726,16.34
0.0,0.0,1.0,0.0,1915.8633333333328,25.0,396.0,68.0,-32.789997656951975,43.0,-0.4822058478963526,0.8760579434344281,19.63
0.0,0.0,1.0,0.0,2004.1033333333328,0.0,396.0,85.0,-39.70051861458158,43.0,-0.46706492487743034,0.8842230238742036,12.71
0.0,0.0,1.0,0.0,956.7333333333327,4.0,393.0,96.0,-41.891804554040874,47.0,-0.4363729641045924,0.8997658785476209,14.23
0.0,0.0,1.0,0.0,743.7766666666661,39.0,355.0,84.0,-35.349804722035074,45.0,-0.42083100859565564,0.9071390534005044,10.29
0.0,0.0,1.0,0.0,898.8033333333327,4.0,351.0,69.0,-27.956352047032183,47.0,-0.4051645224207563,0.9142437912130223,25.17
0.0,0.0,1.0,0.0,1187.6299999999994,15.0,377.0,40.0,-15.57512566180806,45.0,-0.3893781415452015,0.9210779895789526,23.55
0.0,0.0,1.0,0.0,1263.8599999999994,37.0,355.0,57.0,-19.45675131196706,45.0,-0.34134651424503615,0.9399375283564133,20.88
0.0,0.0,1.0,0.0,1033.4599999999994,27.0,341.0,39.0,-12.679976516996462,45.0,-0.3251276029999093,0.9456701548465688,18.28
0.0,0.0,1.0,0.0,860.5733333333328,136.0,258.0,87.0,-26.866685870164076,50.0,-0.30881248126625377,0.9511229423235357,9.0
0.0,0.0,1.0,0.0,930.4433333333327,1.0,300.0,99.0,-27.315381555293083,38.0,-0.27591294500296043,0.9611826292540837,8.6
0.0,0.0,1.0,0.0,943.0999999999995,11.0,293.0,38.0,-9.854854107065412,45.0,-0.2593382659754056,0.9657865518844574,20.39
0.0,0.0,1.0,0.0,787.8199999999994,3.0,290.0,66.0,-16.017331742451297,40.0,-0.2426868445825954,0.9701046827361175,19.38
0.0,0.0,1.0,0.0,1788.8399999999995,4.0,308.0,95.0,-18.27054299771401,42.0,-0.19232150523909483,0.9813319716704275,8.45
0.0,0.0,1.0,0.0,1691.5899999999995,2.0,307.0,30.0,-5.262377814128353,50.0,-0.17541259380427843,0.9844950085880858,10.83
0.0,0.0,1.0,0.0,1712.176666666666,113.0,215.0,69.0,-10.933172472297706,46.0,-0.15845177496083632,0.9873667175937016,19.32
0.0,0.0,0.0,1.0,1118.9733333333331,0.0,208.0,46.0,45.63653204842137,41.0,0.992098522791769,0.12546123335273648,8.02
0.0,0.0,0.0,1.0,1118.4033333333334,0.0,208.0,99.0,98.58687631749589,46.0,0.9958270335100595,0.09126072172931188,15.25
0.0,0.0,0.0,1.0,754.29,1.0,207.0,87.0,86.85879086264134,48.0,0.998376906467142,0.056952196034039754,17.22
0.0,0.0,0.0,1.0,1118.12,15.0,194.0,101.0,100.97425749294992,45.0,0.9997451236925734,0.022576263041545485,19.86
0.0,0.0,0.0,1.0,908.2800000000001,39.0,210.0,45.0,44.99934977928233,44.0,0.9999855506507186,0.005375731557583884,13.22
0.0,0.0,0.0,1.0,1011.2833333333333,14.0,205.0,96.0,95.95955381259799,42.0,0.9995786855478958,-0.029025013321975237,21.66
0.0,0.0,0.0,1.0,949.21,0.0,205.0,88.0,87.82300932377267,45.0,0.9979887423155984,-0.06339140486951038,19.74
0.0,0.0,0.0,1.0,975.93,0.0,210.0,35.0,34.6098797247206,49.0,0.9888537064205885,-0.1488903868564548,19.46
0.0,0.0,0.0,1.0,889.0433333333334,11.0,199.0,38.0,37.359585001441694,45.0,0.9831469737221499,-0.1828169249850199,18.42
0.0,0.0,0.0,1.0,694.3033333333333,1.0,215.0,36.0,35.14595799912956,49.0,0.9762766110869321,-0.21652708524481437,22.61
0.0,0.0,0.0,1.0,644.2066666666666,0.0,215.0,22.0,21.39296623468393,47.0,0.9724075561219968,-0.23328854407545518,21.36
0.0,0.0,0.0,1.0,480.68,5.0,220.0,54.0,52.28554050630028,44.0,0.9682507501166718,-0.2499809690726521,15.96
0.0,0.0,0.0,1.0,494.94,0.0,238.0,45.0,43.371334041152885,46.0,0.9638074231367307,-0.26659942067929354,19.78
0.0,0.0,0.0,1.0,531.5766666666666,9.0,229.0,37.0,35.485918931262184,48.0,0.9590788900341131,-0.28313898122818354,16.7
0.0,0.0,0.0,1.0,945.4499999999999,113.0,137.0,37.0,35.30046235214003,45.0,0.9540665500578387,-0.2995947563972602,18.08
0.0,0.0,0.0,1.0,1183.8233333333335,0.0,178.0,94.0,86.93144198687983,45.0,0.9248025743285089,-0.38044736628785164,21.14
0.0,0.0,0.0,1.0,1434.7766666666666,0.0,196.0,89.0,81.71280889731484,43.0,0.9181214482844364,-0.39629913726891813,20.92
0.0,0.0,0.0,1.0,1226.68,2.0,221.0,72.0,65.08412589041288,41.0,0.9039461929224011,-0.42764620926777464,17.71
0.0,0.0,0.0,1.0,1335.0933333333332,55.0,166.0,105.0,94.12790712050854,55.0,0.8964562582905575,-0.44313223418263453,21.35
0.0,0.0,0.0,1.0,1361.51,9.0,201.0,94.0,82.78418850443387,43.0,0.8806828564301475,-0.47370635037968,20.81
0.0,0.0,0.0,1.0,1529.18,0.0,210.0,95.0,82.87838539647132,44.0,0.8724040568049612,-0.48878539428899265,27.57
0.0,0.0,0.0,1.0,2902.736666666666,5.0,217.0,104.0,89.84217827350844,47.0,0.8638670987837349,-0.503719798736334,30.79
0.0,0.0,0.0,1.0,3256.1966666666667,0.0,231.0,108.0,92.34804692768687,47.0,0.8550745085896932,-0.518505144391157,31.85
0.0,0.0,0.0,1.0,3500.1366666666668,17.0,214.0,100.0,84.6028888091734,45.0,0.8460288880917339,-0.533137056031809,28.49
0.0,0.0,0.0,1.0,1802.3666666666668,0.0,239.0,44.0,36.396330838834984,41.0,0.8271893372462497,-0.5619233046832195,23.95
0.0,0.0,0.0,1.0,1953.0866666666668,10.0,229.0,98.0,80.10529621884206,50.0,0.8174009818249189,-0.5760691233798758,31.51
0.0,0.0,0.0,1.0,1512.14,18.0,249.0,87.0,70.24125475430438,42.0,0.8073707443023492,-0.5900444739548627,19.72
0.0,0.0,0.0,1.0,2025.2,0.0,259.0,105.0,83.6956672426554,47.0,0.7971015927871943,-0.6038452208771035,31.09
0.0,0.0,0.0,1.0,2684.183333333333,21.0,248.0,101.0,78.36173605350527,49.0,0.7758587728069828,-0.6309066211876704,21.97
0.0,0.0,0.0,1.0,3124.84,41.0,223.0,104.0,75.98702767952314,47.0,0.7306444969184916,-0.6827580970759147,27.56
0.0,0.0,0.0,1.0,2797.1733333333336,18.0,285.0,104.0,74.75435523799601,48.0,0.7187918772884232,-0.6952253139408722,8.49
0.0,0.0,0.0,1.0,1817.5900000000001,27.0,258.0,108.0,76.3264680023825,43.0,0.7067265555776158,-0.7074868024503348,25.43
0.0,0.0,0.0,1.0,2674.9666666666667,0.0,288.0,82.0,55.92171622541796,45.0,0.6819721490904629,-0.7313781428679254,19.5
0.0,0.0,0.0,1.0,2686.6766666666667,44.0,244.0,32.0,21.417292465320216,50.0,0.6692903895412567,-0.7430009249440493,23.66
0.0,0.0,0.0,1.0,2655.4466666666667,9.0,283.0,115.0,75.48721626276289,48.0,0.6564105761979381,-0.7544038410927472,21.82
0.0,0.0,0.0,1.0,2184.72,12.0,272.0,82.0,51.665911460718235,52.0,0.6300720909843687,-0.7765366444428655,24.12
0.0,0.0,0.0,1.0,2274.3366666666666,14.0,261.0,95.0,58.57901524408563,44.0,0.6166212130956382,-0.7872599821916922,24.13
0.0,0.0,0.0,1.0,2179.8166666666666,0.0,282.0,107.0,63.04184133385571,45.0,0.5891760872322963,-0.8080046647350754,20.48
0.0,0.0,0.0,1.0,1224.81,25.0,293.0,53.0,30.485067917734806,48.0,0.5751899607119775,-0.8180198708443174,19.7
0.0,0.0,0.0,1.0,1254.07,0.0,314.0,107.0,56.94830385667604,44.0,0.5322271388474397,-0.8466016020976267,22.65
0.0,0.0,0.0,1.0,1744.36,38.0,276.0,110.0,56.93440612785078,46.0,0.5175855102531889,-0.8556314858488706,28.34
0.0,0.0,0.0,1.0,2127.9766666666665,10.0,271.0,97.0,48.77069981859252,46.0,0.5027907197793043,-0.8644081744776648,28.93
0.0,0.0,0.0,1.0,2130.95,10.0,321.0,120.0,58.54165745307743,43.0,0.4878471454423119,-0.8729290708206411,20.94
0.0,0.0,0.0,1.0,1787.8333333333333,16.0,305.0,116.0,53.073639624613136,46.0,0.4575313760742512,-0.8891934772070711,24.33
0.0,0.0,0.0,1.0,2849.0166666666664,80.0,263.0,94.0,41.56380628490477,43.0,0.44216815196707204,-0.8969321743510065,22.16
0.0,0.0,0.0,1.0,2815.816666666667,0.0,269.0,90.0,38.40066748709322,41.0,0.42667408318992467,-0.9044054548343001,26.41
0.0,0.0,0.0,1.0,2927.633333333333,30.0,239.0,105.0,43.16064424213869,54.0,0.4110537546870351,-0.9116111071930239,21.8
0.0,0.0,0.0,1.0,1764.3766666666663,0.0,270.0,90.0,35.57806098884236,47.0,0.3953117887649151,-0.9185469991587165,17.01
0.0,0.0,0.0,1.0,1770.6833333333334,48.0,269.0,94.0,35.66856731010717,47.0,0.37945284372454435,-0.925211078289358,18.55
0.0,0.0,0.0,1.0,1235.04,1.0,286.0,45.0,16.356672561730786,42.0,0.36348161248290634,-0.9316013725767187,21.18
0.0,0.0,0.0,1.0,1036.8233333333335,3.0,309.0,88.0,30.57144826421641,45.0,0.3474028211842774,-0.9377159910299093,17.14
0.0,0.0,0.0,1.0,910.5099999999999,21.0,329.0,91.0,30.14113172995347,41.0,0.3312212278016865,-0.9435531242349544,20.58
0.0,0.0,0.0,1.0,1207.56,36.0,310.0,85.0,25.378349475916217,44.0,0.2985688173637202,-0.9543881083175908,27.08
0.0,0.0,0.0,1.0,1471.2633333333333,21.0,291.0,84.0,23.697043665281228,52.0,0.2821076626819194,-0.9593827529490743,23.15
0.0,0.0,0.0,1.0,1325.1499999999999,0.0,298.0,46.0,11.451231193473262,40.0,0.24893980855376657,-0.9685189578512204,25.35
0.0,0.0,0.0,1.0,1150.2033333333334,5.0,318.0,103.0,23.921021172934225,39.0,0.23224292400907015,-0.9726578145718654,14.97
0.0,0.0,0.0,1.0,1170.7066666666667,60.0,302.0,97.0,20.901299559532823,41.0,0.21547731504673012,-0.976508846196619,19.84
0.0,0.0,0.0,1.0,1703.11,0.0,323.0,88.0,17.481018973455058,48.0,0.19864794288017112,-0.9800709131432666,15.62
0.0,0.0,0.0,1.0,1901.0933333333332,38.0,295.0,115.0,20.902375573008165,44.0,0.18175978759137534,-0.9833429613388902,21.1
0.0,0.0,0.0,1.0,1985.7733333333335,6.0,291.0,85.0,12.56530634499509,50.0,0.14782713347053048,-0.9890132145779883,22.88
0.0,0.0,0.0,1.0,1421.1466666666668,0.0,333.0,54.0,7.062804496264998,41.0,0.13079267585675922,-0.9914097417023038,18.56
0.0,0.0,0.0,1.0,2051.4433333333336,31.0,322.0,113.0,12.850305148212314,43.0,0.11371951458594969,-0.9935128947338007,25.75
0.0,0.0,0.0,1.0,1934.1466666666668,47.0,275.0,89.0,8.598530467427077,46.0,0.0966127018812031,-0.9953220513156602,28.84
0.0,0.0,0.0,1.0,3047.28,18.0,273.0,89.0,7.073479693202267,43.0,0.07947729992362097,-0.9968366760893436,28.71
0.0,0.0,0.0,1.0,3300.0099999999998,26.0,259.0,106.0,6.605748211558458,47.0,0.062318379354325076,-0.998056320853012,26.86
0.0,0.0,0.0,1.0,4159.806666666666,41.0,233.0,107.0,4.830088901814996,43.0,0.04514101777397193,-0.9989806246941579,23.62
0.0,0.0,0.0,1.0,3322.763333333333,17.0,221.0,87.0,2.431675946898298,48.0,0.02795029824021032,-0.999609314096404,24.23
0.0,0.0,0.0,1.0,2080.1666666666665,2.0,225.0,42.0,0.451554926067921,42.0,0.01075130776352193,-0.9999422030204416,18.69
0.0,0.0,0.0,1.0,986.1066666666666,7.0,218.0,91.0,-2.1522525793160745,49.0,-0.023651127245231586,-0.9997202729664083,15.97
0.0,0.0,0.0,1.0,1082.1333333333332,25.0,205.0,85.0,-3.4717732811801696,45.0,-0.04084439154329611,-0.9991655196610109,15.81
0.0,0.0,0.0,1.0,1259.17,44.0,180.0,88.0,-5.10625010093267,43.0,-0.05802556932878035,-0.9983150972033183,17.93
0.0,0.0,0.0,1.0,1283.3066666666666,21.0,159.0,98.0,-7.368578488646339,49.0,-0.07518957641475855,-0.9971692572470178,16.11
0.0,0.0,0.0,1.0,1056.1366666666665,10.0,156.0,102.0,-9.417796036929904,43.0,-0.09233133369539122,-0.9957283388645872,16.38
0.0,0.0,0.0,1.0,858.6633333333334,2.0,163.0,37.0,-4.049493440009876,49.0,-0.10944576864891556,-0.993992768446958,16.78
0.0,0.0,0.0,1.0,716.5133333333333,42.0,145.0,99.0,-12.52625386702963,45.0,-0.12652781683868314,-0.9919630595773397,10.38
0.0,0.0,0.0,1.0,641.8166666666666,20.0,125.0,79.0,-11.342221449533094,47.0,-0.1435724234118113,-0.9896398128792412,15.7
0.0,0.0,0.0,1.0,971.9000000000001,0.0,170.0,84.0,-13.488261745979475,40.0,-0.16057454459499376,-0.9870237158387383,16.29
0.0,0.0,0.0,1.0,865.1533333333335,16.0,188.0,30.0,-6.841733136645594,40.0,-0.2280577712215198,-0.9736476020539838,18.73
0.0,0.0,0.0,1.0,1206.41,12.0,185.0,78.0,-22.968006499370492,50.0,-0.2944616217868012,-0.9556633054034704,18.49
0.0,0.0,0.0,1.0,1127.7666666666667,15.0,174.0,81.0,-25.179414427723792,44.0,-0.3108569682435036,-0.9504567035349151,21.9
0.0,0.0,0.0,1.0,1153.2,5.0,176.0,30.0,-10.301006219891642,41.0,-0.34336687399638804,-0.939201357453208,22.53
0.0,0.0,0.0,1.0,930.9233333333335,6.0,184.0,95.0,-34.1498222434002,47.0,-0.3594718130884232,-0.9331559438780432,18.76
0.0,0.0,0.0,1.0,1055.1166666666668,0.0,200.0,76.0,-29.74319557863797,40.0,-0.3913578365610259,-0.9202385798054075,19.96
0.0,0.0,0.0,1.0,1421.86,12.0,195.0,94.0,-38.270171623299646,47.0,-0.4071294853542516,-0.9133704517637858,18.14
0.0,0.0,0.0,1.0,1477.3566666666666,19.0,176.0,115.0,-50.40527314643971,45.0,-0.4383067230125192,-0.898825465016444,18.06
0.0,0.0,0.0,1.0,1154.2766666666666,0.0,176.0,38.0,-17.24071726919108,49.0,-0.45370308603134424,-0.8911529104063088,22.24
0.0,0.0,0.0,1.0,956.4366666666668,7.0,169.0,86.0,-42.91989983121375,40.0,-0.4990686026885319,-0.8665624788845385,16.95
0.0,0.0,0.0,1.0,865.3933333333334,9.0,172.0,86.0,-44.19548611260068,45.0,-0.5139010013093103,-0.8578494977869301,19.3
0.0,0.0,0.0,1.0,1074.2666666666667,24.0,164.0,99.0,-52.32955150723699,42.0,-0.5285813283559292,-0.8488826652214553,19.24
0.0,0.0,0.0,1.0,1136.5766666666668,0.0,164.0,86.0,-46.70705061277513,43.0,-0.5431052396834317,-0.8396646346181327,19.6
0.0,0.0,0.0,1.0,2030.37,45.0,119.0,28.0,-15.609116248118097,47.0,-0.5574684374327892,-0.8301981337405212,15.75
0.0,0.0,0.0,1.0,1996.6666666666667,34.0,93.0,86.0,-49.16333373203265,46.0,-0.5716666713027052,-0.8204859638785327,19.38
0.0,0.0,0.0,1.0,1890.5366666666666,9.0,109.0,91.0,-53.298312322468924,39.0,-0.5856957398073508,-0.8105309990194823,14.43
0.0,0.0,0.0,1.0,874.34,4.0,136.0,92.0,-56.417144019577016,40.0,-0.6132298262997502,-0.7899045386224707,12.33
0.0,0.0,0.0,1.0,946.4633333333333,7.0,139.0,84.0,-52.64504250669973,39.0,-0.6267266965083301,-0.7792391467859886,17.45
0.0,0.0,0.0,1.0,1191.0466666666666,14.0,136.0,83.0,-53.12316298096107,45.0,-0.6400381082043503,-0.7683431655492202,15.71
0.0,0.0,0.0,1.0,1297.09,16.0,133.0,92.0,-61.28017473920988,40.0,-0.666088855860977,-0.7458723993404063,18.5
0.0,0.0,0.0,1.0,1167.1866666666667,7.0,131.0,81.0,-54.98445912188508,44.0,-0.6788204829862355,-0.734304263829602,17.49
0.0,0.0,0.0,1.0,921.62,0.0,144.0,83.0,-57.38215260538079,43.0,-0.6913512362094071,-0.722518835873311,14.78
0.0,0.0,0.0,1.0,1012.7666666666668,0.0,153.0,116.0,-83.03226051678905,42.0,-0.7157953492826642,-0.6983101158835584,17.95
0.0,0.0,0.0,1.0,844.5066666666665,0.0,157.0,35.0,-25.878729225857345,47.0,-0.7393922635959241,-0.673274892250183,18.09
0.0,0.0,0.0,1.0,936.7233333333334,12.0,158.0,89.0,-66.82691855250646,42.0,-0.7508642533989489,-0.6604565640279754,18.9
0.0,0.0,0.0,1.0,773.5433333333332,16.0,201.0,107.0,-81.54620339163891,47.0,-0.7621140503891487,-0.6474427960827475,11.3
0.0,0.0,0.0,1.0,906.4733333333332,0.0,235.0,112.0,-88.9837008666591,45.0,-0.7944973291665992,-0.6072676460566135,11.3
0.0,0.0,0.0,1.0,807.7533333333332,0.0,235.0,28.0,-22.817647556650215,48.0,-0.8149159841660791,-0.5795791048257612,16.89
0.0,0.0,0.0,1.0,636.0533333333333,8.0,290.0,93.0,-76.70315285602261,45.0,-0.8247650844733614,-0.5654755126737576,5.12
0.0,0.0,0.0,1.0,797.1833333333333,25.0,272.0,104.0,-86.77449284638719,44.0,-0.8343701235229538,-0.5512045872199277,19.27
0.0,0.0,0.0,1.0,847.2199999999998,31.0,244.0,97.0,-81.8416411258393,43.0,-0.8437282590292712,-0.5367705514607103,14.4
0.0,0.0,0.0,1.0,1085.0466666666664,10.0,245.0,86.0,-74.1055822106453,46.0,-0.8616928164028522,-0.5074302810827518,18.26
0.0,0.0,0.0,1.0,1007.7133333333331,11.0,241.0,85.0,-73.97498339282822,46.0,-0.8702939222685674,-0.49253272872205434,19.12
0.0,0.0,0.0,1.0,866.0399999999998,13.0,247.0,41.0,-36.024137260601,51.0,-0.8786374941610001,-0.4774894280028391,17.32
0.0,0.0,0.0,1.0,1064.9833333333331,5.0,248.0,109.0,-96.65259587604623,54.0,-0.886721063082993,-0.46230483047981086,20.75
0.0,0.0,0.0,1.0,1588.003333333333,13.0,266.0,84.0,-75.14154790602177,45.0,-0.8945422369764496,-0.4469834295196741,16.57
0.0,0.0,0.0,1.0,1683.6833333333332,9.0,282.0,83.0,-74.87419221870525,46.0,-0.9020987014301837,-0.43152975897147144,14.2
0.0,0.0,0.0,1.0,1554.783333333333,4.0,295.0,96.0,-87.30126915502008,42.0,-0.9093882203647925,-0.4159483918249421,20.19
0.0,0.0,0.0,1.0,951.0566666666665,13.0,302.0,83.0,-76.0619168456307,45.0,-0.9164086366943458,-0.4002439388573056,15.54
0.0,0.0,0.0,1.0,1073.82,59.0,254.0,95.0,-87.69999793164686,52.0,-0.9231578729647039,-0.38442104726885545,17.08
0.0,0.0,0.0,1.0,737.5699999999998,34.0,251.0,25.0,-23.240848299206736,42.0,-0.9296339319682695,-0.3684843993077793,14.2
0.0,0.0,0.0,1.0,851.3466666666665,0.0,256.0,86.0,-80.48180117080949,39.0,-0.9358348973349941,-0.35243871088460327,21.6
0.0,0.0,0.0,1.0,769.5499999999998,63.0,193.0,84.0,-79.10775046435478,48.0,-0.9417589340994617,-0.33628873017668287,15.76
0.0,0.0,0.0,1.0,1670.9366666666665,7.0,186.0,82.0,-78.1270819617818,50.0,-0.9527692922168511,-0.30369503751065885,18.49
0.0,0.0,0.0,1.0,2053.4066666666663,3.0,195.0,79.0,-75.67033607878568,45.0,-0.9578523554276669,-0.28726097055059635,18.19
0.0,0.0,0.0,1.0,2104.943333333333,11.0,196.0,89.0,-86.45418033685375,44.0,-0.97139528468375,-0.23746831555846842,18.93
0.0,0.0,0.0,1.0,1646.55,7.0,193.0,89.0,-87.13000976294293,53.0,-0.9789888737409319,-0.20391367068311472,18.02
0.0,0.0,0.0,1.0,1199.053333333333,19.0,206.0,101.0,-99.2175177455393,45.0,-0.9823516608469237,-0.18704334906991657,15.0
0.0,0.0,0.0,1.0,1121.9633333333331,6.0,222.0,97.0,-95.58610416631939,49.0,-0.9854237542919524,-0.17011767832049052,12.59
0.0,0.0,0.0,1.0,1158.1166666666666,31.0,194.0,98.0,-96.84401600942593,46.0,-0.9882042449941422,-0.15314166701312007,20.49
0.0,0.0,0.0,1.0,1254.0466666666664,25.0,169.0,36.0,-35.66492316581619,48.0,-0.9906923101615609,-0.13612033862266704,18.5
0.0,0.0,0.0,1.0,1322.2399999999998,17.0,152.0,94.0,-93.33139807235544,50.0,-0.9928872135356962,-0.11905873003404988,15.84
0.0,0.0,0.0,1.0,1088.7233333333331,20.0,136.0,72.0,-71.62475800387153,47.0,-0.994788305609327,-0.10196189005174576,19.88
0.0,0.0,0.0,1.0,966.4533333333333,11.0,127.0,84.0,-83.80737898764981,45.0,-0.9977068927101168,-0.06768276175455162,16.21
0.0,0.0,0.0,1.0,1627.0666666666666,31.0,115.0,85.0,-84.89149954683376,43.0,-0.9987235240803972,-0.050510617185222886,17.53
0.0,0.0,0.0,1.0,2483.98,5.0,117.0,96.0,-95.94668324083064,48.0,-0.9994446170919858,-0.033323525711631344,18.47
0.0,0.0,0.0,1.0,2306.81,0.0,141.0,34.0,-33.99557858430321,44.0,-0.9998699583618592,-0.016126573270657762,16.68
0.0,0.0,0.0,1.0,1731.7600000000002,0.0,151.0,90.0,-89.98496727930946,44.0,-0.999832969770105,0.018276557681691223,22.08
0.0,0.0,0.0,1.0,818.9366666666666,12.0,181.0,76.0,-75.89455775838198,44.0,-0.9986126020839734,0.052658056924614005,16.26
0.0,0.0,0.0,1.0,1241.4966666666667,12.0,208.0,100.0,-99.75590477788613,47.0,-0.9975590477788613,0.06982797572987089,16.28
0.0,0.0,0.0,1.0,2361.6800000000003,4.0,247.0,88.0,-87.666506373805,38.0,-0.9962102997023297,0.0869772313136861,19.38
0.0,0.0,0.0,1.0,2516.2000000000003,32.0,216.0,75.0,-74.44716794508821,47.0,-0.9926289059345095,0.121193461470736,24.6
0.0,0.0,0.0,1.0,2547.716666666667,22.0,237.0,95.0,-94.0877454033493,45.0,-0.9903973200352558,0.1382503109109819,16.14
0.0,0.0,0.0,1.0,1525.45,3.0,237.0,93.0,-91.87215734605898,51.0,-0.9878726596350429,0.15526624985999563,24.53
0.0,0.0,0.0,1.0,1426.616666666667,0.0,267.0,90.0,-88.37524711679814,45.0,-0.981947190186646,0.18915526872004093,16.38
0.0,0.0,0.0,1.0,1177.8633333333337,0.0,292.0,91.0,-89.04788024679848,47.0,-0.9785481345802031,0.20601832032517084,16.36
0.0,0.0,0.0,1.0,709.0600000000004,4.0,351.0,33.0,-32.17036385763461,47.0,-0.9748595108374125,0.22282040779479959,8.15
0.0,0.0,0.0,1.0,805.7200000000003,2.0,357.0,93.0,-90.29206417476867,47.0,-0.9708824104813836,0.23955655912092708,19.88
0.0,0.0,0.0,1.0,839.7466666666669,19.0,361.0,90.0,-86.58608152483308,46.0,-0.9620675724981452,0.27281126433401914,17.59
0.0,0.0,0.0,1.0,1339.38,7.0,354.0,92.0,-87.09768046946753,50.0,-0.9467139181463862,0.3220757010206104,19.47
0.0,0.0,0.0,1.0,1056.1033333333335,24.0,358.0,29.0,-27.28997540760847,49.0,-0.9410336347451197,0.3383130181923076,20.34
0.0,0.0,0.0,1.0,1065.6033333333337,10.0,397.0,76.0,-70.09701293980814,42.0,-0.9223291176290545,0.3864052261209853,23.41
0.0,0.0,0.0,1.0,1439.9400000000005,42.0,355.0,109.0,-99.7945001545526,51.0,-0.9155458729775467,0.40221356823680365,24.95
0.0,0.0,0.0,1.0,1483.6300000000003,39.0,440.0,102.0,-92.66615376439583,44.0,-0.9084917035725082,0.41790288888678667,7.86
0.0,0.0,0.0,1.0,1596.0200000000004,43.0,400.0,95.0,-85.61102620133491,44.0,-0.9011686968561569,0.4334685453485363,23.25
0.0,0.0,0.0,1.0,1283.6266666666672,1.0,400.0,82.0,-72.62944330745222,49.0,-0.8857249183835637,0.4642104791518923,26.8
0.0,0.0,0.0,1.0,1395.053333333334,43.0,411.0,90.0,-78.98478450208553,42.0,-0.8776087166898392,0.4793776594606945,15.11
0.0,0.0,0.0,1.0,1529.1400000000006,3.0,409.0,83.0,-72.14632376597078,49.0,-0.8692328164574792,0.49440298420761813,23.45
0.0,0.0,0.0,1.0,1349.8800000000003,30.0,442.0,94.0,-80.8963714475111,46.0,-0.8605996962501181,0.5092820071573356,9.56
0.0,0.0,0.0,1.0,1623.613333333334,25.0,420.0,98.0,-83.46776725319805,47.0,-0.8517119107469189,0.5240103253675756,25.47
0.0,0.0,0.0,1.0,1451.3900000000003,63.0,466.0,103.0,-86.78492526862013,45.0,-0.8425720899866032,0.5385835804920232,8.56
0.0,0.0,0.0,1.0,1180.1800000000003,8.0,461.0,39.0,-32.49413460497796,43.0,-0.8331829385891785,0.5529974600700271,20.05
0.0,0.0,0.0,1.0,1135.9333333333336,23.0,440.0,99.0,-81.53117626060447,52.0,-0.8235472349556007,0.5672476988027229,22.08
0.0,0.0,0.0,1.0,1035.1266666666672,0.0,468.0,73.0,-58.658978342975544,51.0,-0.8035476485339116,0.5952404359043674,20.52
0.0,0.0,0.0,1.0,1211.2300000000002,28.0,440.0,83.0,-65.83474376745029,48.0,-0.7931896839451843,0.6089746507720486,18.3
0.0,0.0,0.0,1.0,987.2100000000004,49.0,426.0,73.0,-57.129581129048184,43.0,-0.7825970017677834,0.6225286602431057,18.84
0.0,0.0,0.0,1.0,780.7200000000004,0.0,501.0,68.0,-52.48054608518128,44.0,-0.7717727365467836,0.6358984534680745,9.76
0.0,0.0,0.0,1.0,546.3066666666672,124.0,427.0,31.0,-23.58232283204872,43.0,-0.7607200913564104,0.6490800741100398,17.0
0.0,0.0,0.0,1.0,1906.423333333334,3.0,428.0,95.0,-70.10456697879816,46.0,-0.7379428103031386,0.6748632518680403,24.44
0.0,0.0,0.0,1.0,2286.093333333334,1.0,435.0,95.0,-67.8577511405648,45.0,-0.7142921172691032,0.699847677146407,25.27
0.0,0.0,0.0,1.0,3915.3333333333344,54.0,392.0,89.0,-62.491167497018104,44.0,-0.7021479494046978,0.7120310787787131,21.91
0.0,0.0,0.0,1.0,3725.5500000000006,1.0,410.0,80.0,-55.18368037324709,45.0,-0.6897960046655887,0.7240037789593305,25.0
0.0,0.0,0.0,1.0,3674.1366666666677,63.0,349.0,90.0,-59.80351189705697,51.0,-0.6644834655228552,0.7473029667054296,21.86
0.0,0.0,0.0,1.0,2342.2033333333343,3.0,347.0,79.0,-50.432372274798475,50.0,-0.6383844591746642,0.7697176640069211,22.23
0.0,0.0,0.0,1.0,1362.2133333333343,109.0,246.0,88.0,-55.004369077718515,44.0,-0.6250496486104377,0.7805849965070866,24.8
0.0,0.0,0.0,1.0,1285.2300000000012,3.0,245.0,85.0,-51.98003944292395,49.0,-0.6115298757991053,0.7912213413483807,20.19
0.0,0.0,0.0,1.0,2311.650000000001,2.0,245.0,82.0,-49.021989599634324,49.0,-0.5978291414589552,0.801623551065242,22.29
0.0,0.0,0.0,1.0,2378.066666666668,28.0,253.0,91.0,-50.56705949532045,42.0,-0.5556819724760489,0.8313949395234058,21.19
0.0,0.0,0.0,1.0,2546.1200000000013,0.0,258.0,100.0,-51.205517831146466,48.0,-0.5120551783114646,0.8589525565270845,24.52
0.0,0.0,0.0,1.0,1355.6933333333345,35.0,226.0,38.0,-18.3238222200614,46.0,-0.4822058478963526,0.8760579434344281,16.53
0.0,0.0,0.0,1.0,2182.200000000001,75.0,151.0,84.0,-39.23345368970415,47.0,-0.46706492487743034,0.8842230238742036,16.19
0.0,0.0,0.0,1.0,2625.1733333333345,50.0,119.0,89.0,-40.20893529512667,45.0,-0.451785789832884,0.8921264484954345,19.88
0.0,0.0,0.0,1.0,2693.8333333333344,4.0,115.0,83.0,-36.21895602068117,47.0,-0.4363729641045924,0.8997658785476209,16.71
0.0,0.0,0.0,1.0,1535.6333333333343,8.0,164.0,84.0,-35.349804722035074,42.0,-0.42083100859565564,0.9071390534005044,12.38
0.0,0.0,0.0,1.0,1659.6800000000014,11.0,153.0,93.0,-37.68030058513033,51.0,-0.4051645224207563,0.9142437912130223,21.88
0.0,0.0,0.0,1.0,1609.6133333333346,19.0,165.0,85.0,-33.09714203134213,45.0,-0.3893781415452015,0.9210779895789526,14.58
0.0,0.0,0.0,1.0,1498.7600000000014,2.0,167.0,29.0,-10.830819584979052,49.0,-0.37347653741307074,0.9276396261490467,16.24
0.0,0.0,0.0,1.0,781.7266666666678,1.0,195.0,99.0,-33.79330491025858,45.0,-0.34134651424503615,0.9399375283564133,18.82
0.0,0.0,0.0,1.0,770.3866666666678,8.0,240.0,82.0,-26.660463445992562,51.0,-0.3251276029999093,0.9456701548465688,13.32
0.0,0.0,0.0,1.0,1047.1800000000012,2.0,244.0,100.0,-27.591294500296044,46.0,-0.27591294500296043,0.9611826292540837,17.47
0.0,0.0,0.0,1.0,800.3900000000012,2.0,242.0,35.0,-9.076839309139196,49.0,-0.2593382659754056,0.9657865518844574,20.26
0.0,0.0,0.0,1.0,899.1900000000011,36.0,255.0,90.0,-21.841816012433586,46.0,-0.2426868445825954,0.9701046827361175,17.77
0.0,0.0,0.0,1.0,639.1700000000012,5.0,318.0,84.0,-18.980943092833602,41.0,-0.22596360824801906,0.974135744004672,7.05
0.0,0.0,0.0,1.0,825.3000000000011,3.0,319.0,84.0,-17.570574474293934,45.0,-0.20917350564635637,0.9778785428342386,18.48
0.0,0.0,0.0,1.0,1826.7333333333345,0.0,319.0,91.0,-14.419111521436104,48.0,-0.15845177496083632,0.9873667175937016,18.6
0.0,0.0,0.0,1.0,2036.1800000000012,18.0,310.0,73.0,-9.0807988533054,38.0,-0.12439450483979998,0.9922328391893008,22.12
0.0,0.0,0.0,1.0,2377.6400000000012,0.0,310.0,85.0,-7.6661503629793355,48.0,-0.09019000427034513,0.9959245770286599,21.59
0.0,0.0,0.0,1.0,1201.9666666666678,57.0,291.0,74.0,-5.405343927617509,45.0,-0.07304518821104743,0.9973286321364752,10.91
0.0,0.0,0.0,1.0,1175.0733333333344,0.0,316.0,94.0,-5.252603149105075,42.0,-0.05587875690537313,0.9984375616565666,15.67
0.0,0.0,0.0,1.0,765.1833333333346,31.0,294.0,80.0,-3.095663214122151,43.0,-0.03869579017652689,0.9992510374388481,16.71
0.0,0.0,0.0,1.0,795.9333333333346,4.0,327.0,68.0,-0.2924403038027742,46.0,-0.004300592702981974,0.9999907524084426,14.03
0.0,0.0,0.0,1.0,945.4433333333345,29.0,309.0,102.0,1.7545606926625716,42.0,0.017201575418260506,0.9998520419557735,11.87
0.0,0.0,0.0,1.0,865.4333333333346,53.0,268.0,88.0,3.027029333997505,41.0,0.03439806061360801,0.9994082116062598,10.86
0.0,0.0,0.0,1.0,1069.5433333333347,6.0,262.0,84.0,4.333086817030303,47.0,0.051584366869408364,0.9986686402879997,8.51
0.0,0.0,0.0,1.0,823.6100000000014,0.0,272.0,90.0,6.187986763302547,39.0,0.06875540848113941,0.9976335468520451,11.5
0.0,0.0,0.0,1.0,685.8500000000013,49.0,258.0,32.0,3.297004129381721,41.0,0.10303137904317879,0.9946781061893646,9.38
0.0,0.0,0.0,1.0,504.0100000000013,68.0,194.0,97.0,11.652238022688,45.0,0.1201261651823505,0.9927586335250793,10.8
0.0,0.0,0.0,1.0,476.6866666666679,4.0,202.0,90.0,13.878364280642046,42.0,0.1542040475626894,0.988039023376751,9.77
0.0,0.0,0.0,1.0,612.0266666666679,0.0,202.0,78.0,14.67175457372021,51.0,0.18809941761179758,0.9821499931752291,10.82
0.0,0.0,0.0,1.0,569.8833333333346,9.0,193.0,92.0,18.85688248519357,46.0,0.20496611396949532,0.9787690698649216,9.24
0.0,0.0,0.0,1.0,458.03666666666794,0.0,193.0,35.0,7.762025514476865,44.0,0.22177215755648186,0.975098513039961,9.26
0.0,0.0,0.0,1.0,444.64666666666795,38.0,155.0,93.0,23.73196442047367,45.0,0.2551824131233728,0.9668929289391521,8.84
0.0,0.0,0.0,1.0,572.5166666666679,25.0,130.0,82.0,22.285692554633126,44.0,0.2717767384711357,0.9623603298276545,10.62
0.0,0.0,0.0,1.0,647.5000000000014,9.0,172.0,90.0,25.946157663856592,42.0,0.2882906407095177,0.9575429528116719,7.68
0.0,0.0,0.0,1.0,665.566666666668,37.0,143.0,85.0,25.901134814278887,45.0,0.3047192331091634,0.9524422234305676,11.02
0.0,0.0,0.0,1.0,549.9133333333347,11.0,132.0,91.0,29.21624653085966,43.0,0.321057654185271,0.9470596510722283,10.18
0.0,0.0,0.0,1.0,463.3400000000013,12.0,174.0,34.0,11.468236350630262,43.0,0.3373010691361842,0.9413968285264122,8.29
0.0,0.0,0.0,1.0,456.77666666666795,0.0,174.0,80.0,28.275573701927016,49.0,0.3534446712740877,0.9354554315134164,10.6
0.0,0.0,0.0,1.0,467.88666666666796,10.0,164.0,84.0,31.03662940958018,51.0,0.3694836834473831,0.9292372181882051,10.88
0.0,0.0,0.0,1.0,630.0233333333346,35.0,129.0,88.0,35.30815071938008,43.0,0.4012289854475009,0.9159777842484877,11.55
0.0,0.0,0.0,1.0,640.2133333333346,4.0,125.0,91.0,37.940255200914315,47.0,0.4169258813287287,0.908940487313808,9.95
0.0,0.0,0.0,1.0,638.4200000000013,12.0,113.0,95.0,41.08744320272799,43.0,0.4324994021339788,0.901634220265486,10.2
0.0,0.0,0.0,1.0,500.41333333333455,0.0,123.0,41.0,18.365742515723536,45.0,0.44794493940789115,0.8940611451454876,9.29
0.0,0.0,0.0,1.0,455.69000000000125,0.0,125.0,70.0,32.42805457972442,50.0,0.4632579225674917,0.88622350294858,10.06
0.0,0.0,0.0,1.0,1180.816666666668,0.0,125.0,90.0,44.412132750951365,46.0,0.49346814167723735,0.8697638720650646,8.42
0.0,0.0,0.0,1.0,1237.026666666668,0.0,125.0,85.0,44.46301578467627,45.0,0.5230943033491326,0.8522748088519838,7.38
0.0,0.0,0.0,1.0,1149.7733333333347,0.0,125.0,37.0,20.42774968159907,48.0,0.5521013427459208,0.8337770129585915,8.84
0.0,0.0,0.0,1.0,363.2166666666679,51.0,74.0,90.0,50.97257397733072,49.0,0.5663619330814524,0.8241566360566663,7.02
0.0,0.0,0.0,1.0,534.466666666668,8.0,87.0,85.0,50.52197330972356,45.0,0.5943761565849831,0.804187157621448,6.21
0.0,0.0,0.0,1.0,678.2633333333346,0.0,87.0,92.0,55.947177990205844,49.0,0.6081214998935418,0.7938439653781019,10.25
0.0,0.0,0.0,1.0,976.7300000000013,54.0,41.0,89.0,56.521079900320196,42.0,0.6350683134867438,0.7724559775191742,8.58
0.0,0.0,0.0,1.0,718.4300000000012,0.0,43.0,27.0,17.50306886394423,45.0,0.6482618097757122,0.7614175109532997,8.85
0.0,0.0,0.0,1.0,702.3800000000014,0.0,43.0,87.0,59.74081029002851,46.0,0.6866759803451553,0.726963615332308,10.26
0.0,0.0,0.0,1.0,1707.806666666668,0.0,49.0,81.0,57.613335909879034,51.0,0.7112757519738152,0.7029130847082615,7.94
0.0,0.0,0.0,1.0,1762.466666666668,0.0,58.0,83.0,60.03072321183032,45.0,0.7232617254437388,0.6905740195722293,5.94
0.0,0.0,0.0,1.0,1971.6000000000013,0.0,69.0,83.0,61.966813506190284,39.0,0.746588114532413,0.6652865452111116,8.72
0.0,0.0,0.0,1.0,1949.5400000000016,10.0,59.0,87.0,66.90568475552588,45.0,0.7690308592589181,0.6392116531380588,9.67
0.0,0.0,0.0,1.0,1972.3066666666682,2.0,79.0,90.0,70.19212701750459,42.0,0.7799125224167177,0.6258885343075018,7.01
0.0,0.0,0.0,1.0,1733.6200000000015,0.0,79.0,98.0,77.47521289733173,45.0,0.7905633969115482,0.612380204990065,7.9
0.0,0.0,0.0,1.0,472.5866666666679,0.0,79.0,74.0,59.27254449239349,48.0,0.8009803309782905,0.5986906625177214,10.09
0.0,0.0,0.0,1.0,714.9500000000012,0.0,79.0,43.0,34.87989040937817,43.0,0.8111602420785621,0.5848239578463322,9.7
0.0,0.0,0.0,1.0,732.8100000000012,0.0,87.0,89.0,73.07791048534713,42.0,0.8211001178128892,0.5707841943569036,10.04
0.0,0.0,0.0,1.0,753.3500000000013,21.0,66.0,93.0,77.2641225635276,44.0,0.8307970168121247,0.5565755266413303,9.28
0.0,0.0,0.0,1.0,792.1800000000012,0.0,68.0,81.0,68.0600936382356,46.0,0.8402480696078469,0.5422021592729844,9.63
0.0,0.0,0.0,1.0,750.0500000000012,8.0,61.0,77.0,65.407686920074,42.0,0.8494504794814806,0.527668345562516,9.12
0.0,0.0,0.0,1.0,1030.3233333333346,2.0,59.0,82.0,71.10208128705906,48.0,0.8670985522812081,0.4981366284784055,10.24
0.0,0.0,0.0,1.0,712.4933333333346,0.0,74.0,41.0,35.89709870720384,43.0,0.8755389928586302,0.4831474640149687,10.8
0.0,0.0,0.0,1.0,817.9966666666678,6.0,68.0,91.0,81.13925772651675,47.0,0.8916401947968874,0.45274469960737107,12.32
0.0,0.0,0.0,1.0,527.8700000000011,9.0,59.0,80.0,71.94369532424203,46.0,0.8992961915530253,0.4373400963303323,10.07
0.0,0.0,0.0,1.0,604.3400000000012,11.0,57.0,79.0,71.62819969572608,47.0,0.9066860720977985,0.4218060770826634,9.72
0.0,0.0,0.0,1.0,574.8733333333345,0.0,60.0,83.0,75.8460349206729,48.0,0.9138076496466615,0.4061472386305789,11.94
0.0,0.0,0.0,1.0,492.93666666666786,22.0,46.0,46.0,42.65292712602587,42.0,0.9272375462179537,0.374473674486883,10.15
0.0,0.0,0.0,1.0,566.1366666666679,0.0,46.0,82.0,76.55043507166954,48.0,0.9335418911179212,0.35846832151248087,13.1
0.0,0.0,0.0,1.0,524.196666666668,0.0,50.0,81.0,76.10516886219804,46.0,0.9395699859530622,0.342356891994542,10.1
0.0,0.0,0.0,1.0,1424.910000000001,0.0,50.0,78.0,74.16164905208149,51.0,0.9507903724625832,0.3098349038318025,10.37
0.0,0.0,0.0,1.0,1410.6100000000013,8.0,46.0,77.0,73.61040947599389,46.0,0.9559793438440766,0.2934339689665273,13.32
0.0,0.0,0.0,1.0,1485.2033333333345,0.0,46.0,91.0,87.44057372573229,45.0,0.9608854255574977,0.27694620226893646,12.66
0.0,0.0,0.0,1.0,1182.9233333333345,2.0,59.0,35.0,33.792750803501775,48.0,0.9655071658143364,0.2603764827344581,10.09
0.0,0.0,0.0,1.0,1154.8366666666677,1.0,60.0,74.0,72.83863249292844,48.0,0.984305844499033,0.17647097349152166,11.99
0.0,0.0,0.0,1.0,990.8800000000014,0.0,60.0,32.0,31.673395294946292,45.0,0.9897936029670716,0.14250832791617088,13.16
0.0,0.0,0.0,1.0,502.0766666666679,15.0,45.0,85.0,84.32837443730037,46.0,0.992098522791769,0.12546123335273648,10.94
0.0,0.0,0.0,1.0,494.65333333333456,0.0,45.0,73.0,72.69537344623434,46.0,0.9958270335100595,0.09126072172931188,11.88
0.0,0.0,0.0,1.0,826.8633333333346,0.0,45.0,97.0,96.73320354450247,47.0,0.9972495210773451,0.07411742515094437,11.8
0.0,0.0,0.0,1.0,773.6166666666678,9.0,74.0,94.0,93.84742920791135,42.0,0.998376906467142,0.056952196034039754,7.7
0.0,0.0,0.0,1.0,790.8133333333345,3.0,71.0,88.0,87.93037933398182,47.0,0.9992088560679753,0.03977011384605572,10.65
0.0,0.0,0.0,1.0,755.2200000000012,8.0,63.0,35.0,34.991079329240065,45.0,0.9997451236925734,0.022576263041545485,12.2
0.0,0.0,0.0,1.0,840.0800000000012,0.0,63.0,77.0,76.99888740010533,49.0,0.9999855506507186,0.005375731557583884,13.42
0.0,0.0,0.0,1.0,1706.7933333333342,4.0,80.0,88.0,87.71405718428258,39.0,0.9967506498213929,-0.08054900421874167,9.1
0.0,0.0,0.0,1.0,1471.846666666668,0.0,98.0,41.0,40.80392171372291,47.0,0.9952176027737294,-0.09768276782171598,16.93
0.0,0.0,0.0,1.0,1536.9733333333345,4.0,94.0,88.0,87.41832482467863,42.0,0.9933900548258936,-0.11478762552212701,16.09
0.0,0.0,0.0,1.0,1826.7333333333345,0.0,94.0,43.0,42.52070937608531,47.0,0.9888537064205885,-0.1488903868564548,10.88
0.0,0.0,0.0,1.0,1902.340000000001,15.0,110.0,34.0,33.52897244361423,46.0,0.986146248341595,-0.16587819893463143,9.5
0.0,0.0,0.0,1.0,1807.340000000001,2.0,129.0,35.0,34.410144080275245,44.0,0.9831469737221499,-0.1828169249850199,9.83
0.0,0.0,0.0,1.0,1384.1866666666676,0.0,132.0,46.0,45.073411424409855,51.0,0.9798567700958665,-0.1997015525660636,15.37
0.0,0.0,0.0,1.0,1487.9866666666678,0.0,152.0,47.0,45.70315513773385,43.0,0.9724075561219968,-0.23328854407545518,13.79
0.0,0.0,0.0,1.0,1337.9466666666679,0.0,182.0,38.0,36.624682079195765,43.0,0.9638074231367307,-0.26659942067929354,7.11
0.0,0.0,0.0,1.0,504.41333333333455,0.0,195.0,45.0,43.15855005153509,48.0,0.9590788900341131,-0.28313898122818354,10.84
0.0,0.0,0.0,1.0,261.8566666666679,38.0,166.0,43.0,40.79719111691773,35.0,0.9487718864399473,-0.31596187665790293,10.86
0.0,0.0,0.0,1.0,423.8700000000012,0.0,189.0,89.0,83.42343252332957,50.0,0.9373419384643772,-0.3484108069446808,10.44
0.0,0.0,0.0,1.0,625.8866666666678,0.0,195.0,103.0,95.91463375045605,44.0,0.9312100364121947,-0.3644830148102912,14.34
0.0,0.0,0.0,1.0,745.9166666666679,0.0,222.0,89.0,82.30742911523728,42.0,0.9248025743285089,-0.38044736628785164,11.43
0.0,0.0,0.0,1.0,779.0766666666678,21.0,213.0,98.0,89.97590193187477,38.0,0.9181214482844364,-0.39629913726891813,12.78
0.0,0.0,0.0,1.0,938.156666666668,18.0,195.0,92.0,83.1630497488609,49.0,0.9039461929224011,-0.42764620926777464,14.5
0.0,0.0,0.0,1.0,840.4500000000013,0.0,195.0,35.0,31.375969040169515,42.0,0.8964562582905575,-0.44313223418263453,15.17
0.0,0.0,0.0,1.0,1080.4633333333347,0.0,195.0,116.0,100.20858345891325,47.0,0.8638670987837349,-0.503719798736334,18.81
0.0,0.0,0.0,1.0,2024.5666666666682,31.0,176.0,97.0,82.94222733320025,43.0,0.8550745085896932,-0.518505144391157,16.97
0.0,0.0,0.0,1.0,2211.9000000000015,21.0,197.0,100.0,84.6028888091734,49.0,0.8460288880917339,-0.533137056031809,13.5
0.0,0.0,0.0,1.0,1969.3933333333346,3.0,229.0,93.0,76.92860836390122,49.0,0.8271893372462497,-0.5619233046832195,11.78
0.0,0.0,0.0,1.0,1447.9033333333346,20.0,244.0,110.0,89.91410800074108,45.0,0.8174009818249189,-0.5760691233798758,14.31
0.0,0.0,0.0,1.0,1504.616666666668,30.0,225.0,79.0,63.78228879988559,46.0,0.8073707443023492,-0.5900444739548627,20.46
0.0,0.0,0.0,1.0,2516.486666666668,13.0,229.0,87.0,69.3478385724859,44.0,0.7971015927871943,-0.6038452208771035,14.59
0.0,0.0,0.0,1.0,2806.070000000001,9.0,250.0,104.0,81.80604287300662,39.0,0.7865965660866021,-0.6174672802835514,13.96
0.0,0.0,0.0,1.0,2594.376666666668,23.0,258.0,46.0,35.185003959969634,45.0,0.7648913904341225,-0.6441592666722685,14.48
0.0,0.0,0.0,1.0,1872.1533333333346,6.0,265.0,100.0,75.3697664392914,44.0,0.753697664392914,-0.6572212950663319,17.23
0.0,0.0,0.0,1.0,1075.4500000000012,27.0,268.0,96.0,71.25896708035027,42.0,0.742280907086982,-0.6700888411055113,12.69
0.0,0.0,0.0,1.0,1294.136666666668,12.0,274.0,56.0,38.19044034906592,46.0,0.6819721490904629,-0.7313781428679254,19.39
0.0,0.0,0.0,1.0,1137.6433333333343,0.0,285.0,92.0,61.57471583779562,42.0,0.6692903895412567,-0.7430009249440493,19.78
0.0,0.0,0.0,1.0,1142.4800000000012,0.0,285.0,90.0,59.07695185781443,44.0,0.6564105761979381,-0.7544038410927472,19.8
0.0,0.0,0.0,1.0,1158.3133333333344,0.0,298.0,104.0,66.90699812206714,42.0,0.6433365204044917,-0.765583517007675,17.59
0.0,0.0,0.0,1.0,1174.1900000000012,12.0,297.0,103.0,64.89742537138997,41.0,0.6300720909843687,-0.7765366444428655,18.4
0.0,0.0,0.0,1.0,1111.2700000000011,42.0,267.0,92.0,56.729151604798716,38.0,0.6166212130956382,-0.7872599821916922,17.74
0.0,0.0,0.0,1.0,1058.1666666666677,35.0,239.0,79.0,47.63604149848824,45.0,0.6029878670694714,-0.7977503570459932,19.01
0.0,0.0,0.0,1.0,873.9766666666678,35.0,212.0,60.0,35.35056523393778,46.0,0.5891760872322963,-0.8080046647350754,16.43
0.0,0.0,0.0,1.0,887.5666666666679,11.0,208.0,99.0,56.94380611048577,43.0,0.5751899607119775,-0.8180198708443174,16.1
0.0,0.0,0.0,1.0,1554.676666666668,17.0,205.0,93.0,52.1761272392382,46.0,0.5610336262283677,-0.8277930117131022,20.74
0.0,0.0,0.0,1.0,1654.7766666666678,30.0,212.0,91.0,49.75072583104205,46.0,0.5467112728685939,-0.8373211953118121,15.84
0.0,0.0,0.0,1.0,1776.9533333333347,31.0,181.0,101.0,52.27613653557208,47.0,0.5175855102531889,-0.8556314858488706,20.16
0.0,0.0,0.0,1.0,1160.5733333333346,13.0,168.0,88.0,44.24558334057878,51.0,0.5027907197793043,-0.8644081744776648,18.18
0.0,0.0,0.0,1.0,1493.2700000000013,30.0,161.0,34.0,16.586802945038606,46.0,0.4878471454423119,-0.8729290708206411,12.68
0.0,0.0,0.0,1.0,1480.5500000000013,18.0,143.0,86.0,40.65729199861987,50.0,0.47275920928627757,-0.881191653407483,15.12
0.0,0.0,0.0,1.0,1476.4200000000012,11.0,138.0,112.0,49.52283302031207,41.0,0.44216815196707204,-0.8969321743510065,16.31
0.0,0.0,0.0,1.0,1115.830000000001,0.0,138.0,90.0,38.40066748709322,46.0,0.42667408318992467,-0.9044054548343001,14.28
0.0,0.0,0.0,1.0,2245.650000000001,13.0,138.0,103.0,40.71711424278625,46.0,0.3953117887649151,-0.9185469991587165,19.3
0.0,0.0,0.0,1.0,2259.5733333333346,11.0,201.0,69.0,26.182246216993562,41.0,0.37945284372454435,-0.925211078289358,6.36
0.0,0.0,0.0,1.0,2333.3633333333346,12.0,204.0,91.0,31.613656727769243,40.0,0.3474028211842774,-0.9377159910299093,19.14
0.0,0.0,0.0,1.0,1087.2566666666678,7.0,216.0,85.0,28.15380436314335,48.0,0.3312212278016865,-0.9435531242349544,17.31
0.0,0.0,0.0,1.0,1073.6300000000012,8.0,208.0,105.0,31.34972582319062,42.0,0.2985688173637202,-0.9543881083175908,16.48
0.0,0.0,0.0,1.0,1142.6133333333346,7.0,201.0,120.0,33.85291952183033,49.0,0.2821076626819194,-0.9593827529490743,15.43
0.0,0.0,0.0,1.0,847.7433333333346,14.0,260.0,30.0,7.966890834121678,48.0,0.26556302780405594,-0.9640935007889755,6.17
0.0,0.0,0.0,1.0,767.5066666666679,37.0,242.0,94.0,23.400342004054057,48.0,0.24893980855376657,-0.9685189578512204,14.14
0.0,0.0,0.0,1.0,585.1666666666679,0.0,265.0,94.0,21.830834856852594,48.0,0.23224292400907015,-0.9726578145718654,11.71
0.0,0.0,0.0,1.0,2134.1533333333346,0.0,280.0,91.0,19.60843566925244,44.0,0.21547731504673012,-0.976508846196619,18.22
0.0,0.0,0.0,1.0,2191.3066666666678,23.0,268.0,96.0,19.07020251649643,42.0,0.19864794288017112,-0.9800709131432666,17.45
0.0,0.0,0.0,1.0,2620.9133333333343,0.0,323.0,107.0,19.448297272277163,46.0,0.18175978759137534,-0.9833429613388902,11.88
0.0,0.0,0.0,1.0,1691.4333333333345,6.0,333.0,103.0,16.976238205691388,44.0,0.16481784665719793,-0.9863240225317866,16.21
0.0,0.0,0.0,1.0,1775.8833333333343,0.0,338.0,40.0,5.913085338821219,47.0,0.14782713347053048,-0.9890132145779883,18.73
0.0,0.0,0.0,1.0,1433.976666666668,13.0,332.0,108.0,14.125608992529996,41.0,0.13079267585675922,-0.9914097417023038,14.87
0.0,0.0,0.0,1.0,1077.540000000001,74.0,268.0,98.0,7.7887753925148555,41.0,0.07947729992362097,-0.9968366760893436,14.78
0.0,0.0,0.0,1.0,909.7666666666679,15.0,255.0,80.0,0.8601046210817543,47.0,0.01075130776352193,-0.9999422030204416,14.91
0.0,0.0,0.0,1.0,812.3066666666679,19.0,236.0,90.0,-0.5805777778294635,45.0,-0.00645086419810515,-0.9999791929590823,12.11
0.0,0.0,0.0,1.0,707.8033333333345,0.0,236.0,82.0,-1.93939243410899,46.0,-0.023651127245231586,-0.9997202729664083,10.82
0.0,0.0,0.0,1.0,1668.2300000000012,0.0,236.0,74.0,-4.293892130329746,51.0,-0.05802556932878035,-0.9983150972033183,10.42
0.0,0.0,0.0,1.0,1644.216666666668,73.0,183.0,78.0,-5.864786960351167,49.0,-0.07518957641475855,-0.9971692572470178,12.21
0.0,0.0,0.0,1.0,1677.9333333333345,19.0,173.0,36.0,-3.323928013034084,43.0,-0.09233133369539122,-0.9957283388645872,14.25
0.0,0.0,0.0,1.0,1369.1966666666679,23.0,176.0,82.0,-8.974553029211076,45.0,-0.10944576864891556,-0.993992768446958,9.74
0.0,0.0,0.0,1.0,1638.090000000001,15.0,167.0,88.0,-12.634373260239396,46.0,-0.1435724234118113,-0.9896398128792412,11.86
0.0,0.0,0.0,1.0,1633.370000000001,11.0,169.0,94.0,-15.094007191929414,39.0,-0.16057454459499376,-0.9870237158387383,11.77
0.0,0.0,0.0,1.0,976.1166666666678,55.0,119.0,101.0,-17.93044406789053,45.0,-0.17752914918703497,-0.984115542601034,11.65
0.0,0.0,0.0,1.0,717.7366666666679,16.0,115.0,91.0,-17.693241024337237,41.0,-0.19443122004766195,-0.9809161537413774,12.03
0.0,0.0,0.0,1.0,527.2900000000012,5.0,134.0,26.0,-5.493169645136661,40.0,-0.2112757555821793,-0.9774264960104055,7.04
0.0,0.0,0.0,1.0,435.8066666666679,7.0,180.0,74.0,-16.876275070392463,41.0,-0.2280577712215198,-0.9736476020539838,11.3
0.0,0.0,0.0,1.0,634.9033333333346,10.0,174.0,85.0,-25.0292378518781,48.0,-0.2944616217868012,-0.9556633054034704,11.46
0.0,0.0,0.0,1.0,833.716666666668,2.0,179.0,93.0,-28.909698046645836,46.0,-0.3108569682435036,-0.9504567035349151,11.58
0.0,0.0,0.0,1.0,724.8466666666678,0.0,179.0,24.0,-7.851847850930282,50.0,-0.3271603271220951,-0.9449688462364056,11.08
0.0,0.0,0.0,1.0,510.2700000000012,0.0,197.0,95.0,-32.619853029656866,42.0,-0.34336687399638804,-0.939201357453208,10.48
0.0,0.0,0.0,1.0,1519.8500000000013,0.0,208.0,85.0,-30.55510411251597,45.0,-0.3594718130884232,-0.9331559438780432,11.2
0.0,0.0,0.0,1.0,1629.0733333333346,20.0,229.0,82.0,-30.788571052384853,43.0,-0.3754703786876202,-0.9268343944460494,9.82
0.0,0.0,0.0,1.0,1721.1700000000012,9.0,220.0,103.0,-41.93433699148791,51.0,-0.4071294853542516,-0.9133704517637858,12.51
0.0,0.0,0.0,1.0,601.5033333333344,26.0,287.0,89.0,-37.62747856045828,45.0,-0.4227806579826773,-0.9062320427107697,6.53
0.0,0.0,0.0,1.0,522.6466666666678,6.0,294.0,30.0,-13.149201690375577,46.0,-0.4383067230125192,-0.898825465016444,13.97
0.0,0.0,0.0,1.0,1509.386666666668,13.0,281.0,86.0,-40.33100642665634,44.0,-0.46896519100763184,-0.8832166493127127,11.52
0.0,0.0,0.0,1.0,1617.493333333334,5.0,293.0,86.0,-41.631612860951925,47.0,-0.48408852163897587,-0.8750190302029955,12.42
0.0,0.0,0.0,1.0,1748.1900000000012,12.0,287.0,79.0,-39.42641961239402,43.0,-0.4990686026885319,-0.8665624788845385,13.27
0.0,0.0,0.0,1.0,539.4933333333344,24.0,355.0,98.0,-51.80097017888106,45.0,-0.5285813283559292,-0.8488826652214553,3.76
0.0,0.0,0.0,1.0,392.7533333333344,53.0,305.0,31.0,-16.836262430186384,45.0,-0.5431052396834317,-0.8396646346181327,12.94
0.0,0.0,0.0,1.0,465.8800000000011,4.0,311.0,108.0,-60.20659124274123,44.0,-0.5574684374327892,-0.8301981337405212,12.78
0.0,0.0,0.0,1.0,706.6566666666678,7.0,304.0,85.0,-48.59166706072994,50.0,-0.5716666713027052,-0.8204859638785327,10.6
0.0,0.0,0.0,1.0,1392.2866666666678,0.0,304.0,91.0,-53.298312322468924,48.0,-0.5856957398073508,-0.8105309990194823,11.32
0.0,0.0,0.0,1.0,1306.9866666666676,18.0,297.0,85.0,-50.96187677917016,36.0,-0.5995514915196489,-0.8003361849976323,12.44
0.0,0.0,0.0,1.0,1184.240000000001,11.0,286.0,75.0,-45.992236972481265,46.0,-0.6132298262997502,-0.7899045386224707,11.88
0.0,0.0,0.0,1.0,489.67333333333426,41.0,245.0,37.0,-23.68141000356096,44.0,-0.6400381082043503,-0.7683431655492202,9.59
0.0,0.0,0.0,1.0,533.550000000001,0.0,245.0,93.0,-61.94626359507086,46.0,-0.666088855860977,-0.7458723993404063,12.02
0.0,0.0,0.0,1.0,560.1266666666676,93.0,152.0,90.0,-62.221611258846636,46.0,-0.6913512362094071,-0.722518835873311,11.22
0.0,0.0,0.0,1.0,669.650000000001,13.0,154.0,92.0,-64.73832148806918,42.0,-0.7036774074790128,-0.7105196029692745,9.7
0.0,0.0,0.0,1.0,467.57333333333423,0.0,154.0,22.0,-16.00943246598132,46.0,-0.7277014757264236,-0.6858939875998223,10.91
0.0,0.0,0.0,1.0,486.5533333333342,17.0,137.0,90.0,-66.54530372363317,48.0,-0.7393922635959241,-0.673274892250183,11.9
0.0,0.0,0.0,1.0,512.6200000000009,6.0,134.0,89.0,-68.80931097578363,46.0,-0.7731383255706026,-0.6342374393978054,10.73
0.0,0.0,0.0,1.0,1660.8366666666677,92.0,65.0,88.0,-68.98617586809696,44.0,-0.7839338166829201,-0.620844401650647,12.1
0.0,0.0,0.0,1.0,1658.423333333334,3.0,69.0,91.0,-72.29925695416053,41.0,-0.7944973291665992,-0.6072676460566135,12.47
0.0,0.0,0.0,1.0,1541.0833333333342,10.0,59.0,32.0,-25.754423587467045,48.0,-0.8048257371083452,-0.593511190196115,13.16
0.0,0.0,0.0,1.0,521.9066666666675,0.0,59.0,83.0,-67.63802668578457,48.0,-0.8149159841660791,-0.5795791048257612,9.69
0.0,0.0,0.0,1.0,514.9833333333343,0.0,69.0,87.0,-71.75456234918244,42.0,-0.8247650844733614,-0.5654755126737576,12.57
0.0,0.0,0.0,1.0,643.7733333333342,11.0,58.0,106.0,-89.43519545710275,46.0,-0.8437282590292712,-0.5367705514607103,9.63
0.0,0.0,0.0,1.0,917.7666666666677,0.0,62.0,90.0,-76.75530495925135,47.0,-0.8528367217694595,-0.522177676659508,13.14
0.0,0.0,0.0,1.0,833.2900000000009,0.0,84.0,94.0,-80.99912474186812,49.0,-0.8616928164028522,-0.5074302810827518,7.07
0.0,0.0,0.0,1.0,725.5466666666675,0.0,136.0,42.0,-36.55234473527983,45.0,-0.8702939222685674,-0.49253272872205434,12.83
0.0,0.0,0.0,1.0,658.960000000001,0.0,148.0,83.0,-72.92691201536302,48.0,-0.8786374941610001,-0.4774894280028391,14.24
0.0,0.0,0.0,1.0,824.6266666666676,15.0,133.0,97.0,-86.77059698671562,49.0,-0.8945422369764496,-0.4469834295196741,13.98
0.0,0.0,0.0,1.0,1004.340000000001,0.0,137.0,90.0,-81.18888312871653,47.0,-0.9020987014301837,-0.43152975897147144,14.62
0.0,0.0,0.0,1.0,748.8800000000009,0.0,171.0,85.0,-77.89473411901939,41.0,-0.9164086366943458,-0.4002439388573056,7.4
0.0,0.0,0.0,1.0,533.1200000000009,3.0,168.0,38.0,-35.079999172658745,46.0,-0.9231578729647039,-0.38442104726885545,11.68
0.0,0.0,0.0,1.0,543.7700000000009,23.0,158.0,98.0,-91.1041253328904,45.0,-0.9296339319682695,-0.3684843993077793,14.44
0.0,0.0,0.0,1.0,675.5733333333343,7.0,164.0,89.0,-83.28930586281447,47.0,-0.9358348973349941,-0.35243871088460327,13.38
0.0,0.0,0.0,1.0,1063.0933333333344,0.0,219.0,85.0,-80.04950939845423,41.0,-0.9417589340994617,-0.33628873017668287,12.05
0.0,0.0,0.0,1.0,1011.710000000001,0.0,222.0,98.0,-92.84562034590068,48.0,-0.9474042892438845,-0.32003923622313857,11.51
0.0,0.0,0.0,1.0,988.8466666666676,10.0,223.0,83.0,-79.07985125399864,42.0,-0.9527692922168511,-0.30369503751065885,14.06
0.0,0.0,0.0,1.0,691.6066666666675,0.0,223.0,82.0,-78.54389314506868,42.0,-0.9578523554276669,-0.28726097055059635,10.83
0.0,0.0,0.0,1.0,513.5966666666676,4.0,238.0,27.0,-25.991603317336015,43.0,-0.9626519747161487,-0.2707418984477642,13.7
0.0,0.0,0.0,1.0,1178.0366666666675,22.0,250.0,88.0,-85.11067222220035,44.0,-0.9671667297977312,-0.2541427094613622,10.68
0.0,0.0,0.0,1.0,1125.4500000000007,52.0,232.0,84.0,-81.597203913435,40.0,-0.97139528468375,-0.23746831555846842,7.9
0.0,0.0,0.0,1.0,1237.2100000000007,12.0,228.0,78.0,-76.07623826998913,41.0,-0.9753363880767837,-0.2207236509605022,11.68
0.0,0.0,0.0,1.0,416.64000000000095,0.0,230.0,27.0,-26.681514614841838,49.0,-0.9882042449941422,-0.15314166701312007,14.11
0.0,0.0,0.0,1.0,525.3266666666676,4.0,251.0,95.0,-94.11576946534828,50.0,-0.9906923101615609,-0.13612033862266704,11.31
0.0,0.0,0.0,1.0,535.7333333333341,34.0,223.0,87.0,-86.38118757760557,43.0,-0.9928872135356962,-0.11905873003404988,10.95
0.0,0.0,0.0,1.0,652.7833333333342,0.0,245.0,92.0,-91.52052411605808,43.0,-0.994788305609327,-0.10196189005174576,10.48
0.0,0.0,0.0,1.0,670.5566666666676,13.0,244.0,91.0,-90.9881662109292,40.0,-0.9998699583618592,-0.016126573270657762,13.97
0.0,0.0,0.0,1.0,1831.413333333334,13.0,299.0,88.0,-87.99994913817294,43.0,-0.9999994220246925,0.001075151282798226,6.92
0.0,0.0,0.0,1.0,1745.493333333334,55.0,324.0,90.0,-89.94335857685972,48.0,-0.9993706508539969,0.03547255575312556,5.83
0.0,0.0,0.0,1.0,1593.5300000000009,3.0,414.0,80.0,-79.88900816671787,45.0,-0.9986126020839734,0.052658056924614005,6.36
0.0,0.0,0.0,1.0,513.4733333333343,11.0,403.0,93.0,-92.7729914434341,46.0,-0.9975590477788613,0.06982797572987089,13.6
0.0,0.0,0.0,1.0,504.59666666666755,0.0,403.0,34.0,-33.87115018987921,47.0,-0.9962102997023297,0.0869772313136861,13.97
0.0,0.0,0.0,1.0,726.5433333333343,19.0,384.0,100.0,-99.45667569706337,47.0,-0.9945667569706337,0.1041007489354256,14.99
0.0,0.0,0.0,1.0,739.0333333333342,34.0,352.0,89.0,-88.34397262817134,46.0,-0.9926289059345095,0.121193461470736,14.52
0.0,0.0,0.0,1.0,985.3933333333342,34.0,320.0,90.0,-89.13575880317302,49.0,-0.9903973200352558,0.1382503109109819,17.06
0.0,0.0,0.0,1.0,864.9300000000009,8.0,330.0,77.0,-76.0661947918983,39.0,-0.9878726596350429,0.15526624985999563,13.69
0.0,0.0,0.0,1.0,862.5400000000009,2.0,343.0,104.0,-102.44578986943614,42.0,-0.9850556718215013,0.172236243027682,13.09
0.0,0.0,0.0,1.0,714.7133333333344,25.0,359.0,87.0,-84.8127774428549,43.0,-0.9748595108374125,0.22282040779479959,11.02
0.0,0.0,0.0,1.0,1519.5600000000006,6.0,381.0,74.0,-71.19300036486274,46.0,-0.9620675724981452,0.27281126433401914,10.51
0.0,0.0,0.0,1.0,1626.490000000001,22.0,386.0,92.0,-88.06538478574471,42.0,-0.957232443323312,0.28931997761869527,13.74
0.0,0.0,0.0,1.0,1627.7900000000009,12.0,421.0,84.0,-79.97758050812125,44.0,-0.9521140536681102,0.3057430764672831,11.49
0.0,0.0,0.0,1.0,714.7133333333344,68.0,395.0,48.0,-45.44226807102653,49.0,-0.9467139181463862,0.3220757010206104,9.9
0.0,0.0,0.0,1.0,827.8633333333343,80.0,346.0,106.0,-99.11793774126508,44.0,-0.9350748843515574,0.3544502230989869,9.83
0.0,0.0,0.0,1.0,912.7666666666677,93.0,256.0,100.0,-92.23291176290545,47.0,-0.9223291176290545,0.3864052261209853,12.97
0.0,0.0,0.0,1.0,938.8300000000008,0.0,363.0,91.0,-83.31467444095675,48.0,-0.9155458729775467,0.40221356823680365,6.41
0.0,0.0,0.0,1.0,1539.850000000001,0.0,367.0,99.0,-89.9406786536783,47.0,-0.9084917035725082,0.41790288888678667,15.54
0.0,0.0,0.0,1.0,1678.5966666666675,0.0,367.0,85.0,-75.9542166850396,45.0,-0.8935790198239952,0.4489059314938798,14.35
0.0,0.0,0.0,1.0,1771.950000000001,2.0,386.0,95.0,-84.14386724643855,46.0,-0.8857249183835637,0.4642104791518923,10.79
0.0,0.0,0.0,1.0,775.4966666666675,2.0,456.0,85.0,-73.88478939888573,48.0,-0.8692328164574792,0.49440298420761813,6.22
0.0,0.0,0.0,1.0,623.4633333333342,18.0,438.0,83.0,-71.4297747887598,52.0,-0.8605996962501181,0.5092820071573356,14.49
0.0,0.0,0.0,1.0,589.0033333333341,15.0,446.0,77.0,-64.15508627136674,42.0,-0.8331829385891785,0.5529974600700271,11.91
0.0,0.0,0.0,1.0,563.3900000000008,41.0,511.0,103.0,-84.82536520042687,47.0,-0.8235472349556007,0.5672476988027229,4.11
0.0,0.0,0.0,1.0,628.9666666666674,28.0,485.0,88.0,-71.60276907921272,47.0,-0.8136678304455991,0.5813300798152042,17.49
0.0,0.0,0.0,1.0,687.373333333334,27.0,459.0,73.0,-58.658978342975544,52.0,-0.8035476485339116,0.5952404359043674,14.44
0.0,0.0,0.0,1.0,807.5066666666675,47.0,453.0,98.0,-77.73258902662806,46.0,-0.7931896839451843,0.6089746507720486,9.9
0.0,0.0,0.0,1.0,607.3100000000007,42.0,411.0,37.0,-28.555591252230993,44.0,-0.7717727365467836,0.6358984534680745,17.81
0.0,0.0,0.0,1.0,614.7733333333341,31.0,414.0,99.0,-74.19479134836735,49.0,-0.7494423368521954,0.6620696215153815,11.28
0.0,0.0,0.0,1.0,742.6666666666674,3.0,504.0,81.0,-59.773367634554226,47.0,-0.7379428103031386,0.6748632518680403,5.47
0.0,0.0,0.0,1.0,740.1600000000008,107.0,463.0,95.0,-68.99136688739466,44.0,-0.7262249146041543,0.6874571793269664,7.08
0.0,0.0,0.0,1.0,834.6900000000009,4.0,461.0,87.0,-62.14341420241198,49.0,-0.7142921172691032,0.699847677146407,17.44
0.0,0.0,0.0,1.0,824.5866666666674,0.0,462.0,89.0,-59.139028431534115,47.0,-0.6644834655228552,0.7473029667054296,16.34
0.0,0.0,0.0,1.0,886.233333333334,21.0,464.0,98.0,-63.84997542766661,39.0,-0.6515303615068021,0.75862255966641,10.13
0.0,0.0,0.0,1.0,754.6633333333342,72.0,433.0,81.0,-51.7091411931478,40.0,-0.6383844591746642,0.7697176640069211,12.93
0.0,0.0,0.0,1.0,546.5300000000008,0.0,523.0,74.0,-46.253673997172385,46.0,-0.6250496486104377,0.7805849965070866,7.46
0.0,0.0,0.0,1.0,1760.3433333333342,23.0,500.0,98.0,-59.92992782831232,49.0,-0.6115298757991053,0.7912213413483807,14.49
0.0,0.0,0.0,1.0,1859.220000000001,106.0,414.0,36.0,-21.521849092522388,45.0,-0.5978291414589552,0.801623551065242,18.22
0.0,0.0,0.0,1.0,2039.8400000000008,2.0,418.0,82.0,-45.56592174303601,44.0,-0.5556819724760489,0.8313949395234058,16.74
0.0,0.0,0.0,1.0,861.8866666666672,1.0,448.0,86.0,-46.551666880911085,41.0,-0.5412984521036173,0.8408305333122887,13.35
0.0,0.0,0.0,1.0,802.5200000000006,41.0,449.0,101.0,-51.71757300945793,45.0,-0.5120551783114646,0.8589525565270845,11.76
0.0,0.0,0.0,1.0,589.943333333334,0.0,459.0,33.0,-16.407734588748948,44.0,-0.4972040784469378,0.8676336233547726,12.52
0.0,0.0,0.0,1.0,478.33333333333394,34.0,477.0,75.0,-36.165438592226444,37.0,-0.4822058478963526,0.8760579434344281,8.56
0.0,0.0,0.0,1.0,450.483333333334,93.0,412.0,108.0,-48.79286530195147,50.0,-0.451785789832884,0.8921264484954345,9.39
0.0,0.0,0.0,1.0,634.4933333333339,66.0,351.0,96.0,-41.891804554040874,40.0,-0.4363729641045924,0.8997658785476209,13.35
0.0,0.0,0.0,1.0,741.483333333334,2.0,362.0,93.0,-39.13728379939597,40.0,-0.42083100859565564,0.9071390534005044,12.11
0.0,0.0,0.0,1.0,587.453333333334,1.0,382.0,37.0,-14.406991237172456,39.0,-0.3893781415452015,0.9210779895789526,10.05
0.0,0.0,0.0,1.0,507.68666666666724,23.0,410.0,102.0,-38.094606816133215,48.0,-0.37347653741307074,0.9276396261490467,8.44
0.0,0.0,0.0,1.0,923.0200000000006,41.0,440.0,89.0,-31.814332985272667,48.0,-0.3574644155648614,0.9339267592294762,4.18
0.0,0.0,0.0,1.0,1068.4533333333338,90.0,357.0,78.0,-26.62502811111282,43.0,-0.34134651424503615,0.9399375283564133,13.4
0.0,0.0,0.0,1.0,1094.843333333334,0.0,379.0,92.0,-26.901349879499115,45.0,-0.29240597695107734,0.9562942772197719,10.79
0.0,0.0,0.0,1.0,562.043333333334,20.0,363.0,39.0,-10.760604855115457,44.0,-0.27591294500296043,0.9611826292540837,13.97
0.0,0.0,0.0,1.0,500.4000000000006,6.0,394.0,78.0,-20.228384746081638,42.0,-0.2593382659754056,0.9657865518844574,9.77
0.0,0.0,0.0,1.0,493.18666666666724,31.0,363.0,71.0,-17.230765965364274,49.0,-0.2426868445825954,0.9701046827361175,12.94
0.0,0.0,0.0,1.0,517.203333333334,42.0,363.0,86.0,-19.43287030932964,40.0,-0.22596360824801906,0.974135744004672,7.92
0.0,0.0,0.0,1.0,596.423333333334,10.0,366.0,90.0,-18.825615508172074,48.0,-0.20917350564635637,0.9778785428342386,12.06
0.0,0.0,0.0,1.0,603.0800000000006,52.0,341.0,102.0,-19.61679353438767,46.0,-0.19232150523909483,0.9813319716704275,9.78
0.0,0.0,0.0,1.0,680.2300000000006,28.0,348.0,92.0,-16.137958629993616,43.0,-0.17541259380427843,0.9844950085880858,11.13
0.0,0.0,0.0,1.0,531.9000000000005,5.0,377.0,38.0,-6.02116744851178,45.0,-0.15845177496083632,0.9873667175937016,11.03
0.0,0.0,0.0,1.0,527.2133333333339,13.0,364.0,85.0,-12.022745753475071,47.0,-0.14144406768794202,0.9899462489023779,11.24
0.0,0.0,0.0,1.0,770.3066666666673,21.0,350.0,79.0,-9.827165882344199,41.0,-0.12439450483979998,0.9922328391893008,10.73
0.0,0.0,0.0,1.0,923.813333333334,51.0,345.0,89.0,-6.501021750783221,48.0,-0.07304518821104743,0.9973286321364752,12.09
0.0,0.0,0.0,1.0,2166.0866666666675,71.0,274.0,89.0,-0.38275275056539565,47.0,-0.004300592702981974,0.9999907524084426,11.61
0.0,0.0,0.0,1.0,2092.473333333334,7.0,267.0,95.0,1.634149664734748,46.0,0.017201575418260506,0.9998520419557735,18.09
0.0,0.0,0.0,1.0,2113.3566666666675,22.0,256.0,85.0,2.923835152156681,39.0,0.03439806061360801,0.9994082116062598,15.42
0.0,0.0,0.0,1.0,999.0266666666672,4.0,252.0,85.0,5.84420972089685,45.0,0.06875540848113941,0.9976335468520451,18.06
0.0,0.0,0.0,1.0,719.3200000000006,37.0,215.0,24.0,2.061746502271985,47.0,0.08590610426133272,0.9963032375991965,20.21
0.0,0.0,0.0,1.0,658.663333333334,0.0,219.0,79.0,9.48996704940569,45.0,0.1201261651823505,0.9927586335250793,11.67
0.0,0.0,0.0,1.0,605.8733333333339,42.0,177.0,90.0,12.346686365094051,47.0,0.13718540405660057,0.9905453876091833,14.32
0.0,0.0,0.0,1.0,1608.553333333334,13.0,164.0,85.0,13.107344042828599,45.0,0.1542040475626894,0.988039023376751,14.4
0.0,0.0,0.0,1.0,1678.0100000000004,27.0,137.0,83.0,14.207695947646588,45.0,0.17117705961019986,0.985240282501282,14.86
0.0,0.0,0.0,1.0,1578.5600000000006,35.0,135.0,91.0,20.181266337639848,47.0,0.22177215755648186,0.975098513039961,9.31
0.0,0.0,0.0,1.0,766.4633333333337,34.0,101.0,94.0,22.42018206824319,43.0,0.23851257519407648,0.9711394088771653,14.76
0.0,0.0,0.0,1.0,847.976666666667,0.0,106.0,82.0,20.92495787611657,48.0,0.2551824131233728,0.9668929289391521,19.06
0.0,0.0,0.0,1.0,1054.2900000000004,7.0,99.0,98.0,28.252482789532735,52.0,0.2882906407095177,0.9575429528116719,17.11
0.0,0.0,0.0,1.0,1020.2633333333339,46.0,65.0,74.0,22.54922325007809,42.0,0.3047192331091634,0.9524422234305676,17.01
0.0,0.0,0.0,1.0,763.3766666666671,0.0,138.0,75.0,25.297580185213814,45.0,0.3373010691361842,0.9413968285264122,6.11
0.0,0.0,0.0,1.0,666.4066666666671,0.0,153.0,83.0,29.33590771574928,50.0,0.3534446712740877,0.9354554315134164,15.71
0.0,0.0,0.0,1.0,664.3200000000005,11.0,146.0,81.0,31.218482115800377,44.0,0.38541335945432564,0.9227440286201427,14.95
0.0,0.0,0.0,1.0,917.1366666666672,0.0,146.0,86.0,34.505692748485075,43.0,0.4012289854475009,0.9159777842484877,19.08
0.0,0.0,0.0,1.0,990.7100000000005,0.0,146.0,93.0,38.77410696357177,56.0,0.4169258813287287,0.908940487313808,16.17
0.0,0.0,0.0,1.0,1071.873333333334,4.0,142.0,37.0,16.002477878957215,41.0,0.4324994021339788,0.901634220265486,16.76
0.0,0.0,0.0,1.0,1249.7266666666671,0.0,142.0,89.0,39.867099607302315,47.0,0.44794493940789115,0.8940611451454876,16.85
0.0,0.0,0.0,1.0,1125.1666666666672,0.0,142.0,99.0,45.86253433418168,47.0,0.4632579225674917,0.88622350294858,11.34
0.0,0.0,0.0,1.0,980.086666666667,0.0,155.0,86.0,42.43826018424241,39.0,0.49346814167723735,0.8697638720650646,11.47
0.0,0.0,0.0,1.0,684.8333333333338,33.0,122.0,86.0,43.718653662626046,48.0,0.5083564379375122,0.8611467540480452,11.99
0.0,0.0,0.0,1.0,1169.3966666666672,0.0,122.0,89.0,49.137019504386956,47.0,0.5521013427459208,0.8337770129585915,14.01
0.0,0.0,0.0,1.0,1202.4600000000005,5.0,117.0,87.0,49.27348817808636,45.0,0.5663619330814524,0.8241566360566663,11.93
0.0,0.0,0.0,1.0,1224.6800000000003,0.0,128.0,94.0,54.56276321405522,44.0,0.580454927809098,0.8142923779467267,12.55
0.0,0.0,0.0,1.0,762.0833333333338,12.0,116.0,92.0,55.947177990205844,51.0,0.6081214998935418,0.7938439653781019,12.62
0.0,0.0,0.0,1.0,744.5366666666672,73.0,43.0,73.0,45.383142989457994,48.0,0.6216868902665479,0.7832658619336791,12.96
0.0,0.0,0.0,1.0,588.9700000000005,15.0,30.0,41.0,26.037800852956494,48.0,0.6350683134867438,0.7724559775191742,10.9
0.0,0.0,0.0,1.0,644.9000000000004,4.0,26.0,98.0,63.5296573580198,48.0,0.6482618097757122,0.7614175109532997,14.5
0.0,0.0,0.0,1.0,675.9466666666672,0.0,26.0,100.0,66.12634749656387,47.0,0.6612634749656386,0.7501537286959042,10.98
0.0,0.0,0.0,1.0,772.9866666666671,0.0,26.0,89.0,61.11416225071882,49.0,0.6866759803451553,0.726963615332308,9.8
0.0,0.0,0.0,1.0,662.0900000000005,0.0,33.0,80.0,56.90206015790522,44.0,0.7112757519738152,0.7029130847082615,12.36
0.0,0.0,0.0,1.0,1382.086666666667,0.0,33.0,34.0,24.590898665087117,52.0,0.7232617254437388,0.6905740195722293,11.65
0.0,0.0,0.0,1.0,1472.6433333333337,0.0,36.0,98.0,72.03330006502824,47.0,0.7350336741329413,0.6780306024735382,13.23
0.0,0.0,0.0,1.0,1465.0433333333337,13.0,51.0,94.0,70.17928276604682,43.0,0.746588114532413,0.6652865452111116,10.31
0.0,0.0,0.0,1.0,803.0700000000005,0.0,51.0,98.0,75.36502420737398,47.0,0.7690308592589181,0.6392116531380588,13.94
0.0,0.0,0.0,1.0,1001.9066666666671,0.0,66.0,102.0,79.5510772865052,43.0,0.7799125224167177,0.6258885343075018,15.2
0.0,0.0,0.0,1.0,1035.5400000000004,0.0,69.0,84.0,66.40732534057005,50.0,0.7905633969115482,0.612380204990065,12.35
0.0,0.0,0.0,1.0,898.3666666666672,11.0,58.0,42.0,33.6411739010882,49.0,0.8009803309782905,0.5986906625177214,17.38
0.0,0.0,0.0,1.0,775.7933333333336,0.0,58.0,100.0,81.11602420785621,45.0,0.8111602420785621,0.5848239578463322,16.76
0.0,0.0,0.0,1.0,1083.7600000000004,0.0,58.0,91.0,74.72011072097291,45.0,0.8211001178128892,0.5707841943569036,14.51
0.0,0.0,0.0,1.0,1283.366666666667,2.0,65.0,75.0,62.30977626090935,46.0,0.8307970168121247,0.5565755266413303,12.96
0.0,0.0,0.0,1.0,2520.696666666667,0.0,65.0,81.0,68.0600936382356,41.0,0.8402480696078469,0.5422021592729844,17.02
0.0,0.0,0.0,1.0,2445.1100000000006,0.0,65.0,102.0,86.64394890711101,44.0,0.8494504794814806,0.527668345562516,13.18
0.0,0.0,0.0,1.0,2290.7833333333338,0.0,65.0,87.0,74.68093252639457,45.0,0.8584015232918917,0.512978386299228,11.14
0.0,0.0,0.0,1.0,1688.0366666666669,7.0,109.0,31.0,26.88005512071745,42.0,0.8670985522812081,0.4981366284784055,13.9
0.0,0.0,0.0,1.0,1507.676666666667,0.0,113.0,78.0,68.29204144297316,50.0,0.8755389928586302,0.4831474640149687,16.04
0.0,0.0,0.0,1.0,1741.2566666666671,3.0,110.0,89.0,78.6511109152178,48.0,0.8837203473619977,0.4680153284438345,22.15
0.0,0.0,0.0,1.0,1037.676666666667,28.0,86.0,72.0,64.1980940253759,48.0,0.8916401947968874,0.45274469960737107,17.93
0.0,0.0,0.0,1.0,1609.6066666666668,0.0,96.0,84.0,75.54088009045412,46.0,0.8992961915530253,0.4373400963303323,17.26
0.0,0.0,0.0,1.0,1525.716666666667,15.0,107.0,89.0,80.69506041670407,45.0,0.9066860720977985,0.4218060770826634,18.39
0.0,0.0,0.0,1.0,1563.7266666666671,3.0,107.0,70.0,63.966535475266305,46.0,0.9138076496466615,0.4061472386305789,21.59
0.0,0.0,0.0,1.0,885.1766666666668,0.0,159.0,42.0,38.667670306030196,49.0,0.9206588168102428,0.3903682146763026,19.12
0.0,0.0,0.0,1.0,1452.6700000000003,0.0,159.0,82.0,76.0334787898722,45.0,0.9272375462179537,0.374473674486883,15.94
0.0,0.0,0.0,1.0,1796.1133333333337,0.0,159.0,88.0,82.15168641837707,42.0,0.9335418911179212,0.35846832151248087,21.93
0.0,0.0,0.0,1.0,2012.6200000000006,9.0,150.0,84.0,79.40688394070308,46.0,0.945320046913132,0.3261441535642696,21.37
0.0,0.0,0.0,1.0,1372.766666666667,0.0,150.0,78.0,74.56638881983797,50.0,0.9559793438440766,0.2934339689665273,16.08
0.0,0.0,0.0,1.0,994.5433333333336,0.0,150.0,84.0,81.10260192840425,40.0,0.9655071658143364,0.2603764827344581,16.75
0.0,0.0,0.0,1.0,879.5033333333337,0.0,150.0,86.0,83.40651493918729,45.0,0.969843196967294,0.24372971360968387,15.15
0.0,0.0,0.0,1.0,945.1700000000004,51.0,99.0,100.0,97.38922359149925,46.0,0.9738922359149924,0.22701082094141847,15.83
0.0,0.0,0.0,1.0,865.9900000000004,4.0,105.0,78.0,76.2569405895698,42.0,0.9776530844816641,0.2102247521189836,13.38
0.0,0.0,0.0,1.0,577.156666666667,0.0,105.0,0.0,0.0,0.0,0.9871957872910085,0.15951325197263655,0.0
0.0,0.0,0.0,1.0,220.98000000000033,4.0,101.0,0.0,0.0,0.0,0.9897936029670716,0.14250832791617088,0.0
0.0,0.0,0.0,1.0,0.0,10.0,91.0,0.0,0.0,0.0,0.9958270335100595,0.09126072172931188,0.0
0.0,0.0,0.0,1.0,0.0,26.0,65.0,0.0,0.0,0.0,0.9972495210773451,0.07411742515094437,0.0
0.0,0.0,0.0,1.0,0.0,3.0,62.0,0.0,0.0,0.0,0.998376906467142,0.056952196034039754,0.0
0.0,0.0,0.0,1.0,0.0,52.0,10.0,0.0,0.0,0.0,0.9992088560679753,0.03977011384605572,0.0
0.0,0.0,0.0,1.0,0.0,0.0,10.0,0.0,0.0,0.0,0.9997451236925734,0.022576263041545485,0.0
0.0,0.0,0.0,1.0,0.0,0.0,10.0,0.0,0.0,0.0,0.9999855506507186,0.005375731557583884,0.0
0.0,0.0,0.0,1.0,0.0,0.0,10.0,0.0,0.0,0.0,0.9999300657962057,-0.011826390691832589,0.0
0.0,0.0,0.0,1.0,0.0,0.0,10.0,0.0,0.0,0.0,0.9989315138848577,-0.046215046983708354,0.0
0.0,0.0,0.0,1.0,0.0,0.0,10.0,0.0,0.0,0.0,0.9979887423155984,-0.06339140486951038,0.0
0.0,0.0,0.0,1.0,0.0,0.0,10.0,0.0,0.0,0.0,0.9967506498213929,-0.08054900421874167,0.0
0.0,0.0,0.0,1.0,0.0,0.0,10.0,0.0,0.0,0.0,0.9952176027737294,-0.09768276782171598,0.0
0.0,0.0,0.0,1.0,0.0,10.0,0.0,0.0,0.0,0.0,0.9933900548258936,-0.11478762552212701,0.0
0.0,0.0,0.0,1.0,0.0,0.0,0.0,0.0,0.0,0.0,0.9912685467787256,-0.13185851571739118,0.0
0.0,0.0,0.0,1.0,0.0,0.0,0.0,0.0,0.0,0.0,0.9888537064205885,-0.1488903868564548,0.0
0.0,0.0,0.0,1.0,0.0,0.0,0.0,0.0,0.0,0.0,0.9831469737221499,-0.1828169249850199,0.0
0.0,0.0,0.0,1.0,0.0,0.0,0.0,0.0,0.0,0.0,0.9762766110869321,-0.21652708524481437,0.0
0.0,0.0,0.0,1.0,0.0,0.0,0.0,0.0,0.0,0.0,0.9724075561219968,-0.23328854407545518,0.0
0.0,0.0,0.0,1.0,0.0,0.0,0.0,0.0,0.0,0.0,0.9590788900341131,-0.28313898122818354,0.0
0.0,0.0,0.0,1.0,0.0,0.0,0.0,0.0,0.0,0.0,0.9540665500578387,-0.2995947563972602,0.0
0.0,0.0,0.0,1.0,0.0,0.0,0.0,0.0,0.0,0.0,0.9487718864399473,-0.31596187665790293,0.0
0.0,0.0,0.0,1.0,0.0,0.0,0.0,0.0,0.0,0.0,0.9431964659565866,-0.33223549871590435,0.0
0.0,0.0,0.0,1.0,0.0,0.0,0.0,0.0,0.0,0.0,0.9312100364121947,-0.3644830148102912,0.0
0.0,0.0,0.0,1.0,0.0,0.0,0.0,0.0,0.0,0.0,0.9248025743285089,-0.38044736628785164,0.0
0.0,0.0,0.0,1.0,0.0,0.0,0.0,0.0,0.0,0.0,0.9181214482844364,-0.39629913726891813,0.0
0.0,0.0,0.0,1.0,0.0,0.0,0.0,0.0,0.0,0.0,0.9111686353326631,-0.41203363695942635,0.0
0.0,0.0,0.0,1.0,0.0,0.0,0.0,0.0,0.0,0.0,0.8887010478292915,-0.45848712914008766,0.0
0.0,0.0,0.0,1.0,0.0,0.0,0.0,0.0,0.0,0.0,0.8806828564301475,-0.47370635037968,0.0
0.0,0.0,0.0,1.0,0.0,0.0,0.0,0.0,0.0,0.0,0.8724040568049612,-0.48878539428899265,0.0
0.0,0.0,0.0,1.0,0.0,0.0,0.0,0.0,0.0,0.0,0.8550745085896932,-0.518505144391157,0.0
0.0,0.0,0.0,1.0,0.0,0.0,0.0,0.0,0.0,0.0,0.8460288880917339,-0.533137056031809,0.0
0.0,0.0,0.0,1.0,0.0,0.0,0.0,0.0,0.0,0.0,0.8367329140344921,-0.5476112038402312,0.0
0.0,0.0,0.0,1.0,0.0,0.0,0.0,0.0,0.0,0.0,0.8073707443023492,-0.5900444739548627,0.0
0.0,0.0,0.0,1.0,0.0,0.0,0.0,0.0,0.0,0.0,0.7971015927871943,-0.6038452208771035,0.0
0.0,0.0,0.0,1.0,0.0,0.0,0.0,0.0,0.0,0.0,0.7865965660866021,-0.6174672802835514,0.0
0.0,0.0,0.0,1.0,0.0,0.0,0.0,0.0,0.0,0.0,0.7758587728069828,-0.6309066211876704,0.0
0.0,0.0,0.0,1.0,0.0,0.0,0.0,0.0,0.0,0.0,0.7648913904341225,-0.6441592666722685,0.0
0.0,0.0,0.0,1.0,0.0,0.0,0.0,0.0,0.0,0.0,0.753697664392914,-0.6572212950663319,0.0
0.0,0.0,0.0,1.0,0.0,0.0,0.0,0.0,0.0,0.0,0.742280907086982,-0.6700888411055113,0.0
0.0,0.0,0.0,1.0,0.0,0.0,0.0,0.0,0.0,0.0,0.7306444969184916,-0.6827580970759147,0.0
0.0,0.0,0.0,1.0,0.0,0.0,0.0,0.0,0.0,0.0,0.7187918772884232,-0.6952253139408722,0.0
0.0,0.0,0.0,1.0,0.0,0.0,0.0,0.0,0.0,0.0,0.7067265555776158,-0.7074868024503348,0.0
0.0,0.0,0.0,1.0,0.0,0.0,0.0,0.0,0.0,0.0,0.6944521021088763,-0.719538934232584,0.0
0.0,0.0,0.0,1.0,0.0,0.0,0.0,0.0,0.0,0.0,0.6692903895412567,-0.7430009249440493,0.0
0.0,0.0,0.0,1.0,0.0,0.0,0.0,0.0,0.0,0.0,0.6564105761979381,-0.7544038410927472,0.0
0.0,0.0,0.0,1.0,0.0,0.0,0.0,0.0,0.0,0.0,0.6166212130956382,-0.7872599821916922,0.0
0.0,0.0,0.0,1.0,0.0,0.0,0.0,0.0,0.0,0.0,0.5751899607119775,-0.8180198708443174,0.0
0.0,0.0,0.0,1.0,0.0,0.0,0.0,0.0,0.0,0.0,0.5610336262283677,-0.8277930117131022,0.0
0.0,0.0,0.0,1.0,0.0,0.0,0.0,0.0,0.0,0.0,0.5467112728685939,-0.8373211953118121,0.0
0.0,0.0,0.0,1.0,0.0,0.0,0.0,0.0,0.0,0.0,0.5322271388474397,-0.8466016020976267,0.0
0.0,0.0,0.0,1.0,0.0,0.0,0.0,0.0,0.0,0.0,0.5027907197793043,-0.8644081744776648,0.0
0.0,0.0,0.0,1.0,0.0,0.0,0.0,0.0,0.0,0.0,0.4878471454423119,-0.8729290708206411,0.0
0.0,0.0,0.0,1.0,0.0,0.0,0.0,0.0,0.0,0.0,0.4575313760742512,-0.8891934772070711,0.0
0.0,0.0,0.0,1.0,0.0,0.0,0.0,0.0,0.0,0.0,0.44216815196707204,-0.8969321743510065,0.0
0.0,0.0,0.0,1.0,0.0,0.0,0.0,0.0,0.0,0.0,0.42667408318992467,-0.9044054548343001,0.0
0.0,0.0,0.0,1.0,0.0,0.0,0.0,0.0,0.0,0.0,0.4110537546870351,-0.9116111071930239,0.0
0.0,0.0,0.0,1.0,0.0,0.0,0.0,0.0,0.0,0.0,0.3953117887649151,-0.9185469991587165,0.0
0.0,0.0,0.0,1.0,0.0,0.0,0.0,0.0,0.0,0.0,0.37945284372454435,-0.925211078289358,0.0
0.0,0.0,0.0,1.0,0.0,0.0,0.0,0.0,0.0,0.0,0.3474028211842774,-0.9377159910299093,0.0
0.0,0.0,0.0,1.0,0.0,0.0,0.0,0.0,0.0,0.0,0.31494162072895193,-0.9491110448902284,0.0
0.0,0.0,0.0,1.0,0.0,0.0,0.0,0.0,0.0,0.0,0.2985688173637202,-0.9543881083175908,0.0
0.0,0.0,0.0,1.0,0.0,0.0,0.0,0.0,0.0,0.0,0.2821076626819194,-0.9593827529490743,0.0
0.0,0.0,0.0,1.0,0.0,0.0,0.0,0.0,0.0,0.0,0.26556302780405594,-0.9640935007889755,0.0
0.0,0.0,0.0,1.0,0.0,0.0,0.0,0.0,0.0,0.0,0.24893980855376657,-0.9685189578512204,0.0
0.0,0.0,0.0,1.0,0.0,0.0,0.0,0.0,0.0,0.0,0.21547731504673012,-0.976508846196619,0.0
0.0,0.0,0.0,1.0,0.0,0.0,0.0,0.0,0.0,0.0,0.19864794288017112,-0.9800709131432666,0.0
0.0,0.0,0.0,1.0,0.0,0.0,0.0,0.0,0.0,0.0,0.18175978759137534,-0.9833429613388902,0.0
0.0,0.0,0.0,1.0,0.0,0.0,0.0,0.0,0.0,0.0,0.14782713347053048,-0.9890132145779883,0.0
0.0,0.0,0.0,1.0,0.0,0.0,0.0,0.0,0.0,0.0,0.13079267585675922,-0.9914097417023038,0.0
0.0,0.0,0.0,1.0,0.0,0.0,0.0,0.0,0.0,0.0,0.0966127018812031,-0.9953220513156602,0.0
0.0,0.0,0.0,1.0,0.0,0.0,0.0,0.0,0.0,0.0,0.07947729992362097,-0.9968366760893436,0.0
0.0,0.0,0.0,1.0,0.0,0.0,0.0,0.0,0.0,0.0,0.02795029824021032,-0.999609314096404,0.0
0.0,0.0,0.0,1.0,0.0,0.0,0.0,0.0,0.0,0.0,0.01075130776352193,-0.9999422030204416,0.0
0.0,0.0,0.0,1.0,11.91666666666697,0.0,9.0,16.0,-0.1032138271696824,43.0,-0.00645086419810515,-0.9999791929590823,3.44
0.0,0.0,0.0,1.0,24.2000000000003,0.0,20.0,19.0,-0.44937141765940014,47.0,-0.023651127245231586,-0.9997202729664083,2.89
0.0,0.0,0.0,1.0,41.88333333333364,0.0,34.0,15.0,-0.6126658731494417,46.0,-0.04084439154329611,-0.9991655196610109,5.4
0.0,0.0,0.0,1.0,53.99333333333363,0.0,34.0,21.0,-1.2185369559043873,48.0,-0.05802556932878035,-0.9983150972033183,5.05
0.0,0.0,0.0,1.0,72.1900000000003,0.0,52.0,23.0,-2.123620674993998,42.0,-0.09233133369539122,-0.9957283388645872,6.26
0.0,0.0,0.0,1.0,79.28666666666696,0.0,58.0,22.0,-2.783611970451029,41.0,-0.12652781683868314,-0.9919630595773397,5.36
0.0,0.0,0.0,1.0,76.4700000000003,0.0,78.0,19.0,-2.727876044824415,42.0,-0.1435724234118113,-0.9896398128792412,5.32
0.0,0.0,0.0,1.0,76.0900000000003,0.0,78.0,22.0,-3.5326399810898628,52.0,-0.16057454459499376,-0.9870237158387383,5.86
0.0,0.0,0.0,1.0,82.1300000000003,0.0,78.0,25.0,-4.438228729675874,47.0,-0.17752914918703497,-0.984115542601034,5.36
0.0,0.0,0.0,1.0,77.5900000000003,0.0,88.0,10.0,-1.9443122004766193,48.0,-0.19443122004766195,-0.9809161537413774,7.3
0.0,0.0,0.0,1.0,79.24000000000031,0.0,127.0,29.0,-6.126996911883199,41.0,-0.2112757555821793,-0.9774264960104055,5.17
0.0,0.0,0.0,1.0,91.4200000000003,0.0,138.0,30.0,-7.343169026917787,42.0,-0.24477230089725957,-0.9695805901076308,6.67
0.0,0.0,0.0,1.0,130.58333333333363,0.0,138.0,29.0,-7.5810175568235305,45.0,-0.2614143985111562,-0.965226663665613,8.62
0.0,0.0,0.0,1.0,142.93666666666698,0.0,155.0,29.0,-8.061395042564623,43.0,-0.2779791393987801,-0.9605871111248129,6.97
0.0,0.0,0.0,1.0,146.2300000000003,9.0,161.0,25.0,-7.36154054467003,39.0,-0.2944616217868012,-0.9556633054034704,8.96
0.0,0.0,0.0,1.0,116.85666666666697,11.0,158.0,15.0,-4.6628545236525545,42.0,-0.3108569682435036,-0.9504567035349151,8.33
0.0,0.0,0.0,1.0,130.53666666666697,14.0,164.0,31.0,-10.141970140784947,41.0,-0.3271603271220951,-0.9449688462364056,8.81
0.0,0.0,0.0,1.0,141.8200000000003,0.0,164.0,28.0,-9.614272471898865,50.0,-0.34336687399638804,-0.939201357453208,8.75
0.0,0.0,0.0,1.0,155.46666666666695,18.0,190.0,36.0,-12.940985271183235,44.0,-0.3594718130884232,-0.9331559438780432,5.22
0.0,0.0,0.0,1.0,162.15333333333362,6.0,200.0,39.0,-15.878049928815813,42.0,-0.4071294853542516,-0.9133704517637858,7.87
0.0,0.0,0.0,1.0,127.23666666666696,20.0,216.0,14.0,-5.918929211757482,46.0,-0.4227806579826773,-0.9062320427107697,7.36
0.0,0.0,0.0,1.0,149.0100000000003,0.0,251.0,37.0,-16.21734875146321,48.0,-0.4383067230125192,-0.898825465016444,7.38
0.0,0.0,0.0,1.0,133.5600000000003,0.0,285.0,37.0,-16.787014183159737,44.0,-0.45370308603134424,-0.8911529104063088,6.16
0.0,0.0,0.0,1.0,176.51666666666696,10.0,277.0,34.0,-15.944816494259483,41.0,-0.46896519100763184,-0.8832166493127127,9.12
0.0,0.0,0.0,1.0,207.58666666666696,39.0,248.0,37.0,-18.465538299475682,44.0,-0.4990686026885319,-0.8665624788845385,11.59
0.0,0.0,0.0,1.0,184.4733333333336,11.0,266.0,17.0,-8.985882582050797,45.0,-0.5285813283559292,-0.8488826652214553,6.82
0.0,0.0,0.0,1.0,209.23666666666693,0.0,273.0,43.0,-23.353525306387564,42.0,-0.5431052396834317,-0.8396646346181327,9.93
0.0,0.0,0.0,1.0,218.3533333333336,17.0,272.0,42.0,-24.01000019471362,48.0,-0.5716666713027052,-0.8204859638785327,10.64
0.0,0.0,0.0,1.0,296.2866666666669,15.0,257.0,43.0,-25.184916811716086,45.0,-0.5856957398073508,-0.8105309990194823,10.98
0.0,0.0,0.0,1.0,262.02000000000027,8.0,249.0,21.0,-13.161260626674933,42.0,-0.6267266965083301,-0.7792391467859886,12.43
0.0,0.0,0.0,1.0,235.78666666666695,20.0,254.0,42.0,-27.432725137731058,53.0,-0.65316012232693,-0.7572198192083127,7.74
0.0,0.0,0.0,1.0,285.8733333333336,0.0,259.0,62.0,-41.29750906338057,51.0,-0.666088855860977,-0.7458723993404063,10.56
0.0,0.0,0.0,1.0,356.4866666666669,44.0,215.0,53.0,-35.97748559827048,49.0,-0.6788204829862355,-0.734304263829602,10.47
0.0,0.0,0.0,1.0,389.7133333333336,16.0,199.0,40.0,-27.654049448376284,45.0,-0.6913512362094071,-0.722518835873311,12.3
0.0,0.0,0.0,1.0,295.1933333333336,36.0,163.0,21.0,-15.031702334935948,46.0,-0.7157953492826642,-0.6983101158835584,12.76
0.0,0.0,0.0,1.0,294.19666666666694,35.0,136.0,59.0,-42.93438706785899,41.0,-0.7277014757264236,-0.6858939875998223,10.07
0.0,0.0,0.0,1.0,309.38666666666694,34.0,156.0,59.0,-43.62414355215952,42.0,-0.7393922635959241,-0.673274892250183,9.95
0.0,0.0,0.0,1.0,369.1200000000003,2.0,154.0,45.0,-33.7888914029527,49.0,-0.7508642533989489,-0.6604565640279754,11.51
0.0,0.0,0.0,1.0,365.3300000000002,10.0,159.0,53.0,-40.392044670624884,47.0,-0.7621140503891487,-0.6474427960827475,10.3
0.0,0.0,0.0,1.0,400.14000000000027,29.0,130.0,53.0,-40.97633125524194,43.0,-0.7731383255706026,-0.6342374393978054,13.64
0.0,0.0,0.0,1.0,420.20666666666693,7.0,150.0,69.0,-54.09143335112148,48.0,-0.7839338166829201,-0.620844401650647,9.1
0.0,0.0,0.0,1.0,366.096666666667,16.0,134.0,23.0,-18.273438570831782,45.0,-0.7944973291665992,-0.6072676460566135,13.3
0.0,0.0,0.0,1.0,366.72000000000025,0.0,134.0,59.0,-47.484718489392364,45.0,-0.8048257371083452,-0.593511190196115,12.12
0.0,0.0,0.0,1.0,409.54000000000025,0.0,134.0,60.0,-48.89495904996475,45.0,-0.8149159841660791,-0.5795791048257612,13.48
0.0,0.0,0.0,1.0,523.4766666666669,25.0,120.0,60.0,-49.485905068401685,47.0,-0.8247650844733614,-0.5654755126737576,13.67
0.0,0.0,0.0,1.0,448.71333333333354,5.0,124.0,27.0,-23.26570604287701,46.0,-0.8616928164028522,-0.5074302810827518,14.3
0.0,0.0,0.0,1.0,513.9366666666668,0.0,124.0,63.0,-55.35416213214301,48.0,-0.8786374941610001,-0.4774894280028391,17.06
0.0,0.0,0.0,1.0,557.7100000000002,0.0,125.0,70.0,-62.070474415809514,45.0,-0.886721063082993,-0.46230483047981086,14.76
0.0,0.0,0.0,1.0,700.1166666666669,0.0,139.0,64.0,-57.25070316649278,39.0,-0.8945422369764496,-0.4469834295196741,17.47
0.0,0.0,0.0,1.0,667.2200000000003,8.0,137.0,67.0,-60.440612995822306,45.0,-0.9020987014301837,-0.43152975897147144,14.43
0.0,0.0,0.0,1.0,551.4600000000003,54.0,111.0,31.0,-28.40866773752472,46.0,-0.9164086366943458,-0.4002439388573056,16.1
0.0,0.0,0.0,1.0,484.3600000000002,0.0,134.0,74.0,-68.31368259938809,40.0,-0.9231578729647039,-0.38442104726885545,10.65
0.0,0.0,0.0,1.0,655.9433333333335,15.0,124.0,62.0,-57.63730378203271,46.0,-0.9296339319682695,-0.3684843993077793,18.02
0.0,0.0,0.0,1.0,862.2800000000002,0.0,140.0,70.0,-65.50844281344959,43.0,-0.9358348973349941,-0.35243871088460327,20.84
0.0,0.0,0.0,1.0,886.8533333333336,27.0,153.0,67.0,-63.09784858466393,47.0,-0.9417589340994617,-0.33628873017668287,12.54
0.0,0.0,0.0,1.0,684.9666666666668,0.0,179.0,78.0,-73.897534561023,47.0,-0.9474042892438845,-0.32003923622313857,10.49
0.0,0.0,0.0,1.0,670.9833333333336,0.0,179.0,76.0,-72.41046620848068,45.0,-0.9527692922168511,-0.30369503751065885,17.93
0.0,0.0,0.0,1.0,1090.91,0.0,180.0,26.0,-24.90416124111934,47.0,-0.9578523554276669,-0.28726097055059635,16.19
0.0,0.0,0.0,1.0,1069.8800000000003,11.0,204.0,56.0,-54.16133686867295,47.0,-0.9671667297977312,-0.2541427094613622,13.23
0.0,0.0,0.0,1.0,1005.8266666666668,9.0,235.0,81.0,-79.29809877301548,43.0,-0.9789888737409319,-0.20391367068311472,13.78
0.0,0.0,0.0,1.0,735.9800000000001,0.0,235.0,87.0,-85.46459449368237,47.0,-0.9823516608469237,-0.18704334906991657,16.74
0.0,0.0,0.0,1.0,963.3266666666668,1.0,235.0,89.0,-87.95017780447866,51.0,-0.9882042449941422,-0.15314166701312007,18.8
0.0,0.0,0.0,1.0,1160.9000000000003,14.0,221.0,87.0,-86.1902309840558,48.0,-0.9906923101615609,-0.13612033862266704,22.09
0.0,0.0,0.0,1.0,1199.3400000000001,6.0,215.0,89.0,-88.36696200467696,47.0,-0.9928872135356962,-0.11905873003404988,18.51
0.0,0.0,0.0,1.0,1201.3700000000001,28.0,206.0,75.0,-74.72962678640424,48.0,-0.9963950238187231,-0.08483487790576538,23.43
0.0,0.0,0.0,1.0,1078.756666666667,23.0,210.0,84.0,-83.80737898764981,44.0,-0.9977068927101168,-0.06768276175455162,17.33
0.0,0.0,0.0,1.0,802.4566666666668,5.0,227.0,31.0,-30.960429246492314,45.0,-0.9987235240803972,-0.050510617185222886,14.23
0.0,0.0,0.0,1.0,728.566666666667,16.0,231.0,83.0,-82.95390321863482,40.0,-0.9994446170919858,-0.033323525711631344,17.99
0.0,0.0,0.0,1.0,1656.926666666667,40.0,218.0,98.0,-97.9872559194622,46.0,-0.9998699583618592,-0.016126573270657762,16.73
0.0,0.0,0.0,1.0,2014.6966666666667,26.0,193.0,91.0,-90.99994740424702,43.0,-0.9999994220246925,0.001075151282798226,22.89
0.0,0.0,0.0,1.0,2080.09,0.0,232.0,98.0,-97.9383237836917,45.0,-0.9993706508539969,0.03547255575312556,17.81
0.0,0.0,0.0,1.0,1038.8566666666668,1.0,328.0,97.0,-96.86542240214541,46.0,-0.9986126020839734,0.052658056924614005,9.31
0.0,0.0,0.0,1.0,584.066666666667,35.0,293.0,0.0,-0.0,0.0,-0.9975590477788613,0.06982797572987089,0.0
0.0,0.0,0.0,1.0,200.16666666666697,40.0,253.0,0.0,-0.0,0.0,-0.9962102997023297,0.0869772313136861,0.0
0.0,0.0,0.0,1.0,0.0,0.0,253.0,0.0,-0.0,0.0,-0.9945667569706337,0.1041007489354256,0.0
0.0,0.0,0.0,1.0,0.0,1.0,252.0,0.0,-0.0,0.0,-0.9926289059345095,0.121193461470736,0.0
0.0,0.0,0.0,1.0,0.0,0.0,252.0,0.0,-0.0,0.0,-0.9878726596350429,0.15526624985999563,0.0
0.0,0.0,0.0,1.0,0.0,0.0,252.0,0.0,-0.0,0.0,-0.9850556718215013,0.172236243027682,0.0
0.0,0.0,0.0,1.0,0.0,19.0,233.0,0.0,-0.0,0.0,-0.9785481345802031,0.20601832032517084,0.0
0.0,0.0,0.0,1.0,0.0,27.0,206.0,0.0,-0.0,0.0,-0.9748595108374125,0.22282040779479959,0.0
0.0,0.0,0.0,1.0,0.0,22.0,184.0,0.0,-0.0,0.0,-0.9708824104813836,0.23955655912092708,0.0
0.0,0.0,0.0,1.0,0.0,20.0,164.0,0.0,-0.0,0.0,-0.9620675724981452,0.27281126433401914,0.0
0.0,0.0,0.0,1.0,0.0,27.0,137.0,0.0,-0.0,0.0,-0.957232443323312,0.28931997761869527,0.0
0.0,0.0,0.0,1.0,0.0,1.0,136.0,0.0,-0.0,0.0,-0.9521140536681102,0.3057430764672831,0.0
0.0,0.0,0.0,1.0,0.0,39.0,97.0,0.0,-0.0,0.0,-0.9350748843515574,0.3544502230989869,0.0
0.0,0.0,0.0,1.0,0.0,97.0,0.0,0.0,-0.0,0.0,-0.9288394302558068,0.3704825404820963,0.0
0.0,0.0,0.0,1.0,0.0,0.0,0.0,0.0,-0.0,0.0,-0.9223291176290545,0.3864052261209853,0.0
0.0,0.0,0.0,1.0,0.0,0.0,0.0,0.0,-0.0,0.0,-0.9155458729775467,0.40221356823680365,0.0
0.0,0.0,0.0,1.0,0.0,0.0,0.0,0.0,-0.0,0.0,-0.9084917035725082,0.41790288888678667,0.0
0.0,0.0,0.0,1.0,0.0,0.0,0.0,0.0,-0.0,0.0,-0.9011686968561569,0.4334685453485363,0.0
0.0,0.0,0.0,1.0,0.0,0.0,0.0,0.0,-0.0,0.0,-0.8935790198239952,0.4489059314938798,0.0
0.0,0.0,0.0,1.0,0.0,0.0,0.0,0.0,-0.0,0.0,-0.8857249183835637,0.4642104791518923,0.0
0.0,0.0,0.0,1.0,0.0,0.0,0.0,0.0,-0.0,0.0,-0.8776087166898392,0.4793776594606945,0.0
0.0,0.0,0.0,1.0,0.0,0.0,0.0,0.0,-0.0,0.0,-0.8692328164574792,0.49440298420761813,0.0
0.0,0.0,0.0,1.0,0.0,0.0,0.0,0.0,-0.0,0.0,-0.8605996962501181,0.5092820071573356,0.0
0.0,0.0,0.0,1.0,0.0,0.0,0.0,0.0,-0.0,0.0,-0.8331829385891785,0.5529974600700271,0.0
0.0,0.0,0.0,1.0,0.0,0.0,0.0,0.0,-0.0,0.0,-0.8235472349556007,0.5672476988027229,0.0
0.0,0.0,0.0,1.0,0.0,0.0,0.0,0.0,-0.0,0.0,-0.8136678304455991,0.5813300798152042,0.0
0.0,0.0,0.0,1.0,0.0,0.0,0.0,0.0,-0.0,0.0,-0.7931896839451843,0.6089746507720486,0.0
0.0,0.0,0.0,1.0,0.0,0.0,0.0,0.0,-0.0,0.0,-0.7825970017677834,0.6225286602431057,0.0
0.0,0.0,0.0,1.0,0.0,0.0,0.0,0.0,-0.0,0.0,-0.7607200913564104,0.6490800741100398,0.0
0.0,0.0,0.0,1.0,0.0,0.0,0.0,0.0,-0.0,0.0,-0.7494423368521954,0.6620696215153815,0.0
0.0,0.0,0.0,1.0,0.0,0.0,0.0,0.0,-0.0,0.0,-0.7379428103031386,0.6748632518680403,0.0
0.0,0.0,0.0,1.0,0.0,0.0,0.0,0.0,-0.0,0.0,-0.7262249146041543,0.6874571793269664,0.0
0.0,0.0,0.0,1.0,0.0,0.0,0.0,0.0,-0.0,0.0,-0.7142921172691032,0.699847677146407,0.0
0.0,0.0,0.0,1.0,0.0,0.0,0.0,0.0,-0.0,0.0,-0.7021479494046978,0.7120310787787131,0.0
0.0,0.0,0.0,1.0,0.0,0.0,0.0,0.0,-0.0,0.0,-0.6772399381909491,0.7357622347736527,0.0
0.0,0.0,0.0,1.0,0.0,0.0,0.0,0.0,-0.0,0.0,-0.6644834655228552,0.7473029667054296,0.0
0.0,0.0,0.0,1.0,0.0,0.0,0.0,0.0,-0.0,0.0,-0.6383844591746642,0.7697176640069211,0.0
0.0,0.0,0.0,1.0,0.0,0.0,0.0,0.0,-0.0,0.0,-0.6250496486104377,0.7805849965070866,0.0
0.0,0.0,0.0,1.0,0.0,0.0,0.0,0.0,-0.0,0.0,-0.6115298757991053,0.7912213413483807,0.0
0.0,0.0,0.0,1.0,0.0,0.0,0.0,0.0,-0.0,0.0,-0.5978291414589552,0.801623551065242,0.0
0.0,0.0,0.0,1.0,0.0,0.0,0.0,0.0,-0.0,0.0,-0.5839514998576998,0.8117885474764613,0.0
0.0,0.0,0.0,1.0,0.0,0.0,0.0,0.0,-0.0,0.0,-0.5699010576127624,0.8217133225960589,0.0
0.0,0.0,0.0,1.0,0.0,0.0,0.0,0.0,-0.0,0.0,-0.5412984521036173,0.8408305333122887,0.0
0.0,0.0,0.0,1.0,0.0,0.0,0.0,0.0,-0.0,0.0,-0.5267547528105542,0.8500173118187018,0.0
0.0,0.0,0.0,1.0,0.0,0.0,0.0,0.0,-0.0,0.0,-0.4822058478963526,0.8760579434344281,0.0
0.0,0.0,0.0,1.0,0.0,0.0,0.0,0.0,-0.0,0.0,-0.46706492487743034,0.8842230238742036,0.0
0.0,0.0,0.0,1.0,0.0,0.0,0.0,0.0,-0.0,0.0,-0.42083100859565564,0.9071390534005044,0.0
0.0,0.0,0.0,1.0,0.0,0.0,0.0,0.0,-0.0,0.0,-0.37347653741307074,0.9276396261490467,0.0
0.0,0.0,0.0,1.0,0.0,0.0,0.0,0.0,-0.0,0.0,-0.3574644155648614,0.9339267592294762,0.0
0.0,0.0,0.0,1.0,0.0,0.0,0.0,0.0,-0.0,0.0,-0.34134651424503615,0.9399375283564133,0.0
0.0,0.0,0.0,1.0,0.0,0.0,0.0,0.0,-0.0,0.0,-0.3251276029999093,0.9456701548465688,0.0
0.0,0.0,0.0,1.0,0.0,0.0,0.0,0.0,-0.0,0.0,-0.30881248126625377,0.9511229423235357,0.0
0.0,0.0,0.0,1.0,0.0,0.0,0.0,0.0,-0.0,0.0,-0.27591294500296043,0.9611826292540837,0.0
0.0,0.0,0.0,1.0,0.0,0.0,0.0,0.0,-0.0,0.0,-0.2593382659754056,0.9657865518844574,0.0
0.0,0.0,0.0,1.0,0.0,0.0,0.0,0.0,-0.0,0.0,-0.2426868445825954,0.9701046827361175,0.0
0.0,0.0,0.0,1.0,0.0,0.0,0.0,0.0,-0.0,0.0,-0.22596360824801906,0.974135744004672,0.0
0.0,0.0,0.0,1.0,0.0,0.0,0.0,0.0,-0.0,0.0,-0.20917350564635637,0.9778785428342386,0.0
0.0,0.0,0.0,1.0,0.0,0.0,0.0,0.0,-0.0,0.0,-0.19232150523909483,0.9813319716704275,0.0
0.0,0.0,0.0,1.0,0.0,0.0,0.0,0.0,-0.0,0.0,-0.17541259380427843,0.9844950085880858,0.0
0.0,0.0,0.0,1.0,0.0,0.0,0.0,0.0,-0.0,0.0,-0.15845177496083632,0.9873667175937016,0.0
0.0,0.0,0.0,1.0,0.0,0.0,0.0,0.0,-0.0,0.0,-0.14144406768794202,0.9899462489023779,0.0
0.0,0.0,0.0,1.0,0.0,0.0,0.0,0.0,-0.0,0.0,-0.12439450483979998,0.9922328391893008,0.0
0.0,0.0,0.0,1.0,0.0,0.0,0.0,0.0,-0.0,0.0,-0.10730813165636247,0.9942258118156161,0.0
0.0,0.0,0.0,1.0,0.0,0.0,0.0,0.0,-0.0,0.0,-0.07304518821104743,0.9973286321364752,0.0
0.0,0.0,0.0,1.0,0.0,0.0,0.0,0.0,-0.0,0.0,-0.03869579017652689,0.9992510374388481,0.0
0.0,0.0,0.0,1.0,0.0,0.0,0.0,0.0,-0.0,0.0,-0.021501372740813793,0.999768818762748,0.0
0.0,0.0,0.0,1.0,0.0,0.0,0.0,0.0,-0.0,0.0,-0.004300592702981974,0.9999907524084426,0.0
0.0,0.0,0.0,1.0,0.0,0.0,0.0,0.0,0.0,0.0,0.017201575418260506,0.9998520419557735,0.0
0.0,0.0,0.0,1.0,0.0,0.0,0.0,0.0,0.0,0.0,0.03439806061360801,0.9994082116062598,0.0
0.0,0.0,0.0,1.0,0.0,0.0,0.0,0.0,0.0,0.0,0.051584366869408364,0.9986686402879997,0.0
0.0,0.0,0.0,1.0,0.0,0.0,0.0,0.0,0.0,0.0,0.06875540848113941,0.9976335468520451,0.0
0.0,0.0,0.0,1.0,0.0,0.0,0.0,0.0,0.0,0.0,0.08590610426133272,0.9963032375991965,0.0
0.0,0.0,0.0,1.0,0.0,0.0,0.0,0.0,0.0,0.0,0.10303137904317879,0.9946781061893646,0.0
0.0,0.0,0.0,1.0,0.0,0.0,0.0,0.0,0.0,0.0,0.1201261651823505,0.9927586335250793,0.0
0.0,0.0,0.0,1.0,0.0,0.0,0.0,0.0,0.0,0.0,0.13718540405660057,0.9905453876091833,0.0
0.0,0.0,0.0,1.0,0.0,0.0,0.0,0.0,0.0,0.0,0.1542040475626894,0.988039023376751,0.0
0.0,0.0,0.0,1.0,0.0,0.0,0.0,0.0,0.0,0.0,0.17117705961019986,0.985240282501282,0.0
0.0,0.0,0.0,1.0,0.0,0.0,0.0,0.0,0.0,0.0,0.20496611396949532,0.9787690698649216,0.0
0.0,0.0,0.0,1.0,0.0,0.0,0.0,0.0,0.0,0.0,0.22177215755648186,0.975098513039961,0.0
0.0,0.0,0.0,1.0,0.0,0.0,0.0,0.0,0.0,0.0,0.23851257519407648,0.9711394088771653,0.0
0.0,0.0,0.0,1.0,0.0,0.0,0.0,0.0,0.0,0.0,0.2551824131233728,0.9668929289391521,0.0
0.0,0.0,0.0,1.0,0.0,0.0,0.0,0.0,0.0,0.0,0.2882906407095177,0.9575429528116719,0.0
0.0,0.0,0.0,1.0,0.0,0.0,0.0,0.0,0.0,0.0,0.3047192331091634,0.9524422234305676,0.0
0.0,0.0,0.0,1.0,0.0,0.0,0.0,0.0,0.0,0.0,0.321057654185271,0.9470596510722283,0.0
0.0,0.0,0.0,1.0,0.0,0.0,0.0,0.0,0.0,0.0,0.3534446712740877,0.9354554315134164,0.0
0.0,0.0,0.0,1.0,0.0,0.0,0.0,0.0,0.0,0.0,0.3694836834473831,0.9292372181882051,0.0
0.0,0.0,0.0,1.0,0.0,0.0,0.0,0.0,0.0,0.0,0.4012289854475009,0.9159777842484877,0.0
0.0,0.0,0.0,1.0,0.0,0.0,0.0,0.0,0.0,0.0,0.4169258813287287,0.908940487313808,0.0
0.0,0.0,0.0,1.0,0.0,0.0,0.0,0.0,0.0,0.0,0.4324994021339788,0.901634220265486,0.0
0.0,0.0,0.0,1.0,0.0,0.0,0.0,0.0,0.0,0.0,0.44794493940789115,0.8940611451454876,0.0
0.0,0.0,0.0,1.0,0.0,0.0,0.0,0.0,0.0,0.0,0.4632579225674917,0.88622350294858,0.0
0.0,0.0,0.0,1.0,0.0,0.0,0.0,0.0,0.0,0.0,0.49346814167723735,0.8697638720650646,0.0
0.0,0.0,0.0,1.0,0.0,0.0,0.0,0.0,0.0,0.0,0.5083564379375122,0.8611467540480452,0.0
0.0,0.0,0.0,1.0,0.0,0.0,0.0,0.0,0.0,0.0,0.5376773767406141,0.8431506618282,0.0
0.0,0.0,0.0,1.0,0.0,0.0,0.0,0.0,0.0,0.0,0.5521013427459208,0.8337770129585915,0.0
0.0,0.0,0.0,1.0,0.0,0.0,0.0,0.0,0.0,0.0,0.5663619330814524,0.8241566360566663,0.0
0.0,0.0,0.0,1.0,0.0,0.0,0.0,0.0,0.0,0.0,0.580454927809098,0.8142923779467267,0.0
0.0,0.0,0.0,1.0,0.0,0.0,0.0,0.0,0.0,0.0,0.5943761565849831,0.804187157621448,0.0
0.0,0.0,0.0,1.0,0.0,0.0,0.0,0.0,0.0,0.0,0.6612634749656386,0.7501537286959042,0.0
0.0,0.0,0.0,1.0,0.0,0.0,0.0,0.0,0.0,0.0,0.6740694616546161,0.7386679638813748,0.0
0.0,0.0,0.0,1.0,0.0,0.0,0.0,0.0,0.0,0.0,0.6866759803451553,0.726963615332308,0.0
0.0,0.0,0.0,1.0,0.0,0.0,0.0,0.0,0.0,0.0,0.6990793005655562,0.7150441465537444,0.0
0.0,0.0,0.0,1.0,0.0,0.0,0.0,0.0,0.0,0.0,0.7112757519738152,0.7029130847082615,0.0
0.0,0.0,0.0,1.0,0.0,0.0,0.0,0.0,0.0,0.0,0.7232617254437388,0.6905740195722293,0.0
0.0,0.0,0.0,1.0,0.0,0.0,0.0,0.0,0.0,0.0,0.7350336741329413,0.6780306024735382,0.0
0.0,0.0,0.0,1.0,0.0,0.0,0.0,0.0,0.0,0.0,0.746588114532413,0.6652865452111116,0.0
0.0,0.0,0.0,1.0,0.0,0.0,0.0,0.0,0.0,0.0,0.7579216274973472,0.6523456189565257,0.0
0.0,0.0,0.0,1.0,0.0,0.0,0.0,0.0,0.0,0.0,0.7690308592589181,0.6392116531380588,0.0
0.0,0.0,0.0,1.0,0.0,0.0,0.0,0.0,0.0,0.0,0.7799125224167177,0.6258885343075018,0.0
0.0,0.0,0.0,1.0,0.0,0.0,0.0,0.0,0.0,0.0,0.7905633969115482,0.612380204990065,0.0
0.0,0.0,0.0,1.0,0.0,0.0,0.0,0.0,0.0,0.0,0.8111602420785621,0.5848239578463322,0.0
0.0,0.0,0.0,1.0,0.0,0.0,0.0,0.0,0.0,0.0,0.8211001178128892,0.5707841943569036,0.0
0.0,0.0,0.0,1.0,0.0,0.0,0.0,0.0,0.0,0.0,0.8402480696078469,0.5422021592729844,0.0
0.0,0.0,0.0,1.0,0.0,0.0,0.0,0.0,0.0,0.0,0.8494504794814806,0.527668345562516,0.0
0.0,0.0,0.0,1.0,0.0,0.0,0.0,0.0,0.0,0.0,0.8584015232918917,0.512978386299228,0.0
0.0,0.0,0.0,1.0,0.0,0.0,0.0,0.0,0.0,0.0,0.8670985522812081,0.4981366284784055,0.0
0.0,0.0,0.0,1.0,0.0,0.0,0.0,0.0,0.0,0.0,0.8755389928586302,0.4831474640149687,0.0
0.0,0.0,0.0,1.0,0.0,0.0,0.0,0.0,0.0,0.0,0.8837203473619977,0.4680153284438345,0.0
0.0,0.0,0.0,1.0,0.0,0.0,0.0,0.0,0.0,0.0,0.8992961915530253,0.4373400963303323,0.0
0.0,0.0,0.0,1.0,0.0,0.0,0.0,0.0,0.0,0.0,0.9066860720977985,0.4218060770826634,0.0
0.0,0.0,0.0,1.0,0.0,0.0,0.0,0.0,0.0,0.0,0.9138076496466615,0.4061472386305789,0.0
0.0,0.0,0.0,1.0,0.0,0.0,0.0,0.0,0.0,0.0,0.9206588168102428,0.3903682146763026,0.0
0.0,0.0,0.0,1.0,0.0,0.0,0.0,0.0,0.0,0.0,0.9272375462179537,0.374473674486883,0.0
0.0,0.0,0.0,1.0,0.0,0.0,0.0,0.0,0.0,0.0,0.9395699859530622,0.342356891994542,0.0
0.0,0.0,0.0,1.0,0.0,0.0,0.0,0.0,0.0,0.0,0.945320046913132,0.3261441535642696,0.0
0.0,0.0,0.0,1.0,0.0,0.0,0.0,0.0,0.0,0.0,0.9559793438440766,0.2934339689665273,0.0
0.0,0.0,0.0,1.0,0.0,0.0,0.0,0.0,0.0,0.0,0.969843196967294,0.24372971360968387,0.0
0.0,0.0,0.0,1.0,0.0,0.0,0.0,0.0,0.0,0.0,0.9776530844816641,0.2102247521189836,0.0
0.0,0.0,0.0,1.0,0.0,0.0,0.0,0.0,0.0,0.0,0.981124629771712,0.19337647441020586,0.0
0.0,0.0,0.0,1.0,0.0,0.0,0.0,0.0,0.0,0.0,0.984305844499033,0.17647097349152166,0.0
0.0,0.0,0.0,1.0,0.0,0.0,0.0,0.0,0.0,0.0,0.9871957872910085,0.15951325197263655,0.0
0.0,0.0,0.0,1.0,0.0,0.0,0.0,0.0,0.0,0.0,0.992098522791769,0.12546123335273648,0.0
0.0,0.0,0.0,1.0,0.0,0.0,0.0,0.0,0.0,0.0,0.9958270335100595,0.09126072172931188,0.0
0.0,0.0,0.0,1.0,0.0,0.0,0.0,0.0,0.0,0.0,0.998376906467142,0.056952196034039754,0.0
0.0,0.0,0.0,1.0,0.0,0.0,0.0,0.0,0.0,0.0,0.9992088560679753,0.03977011384605572,0.0
0.0,0.0,0.0,1.0,0.0,0.0,0.0,0.0,0.0,0.0,0.9999300657962057,-0.011826390691832589,0.0
0.0,0.0,0.0,1.0,0.0,0.0,0.0,0.0,0.0,0.0,0.9995786855478958,-0.029025013321975237,0.0
0.0,0.0,0.0,1.0,0.0,0.0,0.0,0.0,0.0,0.0,0.9989315138848577,-0.046215046983708354,0.0
0.0,0.0,0.0,1.0,0.0,0.0,0.0,0.0,0.0,0.0,0.9979887423155984,-0.06339140486951038,0.0
0.0,0.0,0.0,1.0,0.0,0.0,0.0,0.0,0.0,0.0,0.9952176027737294,-0.09768276782171598,0.0
0.0,0.0,0.0,1.0,0.0,0.0,0.0,0.0,0.0,0.0,0.9933900548258936,-0.11478762552212701,0.0
0.0,0.0,0.0,1.0,0.0,0.0,0.0,0.0,0.0,0.0,0.9888537064205885,-0.1488903868564548,0.0
0.0,0.0,0.0,1.0,0.0,0.0,0.0,0.0,0.0,0.0,0.986146248341595,-0.16587819893463143,0.0
0.0,0.0,0.0,1.0,0.0,0.0,0.0,0.0,0.0,0.0,0.9831469737221499,-0.1828169249850199,0.0
0.0,0.0,0.0,1.0,0.0,0.0,0.0,0.0,0.0,0.0,0.9798567700958665,-0.1997015525660636,0.0
0.0,0.0,0.0,1.0,0.0,0.0,0.0,0.0,0.0,0.0,0.9762766110869321,-0.21652708524481437,0.0
0.0,0.0,0.0,1.0,0.0,0.0,0.0,0.0,0.0,0.0,0.9724075561219968,-0.23328854407545518,0.0
0.0,0.0,0.0,1.0,0.0,0.0,0.0,0.0,0.0,0.0,0.9682507501166718,-0.2499809690726521,0.0
0.0,0.0,0.0,1.0,0.0,0.0,0.0,0.0,0.0,0.0,0.9638074231367307,-0.26659942067929354,0.0
0.0,0.0,0.0,1.0,0.0,0.0,0.0,0.0,0.0,0.0,0.9590788900341131,-0.28313898122818354,0.0
0.0,0.0,0.0,1.0,0.0,0.0,0.0,0.0,0.0,0.0,0.9487718864399473,-0.31596187665790293,0.0
0.0,0.0,0.0,1.0,0.0,0.0,0.0,0.0,0.0,0.0,0.9373419384643772,-0.3484108069446808,0.0
0.0,0.0,0.0,1.0,0.0,0.0,0.0,0.0,0.0,0.0,0.9248025743285089,-0.38044736628785164,0.0
0.0,0.0,0.0,1.0,0.0,0.0,0.0,0.0,0.0,0.0,0.9181214482844364,-0.39629913726891813,0.0
0.0,0.0,0.0,1.0,0.0,0.0,0.0,0.0,0.0,0.0,0.9111686353326631,-0.41203363695942635,0.0
0.0,0.0,0.0,1.0,0.0,0.0,0.0,0.0,0.0,0.0,0.9039461929224011,-0.42764620926777464,0.0
0.0,0.0,0.0,1.0,0.0,0.0,0.0,0.0,0.0,0.0,0.8964562582905575,-0.44313223418263453,0.0
0.0,0.0,0.0,1.0,0.0,0.0,0.0,0.0,0.0,0.0,0.8887010478292915,-0.45848712914008766,0.0
0.0,0.0,0.0,1.0,0.0,0.0,0.0,0.0,0.0,0.0,0.8806828564301475,-0.47370635037968,0.0
0.0,0.0,0.0,1.0,0.0,0.0,0.0,0.0,0.0,0.0,0.8724040568049612,-0.48878539428899265,0.0
0.0,0.0,0.0,1.0,0.0,0.0,0.0,0.0,0.0,0.0,0.8550745085896932,-0.518505144391157,0.0
0.0,0.0,0.0,1.0,0.0,0.0,0.0,0.0,0.0,0.0,0.8460288880917339,-0.533137056031809,0.0
0.0,0.0,0.0,1.0,0.0,0.0,0.0,0.0,0.0,0.0,0.8367329140344921,-0.5476112038402312,0.0
0.0,0.0,0.0,1.0,0.0,0.0,0.0,0.0,0.0,0.0,0.8174009818249189,-0.5760691233798758,0.0
0.0,0.0,0.0,1.0,0.0,0.0,0.0,0.0,0.0,0.0,0.8073707443023492,-0.5900444739548627,0.0
0.0,0.0,0.0,1.0,0.0,0.0,0.0,0.0,0.0,0.0,0.7971015927871943,-0.6038452208771035,0.0
0.0,0.0,0.0,1.0,0.0,0.0,0.0,0.0,0.0,0.0,0.7865965660866021,-0.6174672802835514,0.0
0.0,0.0,0.0,1.0,0.0,0.0,0.0,0.0,0.0,0.0,0.7758587728069828,-0.6309066211876704,0.0
0.0,0.0,0.0,1.0,0.0,0.0,0.0,0.0,0.0,0.0,0.7648913904341225,-0.6441592666722685,0.0
0.0,0.0,0.0,1.0,0.0,0.0,0.0,0.0,0.0,0.0,0.753697664392914,-0.6572212950663319,0.0
0.0,0.0,0.0,1.0,0.0,0.0,0.0,0.0,0.0,0.0,0.7187918772884232,-0.6952253139408722,0.0
0.0,0.0,0.0,1.0,0.0,0.0,0.0,0.0,0.0,0.0,0.7067265555776158,-0.7074868024503348,0.0
0.0,0.0,0.0,1.0,0.0,0.0,0.0,0.0,0.0,0.0,0.6944521021088763,-0.719538934232584,0.0
0.0,0.0,0.0,1.0,0.0,0.0,0.0,0.0,0.0,0.0,0.6819721490904629,-0.7313781428679254,0.0
0.0,0.0,0.0,1.0,0.0,0.0,0.0,0.0,0.0,0.0,0.6692903895412567,-0.7430009249440493,0.0
0.0,0.0,0.0,1.0,24.803333333333637,0.0,25.0,21.0,13.510066928494327,39.0,0.6433365204044917,-0.765583517007675,5.86
0.0,0.0,0.0,1.0,36.30333333333363,0.0,25.0,3.0,1.890216272953106,50.0,0.6300720909843687,-0.7765366444428655,16.67
0.0,0.0,0.0,1.0,73.37666666666696,0.0,68.0,27.0,16.648772753582232,47.0,0.6166212130956382,-0.7872599821916922,6.15
0.0,0.0,0.0,1.0,83.14000000000031,0.0,96.0,26.0,15.318578268039705,39.0,0.5891760872322963,-0.8080046647350754,6.54
0.0,0.0,0.0,1.0,123.99666666666697,0.0,96.0,24.0,13.80455905708746,49.0,0.5751899607119775,-0.8180198708443174,9.42
0.0,0.0,0.0,1.0,152.75666666666697,0.0,102.0,30.0,16.831008786851033,39.0,0.5610336262283677,-0.8277930117131022,10.53
0.0,0.0,0.0,1.0,132.4900000000003,0.0,265.0,12.0,6.386725666169276,46.0,0.5322271388474397,-0.8466016020976267,5.42
0.0,0.0,0.0,1.0,164.50333333333364,0.0,269.0,34.0,16.586802945038606,54.0,0.4878471454423119,-0.8729290708206411,10.41
0.0,0.0,0.0,1.0,152.21666666666695,0.0,306.0,27.0,12.764498650729495,43.0,0.47275920928627757,-0.881191653407483,9.3
0.0,0.0,0.0,1.0,248.16666666666697,0.0,308.0,38.0,17.386192290821548,48.0,0.4575313760742512,-0.8891934772070711,12.89
0.0,0.0,0.0,1.0,252.19666666666694,0.0,330.0,36.0,14.797935168733263,44.0,0.4110537546870351,-0.9116111071930239,11.33
0.0,0.0,0.0,1.0,300.8500000000003,0.0,370.0,41.0,16.20778333936152,51.0,0.3953117887649151,-0.9185469991587165,10.68
0.0,0.0,0.0,1.0,291.6933333333336,0.0,370.0,34.0,12.901396686634508,47.0,0.37945284372454435,-0.925211078289358,13.12
0.0,0.0,0.0,1.0,316.02000000000027,0.0,370.0,36.0,11.923964200860715,49.0,0.3312212278016865,-0.9435531242349544,13.92
0.0,0.0,0.0,1.0,262.326666666667,25.0,345.0,18.0,5.668949173121135,48.0,0.31494162072895193,-0.9491110448902284,11.89
0.0,0.0,0.0,1.0,277.38333333333367,0.0,347.0,35.0,10.449908607730208,49.0,0.2985688173637202,-0.9543881083175908,14.43
0.0,0.0,0.0,1.0,262.17666666666696,43.0,342.0,39.0,11.002198844594856,48.0,0.2821076626819194,-0.9593827529490743,10.87
0.0,0.0,0.0,1.0,302.03666666666703,28.0,348.0,35.0,9.294705973141959,48.0,0.26556302780405594,-0.9640935007889755,11.06
0.0,0.0,0.0,1.0,318.1800000000003,0.0,355.0,49.0,10.558388437289777,42.0,0.21547731504673012,-0.976508846196619,12.76
0.0,0.0,0.0,1.0,302.26000000000033,6.0,349.0,21.0,4.171606800483594,47.0,0.19864794288017112,-0.9800709131432666,17.14
0.0,0.0,0.0,1.0,356.0133333333336,163.0,219.0,44.0,7.997430654020516,47.0,0.18175978759137534,-0.9833429613388902,14.68
0.0,0.0,0.0,1.0,408.466666666667,4.0,225.0,51.0,8.405710179517094,42.0,0.16481784665719793,-0.9863240225317866,16.98
0.0,0.0,0.0,1.0,504.86666666666696,37.0,195.0,54.0,7.982665207408646,49.0,0.14782713347053048,-0.9890132145779883,14.87
0.0,0.0,0.0,1.0,560.9733333333336,2.0,229.0,53.0,6.932011820408238,47.0,0.13079267585675922,-0.9914097417023038,16.62
0.0,0.0,0.0,1.0,482.0666666666669,22.0,216.0,30.0,2.384318997708629,41.0,0.07947729992362097,-0.9968366760893436,16.8
0.0,0.0,0.0,1.0,401.6000000000003,40.0,191.0,34.0,0.3655444639597456,48.0,0.01075130776352193,-0.9999422030204416,12.94
0.0,0.0,0.0,1.0,289.7600000000003,0.0,224.0,42.0,-0.2709362963204163,41.0,-0.00645086419810515,-0.9999791929590823,9.95
0.0,0.0,0.0,1.0,387.376666666667,0.0,224.0,52.0,-3.0173296050965783,46.0,-0.05802556932878035,-0.9983150972033183,17.52
0.0,0.0,0.0,1.0,442.7433333333336,0.0,224.0,47.0,-3.533910091493652,45.0,-0.07518957641475855,-0.9971692572470178,14.79
0.0,0.0,0.0,1.0,624.1933333333336,2.0,223.0,63.0,-5.816874022809647,46.0,-0.09233133369539122,-0.9957283388645872,18.62
0.0,0.0,0.0,1.0,592.1300000000002,38.0,186.0,58.0,-6.347854581637103,44.0,-0.10944576864891556,-0.993992768446958,13.53
0.0,0.0,0.0,1.0,504.40000000000026,34.0,185.0,22.0,-3.5326399810898628,46.0,-0.16057454459499376,-0.9870237158387383,13.36
0.0,0.0,0.0,1.0,452.03000000000026,7.0,182.0,51.0,-9.053986608538784,40.0,-0.17752914918703497,-0.984115542601034,19.8
0.0,0.0,0.0,1.0,519.8200000000003,0.0,197.0,57.0,-12.04271806818422,43.0,-0.2112757555821793,-0.9774264960104055,19.82
0.0,0.0,0.0,1.0,721.0866666666669,33.0,177.0,59.0,-14.441565752938315,47.0,-0.24477230089725957,-0.9695805901076308,20.22
0.0,0.0,0.0,1.0,716.6700000000002,10.0,187.0,63.0,-16.46910710620284,47.0,-0.2614143985111562,-0.965226663665613,15.0
0.0,0.0,0.0,1.0,574.1900000000004,7.0,180.0,21.0,-5.837561927374383,45.0,-0.2779791393987801,-0.9605871111248129,20.62
0.0,0.0,0.0,1.0,620.046666666667,36.0,151.0,72.0,-21.201236768649686,40.0,-0.2944616217868012,-0.9556633054034704,20.82
0.0,0.0,0.0,1.0,670.3300000000003,9.0,170.0,64.0,-19.89484596758423,50.0,-0.3108569682435036,-0.9504567035349151,17.5
0.0,0.0,0.0,1.0,772.506666666667,15.0,178.0,65.0,-23.365667850747506,47.0,-0.3594718130884232,-0.9331559438780432,13.91
0.0,0.0,0.0,1.0,670.2033333333336,33.0,172.0,70.0,-26.28292650813341,50.0,-0.3754703786876202,-0.9268343944460494,13.04
0.0,0.0,0.0,1.0,473.15666666666704,0.0,172.0,15.0,-5.8703675484153885,42.0,-0.3913578365610259,-0.9202385798054075,19.93
0.0,0.0,0.0,1.0,679.1966666666669,0.0,189.0,83.0,-33.79174728440288,41.0,-0.4071294853542516,-0.9133704517637858,23.05
0.0,0.0,0.0,1.0,1533.506666666667,1.0,188.0,66.0,-27.9035234268567,46.0,-0.4227806579826773,-0.9062320427107697,18.0
0.0,0.0,0.0,1.0,1799.4600000000003,1.0,212.0,83.0,-36.379458010039095,43.0,-0.4383067230125192,-0.898825465016444,18.51
0.0,0.0,0.0,1.0,1788.0333333333338,33.0,189.0,72.0,-33.765493752549496,49.0,-0.46896519100763184,-0.8832166493127127,24.11
0.0,0.0,0.0,1.0,1035.4100000000003,4.0,190.0,76.0,-36.79072764456217,49.0,-0.48408852163897587,-0.8750190302029955,17.96
0.0,0.0,0.0,1.0,1025.596666666667,15.0,175.0,27.0,-13.474852272590361,42.0,-0.4990686026885319,-0.8665624788845385,20.67
0.0,0.0,0.0,1.0,1028.1333333333334,13.0,171.0,85.0,-43.681585111291376,43.0,-0.5139010013093103,-0.8578494977869301,21.67
0.0,0.0,0.0,1.0,1053.2433333333336,20.0,170.0,69.0,-36.472111656559115,47.0,-0.5285813283559292,-0.8488826652214553,21.86
0.0,0.0,0.0,1.0,1768.426666666667,0.0,170.0,80.0,-43.44841917467454,45.0,-0.5431052396834317,-0.8396646346181327,18.24
0.0,0.0,0.0,1.0,2045.28,7.0,163.0,86.0,-47.94228561921987,43.0,-0.5574684374327892,-0.8301981337405212,21.05
0.0,0.0,0.0,1.0,2047.0533333333335,28.0,136.0,89.0,-52.12692084285422,42.0,-0.5856957398073508,-0.8105309990194823,17.83
0.0,0.0,0.0,1.0,1143.0033333333338,23.0,133.0,28.0,-16.78744176255017,46.0,-0.5995514915196489,-0.8003361849976323,21.36
0.0,0.0,0.0,1.0,1005.8466666666669,27.0,147.0,77.0,-48.25795563114142,39.0,-0.6267266965083301,-0.7792391467859886,18.04
0.0,0.0,0.0,1.0,1031.5633333333335,0.0,147.0,77.0,-49.28293433173497,45.0,-0.6400381082043503,-0.7683431655492202,21.03
0.0,0.0,0.0,1.0,2468.72,17.0,141.0,89.0,-59.28190817162695,42.0,-0.666088855860977,-0.7458723993404063,24.78
0.0,0.0,0.0,1.0,2146.31,0.0,178.0,25.0,-17.283780905235176,43.0,-0.6913512362094071,-0.722518835873311,14.6
0.0,0.0,0.0,1.0,2105.4600000000005,25.0,159.0,71.0,-49.96109593100991,41.0,-0.7036774074790128,-0.7105196029692745,21.52
0.0,0.0,0.0,1.0,1133.8900000000003,10.0,162.0,62.0,-44.37931165552518,48.0,-0.7157953492826642,-0.6983101158835584,24.32
0.0,0.0,0.0,1.0,1755.9533333333338,5.0,170.0,112.0,-81.50256528135945,48.0,-0.7277014757264236,-0.6858939875998223,24.16
0.0,0.0,0.0,1.0,2964.6600000000003,0.0,170.0,85.0,-62.848342405653554,46.0,-0.7393922635959241,-0.673274892250183,20.94
0.0,0.0,0.0,1.0,2767.4,9.0,161.0,84.0,-63.072597285511705,43.0,-0.7508642533989489,-0.6604565640279754,21.48
0.0,0.0,0.0,1.0,3410.4600000000005,19.0,189.0,91.0,-69.35237858541254,51.0,-0.7621140503891487,-0.6474427960827475,20.25
0.0,0.0,0.0,1.0,1999.9300000000003,0.0,195.0,29.0,-22.421011441547474,40.0,-0.7731383255706026,-0.6342374393978054,20.79
0.0,0.0,0.0,1.0,2099.4100000000003,0.0,195.0,87.0,-69.12126763749413,48.0,-0.7944973291665992,-0.6072676460566135,25.14
0.0,0.0,0.0,1.0,1012.8900000000003,1.0,197.0,83.0,-66.80053617999265,51.0,-0.8048257371083452,-0.593511190196115,19.95
0.0,0.0,0.0,1.0,1331.1300000000003,20.0,191.0,104.0,-85.77556878522958,42.0,-0.8247650844733614,-0.5654755126737576,19.98
0.0,0.0,0.0,1.0,1139.3233333333335,41.0,154.0,31.0,-26.155576029907408,43.0,-0.8437282590292712,-0.5367705514607103,22.1
0.0,0.0,0.0,1.0,2157.1233333333334,0.0,154.0,72.0,-63.26189957959201,49.0,-0.8786374941610001,-0.4774894280028391,25.89
0.0,0.0,0.0,1.0,2290.346666666667,11.0,143.0,83.0,-73.59784823588842,49.0,-0.886721063082993,-0.46230483047981086,29.59
0.0,0.0,0.0,1.0,2477.5000000000005,37.0,116.0,91.0,-81.40334356485691,43.0,-0.8945422369764496,-0.4469834295196741,25.29
0.0,0.0,0.0,1.0,2042.6400000000003,6.0,119.0,45.0,-40.59444156435826,41.0,-0.9020987014301837,-0.43152975897147144,24.62
0.0,0.0,0.0,1.0,2067.8833333333337,13.0,107.0,96.0,-87.30126915502008,47.0,-0.9093882203647925,-0.4159483918249421,27.91
0.0,0.0,0.0,1.0,1950.1300000000003,13.0,116.0,102.0,-93.47368094282328,43.0,-0.9164086366943458,-0.4002439388573056,17.32
0.0,0.0,0.0,1.0,1370.9200000000003,0.0,141.0,79.0,-72.9294719642116,41.0,-0.9231578729647039,-0.38442104726885545,24.43
0.0,0.0,0.0,1.0,1412.1833333333336,0.0,154.0,83.0,-77.15961635336637,42.0,-0.9296339319682695,-0.3684843993077793,22.55
0.0,0.0,0.0,1.0,1544.1300000000003,47.0,107.0,92.0,-86.09681055481946,42.0,-0.9358348973349941,-0.35243871088460327,25.73
0.0,0.0,0.0,1.0,2359.413333333334,6.0,101.0,106.0,-99.82644701454294,46.0,-0.9417589340994617,-0.33628873017668287,27.17
0.0,0.0,0.0,1.0,1801.5233333333335,0.0,212.0,47.0,-44.52800159446257,44.0,-0.9474042892438845,-0.32003923622313857,8.02
0.0,0.0,0.0,1.0,2636.3100000000004,3.0,209.0,104.0,-99.08800639055252,46.0,-0.9527692922168511,-0.30369503751065885,28.73
0.0,0.0,0.0,1.0,1811.826666666667,14.0,212.0,86.0,-82.78806982558879,44.0,-0.9626519747161487,-0.2707418984477642,20.58
0.0,0.0,0.0,1.0,2255.6733333333336,4.0,219.0,93.0,-89.946505871189,43.0,-0.9671667297977312,-0.2541427094613622,25.88
0.0,0.0,0.0,1.0,1410.876666666667,0.0,230.0,106.0,-102.9679001764775,42.0,-0.97139528468375,-0.23746831555846842,22.24
0.0,0.0,0.0,1.0,1206.1066666666668,0.0,231.0,35.0,-34.26461058093262,53.0,-0.9789888737409319,-0.20391367068311472,21.63
0.0,0.0,0.0,1.0,1066.3800000000003,10.0,300.0,86.0,-84.98556506949623,45.0,-0.9882042449941422,-0.15314166701312007,11.13
0.0,0.0,0.0,1.0,1105.8933333333337,9.0,293.0,85.0,-84.20884636373268,42.0,-0.9906923101615609,-0.13612033862266704,29.01
0.0,0.0,0.0,1.0,1234.6133333333337,1.0,319.0,78.0,-77.4452026557843,45.0,-0.9928872135356962,-0.11905873003404988,18.65
0.0,0.0,0.0,1.0,1367.7433333333338,22.0,300.0,82.0,-81.57264105996481,49.0,-0.994788305609327,-0.10196189005174576,27.12
0.0,0.0,0.0,1.0,1291.0500000000002,25.0,288.0,74.0,-73.83031006054864,44.0,-0.9977068927101168,-0.06768276175455162,28.8
0.0,0.0,0.0,1.0,1648.1933333333336,13.0,292.0,100.0,-99.87235240803972,47.0,-0.9987235240803972,-0.050510617185222886,29.89
0.0,0.0,0.0,1.0,1754.826666666667,0.0,292.0,94.0,-93.94779400664667,49.0,-0.9994446170919858,-0.033323525711631344,28.52
0.0,0.0,0.0,1.0,1898.126666666667,0.0,335.0,99.0,-98.98712587782406,44.0,-0.9998699583618592,-0.016126573270657762,21.42
0.0,0.0,0.0,1.0,1671.9033333333336,111.0,263.0,87.0,-86.99994971614825,48.0,-0.9999994220246925,0.001075151282798226,22.38
0.0,0.0,0.0,1.0,1928.9833333333336,0.0,263.0,94.0,-93.77055049121296,49.0,-0.9975590477788613,0.06982797572987089,33.23
0.0,0.0,0.0,1.0,1671.7933333333337,17.0,360.0,95.0,-94.4838419122102,43.0,-0.9945667569706337,0.1041007489354256,10.6
0.0,0.0,0.0,1.0,1739.8966666666668,11.0,353.0,89.0,-88.34397262817134,46.0,-0.9926289059345095,0.121193461470736,25.63
0.0,0.0,0.0,1.0,1549.1366666666672,11.0,350.0,90.0,-89.13575880317302,47.0,-0.9903973200352558,0.1382503109109819,34.42
0.0,0.0,0.0,1.0,1503.2500000000002,1.0,351.0,41.0,-40.50277904503676,38.0,-0.9878726596350429,0.15526624985999563,35.63
0.0,0.0,0.0,1.0,1608.6533333333336,79.0,272.0,89.0,-87.66995479211361,44.0,-0.9850556718215013,0.172236243027682,31.64
0.0,0.0,0.0,1.0,1526.826666666667,2.0,287.0,80.0,-78.55577521493169,46.0,-0.981947190186646,0.18915526872004093,34.66
0.0,0.0,0.0,1.0,1585.6666666666672,27.0,309.0,88.0,-86.11223584305787,43.0,-0.9785481345802031,0.20601832032517084,19.52
0.0,0.0,0.0,1.0,1315.5900000000004,3.0,331.0,73.0,-71.16474429113111,46.0,-0.9748595108374125,0.22282040779479959,21.63
0.0,0.0,0.0,1.0,1242.126666666667,13.0,362.0,85.0,-82.5250048909176,38.0,-0.9708824104813836,0.23955655912092708,31.05
0.0,0.0,0.0,1.0,1547.796666666667,17.0,345.0,105.0,-101.4948910920102,48.0,-0.9666180104000972,0.2562218218071163,28.21
0.0,0.0,0.0,1.0,1635.7400000000005,0.0,396.0,89.0,-85.19368745577476,47.0,-0.957232443323312,0.28931997761869527,21.93
0.0,0.0,0.0,1.0,1734.3200000000004,43.0,355.0,84.0,-79.04682531859005,46.0,-0.9410336347451197,0.3383130181923076,33.61
0.0,0.0,0.0,1.0,1635.9166666666672,39.0,341.0,79.0,-73.87091586377304,38.0,-0.9350748843515574,0.3544502230989869,22.46
0.0,0.0,0.0,1.0,1903.583333333334,0.0,372.0,78.0,-72.44947555995293,47.0,-0.9288394302558068,0.3704825404820963,28.05
0.0,0.0,0.0,1.0,1408.8066666666673,114.0,314.0,26.0,-23.980557058355416,48.0,-0.9223291176290545,0.3864052261209853,24.0
0.0,0.0,0.0,1.0,1764.7600000000002,4.0,310.0,93.0,-85.14576618691184,51.0,-0.9155458729775467,0.40221356823680365,29.89
0.0,0.0,0.0,1.0,1727.7000000000005,8.0,322.0,93.0,-84.48972843224327,45.0,-0.9084917035725082,0.41790288888678667,32.42
0.0,0.0,0.0,1.0,2051.9400000000005,2.0,353.0,74.0,-66.68648356735561,46.0,-0.9011686968561569,0.4334685453485363,28.54
0.0,0.0,0.0,1.0,1603.8933333333337,0.0,402.0,82.0,-73.2734796255676,41.0,-0.8935790198239952,0.4489059314938798,28.09
0.0,0.0,0.0,1.0,1092.1466666666672,17.0,438.0,27.0,-23.46928604435194,43.0,-0.8692328164574792,0.49440298420761813,26.52
0.0,0.0,0.0,1.0,792.6266666666671,49.0,502.0,76.0,-65.40557691500898,45.0,-0.8605996962501181,0.5092820071573356,10.11
0.0,0.0,0.0,1.0,811.7466666666672,25.0,477.0,78.0,-66.43352903825968,49.0,-0.8517119107469189,0.5240103253675756,27.4
0.0,0.0,0.0,1.0,1426.833333333334,44.0,436.0,93.0,-78.35920436875409,45.0,-0.8425720899866032,0.5385835804920232,27.55
0.0,0.0,0.0,1.0,2166.390000000001,0.0,436.0,93.0,-77.4860132887936,45.0,-0.8331829385891785,0.5529974600700271,35.58
0.0,0.0,0.0,1.0,2473.6833333333343,51.0,403.0,89.0,-73.29570391104846,43.0,-0.8235472349556007,0.5672476988027229,34.26
0.0,0.0,0.0,1.0,1933.243333333334,2.0,443.0,37.0,-29.73126299575473,43.0,-0.8035476485339116,0.5952404359043674,28.22
0.0,0.0,0.0,1.0,1417.9266666666672,25.0,439.0,98.0,-77.73258902662806,40.0,-0.7931896839451843,0.6089746507720486,19.22
0.0,0.0,0.0,1.0,1089.6533333333339,31.0,466.0,85.0,-66.52074515026159,39.0,-0.7825970017677834,0.6225286602431057,26.99
0.0,0.0,0.0,1.0,2203.843333333334,56.0,459.0,82.0,-63.28536439683625,43.0,-0.7717727365467836,0.6358984534680745,23.89
0.0,0.0,0.0,1.0,2707.820000000001,0.0,462.0,99.0,-74.19479134836735,49.0,-0.7494423368521954,0.6620696215153815,29.76
0.0,0.0,0.0,1.0,2667.140000000001,20.0,443.0,20.0,-14.524498292083086,48.0,-0.7262249146041543,0.6874571793269664,31.55
0.0,0.0,0.0,1.0,1940.2666666666676,33.0,456.0,85.0,-58.632660396575034,44.0,-0.6897960046655887,0.7240037789593305,26.67
0.0,0.0,0.0,1.0,1484.2900000000009,49.0,455.0,94.0,-63.66055418994921,46.0,-0.6772399381909491,0.7357622347736527,21.15
0.0,0.0,0.0,1.0,1618.6900000000007,53.0,446.0,113.0,-75.08663160408264,43.0,-0.6644834655228552,0.7473029667054296,23.37
0.0,0.0,0.0,1.0,1406.453333333334,113.0,357.0,85.0,-53.1292201318872,44.0,-0.6250496486104377,0.7805849965070866,21.46
0.0,0.0,0.0,1.0,1203.2400000000007,0.0,431.0,82.0,-50.14544981552664,48.0,-0.6115298757991053,0.7912213413483807,12.6
0.0,0.0,0.0,1.0,1252.3000000000009,3.0,449.0,90.0,-51.29109518514862,46.0,-0.5699010576127624,0.8217133225960589,22.57
0.0,0.0,0.0,1.0,1490.8900000000006,0.0,468.0,96.0,-53.34546935770069,41.0,-0.5556819724760489,0.8313949395234058,31.74
0.0,0.0,0.0,1.0,1440.9100000000008,18.0,477.0,36.0,-19.48674427573022,45.0,-0.5412984521036173,0.8408305333122887,23.61
0.0,0.0,0.0,1.0,2252.9366666666674,42.0,464.0,95.0,-50.04170151700264,44.0,-0.5267547528105542,0.8500173118187018,23.77
0.0,0.0,0.0,1.0,2084.9700000000007,21.0,465.0,87.0,-43.256754824883586,46.0,-0.4972040784469378,0.8676336233547726,24.29
0.0,0.0,0.0,1.0,3601.596666666667,58.0,445.0,87.0,-41.951908766982676,48.0,-0.4822058478963526,0.8760579434344281,20.4
0.0,0.0,0.0,1.0,2629.4300000000007,49.0,396.0,86.0,-40.16758353945901,49.0,-0.46706492487743034,0.8842230238742036,23.43
0.0,0.0,0.0,1.0,2661.7033333333343,3.0,403.0,91.0,-41.112506874792444,43.0,-0.451785789832884,0.8921264484954345,25.77
0.0,0.0,0.0,1.0,1077.010000000001,1.0,404.0,24.0,-10.472951138510219,46.0,-0.4363729641045924,0.8997658785476209,21.5
0.0,0.0,0.0,1.0,852.570000000001,46.0,380.0,80.0,-33.66648068765245,41.0,-0.42083100859565564,0.9071390534005044,13.94
0.0,0.0,0.0,1.0,689.2700000000009,48.0,361.0,93.0,-37.68030058513033,48.0,-0.4051645224207563,0.9142437912130223,16.29
0.0,0.0,0.0,1.0,1086.5033333333342,44.0,325.0,96.0,-37.38030158833934,42.0,-0.3893781415452015,0.9210779895789526,25.67
0.0,0.0,0.0,1.0,986.3233333333342,24.0,380.0,74.0,-27.637263768567234,46.0,-0.37347653741307074,0.9276396261490467,8.05
0.0,0.0,0.0,1.0,796.8600000000009,74.0,338.0,28.0,-9.10357288399746,48.0,-0.3251276029999093,0.9456701548465688,23.86
0.0,0.0,0.0,1.0,798.1400000000008,21.0,317.0,91.0,-28.101935795229092,44.0,-0.30881248126625377,0.9511229423235357,25.9
0.0,0.0,0.0,1.0,1192.4266666666674,19.0,298.0,78.0,-21.521209710230913,51.0,-0.27591294500296043,0.9611826292540837,28.92
0.0,0.0,0.0,1.0,1239.1100000000008,27.0,380.0,82.0,-21.26573780998326,46.0,-0.2593382659754056,0.9657865518844574,10.82
0.0,0.0,0.0,1.0,1240.9566666666676,29.0,370.0,96.0,-23.29793707992916,40.0,-0.2426868445825954,0.9701046827361175,26.03
0.0,0.0,0.0,1.0,1561.9400000000012,22.0,348.0,29.0,-6.066031663744335,47.0,-0.20917350564635637,0.9778785428342386,26.83
0.0,0.0,0.0,1.0,1786.3166666666675,38.0,312.0,78.0,-15.001077408649397,44.0,-0.19232150523909483,0.9813319716704275,24.81
0.0,0.0,0.0,1.0,1510.6100000000008,0.0,373.0,112.0,-19.646210506079186,48.0,-0.17541259380427843,0.9844950085880858,9.62
0.0,0.0,0.0,1.0,1053.6266666666675,10.0,393.0,94.0,-14.894466846318613,43.0,-0.15845177496083632,0.9873667175937016,19.47
0.0,0.0,0.0,1.0,2458.6800000000007,2.0,391.0,103.0,-14.568738971858028,45.0,-0.14144406768794202,0.9899462489023779,21.86
0.0,0.0,0.0,1.0,2387.5266666666676,22.0,398.0,38.0,-3.4272201622731147,37.0,-0.09019000427034513,0.9959245770286599,22.32
0.0,0.0,0.0,1.0,2520.580000000001,29.0,369.0,100.0,-7.304518821104742,40.0,-0.07304518821104743,0.9973286321364752,24.73
0.0,0.0,0.0,1.0,1161.3833333333341,8.0,401.0,104.0,-5.811390718158806,49.0,-0.05587875690537313,0.9984375616565666,20.16
0.0,0.0,0.0,1.0,1577.5366666666675,79.0,353.0,97.0,-2.085633155858938,47.0,-0.021501372740813793,0.999768818762748,19.19
0.0,0.0,0.0,1.0,1437.033333333334,32.0,355.0,83.0,-0.35694919434750383,47.0,-0.004300592702981974,0.9999907524084426,20.51
0.0,0.0,0.0,1.0,1477.3466666666675,0.0,356.0,80.0,1.3761260334608405,46.0,0.017201575418260506,0.9998520419557735,19.89
0.0,0.0,0.0,1.0,1952.2733333333342,0.0,373.0,42.0,1.4447185457715366,40.0,0.03439806061360801,0.9994082116062598,16.57
0.0,0.0,0.0,1.0,2723.0433333333344,109.0,264.0,89.0,4.5910086513773445,52.0,0.051584366869408364,0.9986686402879997,16.89
0.0,0.0,0.0,1.0,2792.973333333334,19.0,264.0,97.0,6.669274622670523,41.0,0.06875540848113941,0.9976335468520451,20.04
0.0,0.0,0.0,1.0,2179.553333333334,0.0,264.0,100.0,8.59061042613327,42.0,0.08590610426133272,0.9963032375991965,20.33
0.0,0.0,0.0,1.0,1252.6833333333343,2.0,283.0,90.0,9.272824113886092,44.0,0.10303137904317879,0.9946781061893646,11.63
0.0,0.0,0.0,1.0,832.8300000000008,61.0,242.0,35.0,5.3971416646941295,42.0,0.1542040475626894,0.988039023376751,21.26
0.0,0.0,0.0,1.0,654.1366666666676,30.0,215.0,71.0,12.15357123232419,50.0,0.17117705961019986,0.985240282501282,16.21
0.0,0.0,0.0,1.0,2025.080000000001,0.0,240.0,96.0,19.67674694107155,47.0,0.20496611396949532,0.9787690698649216,14.32
0.0,0.0,0.0,1.0,2284.8966666666674,29.0,216.0,96.0,22.897207218631344,47.0,0.23851257519407648,0.9711394088771653,19.09
0.0,0.0,0.0,1.0,2418.433333333334,0.0,219.0,89.0,22.71123476798018,46.0,0.2551824131233728,0.9668929289391521,20.38
0.0,0.0,0.0,1.0,984.2066666666675,40.0,181.0,38.0,10.327516061903157,49.0,0.2717767384711357,0.9623603298276545,18.45
0.0,0.0,0.0,1.0,1136.9633333333343,31.0,150.0,88.0,26.815292513606376,44.0,0.3047192331091634,0.9524422234305676,21.55
0.0,0.0,0.0,1.0,1081.4333333333343,34.0,118.0,88.0,28.253073568303847,48.0,0.321057654185271,0.9470596510722283,17.38
0.0,0.0,0.0,1.0,1281.5266666666678,1.0,117.0,89.0,30.01979515312039,44.0,0.3373010691361842,0.9413968285264122,18.57
0.0,0.0,0.0,1.0,1047.2866666666675,17.0,100.0,75.0,27.71127625855373,47.0,0.3694836834473831,0.9292372181882051,19.83
0.0,0.0,0.0,1.0,980.8333333333343,0.0,100.0,83.0,33.30200579214257,50.0,0.4012289854475009,0.9159777842484877,14.36
0.0,0.0,0.0,1.0,961.8733333333342,19.0,95.0,96.0,41.51994260486197,47.0,0.4324994021339788,0.901634220265486,15.96
0.0,0.0,0.0,1.0,1084.000000000001,0.0,95.0,94.0,42.10682430434177,49.0,0.44794493940789115,0.8940611451454876,21.39
0.0,0.0,0.0,1.0,1165.510000000001,21.0,74.0,85.0,39.37692341823679,42.0,0.4632579225674917,0.88622350294858,19.79
0.0,0.0,0.0,1.0,1276.670000000001,20.0,54.0,96.0,45.92964674445132,48.0,0.4784338202547012,0.8781236129591848,20.65
0.0,0.0,0.0,1.0,1118.8633333333344,3.0,51.0,85.0,46.92861413340327,42.0,0.5521013427459208,0.8337770129585915,10.68
0.0,0.0,0.0,1.0,998.2666666666674,25.0,26.0,76.0,43.04350691419039,51.0,0.5663619330814524,0.8241566360566663,13.59
0.0,0.0,0.0,1.0,743.6866666666675,5.0,33.0,73.0,42.373209730064154,49.0,0.580454927809098,0.8142923779467267,12.16
0.0,0.0,0.0,1.0,553.6333333333342,3.0,30.0,40.0,23.775046263399325,44.0,0.5943761565849831,0.804187157621448,12.65
0.0,0.0,0.0,1.0,668.1766666666675,2.0,34.0,81.0,50.35663811159038,43.0,0.6216868902665479,0.7832658619336791,12.58
0.0,0.0,0.0,1.0,784.4566666666675,0.0,34.0,85.0,53.98080664637322,46.0,0.6350683134867438,0.7724559775191742,16.48
0.0,0.0,0.0,1.0,1029.3133333333342,2.0,32.0,97.0,64.14255707166694,47.0,0.6612634749656386,0.7501537286959042,16.32
0.0,0.0,0.0,1.0,799.7366666666676,0.0,32.0,39.0,26.780363233461056,51.0,0.6866759803451553,0.726963615332308,13.85
0.0,0.0,0.0,1.0,823.9866666666676,0.0,32.0,94.0,65.71345425316228,46.0,0.6990793005655562,0.7150441465537444,16.4
0.0,0.0,0.0,1.0,725.4800000000009,0.0,39.0,85.0,61.477246662717796,40.0,0.7232617254437388,0.6905740195722293,14.44
0.0,0.0,0.0,1.0,892.2166666666676,14.0,28.0,89.0,65.41799699783178,40.0,0.7350336741329413,0.6780306024735382,15.54
0.0,0.0,0.0,1.0,840.5866666666676,0.0,28.0,87.0,68.7790155313047,45.0,0.7905633969115482,0.612380204990065,15.16
0.0,0.0,0.0,1.0,937.050000000001,0.0,37.0,93.0,74.49117078098101,43.0,0.8009803309782905,0.5986906625177214,17.85
0.0,0.0,0.0,1.0,973.0800000000008,0.0,37.0,97.0,78.68254348162053,50.0,0.8111602420785621,0.5848239578463322,14.53
0.0,0.0,0.0,1.0,1007.0333333333342,0.0,47.0,93.0,76.36231095659869,45.0,0.8211001178128892,0.5707841943569036,16.09
0.0,0.0,0.0,1.0,994.3766666666676,0.0,47.0,82.0,68.12535537859422,51.0,0.8307970168121247,0.5565755266413303,17.98
0.0,0.0,0.0,1.0,897.400000000001,12.0,35.0,33.0,27.728186297058947,49.0,0.8402480696078469,0.5422021592729844,17.36
0.0,0.0,0.0,1.0,859.560000000001,0.0,53.0,96.0,81.54724603022214,40.0,0.8494504794814806,0.527668345562516,14.67
0.0,0.0,0.0,1.0,928.0333333333343,6.0,47.0,84.0,72.1057279565189,48.0,0.8584015232918917,0.512978386299228,21.69
0.0,0.0,0.0,1.0,1116.0033333333342,0.0,47.0,85.0,73.7033769439027,44.0,0.8670985522812081,0.4981366284784055,22.45
0.0,0.0,0.0,1.0,1243.8300000000008,0.0,47.0,92.0,80.54958734299399,47.0,0.8755389928586302,0.4831474640149687,19.86
0.0,0.0,0.0,1.0,1321.930000000001,0.0,72.0,87.0,77.5726969473292,45.0,0.8916401947968874,0.45274469960737107,14.15
0.0,0.0,0.0,1.0,1109.570000000001,0.0,72.0,39.0,35.07255147056799,48.0,0.8992961915530253,0.4373400963303323,23.46
0.0,0.0,0.0,1.0,2015.310000000001,7.0,70.0,76.0,68.90814147943269,51.0,0.9066860720977985,0.4218060770826634,24.97
0.0,0.0,0.0,1.0,1963.1233333333341,3.0,98.0,102.0,93.20838026395947,42.0,0.9138076496466615,0.4061472386305789,13.66
0.0,0.0,0.0,1.0,2251.7233333333343,0.0,98.0,104.0,95.74851694826525,41.0,0.9206588168102428,0.3903682146763026,22.36
0.0,0.0,0.0,1.0,1451.5633333333342,9.0,89.0,88.0,81.59690406717993,41.0,0.9272375462179537,0.374473674486883,21.52
0.0,0.0,0.0,1.0,1363.0166666666676,0.0,102.0,85.0,79.3510607450233,43.0,0.9335418911179212,0.35846832151248087,18.86
0.0,0.0,0.0,1.0,1148.0966666666675,10.0,151.0,74.0,70.35848756223116,49.0,0.9507903724625832,0.3098349038318025,16.64
0.0,0.0,0.0,1.0,1073.8766666666677,0.0,161.0,96.0,92.24500085351977,44.0,0.9608854255574977,0.27694620226893646,21.58
0.0,0.0,0.0,1.0,1245.3333333333342,0.0,161.0,103.0,100.31090029924422,51.0,0.9738922359149924,0.22701082094141847,21.28
0.0,0.0,0.0,1.0,1076.5900000000008,18.0,143.0,24.0,23.46367402755994,47.0,0.9776530844816641,0.2102247521189836,20.96
0.0,0.0,0.0,1.0,997.240000000001,0.0,145.0,88.0,86.87322928160876,51.0,0.9871957872910085,0.15951325197263655,17.7
0.0,0.0,0.0,1.0,736.9733333333343,0.0,145.0,81.0,80.52289904088158,43.0,0.9941098647022418,0.10837701279187609,14.62
0.0,0.0,0.0,1.0,799.9533333333343,0.0,148.0,37.0,36.845600239872205,47.0,0.9958270335100595,0.09126072172931188,21.22
0.0,0.0,0.0,1.0,1194.930000000001,25.0,123.0,95.0,94.84580611437849,47.0,0.998376906467142,0.056952196034039754,22.62
0.0,0.0,0.0,1.0,1349.870000000001,0.0,123.0,84.0,83.97859039017617,44.0,0.9997451236925734,0.022576263041545485,22.89
0.0,0.0,0.0,1.0,1586.9266666666679,5.0,133.0,85.0,84.99877180531108,44.0,0.9999855506507186,0.005375731557583884,22.74
0.0,0.0,0.0,1.0,1203.2533333333342,31.0,114.0,83.0,82.99419546108507,43.0,0.9999300657962057,-0.011826390691832589,20.99
0.0,0.0,0.0,1.0,961.4166666666675,0.0,120.0,35.0,34.985253994176354,45.0,0.9995786855478958,-0.029025013321975237,22.46
0.0,0.0,0.0,1.0,1024.6933333333343,0.0,120.0,90.0,89.9038362496372,47.0,0.9989315138848577,-0.046215046983708354,23.49
0.0,0.0,0.0,1.0,1464.6066666666675,13.0,119.0,92.0,91.56001945518311,42.0,0.9952176027737294,-0.09768276782171598,30.25
0.0,0.0,0.0,1.0,1767.703333333334,59.0,60.0,87.0,86.42493476985274,46.0,0.9933900548258936,-0.11478762552212701,23.9
0.0,0.0,0.0,1.0,1499.4800000000007,10.0,59.0,13.0,12.85509818346765,48.0,0.9888537064205885,-0.1488903868564548,29.54
0.0,0.0,0.0,1.0,905.5166666666673,0.0,78.0,38.0,37.359585001441694,46.0,0.9831469737221499,-0.1828169249850199,27.13
0.0,0.0,0.0,1.0,752.2300000000008,0.0,78.0,44.0,43.113697884218126,49.0,0.9798567700958665,-0.1997015525660636,19.73
0.0,0.0,0.0,1.0,767.1933333333341,2.0,90.0,38.0,37.09851122130342,42.0,0.9762766110869321,-0.21652708524481437,27.87
0.0,0.0,0.0,1.0,713.4466666666673,0.0,117.0,40.0,38.89630224487987,43.0,0.9724075561219968,-0.23328854407545518,19.73
0.0,0.0,0.0,1.0,677.9633333333342,3.0,144.0,40.0,38.73003000466687,44.0,0.9682507501166718,-0.2499809690726521,20.23
0.0,0.0,0.0,1.0,508.44000000000074,0.0,172.0,12.0,11.56568907764077,44.0,0.9638074231367307,-0.26659942067929354,20.33
0.0,0.0,0.0,1.0,495.8533333333341,0.0,172.0,30.0,28.77236670102339,47.0,0.9590788900341131,-0.28313898122818354,23.27
0.0,0.0,0.0,1.0,623.623333333334,15.0,194.0,35.0,33.39232925202435,49.0,0.9540665500578387,-0.2995947563972602,17.4
0.0,0.0,0.0,1.0,1303.0900000000008,12.0,182.0,38.0,36.053331684717996,50.0,0.9487718864399473,-0.31596187665790293,26.32
0.0,0.0,0.0,1.0,1798.6400000000006,6.0,179.0,103.0,97.14923599352842,44.0,0.9431964659565866,-0.33223549871590435,29.24
0.0,0.0,0.0,1.0,1846.1533333333343,0.0,190.0,82.0,76.86203895407893,41.0,0.9373419384643772,-0.3484108069446808,26.57
0.0,0.0,0.0,1.0,1286.4566666666674,12.0,369.0,88.0,81.94648320427314,45.0,0.9312100364121947,-0.3644830148102912,8.78
0.0,0.0,0.0,1.0,1110.5566666666673,0.0,369.0,77.0,70.6953515179016,40.0,0.9181214482844364,-0.39629913726891813,29.48
0.0,0.0,0.0,1.0,1158.8866666666675,9.0,361.0,91.0,82.91634581527235,44.0,0.9111686353326631,-0.41203363695942635,26.04
0.0,0.0,0.0,1.0,1340.010000000001,19.0,367.0,94.0,84.9709421347057,46.0,0.9039461929224011,-0.42764620926777464,17.11
0.0,0.0,0.0,1.0,1465.8766666666677,0.0,367.0,90.0,80.68106324615017,49.0,0.8964562582905575,-0.44313223418263453,28.9
0.0,0.0,0.0,1.0,1501.260000000001,14.0,354.0,93.0,82.64919744812411,46.0,0.8887010478292915,-0.45848712914008766,26.24
0.0,0.0,0.0,1.0,1549.880000000001,27.0,329.0,86.0,75.73872565299268,46.0,0.8806828564301475,-0.47370635037968,21.27
0.0,0.0,0.0,1.0,1312.7333333333343,30.0,305.0,51.0,44.49260689705302,44.0,0.8724040568049612,-0.48878539428899265,32.57
0.0,0.0,0.0,1.0,1302.2900000000006,28.0,294.0,95.0,82.06737438445482,44.0,0.8638670987837349,-0.503719798736334,26.17
0.0,0.0,0.0,1.0,1364.1100000000008,0.0,326.0,95.0,81.23207831602086,46.0,0.8550745085896932,-0.518505144391157,22.21
0.0,0.0,0.0,1.0,1581.143333333334,37.0,307.0,86.0,70.29648443694303,48.0,0.8174009818249189,-0.5760691233798758,30.33
0.0,0.0,0.0,1.0,1183.2600000000007,0.0,389.0,62.0,50.05698614674565,39.0,0.8073707443023492,-0.5900444739548627,10.66
0.0,0.0,0.0,1.0,1406.760000000001,3.0,392.0,85.0,67.75363538691151,46.0,0.7971015927871943,-0.6038452208771035,37.34
0.0,0.0,0.0,1.0,1780.9066666666677,11.0,400.0,95.0,74.7266737782272,45.0,0.7865965660866021,-0.6174672802835514,32.95
0.0,0.0,0.0,1.0,1840.8100000000006,191.0,305.0,86.0,66.72385446140052,43.0,0.7758587728069828,-0.6309066211876704,10.63
0.0,0.0,0.0,1.0,1815.0700000000008,0.0,309.0,94.0,71.89979070080751,45.0,0.7648913904341225,-0.6441592666722685,31.53
0.0,0.0,0.0,1.0,1608.7766666666676,1.0,312.0,94.0,70.84758045293391,48.0,0.753697664392914,-0.6572212950663319,30.13
0.0,0.0,0.0,1.0,2080.516666666668,25.0,290.0,100.0,74.2280907086982,46.0,0.742280907086982,-0.6700888411055113,29.7
0.0,0.0,0.0,1.0,1655.8866666666675,0.0,292.0,37.0,27.03384638598419,45.0,0.7306444969184916,-0.6827580970759147,29.38
0.0,0.0,0.0,1.0,1629.2700000000011,1.0,300.0,92.0,66.12885271053493,43.0,0.7187918772884232,-0.6952253139408722,37.16
0.0,0.0,0.0,1.0,1602.950000000001,2.0,328.0,103.0,72.79283522449443,51.0,0.7067265555776158,-0.7074868024503348,27.1
0.0,0.0,0.0,1.0,1817.7633333333345,6.0,358.0,92.0,63.88959339401662,44.0,0.6944521021088763,-0.719538934232584,22.86
0.0,0.0,0.0,1.0,2039.100000000001,17.0,377.0,124.0,84.5645464872174,46.0,0.6819721490904629,-0.7313781428679254,26.52
0.0,0.0,0.0,1.0,2212.9300000000007,32.0,345.0,117.0,78.30697557632703,45.0,0.6692903895412567,-0.7430009249440493,31.69
0.0,0.0,0.0,1.0,2328.670000000001,18.0,357.0,88.0,57.76413070541855,43.0,0.6564105761979381,-0.7544038410927472,29.78
0.0,0.0,0.0,1.0,1744.4433333333345,82.0,314.0,68.0,43.74688338750544,45.0,0.6433365204044917,-0.765583517007675,24.12
0.0,0.0,0.0,1.0,1735.1166666666677,6.0,315.0,104.0,65.52749746237434,45.0,0.6300720909843687,-0.7765366444428655,35.79
0.0,0.0,0.0,1.0,2209.4666666666676,19.0,325.0,106.0,65.36184858813765,46.0,0.6166212130956382,-0.7872599821916922,21.55
0.0,0.0,0.0,1.0,3481.7733333333344,96.0,234.0,89.0,53.665920169182954,48.0,0.6029878670694714,-0.7977503570459932,36.22
0.0,0.0,0.0,1.0,4525.686666666667,4.0,230.0,98.0,57.73925654876504,49.0,0.5891760872322963,-0.8080046647350754,33.84
0.0,0.0,0.0,1.0,4255.906666666668,4.0,226.0,94.0,54.06785630692588,48.0,0.5751899607119775,-0.8180198708443174,35.99
0.0,0.0,0.0,1.0,2961.8833333333346,3.0,229.0,44.0,24.055296006218132,44.0,0.5467112728685939,-0.8373211953118121,35.57
0.0,0.0,0.0,1.0,1915.2433333333345,2.0,245.0,106.0,53.29581629660626,41.0,0.5027907197793043,-0.8644081744776648,28.42
0.0,0.0,0.0,1.0,1715.3333333333346,9.0,236.0,99.0,48.296867398788876,42.0,0.4878471454423119,-0.8729290708206411,26.9
0.0,0.0,0.0,1.0,1980.830000000001,30.0,212.0,79.0,37.347977533615925,42.0,0.47275920928627757,-0.881191653407483,35.59
0.0,0.0,0.0,1.0,1673.5233333333344,36.0,191.0,81.0,37.06004146201435,49.0,0.4575313760742512,-0.8891934772070711,27.04
0.0,0.0,0.0,1.0,1499.4466666666679,36.0,187.0,48.0,21.22407129441946,44.0,0.44216815196707204,-0.8969321743510065,26.17
0.0,0.0,0.0,1.0,2705.523333333335,0.0,217.0,124.0,52.90758631555066,43.0,0.42667408318992467,-0.9044054548343001,19.38
0.0,0.0,0.0,1.0,2973.946666666668,30.0,202.0,108.0,44.39380550619979,45.0,0.4110537546870351,-0.9116111071930239,32.44
0.0,0.0,0.0,1.0,3291.880000000001,39.0,176.0,112.0,40.70994059808551,48.0,0.36348161248290634,-0.9316013725767187,28.43
0.0,0.0,0.0,1.0,1697.1566666666677,7.0,203.0,43.0,14.24251279547252,44.0,0.3312212278016865,-0.9435531242349544,23.0
0.0,0.0,0.0,1.0,1148.2366666666678,29.0,286.0,109.0,34.32863665945576,46.0,0.31494162072895193,-0.9491110448902284,8.94
0.0,0.0,0.0,1.0,1420.936666666668,5.0,281.0,110.0,32.842569910009225,47.0,0.2985688173637202,-0.9543881083175908,35.6
0.0,0.0,0.0,1.0,1814.6233333333346,0.0,282.0,88.0,23.36954644675692,45.0,0.26556302780405594,-0.9640935007889755,31.49
0.0,0.0,0.0,1.0,1888.2133333333347,0.0,298.0,46.0,9.911956492149585,44.0,0.21547731504673012,-0.976508846196619,29.5
0.0,0.0,0.0,1.0,1517.1233333333346,6.0,303.0,108.0,21.45397783105848,50.0,0.19864794288017112,-0.9800709131432666,24.88
0.0,0.0,0.0,1.0,2475.566666666668,18.0,285.0,115.0,20.902375573008165,43.0,0.18175978759137534,-0.9833429613388902,26.28
0.0,0.0,0.0,1.0,2656.906666666668,0.0,317.0,101.0,14.930540480523579,41.0,0.14782713347053048,-0.9890132145779883,22.38
0.0,0.0,0.0,1.0,2307.216666666668,6.0,325.0,38.0,3.671282671485718,44.0,0.0966127018812031,-0.9953220513156602,32.84
0.0,0.0,0.0,1.0,1607.8633333333346,15.0,333.0,97.0,6.0448827973695325,49.0,0.062318379354325076,-0.998056320853012,30.67
0.0,0.0,0.0,1.0,1625.550000000001,32.0,301.0,83.0,0.8923585443723202,46.0,0.01075130776352193,-0.9999422030204416,19.48
0.0,0.0,0.0,1.0,1842.2766666666678,30.0,279.0,93.0,-0.599930370423779,42.0,-0.00645086419810515,-0.9999791929590823,25.24
0.0,0.0,0.0,1.0,1158.7433333333345,15.0,264.0,36.0,-0.8514405808283371,47.0,-0.023651127245231586,-0.9997202729664083,22.86
0.0,0.0,0.0,1.0,1928.4933333333345,13.0,266.0,103.0,-4.206972328959499,46.0,-0.04084439154329611,-0.9991655196610109,18.58
0.0,0.0,0.0,1.0,2048.780000000001,34.0,232.0,88.0,-6.6166827244987525,42.0,-0.07518957641475855,-0.9971692572470178,23.18
0.0,0.0,0.0,1.0,2411.0033333333345,112.0,120.0,94.0,-8.679145367366775,46.0,-0.09233133369539122,-0.9957283388645872,25.69
0.0,0.0,0.0,1.0,1540.376666666668,0.0,120.0,86.0,-9.412336103806737,42.0,-0.10944576864891556,-0.993992768446958,20.97
0.0,0.0,0.0,1.0,1081.4600000000012,1.0,142.0,39.0,-5.599324513060641,43.0,-0.1435724234118113,-0.9896398128792412,17.46
0.0,0.0,0.0,1.0,1456.516666666668,16.0,138.0,114.0,-20.238323007321988,41.0,-0.17752914918703497,-0.984115542601034,26.31
0.0,0.0,0.0,1.0,1572.8400000000013,11.0,136.0,88.0,-17.10994736419425,44.0,-0.19443122004766195,-0.9809161537413774,26.43
0.0,0.0,0.0,1.0,2555.9233333333345,0.0,136.0,86.0,-18.16971498006742,52.0,-0.2112757555821793,-0.9774264960104055,19.19
0.0,0.0,0.0,1.0,2113.3633333333346,32.0,104.0,92.0,-20.981314952379822,45.0,-0.2280577712215198,-0.9736476020539838,23.89
0.0,0.0,0.0,1.0,1893.1800000000014,14.0,90.0,37.0,-9.67233274491278,47.0,-0.2614143985111562,-0.965226663665613,21.68
0.0,0.0,0.0,1.0,1277.886666666668,23.0,67.0,89.0,-24.74014340649143,47.0,-0.2779791393987801,-0.9605871111248129,25.3
0.0,0.0,0.0,1.0,1227.9666666666678,0.0,74.0,91.0,-26.796007582598907,48.0,-0.2944616217868012,-0.9556633054034704,21.0
0.0,0.0,0.0,1.0,1355.1300000000012,8.0,81.0,89.0,-30.559651785678536,49.0,-0.34336687399638804,-0.939201357453208,20.37
0.0,0.0,0.0,1.0,1501.756666666668,0.0,101.0,79.0,-28.39827323398543,48.0,-0.3594718130884232,-0.9331559438780432,24.05
0.0,0.0,0.0,1.0,1764.2866666666678,15.0,89.0,94.0,-38.270171623299646,49.0,-0.4071294853542516,-0.9133704517637858,19.06
0.0,0.0,0.0,1.0,1764.0600000000013,0.0,92.0,83.0,-35.09079461256221,48.0,-0.4227806579826773,-0.9062320427107697,21.83
0.0,0.0,0.0,1.0,1595.056666666668,0.0,108.0,80.0,-35.06453784100154,50.0,-0.4383067230125192,-0.898825465016444,26.54
0.0,0.0,0.0,1.0,1438.3266666666677,0.0,122.0,99.0,-44.91660551710308,47.0,-0.45370308603134424,-0.8911529104063088,24.23
0.0,0.0,0.0,1.0,1362.9900000000014,23.0,99.0,69.0,-32.358598179526595,45.0,-0.46896519100763184,-0.8832166493127127,21.93
0.0,0.0,0.0,1.0,1263.5100000000011,12.0,99.0,97.0,-49.848397127003096,47.0,-0.5139010013093103,-0.8578494977869301,18.25
0.0,0.0,0.0,1.0,988.3400000000012,9.0,117.0,89.0,-47.0437382236777,42.0,-0.5285813283559292,-0.8488826652214553,14.17
0.0,0.0,0.0,1.0,1785.9566666666678,0.0,150.0,106.0,-59.091654367875655,43.0,-0.5574684374327892,-0.8301981337405212,16.6
0.0,0.0,0.0,1.0,1748.8933333333343,0.0,150.0,81.0,-48.56367081309156,49.0,-0.5995514915196489,-0.8003361849976323,19.21
0.0,0.0,0.0,1.0,1956.7733333333344,0.0,164.0,85.0,-53.27176920320806,47.0,-0.6267266965083301,-0.7792391467859886,17.96
0.0,0.0,0.0,1.0,1127.3400000000013,0.0,200.0,87.0,-55.68331541377847,53.0,-0.6400381082043503,-0.7683431655492202,14.95
0.0,0.0,0.0,1.0,1127.7300000000012,7.0,219.0,88.0,-57.47809076476984,40.0,-0.65316012232693,-0.7572198192083127,19.72
0.0,0.0,0.0,1.0,851.4366666666679,15.0,234.0,44.0,-29.868101251394364,41.0,-0.6788204829862355,-0.734304263829602,20.64
0.0,0.0,0.0,1.0,976.8933333333347,20.0,226.0,89.0,-61.53026002263723,46.0,-0.6913512362094071,-0.722518835873311,21.58
0.0,0.0,0.0,1.0,1134.116666666668,3.0,246.0,89.0,-62.627289265632136,45.0,-0.7036774074790128,-0.7105196029692745,13.69
0.0,0.0,0.0,1.0,1318.4333333333345,3.0,252.0,82.0,-59.67152100956674,49.0,-0.7277014757264236,-0.6858939875998223,19.96
0.0,0.0,0.0,1.0,1323.6900000000012,16.0,236.0,82.0,-60.63016561486578,44.0,-0.7393922635959241,-0.673274892250183,24.07
0.0,0.0,0.0,1.0,1116.306666666668,14.0,222.0,82.0,-61.57086877871381,43.0,-0.7508642533989489,-0.6604565640279754,17.33
0.0,0.0,0.0,1.0,1064.2600000000011,0.0,224.0,77.0,-59.5316510689364,47.0,-0.7731383255706026,-0.6342374393978054,18.45
0.0,0.0,0.0,1.0,1028.0066666666678,12.0,212.0,77.0,-60.362903884584846,46.0,-0.7839338166829201,-0.620844401650647,22.97
0.0,0.0,0.0,1.0,1095.680000000001,27.0,197.0,70.0,-55.61481304166195,47.0,-0.7944973291665992,-0.6072676460566135,23.87
0.0,0.0,0.0,1.0,1499.2700000000011,33.0,176.0,88.0,-71.71260660661497,43.0,-0.8149159841660791,-0.5795791048257612,24.36
0.0,0.0,0.0,1.0,1261.5000000000011,0.0,213.0,37.0,-30.87169457034929,45.0,-0.8343701235229538,-0.5512045872199277,19.84
0.0,0.0,0.0,1.0,1621.1766666666674,14.0,217.0,83.0,-70.02944549942951,49.0,-0.8437282590292712,-0.5367705514607103,24.64
0.0,0.0,0.0,1.0,1297.0466666666678,36.0,181.0,101.0,-86.1365088987154,48.0,-0.8528367217694595,-0.522177676659508,17.51
0.0,0.0,0.0,1.0,1676.3433333333344,26.0,174.0,88.0,-76.58586515963393,50.0,-0.8702939222685674,-0.49253272872205434,26.85
0.0,0.0,0.0,1.0,1610.5300000000013,30.0,144.0,81.0,-71.82440610972243,43.0,-0.886721063082993,-0.46230483047981086,24.93
0.0,0.0,0.0,1.0,1623.6233333333346,12.0,189.0,94.0,-86.77684005868217,45.0,-0.9231578729647039,-0.38442104726885545,20.32
0.0,0.0,0.0,1.0,1486.7666666666676,23.0,178.0,80.0,-74.37071455746155,42.0,-0.9296339319682695,-0.3684843993077793,23.41
0.0,0.0,0.0,1.0,1252.5333333333344,9.0,169.0,90.0,-84.22514076014947,48.0,-0.9358348973349941,-0.35243871088460327,21.53
0.0,0.0,0.0,1.0,1241.9833333333343,0.0,188.0,99.0,-93.79302463514458,44.0,-0.9474042892438845,-0.32003923622313857,18.95
0.0,0.0,0.0,1.0,1232.9533333333345,0.0,216.0,85.0,-81.41745021135169,44.0,-0.9578523554276669,-0.28726097055059635,21.54
0.0,0.0,0.0,1.0,1166.4933333333345,2.0,258.0,88.0,-84.71337377502108,43.0,-0.9626519747161487,-0.2707418984477642,19.36
0.0,0.0,0.0,1.0,950.3766666666676,0.0,258.0,35.0,-34.13677358268743,47.0,-0.9753363880767837,-0.2207236509605022,24.17
0.0,0.0,0.0,1.0,1115.7766666666678,12.0,246.0,90.0,-88.10899863668388,51.0,-0.9789888737409319,-0.20391367068311472,26.43
0.0,0.0,0.0,1.0,1353.5233333333344,12.0,284.0,87.0,-85.73186662339985,45.0,-0.9854237542919524,-0.17011767832049052,20.05
0.0,0.0,0.0,1.0,1537.060000000001,37.0,247.0,83.0,-82.0209523345138,50.0,-0.9882042449941422,-0.15314166701312007,19.17
0.0,0.0,0.0,1.0,2290.450000000001,18.0,236.0,79.0,-78.26469250276331,45.0,-0.9906923101615609,-0.13612033862266704,26.37
0.0,0.0,0.0,1.0,2208.460000000001,0.0,236.0,81.0,-80.42386429639139,46.0,-0.9928872135356962,-0.11905873003404988,22.28
0.0,0.0,0.0,1.0,2249.9333333333343,19.0,220.0,68.0,-67.75486161967318,44.0,-0.9963950238187231,-0.08483487790576538,27.76
0.0,0.0,0.0,1.0,1352.7466666666676,0.0,230.0,100.0,-99.77068927101168,46.0,-0.9977068927101168,-0.06768276175455162,19.02
0.0,0.0,0.0,1.0,2410.1633333333343,57.0,214.0,79.0,-78.95612475026688,43.0,-0.9994446170919858,-0.033323525711631344,18.23
0.0,0.0,0.0,1.0,3437.230000000001,12.0,214.0,88.0,-87.98855633584361,47.0,-0.9998699583618592,-0.016126573270657762,20.55
0.0,0.0,0.0,1.0,3695.4933333333342,0.0,242.0,91.0,-90.99994740424702,42.0,-0.9999994220246925,0.001075151282798226,28.19
0.0,0.0,0.0,1.0,2413.776666666668,19.0,240.0,33.0,-32.99448800241347,44.0,-0.999832969770105,0.018276557681691223,25.48
0.0,0.0,0.0,1.0,1431.580000000001,28.0,212.0,81.0,-80.94902271917375,49.0,-0.9993706508539969,0.03547255575312556,24.7
0.0,0.0,0.0,1.0,2071.2433333333342,44.0,168.0,88.0,-87.78519620453979,39.0,-0.9975590477788613,0.06982797572987089,28.33
0.0,0.0,0.0,1.0,2754.846666666668,0.0,184.0,101.0,-100.451242454034,46.0,-0.9945667569706337,0.1041007489354256,31.47
0.0,0.0,0.0,1.0,3020.550000000001,0.0,200.0,90.0,-89.33660153410585,39.0,-0.9926289059345095,0.121193461470736,23.92
0.0,0.0,0.0,1.0,2277.4033333333346,50.0,159.0,84.0,-82.98130340934361,44.0,-0.9878726596350429,0.15526624985999563,31.32
0.0,0.0,0.0,1.0,1844.8833333333343,0.0,192.0,99.0,-97.52051151032863,45.0,-0.9850556718215013,0.172236243027682,25.2
0.0,0.0,0.0,1.0,1846.790000000001,7.0,201.0,94.0,-92.30303587754473,44.0,-0.981947190186646,0.18915526872004093,30.24
0.0,0.0,0.0,1.0,1696.6800000000012,0.0,222.0,73.0,-71.16474429113111,43.0,-0.9748595108374125,0.22282040779479959,19.78
0.0,0.0,0.0,1.0,2419.246666666668,3.0,280.0,88.0,-85.43765212236175,44.0,-0.9708824104813836,0.23955655912092708,9.27
0.0,0.0,0.0,1.0,1942.1000000000013,10.0,302.0,47.0,-45.43104648880457,47.0,-0.9666180104000972,0.2562218218071163,23.53
0.0,0.0,0.0,1.0,1876.640000000001,41.0,287.0,78.0,-75.04127065485532,44.0,-0.9620675724981452,0.27281126433401914,21.64
0.0,0.0,0.0,1.0,1185.2666666666676,12.0,278.0,95.0,-90.93708211571465,50.0,-0.957232443323312,0.28931997761869527,26.36
0.0,0.0,0.0,1.0,1625.890000000001,28.0,275.0,80.0,-76.16912429344882,45.0,-0.9521140536681102,0.3057430764672831,24.29
0.0,0.0,0.0,1.0,1707.0366666666675,17.0,304.0,101.0,-95.618105732785,41.0,-0.9467139181463862,0.3220757010206104,20.7
0.0,0.0,0.0,1.0,1596.7200000000012,0.0,315.0,96.0,-90.3392289355315,45.0,-0.9410336347451197,0.3383130181923076,22.76
0.0,0.0,0.0,1.0,1351.0833333333344,0.0,320.0,80.0,-74.80599074812459,52.0,-0.9350748843515574,0.3544502230989869,23.21
0.0,0.0,0.0,1.0,1357.310000000001,16.0,363.0,81.0,-74.70865852795342,39.0,-0.9223291176290545,0.3864052261209853,26.4
0.0,0.0,0.0,1.0,1855.7433333333345,16.0,420.0,90.0,-82.3991285679792,47.0,-0.9155458729775467,0.40221356823680365,13.21
0.0,0.0,0.0,1.0,1760.2633333333342,9.0,432.0,84.0,-75.0606376652156,38.0,-0.8935790198239952,0.4489059314938798,20.85
0.0,0.0,0.0,1.0,1806.8766666666677,33.0,401.0,39.0,-34.22673995090373,51.0,-0.8776087166898392,0.4793776594606945,27.49
0.0,0.0,0.0,1.0,1398.0366666666678,16.0,409.0,92.0,-78.35749578871653,43.0,-0.8517119107469189,0.5240103253675756,23.02
0.0,0.0,0.0,1.0,1532.2200000000012,21.0,412.0,88.0,-74.14634391882107,44.0,-0.8425720899866032,0.5385835804920232,18.99
0.0,0.0,0.0,1.0,1533.7566666666678,61.0,373.0,89.0,-74.15328153443689,50.0,-0.8331829385891785,0.5529974600700271,24.11
0.0,0.0,0.0,1.0,2186.5766666666677,32.0,373.0,76.0,-62.58958985662565,46.0,-0.8235472349556007,0.5672476988027229,20.67
0.0,0.0,0.0,1.0,2149.776666666668,26.0,386.0,93.0,-74.72993131365378,43.0,-0.8035476485339116,0.5952404359043674,22.04
0.0,0.0,0.0,1.0,2358.016666666668,3.0,386.0,95.0,-74.34671516793942,50.0,-0.7825970017677834,0.6225286602431057,31.73
0.0,0.0,0.0,1.0,1703.5333333333344,25.0,392.0,86.0,-66.37245534302339,45.0,-0.7717727365467836,0.6358984534680745,18.7
0.0,0.0,0.0,1.0,1758.4800000000012,46.0,356.0,84.0,-63.90048767393847,42.0,-0.7607200913564104,0.6490800741100398,28.49
0.0,0.0,0.0,1.0,1304.500000000001,11.0,359.0,37.0,-27.303883981216128,42.0,-0.7379428103031386,0.6748632518680403,31.19
0.0,0.0,0.0,1.0,1300.740000000001,5.0,356.0,84.0,-61.00289282674896,46.0,-0.7262249146041543,0.6874571793269664,29.75
0.0,0.0,0.0,1.0,1372.6233333333341,59.0,304.0,87.0,-60.01225240590621,47.0,-0.6897960046655887,0.7240037789593305,29.56
0.0,0.0,0.0,1.0,1801.6133333333344,73.0,258.0,98.0,-65.11937962123982,44.0,-0.6644834655228552,0.7473029667054296,25.7
0.0,0.0,0.0,1.0,1400.840000000001,21.0,274.0,29.0,-18.89438048369726,44.0,-0.6515303615068021,0.75862255966641,24.76
0.0,0.0,0.0,1.0,1487.6033333333344,2.0,274.0,99.0,-61.879915212433325,50.0,-0.6250496486104377,0.7805849965070866,28.83
0.0,0.0,0.0,1.0,1006.790000000001,24.0,349.0,78.0,-47.69933031233022,49.0,-0.6115298757991053,0.7912213413483807,10.88
0.0,0.0,0.0,1.0,1327.900000000001,24.0,332.0,94.0,-54.89144098662378,44.0,-0.5839514998576998,0.8117885474764613,23.29
0.0,0.0,0.0,1.0,1224.0133333333342,22.0,313.0,88.0,-50.15129306992309,50.0,-0.5699010576127624,0.8217133225960589,27.53
0.0,0.0,0.0,1.0,1589.510000000001,32.0,281.0,99.0,-53.58854675825811,45.0,-0.5412984521036173,0.8408305333122887,25.42
0.0,0.0,0.0,1.0,1649.9433333333343,39.0,253.0,75.0,-39.506606460791566,44.0,-0.5267547528105542,0.8500173118187018,25.75
0.0,0.0,0.0,1.0,2809.570000000001,3.0,276.0,99.0,-50.693462652834995,48.0,-0.5120551783114646,0.8589525565270845,19.9
0.0,0.0,0.0,1.0,2746.7066666666674,31.0,269.0,98.0,-48.725999687799906,50.0,-0.4972040784469378,0.8676336233547726,21.81
0.0,0.0,0.0,1.0,2270.0566666666678,10.0,346.0,30.0,-13.55357369498652,46.0,-0.451785789832884,0.8921264484954345,8.67
0.0,0.0,0.0,1.0,1086.7733333333342,14.0,334.0,93.0,-39.13728379939597,49.0,-0.42083100859565564,0.9071390534005044,24.59
0.0,0.0,0.0,1.0,2174.816666666668,2.0,345.0,101.0,-40.921616764496385,49.0,-0.4051645224207563,0.9142437912130223,20.17
0.0,0.0,0.0,1.0,2459.220000000001,7.0,340.0,75.0,-29.203360615890112,49.0,-0.3893781415452015,0.9210779895789526,19.85
0.0,0.0,0.0,1.0,2478.0466666666675,27.0,313.0,94.0,-35.10679451682865,48.0,-0.37347653741307074,0.9276396261490467,25.55
0.0,0.0,0.0,1.0,1244.5200000000011,37.0,297.0,97.0,-34.67404830979156,40.0,-0.3574644155648614,0.9339267592294762,16.76
0.0,0.0,0.0,1.0,1070.260000000001,2.0,307.0,40.0,-13.653860569801445,41.0,-0.34134651424503615,0.9399375283564133,20.02
0.0,0.0,0.0,1.0,1113.6666666666677,99.0,208.0,97.0,-31.5373774909912,45.0,-0.3251276029999093,0.9456701548465688,20.12
0.0,0.0,0.0,1.0,1247.3700000000008,7.0,217.0,103.0,-28.419033335304924,47.0,-0.27591294500296043,0.9611826292540837,21.01
0.0,0.0,0.0,1.0,1522.2733333333342,3.0,214.0,84.0,-20.385694944938013,45.0,-0.2426868445825954,0.9701046827361175,23.8
0.0,0.0,0.0,1.0,1125.020000000001,0.0,214.0,34.0,-7.682762680432648,46.0,-0.22596360824801906,0.974135744004672,26.35
0.0,0.0,0.0,1.0,1054.6700000000008,11.0,208.0,81.0,-14.208420098146552,46.0,-0.17541259380427843,0.9844950085880858,22.83
0.0,0.0,0.0,1.0,876.8766666666676,26.0,238.0,75.0,-11.883883122062723,47.0,-0.15845177496083632,0.9873667175937016,15.84
0.0,0.0,0.0,1.0,1212.3233333333342,24.0,215.0,92.0,-13.012854227290665,49.0,-0.14144406768794202,0.9899462489023779,25.24
0.0,0.0,0.0,1.0,1605.0700000000008,87.0,181.0,88.0,-10.946716425902398,45.0,-0.12439450483979998,0.9922328391893008,15.84
0.0,0.0,0.0,1.0,1737.7533333333342,2.0,183.0,72.0,-6.4936803074648495,49.0,-0.09019000427034513,0.9959245770286599,23.86
0.0,0.0,0.0,1.0,1715.0533333333342,13.0,199.0,94.0,-6.866247691838458,49.0,-0.07304518821104743,0.9973286321364752,24.0
0.0,0.0,0.0,1.0,1215.3633333333344,2.0,226.0,77.0,-1.6556057010426621,48.0,-0.021501372740813793,0.999768818762748,17.66
0.0,0.0,0.0,1.0,1174.4266666666674,0.0,270.0,84.0,-0.36124978705048577,44.0,-0.004300592702981974,0.9999907524084426,19.62
0.0,0.0,0.0,1.0,1142.7333333333343,21.0,250.0,84.0,2.889437091543073,50.0,0.03439806061360801,0.9994082116062598,12.98
0.0,0.0,0.0,1.0,1085.8400000000008,12.0,256.0,85.0,4.384671183899711,47.0,0.051584366869408364,0.9986686402879997,12.93
0.0,0.0,0.0,1.0,970.2666666666674,0.0,270.0,78.0,6.700676132383952,44.0,0.08590610426133272,0.9963032375991965,14.51
0.0,0.0,0.0,1.0,797.3366666666676,16.0,254.0,105.0,10.818294799533772,52.0,0.10303137904317879,0.9946781061893646,12.26
0.0,0.0,0.0,1.0,789.7400000000008,0.0,272.0,79.0,9.48996704940569,43.0,0.1201261651823505,0.9927586335250793,14.44
0.0,0.0,0.0,1.0,822.0633333333343,0.0,282.0,43.0,5.898972374433824,43.0,0.13718540405660057,0.9905453876091833,12.86
0.0,0.0,0.0,1.0,735.460000000001,5.0,278.0,78.0,12.027915709889774,40.0,0.1542040475626894,0.988039023376751,13.33
0.0,0.0,0.0,1.0,863.3666666666677,56.0,242.0,105.0,17.973591259070986,45.0,0.17117705961019986,0.985240282501282,16.24
0.0,0.0,0.0,1.0,822.9500000000008,1.0,241.0,86.0,19.07240554985744,45.0,0.22177215755648186,0.975098513039961,12.43
0.0,0.0,0.0,1.0,915.3433333333343,53.0,191.0,85.0,20.273568891496502,46.0,0.23851257519407648,0.9711394088771653,16.34
0.0,0.0,0.0,1.0,716.2533333333344,4.0,191.0,42.0,10.717661351181658,48.0,0.2551824131233728,0.9668929289391521,18.02
0.0,0.0,0.0,1.0,723.8700000000009,29.0,205.0,94.0,30.179419493415473,42.0,0.321057654185271,0.9470596510722283,11.93
0.0,0.0,0.0,1.0,1321.230000000001,29.0,194.0,70.0,26.978935161802795,47.0,0.38541335945432564,0.9227440286201427,17.16
0.0,0.0,0.0,1.0,1408.923333333334,44.0,153.0,86.0,34.505692748485075,47.0,0.4012289854475009,0.9159777842484877,13.53
0.0,0.0,0.0,1.0,1393.4000000000008,1.0,179.0,78.0,32.52021874364084,42.0,0.4169258813287287,0.908940487313808,13.55
0.0,0.0,0.0,1.0,943.280000000001,18.0,162.0,89.0,38.49244678992412,50.0,0.4324994021339788,0.901634220265486,13.82
0.0,0.0,0.0,1.0,826.4800000000009,14.0,152.0,44.0,21.051088091206854,51.0,0.4784338202547012,0.8781236129591848,13.95
0.0,0.0,0.0,1.0,1112.210000000001,0.0,152.0,91.0,44.9056008926286,43.0,0.49346814167723735,0.8697638720650646,15.89
0.0,0.0,0.0,1.0,898.2433333333342,18.0,147.0,93.0,48.647770211469336,39.0,0.5230943033491326,0.8522748088519838,13.22
0.0,0.0,0.0,1.0,1065.5033333333342,10.0,137.0,92.0,49.4663186601365,48.0,0.5376773767406141,0.8431506618282,14.68
0.0,0.0,0.0,1.0,788.4266666666676,1.0,136.0,72.0,39.7512966777063,48.0,0.5521013427459208,0.8337770129585915,14.35
0.0,0.0,0.0,1.0,798.1633333333342,20.0,123.0,38.0,22.057287256745724,46.0,0.580454927809098,0.8142923779467267,12.92
0.0,0.0,0.0,1.0,807.170000000001,0.0,123.0,89.0,52.8994779360635,50.0,0.5943761565849831,0.804187157621448,15.18
0.0,0.0,0.0,1.0,1063.8200000000008,3.0,120.0,88.0,53.514691990631675,45.0,0.6081214998935418,0.7938439653781019,15.52
0.0,0.0,0.0,1.0,1070.7366666666678,4.0,118.0,88.0,54.70844634345622,46.0,0.6216868902665479,0.7832658619336791,13.45
0.0,0.0,0.0,1.0,965.8000000000008,43.0,75.0,92.0,58.426284840780426,44.0,0.6350683134867438,0.7724559775191742,10.66
0.0,0.0,0.0,1.0,1017.810000000001,18.0,57.0,92.0,59.64008649936552,50.0,0.6482618097757122,0.7614175109532997,14.74
0.0,0.0,0.0,1.0,846.1900000000009,3.0,60.0,43.0,28.98498685114849,42.0,0.6740694616546161,0.7386679638813748,10.14
0.0,0.0,0.0,1.0,1144.690000000001,27.0,33.0,88.0,60.42748627037367,46.0,0.6866759803451553,0.726963615332308,11.57
0.0,0.0,0.0,1.0,964.0933333333343,1.0,53.0,83.0,58.023581946941164,48.0,0.6990793005655562,0.7150441465537444,8.73
0.0,0.0,0.0,1.0,1123.0666666666677,4.0,49.0,92.0,65.437369181591,50.0,0.7112757519738152,0.7029130847082615,11.55
0.0,0.0,0.0,1.0,1090.4833333333343,0.0,49.0,96.0,71.67245899511165,50.0,0.746588114532413,0.6652865452111116,13.14
0.0,0.0,0.0,1.0,993.550000000001,13.0,43.0,85.0,66.292564405421,44.0,0.7799125224167177,0.6258885343075018,14.29
0.0,0.0,0.0,1.0,932.2366666666676,0.0,43.0,77.0,60.87338156218921,47.0,0.7905633969115482,0.612380204990065,10.96
0.0,0.0,0.0,1.0,692.420000000001,0.0,43.0,87.0,70.5709410608349,43.0,0.8111602420785621,0.5848239578463322,12.76
0.0,0.0,0.0,1.0,759.210000000001,7.0,36.0,105.0,86.21551237035337,47.0,0.8211001178128892,0.5707841943569036,13.95
0.0,0.0,0.0,1.0,704.4766666666677,0.0,50.0,39.0,32.40108365567286,45.0,0.8307970168121247,0.5565755266413303,15.59
0.0,0.0,0.0,1.0,790.2900000000009,0.0,50.0,100.0,84.94504794814806,47.0,0.8494504794814806,0.527668345562516,14.21
0.0,0.0,0.0,1.0,734.050000000001,2.0,48.0,73.0,62.663311200308094,48.0,0.8584015232918917,0.512978386299228,16.55
0.0,0.0,0.0,1.0,862.7900000000009,0.0,88.0,94.0,81.50726391443357,43.0,0.8670985522812081,0.4981366284784055,13.3
0.0,0.0,0.0,1.0,900.3466666666676,0.0,88.0,79.0,69.1675804358318,48.0,0.8755389928586302,0.4831474640149687,19.92
0.0,0.0,0.0,1.0,849.1933333333342,6.0,82.0,70.0,61.860424315339834,47.0,0.8837203473619977,0.4680153284438345,14.37
0.0,0.0,0.0,1.0,811.6800000000009,0.0,82.0,27.0,24.07428525951596,47.0,0.8916401947968874,0.45274469960737107,20.11
0.0,0.0,0.0,1.0,1081.8200000000008,21.0,64.0,85.0,76.44017628200716,47.0,0.8992961915530253,0.4373400963303323,19.84
0.0,0.0,0.0,1.0,1122.8566666666677,0.0,84.0,83.0,75.25494398411728,44.0,0.9066860720977985,0.4218060770826634,14.66
0.0,0.0,0.0,1.0,1198.4966666666676,0.0,98.0,79.0,72.73204652800918,38.0,0.9206588168102428,0.3903682146763026,18.27
0.0,0.0,0.0,1.0,825.7500000000009,7.0,136.0,92.0,85.88585398284874,43.0,0.9335418911179212,0.35846832151248087,13.22
0.0,0.0,0.0,1.0,943.0233333333341,0.0,143.0,39.0,36.64322945216942,45.0,0.9395699859530622,0.342356891994542,15.97
0.0,0.0,0.0,1.0,1011.4100000000009,0.0,143.0,84.0,79.40688394070308,48.0,0.945320046913132,0.3261441535642696,19.38
0.0,0.0,0.0,1.0,1139.5466666666675,0.0,143.0,89.0,85.08216160212281,49.0,0.9559793438440766,0.2934339689665273,18.93
0.0,0.0,0.0,1.0,1401.6966666666676,14.0,146.0,90.0,87.28588772705646,46.0,0.969843196967294,0.24372971360968387,18.78
0.0,0.0,0.0,1.0,1152.4366666666676,0.0,176.0,40.0,38.9556894365997,44.0,0.9738922359149924,0.22701082094141847,13.93
0.0,0.0,0.0,1.0,1060.8033333333342,0.0,176.0,75.0,73.3239813361248,47.0,0.9776530844816641,0.2102247521189836,17.67
0.0,0.0,0.0,1.0,860.8600000000009,40.0,136.0,91.0,89.571831849412,48.0,0.984305844499033,0.17647097349152166,13.92
0.0,0.0,0.0,1.0,1043.6066666666675,0.0,142.0,89.0,87.86042506889976,47.0,0.9871957872910085,0.15951325197263655,15.45
0.0,0.0,0.0,1.0,1276.703333333334,0.0,142.0,82.0,81.35207886892506,46.0,0.992098522791769,0.12546123335273648,14.34
0.0,0.0,0.0,1.0,970.340000000001,0.0,142.0,34.0,33.79973539987622,49.0,0.9941098647022418,0.10837701279187609,17.88
0.0,0.0,0.0,1.0,1090.4000000000008,3.0,139.0,90.0,89.75245689696106,50.0,0.9972495210773451,0.07411742515094437,20.27
0.0,0.0,0.0,1.0,852.9700000000008,20.0,130.0,80.0,79.87015251737135,47.0,0.998376906467142,0.056952196034039754,15.96
0.0,0.0,0.0,1.0,981.6633333333342,14.0,126.0,83.0,82.97884526648359,42.0,0.9997451236925734,0.022576263041545485,15.11
0.0,0.0,0.0,1.0,1202.750000000001,45.0,81.0,88.0,87.99872845726324,48.0,0.9999855506507186,0.005375731557583884,18.76
0.0,0.0,0.0,1.0,1348.3866666666675,7.0,89.0,92.0,91.9612390704064,43.0,0.9995786855478958,-0.029025013321975237,22.63
0.0,0.0,0.0,1.0,1433.0633333333342,0.0,107.0,68.0,67.8632344774607,48.0,0.9979887423155984,-0.06339140486951038,23.19
0.0,0.0,0.0,1.0,1518.6833333333343,0.0,115.0,102.0,101.5121954829204,48.0,0.9952176027737294,-0.09768276782171598,23.87
0.0,0.0,0.0,1.0,1482.1033333333344,17.0,98.0,86.0,85.43154471502685,44.0,0.9933900548258936,-0.11478762552212701,21.34
0.0,0.0,0.0,1.0,1262.940000000001,30.0,70.0,33.0,32.632172311879415,43.0,0.9888537064205885,-0.1488903868564548,18.61
0.0,0.0,0.0,1.0,700.1733333333342,0.0,76.0,45.0,44.376581175371776,47.0,0.986146248341595,-0.16587819893463143,16.44
0.0,0.0,0.0,1.0,631.580000000001,0.0,76.0,38.0,37.23455726364293,52.0,0.9798567700958665,-0.1997015525660636,17.03
0.0,0.0,0.0,1.0,726.0433333333343,6.0,70.0,47.0,45.88500072108581,50.0,0.9762766110869321,-0.21652708524481437,20.89
0.0,0.0,0.0,1.0,868.6500000000009,0.0,89.0,10.0,9.682507501166718,42.0,0.9682507501166718,-0.2499809690726521,18.8
0.0,0.0,0.0,1.0,698.6433333333343,0.0,89.0,41.0,39.51610434860596,45.0,0.9638074231367307,-0.26659942067929354,17.83
0.0,0.0,0.0,1.0,635.320000000001,0.0,89.0,30.0,28.77236670102339,47.0,0.9590788900341131,-0.28313898122818354,23.97
0.0,0.0,0.0,1.0,434.3066666666676,11.0,100.0,36.0,34.155787911838104,47.0,0.9487718864399473,-0.31596187665790293,13.44
0.0,0.0,0.0,1.0,921.3933333333343,10.0,90.0,83.0,78.28530667439668,52.0,0.9431964659565866,-0.33223549871590435,23.83
0.0,0.0,0.0,1.0,948.470000000001,0.0,118.0,73.0,68.42596150789953,46.0,0.9373419384643772,-0.3484108069446808,11.64
0.0,0.0,0.0,1.0,953.690000000001,15.0,142.0,25.0,23.28025091030487,45.0,0.9312100364121947,-0.3644830148102912,20.76
0.0,0.0,0.0,1.0,768.3033333333343,18.0,124.0,101.0,92.02803216859897,44.0,0.9111686353326631,-0.41203363695942635,21.03
0.0,0.0,0.0,1.0,1020.3533333333344,8.0,160.0,97.0,86.95625705418408,45.0,0.8964562582905575,-0.44313223418263453,20.77
0.0,0.0,0.0,1.0,1355.840000000001,0.0,173.0,105.0,93.31361002207561,38.0,0.8887010478292915,-0.45848712914008766,21.37
0.0,0.0,0.0,1.0,1098.900000000001,2.0,180.0,48.0,42.272777108647084,47.0,0.8806828564301475,-0.47370635037968,19.58
0.0,0.0,0.0,1.0,1214.500000000001,6.0,203.0,110.0,95.02538086621084,47.0,0.8638670987837349,-0.503719798736334,22.58
0.0,0.0,0.0,1.0,1270.9666666666676,0.0,216.0,90.0,76.95670577307239,43.0,0.8550745085896932,-0.518505144391157,25.91
0.0,0.0,0.0,1.0,1611.0866666666677,0.0,228.0,86.0,72.75848437588911,46.0,0.8460288880917339,-0.533137056031809,28.91
0.0,0.0,0.0,1.0,1619.3566666666677,19.0,227.0,108.0,90.36715471572515,45.0,0.8367329140344921,-0.5476112038402312,24.43
0.0,0.0,0.0,1.0,1706.3700000000008,0.0,258.0,97.0,78.31496219732787,47.0,0.8073707443023492,-0.5900444739548627,26.94
0.0,0.0,0.0,1.0,1626.4400000000012,0.0,272.0,93.0,73.15348064605399,46.0,0.7865965660866021,-0.6174672802835514,22.48
0.0,0.0,0.0,1.0,1398.7800000000009,22.0,290.0,62.0,47.42326620691559,46.0,0.7648913904341225,-0.6441592666722685,25.08
0.0,0.0,0.0,1.0,1437.330000000001,0.0,301.0,112.0,84.41413841200637,51.0,0.753697664392914,-0.6572212950663319,24.31
0.0,0.0,0.0,1.0,1322.240000000001,28.0,273.0,62.0,46.021416239392885,49.0,0.742280907086982,-0.6700888411055113,24.68
0.0,0.0,0.0,1.0,1507.340000000001,39.0,238.0,93.0,67.94993821341973,47.0,0.7306444969184916,-0.6827580970759147,25.26
0.0,0.0,0.0,1.0,1638.2700000000011,0.0,288.0,120.0,84.8071866693139,49.0,0.7067265555776158,-0.7074868024503348,27.6
0.0,0.0,0.0,1.0,1901.6333333333343,44.0,254.0,83.0,56.60368837450842,43.0,0.6819721490904629,-0.7313781428679254,25.33
0.0,0.0,0.0,1.0,2611.3300000000013,13.0,253.0,96.0,64.25187739596065,44.0,0.6692903895412567,-0.7430009249440493,24.6
0.0,0.0,0.0,1.0,2512.903333333334,9.0,293.0,99.0,63.690315520044685,44.0,0.6433365204044917,-0.765583517007675,17.98
0.0,0.0,0.0,1.0,2416.666666666668,29.0,270.0,97.0,61.11699282548376,49.0,0.6300720909843687,-0.7765366444428655,23.96
0.0,0.0,0.0,1.0,1666.760000000001,13.0,257.0,88.0,53.06293230211348,51.0,0.6029878670694714,-0.7977503570459932,23.59
0.0,0.0,0.0,1.0,2303.620000000001,12.0,363.0,94.0,55.38255219983585,46.0,0.5891760872322963,-0.8080046647350754,9.18
0.0,0.0,0.0,1.0,2007.673333333334,18.0,348.0,42.0,23.563412301591445,45.0,0.5610336262283677,-0.8277930117131022,24.14
0.0,0.0,0.0,1.0,1953.2466666666676,31.0,361.0,76.0,41.55005673801313,50.0,0.5467112728685939,-0.8373211953118121,24.42
0.0,0.0,0.0,1.0,1280.4666666666676,14.0,347.0,89.0,47.36821535742213,49.0,0.5322271388474397,-0.8466016020976267,31.1
0.0,0.0,0.0,1.0,1857.7133333333343,40.0,307.0,127.0,61.95658747117361,47.0,0.4878471454423119,-0.8729290708206411,28.01
0.0,0.0,0.0,1.0,2059.3766666666675,11.0,315.0,100.0,47.275920928627755,46.0,0.47275920928627757,-0.881191653407483,28.93
0.0,0.0,0.0,1.0,2032.953333333334,0.0,325.0,105.0,46.427655956542566,49.0,0.44216815196707204,-0.8969321743510065,24.89
0.0,0.0,0.0,1.0,1990.8066666666675,4.0,337.0,102.0,43.52075648537232,44.0,0.42667408318992467,-0.9044054548343001,26.0
0.0,0.0,0.0,1.0,1738.6633333333345,50.0,307.0,68.0,27.951655318718387,47.0,0.4110537546870351,-0.9116111071930239,25.18
0.0,0.0,0.0,1.0,2077.1833333333343,10.0,299.0,109.0,43.088984975375745,49.0,0.3953117887649151,-0.9185469991587165,26.03
0.0,0.0,0.0,1.0,1580.8033333333342,12.0,287.0,48.0,16.675335416845314,48.0,0.3474028211842774,-0.9377159910299093,23.38
0.0,0.0,0.0,1.0,1629.260000000001,49.0,250.0,83.0,26.14015452050301,48.0,0.31494162072895193,-0.9491110448902284,22.92
0.0,0.0,0.0,1.0,975.0900000000009,6.0,293.0,96.0,28.66260646691714,45.0,0.2985688173637202,-0.9543881083175908,13.51
0.0,0.0,0.0,1.0,1246.0900000000008,0.0,311.0,84.0,23.697043665281228,49.0,0.2821076626819194,-0.9593827529490743,28.19
0.0,0.0,0.0,1.0,1090.3533333333341,118.0,201.0,49.0,11.379903276444438,43.0,0.23224292400907015,-0.9726578145718654,26.04
0.0,0.0,0.0,1.0,1275.080000000001,3.0,229.0,96.0,20.68582224448609,43.0,0.21547731504673012,-0.976508846196619,17.38
0.0,0.0,0.0,1.0,946.880000000001,44.0,279.0,99.0,19.66614634513694,46.0,0.19864794288017112,-0.9800709131432666,9.32
0.0,0.0,0.0,1.0,1196.3733333333341,0.0,280.0,115.0,20.902375573008165,45.0,0.18175978759137534,-0.9833429613388902,20.31
0.0,0.0,0.0,1.0,2421.473333333334,0.0,280.0,83.0,13.679881272547428,43.0,0.16481784665719793,-0.9863240225317866,21.99
0.0,0.0,0.0,1.0,2496.5533333333337,19.0,289.0,76.0,11.234862143760315,43.0,0.14782713347053048,-0.9890132145779883,17.25
0.0,0.0,0.0,1.0,2738.560000000001,10.0,284.0,93.0,12.163718854678606,49.0,0.13079267585675922,-0.9914097417023038,25.87
0.0,0.0,0.0,1.0,2191.480000000001,16.0,307.0,83.0,6.596615893660541,42.0,0.07947729992362097,-0.9968366760893436,18.1
0.0,0.0,0.0,1.0,3031.0666666666675,20.0,287.0,102.0,6.356474694141157,50.0,0.062318379354325076,-0.998056320853012,29.16
0.0,0.0,0.0,1.0,2776.290000000001,2.0,305.0,104.0,4.694665848493081,45.0,0.04514101777397193,-0.9989806246941579,22.41
0.0,0.0,0.0,1.0,2126.2866666666673,0.0,305.0,110.0,1.1826438539874122,50.0,0.01075130776352193,-0.9999422030204416,19.55
0.0,0.0,0.0,1.0,1178.8300000000006,12.0,304.0,34.0,-0.2193293827355751,51.0,-0.00645086419810515,-0.9999791929590823,21.97
0.0,0.0,0.0,1.0,1112.1766666666672,49.0,255.0,97.0,-3.961905979699723,49.0,-0.04084439154329611,-0.9991655196610109,19.97
0.0,0.0,0.0,1.0,1153.5000000000007,18.0,247.0,72.0,-4.177840991672185,47.0,-0.05802556932878035,-0.9983150972033183,20.38
0.0,0.0,0.0,1.0,1230.3466666666673,8.0,260.0,85.0,-6.391113995254477,49.0,-0.07518957641475855,-0.9971692572470178,12.81
0.0,0.0,0.0,1.0,1035.2166666666674,31.0,241.0,71.0,-7.770649574073005,45.0,-0.10944576864891556,-0.993992768446958,15.94
0.0,0.0,0.0,1.0,849.7300000000006,94.0,166.0,89.0,-12.777945683651208,41.0,-0.1435724234118113,-0.9896398128792412,18.64
0.0,0.0,0.0,1.0,1011.5800000000005,1.0,175.0,85.0,-13.64883629057447,42.0,-0.16057454459499376,-0.9870237158387383,16.39
0.0,0.0,0.0,1.0,1141.1666666666672,0.0,181.0,81.0,-14.379861084149832,41.0,-0.17752914918703497,-0.984115542601034,22.15
0.0,0.0,0.0,1.0,1130.8166666666673,28.0,153.0,79.0,-15.360066383765293,41.0,-0.19443122004766195,-0.9809161537413774,20.23
0.0,0.0,0.0,1.0,984.1200000000007,5.0,190.0,99.0,-22.577719350930458,50.0,-0.2280577712215198,-0.9736476020539838,11.59
0.0,0.0,0.0,1.0,746.2333333333339,39.0,168.0,34.0,-8.322258230506826,43.0,-0.24477230089725957,-0.9695805901076308,19.29
0.0,0.0,0.0,1.0,739.0000000000006,0.0,220.0,100.0,-26.14143985111562,49.0,-0.2614143985111562,-0.965226663665613,14.73
0.0,0.0,0.0,1.0,964.7200000000006,20.0,210.0,88.0,-25.912622717238506,44.0,-0.2944616217868012,-0.9556633054034704,19.8
0.0,0.0,0.0,1.0,1240.2666666666673,0.0,222.0,83.0,-27.154307151133892,52.0,-0.3271603271220951,-0.9449688462364056,21.4
0.0,0.0,0.0,1.0,1340.4100000000005,11.0,211.0,106.0,-36.39688864361713,45.0,-0.34336687399638804,-0.939201357453208,18.72
0.0,0.0,0.0,1.0,1171.7666666666673,0.0,237.0,83.0,-31.164041431072473,43.0,-0.3754703786876202,-0.9268343944460494,18.27
0.0,0.0,0.0,1.0,1030.2200000000005,10.0,235.0,79.0,-30.917269088321046,45.0,-0.3913578365610259,-0.9202385798054075,16.19
0.0,0.0,0.0,1.0,720.8166666666672,21.0,293.0,87.0,-35.42026522581989,46.0,-0.4071294853542516,-0.9133704517637858,6.54
0.0,0.0,0.0,1.0,741.3700000000007,12.0,288.0,89.0,-37.62747856045828,46.0,-0.4227806579826773,-0.9062320427107697,17.44
0.0,0.0,0.0,1.0,895.2466666666674,19.0,269.0,90.0,-39.44760507112673,49.0,-0.4383067230125192,-0.898825465016444,20.47
0.0,0.0,0.0,1.0,1123.2866666666673,10.0,278.0,81.0,-36.749949968538886,45.0,-0.45370308603134424,-0.8911529104063088,20.23
0.0,0.0,0.0,1.0,914.953333333334,6.0,284.0,35.0,-16.413781685267114,47.0,-0.46896519100763184,-0.8832166493127127,17.03
0.0,0.0,0.0,1.0,785.2733333333339,0.0,300.0,93.0,-46.41338005003347,44.0,-0.4990686026885319,-0.8665624788845385,14.74
0.0,0.0,0.0,1.0,722.5066666666672,42.0,261.0,85.0,-46.16394537309169,43.0,-0.5431052396834317,-0.8396646346181327,15.75
0.0,0.0,0.0,1.0,1007.2500000000006,17.0,244.0,96.0,-53.51696999354776,49.0,-0.5574684374327892,-0.8301981337405212,19.06
0.0,0.0,0.0,1.0,880.7000000000006,52.0,192.0,42.0,-24.01000019471362,43.0,-0.5716666713027052,-0.8204859638785327,18.45
0.0,0.0,0.0,1.0,856.7233333333339,10.0,207.0,83.0,-49.76277379613086,41.0,-0.5995514915196489,-0.8003361849976323,15.16
0.0,0.0,0.0,1.0,716.523333333334,12.0,196.0,87.0,-53.35099488807827,45.0,-0.6132298262997502,-0.7899045386224707,14.18
0.0,0.0,0.0,1.0,1712.3400000000008,0.0,207.0,79.0,-50.56301054814367,44.0,-0.6400381082043503,-0.7683431655492202,16.7
0.0,0.0,0.0,1.0,1816.1500000000005,26.0,198.0,88.0,-57.47809076476984,49.0,-0.65316012232693,-0.7572198192083127,18.52
0.0,0.0,0.0,1.0,1676.2700000000007,8.0,190.0,37.0,-24.64528766685615,44.0,-0.666088855860977,-0.7458723993404063,17.05
0.0,0.0,0.0,1.0,966.433333333334,79.0,118.0,84.0,-57.020920570843785,45.0,-0.6788204829862355,-0.734304263829602,15.2
0.0,0.0,0.0,1.0,895.6800000000006,7.0,126.0,87.0,-61.21993445067411,43.0,-0.7036774074790128,-0.7105196029692745,16.11
0.0,0.0,0.0,1.0,1653.1933333333338,0.0,173.0,85.0,-60.84260468902646,47.0,-0.7157953492826642,-0.6983101158835584,13.44
0.0,0.0,0.0,1.0,1480.546666666667,19.0,156.0,92.0,-68.02408825082502,45.0,-0.7393922635959241,-0.673274892250183,14.13
0.0,0.0,0.0,1.0,1287.2766666666673,12.0,152.0,34.0,-25.52938461556426,41.0,-0.7508642533989489,-0.6604565640279754,14.91
0.0,0.0,0.0,1.0,695.0466666666672,16.0,145.0,84.0,-64.01758023268849,47.0,-0.7621140503891487,-0.6474427960827475,15.92
0.0,0.0,0.0,1.0,1011.6200000000007,3.0,142.0,85.0,-67.53227297916094,45.0,-0.7944973291665992,-0.6072676460566135,18.42
0.0,0.0,0.0,1.0,2187.7800000000007,0.0,144.0,91.0,-73.23914207685941,54.0,-0.8048257371083452,-0.593511190196115,18.14
0.0,0.0,0.0,1.0,2095.5466666666675,0.0,169.0,77.0,-62.748530780788094,41.0,-0.8149159841660791,-0.5795791048257612,12.94
0.0,0.0,0.0,1.0,1588.8000000000004,25.0,154.0,31.0,-25.5677176186742,42.0,-0.8247650844733614,-0.5654755126737576,14.39
0.0,0.0,0.0,1.0,628.7600000000007,1.0,166.0,92.0,-76.76205136411176,47.0,-0.8343701235229538,-0.5512045872199277,15.78
0.0,0.0,0.0,1.0,728.4400000000006,11.0,155.0,98.0,-83.57799873340703,48.0,-0.8528367217694595,-0.522177676659508,13.78
0.0,0.0,0.0,1.0,1191.633333333334,17.0,150.0,75.0,-64.62696123021392,47.0,-0.8616928164028522,-0.5074302810827518,16.91
0.0,0.0,0.0,1.0,1120.4800000000007,0.0,150.0,70.0,-60.920574558799714,46.0,-0.8702939222685674,-0.49253272872205434,16.07
0.0,0.0,0.0,1.0,1037.9133333333339,7.0,156.0,50.0,-44.33605315414965,44.0,-0.886721063082993,-0.46230483047981086,21.04
0.0,0.0,0.0,1.0,836.8366666666672,15.0,141.0,102.0,-92.01406754587873,46.0,-0.9020987014301837,-0.43152975897147144,15.74
0.0,0.0,0.0,1.0,978.8800000000005,47.0,101.0,86.0,-79.39157707496453,44.0,-0.9231578729647039,-0.38442104726885545,21.37
0.0,0.0,0.0,1.0,1196.4433333333338,2.0,105.0,99.0,-92.03375926485867,51.0,-0.9296339319682695,-0.3684843993077793,19.42
0.0,0.0,0.0,1.0,1083.4833333333338,8.0,188.0,29.0,-27.13921202271483,45.0,-0.9358348973349941,-0.35243871088460327,6.55
0.0,0.0,0.0,1.0,1093.9900000000005,9.0,182.0,99.0,-93.2341344758467,46.0,-0.9417589340994617,-0.33628873017668287,18.21
0.0,0.0,0.0,1.0,879.5333333333339,0.0,206.0,90.0,-85.7492362995166,43.0,-0.9527692922168511,-0.30369503751065885,12.03
0.0,0.0,0.0,1.0,981.4766666666674,2.0,206.0,78.0,-74.71248372335802,46.0,-0.9578523554276669,-0.28726097055059635,19.5
0.0,0.0,0.0,1.0,941.6966666666673,25.0,197.0,83.0,-79.90011390144035,52.0,-0.9626519747161487,-0.2707418984477642,18.76
0.0,0.0,0.0,1.0,1287.643333333334,10.0,201.0,77.0,-74.4718381944253,45.0,-0.9671667297977312,-0.2541427094613622,20.86
0.0,0.0,0.0,1.0,1058.083333333334,13.0,209.0,29.0,-28.17046325582875,47.0,-0.97139528468375,-0.23746831555846842,17.66
0.0,0.0,0.0,1.0,990.6066666666674,0.0,220.0,78.0,-76.07623826998913,43.0,-0.9753363880767837,-0.2207236509605022,17.79
0.0,0.0,0.0,1.0,800.4933333333339,12.0,216.0,91.0,-89.08798751042481,41.0,-0.9789888737409319,-0.20391367068311472,20.41
0.0,0.0,0.0,1.0,1235.083333333334,0.0,253.0,94.0,-92.62983290344353,49.0,-0.9854237542919524,-0.17011767832049052,14.53
0.0,0.0,0.0,1.0,1543.116666666667,13.0,252.0,74.0,-73.12711412956652,42.0,-0.9882042449941422,-0.15314166701312007,20.76
0.0,0.0,0.0,1.0,1358.7733333333338,0.0,284.0,82.0,-81.236769433248,44.0,-0.9906923101615609,-0.13612033862266704,11.49
0.0,0.0,0.0,1.0,991.9266666666672,7.0,277.0,36.0,-35.743939687285064,52.0,-0.9928872135356962,-0.11905873003404988,21.47
0.0,0.0,0.0,1.0,716.5733333333341,6.0,298.0,96.0,-95.65392228659742,51.0,-0.9963950238187231,-0.08483487790576538,14.78
0.0,0.0,0.0,1.0,719.1766666666672,91.0,240.0,81.0,-80.89660545051217,47.0,-0.9987235240803972,-0.050510617185222886,11.17
0.0,0.0,0.0,1.0,1026.6733333333339,3.0,237.0,99.0,-98.9450170921066,50.0,-0.9994446170919858,-0.033323525711631344,21.38
0.0,0.0,0.0,1.0,1149.363333333334,24.0,216.0,101.0,-100.98686579454778,48.0,-0.9998699583618592,-0.016126573270657762,19.53
0.0,0.0,0.0,1.0,1253.0800000000006,2.0,214.0,42.0,-41.99997572503708,45.0,-0.9999994220246925,0.001075151282798226,20.62
0.0,0.0,0.0,1.0,1380.6400000000006,16.0,244.0,93.0,-92.98446618861976,47.0,-0.999832969770105,0.018276557681691223,20.43
0.0,0.0,0.0,1.0,1204.4166666666672,14.0,254.0,91.0,-90.94272922771371,45.0,-0.9993706508539969,0.03547255575312556,14.19
0.0,0.0,0.0,1.0,1259.1400000000006,21.0,274.0,84.0,-83.88345857505377,49.0,-0.9986126020839734,0.052658056924614005,19.1
0.0,0.0,0.0,1.0,1082.6100000000006,11.0,271.0,89.0,-88.78275525231865,45.0,-0.9975590477788613,0.06982797572987089,22.72
0.0,0.0,0.0,1.0,1232.6100000000008,8.0,303.0,101.0,-100.6172402699353,41.0,-0.9962102997023297,0.0869772313136861,20.0
0.0,0.0,0.0,1.0,1040.9100000000005,37.0,273.0,30.0,-29.778867178035284,41.0,-0.9926289059345095,0.121193461470736,27.07
0.0,0.0,0.0,1.0,2118.0566666666673,12.0,263.0,77.0,-76.2605936427147,46.0,-0.9903973200352558,0.1382503109109819,18.9
0.0,0.0,0.0,1.0,2005.923333333334,32.0,266.0,85.0,-83.96917606897864,46.0,-0.9878726596350429,0.15526624985999563,16.74
0.0,0.0,0.0,1.0,2125.3766666666675,0.0,312.0,91.0,-89.35719430698478,45.0,-0.981947190186646,0.18915526872004093,14.89
0.0,0.0,0.0,1.0,959.7300000000006,27.0,319.0,100.0,-97.8548134580203,52.0,-0.9785481345802031,0.20601832032517084,15.02
0.0,0.0,0.0,1.0,964.313333333334,33.0,321.0,90.0,-87.73735597536712,45.0,-0.9748595108374125,0.22282040779479959,16.41
0.0,0.0,0.0,1.0,878.1200000000007,0.0,322.0,42.0,-40.77706124021811,47.0,-0.9708824104813836,0.23955655912092708,21.55
0.0,0.0,0.0,1.0,942.0233333333339,3.0,360.0,94.0,-90.86209297760914,42.0,-0.9666180104000972,0.2562218218071163,21.29
0.0,0.0,0.0,1.0,1216.9066666666674,0.0,360.0,102.0,-97.63770921897783,47.0,-0.957232443323312,0.28931997761869527,25.92
0.0,0.0,0.0,1.0,1303.7133333333338,46.0,342.0,74.0,-70.45643997144015,45.0,-0.9521140536681102,0.3057430764672831,17.93
0.0,0.0,0.0,1.0,1445.9933333333338,24.0,338.0,102.0,-96.56481965093138,44.0,-0.9467139181463862,0.3220757010206104,25.11
0.0,0.0,0.0,1.0,1302.843333333334,41.0,342.0,98.0,-92.22129620502173,46.0,-0.9410336347451197,0.3383130181923076,21.28
0.0,0.0,0.0,1.0,1186.343333333334,8.0,347.0,30.0,-28.05224653054672,43.0,-0.9350748843515574,0.3544502230989869,27.2
0.0,0.0,0.0,1.0,1054.1966666666674,40.0,323.0,82.0,-76.16483328097615,40.0,-0.9288394302558068,0.3704825404820963,19.16
0.0,0.0,0.0,1.0,972.6766666666673,7.0,335.0,85.0,-78.39797499846964,40.0,-0.9223291176290545,0.3864052261209853,20.74
0.0,0.0,0.0,1.0,1425.3600000000006,2.0,352.0,85.0,-77.2217948036632,45.0,-0.9084917035725082,0.41790288888678667,20.95
0.0,0.0,0.0,1.0,2367.626666666667,35.0,326.0,105.0,-94.62271316989647,44.0,-0.9011686968561569,0.4334685453485363,26.02
0.0,0.0,0.0,1.0,2381.5466666666666,46.0,291.0,92.0,-82.20926982380756,44.0,-0.8935790198239952,0.4489059314938798,19.27
0.0,0.0,0.0,1.0,1881.4633333333334,34.0,281.0,40.0,-35.42899673534255,44.0,-0.8857249183835637,0.4642104791518923,14.55
0.0,0.0,0.0,1.0,876.8300000000004,35.0,267.0,89.0,-78.10717578539568,47.0,-0.8776087166898392,0.4793776594606945,18.48
0.0,0.0,0.0,1.0,1727.7200000000003,1.0,386.0,91.0,-79.1001862976306,43.0,-0.8692328164574792,0.49440298420761813,9.15
0.0,0.0,0.0,1.0,1929.4900000000005,41.0,380.0,91.0,-78.31457235876074,43.0,-0.8605996962501181,0.5092820071573356,16.86
0.0,0.0,0.0,1.0,2269.096666666667,0.0,382.0,79.0,-67.28524094900659,44.0,-0.8517119107469189,0.5240103253675756,26.44
0.0,0.0,0.0,1.0,1336.3700000000001,28.0,361.0,70.0,-58.980046299062224,48.0,-0.8425720899866032,0.5385835804920232,18.91
0.0,0.0,0.0,1.0,1738.1600000000005,20.0,344.0,98.0,-81.65192798173949,46.0,-0.8331829385891785,0.5529974600700271,24.59
0.0,0.0,0.0,1.0,1587.9133333333339,45.0,313.0,107.0,-87.0624578576791,37.0,-0.8136678304455991,0.5813300798152042,25.89
0.0,0.0,0.0,1.0,1735.8400000000004,13.0,316.0,84.0,-67.49800247684857,47.0,-0.8035476485339116,0.5952404359043674,24.0
0.0,0.0,0.0,1.0,1108.8133333333337,16.0,368.0,73.0,-57.90284692799845,39.0,-0.7931896839451843,0.6089746507720486,6.93
0.0,0.0,0.0,1.0,840.8133333333336,19.0,392.0,89.0,-68.68777355266374,47.0,-0.7717727365467836,0.6358984534680745,14.61
0.0,0.0,0.0,1.0,736.436666666667,19.0,404.0,86.0,-65.4219278566513,41.0,-0.7607200913564104,0.6490800741100398,19.0
0.0,0.0,0.0,1.0,751.5433333333336,9.0,435.0,44.0,-32.9754628214966,43.0,-0.7494423368521954,0.6620696215153815,12.75
0.0,0.0,0.0,1.0,667.7233333333336,11.0,491.0,86.0,-59.32245640124062,47.0,-0.6897960046655887,0.7240037789593305,10.69
0.0,0.0,0.0,1.0,695.2000000000003,24.0,477.0,73.0,-49.438515487939284,46.0,-0.6772399381909491,0.7357622347736527,23.25
0.0,0.0,0.0,1.0,727.6100000000002,21.0,495.0,31.0,-20.59898743120851,46.0,-0.6644834655228552,0.7473029667054296,21.97
0.0,0.0,0.0,1.0,783.4300000000003,120.0,397.0,68.0,-44.304064582462544,43.0,-0.6515303615068021,0.75862255966641,17.65
0.0,0.0,0.0,1.0,706.1500000000002,35.0,399.0,94.0,-60.00813916241844,46.0,-0.6383844591746642,0.7697176640069211,14.43
0.0,0.0,0.0,1.0,1351.446666666667,2.0,428.0,101.0,-61.76451745570964,50.0,-0.6115298757991053,0.7912213413483807,13.49
0.0,0.0,0.0,1.0,2077.5533333333337,7.0,564.0,82.0,-47.88402298833138,46.0,-0.5839514998576998,0.8117885474764613,6.73
0.0,0.0,0.0,1.0,2013.0900000000001,3.0,564.0,40.0,-22.796042304510497,46.0,-0.5699010576127624,0.8217133225960589,25.93
0.0,0.0,0.0,1.0,1806.386666666667,14.0,551.0,79.0,-43.89887582560786,47.0,-0.5556819724760489,0.8313949395234058,24.24
0.0,0.0,0.0,1.0,1084.6500000000003,16.0,598.0,78.0,-41.08687071922323,42.0,-0.5267547528105542,0.8500173118187018,7.65
0.0,0.0,0.0,1.0,1232.266666666667,68.0,531.0,87.0,-41.951908766982676,48.0,-0.4822058478963526,0.8760579434344281,19.23
0.0,0.0,0.0,1.0,738.9800000000004,43.0,513.0,35.0,-16.347272370710062,44.0,-0.46706492487743034,0.8842230238742036,12.94
0.0,0.0,0.0,1.0,700.266666666667,31.0,520.0,79.0,-34.4734641642628,39.0,-0.4363729641045924,0.8997658785476209,13.81
0.0,0.0,0.0,1.0,600.7600000000003,40.0,513.0,82.0,-34.50814270484376,48.0,-0.42083100859565564,0.9071390534005044,15.05
0.0,0.0,0.0,1.0,914.1133333333337,67.0,456.0,86.0,-34.84414892818504,47.0,-0.4051645224207563,0.9142437912130223,21.55
0.0,0.0,0.0,1.0,1054.666666666667,10.0,466.0,85.0,-33.09714203134213,43.0,-0.3893781415452015,0.9210779895789526,19.93
0.0,0.0,0.0,1.0,1006.4266666666671,39.0,456.0,85.0,-31.745505680111012,42.0,-0.37347653741307074,0.9276396261490467,12.76
0.0,0.0,0.0,1.0,936.236666666667,22.0,458.0,96.0,-31.21224988799129,45.0,-0.3251276029999093,0.9456701548465688,16.12
0.0,0.0,0.0,1.0,795.2266666666669,37.0,502.0,98.0,-30.26362316409287,46.0,-0.30881248126625377,0.9511229423235357,10.12
0.0,0.0,0.0,1.0,1902.4333333333336,31.0,475.0,100.0,-27.591294500296044,49.0,-0.27591294500296043,0.9611826292540837,20.36
0.0,0.0,0.0,1.0,1679.7733333333335,143.0,356.0,35.0,-8.494039560390839,45.0,-0.2426868445825954,0.9701046827361175,15.43
0.0,0.0,0.0,1.0,1831.6533333333336,3.0,380.0,94.0,-18.078221492474913,43.0,-0.19232150523909483,0.9813319716704275,13.2
0.0,0.0,0.0,1.0,782.8866666666669,1.0,388.0,83.0,-14.55924528575511,48.0,-0.17541259380427843,0.9844950085880858,15.41
0.0,0.0,0.0,1.0,1123.8833333333337,63.0,329.0,88.0,-12.447077956538898,50.0,-0.14144406768794202,0.9899462489023779,22.03
0.0,0.0,0.0,1.0,915.0000000000003,1.0,340.0,39.0,-4.851385688752199,43.0,-0.12439450483979998,0.9922328391893008,19.82
0.0,0.0,0.0,1.0,915.2500000000003,25.0,358.0,97.0,-10.40888877066716,38.0,-0.10730813165636247,0.9942258118156161,14.71
0.0,0.0,0.0,1.0,869.0966666666669,38.0,320.0,92.0,-8.297480392871751,46.0,-0.09019000427034513,0.9959245770286599,20.24
0.0,0.0,0.0,1.0,1180.5766666666668,33.0,305.0,111.0,-6.202542016496418,47.0,-0.05587875690537313,0.9984375616565666,19.13
0.0,0.0,0.0,1.0,1075.5633333333337,10.0,295.0,42.0,-0.18062489352524289,47.0,-0.004300592702981974,0.9999907524084426,19.74
0.0,0.0,0.0,1.0,827.7100000000004,20.0,286.0,76.0,1.3073197317877985,43.0,0.017201575418260506,0.9998520419557735,10.25
0.0,0.0,0.0,1.0,671.3666666666669,29.0,278.0,85.0,2.923835152156681,48.0,0.03439806061360801,0.9994082116062598,9.41
0.0,0.0,0.0,1.0,1312.7333333333338,24.0,254.0,98.0,5.055267953202019,47.0,0.051584366869408364,0.9986686402879997,8.83
0.0,0.0,0.0,1.0,1391.1600000000005,81.0,181.0,94.0,9.684949630058806,43.0,0.10303137904317879,0.9946781061893646,11.95
0.0,0.0,0.0,1.0,1170.566666666667,4.0,177.0,40.0,4.80504660729402,48.0,0.1201261651823505,0.9927586335250793,10.95
0.0,0.0,0.0,1.0,551.456666666667,24.0,164.0,88.0,12.07231555698085,39.0,0.13718540405660057,0.9905453876091833,11.59
0.0,0.0,0.0,1.0,562.276666666667,27.0,139.0,95.0,17.86944467312077,48.0,0.18809941761179758,0.9821499931752291,11.72
0.0,0.0,0.0,1.0,920.6200000000002,9.0,130.0,83.0,18.407089077187994,47.0,0.22177215755648186,0.975098513039961,9.04
0.0,0.0,0.0,1.0,942.0466666666671,4.0,126.0,95.0,24.242329246720416,47.0,0.2551824131233728,0.9668929289391521,10.71
0.0,0.0,0.0,1.0,824.486666666667,12.0,114.0,97.0,27.96419214882322,45.0,0.2882906407095177,0.9575429528116719,6.26
0.0,0.0,0.0,1.0,497.45333333333355,43.0,71.0,89.0,27.12001174671554,49.0,0.3047192331091634,0.9524422234305676,6.4
0.0,0.0,0.0,1.0,432.3066666666669,0.0,88.0,74.0,23.758266409710053,43.0,0.321057654185271,0.9470596510722283,10.05
0.0,0.0,0.0,1.0,434.7500000000002,18.0,82.0,89.0,30.01979515312039,40.0,0.3373010691361842,0.9413968285264122,7.44
0.0,0.0,0.0,1.0,523.9433333333336,0.0,82.0,98.0,37.77050922652391,49.0,0.38541335945432564,0.9227440286201427,9.74
0.0,0.0,0.0,1.0,565.0833333333336,11.0,77.0,98.0,40.85873637021541,44.0,0.4169258813287287,0.908940487313808,9.5
0.0,0.0,0.0,1.0,604.2633333333337,21.0,65.0,86.0,37.19494858352218,46.0,0.4324994021339788,0.901634220265486,9.42
0.0,0.0,0.0,1.0,446.8933333333336,0.0,65.0,33.0,15.287511444727226,46.0,0.4632579225674917,0.88622350294858,8.67
0.0,0.0,0.0,1.0,473.15000000000026,8.0,57.0,102.0,48.80024966597952,48.0,0.4784338202547012,0.8781236129591848,10.07
0.0,0.0,0.0,1.0,437.04000000000025,0.0,68.0,83.0,42.19358434881351,47.0,0.5083564379375122,0.8611467540480452,7.72
0.0,0.0,0.0,1.0,528.6200000000002,11.0,75.0,84.0,43.93992148132714,45.0,0.5230943033491326,0.8522748088519838,8.48
0.0,0.0,0.0,1.0,717.1100000000002,2.0,73.0,98.0,52.69238292058018,45.0,0.5376773767406141,0.8431506618282,9.64
0.0,0.0,0.0,1.0,1271.2400000000002,0.0,75.0,76.0,41.959702048689984,49.0,0.5521013427459208,0.8337770129585915,10.37
0.0,0.0,0.0,1.0,1184.386666666667,0.0,75.0,30.0,16.990857992443573,49.0,0.5663619330814524,0.8241566360566663,9.8
0.0,0.0,0.0,1.0,1537.1633333333339,0.0,75.0,108.0,62.689132203382584,50.0,0.580454927809098,0.8142923779467267,9.14
0.0,0.0,0.0,1.0,1287.2566666666671,0.0,75.0,96.0,57.060111032158375,49.0,0.5943761565849831,0.804187157621448,7.56
0.0,0.0,0.0,1.0,1401.576666666667,17.0,58.0,90.0,54.73093499041876,48.0,0.6081214998935418,0.7938439653781019,8.97
0.0,0.0,0.0,1.0,830.2033333333337,12.0,46.0,111.0,70.49258279702856,40.0,0.6350683134867438,0.7724559775191742,8.62
0.0,0.0,0.0,1.0,499.826666666667,0.0,46.0,79.0,51.212682972281264,43.0,0.6482618097757122,0.7614175109532997,6.72
0.0,0.0,0.0,1.0,381.07000000000033,6.0,40.0,37.0,24.46674857372863,49.0,0.6612634749656386,0.7501537286959042,7.59
0.0,0.0,0.0,1.0,324.596666666667,9.0,36.0,92.0,62.01439047222468,44.0,0.6740694616546161,0.7386679638813748,7.03
0.0,0.0,0.0,1.0,344.11000000000035,0.0,36.0,88.0,60.42748627037367,46.0,0.6866759803451553,0.726963615332308,6.84
0.0,0.0,0.0,1.0,426.63000000000034,0.0,37.0,92.0,64.31529565203117,42.0,0.6990793005655562,0.7150441465537444,7.36
0.0,0.0,0.0,1.0,602.5500000000003,11.0,40.0,83.0,59.035887413826664,47.0,0.7112757519738152,0.7029130847082615,7.59
0.0,0.0,0.0,1.0,682.1166666666669,18.0,22.0,101.0,73.04943426981762,46.0,0.7232617254437388,0.6905740195722293,9.6
0.0,0.0,0.0,1.0,700.056666666667,0.0,32.0,87.0,65.93918159226921,44.0,0.7579216274973472,0.6523456189565257,8.67
0.0,0.0,0.0,1.0,580.2333333333336,2.0,30.0,109.0,85.01046494342224,41.0,0.7799125224167177,0.6258885343075018,8.56
0.0,0.0,0.0,1.0,546.1166666666669,0.0,30.0,88.0,69.56957892821625,45.0,0.7905633969115482,0.612380204990065,9.2
0.0,0.0,0.0,1.0,1233.4800000000002,0.0,30.0,83.0,67.32630009252065,47.0,0.8111602420785621,0.5848239578463322,6.89
0.0,0.0,0.0,1.0,1202.8566666666668,0.0,30.0,101.0,83.9104986980246,48.0,0.8307970168121247,0.5565755266413303,7.32
0.0,0.0,0.0,1.0,1160.1633333333336,0.0,30.0,85.0,72.20329075592585,43.0,0.8494504794814806,0.527668345562516,7.45
0.0,0.0,0.0,1.0,513.3333333333336,0.0,30.0,98.0,84.12334928260539,51.0,0.8584015232918917,0.512978386299228,8.91
0.0,0.0,0.0,1.0,672.2500000000003,0.0,45.0,73.0,63.298194316528196,46.0,0.8670985522812081,0.4981366284784055,10.97
0.0,0.0,0.0,1.0,856.3933333333335,0.0,45.0,39.0,34.46509354711791,42.0,0.8837203473619977,0.4680153284438345,10.18
0.0,0.0,0.0,1.0,916.5133333333337,5.0,52.0,88.0,78.46433714212608,44.0,0.8916401947968874,0.45274469960737107,13.81
0.0,0.0,0.0,1.0,802.726666666667,0.0,54.0,90.0,81.60174648880187,48.0,0.9066860720977985,0.4218060770826634,10.62
0.0,0.0,0.0,1.0,656.1933333333336,1.0,88.0,75.0,68.53557372349961,48.0,0.9138076496466615,0.4061472386305789,10.27
0.0,0.0,0.0,1.0,472.4633333333336,14.0,74.0,34.0,31.74042429800932,51.0,0.9335418911179212,0.35846832151248087,10.35
0.0,0.0,0.0,1.0,470.1300000000003,0.0,88.0,97.0,91.13828863744703,44.0,0.9395699859530622,0.342356891994542,10.12
0.0,0.0,0.0,1.0,1881.456666666667,10.0,78.0,98.0,93.17745650133315,45.0,0.9507903724625832,0.3098349038318025,11.68
0.0,0.0,0.0,1.0,1982.8733333333337,0.0,78.0,82.0,78.39030619521428,44.0,0.9559793438440766,0.2934339689665273,10.22
0.0,0.0,0.0,1.0,2026.4666666666672,0.0,80.0,101.0,97.51622374724798,46.0,0.9655071658143364,0.2603764827344581,11.2
0.0,0.0,0.0,1.0,505.5633333333337,0.0,80.0,27.0,26.18576631811694,48.0,0.969843196967294,0.24372971360968387,10.67
0.0,0.0,0.0,1.0,583.006666666667,0.0,80.0,91.0,88.62419346826431,46.0,0.9738922359149924,0.22701082094141847,12.81
0.0,0.0,0.0,1.0,613.6300000000003,0.0,80.0,95.0,92.87704302575808,45.0,0.9776530844816641,0.2102247521189836,13.53
0.0,0.0,0.0,1.0,690.3666666666669,0.0,110.0,85.0,83.39559353059552,43.0,0.981124629771712,0.19337647441020586,7.82
0.0,0.0,0.0,1.0,509.94000000000034,15.0,99.0,36.0,35.71554682050368,44.0,0.992098522791769,0.12546123335273648,10.33
0.0,0.0,0.0,1.0,1121.6100000000004,0.0,99.0,97.0,96.59522225047577,44.0,0.9958270335100595,0.09126072172931188,12.43
0.0,0.0,0.0,1.0,1206.386666666667,12.0,119.0,94.0,93.92563247038967,42.0,0.9992088560679753,0.03977011384605572,11.45
0.0,0.0,0.0,1.0,1347.6300000000003,2.0,120.0,81.0,80.97935501909845,44.0,0.9997451236925734,0.022576263041545485,12.32
0.0,0.0,0.0,1.0,521.016666666667,35.0,110.0,39.0,38.999436475378026,47.0,0.9999855506507186,0.005375731557583884,8.33
0.0,0.0,0.0,1.0,512.2233333333337,0.0,113.0,78.0,77.99454513210405,48.0,0.9999300657962057,-0.011826390691832589,12.38
0.0,0.0,0.0,1.0,628.4000000000003,14.0,103.0,95.0,94.9599751270501,49.0,0.9995786855478958,-0.029025013321975237,15.22
0.0,0.0,0.0,1.0,848.3200000000003,0.0,103.0,82.0,81.91238413855832,53.0,0.9989315138848577,-0.046215046983708354,14.94
0.0,0.0,0.0,1.0,865.3100000000004,0.0,103.0,81.0,80.83708812756348,44.0,0.9979887423155984,-0.06339140486951038,13.44
0.0,0.0,0.0,1.0,835.2500000000003,2.0,111.0,88.0,87.71405718428258,42.0,0.9967506498213929,-0.08054900421874167,16.5
0.0,0.0,0.0,1.0,732.5033333333336,0.0,141.0,97.0,96.15304903753638,39.0,0.9912685467787256,-0.13185851571739118,9.52
0.0,0.0,0.0,1.0,740.7533333333337,0.0,159.0,80.0,79.10829651364708,44.0,0.9888537064205885,-0.1488903868564548,13.88
0.0,0.0,0.0,1.0,774.466666666667,0.0,159.0,45.0,44.376581175371776,41.0,0.986146248341595,-0.16587819893463143,10.42
0.0,0.0,0.0,1.0,1329.7133333333338,30.0,149.0,39.0,38.342731975163844,40.0,0.9831469737221499,-0.1828169249850199,14.54
0.0,0.0,0.0,1.0,1758.6066666666668,4.0,157.0,38.0,37.23455726364293,47.0,0.9798567700958665,-0.1997015525660636,13.71
0.0,0.0,0.0,1.0,1462.7600000000002,0.0,175.0,18.0,17.50333601019594,40.0,0.9724075561219968,-0.23328854407545518,12.06
0.0,0.0,0.0,1.0,816.2200000000003,32.0,148.0,31.0,30.01577325361683,41.0,0.9682507501166718,-0.2499809690726521,14.81
0.0,0.0,0.0,1.0,273.41666666666697,3.0,174.0,47.0,44.841127852718415,44.0,0.9540665500578387,-0.2995947563972602,12.89
0.0,0.0,0.0,1.0,1652.8333333333337,25.0,149.0,35.0,33.207016025398154,49.0,0.9487718864399473,-0.31596187665790293,12.26
0.0,0.0,0.0,1.0,2995.8300000000004,3.0,146.0,46.0,43.387037434002984,46.0,0.9431964659565866,-0.33223549871590435,11.41
0.0,0.0,0.0,1.0,3159.626666666667,4.0,146.0,41.0,38.43101947703946,46.0,0.9373419384643772,-0.3484108069446808,13.68
0.0,0.0,0.0,1.0,2060.32,0.0,159.0,116.0,106.50208800099463,45.0,0.9181214482844364,-0.39629913726891813,12.84
0.0,0.0,0.0,1.0,943.7633333333337,0.0,159.0,95.0,86.561020356603,48.0,0.9111686353326631,-0.41203363695942635,15.06
0.0,0.0,0.0,1.0,848.3600000000002,10.0,158.0,88.0,79.5472649771713,47.0,0.9039461929224011,-0.42764620926777464,10.42
0.0,0.0,0.0,1.0,1104.6900000000003,30.0,128.0,92.0,82.4739757627313,53.0,0.8964562582905575,-0.44313223418263453,13.2
0.0,0.0,0.0,1.0,1596.376666666667,18.0,110.0,98.0,86.30691993015446,45.0,0.8806828564301475,-0.47370635037968,12.54
0.0,0.0,0.0,1.0,1668.8633333333337,0.0,111.0,94.0,82.00598133966636,44.0,0.8724040568049612,-0.48878539428899265,13.21
0.0,0.0,0.0,1.0,1394.446666666667,20.0,111.0,95.0,77.6530932733673,41.0,0.8174009818249189,-0.5760691233798758,15.4
0.0,0.0,0.0,1.0,1034.6800000000003,12.0,99.0,112.0,89.27537839216576,45.0,0.7971015927871943,-0.6038452208771035,18.52
0.0,0.0,0.0,1.0,1161.9533333333336,18.0,81.0,91.0,71.58028751388079,48.0,0.7865965660866021,-0.6174672802835514,19.18
0.0,0.0,0.0,1.0,1199.4833333333336,5.0,80.0,100.0,77.58587728069828,45.0,0.7758587728069828,-0.6309066211876704,15.21
0.0,0.0,0.0,1.0,1191.0500000000002,29.0,59.0,48.0,36.17748789085987,48.0,0.753697664392914,-0.6572212950663319,18.1
0.0,0.0,0.0,1.0,1064.086666666667,0.0,65.0,81.0,60.12475347404554,46.0,0.742280907086982,-0.6700888411055113,15.23
0.0,0.0,0.0,1.0,1118.326666666667,0.0,65.0,104.0,75.98702767952314,49.0,0.7306444969184916,-0.6827580970759147,16.44
0.0,0.0,0.0,1.0,1199.546666666667,4.0,77.0,92.0,66.12885271053493,43.0,0.7187918772884232,-0.6952253139408722,15.84
0.0,0.0,0.0,1.0,2312.786666666667,13.0,64.0,102.0,72.08610866891681,47.0,0.7067265555776158,-0.7074868024503348,16.68
0.0,0.0,0.0,1.0,2958.8266666666664,0.0,81.0,91.0,63.195141291907746,45.0,0.6944521021088763,-0.719538934232584,16.53
0.0,0.0,0.0,1.0,2916.6966666666667,9.0,113.0,118.0,80.47271359267462,41.0,0.6819721490904629,-0.7313781428679254,13.08
0.0,0.0,0.0,1.0,1713.5233333333335,0.0,147.0,59.0,39.48813298293415,44.0,0.6692903895412567,-0.7430009249440493,14.42
0.0,0.0,0.0,1.0,999.9100000000003,0.0,185.0,109.0,70.1236807240896,48.0,0.6433365204044917,-0.765583517007675,13.61
0.0,0.0,0.0,1.0,831.9333333333337,1.0,201.0,97.0,61.11699282548376,42.0,0.6300720909843687,-0.7765366444428655,15.78
0.0,0.0,0.0,1.0,1062.886666666667,20.0,183.0,107.0,63.04184133385571,45.0,0.5891760872322963,-0.8080046647350754,17.52
0.0,0.0,0.0,1.0,1014.1300000000002,0.0,185.0,59.0,33.93620768200667,50.0,0.5751899607119775,-0.8180198708443174,20.83
0.0,0.0,0.0,1.0,969.726666666667,0.0,220.0,80.0,42.57817110779517,43.0,0.5322271388474397,-0.8466016020976267,15.96
0.0,0.0,0.0,1.0,846.936666666667,4.0,334.0,92.0,47.61786694329338,44.0,0.5175855102531889,-0.8556314858488706,6.71
0.0,0.0,0.0,1.0,941.9733333333337,8.0,341.0,108.0,52.68749170776968,42.0,0.4878471454423119,-0.8729290708206411,16.79
0.0,0.0,0.0,1.0,1024.0266666666669,6.0,364.0,42.0,19.855886790023657,48.0,0.47275920928627757,-0.881191653407483,16.79
0.0,0.0,0.0,1.0,1194.5466666666669,0.0,364.0,105.0,48.040794487796376,48.0,0.4575313760742512,-0.8891934772070711,19.06
0.0,0.0,0.0,1.0,1261.3333333333337,16.0,348.0,108.0,47.75416041244378,47.0,0.44216815196707204,-0.8969321743510065,18.16
0.0,0.0,0.0,1.0,1477.9366666666672,0.0,381.0,88.0,37.54731932071337,41.0,0.42667408318992467,-0.9044054548343001,16.64
0.0,0.0,0.0,1.0,1442.8400000000004,17.0,417.0,71.0,29.18481658277949,40.0,0.4110537546870351,-0.9116111071930239,17.18
0.0,0.0,0.0,1.0,1325.6000000000004,41.0,390.0,84.0,33.20619025625287,44.0,0.3953117887649151,-0.9185469991587165,18.26
0.0,0.0,0.0,1.0,825.8866666666669,34.0,367.0,24.0,8.723558699589752,41.0,0.36348161248290634,-0.9316013725767187,14.58
0.0,0.0,0.0,1.0,801.8933333333338,38.0,336.0,126.0,43.77275546921895,39.0,0.3474028211842774,-0.9377159910299093,15.4
0.0,0.0,0.0,1.0,1131.196666666667,17.0,319.0,109.0,36.103113830383826,54.0,0.3312212278016865,-0.9435531242349544,15.88
0.0,0.0,0.0,1.0,1609.156666666667,2.0,346.0,98.0,30.86427883143729,42.0,0.31494162072895193,-0.9491110448902284,12.32
0.0,0.0,0.0,1.0,1356.4333333333336,2.0,408.0,103.0,30.752588188463182,44.0,0.2985688173637202,-0.9543881083175908,6.65
0.0,0.0,0.0,1.0,827.6033333333336,35.0,388.0,40.0,9.957592342150663,44.0,0.24893980855376657,-0.9685189578512204,14.62
0.0,0.0,0.0,1.0,605.1433333333337,118.0,283.0,103.0,23.921021172934225,48.0,0.23224292400907015,-0.9726578145718654,13.69
0.0,0.0,0.0,1.0,817.4400000000004,15.0,280.0,120.0,25.857277805607616,37.0,0.21547731504673012,-0.976508846196619,14.78
0.0,0.0,0.0,1.0,1025.5300000000004,29.0,251.0,100.0,19.864794288017112,50.0,0.19864794288017112,-0.9800709131432666,14.29
0.0,0.0,0.0,1.0,1138.4300000000005,0.0,251.0,115.0,17.000120349111004,46.0,0.14782713347053048,-0.9890132145779883,17.08
0.0,0.0,0.0,1.0,1144.9366666666672,0.0,253.0,97.0,11.03079291483712,44.0,0.11371951458594969,-0.9935128947338007,17.61
0.0,0.0,0.0,1.0,1244.3233333333337,33.0,224.0,98.0,9.468044784357904,48.0,0.0966127018812031,-0.9953220513156602,19.45
0.0,0.0,0.0,1.0,1201.3233333333337,53.0,176.0,99.0,7.868252692438476,48.0,0.07947729992362097,-0.9968366760893436,17.65
0.0,0.0,0.0,1.0,1383.326666666667,14.0,178.0,85.0,5.2970622451176315,49.0,0.062318379354325076,-0.998056320853012,16.48
0.0,0.0,0.0,1.0,1065.0300000000004,11.0,232.0,83.0,3.74670447523967,42.0,0.04514101777397193,-0.9989806246941579,6.6
0.0,0.0,0.0,1.0,1277.4900000000005,7.0,234.0,116.0,3.2422345958643968,49.0,0.02795029824021032,-0.999609314096404,18.69
0.0,0.0,0.0,1.0,899.8533333333336,0.0,234.0,48.0,0.5160627726490526,48.0,0.01075130776352193,-0.9999422030204416,15.77
0.0,0.0,0.0,1.0,1033.4300000000003,29.0,240.0,89.0,-0.5741269136313584,46.0,-0.00645086419810515,-0.9999791929590823,12.7
0.0,0.0,0.0,1.0,578.396666666667,64.0,212.0,83.0,-1.9630435613542216,43.0,-0.023651127245231586,-0.9997202729664083,8.63
0.0,0.0,0.0,1.0,644.1100000000002,15.0,207.0,75.0,-3.063329365747208,42.0,-0.04084439154329611,-0.9991655196610109,15.07
0.0,0.0,0.0,1.0,792.126666666667,13.0,204.0,81.0,-4.700071115631208,39.0,-0.05802556932878035,-0.9983150972033183,11.42
0.0,0.0,0.0,1.0,780.8666666666669,12.0,228.0,83.0,-6.24073484242496,42.0,-0.07518957641475855,-0.9971692572470178,8.19
0.0,0.0,0.0,1.0,949.3366666666669,0.0,261.0,91.0,-8.4021513662806,47.0,-0.09233133369539122,-0.9957283388645872,10.91
0.0,0.0,0.0,1.0,650.1966666666668,0.0,261.0,40.0,-4.377830745956622,49.0,-0.10944576864891556,-0.993992768446958,10.8
0.0,0.0,0.0,1.0,712.9133333333335,2.0,259.0,89.0,-14.291134468954445,49.0,-0.16057454459499376,-0.9870237158387383,10.22
0.0,0.0,0.0,1.0,517.3100000000003,4.0,288.0,85.0,-15.089977680897972,46.0,-0.17752914918703497,-0.984115542601034,11.41
0.0,0.0,0.0,1.0,752.526666666667,5.0,283.0,105.0,-22.183954336128824,46.0,-0.2112757555821793,-0.9774264960104055,14.16
0.0,0.0,0.0,1.0,595.0533333333336,16.0,274.0,19.0,-4.333097653208876,41.0,-0.2280577712215198,-0.9736476020539838,12.32
0.0,0.0,0.0,1.0,603.0033333333336,65.0,265.0,84.0,-20.560873275369804,46.0,-0.24477230089725957,-0.9695805901076308,11.89
0.0,0.0,0.0,1.0,1386.8433333333335,9.0,256.0,105.0,-27.448511843671405,43.0,-0.2614143985111562,-0.965226663665613,12.81
0.0,0.0,0.0,1.0,1568.6400000000003,0.0,275.0,74.0,-20.570456315509727,50.0,-0.2779791393987801,-0.9605871111248129,13.84
0.0,0.0,0.0,1.0,1586.6900000000003,35.0,249.0,89.0,-26.207084339025304,45.0,-0.2944616217868012,-0.9556633054034704,12.25
0.0,0.0,0.0,1.0,699.4233333333335,36.0,233.0,92.0,-28.598841078402334,48.0,-0.3108569682435036,-0.9504567035349151,11.25
0.0,0.0,0.0,1.0,706.7333333333335,10.0,228.0,98.0,-32.061712057965316,42.0,-0.3271603271220951,-0.9449688462364056,11.28
0.0,0.0,0.0,1.0,590.3833333333334,10.0,218.0,39.0,-13.391308085859134,43.0,-0.34336687399638804,-0.939201357453208,14.18
0.0,0.0,0.0,1.0,577.7333333333335,36.0,215.0,86.0,-30.914575925604392,50.0,-0.3594718130884232,-0.9331559438780432,11.05
0.0,0.0,0.0,1.0,652.2500000000001,33.0,182.0,104.0,-42.341466476842164,46.0,-0.4071294853542516,-0.9133704517637858,13.32
0.0,0.0,0.0,1.0,691.8233333333334,0.0,225.0,84.0,-35.51357527054489,43.0,-0.4227806579826773,-0.9062320427107697,9.04
0.0,0.0,0.0,1.0,669.0533333333334,0.0,225.0,80.0,-35.06453784100154,49.0,-0.4383067230125192,-0.898825465016444,10.64
0.0,0.0,0.0,1.0,430.9300000000001,33.0,210.0,30.0,-13.611092580940326,45.0,-0.45370308603134424,-0.8911529104063088,11.4
0.0,0.0,0.0,1.0,731.8866666666668,0.0,218.0,81.0,-37.98618047161818,43.0,-0.46896519100763184,-0.8832166493127127,12.17
0.0,0.0,0.0,1.0,636.7400000000001,7.0,295.0,63.0,-31.441321969377512,53.0,-0.4990686026885319,-0.8665624788845385,6.75
0.0,0.0,0.0,1.0,933.7733333333334,56.0,239.0,92.0,-47.27889212045655,49.0,-0.5139010013093103,-0.8578494977869301,9.28
0.0,0.0,0.0,1.0,882.4200000000001,0.0,239.0,85.0,-46.16394537309169,45.0,-0.5431052396834317,-0.8396646346181327,12.87
0.0,0.0,0.0,1.0,905.1166666666668,19.0,225.0,41.0,-22.856205934744356,44.0,-0.5574684374327892,-0.8301981337405212,13.46
0.0,0.0,0.0,1.0,768.64,9.0,218.0,89.0,-50.878333745940765,49.0,-0.5716666713027052,-0.8204859638785327,11.38
0.0,0.0,0.0,1.0,587.2733333333334,20.0,204.0,95.0,-55.64109528169833,42.0,-0.5856957398073508,-0.8105309990194823,11.23
0.0,0.0,0.0,1.0,620.2100000000002,5.0,220.0,87.0,-52.16097976220946,44.0,-0.5995514915196489,-0.8003361849976323,8.29
0.0,0.0,0.0,1.0,1240.7766666666669,0.0,220.0,91.0,-57.03212938225804,41.0,-0.6267266965083301,-0.7792391467859886,11.87
0.0,0.0,0.0,1.0,1192.46,33.0,203.0,82.0,-52.48312487275672,44.0,-0.6400381082043503,-0.7683431655492202,10.17
0.0,0.0,0.0,1.0,1191.3766666666668,0.0,235.0,92.0,-62.45148443473367,43.0,-0.6788204829862355,-0.734304263829602,7.78
0.0,0.0,0.0,1.0,1761.11,43.0,208.0,71.0,-49.0859377708679,45.0,-0.6913512362094071,-0.722518835873311,11.27
0.0,0.0,0.0,1.0,1806.4833333333333,0.0,221.0,94.0,-66.1456763030272,44.0,-0.7036774074790128,-0.7105196029692745,11.03
0.0,0.0,0.0,1.0,1874.756666666667,18.0,219.0,89.0,-63.70578608615711,39.0,-0.7157953492826642,-0.6983101158835584,12.15
0.0,0.0,0.0,1.0,1798.6499999999999,8.0,236.0,64.0,-46.57289444649111,43.0,-0.7277014757264236,-0.6858939875998223,8.0
0.0,0.0,0.0,1.0,1808.0466666666664,84.0,169.0,83.0,-62.32173303211276,46.0,-0.7508642533989489,-0.6604565640279754,12.82
0.0,0.0,0.0,1.0,1823.32,0.0,173.0,80.0,-60.9691240311319,47.0,-0.7621140503891487,-0.6474427960827475,13.16
0.0,0.0,0.0,1.0,642.86,0.0,175.0,80.0,-62.71470533463361,46.0,-0.7839338166829201,-0.620844401650647,9.45
0.0,0.0,0.0,1.0,575.7833333333333,5.0,182.0,73.0,-60.20785116655538,44.0,-0.8247650844733614,-0.5654755126737576,10.81
0.0,0.0,0.0,1.0,541.23,2.0,180.0,93.0,-77.5964214876347,44.0,-0.8343701235229538,-0.5512045872199277,9.83
0.0,0.0,0.0,1.0,580.0933333333334,6.0,174.0,86.0,-73.3439580721735,47.0,-0.8528367217694595,-0.522177676659508,10.49
0.0,0.0,0.0,1.0,618.83,21.0,160.0,88.0,-75.828967843451,41.0,-0.8616928164028522,-0.5074302810827518,11.05
0.0,0.0,0.0,1.0,667.21,0.0,164.0,91.0,-79.19674692643963,46.0,-0.8702939222685674,-0.49253272872205434,12.24
0.0,0.0,0.0,1.0,1198.3866666666668,16.0,181.0,32.0,-28.116399813152004,46.0,-0.8786374941610001,-0.4774894280028391,10.97
0.0,0.0,0.0,1.0,1389.9399999999998,32.0,200.0,90.0,-79.80489567746937,41.0,-0.886721063082993,-0.46230483047981086,9.99
0.0,0.0,0.0,1.0,1381.3933333333334,16.0,197.0,90.0,-80.50880132788046,41.0,-0.8945422369764496,-0.4469834295196741,13.01
0.0,0.0,0.0,1.0,916.2000000000002,13.0,201.0,95.0,-85.69937663586745,49.0,-0.9020987014301837,-0.43152975897147144,12.77
0.0,0.0,0.0,1.0,702.6333333333333,16.0,210.0,89.0,-81.56036866579677,43.0,-0.9164086366943458,-0.4002439388573056,9.75
0.0,0.0,0.0,1.0,659.3633333333333,25.0,210.0,87.0,-80.31473494792924,39.0,-0.9231578729647039,-0.38442104726885545,11.34
0.0,0.0,0.0,1.0,665.4433333333333,17.0,210.0,93.0,-87.03264545215445,49.0,-0.9358348973349941,-0.35243871088460327,13.43
0.0,0.0,0.0,1.0,724.12,4.0,206.0,94.0,-88.52533980534939,37.0,-0.9417589340994617,-0.33628873017668287,12.79
0.0,0.0,0.0,1.0,789.8666666666667,2.0,204.0,87.0,-82.42417316421796,47.0,-0.9474042892438845,-0.32003923622313857,13.71
0.0,0.0,0.0,1.0,1395.4766666666667,12.0,192.0,102.0,-97.18246780611882,50.0,-0.9527692922168511,-0.30369503751065885,12.61
0.0,0.0,0.0,1.0,1411.7299999999998,0.0,199.0,95.0,-90.99597376562835,43.0,-0.9578523554276669,-0.28726097055059635,12.86
0.0,0.0,0.0,1.0,1298.0,0.0,221.0,78.0,-75.0868540278596,40.0,-0.9626519747161487,-0.2707418984477642,9.4
0.0,0.0,0.0,1.0,589.1466666666666,7.0,253.0,33.0,-31.91650208332513,44.0,-0.9671667297977312,-0.2541427094613622,8.45
0.0,0.0,0.0,1.0,596.3433333333334,4.0,261.0,84.0,-81.597203913435,43.0,-0.97139528468375,-0.23746831555846842,14.95
0.0,0.0,0.0,1.0,646.7066666666666,33.0,228.0,92.0,-89.7309477030641,41.0,-0.9753363880767837,-0.2207236509605022,10.51
0.0,0.0,0.0,1.0,726.3233333333334,51.0,177.0,82.0,-80.55283618944775,42.0,-0.9823516608469237,-0.18704334906991657,14.49
0.0,0.0,0.0,1.0,933.6966666666667,13.0,169.0,86.0,-84.74644286910791,45.0,-0.9854237542919524,-0.17011767832049052,10.51
0.0,0.0,0.0,1.0,1013.9,17.0,176.0,105.0,-103.76144572438493,44.0,-0.9882042449941422,-0.15314166701312007,7.4
0.0,0.0,0.0,1.0,843.79,25.0,170.0,29.0,-28.730076994685266,44.0,-0.9906923101615609,-0.13612033862266704,14.0
0.0,0.0,0.0,1.0,643.1433333333333,25.0,165.0,90.0,-89.35984921821266,42.0,-0.9928872135356962,-0.11905873003404988,14.42
0.0,0.0,0.0,1.0,1343.7733333333333,17.0,186.0,107.0,-106.44234870019798,45.0,-0.994788305609327,-0.10196189005174576,10.11
0.0,0.0,0.0,1.0,1430.9366666666665,0.0,216.0,96.0,-95.65392228659742,46.0,-0.9963950238187231,-0.08483487790576538,8.2
0.0,0.0,0.0,1.0,1446.32,0.0,216.0,84.0,-83.80737898764981,50.0,-0.9977068927101168,-0.06768276175455162,14.8
0.0,0.0,0.0,1.0,976.68,0.0,224.0,102.0,-101.86979945620051,47.0,-0.9987235240803972,-0.050510617185222886,13.03
0.0,0.0,0.0,1.0,1221.6899999999998,7.0,244.0,101.0,-100.94390632629057,45.0,-0.9994446170919858,-0.033323525711631344,11.7
0.0,0.0,0.0,1.0,1343.0466666666669,22.0,254.0,96.0,-95.99994451437048,43.0,-0.9999994220246925,0.001075151282798226,8.74
0.0,0.0,0.0,1.0,1092.0933333333335,39.0,215.0,96.0,-95.98396509793008,45.0,-0.999832969770105,0.018276557681691223,12.56
0.0,0.0,0.0,1.0,787.0099999999999,12.0,293.0,98.0,-97.9383237836917,48.0,-0.9993706508539969,0.03547255575312556,5.27
0.0,0.0,0.0,1.0,1182.9033333333334,0.0,318.0,100.0,-99.86126020839734,43.0,-0.9986126020839734,0.052658056924614005,9.51
0.0,0.0,0.0,1.0,1310.36,0.0,436.0,82.0,-81.79984191786663,44.0,-0.9975590477788613,0.06982797572987089,6.16
0.0,0.0,0.0,1.0,1442.8,5.0,433.0,74.0,-73.71956217797239,43.0,-0.9962102997023297,0.0869772313136861,15.51
0.0,0.0,0.0,1.0,910.3700000000002,24.0,413.0,86.0,-85.174169523032,42.0,-0.9903973200352558,0.1382503109109819,14.64
0.0,0.0,0.0,1.0,1117.8966666666668,19.0,447.0,84.0,-82.7446764330061,42.0,-0.9850556718215013,0.172236243027682,9.82
0.0,0.0,0.0,1.0,1124.1433333333337,20.0,467.0,95.0,-93.28498306773137,46.0,-0.981947190186646,0.18915526872004093,12.29
0.0,0.0,0.0,1.0,1200.4100000000003,38.0,429.0,98.0,-95.8977171888599,42.0,-0.9785481345802031,0.20601832032517084,16.44
0.0,0.0,0.0,1.0,734.1833333333335,30.0,403.0,34.0,-33.145223368472024,51.0,-0.9748595108374125,0.22282040779479959,16.65
0.0,0.0,0.0,1.0,1126.206666666667,0.0,406.0,106.0,-102.91353551102665,49.0,-0.9708824104813836,0.23955655912092708,14.96
0.0,0.0,0.0,1.0,1115.4500000000003,8.0,421.0,75.0,-72.1550679373609,43.0,-0.9620675724981452,0.27281126433401914,8.89
0.0,0.0,0.0,1.0,1253.7966666666669,27.0,394.0,95.0,-90.93708211571465,47.0,-0.957232443323312,0.28931997761869527,12.56
0.0,0.0,0.0,1.0,944.6333333333336,32.0,387.0,97.0,-92.35506320580669,46.0,-0.9521140536681102,0.3057430764672831,15.39
0.0,0.0,0.0,1.0,676.3133333333335,0.0,424.0,28.0,-26.348941772863352,42.0,-0.9410336347451197,0.3383130181923076,11.71
0.0,0.0,0.0,1.0,1370.9533333333336,90.0,336.0,82.0,-76.6761405168277,43.0,-0.9350748843515574,0.3544502230989869,16.78
0.0,0.0,0.0,1.0,1845.86,25.0,313.0,95.0,-88.23974587430165,50.0,-0.9288394302558068,0.3704825404820963,13.16
0.0,0.0,0.0,1.0,2243.5433333333335,118.0,226.0,81.0,-74.70865852795342,45.0,-0.9223291176290545,0.3864052261209853,10.14
0.0,0.0,0.0,1.0,1999.89,2.0,330.0,91.0,-83.31467444095675,42.0,-0.9155458729775467,0.40221356823680365,5.93
0.0,0.0,0.0,1.0,1506.2833333333335,4.0,326.0,113.0,-102.65956250369342,43.0,-0.9084917035725082,0.41790288888678667,13.16
0.0,0.0,0.0,1.0,2295.0366666666664,53.0,274.0,97.0,-87.41336359504722,45.0,-0.9011686968561569,0.4334685453485363,13.08
0.0,0.0,0.0,1.0,1854.323333333333,40.0,260.0,33.0,-29.488107654191843,41.0,-0.8935790198239952,0.4489059314938798,11.0
0.0,0.0,0.0,1.0,1962.7766666666666,0.0,275.0,106.0,-93.02652396912295,47.0,-0.8776087166898392,0.4793776594606945,17.72
0.0,0.0,0.0,1.0,1104.55,4.0,314.0,81.0,-70.40785813305581,44.0,-0.8692328164574792,0.49440298420761813,14.65
0.0,0.0,0.0,1.0,1198.2366666666667,3.0,313.0,95.0,-81.75697114376122,48.0,-0.8605996962501181,0.5092820071573356,17.01
0.0,0.0,0.0,1.0,974.7333333333332,23.0,322.0,84.0,-71.54380050274119,44.0,-0.8517119107469189,0.5240103253675756,11.02
0.0,0.0,0.0,1.0,807.3299999999999,0.0,349.0,104.0,-87.62749735860673,45.0,-0.8425720899866032,0.5385835804920232,10.16
0.0,0.0,0.0,1.0,518.9733333333334,25.0,365.0,28.0,-23.329122280496996,45.0,-0.8331829385891785,0.5529974600700271,14.18
0.0,0.0,0.0,1.0,576.21,37.0,383.0,92.0,-74.85744040099512,42.0,-0.8136678304455991,0.5813300798152042,13.22
0.0,0.0,0.0,1.0,692.4966666666666,2.0,387.0,94.0,-75.53347896218769,48.0,-0.8035476485339116,0.5952404359043674,16.17
0.0,0.0,0.0,1.0,742.0266666666666,2.0,413.0,42.0,-31.950243836969236,50.0,-0.7607200913564104,0.6490800741100398,14.24
0.0,0.0,0.0,1.0,746.5500000000001,31.0,472.0,79.0,-59.20594461132344,47.0,-0.7494423368521954,0.6620696215153815,6.47
0.0,0.0,0.0,1.0,1813.71,106.0,388.0,89.0,-64.63401739976973,49.0,-0.7262249146041543,0.6874571793269664,10.12
0.0,0.0,0.0,1.0,1846.9099999999999,0.0,412.0,72.0,-50.554652357138245,41.0,-0.7021479494046978,0.7120310787787131,10.99
0.0,0.0,0.0,1.0,1896.6233333333337,1.0,429.0,90.0,-62.08164041990298,47.0,-0.6897960046655887,0.7240037789593305,15.49
0.0,0.0,0.0,1.0,605.6433333333333,26.0,403.0,36.0,-24.380637774874167,50.0,-0.6772399381909491,0.7357622347736527,14.78
0.0,0.0,0.0,1.0,709.8100000000001,15.0,391.0,82.0,-52.34752565232247,46.0,-0.6383844591746642,0.7697176640069211,14.9
0.0,0.0,0.0,1.0,663.5266666666666,43.0,386.0,91.0,-55.64921869771859,44.0,-0.6115298757991053,0.7912213413483807,13.56
0.0,0.0,0.0,1.0,852.0533333333333,2.0,395.0,88.0,-52.60896444838805,47.0,-0.5978291414589552,0.801623551065242,15.86
0.0,0.0,0.0,1.0,1118.34,32.0,364.0,105.0,-58.346607109985136,42.0,-0.5556819724760489,0.8313949395234058,15.14
0.0,0.0,0.0,1.0,969.7199999999999,27.0,337.0,34.0,-16.394998828475988,52.0,-0.4822058478963526,0.8760579434344281,14.35
0.0,0.0,0.0,1.0,1295.32,41.0,298.0,86.0,-40.16758353945901,44.0,-0.46706492487743034,0.8842230238742036,12.0
0.0,0.0,0.0,1.0,1001.42,55.0,244.0,85.0,-37.09170194889035,45.0,-0.4363729641045924,0.8997658785476209,13.12
0.0,0.0,0.0,1.0,1014.9,6.0,272.0,87.0,-36.61229774782204,43.0,-0.42083100859565564,0.9071390534005044,7.07
0.0,0.0,0.0,1.0,620.3033333333334,28.0,244.0,75.0,-29.203360615890112,46.0,-0.3893781415452015,0.9210779895789526,14.39
0.0,0.0,0.0,1.0,497.63666666666677,90.0,163.0,37.0,-13.818631884283617,43.0,-0.37347653741307074,0.9276396261490467,15.3
0.0,0.0,0.0,1.0,822.9933333333335,22.0,144.0,97.0,-33.110611881768506,47.0,-0.34134651424503615,0.9399375283564133,12.63
0.0,0.0,0.0,1.0,757.9500000000002,24.0,141.0,84.0,-25.940248426365315,41.0,-0.30881248126625377,0.9511229423235357,10.24
0.0,0.0,0.0,1.0,1139.6033333333332,18.0,123.0,88.0,-25.731725971694807,50.0,-0.29240597695107734,0.9562942772197719,10.77
0.0,0.0,0.0,1.0,1517.9533333333336,0.0,157.0,89.0,-24.55625210526348,43.0,-0.27591294500296043,0.9611826292540837,9.35
0.0,0.0,0.0,1.0,1688.1200000000001,3.0,160.0,101.0,-24.511371302842136,53.0,-0.2426868445825954,0.9701046827361175,14.55
0.0,0.0,0.0,1.0,1369.8700000000001,38.0,158.0,82.0,-14.38383269195083,46.0,-0.17541259380427843,0.9844950085880858,10.16
0.0,0.0,0.0,1.0,740.1233333333333,11.0,167.0,77.0,-12.200786671984396,45.0,-0.15845177496083632,0.9873667175937016,12.45
0.0,0.0,0.0,1.0,488.48,1.0,182.0,30.0,-4.243322030638261,48.0,-0.14144406768794202,0.9899462489023779,14.37
0.0,0.0,0.0,1.0,487.59,0.0,192.0,82.0,-7.3955803501683,45.0,-0.09019000427034513,0.9959245770286599,10.34
0.0,0.0,0.0,1.0,1388.9566666666667,2.0,205.0,90.0,-6.574066938994268,46.0,-0.07304518821104743,0.9973286321364752,10.57
0.0,0.0,0.0,1.0,1524.6866666666665,1.0,219.0,89.0,-4.973209364578209,45.0,-0.05587875690537313,0.9984375616565666,12.12
0.0,0.0,0.0,1.0,1530.62,34.0,226.0,82.0,-3.173054794475205,49.0,-0.03869579017652689,0.9992510374388481,10.28
0.0,0.0,0.0,1.0,827.1366666666667,0.0,272.0,99.0,-0.4257586775952154,45.0,-0.004300592702981974,0.9999907524084426,11.94
0.0,0.0,0.0,1.0,923.1300000000001,9.0,271.0,82.0,1.4105291842973615,51.0,0.017201575418260506,0.9998520419557735,17.39
0.0,0.0,0.0,1.0,1145.5633333333335,3.0,268.0,97.0,3.3366118795199773,47.0,0.03439806061360801,0.9994082116062598,18.67
0.0,0.0,0.0,1.0,1016.2866666666667,21.0,259.0,87.0,4.487839917638528,42.0,0.051584366869408364,0.9986686402879997,15.16
0.0,0.0,0.0,1.0,1002.0266666666666,0.0,259.0,87.0,5.981720537859129,50.0,0.06875540848113941,0.9976335468520451,15.68
0.0,0.0,0.0,1.0,698.84,34.0,226.0,34.0,2.9208075448853124,45.0,0.08590610426133272,0.9963032375991965,14.53
0.0,0.0,0.0,1.0,715.2266666666666,6.0,223.0,79.0,8.139478944411124,48.0,0.10303137904317879,0.9946781061893646,16.03
0.0,0.0,0.0,1.0,1314.64,36.0,187.0,83.0,9.970471710135092,46.0,0.1201261651823505,0.9927586335250793,15.72
0.0,0.0,0.0,1.0,1507.11,20.0,167.0,82.0,11.249203132641247,43.0,0.13718540405660057,0.9905453876091833,16.66
0.0,0.0,0.0,1.0,1482.17,16.0,151.0,77.0,13.180633589985389,42.0,0.17117705961019986,0.985240282501282,16.21
0.0,0.0,0.0,1.0,997.39,10.0,141.0,101.0,18.998041178791556,46.0,0.18809941761179758,0.9821499931752291,18.99
0.0,0.0,0.0,1.0,798.7400000000001,15.0,126.0,29.0,5.944017305115365,43.0,0.20496611396949532,0.9787690698649216,16.45
0.0,0.0,0.0,1.0,787.1,15.0,111.0,81.0,19.319518590720197,47.0,0.23851257519407648,0.9711394088771653,14.07
0.0,0.0,0.0,1.0,611.14,41.0,79.0,69.0,17.607586505512725,47.0,0.2551824131233728,0.9668929289391521,16.75
0.0,0.0,0.0,1.0,982.5266666666666,46.0,33.0,102.0,27.721227324055842,51.0,0.2717767384711357,0.9623603298276545,19.98
0.0,0.0,0.0,1.0,1003.9666666666666,8.0,25.0,96.0,27.6759015081137,46.0,0.2882906407095177,0.9575429528116719,12.88
0.0,0.0,0.0,1.0,1119.32,0.0,25.0,105.0,37.111690483779206,46.0,0.3534446712740877,0.9354554315134164,15.8
0.0,0.0,0.0,1.0,904.0233333333334,12.0,19.0,97.0,35.83991729439616,47.0,0.3694836834473831,0.9292372181882051,12.1
0.0,0.0,0.0,1.0,1022.8366666666667,0.0,19.0,97.0,38.919211588407585,47.0,0.4012289854475009,0.9159777842484877,17.96
0.0,0.0,0.0,1.0,930.1899999999999,1.0,18.0,76.0,31.686366980983383,43.0,0.4169258813287287,0.908940487313808,16.58
0.0,0.0,0.0,1.0,1906.5266666666666,3.0,15.0,32.0,13.839980868287322,46.0,0.4324994021339788,0.901634220265486,18.5
0.0,0.0,0.0,1.0,1854.0433333333333,0.0,15.0,96.0,44.4727605664792,46.0,0.4632579225674917,0.88622350294858,15.97
0.0,0.0,0.0,1.0,1877.0866666666668,0.0,18.0,80.0,39.47745133417899,46.0,0.49346814167723735,0.8697638720650646,16.81
0.0,0.0,0.0,1.0,1088.8999999999999,0.0,22.0,94.0,49.17086451481847,46.0,0.5230943033491326,0.8522748088519838,13.69
0.0,0.0,0.0,1.0,854.1966666666667,0.0,22.0,42.0,22.582449823105794,45.0,0.5376773767406141,0.8431506618282,11.31
0.0,0.0,0.0,1.0,890.0766666666667,0.0,22.0,70.0,38.64709399221446,43.0,0.5521013427459208,0.8337770129585915,11.39
0.0,0.0,0.0,1.0,631.99,0.0,22.0,88.0,49.83985011116781,45.0,0.5663619330814524,0.8241566360566663,9.83
0.0,0.0,0.0,1.0,768.8133333333334,9.0,13.0,83.0,48.177759008155135,47.0,0.580454927809098,0.8142923779467267,12.81
0.0,0.0,0.0,1.0,553.65,0.0,19.0,63.0,37.44569786485393,41.0,0.5943761565849831,0.804187157621448,8.98
0.0,0.0,0.0,1.0,602.86,0.0,35.0,97.0,58.987785489673556,42.0,0.6081214998935418,0.7938439653781019,11.48
0.0,0.0,0.0,1.0,615.32,0.0,40.0,89.0,55.33013323372276,47.0,0.6216868902665479,0.7832658619336791,12.83
0.0,0.0,0.0,1.0,603.41,6.0,38.0,29.0,18.41698109111557,51.0,0.6350683134867438,0.7724559775191742,16.03
0.0,0.0,0.0,1.0,677.7533333333333,0.0,46.0,92.0,59.64008649936552,39.0,0.6482618097757122,0.7614175109532997,16.64
0.0,0.0,0.0,1.0,766.4033333333333,0.0,46.0,90.0,59.51371274690748,47.0,0.6612634749656386,0.7501537286959042,17.07
0.0,0.0,0.0,1.0,1026.993333333333,0.0,46.0,99.0,66.732876703807,49.0,0.6740694616546161,0.7386679638813748,16.14
0.0,0.0,0.0,1.0,1818.3166666666668,0.0,67.0,80.0,55.9263440452445,48.0,0.6990793005655562,0.7150441465537444,11.79
0.0,0.0,0.0,1.0,1833.17,3.0,64.0,33.0,23.86763693964338,47.0,0.7232617254437388,0.6905740195722293,16.73
0.0,0.0,0.0,1.0,1706.6633333333332,4.0,60.0,74.0,54.39249188583766,50.0,0.7350336741329413,0.6780306024735382,13.96
0.0,0.0,0.0,1.0,896.4633333333335,0.0,60.0,87.0,65.93918159226921,46.0,0.7579216274973472,0.6523456189565257,15.07
0.0,0.0,0.0,1.0,813.2100000000002,0.0,60.0,87.0,66.90568475552588,51.0,0.7690308592589181,0.6392116531380588,13.66
0.0,0.0,0.0,1.0,804.9233333333335,0.0,84.0,99.0,77.21133971925505,44.0,0.7799125224167177,0.6258885343075018,11.02
0.0,0.0,0.0,1.0,1906.8400000000001,0.0,84.0,81.0,64.0356351498354,45.0,0.7905633969115482,0.612380204990065,14.72
0.0,0.0,0.0,1.0,2360.4733333333334,6.0,78.0,30.0,24.029409929348713,49.0,0.8009803309782905,0.5986906625177214,14.23
0.0,0.0,0.0,1.0,2454.686666666667,16.0,62.0,100.0,81.11602420785621,46.0,0.8111602420785621,0.5848239578463322,14.75
0.0,0.0,0.0,1.0,2460.8733333333334,5.0,66.0,96.0,78.82561131003736,43.0,0.8211001178128892,0.5707841943569036,12.89
0.0,0.0,0.0,1.0,2100.7999999999997,4.0,62.0,99.0,82.24890466440034,50.0,0.8307970168121247,0.5565755266413303,16.28
0.0,0.0,0.0,1.0,2038.4033333333334,8.0,54.0,82.0,69.6549393174814,52.0,0.8494504794814806,0.527668345562516,13.93
0.0,0.0,0.0,1.0,957.5233333333334,0.0,59.0,99.0,84.98175080589728,45.0,0.8584015232918917,0.512978386299228,14.46
0.0,0.0,0.0,1.0,715.7366666666667,0.0,59.0,39.0,33.81684353896712,46.0,0.8670985522812081,0.4981366284784055,14.59
0.0,0.0,0.0,1.0,763.3533333333334,21.0,51.0,103.0,90.18051626443892,46.0,0.8755389928586302,0.4831474640149687,13.78
0.0,0.0,0.0,1.0,894.0533333333333,0.0,51.0,90.0,79.53483126257979,48.0,0.8837203473619977,0.4680153284438345,21.57
0.0,0.0,0.0,1.0,1192.0433333333333,0.0,51.0,98.0,88.13102677219648,49.0,0.8992961915530253,0.4373400963303323,18.81
0.0,0.0,0.0,1.0,1119.9466666666667,0.0,67.0,88.0,79.78837434460627,45.0,0.9066860720977985,0.4218060770826634,12.22
0.0,0.0,0.0,1.0,1094.94,0.0,67.0,91.0,83.1564961178462,50.0,0.9138076496466615,0.4061472386305789,19.87
0.0,0.0,0.0,1.0,826.1533333333333,24.0,43.0,41.0,37.74701148921995,47.0,0.9206588168102428,0.3903682146763026,17.15
0.0,0.0,0.0,1.0,911.3866666666667,0.0,50.0,92.0,86.44043870768172,44.0,0.9395699859530622,0.342356891994542,16.2
0.0,0.0,0.0,1.0,871.4233333333333,0.0,50.0,87.0,82.71876240424474,46.0,0.9507903724625832,0.3098349038318025,19.97
0.0,0.0,0.0,1.0,878.9233333333332,0.0,55.0,35.0,33.63098989451242,50.0,0.9608854255574977,0.27694620226893646,20.14
0.0,0.0,0.0,1.0,2105.313333333333,9.0,55.0,89.0,86.31604453008917,47.0,0.969843196967294,0.24372971360968387,18.92
0.0,0.0,0.0,1.0,2038.3933333333332,0.0,55.0,68.0,66.22467204221948,49.0,0.9738922359149924,0.22701082094141847,20.09
0.0,0.0,0.0,1.0,2413.96,0.0,70.0,64.0,62.99557404793811,47.0,0.984305844499033,0.17647097349152166,21.36
0.0,0.0,0.0,1.0,1004.1533333333333,5.0,65.0,37.0,36.52624412976731,48.0,0.9871957872910085,0.15951325197263655,17.43
0.0,0.0,0.0,1.0,1186.0900000000001,0.0,81.0,63.0,62.356996986925516,49.0,0.9897936029670716,0.14250832791617088,21.63
0.0,0.0,0.0,1.0,869.4866666666667,13.0,92.0,72.0,71.43109364100737,43.0,0.992098522791769,0.12546123335273648,14.62
0.0,0.0,0.0,1.0,1097.1966666666667,0.0,96.0,89.0,88.47577795849952,48.0,0.9941098647022418,0.10837701279187609,18.06
0.0,0.0,0.0,1.0,1159.1166666666666,0.0,96.0,78.0,77.67450861378464,45.0,0.9958270335100595,0.09126072172931188,15.94
0.0,0.0,0.0,1.0,1386.1733333333332,16.0,80.0,100.0,99.72495210773451,41.0,0.9972495210773451,0.07411742515094437,21.34
0.0,0.0,0.0,1.0,1238.5566666666666,0.0,103.0,85.0,84.86203704970707,47.0,0.998376906467142,0.056952196034039754,11.69
0.0,0.0,0.0,1.0,841.8766666666667,0.0,103.0,41.0,40.96756309878699,47.0,0.9992088560679753,0.03977011384605572,18.1
0.0,0.0,0.0,1.0,808.4566666666666,7.0,96.0,88.0,87.97757088494646,45.0,0.9997451236925734,0.022576263041545485,21.12
0.0,0.0,0.0,1.0,1103.5833333333333,0.0,103.0,89.0,88.99871400791396,43.0,0.9999855506507186,0.005375731557583884,27.24
0.0,0.0,0.0,1.0,1283.2,5.0,98.0,79.0,78.99447519790024,42.0,0.9999300657962057,-0.011826390691832589,20.16
0.0,0.0,0.0,1.0,1517.4133333333332,9.0,89.0,68.0,67.92734294417032,52.0,0.9989315138848577,-0.046215046983708354,24.37
0.0,0.0,0.0,1.0,1418.0400000000002,0.0,101.0,84.0,83.59827863299327,49.0,0.9952176027737294,-0.09768276782171598,21.94
0.0,0.0,0.0,1.0,1583.3666666666668,15.0,86.0,93.0,92.38527509880811,48.0,0.9933900548258936,-0.11478762552212701,23.99
0.0,0.0,0.0,1.0,1576.57,0.0,105.0,97.0,96.15304903753638,45.0,0.9912685467787256,-0.13185851571739118,19.84
0.0,0.0,0.0,1.0,1493.9433333333334,16.0,92.0,34.0,33.62102601830001,46.0,0.9888537064205885,-0.1488903868564548,22.85
0.0,0.0,0.0,1.0,2252.233333333333,24.0,85.0,36.0,35.50126494029742,40.0,0.986146248341595,-0.16587819893463143,22.28
0.0,0.0,0.0,1.0,1685.08,4.0,100.0,15.0,14.697851551437997,46.0,0.9798567700958665,-0.1997015525660636,23.8
0.0,0.0,0.0,1.0,1486.8999999999999,0.0,122.0,45.0,43.93244749891194,42.0,0.9762766110869321,-0.21652708524481437,14.84
0.0,0.0,0.0,1.0,325.98,0.0,154.0,28.0,27.22741157141591,45.0,0.9724075561219968,-0.23328854407545518,18.21
0.0,0.0,0.0,1.0,398.09,23.0,131.0,33.0,31.649603371125732,48.0,0.9590788900341131,-0.28313898122818354,19.85
0.0,0.0,0.0,1.0,1086.4566666666667,0.0,143.0,12.0,11.385262637279368,41.0,0.9487718864399473,-0.31596187665790293,25.25
0.0,0.0,0.0,1.0,1338.0166666666667,0.0,157.0,88.0,83.00128900417963,43.0,0.9431964659565866,-0.33223549871590435,19.14
0.0,0.0,0.0,1.0,1628.3666666666668,7.0,170.0,72.0,67.48861956943516,48.0,0.9373419384643772,-0.3484108069446808,27.22
0.0,0.0,0.0,1.0,1462.6166666666668,0.0,170.0,107.0,98.95387545315045,50.0,0.9248025743285089,-0.38044736628785164,26.61
0.0,0.0,0.0,1.0,1533.6933333333334,0.0,186.0,102.0,93.64838772501251,46.0,0.9181214482844364,-0.39629913726891813,19.16
0.0,0.0,0.0,1.0,1492.243333333333,12.0,174.0,82.0,74.71582809727838,46.0,0.9111686353326631,-0.41203363695942635,22.32
0.0,0.0,0.0,1.0,959.8466666666667,0.0,201.0,34.0,30.734170559361637,47.0,0.9039461929224011,-0.42764620926777464,17.0
0.0,0.0,0.0,1.0,954.87,19.0,223.0,103.0,89.85761785091101,43.0,0.8724040568049612,-0.48878539428899265,19.49
0.0,0.0,0.0,1.0,1630.92,3.0,240.0,85.0,73.42870339661746,43.0,0.8638670987837349,-0.503719798736334,30.24
0.0,0.0,0.0,1.0,1993.7,17.0,230.0,87.0,74.39148224730332,46.0,0.8550745085896932,-0.518505144391157,25.6
0.0,0.0,0.0,1.0,1842.6566666666668,19.0,251.0,54.0,45.68555995695363,45.0,0.8460288880917339,-0.533137056031809,23.69
0.0,0.0,0.0,1.0,1369.3500000000001,22.0,246.0,93.0,77.81616100520776,41.0,0.8367329140344921,-0.5476112038402312,31.09
0.0,0.0,0.0,1.0,1571.9466666666667,32.0,214.0,99.0,80.92269720066697,47.0,0.8174009818249189,-0.5760691233798758,30.64
0.0,0.0,0.0,1.0,2041.4333333333334,0.0,224.0,119.0,93.60499136430565,47.0,0.7865965660866021,-0.6174672802835514,28.09
0.0,0.0,0.0,1.0,2066.5533333333333,12.0,232.0,118.0,90.25718407122645,43.0,0.7648913904341225,-0.6441592666722685,24.92
0.0,0.0,0.0,1.0,1904.9099999999999,14.0,253.0,104.0,78.38455709686305,46.0,0.753697664392914,-0.6572212950663319,23.03
0.0,0.0,0.0,1.0,1867.4566666666667,20.0,233.0,107.0,78.17896117027861,43.0,0.7306444969184916,-0.6827580970759147,30.59
0.0,0.0,0.0,1.0,1999.08,0.0,240.0,116.0,83.37985776545709,43.0,0.7187918772884232,-0.6952253139408722,30.91
0.0,0.0,0.0,1.0,2010.8866666666665,16.0,280.0,98.0,69.25920244660635,49.0,0.7067265555776158,-0.7074868024503348,24.8
0.0,0.0,0.0,1.0,2135.7166666666667,0.0,283.0,104.0,69.6062005122907,49.0,0.6692903895412567,-0.7430009249440493,34.87
0.0,0.0,0.0,1.0,2753.773333333333,27.0,271.0,126.0,82.7077326009402,43.0,0.6564105761979381,-0.7544038410927472,24.56
0.0,0.0,0.0,1.0,2858.2233333333334,41.0,230.0,107.0,67.41771373532745,42.0,0.6300720909843687,-0.7765366444428655,28.13
0.0,0.0,0.0,1.0,2392.213333333333,20.0,272.0,85.0,52.41280311312925,46.0,0.6166212130956382,-0.7872599821916922,10.85
0.0,0.0,0.0,1.0,1935.3866666666672,7.0,270.0,115.0,66.1468454818774,46.0,0.5751899607119775,-0.8180198708443174,35.3
0.0,0.0,0.0,1.0,2519.890000000001,40.0,268.0,86.0,47.01716946669907,43.0,0.5467112728685939,-0.8373211953118121,23.16
0.0,0.0,0.0,1.0,2279.4966666666674,17.0,281.0,31.0,15.586512313158435,47.0,0.5027907197793043,-0.8644081744776648,18.29
0.0,0.0,0.0,1.0,1739.176666666667,0.0,313.0,109.0,53.175338853212,42.0,0.4878471454423119,-0.8729290708206411,16.34
0.0,0.0,0.0,1.0,1136.9433333333336,10.0,321.0,90.0,42.548328835764984,48.0,0.47275920928627757,-0.881191653407483,31.79
0.0,0.0,0.0,1.0,1626.0666666666668,20.0,301.0,108.0,47.75416041244378,51.0,0.44216815196707204,-0.8969321743510065,24.47
0.0,0.0,0.0,1.0,1787.92,35.0,284.0,105.0,43.16064424213869,36.0,0.4110537546870351,-0.9116111071930239,25.8
0.0,0.0,0.0,1.0,1518.2766666666669,0.0,295.0,49.0,19.370277649480837,48.0,0.3953117887649151,-0.9185469991587165,32.63
0.0,0.0,0.0,1.0,1091.4433333333336,7.0,366.0,107.0,37.17210186671768,41.0,0.3474028211842774,-0.9377159910299093,8.38
0.0,0.0,0.0,1.0,1115.7800000000004,56.0,339.0,117.0,36.848169625287376,45.0,0.31494162072895193,-0.9491110448902284,22.16
0.0,0.0,0.0,1.0,1504.9366666666672,3.0,336.0,104.0,31.0511570058269,50.0,0.2985688173637202,-0.9543881083175908,31.54
0.0,0.0,0.0,1.0,1566.7500000000007,15.0,321.0,46.0,12.976952483368292,44.0,0.2821076626819194,-0.9593827529490743,24.87
0.0,0.0,0.0,1.0,1640.9333333333336,0.0,321.0,93.0,24.6973615857772,48.0,0.26556302780405594,-0.9640935007889755,29.94
0.0,0.0,0.0,1.0,1668.986666666667,62.0,278.0,122.0,30.37065664355952,45.0,0.24893980855376657,-0.9685189578512204,25.93
0.0,0.0,0.0,1.0,1674.2166666666672,5.0,277.0,46.0,7.581620946231104,50.0,0.16481784665719793,-0.9863240225317866,24.28
0.0,0.0,0.0,1.0,1471.206666666667,38.0,239.0,78.0,11.530516410701377,43.0,0.14782713347053048,-0.9890132145779883,26.08
0.0,0.0,0.0,1.0,1156.5000000000002,30.0,238.0,98.0,11.144512429423068,44.0,0.11371951458594969,-0.9935128947338007,22.29
0.0,0.0,0.0,1.0,1480.5366666666669,32.0,206.0,102.0,9.854495591882717,48.0,0.0966127018812031,-0.9953220513156602,25.13
0.0,0.0,0.0,1.0,1671.2266666666667,18.0,188.0,51.0,2.302191906472568,51.0,0.04514101777397193,-0.9989806246941579,29.22
0.0,0.0,0.0,1.0,1898.5733333333337,0.0,188.0,121.0,3.3819860870654486,47.0,0.02795029824021032,-0.999609314096404,25.33
0.0,0.0,0.0,1.0,1721.636666666667,18.0,189.0,81.0,0.8708559288452763,48.0,0.01075130776352193,-0.9999422030204416,22.33
0.0,0.0,0.0,1.0,1386.1166666666668,11.0,198.0,75.0,-1.773834543392369,42.0,-0.023651127245231586,-0.9997202729664083,18.28
0.0,0.0,0.0,1.0,1099.1866666666667,78.0,120.0,91.0,-5.280326808919011,43.0,-0.05802556932878035,-0.9983150972033183,20.58
0.0,0.0,0.0,1.0,1293.0033333333336,29.0,101.0,73.0,-9.23653062922387,44.0,-0.12652781683868314,-0.9919630595773397,22.53
0.0,0.0,0.0,1.0,1354.7733333333335,0.0,123.0,92.0,-13.208662953886641,45.0,-0.1435724234118113,-0.9896398128792412,17.77
0.0,0.0,0.0,1.0,1373.5800000000002,0.0,167.0,75.0,-13.314686189027622,41.0,-0.17752914918703497,-0.984115542601034,17.19
0.0,0.0,0.0,1.0,1159.7533333333333,0.0,169.0,76.0,-17.332390612835503,41.0,-0.2280577712215198,-0.9736476020539838,23.68
0.0,0.0,0.0,1.0,1117.4633333333334,19.0,171.0,79.0,-21.960352012503627,45.0,-0.2779791393987801,-0.9605871111248129,17.95
0.0,0.0,0.0,1.0,1089.0633333333333,4.0,167.0,95.0,-27.973854069746114,52.0,-0.2944616217868012,-0.9556633054034704,17.48
0.0,0.0,0.0,1.0,902.2133333333335,0.0,167.0,38.0,-11.812564793253138,50.0,-0.3108569682435036,-0.9504567035349151,22.39
0.0,0.0,0.0,1.0,1034.746666666667,29.0,138.0,103.0,-33.69751369357579,45.0,-0.3271603271220951,-0.9449688462364056,19.04
0.0,0.0,0.0,1.0,1024.4600000000003,0.0,138.0,83.0,-28.499450541700206,50.0,-0.34336687399638804,-0.939201357453208,19.63
0.0,0.0,0.0,1.0,1111.0433333333333,0.0,159.0,93.0,-33.43087861722336,41.0,-0.3594718130884232,-0.9331559438780432,14.3
0.0,0.0,0.0,1.0,1303.2233333333336,0.0,159.0,98.0,-38.35306798298054,48.0,-0.3913578365610259,-0.9202385798054075,21.0
0.0,0.0,0.0,1.0,1033.7966666666669,19.0,140.0,26.0,-10.992297107549609,50.0,-0.4227806579826773,-0.9062320427107697,18.96
0.0,0.0,0.0,1.0,2268.816666666667,20.0,121.0,103.0,-45.14559247028948,45.0,-0.4383067230125192,-0.898825465016444,21.15
0.0,0.0,0.0,1.0,2154.3433333333337,0.0,121.0,98.0,-45.95858871874792,50.0,-0.46896519100763184,-0.8832166493127127,22.84
0.0,0.0,0.0,1.0,2429.786666666667,10.0,128.0,84.0,-43.16768410998206,43.0,-0.5139010013093103,-0.8578494977869301,21.87
0.0,0.0,0.0,1.0,1105.8033333333335,22.0,106.0,41.0,-21.671834462593097,49.0,-0.5285813283559292,-0.8488826652214553,20.8
0.0,0.0,0.0,1.0,1084.7333333333336,44.0,86.0,90.0,-48.87947157150885,43.0,-0.5431052396834317,-0.8396646346181327,17.26
0.0,0.0,0.0,1.0,1070.7266666666671,2.0,84.0,87.0,-48.499754056652655,41.0,-0.5574684374327892,-0.8301981337405212,20.2
0.0,0.0,0.0,1.0,1285.3200000000004,21.0,72.0,87.0,-50.95552936323952,42.0,-0.5856957398073508,-0.8105309990194823,22.23
0.0,0.0,0.0,1.0,1084.906666666667,0.0,72.0,69.0,-41.36905291485578,48.0,-0.5995514915196489,-0.8003361849976323,19.09
0.0,0.0,0.0,1.0,981.6200000000002,0.0,83.0,59.0,-36.18055975168526,47.0,-0.6132298262997502,-0.7899045386224707,20.76
0.0,0.0,0.0,1.0,619.5833333333336,0.0,160.0,26.0,-16.29489410921658,39.0,-0.6267266965083301,-0.7792391467859886,8.81
0.0,0.0,0.0,1.0,672.566666666667,0.0,161.0,96.0,-61.443658387617624,48.0,-0.6400381082043503,-0.7683431655492202,16.38
0.0,0.0,0.0,1.0,730.2033333333335,21.0,140.0,89.0,-58.13125088709677,46.0,-0.65316012232693,-0.7572198192083127,16.44
0.0,0.0,0.0,1.0,1091.8500000000004,0.0,150.0,101.0,-67.27497444195868,45.0,-0.666088855860977,-0.7458723993404063,18.27
0.0,0.0,0.0,1.0,984.2000000000003,0.0,188.0,81.0,-54.98445912188508,46.0,-0.6788204829862355,-0.734304263829602,13.7
0.0,0.0,0.0,1.0,1062.5266666666669,1.0,187.0,85.0,-58.7648550777996,49.0,-0.6913512362094071,-0.722518835873311,20.69
0.0,0.0,0.0,1.0,981.9933333333337,0.0,187.0,92.0,-66.94853576683097,48.0,-0.7277014757264236,-0.6858939875998223,15.75
0.0,0.0,0.0,1.0,1122.7500000000002,17.0,178.0,87.0,-66.30392238385593,45.0,-0.7621140503891487,-0.6474427960827475,20.06
0.0,0.0,0.0,1.0,1155.1900000000003,0.0,178.0,89.0,-68.80931097578363,44.0,-0.7731383255706026,-0.6342374393978054,22.64
0.0,0.0,0.0,1.0,1117.7900000000002,24.0,165.0,72.0,-56.44323480117024,42.0,-0.7839338166829201,-0.620844401650647,19.1
0.0,0.0,0.0,1.0,1084.9033333333336,0.0,182.0,89.0,-71.62949060264272,45.0,-0.8048257371083452,-0.593511190196115,18.21
0.0,0.0,0.0,1.0,926.7733333333337,9.0,184.0,73.0,-60.90901901717563,42.0,-0.8343701235229538,-0.5512045872199277,18.1
0.0,0.0,0.0,1.0,990.416666666667,0.0,198.0,89.0,-75.09181505360513,42.0,-0.8437282590292712,-0.5367705514607103,18.39
0.0,0.0,0.0,1.0,794.9300000000003,11.0,187.0,32.0,-27.57417012489127,50.0,-0.8616928164028522,-0.5074302810827518,21.22
0.0,0.0,0.0,1.0,872.9700000000003,77.0,116.0,88.0,-76.58586515963393,49.0,-0.8702939222685674,-0.49253272872205434,17.91
0.0,0.0,0.0,1.0,939.0800000000003,1.0,115.0,99.0,-86.98511192193901,52.0,-0.8786374941610001,-0.4774894280028391,17.96
0.0,0.0,0.0,1.0,1342.5533333333335,0.0,127.0,100.0,-88.6721063082993,48.0,-0.886721063082993,-0.46230483047981086,25.16
0.0,0.0,0.0,1.0,1256.4900000000005,10.0,139.0,79.0,-71.8416694088186,45.0,-0.9093882203647925,-0.4159483918249421,15.87
0.0,0.0,0.0,1.0,945.5466666666671,38.0,115.0,23.0,-21.077398643969953,44.0,-0.9164086366943458,-0.4002439388573056,22.04
0.0,0.0,0.0,1.0,825.8666666666671,0.0,115.0,81.0,-74.77578771014102,49.0,-0.9231578729647039,-0.38442104726885545,24.09
0.0,0.0,0.0,1.0,997.626666666667,0.0,116.0,95.0,-88.90431524682444,44.0,-0.9358348973349941,-0.35243871088460327,21.16
0.0,0.0,0.0,1.0,1166.8433333333337,8.0,137.0,92.0,-86.64182193715047,46.0,-0.9417589340994617,-0.33628873017668287,14.0
0.0,0.0,0.0,1.0,1186.616666666667,0.0,156.0,86.0,-81.47676887497407,46.0,-0.9474042892438845,-0.32003923622313857,24.42
0.0,0.0,0.0,1.0,2041.256666666667,11.0,183.0,42.0,-40.22979892796201,44.0,-0.9578523554276669,-0.28726097055059635,21.29
0.0,0.0,0.0,1.0,2065.51,17.0,200.0,83.0,-80.2748385732117,40.0,-0.9671667297977312,-0.2541427094613622,17.27
0.0,0.0,0.0,1.0,1912.2600000000002,11.0,198.0,63.0,-61.888154633356194,39.0,-0.9823516608469237,-0.18704334906991657,23.52
0.0,0.0,0.0,1.0,811.836666666667,14.0,190.0,39.0,-38.431526417386145,43.0,-0.9854237542919524,-0.17011767832049052,23.64
0.0,0.0,0.0,1.0,957.486666666667,0.0,190.0,94.0,-92.89119902944937,48.0,-0.9882042449941422,-0.15314166701312007,20.62
0.0,0.0,0.0,1.0,983.476666666667,6.0,213.0,82.0,-81.236769433248,42.0,-0.9906923101615609,-0.13612033862266704,19.44
0.0,0.0,0.0,1.0,1218.636666666667,0.0,213.0,89.0,-88.5361591992301,47.0,-0.994788305609327,-0.10196189005174576,21.72
0.0,0.0,0.0,1.0,1186.9933333333336,12.0,209.0,108.0,-107.6106625724221,35.0,-0.9963950238187231,-0.08483487790576538,19.65
0.0,0.0,0.0,1.0,1257.9300000000003,22.0,187.0,91.0,-90.79132723662063,48.0,-0.9977068927101168,-0.06768276175455162,19.81
0.0,0.0,0.0,1.0,1033.9900000000005,14.0,186.0,39.0,-38.95021743913549,44.0,-0.9987235240803972,-0.050510617185222886,25.36
0.0,0.0,0.0,1.0,1052.3800000000003,0.0,201.0,81.0,-80.95501398445086,44.0,-0.9994446170919858,-0.033323525711631344,24.83
0.0,0.0,0.0,1.0,1057.606666666667,1.0,245.0,90.0,-89.98829625256732,45.0,-0.9998699583618592,-0.016126573270657762,20.91
0.0,0.0,0.0,1.0,1657.8900000000003,29.0,231.0,92.0,-91.99994682627171,40.0,-0.9999994220246925,0.001075151282798226,29.21
0.0,0.0,0.0,1.0,1968.383333333334,19.0,232.0,109.0,-108.98179370494145,39.0,-0.999832969770105,0.018276557681691223,23.39
0.0,0.0,0.0,1.0,2051.9,38.0,272.0,86.0,-85.88068377922171,48.0,-0.9986126020839734,0.052658056924614005,11.58
0.0,0.0,0.0,1.0,1850.6066666666673,34.0,239.0,100.0,-99.45667569706337,46.0,-0.9945667569706337,0.1041007489354256,27.11
0.0,0.0,0.0,1.0,1459.7900000000002,9.0,259.0,90.0,-89.33660153410585,43.0,-0.9926289059345095,0.121193461470736,18.37
0.0,0.0,0.0,1.0,1120.9800000000002,6.0,289.0,32.0,-31.422310085972672,46.0,-0.981947190186646,0.18915526872004093,21.94
0.0,0.0,0.0,1.0,918.586666666667,0.0,334.0,82.0,-80.24094703557665,47.0,-0.9785481345802031,0.20601832032517084,22.26
0.0,0.0,0.0,1.0,1190.2733333333335,29.0,314.0,106.0,-101.9791626848034,38.0,-0.9620675724981452,0.27281126433401914,29.09
0.0,0.0,0.0,1.0,1394.0400000000002,0.0,350.0,89.0,-85.19368745577476,46.0,-0.957232443323312,0.28931997761869527,18.49
0.0,0.0,0.0,1.0,1240.136666666667,8.0,342.0,40.0,-38.08456214672441,53.0,-0.9521140536681102,0.3057430764672831,26.43
0.0,0.0,0.0,1.0,999.1566666666671,0.0,358.0,75.0,-70.1306163263668,46.0,-0.9350748843515574,0.3544502230989869,23.4
0.0,0.0,0.0,1.0,1119.0300000000004,13.0,354.0,93.0,-86.38206701379004,48.0,-0.9288394302558068,0.3704825404820963,22.9
0.0,0.0,0.0,1.0,1019.9800000000004,15.0,339.0,30.0,-27.254751107175245,49.0,-0.9084917035725082,0.41790288888678667,21.93
0.0,0.0,0.0,1.0,1227.9233333333339,45.0,313.0,92.0,-82.90752011076643,42.0,-0.9011686968561569,0.4334685453485363,30.03
0.0,0.0,0.0,1.0,1030.556666666667,15.0,336.0,81.0,-71.74371838906866,43.0,-0.8857249183835637,0.4642104791518923,16.06
0.0,0.0,0.0,1.0,1433.6400000000006,20.0,350.0,95.0,-83.37282808553472,48.0,-0.8776087166898392,0.4793776594606945,26.48
0.0,0.0,0.0,1.0,1409.2800000000004,78.0,272.0,93.0,-80.83865193054557,46.0,-0.8692328164574792,0.49440298420761813,27.63
0.0,0.0,0.0,1.0,1767.0333333333338,1.0,304.0,81.0,-69.70857539625956,47.0,-0.8605996962501181,0.5092820071573356,19.42
0.0,0.0,0.0,1.0,1401.9200000000003,29.0,339.0,75.0,-63.192906748995235,46.0,-0.8425720899866032,0.5385835804920232,11.41
0.0,0.0,0.0,1.0,1286.9300000000003,36.0,309.0,72.0,-59.98917157842085,48.0,-0.8331829385891785,0.5529974600700271,27.86
0.0,0.0,0.0,1.0,1092.5600000000004,45.0,305.0,79.0,-64.27975860520233,45.0,-0.8136678304455991,0.5813300798152042,18.61
0.0,0.0,0.0,1.0,1240.7933333333337,9.0,324.0,101.0,-81.15831250192507,42.0,-0.8035476485339116,0.5952404359043674,16.2
0.0,0.0,0.0,1.0,2292.1000000000004,36.0,294.0,88.0,-69.80069218717622,51.0,-0.7931896839451843,0.6089746507720486,27.61
0.0,0.0,0.0,1.0,2235.606666666667,0.0,331.0,34.0,-26.608298060104634,43.0,-0.7825970017677834,0.6225286602431057,15.09
0.0,0.0,0.0,1.0,2269.4000000000005,16.0,346.0,93.0,-69.69813732725417,48.0,-0.7494423368521954,0.6620696215153815,17.9
0.0,0.0,0.0,1.0,1103.9833333333338,9.0,395.0,77.0,-56.82159639334167,38.0,-0.7379428103031386,0.6748632518680403,21.75
0.0,0.0,0.0,1.0,1270.4800000000007,0.0,452.0,83.0,-60.2766679121448,44.0,-0.7262249146041543,0.6874571793269664,15.87
0.0,0.0,0.0,1.0,1358.513333333334,19.0,437.0,83.0,-57.25306838724386,44.0,-0.6897960046655887,0.7240037789593305,25.34
0.0,0.0,0.0,1.0,1873.643333333334,38.0,438.0,89.0,-60.27435449899447,40.0,-0.6772399381909491,0.7357622347736527,15.48
0.0,0.0,0.0,1.0,1791.0233333333338,34.0,408.0,72.0,-47.84280951764558,46.0,-0.6644834655228552,0.7473029667054296,28.75
0.0,0.0,0.0,1.0,1739.7633333333342,0.0,445.0,89.0,-56.81621686654512,46.0,-0.6383844591746642,0.7697176640069211,21.01
0.0,0.0,0.0,1.0,2036.2366666666674,33.0,548.0,119.0,-71.14166783361567,48.0,-0.5978291414589552,0.801623551065242,9.88
0.0,0.0,0.0,1.0,2180.543333333334,64.0,489.0,92.0,-53.72353798690838,48.0,-0.5839514998576998,0.8117885474764613,29.37
0.0,0.0,0.0,1.0,2198.4766666666674,6.0,494.0,85.0,-47.232967660464155,50.0,-0.5556819724760489,0.8313949395234058,21.65
0.0,0.0,0.0,1.0,1560.113333333334,41.0,456.0,87.0,-47.0929653330147,45.0,-0.5412984521036173,0.8408305333122887,26.64
0.0,0.0,0.0,1.0,1093.2266666666671,28.0,523.0,77.0,-40.560115966412674,47.0,-0.5267547528105542,0.8500173118187018,8.79
0.0,0.0,0.0,1.0,854.0966666666673,6.0,521.0,30.0,-15.36165534934394,49.0,-0.5120551783114646,0.8589525565270845,27.77
0.0,0.0,0.0,1.0,986.5066666666672,37.0,486.0,83.0,-41.267938511095835,43.0,-0.4972040784469378,0.8676336233547726,23.59
0.0,0.0,0.0,1.0,1227.0466666666673,31.0,456.0,87.0,-37.96444787709954,46.0,-0.4363729641045924,0.8997658785476209,20.1
0.0,0.0,0.0,1.0,1385.303333333334,58.0,399.0,72.0,-30.299832618887205,44.0,-0.42083100859565564,0.9071390534005044,22.17
0.0,0.0,0.0,1.0,1493.4000000000005,57.0,383.0,61.0,-23.752066634257293,48.0,-0.3893781415452015,0.9210779895789526,25.92
0.0,0.0,0.0,1.0,1688.1400000000006,4.0,389.0,81.0,-30.25159953045873,43.0,-0.37347653741307074,0.9276396261490467,17.72
0.0,0.0,0.0,1.0,1775.613333333334,39.0,353.0,88.0,-31.456868569707805,43.0,-0.3574644155648614,0.9339267592294762,22.86
0.0,0.0,0.0,1.0,1294.9633333333338,4.0,364.0,60.0,-20.480790854702168,45.0,-0.34134651424503615,0.9399375283564133,20.73
0.0,0.0,0.0,1.0,943.3066666666673,37.0,340.0,62.0,-20.157911385994375,47.0,-0.3251276029999093,0.9456701548465688,16.63
0.0,0.0,0.0,1.0,823.693333333334,136.0,257.0,82.0,-25.32262346383281,46.0,-0.30881248126625377,0.9511229423235357,17.4
0.0,0.0,0.0,1.0,950.8966666666673,5.0,264.0,31.0,-9.064585285483398,42.0,-0.29240597695107734,0.9562942772197719,21.13
0.0,0.0,0.0,1.0,1133.843333333334,11.0,296.0,106.0,-29.246772170313804,42.0,-0.27591294500296043,0.9611826292540837,18.72
0.0,0.0,0.0,1.0,1075.583333333334,3.0,297.0,58.0,-15.041619426573526,48.0,-0.2593382659754056,0.9657865518844574,19.34
0.0,0.0,0.0,1.0,1014.1666666666673,95.0,264.0,74.0,-15.478839417830372,46.0,-0.20917350564635637,0.9778785428342386,20.54
0.0,0.0,0.0,1.0,756.2466666666672,4.0,261.0,53.0,-9.296867471626756,44.0,-0.17541259380427843,0.9844950085880858,14.04
